# File generated by ImageToStl.com - Free Image and 3D model conversion tools

o obj1
v 0.01917838 0.01696718 -0.00128183
v 0.0192404 0.01711287 -0.00112349
v 0.01902132 0.01659826 -0.00147493
v 0.01910411 0.01679273 -0.00140097
v 0.01932586 0.01731361 -0.0005
v 0.01931604 0.01729054 -0.00072252
v 0.01928706 0.01722249 -0.00093388
v 0.01893416 0.01639351 -0.0015
v 0.01843378 0.01521811 2.507E-05
v 0.01834663 0.01501337 -0
v 0.01851657 0.01541258 9.903E-05
v 0.01859084 0.01558704 0.00021817
v 0.01865286 0.01573272 0.00037651
v 0.01869953 0.01584235 0.00056612
v 0.0187285 0.0159104 0.00077748
v 0.01873832 0.01593346 0.001
v 0.01932586 0.01731361 0.01335
v 0.01873832 0.01593346 0.01335
v 0.03463362 0.01025352 0.01535
v 0.03452339 0.0100586 0.01535
v 0.03332184 0.00972512 0.01535
v 0.03418867 0.0097653 0.01535
v 0.03375984 0.00964629 0.01535
v 0.03353639 0.00966102 0.01535
v 0.03398096 0.00968163 0.01535
v 0.03437255 0.0098931 0.01535
v 0.03274379 0.01162871 0.01535
v 0.03296723 0.01161397 0.01535
v 0.03373079 0.01202628 0.01535
v 0.03357995 0.01186078 0.01535
v 0.03252923 0.0116928 0.01535
v 0.03384102 0.0122212 0.01535
v 0.03339607 0.01173299 0.01535
v 0.03318835 0.01164931 0.01535
v 0.04078151 0.02469501 0.02046524
v 0.0428592 0.02957553 0.01535
v 0.04062722 0.02433258 0.02073713
v 0.0406979 0.02449861 0.02057727
v 0.03931776 0.02508615 0.02057727
v 0.03940136 0.02528256 0.02046524
v 0.03924708 0.02492013 0.02073713
v 0.04052871 0.02410119 0.02140025
v 0.0405401 0.02412792 0.02116094
v 0.03915995 0.02471546 0.02116094
v 0.03919344 0.02479412 0.02093553
v 0.03914857 0.02468873 0.02140025
v 0.04057358 0.02420658 0.02093553
v 0.03973703 0.02224149 0.02611068
v 0.03977051 0.02232015 0.02588528
v 0.03972564 0.02221476 0.02635
v 0.03835688 0.02282904 0.02611068
v 0.03839036 0.02290769 0.02588528
v 0.0383455 0.0228023 0.02635
v 0.03982415 0.02244615 0.02568688
v 0.03844401 0.02303369 0.02568688
v 0.04147905 0.03016306 0.01535
v 0.03949305 0.02549792 0.02040754
v 0.0408732 0.02491038 0.02040754
v 0.04096762 0.02513218 0.02040754
v 0.0410593 0.02534756 0.02046524
v 0.03958748 0.02571973 0.02040754
v 0.03976277 0.0261315 0.02057727
v 0.03967916 0.0259351 0.02046524
v 0.04114291 0.02554396 0.02057727
v 0.03983345 0.02629753 0.02073713
v 0.04121359 0.02570998 0.02073713
v 0.04256601 0.02888682 0.01868688
v 0.04118586 0.02947436 0.01868688
v 0.04360738 0.03133302 0.01551711
v 0.04299809 0.0299018 0.01841498
v 0.04315238 0.03026423 0.01868688
v 0.0430817 0.0300982 0.01852702
v 0.0429064 0.02968643 0.01835729
v 0.04281198 0.02946462 0.01835729
v 0.04263669 0.02905285 0.01852702
v 0.0427203 0.02924926 0.01841498
v 0.04125654 0.02964039 0.01852702
v 0.04134016 0.02983679 0.01841498
v 0.04143184 0.03005216 0.01835729
v 0.04152627 0.03027397 0.01835729
v 0.04161795 0.03048933 0.01841498
v 0.04247889 0.02868216 0.01911068
v 0.04251236 0.02876082 0.01888528
v 0.0424675 0.02865543 0.01935
v 0.04247889 0.02868216 0.01958932
v 0.04256601 0.02888682 0.02001312
v 0.04130072 0.02591464 0.02116094
v 0.04251236 0.02876082 0.01981472
v 0.04126723 0.02583599 0.02093553
v 0.04109874 0.0292697 0.01911068
v 0.04113223 0.02934836 0.01888528
v 0.04108736 0.02924297 0.01935
v 0.03988709 0.02642353 0.02093553
v 0.04113223 0.02934836 0.01981472
v 0.04109874 0.0292697 0.01958932
v 0.03992058 0.02650218 0.02116094
v 0.04118586 0.02947436 0.02001312
v 0.04170156 0.03068574 0.01852702
v 0.04177224 0.03085177 0.01868688
v 0.04182588 0.03097777 0.01888528
v 0.04320602 0.03039023 0.01888528
v 0.04185936 0.03105642 0.01911068
v 0.04323951 0.03046888 0.01911068
v 0.04325089 0.03049562 0.01935
v 0.04187075 0.03108316 0.01935
v 0.04134016 0.02983679 0.02028502
v 0.04143184 0.03005216 0.02034271
v 0.04281198 0.02946462 0.02034271
v 0.04125654 0.02964039 0.02017298
v 0.0427203 0.02924926 0.02028502
v 0.04263669 0.02905285 0.02017298
v 0.04182588 0.03097777 0.01981472
v 0.04185936 0.03105642 0.01958932
v 0.04323951 0.03046888 0.01958932
v 0.04320602 0.03039023 0.01981472
v 0.04299809 0.0299018 0.02028502
v 0.04161795 0.03048933 0.02028502
v 0.0430817 0.0300982 0.02017298
v 0.04152627 0.03027397 0.02034271
v 0.0429064 0.02968643 0.02034271
v 0.04315238 0.03026423 0.02001312
v 0.04170156 0.03068574 0.02017298
v 0.04177224 0.03085177 0.02001312
v 0.0413121 0.02594137 0.02140025
v 0.03993196 0.02652892 0.02140025
v 0.04130072 0.02591464 0.02163957
v 0.03992058 0.02650218 0.02163957
v 0.04126723 0.02583599 0.02186497
v 0.03988709 0.02642353 0.02186497
v 0.03983345 0.02629753 0.02206338
v 0.04121359 0.02570998 0.02206338
v 0.04168644 0.02682072 0.02369751
v 0.04147188 0.02631671 0.02449111
v 0.0410593 0.02534756 0.02233527
v 0.04096762 0.02513218 0.02239296
v 0.0408732 0.02491038 0.02239296
v 0.04114291 0.02554396 0.02222324
v 0.04196916 0.02748483 0.02305806
v 0.03976277 0.0261315 0.02222324
v 0.03967916 0.0259351 0.02233527
v 0.03958748 0.02571973 0.02239296
v 0.03924708 0.02492013 0.02206338
v 0.03931776 0.02508615 0.02222324
v 0.0406979 0.02449861 0.02222324
v 0.03919344 0.02479412 0.02186497
v 0.04062722 0.02433258 0.02206338
v 0.03915995 0.02471546 0.02163957
v 0.04057358 0.02420658 0.02186497
v 0.0405401 0.02412792 0.02163957
v 0.0385983 0.02339612 0.02541498
v 0.04078151 0.02469501 0.02233527
v 0.03851469 0.02319972 0.02552702
v 0.03989483 0.02261218 0.02552702
v 0.03997844 0.02280859 0.02541498
v 0.03940136 0.02528256 0.02233527
v 0.03949305 0.02549792 0.02239296
v 0.04009174 0.02690424 0.02449111
v 0.04033985 0.02365753 0.02552702
v 0.04025623 0.02346113 0.02541498
v 0.04016455 0.02324576 0.02535729
v 0.04007012 0.02302395 0.02535729
v 0.03868998 0.02361149 0.02535729
v 0.03878441 0.0238333 0.02535729
v 0.03887609 0.02404866 0.02541498
v 0.0389597 0.02424507 0.02552702
v 0.03903038 0.0244111 0.02568688
v 0.04041053 0.02382356 0.02568688
v 0.03908402 0.0245371 0.02588528
v 0.04046416 0.02394956 0.02588528
v 0.0391175 0.02461576 0.02611068
v 0.04049765 0.02402822 0.02611068
v 0.04050903 0.02405495 0.02635
v 0.03912889 0.02464249 0.02635
v 0.0399578 0.02658962 0.02539274
v 0.04133795 0.02600208 0.02539274
v 0.04129241 0.02589514 0.02635
v 0.03991228 0.02648268 0.02635
v 0.04267034 0.0291319 0.02237916
v 0.04230361 0.02827044 0.02260994
v 0.04092347 0.02885798 0.02260994
v 0.04058902 0.02807237 0.02305806
v 0.0403063 0.02740826 0.02369751
v 0.04341478 0.03088061 0.02260994
v 0.04304805 0.03001914 0.02237916
v 0.04166791 0.03060669 0.02237916
v 0.0412902 0.02971945 0.02237916
v 0.02057851 0.01515008 0.01535
v 0.02116605 0.01653022 0.01535
v 0.01878446 0.01591383 0.01379504
v 0.01950809 0.01723603 0.01421777
v 0.01892055 0.01585588 0.01421777
v 0.019372 0.01729397 0.01379504
v 0.01972733 0.0171427 0.01459698
v 0.01913979 0.01576255 0.01459698
v 0.01943117 0.01563851 0.01491366
v 0.02036762 0.01687012 0.01515194
v 0.01978008 0.01548998 0.01515194
v 0.02001871 0.01701865 0.01491366
v 0.02075657 0.01670454 0.01529986
v 0.02016903 0.01532439 0.01529986
v 0.02057851 0.01515008 0.03735
v 0.02016903 0.01532439 0.03740014
v 0.01943117 0.01563851 0.03778634
v 0.02036762 0.01687012 0.03754806
v 0.03463362 0.01025352 0.03735
v 0.03452339 0.0100586 0.03735
v 0.03418867 0.0097653 0.03735
v 0.03398096 0.00968163 0.03735
v 0.03437255 0.0098931 0.03735
v 0.03375984 0.00964629 0.03735
v 0.03332184 0.00972512 0.03735
v 0.03353639 0.00966102 0.03735
v 0.03357995 0.01186078 0.03735
v 0.03339607 0.01173299 0.03735
v 0.03373079 0.01202628 0.03735
v 0.03384102 0.0122212 0.03735
v 0.03318835 0.01164931 0.03735
v 0.03296723 0.01161397 0.03735
v 0.03274379 0.01162871 0.03735
v 0.03252923 0.0116928 0.03735
v 0.03844401 0.02303369 0.02701312
v 0.03839036 0.02290769 0.02681472
v 0.04052871 0.02410119 0.03129975
v 0.03982415 0.02244615 0.02701312
v 0.03835688 0.02282904 0.02658932
v 0.03914857 0.02468873 0.03129975
v 0.03973703 0.02224149 0.02658932
v 0.03977051 0.02232015 0.02681472
v 0.0405401 0.02412792 0.03153906
v 0.03924708 0.02492013 0.03196287
v 0.03919344 0.02479412 0.03176447
v 0.04057358 0.02420658 0.03176447
v 0.04062722 0.02433258 0.03196287
v 0.03915995 0.02471546 0.03153906
v 0.03931776 0.02508615 0.03212273
v 0.03940136 0.02528256 0.03223477
v 0.0428592 0.02957553 0.03735
v 0.04078151 0.02469501 0.03223477
v 0.0406979 0.02449861 0.03212273
v 0.03989483 0.02261218 0.02717298
v 0.03851469 0.02319972 0.02717298
v 0.03997844 0.02280859 0.02728502
v 0.0385983 0.02339612 0.02728502
v 0.04007012 0.02302395 0.02734271
v 0.03868998 0.02361149 0.02734271
v 0.04046416 0.02394956 0.02681472
v 0.03908402 0.0245371 0.02681472
v 0.04049765 0.02402822 0.02658932
v 0.0391175 0.02461576 0.02658932
v 0.03903038 0.0244111 0.02701312
v 0.04041053 0.02382356 0.02701312
v 0.04016455 0.02324576 0.02734271
v 0.03878441 0.0238333 0.02734271
v 0.04025623 0.02346113 0.02728502
v 0.03887609 0.02404866 0.02728502
v 0.04033985 0.02365753 0.02717298
v 0.0389597 0.02424507 0.02717298
v 0.0408732 0.02491038 0.03030704
v 0.04078151 0.02469501 0.03036473
v 0.0405401 0.02412792 0.03106043
v 0.04057358 0.02420658 0.03083503
v 0.04062722 0.02433258 0.03063662
v 0.0406979 0.02449861 0.03047676
v 0.03919344 0.02479412 0.03083503
v 0.03924708 0.02492013 0.03063662
v 0.03915995 0.02471546 0.03106043
v 0.04147188 0.02631671 0.02820889
v 0.04133795 0.02600208 0.02730726
v 0.0399578 0.02658962 0.02730726
v 0.04009174 0.02690424 0.02820889
v 0.03931776 0.02508615 0.03047676
v 0.03940136 0.02528256 0.03036473
v 0.03949305 0.02549792 0.03030704
v 0.04096762 0.02513218 0.03030704
v 0.04114291 0.02554396 0.03047676
v 0.0410593 0.02534756 0.03036473
v 0.04168644 0.02682072 0.02900249
v 0.04196916 0.02748483 0.02964194
v 0.0413121 0.02594137 0.03129975
v 0.04130072 0.02591464 0.03106043
v 0.04126723 0.02583599 0.03083503
v 0.04121359 0.02570998 0.03063662
v 0.03958748 0.02571973 0.03030704
v 0.03983345 0.02629753 0.03063662
v 0.03976277 0.0261315 0.03047676
v 0.03967916 0.0259351 0.03036473
v 0.03993196 0.02652892 0.03129975
v 0.03992058 0.02650218 0.03106043
v 0.03988709 0.02642353 0.03083503
v 0.04126723 0.02583599 0.03176447
v 0.03992058 0.02650218 0.03153906
v 0.04130072 0.02591464 0.03153906
v 0.03988709 0.02642353 0.03176447
v 0.04121359 0.02570998 0.03196287
v 0.03983345 0.02629753 0.03196287
v 0.0403063 0.02740826 0.02900249
v 0.04058902 0.02807237 0.02964194
v 0.04230361 0.02827044 0.03009007
v 0.04256601 0.02888682 0.03268688
v 0.04092347 0.02885798 0.03009007
v 0.04263669 0.02905285 0.03252701
v 0.04267034 0.0291319 0.03032083
v 0.04118586 0.02947436 0.03268688
v 0.0427203 0.02924926 0.03241498
v 0.04304805 0.03001914 0.03032083
v 0.04281198 0.02946462 0.03235729
v 0.0429064 0.02968643 0.03235729
v 0.04299809 0.0299018 0.03241498
v 0.0430817 0.0300982 0.03252701
v 0.04341478 0.03088061 0.03009007
v 0.04315238 0.03026423 0.03268688
v 0.04166791 0.03060669 0.03032083
v 0.0412902 0.02971945 0.03032083
v 0.04134016 0.02983679 0.03241498
v 0.04143184 0.03005216 0.03235729
v 0.04125654 0.02964039 0.03252701
v 0.04161795 0.03048933 0.03241498
v 0.04170156 0.03068574 0.03252701
v 0.04152627 0.03027397 0.03235729
v 0.0408732 0.02491038 0.03229246
v 0.03949305 0.02549792 0.03229246
v 0.04096762 0.02513218 0.03229246
v 0.03958748 0.02571973 0.03229246
v 0.0410593 0.02534756 0.03223477
v 0.03967916 0.0259351 0.03223477
v 0.04114291 0.02554396 0.03212273
v 0.03976277 0.0261315 0.03212273
v 0.04147905 0.03016306 0.03735
v 0.0424675 0.02865543 0.03335
v 0.04247889 0.02868216 0.03311068
v 0.04251236 0.02876082 0.03288528
v 0.04251236 0.02876082 0.03381472
v 0.04247889 0.02868216 0.03358932
v 0.04256601 0.02888682 0.03401312
v 0.04108736 0.02924297 0.03335
v 0.04113223 0.02934836 0.03288528
v 0.04109874 0.0292697 0.03311068
v 0.04113223 0.02934836 0.03381472
v 0.04118586 0.02947436 0.03401312
v 0.04109874 0.0292697 0.03358932
v 0.04177224 0.03085177 0.03268688
v 0.04320602 0.03039023 0.03288528
v 0.04182588 0.03097777 0.03288528
v 0.04185936 0.03105642 0.03311068
v 0.04323951 0.03046888 0.03311068
v 0.04325089 0.03049562 0.03335
v 0.04187075 0.03108316 0.03335
v 0.04134016 0.02983679 0.03428502
v 0.04143184 0.03005216 0.03434271
v 0.04281198 0.02946462 0.03434271
v 0.0429064 0.02968643 0.03434271
v 0.04125654 0.02964039 0.03417299
v 0.0427203 0.02924926 0.03428502
v 0.04263669 0.02905285 0.03417299
v 0.04185936 0.03105642 0.03358932
v 0.04182588 0.03097777 0.03381472
v 0.04320602 0.03039023 0.03381472
v 0.04323951 0.03046888 0.03358932
v 0.04177224 0.03085177 0.03401312
v 0.04315238 0.03026423 0.03401312
v 0.04170156 0.03068574 0.03417299
v 0.0430817 0.0300982 0.03417299
v 0.04299809 0.0299018 0.03428502
v 0.04161795 0.03048933 0.03428502
v 0.04152627 0.03027397 0.03434271
v 0.04360738 0.03133302 0.03718288
v 0.04222724 0.03192057 0.03718288
v 0.02116605 0.01653022 0.03735
v 0.01978008 0.01548998 0.03754806
v 0.01913979 0.01576255 0.03810302
v 0.02075657 0.01670454 0.03740014
v 0.02001871 0.01701865 0.03778634
v 0.01972733 0.0171427 0.03810302
v 0.01950809 0.01723603 0.03848223
v 0.01892055 0.01585588 0.03848223
v 0.019372 0.01729397 0.03890496
v 0.01878446 0.01591383 0.03890496
v 0.01932586 0.01731361 0.03935
v 0.01873832 0.01593346 0.03935
v 0.01873832 0.01593346 0.0517
v 0.01932586 0.01731361 0.0532
v 0.0187285 0.0159104 0.05192252
v 0.01869953 0.01584235 0.05213388
v 0.01865286 0.01573272 0.05232349
v 0.01893416 0.01639351 0.0542
v 0.01859084 0.01558704 0.05248183
v 0.01851657 0.01541258 0.05260097
v 0.01843378 0.01521811 0.05267493
v 0.01834663 0.01501337 0.0527
v 0.01902132 0.01659826 0.05417493
v 0.01917838 0.01696718 0.05398183
v 0.01910411 0.01679273 0.05410097
v 0.01931604 0.01729054 0.05342252
v 0.0192404 0.01711287 0.05382349
v 0.01928706 0.01722249 0.05363388
v 0.00803704 -0.0075104 -0.0015
v 0.0092191 -0.00600068 -0.0015
v 0.0092191 -0.00600068 -0
v 0.00803704 -0.0075104 -0
v 0.01012105 -0.00430864 -0.0015
v 0.01012105 -0.00430864 -0
v 0.00628055 -0.00372896 -0.0015
v 0.00652143 -0.00373859 -0.0015
v 0.00675762 -0.0036903 -0.0015
v 0.00661077 -0.00879191 -0.0015
v 0.00661077 -0.00879191 -0
v 0.00675762 -0.0036903 -0
v 0.00652143 -0.00373859 -0
v 0.00628055 -0.00372896 -0
v 0.00498364 -0.0098063 -0.0015
v 0.00498364 -0.0098063 -0
v 0.00348163 -0.00699278 -0
v 0.00348163 -0.00699278 -0.0015
v 0.00333686 -0.00718554 -0
v 0.00315017 -0.00733806 -0
v 0.0029324 -0.00744147 -0
v 0.00333686 -0.00718554 -0.0015
v 0.00315017 -0.00733806 -0.0015
v 0.00320508 -0.01052271 -0.0015
v 0.00320508 -0.01052271 -0
v 0.0029324 -0.00744147 -0.0015
v 0.00361466 -0.006533 -0
v 0.00357605 -0.00677096 -0
v 0.00361466 -0.006533 -0.0015
v 0.00357605 -0.00677096 -0.0015
v 0.00359518 -0.00629271 -0.0015
v 0.00359518 -0.00629271 -0
v 0.00338987 -0.00586036 -0.0015
v 0.00351878 -0.00606407 -0.0015
v 0.00338987 -0.00586036 -0
v 0.00351878 -0.00606407 -0
v 0.00716208 -0.00343437 -0
v 0.00697538 -0.0035869 -0
v 0.00716208 -0.00343437 -0.0015
v 0.00697538 -0.0035869 -0.0015
v 0.00730684 -0.00324161 -0.0015
v 0.00740127 -0.0030198 -0.0015
v 0.00743987 -0.00278183 -0.0015
v 0.0074204 -0.00254155 -0.0015
v 0.00734399 -0.0023129 -0.0015
v 0.00734399 -0.0023129 -0
v 0.0074204 -0.00254155 -0
v 0.00743987 -0.00278183 -0
v 0.00740127 -0.0030198 -0
v 0.00730684 -0.00324161 -0
v 0.00604897 -0.00366195 -0.0015
v 0.00604897 -0.00366195 -0
v 0.00584016 -0.00354148 -0.0015
v 0.00584016 -0.00354148 -0
v 0.0073592 0.00211571 -0
v 0.00745363 0.00233752 -0.0015
v 0.00749223 0.00257548 -0.0015
v 0.0073592 0.00211571 -0.0015
v 0.00749223 0.00257548 -0
v 0.00745363 0.00233752 -0
v 0.00721508 -0.00210919 -0.0015
v 0.00721508 -0.00210919 -0
v 0.00683236 -0.00182177 -0.0015
v 0.00704117 -0.00194224 -0.0015
v 0.00683236 -0.00182177 -0
v 0.00660079 -0.00175476 -0
v 0.00660079 -0.00175476 -0.0015
v 0.00704117 -0.00194224 -0
v 0.00571926 -0.00204935 -0
v 0.00571926 -0.00204935 -0.0015
v 0.00590595 -0.00189683 -0
v 0.00635991 -0.00174513 -0.0015
v 0.00635991 -0.00174513 -0
v 0.00590595 -0.00189683 -0.0015
v 0.00612372 -0.00179342 -0.0015
v 0.00612372 -0.00179342 -0
v 0.00288563 -0.00277005 -0.0015
v 0.00553735 -0.00317082 -0.0015
v 0.00321596 -0.00569341 -0.0015
v 0.00566625 -0.00337454 -0.0015
v 0.00553735 -0.00317082 -0
v 0.00288563 -0.00277005 -0
v 0.00321596 -0.00569341 -0
v 0.00566625 -0.00337454 -0
v 0.00300715 -0.00557294 -0
v 0.00300715 -0.00557294 -0.0015
v 0.00277557 -0.00550593 -0.0015
v 0.00277557 -0.00550593 -0
v 0.00546094 -0.00294218 -0.0015
v 0.00546094 -0.00294218 -0
v 0.00544147 -0.00270189 -0.0015
v 0.00544147 -0.00270189 -0
v 0.00548007 -0.00246393 -0.0015
v 0.00548007 -0.00246393 -0
v 0.00346469 -0.00199898 -0.0015
v 0.00557449 -0.00224212 -0.0015
v 0.0038424 -0.00111174 -0.0015
v 0.0038424 -0.00111174 -0
v 0.00346469 -0.00199898 -0
v 0.00557449 -0.00224212 -0
v 0.00747276 0.00281576 -0
v 0.00721443 0.00192294 -0.0015
v 0.00702774 0.00177042 -0.0015
v 0.00680998 0.00166701 -0.0015
v 0.00633291 0.00162836 -0.0015
v 0.00657379 0.00161871 -0.0015
v 0.00702774 0.00177042 -0
v 0.00680998 0.00166701 -0
v 0.00721443 0.00192294 -0
v 0.00657379 0.00161871 -0
v 0.00633291 0.00162836 -0
v 0.00747276 0.00281576 -0.0015
v 0.00688472 0.00353555 -0
v 0.00709353 0.00341507 -0.0015
v 0.00709353 0.00341507 -0
v 0.00726744 0.00324813 -0.0015
v 0.00726744 0.00324813 -0
v 0.00739635 0.00304441 -0.0015
v 0.00739635 0.00304441 -0
v 0.00688472 0.00353555 -0.0015
v 0.00665314 0.00360255 -0.0015
v 0.00665314 0.00360255 -0
v 0.00610133 0.00169535 -0.0015
v 0.00610133 0.00169535 -0
v 0.00589252 0.00181583 -0.0015
v 0.00589252 0.00181583 -0
v 0.0055897 0.00218649 -0.0015
v 0.0055133 0.00241514 -0.0015
v 0.0055897 0.00218649 -0
v 0.0055133 0.00241514 -0
v 0.00571861 0.00198277 -0.0015
v 0.00571861 0.00198277 -0
v 0.00577162 0.00330796 -0
v 0.00577162 0.00330796 -0.0015
v 0.00595831 0.00346048 -0
v 0.00562685 0.00311519 -0
v 0.00549383 0.00265542 -0.0015
v 0.00549383 0.00265542 -0
v 0.00553243 0.00289339 -0.0015
v 0.00553243 0.00289339 -0
v 0.00562685 0.00311519 -0.0015
v 0.00595831 0.00346048 -0.0015
v 0.0039968 -0.00015989 -0
v 0.0039968 -0.00015989 -0.0015
v 0.00391892 0.00080126 -0.0015
v 0.00391892 0.00080126 -0
v 0.00361329 0.00171584 -0.0015
v 0.00361329 0.00171584 -0
v 0.00309767 0.0025307 -0.0015
v 0.00309767 0.0025307 -0
v 0.00240202 0.00319848 -0
v 0.00240202 0.00319848 -0.0015
v 0.00617608 0.0035639 -0.0015
v 0.00617608 0.0035639 -0
v 0.00641226 0.00361219 -0.0015
v 0.00641226 0.00361219 -0
v 0.00372159 0.00664098 -0
v 0.00364518 0.00686963 -0
v 0.00364518 0.00686963 -0.0015
v 0.00372159 0.00664098 -0.0015
v 0.00370246 0.00616273 -0.0015
v 0.00360803 0.00594092 -0.0015
v 0.00346327 0.00574816 -0.0015
v 0.00374106 0.0064007 -0.0015
v 0.00327657 0.00559564 -0.0015
v 0.00374106 0.0064007 -0
v 0.00360803 0.00594092 -0
v 0.00370246 0.00616273 -0
v 0.00346327 0.00574816 -0
v 0.00327657 0.00559564 -0
v 0.00305881 0.00549222 -0.0015
v 0.00282262 0.00544393 -0.0015
v 0.00156678 0.00368038 -0.0015
v 0.00258174 0.00545357 -0.0015
v 0.00156678 0.00368038 0
v 0.00305881 0.00549222 -0
v 0.00258174 0.00545357 0
v 0.00282262 0.00544393 -0
v 0.00235016 0.00552057 0
v 0.00214135 0.00564104 0
v 0.00235016 0.00552057 -0.0015
v 0.00214135 0.00564104 -0.0015
v 0.00351627 0.00707334 -0.0015
v 0.00351627 0.00707334 0
v 0.00334236 0.00724029 -0.0015
v 0.00334236 0.00724029 0
v 0.00313355 0.00736076 -0.0015
v 0.00313355 0.00736076 0
v 0.00290198 0.00742776 -0.0015
v 0.00290198 0.00742776 0
v 0.00266109 0.0074374 -0.0015
v 0.00266109 0.0074374 0
v 0.00196744 0.00580799 -0.0015
v 0.00183853 0.0060117 -0.0015
v 0.00176212 0.00624035 -0.0015
v 0.00183853 0.0060117 0
v 0.00176212 0.00624035 0
v 0.00196744 0.00580799 0
v 0.00174266 0.00648063 0
v 0.00178126 0.0067186 -0.0015
v 0.00178126 0.0067186 0
v 0.00174266 0.00648063 -0.0015
v 0.00187568 0.00694041 -0.0015
v 0.00187568 0.00694041 0
v 0.00242491 0.00738911 0
v 0.00220714 0.00728569 -0.0015
v 0.00242491 0.00738911 -0.0015
v 0.00220714 0.00728569 0
v 0.00202045 0.00713318 0
v 0.00202045 0.00713318 -0.0015
v 0.00132914 -0.01091941 -0.0015
v 0.00245533 -0.00748013 -0.0015
v 0.00222376 -0.00741313 -0.0015
v 0.00245533 -0.00748013 -0
v 0.00132914 -0.01091941 -0
v 0.00269621 -0.00748976 -0.0015
v 0.00222376 -0.00741313 -0
v 0.00269621 -0.00748976 -0
v 0.00201495 -0.00729265 -0.0015
v 0.00184104 -0.0071257 -0.0015
v 0.00184104 -0.0071257 -0
v -0.00058719 -0.01098432 -0
v -0.00058719 -0.01098432 -0.0015
v 0.00201495 -0.00729265 -0
v 0.00163572 -0.00669335 -0.0015
v 0.00161625 -0.00645306 -0.0015
v 0.00163572 -0.00669335 -0
v 0.00171213 -0.00692199 -0.0015
v 0.00171213 -0.00692199 -0
v 0.00161625 -0.00645306 -0
v -0.00187568 -0.00694042 -0.0015
v -0.00202045 -0.00713318 -0.0015
v -0.00187568 -0.00694042 -0
v -0.00202045 -0.00713318 -0
v -0.00178126 -0.0067186 -0
v -0.00178126 -0.0067186 -0.0015
v -0.00220714 -0.0072857 -0.0015
v -0.00248568 -0.01071548 -0.0015
v -0.00220714 -0.0072857 -0
v -0.00248568 -0.01071548 -0
v -0.0026611 -0.0074374 -0
v -0.00290198 -0.00742777 -0
v -0.00290198 -0.00742777 -0.0015
v -0.0026611 -0.0074374 -0.0015
v -0.00242491 -0.00738911 -0
v -0.00242491 -0.00738911 -0.0015
v -0.00313355 -0.00736077 -0
v -0.00334236 -0.00724029 -0.0015
v -0.00334236 -0.00724029 -0
v -0.00313355 -0.00736077 -0.0015
v 0.00253469 -0.0054963 -0.0015
v 0.00253469 -0.0054963 -0
v 0.00208074 -0.005648 -0
v 0.0022985 -0.00554459 -0.0015
v 0.0022985 -0.00554459 -0
v 0.00208074 -0.005648 -0.0015
v 0.00165485 -0.0062151 -0.0015
v 0.00165485 -0.0062151 -0
v 0.00174928 -0.00599329 -0.0015
v 0.00189405 -0.00580052 -0.0015
v 0.00174928 -0.00599329 -0
v 0.00189405 -0.00580052 -0
v 0.00126779 -0.00379377 -0.0015
v 0.00126779 -0.00379377 -0
v -0.00176213 -0.00624036 -0.0015
v -0.00174266 -0.00648064 -0.0015
v -0.00176213 -0.00624036 -0
v -0.00174266 -0.00648064 -0
v 0.00032305 -0.00398693 -0.0015
v 0.00032305 -0.00398693 -0
v 0.00213886 -0.00338013 -0.0015
v 0.00213886 -0.00338013 -0
v -0.00064048 -0.00394839 -0.0015
v -0.00064048 -0.00394839 -0
v -0.00196744 -0.005808 -0
v -0.00183853 -0.00601171 -0.0015
v -0.00183853 -0.00601171 -0
v -0.00196744 -0.005808 -0.0015
v -0.00214135 -0.00564105 -0
v -0.00214135 -0.00564105 -0.0015
v -0.00282262 -0.00544394 0
v -0.00258174 -0.00545358 -0.0015
v -0.00258174 -0.00545358 0
v -0.00282262 -0.00544394 -0.0015
v -0.00235017 -0.00552058 -0.0015
v -0.00235017 -0.00552058 -0
v -0.00305881 -0.00549223 0
v -0.00305881 -0.00549223 -0.0015
v -0.00327657 -0.00559564 -0.0015
v -0.00327657 -0.00559564 0
v -0.00346327 -0.00574816 0
v -0.00346327 -0.00574816 -0.0015
v -0.00156678 -0.00368038 -0.0015
v -0.00156678 -0.00368038 -0
v -0.00240202 -0.00319849 -0.0015
v -0.00240202 -0.00319849 0
v -0.00309767 -0.00253071 -0.0015
v -0.00309767 -0.00253071 0
v -0.00430864 -0.01012105 -0.0015
v -0.00430864 -0.01012105 -0
v -0.00600068 -0.0092191 -0.0015
v -0.00600068 -0.0092191 0
v -0.00364518 -0.00686963 -0.0015
v -0.00372159 -0.00664099 -0.0015
v -0.00364518 -0.00686963 0
v -0.00372159 -0.00664099 0
v -0.00351628 -0.00707335 -0.0015
v -0.00351628 -0.00707335 0
v -0.00374106 -0.0064007 -0.0015
v -0.00374106 -0.0064007 0
v -0.00751039 -0.00803704 0
v -0.00751039 -0.00803704 -0.0015
v -0.00879191 -0.00661077 -0.0015
v -0.00879191 -0.00661077 0
v -0.00370246 -0.00616274 -0.0015
v -0.00370246 -0.00616274 0
v -0.00360803 -0.00594093 -0.0015
v -0.00360803 -0.00594093 0
v -0.00577162 -0.00330797 -0.0015
v -0.00577162 -0.00330797 0
v -0.00595831 -0.00346049 0
v -0.00595831 -0.00346049 -0.0015
v -0.00617608 -0.0035639 0
v -0.00641227 -0.00361219 -0.0015
v -0.00617608 -0.0035639 -0.0015
v -0.00641227 -0.00361219 0
v -0.00562685 -0.0031152 0
v -0.00562685 -0.0031152 -0.0015
v -0.00553243 -0.00289339 0
v -0.00549383 -0.00265542 0
v -0.00553243 -0.00289339 -0.0015
v -0.00549383 -0.00265542 -0.0015
v -0.00665315 -0.00360255 -0.0015
v -0.00665315 -0.00360255 0
v -0.00688472 -0.00353556 -0.0015
v -0.00688472 -0.00353556 0
v -0.00709353 -0.00341508 -0.0015
v -0.00709353 -0.00341508 0
v -0.00980629 -0.00498364 -0.0015
v -0.00980629 -0.00498364 0
v -0.00726744 -0.00324813 0
v -0.00739635 -0.00304441 0
v -0.00726744 -0.00324813 -0.0015
v -0.00739635 -0.00304441 -0.0015
v -0.00747276 -0.00281577 -0.0015
v -0.00747276 -0.00281577 0
v -0.01052271 -0.00320508 -0.0015
v -0.01052271 -0.00320508 0
v -0.00361329 -0.00171585 -0.0015
v -0.00361329 -0.00171585 0
v -0.00391893 -0.00080126 -0.0015
v -0.0039968 0.00015988 -0.0015
v -0.00391893 -0.00080126 0
v -0.0039968 0.00015988 0
v -0.0038424 0.00111173 -0.0015
v -0.0034647 0.00199897 -0.0015
v -0.0038424 0.00111173 0
v -0.0034647 0.00199897 0
v -0.0055745 0.00224211 -0.0015
v -0.0055745 0.00224211 0
v 0.00064047 0.00394839 -0.0015
v 0.00064047 0.00394839 0
v -0.00032305 0.00398693 0
v -0.00032305 0.00398693 -0.0015
v -0.00165485 0.00621509 0
v -0.00165485 0.00621509 -0.0015
v -0.00208074 0.005648 -0.0015
v -0.0012678 0.00379376 -0.0015
v -0.00229851 0.00554458 -0.0015
v -0.00189405 0.00580051 -0.0015
v -0.00174928 0.00599328 -0.0015
v -0.00174928 0.00599328 0
v -0.00189405 0.00580051 0
v -0.0012678 0.00379376 0
v -0.00208074 0.005648 0
v -0.00229851 0.00554458 0
v -0.00171213 0.00692198 -0.0015
v -0.00184104 0.0071257 -0.0015
v -0.00161625 0.00645305 -0.0015
v -0.00163573 0.00669334 -0.0015
v -0.00163573 0.00669334 0
v -0.00184104 0.0071257 0
v -0.00171213 0.00692198 0
v -0.00161625 0.00645305 0
v -0.00321596 0.0056934 -0.0015
v -0.00300715 0.00557293 -0.0015
v -0.00288563 0.00277004 -0.0015
v -0.00213887 0.00338012 -0.0015
v -0.00277558 0.00550593 -0.0015
v -0.0025347 0.00549629 -0.0015
v -0.00300715 0.00557293 0
v -0.00321596 0.0056934 0
v -0.00288563 0.00277004 0
v -0.00213887 0.00338012 0
v -0.00277558 0.00550593 0
v -0.0025347 0.00549629 0
v -0.00553734 0.00317081 -0.0015
v -0.00546094 0.00294217 -0.0015
v -0.00548007 0.00246392 -0.0015
v -0.00544147 0.00270188 -0.0015
v -0.00548007 0.00246392 0
v -0.00544147 0.00270188 0
v -0.00553734 0.00317081 0
v -0.00546094 0.00294217 0
v -0.00338987 0.00586035 -0.0015
v -0.00338987 0.00586035 0
v -0.00351878 0.00606406 -0.0015
v -0.00351878 0.00606406 0
v -0.00359519 0.00629271 -0.0015
v -0.00359519 0.00629271 0
v -0.00361465 0.00653299 -0.0015
v -0.00357605 0.00677095 -0.0015
v -0.00361465 0.00653299 0
v -0.00357605 0.00677095 0
v -0.00566625 0.00337453 -0.0015
v -0.00584016 0.00354148 -0.0015
v -0.00604898 0.00366195 -0.0015
v -0.00628055 0.00372895 -0.0015
v -0.00652143 0.00373859 -0.0015
v -0.00675762 0.0036903 -0.0015
v -0.00584016 0.00354148 0
v -0.00566625 0.00337453 0
v -0.00604898 0.00366195 0
v -0.00628055 0.00372895 0
v -0.00652143 0.00373859 0
v -0.00675762 0.0036903 0
v -0.0055897 -0.00218649 -0.0015
v -0.0055133 -0.00241514 -0.0015
v -0.0055133 -0.00241514 0
v -0.0055897 -0.00218649 0
v -0.00571861 -0.00198278 0
v -0.00589252 -0.00181584 -0.0015
v -0.00571861 -0.00198278 -0.0015
v -0.00589252 -0.00181584 0
v -0.00610133 -0.00169536 -0.0015
v -0.00633291 -0.00162836 -0.0015
v -0.00633291 -0.00162836 0
v -0.00610133 -0.00169536 0
v -0.00680998 -0.00166701 0
v -0.00657379 -0.00161872 -0.0015
v -0.00657379 -0.00161872 0
v -0.00680998 -0.00166701 -0.0015
v -0.00749223 -0.00257549 -0.0015
v -0.00745363 -0.00233752 -0.0015
v -0.00749223 -0.00257549 0
v -0.00721444 -0.00192294 0
v -0.00721444 -0.00192294 -0.0015
v -0.00702775 -0.00177043 0
v -0.0073592 -0.00211572 0
v -0.00745363 -0.00233752 0
v -0.0073592 -0.00211572 -0.0015
v -0.00702775 -0.00177043 -0.0015
v -0.00590595 0.00189682 -0.0015
v -0.00612372 0.00179341 -0.0015
v -0.00590595 0.00189682 0
v -0.00571926 0.00204934 0
v -0.00612372 0.00179341 0
v -0.00571926 0.00204934 -0.0015
v -0.00704117 0.00194224 -0.0015
v -0.00683237 0.00182176 -0.0015
v -0.00660079 0.00175475 -0.0015
v -0.00635991 0.00174512 -0.0015
v -0.00660079 0.00175475 0
v -0.00683237 0.00182176 0
v -0.00704117 0.00194224 0
v -0.00635991 0.00174512 0
v -0.01091941 -0.00132914 0
v -0.01091941 -0.00132914 -0.0015
v -0.01098432 0.00058718 0
v -0.01098432 0.00058718 -0.0015
v -0.00721509 0.00210918 0
v -0.00734399 0.00231289 -0.0015
v -0.00734399 0.00231289 0
v -0.0074204 0.00254154 -0.0015
v -0.0074204 0.00254154 0
v -0.00721509 0.00210918 -0.0015
v -0.00743987 0.00278182 0
v -0.00740127 0.00301979 -0.0015
v -0.00740127 0.00301979 0
v -0.00730684 0.0032416 -0.0015
v -0.00743987 0.00278182 -0.0015
v -0.00730684 0.0032416 0
v -0.00697539 0.00358689 -0.0015
v -0.00697539 0.00358689 0
v -0.00716208 0.00343436 -0.0015
v -0.00716208 0.00343436 0
v -0.00348163 0.00699277 0
v -0.01012105 0.00430863 0
v -0.01012105 0.00430863 -0.0015
v -0.00348163 0.00699277 -0.0015
v -0.00333686 0.00718553 0
v -0.00333686 0.00718553 -0.0015
v -0.01071548 0.00248567 -0.0015
v -0.01071548 0.00248567 0
v -0.00189548 0.02363064 0
v -0.00130794 0.02501078 -0.0015
v -0.00122078 0.02521552 -0.00147493
v -0.00113799 0.02540999 -0.00140097
v -0.00106372 0.02558445 -0.00128183
v -0.0010017 0.02573014 -0.00112349
v -0.00095503 0.02583976 -0.00093388
v -0.00092607 0.02590781 -0.00072252
v -0.00091624 0.02593087 -0.0005
v -0.00180832 0.02383538 2.507E-05
v -0.00172553 0.02402985 9.903E-05
v -0.00165126 0.02420431 0.00021817
v -0.00158924 0.02434999 0.00037651
v -0.00154257 0.02445962 0.00056612
v -0.0015136 0.02452767 0.00077748
v -0.00150379 0.02455073 0.001
v -0.00091624 0.02593087 0.01335
v -0.00150379 0.02455073 0.01335
v -0.00245534 0.00748012 -0.0015
v -0.00222376 0.00741312 -0.0015
v -0.00201495 0.00729265 -0.0015
v -0.00201495 0.00729265 0
v -0.00222376 0.00741312 0
v -0.00245534 0.00748012 0
v -0.00269622 0.00748975 -0.0015
v -0.00269622 0.00748975 0
v -0.00315017 0.00733805 -0.0015
v -0.00315017 0.00733805 0
v -0.0029324 0.00744146 -0.0015
v -0.0029324 0.00744146 0
v -0.00154992 0.02457038 0.01379504
v -0.00168602 0.02462831 0.01421777
v -0.00190526 0.02472164 0.01459698
v -0.00219664 0.02484568 0.01491366
v -0.00131771 0.02610179 0.01459698
v -0.00109848 0.02600846 0.01421777
v -0.0016091 0.02622583 0.01491366
v -0.00096238 0.02595052 0.01379504
v -0.00190526 0.02472164 0.03810302
v -0.00219664 0.02484568 0.03778634
v -0.00254555 0.02499422 0.03754806
v -0.00254555 0.02499422 0.01515194
v -0.0016091 0.02622583 0.03778634
v 0.0092191 -0.00600068 0.0527
v 0.01012105 -0.00430864 0.0542
v 0.0092191 -0.00600068 0.0542
v 0.01012105 -0.00430864 0.0527
v 0.00803704 -0.0075104 0.0527
v 0.00803704 -0.0075104 0.0542
v 0.00675762 -0.0036903 0.0542
v 0.00661077 -0.00879191 0.0527
v 0.00661077 -0.00879191 0.0542
v 0.00675762 -0.0036903 0.0527
v 0.00652143 -0.00373859 0.0527
v 0.00628055 -0.00372896 0.0527
v 0.00652143 -0.00373859 0.0542
v 0.00628055 -0.00372896 0.0542
v 0.00348163 -0.00699278 0.0527
v 0.00498364 -0.0098063 0.0527
v 0.00348163 -0.00699278 0.0542
v 0.00498364 -0.0098063 0.0542
v 0.0029324 -0.00744147 0.0527
v 0.00320508 -0.01052271 0.0527
v 0.00315017 -0.00733806 0.0527
v 0.00333686 -0.00718554 0.0527
v 0.0029324 -0.00744147 0.0542
v 0.00320508 -0.01052271 0.0542
v 0.00333686 -0.00718554 0.0542
v 0.00315017 -0.00733806 0.0542
v 0.00357605 -0.00677096 0.0527
v 0.00361466 -0.006533 0.0527
v 0.00357605 -0.00677096 0.0542
v 0.00361466 -0.006533 0.0542
v 0.00359518 -0.00629271 0.0527
v 0.00359518 -0.00629271 0.0542
v 0.00351878 -0.00606407 0.0527
v 0.00338987 -0.00586036 0.0542
v 0.00338987 -0.00586036 0.0527
v 0.00351878 -0.00606407 0.0542
v 0.00716208 -0.00343437 0.0542
v 0.00697538 -0.0035869 0.0542
v 0.00716208 -0.00343437 0.0527
v 0.00697538 -0.0035869 0.0527
v 0.0074204 -0.00254155 0.0527
v 0.00743987 -0.00278183 0.0527
v 0.00734399 -0.0023129 0.0527
v 0.00740127 -0.0030198 0.0527
v 0.00730684 -0.00324161 0.0527
v 0.00743987 -0.00278183 0.0542
v 0.00740127 -0.0030198 0.0542
v 0.00730684 -0.00324161 0.0542
v 0.00734399 -0.0023129 0.0542
v 0.0074204 -0.00254155 0.0542
v 0.00604897 -0.00366195 0.0527
v 0.00604897 -0.00366195 0.0542
v 0.00584016 -0.00354148 0.0527
v 0.00584016 -0.00354148 0.0542
v 0.0073592 0.00211571 0.0527
v 0.00749223 0.00257548 0.0542
v 0.00745363 0.00233752 0.0542
v 0.0073592 0.00211571 0.0542
v 0.00745363 0.00233752 0.0527
v 0.00749223 0.00257548 0.0527
v 0.00721508 -0.00210919 0.0527
v 0.00683236 -0.00182177 0.0542
v 0.00683236 -0.00182177 0.0527
v 0.00704117 -0.00194224 0.0542
v 0.00704117 -0.00194224 0.0527
v 0.00721508 -0.00210919 0.0542
v 0.00660079 -0.00175476 0.0542
v 0.00660079 -0.00175476 0.0527
v 0.00590595 -0.00189683 0.0527
v 0.00612372 -0.00179342 0.0527
v 0.00612372 -0.00179342 0.0542
v 0.00635991 -0.00174513 0.0542
v 0.00571926 -0.00204935 0.0527
v 0.00590595 -0.00189683 0.0542
v 0.00635991 -0.00174513 0.0527
v 0.00571926 -0.00204935 0.0542
v 0.00553735 -0.00317082 0.0527
v 0.00566625 -0.00337454 0.0527
v 0.00321596 -0.00569341 0.0527
v 0.00288563 -0.00277005 0.0527
v 0.00566625 -0.00337454 0.0542
v 0.00553735 -0.00317082 0.0542
v 0.00288563 -0.00277005 0.0542
v 0.00321596 -0.00569341 0.0542
v 0.00300715 -0.00557294 0.0542
v 0.00300715 -0.00557294 0.0527
v 0.00277557 -0.00550593 0.0527
v 0.00277557 -0.00550593 0.0542
v 0.00546094 -0.00294218 0.0542
v 0.00546094 -0.00294218 0.0527
v 0.00544147 -0.00270189 0.0542
v 0.00544147 -0.00270189 0.0527
v 0.00548007 -0.00246393 0.0542
v 0.00548007 -0.00246393 0.0527
v 0.00346469 -0.00199898 0.0527
v 0.0038424 -0.00111174 0.0527
v 0.00557449 -0.00224212 0.0527
v 0.00557449 -0.00224212 0.0542
v 0.0038424 -0.00111174 0.0542
v 0.00346469 -0.00199898 0.0542
v 0.00747276 0.00281576 0.0527
v 0.00702774 0.00177042 0.0527
v 0.00721443 0.00192294 0.0527
v 0.00680998 0.00166701 0.0527
v 0.00633291 0.00162836 0.0527
v 0.00657379 0.00161871 0.0527
v 0.00721443 0.00192294 0.0542
v 0.00702774 0.00177042 0.0542
v 0.00680998 0.00166701 0.0542
v 0.00657379 0.00161871 0.0542
v 0.00633291 0.00162836 0.0542
v 0.00747276 0.00281576 0.0542
v 0.00726744 0.00324813 0.0527
v 0.00739635 0.00304441 0.0527
v 0.00739635 0.00304441 0.0542
v 0.00665314 0.00360255 0.0542
v 0.00665314 0.00360255 0.0527
v 0.00688472 0.00353555 0.0542
v 0.00709353 0.00341507 0.0527
v 0.00726744 0.00324813 0.0542
v 0.00709353 0.00341507 0.0542
v 0.00688472 0.00353555 0.0527
v 0.00571861 0.00198277 0.0527
v 0.0055897 0.00218649 0.0527
v 0.0055897 0.00218649 0.0542
v 0.00610133 0.00169535 0.0542
v 0.0055133 0.00241514 0.0542
v 0.00589252 0.00181583 0.0527
v 0.00571861 0.00198277 0.0542
v 0.0055133 0.00241514 0.0527
v 0.00610133 0.00169535 0.0527
v 0.00589252 0.00181583 0.0542
v 0.00553243 0.00289339 0.0527
v 0.00562685 0.00311519 0.0527
v 0.00562685 0.00311519 0.0542
v 0.00577162 0.00330796 0.0527
v 0.00549383 0.00265542 0.0542
v 0.00549383 0.00265542 0.0527
v 0.00553243 0.00289339 0.0542
v 0.00577162 0.00330796 0.0542
v 0.00595831 0.00346048 0.0527
v 0.00595831 0.00346048 0.0542
v 0.0039968 -0.00015989 0.0542
v 0.0039968 -0.00015989 0.0527
v 0.00391892 0.00080126 0.0542
v 0.00391892 0.00080126 0.0527
v 0.00361329 0.00171584 0.0542
v 0.00361329 0.00171584 0.0527
v 0.00309767 0.0025307 0.0542
v 0.00309767 0.0025307 0.0527
v 0.00240202 0.00319848 0.0527
v 0.00240202 0.00319848 0.0542
v 0.00617608 0.0035639 0.0527
v 0.00617608 0.0035639 0.0542
v 0.00641226 0.00361219 0.0527
v 0.00641226 0.00361219 0.0542
v 0.00364518 0.00686963 0.0527
v 0.00372159 0.00664098 0.0527
v 0.00372159 0.00664098 0.0542
v 0.00364518 0.00686963 0.0542
v 0.00370246 0.00616273 0.0527
v 0.00374106 0.0064007 0.0527
v 0.00360803 0.00594092 0.0527
v 0.00346327 0.00574816 0.0527
v 0.00327657 0.00559564 0.0527
v 0.00374106 0.0064007 0.0542
v 0.00370246 0.00616273 0.0542
v 0.00360803 0.00594092 0.0542
v 0.00346327 0.00574816 0.0542
v 0.00327657 0.00559564 0.0542
v 0.00305881 0.00549222 0.0527
v 0.00258174 0.00545357 0.0527
v 0.00282262 0.00544393 0.0527
v 0.00156678 0.00368038 0.0527
v 0.00305881 0.00549222 0.0542
v 0.00156678 0.00368038 0.0542
v 0.00258174 0.00545357 0.0542
v 0.00282262 0.00544393 0.0542
v 0.00235016 0.00552057 0.0527
v 0.00235016 0.00552057 0.0542
v 0.00214135 0.00564104 0.0542
v 0.00214135 0.00564104 0.0527
v 0.00351627 0.00707334 0.0527
v 0.00313355 0.00736076 0.0542
v 0.00313355 0.00736076 0.0527
v 0.00334236 0.00724029 0.0542
v 0.00334236 0.00724029 0.0527
v 0.00351627 0.00707334 0.0542
v 0.00266109 0.0074374 0.0527
v 0.00290198 0.00742776 0.0527
v 0.00266109 0.0074374 0.0542
v 0.00290198 0.00742776 0.0542
v 0.00196744 0.00580799 0.0542
v 0.00196744 0.00580799 0.0527
v 0.00183853 0.0060117 0.0542
v 0.00183853 0.0060117 0.0527
v 0.00176212 0.00624035 0.0542
v 0.00176212 0.00624035 0.0527
v 0.00174266 0.00648063 0.0527
v 0.00178126 0.0067186 0.0527
v 0.00178126 0.0067186 0.0542
v 0.00174266 0.00648063 0.0542
v 0.00187568 0.00694041 0.0527
v 0.00187568 0.00694041 0.0542
v 0.00220714 0.00728569 0.0542
v 0.00220714 0.00728569 0.0527
v 0.00242491 0.00738911 0.0542
v 0.00242491 0.00738911 0.0527
v 0.00202045 0.00713318 0.0542
v 0.00202045 0.00713318 0.0527
v 0.00222376 -0.00741313 0.0527
v 0.00245533 -0.00748013 0.0527
v 0.00132914 -0.01091941 0.0527
v 0.00269621 -0.00748976 0.0542
v 0.00269621 -0.00748976 0.0527
v 0.00132914 -0.01091941 0.0542
v 0.00245533 -0.00748013 0.0542
v 0.00222376 -0.00741313 0.0542
v -0.00058719 -0.01098432 0.0527
v 0.00184104 -0.0071257 0.0527
v 0.00201495 -0.00729265 0.0527
v 0.00201495 -0.00729265 0.0542
v 0.00184104 -0.0071257 0.0542
v -0.00058719 -0.01098432 0.0542
v 0.00171213 -0.00692199 0.0542
v 0.00171213 -0.00692199 0.0527
v 0.00163572 -0.00669335 0.0542
v 0.00163572 -0.00669335 0.0527
v 0.00161625 -0.00645306 0.0527
v 0.00161625 -0.00645306 0.0542
v -0.00178126 -0.0067186 0.0527
v -0.00202045 -0.00713318 0.0527
v -0.00187568 -0.00694042 0.0527
v -0.00178126 -0.0067186 0.0542
v -0.00187568 -0.00694042 0.0542
v -0.00202045 -0.00713318 0.0542
v -0.00248568 -0.01071548 0.0527
v -0.00248568 -0.01071548 0.0542
v -0.00220714 -0.0072857 0.0527
v -0.00220714 -0.0072857 0.0542
v -0.00242491 -0.00738911 0.0542
v -0.00290198 -0.00742777 0.0527
v -0.0026611 -0.0074374 0.0527
v -0.00242491 -0.00738911 0.0527
v -0.0026611 -0.0074374 0.0542
v -0.00290198 -0.00742777 0.0542
v -0.00313355 -0.00736077 0.0527
v -0.00313355 -0.00736077 0.0542
v -0.00334236 -0.00724029 0.0527
v -0.00334236 -0.00724029 0.0542
v 0.00208074 -0.005648 0.0527
v 0.0022985 -0.00554459 0.0527
v 0.0022985 -0.00554459 0.0542
v 0.00253469 -0.0054963 0.0527
v 0.00208074 -0.005648 0.0542
v 0.00253469 -0.0054963 0.0542
v 0.00165485 -0.0062151 0.0542
v 0.00165485 -0.0062151 0.0527
v 0.00174928 -0.00599329 0.0542
v 0.00189405 -0.00580052 0.0542
v 0.00174928 -0.00599329 0.0527
v 0.00189405 -0.00580052 0.0527
v 0.00126779 -0.00379377 0.0527
v 0.00126779 -0.00379377 0.0542
v -0.00176213 -0.00624036 0.0542
v -0.00174266 -0.00648064 0.0542
v -0.00176213 -0.00624036 0.0527
v -0.00174266 -0.00648064 0.0527
v 0.00032305 -0.00398693 0.0527
v 0.00032305 -0.00398693 0.0542
v 0.00213886 -0.00338013 0.0527
v 0.00213886 -0.00338013 0.0542
v -0.00064048 -0.00394839 0.0527
v -0.00064048 -0.00394839 0.0542
v -0.00196744 -0.005808 0.0542
v -0.00196744 -0.005808 0.0527
v -0.00183853 -0.00601171 0.0542
v -0.00183853 -0.00601171 0.0527
v -0.00214135 -0.00564105 0.0527
v -0.00214135 -0.00564105 0.0542
v -0.00282262 -0.00544394 0.0527
v -0.00258174 -0.00545358 0.0527
v -0.00282262 -0.00544394 0.0542
v -0.00235017 -0.00552058 0.0542
v -0.00235017 -0.00552058 0.0527
v -0.00258174 -0.00545358 0.0542
v -0.00305881 -0.00549223 0.0527
v -0.00305881 -0.00549223 0.0542
v -0.00327657 -0.00559564 0.0527
v -0.00346327 -0.00574816 0.0527
v -0.00346327 -0.00574816 0.0542
v -0.00327657 -0.00559564 0.0542
v -0.00156678 -0.00368038 0.0527
v -0.00156678 -0.00368038 0.0542
v -0.00240202 -0.00319849 0.0542
v -0.00240202 -0.00319849 0.0527
v -0.00309767 -0.00253071 0.0527
v -0.00309767 -0.00253071 0.0542
v -0.00430864 -0.01012105 0.0527
v -0.00430864 -0.01012105 0.0542
v -0.00600068 -0.0092191 0.0542
v -0.00600068 -0.0092191 0.0527
v -0.00364518 -0.00686963 0.0527
v -0.00372159 -0.00664099 0.0527
v -0.00372159 -0.00664099 0.0542
v -0.00374106 -0.0064007 0.0542
v -0.00351628 -0.00707335 0.0527
v -0.00364518 -0.00686963 0.0542
v -0.00351628 -0.00707335 0.0542
v -0.00374106 -0.0064007 0.0527
v -0.00751039 -0.00803704 0.0527
v -0.00751039 -0.00803704 0.0542
v -0.00879191 -0.00661077 0.0527
v -0.00879191 -0.00661077 0.0542
v -0.00370246 -0.00616274 0.0542
v -0.00370246 -0.00616274 0.0527
v -0.00360803 -0.00594093 0.0542
v -0.00360803 -0.00594093 0.0527
v -0.00595831 -0.00346049 0.0542
v -0.00577162 -0.00330797 0.0542
v -0.00577162 -0.00330797 0.0527
v -0.00595831 -0.00346049 0.0527
v -0.00617608 -0.0035639 0.0527
v -0.00641227 -0.00361219 0.0527
v -0.00641227 -0.00361219 0.0542
v -0.00617608 -0.0035639 0.0542
v -0.00562685 -0.0031152 0.0527
v -0.00562685 -0.0031152 0.0542
v -0.00549383 -0.00265542 0.0542
v -0.00553243 -0.00289339 0.0542
v -0.00549383 -0.00265542 0.0527
v -0.00553243 -0.00289339 0.0527
v -0.00665315 -0.00360255 0.0527
v -0.00665315 -0.00360255 0.0542
v -0.00688472 -0.00353556 0.0542
v -0.00688472 -0.00353556 0.0527
v -0.00709353 -0.00341508 0.0542
v -0.00709353 -0.00341508 0.0527
v -0.00980629 -0.00498364 0.0542
v -0.00980629 -0.00498364 0.0527
v -0.00726744 -0.00324813 0.0542
v -0.00739635 -0.00304441 0.0542
v -0.00739635 -0.00304441 0.0527
v -0.00747276 -0.00281577 0.0527
v -0.00747276 -0.00281577 0.0542
v -0.00726744 -0.00324813 0.0527
v -0.01052271 -0.00320508 0.0527
v -0.01052271 -0.00320508 0.0542
v -0.00361329 -0.00171585 0.0542
v -0.00361329 -0.00171585 0.0527
v -0.00391893 -0.00080126 0.0542
v -0.00391893 -0.00080126 0.0527
v -0.0039968 0.00015988 0.0527
v -0.0039968 0.00015988 0.0542
v -0.00548007 0.00246392 0.0527
v -0.0038424 0.00111173 0.0527
v -0.0055745 0.00224211 0.0527
v -0.0038424 0.00111173 0.0542
v -0.0034647 0.00199897 0.0542
v -0.0055745 0.00224211 0.0542
v -0.0034647 0.00199897 0.0527
v 0.00064047 0.00394839 0.0542
v -0.00032305 0.00398693 0.0542
v 0.00064047 0.00394839 0.0527
v -0.00032305 0.00398693 0.0527
v -0.00165485 0.00621509 0.0542
v -0.00165485 0.00621509 0.0527
v -0.00208074 0.005648 0.0527
v -0.0012678 0.00379376 0.0527
v -0.00229851 0.00554458 0.0527
v -0.00174928 0.00599328 0.0527
v -0.00189405 0.00580051 0.0527
v -0.0012678 0.00379376 0.0542
v -0.00208074 0.005648 0.0542
v -0.00229851 0.00554458 0.0542
v -0.00189405 0.00580051 0.0542
v -0.00174928 0.00599328 0.0542
v -0.00161625 0.00645305 0.0527
v -0.00163573 0.00669334 0.0527
v -0.00184104 0.0071257 0.0527
v -0.00171213 0.00692198 0.0527
v -0.00163573 0.00669334 0.0542
v -0.00171213 0.00692198 0.0542
v -0.00161625 0.00645305 0.0542
v -0.00184104 0.0071257 0.0542
v -0.00288563 0.00277004 0.0527
v -0.00300715 0.00557293 0.0527
v -0.00213887 0.00338012 0.0527
v -0.00277558 0.00550593 0.0527
v -0.0025347 0.00549629 0.0527
v -0.00321596 0.0056934 0.0527
v -0.00277558 0.00550593 0.0542
v -0.00300715 0.00557293 0.0542
v -0.00213887 0.00338012 0.0542
v -0.00321596 0.0056934 0.0542
v -0.00288563 0.00277004 0.0542
v -0.0025347 0.00549629 0.0542
v -0.00553734 0.00317081 0.0527
v -0.00546094 0.00294217 0.0527
v -0.00544147 0.00270188 0.0527
v -0.00553734 0.00317081 0.0542
v -0.00546094 0.00294217 0.0542
v -0.00544147 0.00270188 0.0542
v -0.00548007 0.00246392 0.0542
v -0.00338987 0.00586035 0.0527
v -0.00351878 0.00606406 0.0527
v -0.00351878 0.00606406 0.0542
v -0.00338987 0.00586035 0.0542
v -0.00361465 0.00653299 0.0542
v -0.00361465 0.00653299 0.0527
v -0.00357605 0.00677095 0.0542
v -0.00359519 0.00629271 0.0542
v -0.00359519 0.00629271 0.0527
v -0.00357605 0.00677095 0.0527
v -0.00566625 0.00337453 0.0527
v -0.00584016 0.00354148 0.0527
v -0.00604898 0.00366195 0.0527
v -0.00652143 0.00373859 0.0527
v -0.00628055 0.00372895 0.0527
v -0.00675762 0.0036903 0.0527
v -0.00604898 0.00366195 0.0542
v -0.00584016 0.00354148 0.0542
v -0.00566625 0.00337453 0.0542
v -0.00628055 0.00372895 0.0542
v -0.00652143 0.00373859 0.0542
v -0.00675762 0.0036903 0.0542
v -0.0055133 -0.00241514 0.0527
v -0.0055897 -0.00218649 0.0527
v -0.0055133 -0.00241514 0.0542
v -0.0055897 -0.00218649 0.0542
v -0.00589252 -0.00181584 0.0527
v -0.00571861 -0.00198278 0.0527
v -0.00571861 -0.00198278 0.0542
v -0.00589252 -0.00181584 0.0542
v -0.00610133 -0.00169536 0.0527
v -0.00633291 -0.00162836 0.0527
v -0.00610133 -0.00169536 0.0542
v -0.00633291 -0.00162836 0.0542
v -0.00657379 -0.00161872 0.0527
v -0.00657379 -0.00161872 0.0542
v -0.00680998 -0.00166701 0.0527
v -0.00680998 -0.00166701 0.0542
v -0.00702775 -0.00177043 0.0542
v -0.00702775 -0.00177043 0.0527
v -0.00721444 -0.00192294 0.0527
v -0.00721444 -0.00192294 0.0542
v -0.00749223 -0.00257549 0.0542
v -0.00749223 -0.00257549 0.0527
v -0.00745363 -0.00233752 0.0542
v -0.0073592 -0.00211572 0.0527
v -0.0073592 -0.00211572 0.0542
v -0.00745363 -0.00233752 0.0527
v -0.00571926 0.00204934 0.0542
v -0.00590595 0.00189682 0.0542
v -0.00612372 0.00179341 0.0542
v -0.00590595 0.00189682 0.0527
v -0.00612372 0.00179341 0.0527
v -0.00571926 0.00204934 0.0527
v -0.00635991 0.00174512 0.0527
v -0.00683237 0.00182176 0.0527
v -0.00660079 0.00175475 0.0527
v -0.00704117 0.00194224 0.0527
v -0.00635991 0.00174512 0.0542
v -0.00683237 0.00182176 0.0542
v -0.00660079 0.00175475 0.0542
v -0.00704117 0.00194224 0.0542
v -0.01091941 -0.00132914 0.0542
v -0.01091941 -0.00132914 0.0527
v -0.01098432 0.00058718 0.0527
v -0.01098432 0.00058718 0.0542
v -0.00721509 0.00210918 0.0542
v -0.00721509 0.00210918 0.0527
v -0.00734399 0.00231289 0.0542
v -0.00734399 0.00231289 0.0527
v -0.0074204 0.00254154 0.0527
v -0.0074204 0.00254154 0.0542
v -0.00743987 0.00278182 0.0542
v -0.00740127 0.00301979 0.0542
v -0.00740127 0.00301979 0.0527
v -0.00730684 0.0032416 0.0542
v -0.00743987 0.00278182 0.0527
v -0.00730684 0.0032416 0.0527
v -0.00716208 0.00343436 0.0527
v -0.00716208 0.00343436 0.0542
v -0.00697539 0.00358689 0.0542
v -0.00697539 0.00358689 0.0527
v -0.01012105 0.00430863 0.0542
v -0.00348163 0.00699277 0.0542
v -0.00333686 0.00718553 0.0542
v -0.01012105 0.00430863 0.0527
v -0.00348163 0.00699277 0.0527
v -0.00333686 0.00718553 0.0527
v -0.01071548 0.00248567 0.0527
v -0.01071548 0.00248567 0.0542
v -0.00168602 0.02462831 0.03848223
v -0.00154992 0.02457038 0.03890496
v -0.00150379 0.02455073 0.03935
v -0.00096238 0.02595052 0.03890496
v -0.00131771 0.02610179 0.03810302
v -0.00091624 0.02593087 0.03935
v -0.00109848 0.02600846 0.03848223
v -0.00150379 0.02455073 0.0517
v -0.00091624 0.02593087 0.0532
v -0.00189548 0.02363064 0.0527
v -0.00130794 0.02501078 0.0542
v -0.0015136 0.02452767 0.05192252
v -0.00154257 0.02445962 0.05213388
v -0.00158924 0.02434999 0.05232349
v -0.00180832 0.02383538 0.05267493
v -0.00172553 0.02402985 0.05260097
v -0.00165126 0.02420431 0.05248183
v -0.00092607 0.02590781 0.05342252
v -0.00095503 0.02583976 0.05363388
v -0.0010017 0.02573014 0.05382349
v -0.00122078 0.02521552 0.05417493
v -0.00113799 0.02540999 0.05410097
v -0.00106372 0.02558445 0.05398183
v -0.00201495 0.00729265 0.0527
v -0.00245534 0.00748012 0.0542
v -0.00222376 0.00741312 0.0542
v -0.00201495 0.00729265 0.0542
v -0.00222376 0.00741312 0.0527
v -0.00269622 0.00748975 0.0542
v -0.00245534 0.00748012 0.0527
v -0.00269622 0.00748975 0.0527
v -0.00315017 0.00733805 0.0527
v -0.00315017 0.00733805 0.0542
v -0.0029324 0.00744146 0.0542
v -0.0029324 0.00744146 0.0527
v 0.04222724 0.03192057 0.01551711
v 0.04433283 0.03303713 0.01601338
v 0.04295269 0.03362467 0.01601338
v 0.04501351 0.03463605 0.01682372
v 0.04363337 0.03522359 0.01682372
v 0.04319533 0.03419463 0.02057727
v 0.04457548 0.03360709 0.02057727
v 0.04445115 0.03331506 0.02093553
v 0.0445048 0.03344106 0.02073713
v 0.04441767 0.03323641 0.02116094
v 0.04303753 0.03382395 0.02116094
v 0.04307101 0.0339026 0.02093553
v 0.04312465 0.0340286 0.02073713
v 0.0448452 0.03424067 0.02040754
v 0.04475077 0.03401886 0.02040754
v 0.04327894 0.03439103 0.02046524
v 0.04465909 0.03380349 0.02046524
v 0.04346505 0.03482821 0.02040754
v 0.04337062 0.0346064 0.02040754
v 0.04355673 0.03504357 0.02046524
v 0.04493688 0.03445603 0.02046524
v 0.04502049 0.03465243 0.02057727
v 0.0461598 0.0373287 0.01927934
v 0.04562873 0.03608121 0.01792351
v 0.04424859 0.03666875 0.01792351
v 0.04517829 0.03502313 0.02116094
v 0.04514481 0.03494447 0.02093553
v 0.04659058 0.03834061 0.02085
v 0.04509117 0.03481846 0.02073713
v 0.04364035 0.03523998 0.02057727
v 0.04371103 0.035406 0.02073713
v 0.04477965 0.03791624 0.01927934
v 0.04521044 0.03892815 0.02085
v 0.04376466 0.03553201 0.02093553
v 0.04379815 0.03561066 0.02116094
v 0.04440629 0.03320967 0.02140025
v 0.04445115 0.03331506 0.02186497
v 0.04374922 0.03166622 0.02305806
v 0.04441767 0.03323641 0.02163957
v 0.04457548 0.03360709 0.02222324
v 0.04403194 0.03233033 0.02369751
v 0.0445048 0.03344106 0.02206338
v 0.04465909 0.03380349 0.02233527
v 0.0426518 0.03291787 0.02369751
v 0.04236908 0.03225376 0.02305806
v 0.04424651 0.03283434 0.02449111
v 0.04307101 0.0339026 0.02186497
v 0.04303753 0.03382395 0.02163957
v 0.04302615 0.0337972 0.02140025
v 0.04203464 0.03146814 0.02260994
v 0.04312465 0.0340286 0.02206338
v 0.04518968 0.03504986 0.02140025
v 0.04380953 0.0356374 0.02140025
v 0.04514481 0.03494447 0.02186497
v 0.04379815 0.03561066 0.02163957
v 0.04517829 0.03502313 0.02163957
v 0.04509117 0.03481846 0.02206338
v 0.04376466 0.03553201 0.02186497
v 0.04371103 0.035406 0.02206338
v 0.04319533 0.03419463 0.02222324
v 0.04327894 0.03439103 0.02233527
v 0.04475077 0.03401886 0.02239296
v 0.04502049 0.03465243 0.02222324
v 0.04364035 0.03523998 0.02222324
v 0.04493688 0.03445603 0.02233527
v 0.04346505 0.03482821 0.02239296
v 0.04355673 0.03504357 0.02233527
v 0.04337062 0.0346064 0.02239296
v 0.0448452 0.03424067 0.02239296
v 0.04286637 0.03342188 0.02449111
v 0.04537855 0.03549352 0.02552702
v 0.04522074 0.03512283 0.02611068
v 0.04442597 0.0332559 0.02635
v 0.04438044 0.03314896 0.02539274
v 0.04525422 0.03520149 0.02588528
v 0.04530787 0.03532749 0.02568688
v 0.0430003 0.0337365 0.02539274
v 0.04304583 0.03384345 0.02635
v 0.04555384 0.03590529 0.02535729
v 0.04546216 0.03568992 0.02541498
v 0.04564827 0.0361271 0.02535729
v 0.04573995 0.03634246 0.02541498
v 0.0439984 0.03608106 0.02552702
v 0.04387408 0.03578903 0.02588528
v 0.04392772 0.03591503 0.02568688
v 0.0438406 0.03571037 0.02611068
v 0.04690799 0.0390862 0.02258778
v 0.04552784 0.03967374 0.02258778
v 0.04710237 0.03954282 0.02443987
v 0.04572223 0.04013036 0.02443987
v 0.04456773 0.03741844 0.02588528
v 0.0445141 0.03729244 0.02568688
v 0.04594788 0.03683089 0.02588528
v 0.04589424 0.0367049 0.02568688
v 0.04444342 0.03712641 0.02552702
v 0.04582356 0.03653887 0.02552702
v 0.04460122 0.0374971 0.02611068
v 0.04598136 0.03690955 0.02611068
v 0.0443598 0.03693 0.02541498
v 0.04408201 0.03627746 0.02541498
v 0.04426812 0.03671464 0.02535729
v 0.0441737 0.03649283 0.02535729
v 0.04716783 0.03969657 0.02635
v 0.04578768 0.04028411 0.02635
v 0.04525422 0.03520149 0.02681472
v 0.04438044 0.03314896 0.02730726
v 0.04522074 0.03512283 0.02658932
v 0.04530787 0.03532749 0.02701312
v 0.0430003 0.0337365 0.02730726
v 0.04520936 0.0350961 0.02635
v 0.04382921 0.03568364 0.02635
v 0.0438406 0.03571037 0.02658932
v 0.04387408 0.03578903 0.02681472
v 0.04392772 0.03591503 0.02701312
v 0.04546216 0.03568992 0.02728502
v 0.04493688 0.03445603 0.03036473
v 0.04537855 0.03549352 0.02717298
v 0.0448452 0.03424067 0.03030704
v 0.04424651 0.03283434 0.02820889
v 0.04286637 0.03342188 0.02820889
v 0.0439984 0.03608106 0.02717298
v 0.0426518 0.03291787 0.02900249
v 0.04403194 0.03233033 0.02900249
v 0.04346505 0.03482821 0.03030704
v 0.04465909 0.03380349 0.03036473
v 0.04457548 0.03360709 0.03047676
v 0.0445048 0.03344106 0.03063662
v 0.04374922 0.03166622 0.02964194
v 0.04475077 0.03401886 0.03030704
v 0.04445115 0.03331506 0.03083503
v 0.04441767 0.03323641 0.03153906
v 0.04440629 0.03320967 0.03129975
v 0.04441767 0.03323641 0.03106043
v 0.04302615 0.0337972 0.03129975
v 0.04303753 0.03382395 0.03153906
v 0.04303753 0.03382395 0.03106043
v 0.04307101 0.0339026 0.03083503
v 0.04564827 0.0361271 0.02734271
v 0.04509117 0.03481846 0.03063662
v 0.04555384 0.03590529 0.02734271
v 0.04573995 0.03634246 0.02728502
v 0.04514481 0.03494447 0.03083503
v 0.04502049 0.03465243 0.03047676
v 0.04312465 0.0340286 0.03063662
v 0.04319533 0.03419463 0.03047676
v 0.04337062 0.0346064 0.03030704
v 0.04327894 0.03439103 0.03036473
v 0.04364035 0.03523998 0.03047676
v 0.04355673 0.03504357 0.03036473
v 0.04371103 0.035406 0.03063662
v 0.04376466 0.03553201 0.03083503
v 0.04517829 0.03502313 0.03153906
v 0.04380953 0.0356374 0.03129975
v 0.04518968 0.03504986 0.03129975
v 0.04379815 0.03561066 0.03106043
v 0.04517829 0.03502313 0.03106043
v 0.04379815 0.03561066 0.03153906
v 0.04236908 0.03225376 0.02964194
v 0.04203464 0.03146814 0.03009007
v 0.0446126 0.03752383 0.02635
v 0.04599275 0.03693629 0.02635
v 0.04456773 0.03741844 0.02681472
v 0.04460122 0.0374971 0.02658932
v 0.04598136 0.03690955 0.02658932
v 0.04594788 0.03683089 0.02681472
v 0.0445141 0.03729244 0.02701312
v 0.04589424 0.0367049 0.02701312
v 0.04582356 0.03653887 0.02717298
v 0.04444342 0.03712641 0.02717298
v 0.0443598 0.03693 0.02728502
v 0.04690799 0.0390862 0.03011222
v 0.04408201 0.03627746 0.02728502
v 0.04426812 0.03671464 0.02734271
v 0.0441737 0.03649283 0.02734271
v 0.04572223 0.04013036 0.02826013
v 0.04710237 0.03954282 0.02826013
v 0.04552784 0.03967374 0.03011222
v 0.04659058 0.03834061 0.03185
v 0.04521044 0.03892815 0.03185
v 0.0445048 0.03344106 0.03196287
v 0.04445115 0.03331506 0.03176447
v 0.04457548 0.03360709 0.03212273
v 0.04307101 0.0339026 0.03176447
v 0.04312465 0.0340286 0.03196287
v 0.04319533 0.03419463 0.03212273
v 0.04465909 0.03380349 0.03223477
v 0.04327894 0.03439103 0.03223477
v 0.04337062 0.0346064 0.03229246
v 0.04475077 0.03401886 0.03229246
v 0.0448452 0.03424067 0.03229246
v 0.04346505 0.03482821 0.03229246
v 0.04501351 0.03463605 0.03587628
v 0.04295269 0.03362467 0.03668662
v 0.04433283 0.03303713 0.03668662
v 0.04363337 0.03522359 0.03587628
v 0.0461598 0.0373287 0.03342066
v 0.04514481 0.03494447 0.03176447
v 0.04355673 0.03504357 0.03223477
v 0.04493688 0.03445603 0.03223477
v 0.04364035 0.03523998 0.03212273
v 0.04502049 0.03465243 0.03212273
v 0.04371103 0.035406 0.03196287
v 0.04376466 0.03553201 0.03176447
v 0.04509117 0.03481846 0.03196287
v 0.04562873 0.03608121 0.03477649
v 0.04424859 0.03666875 0.03477649
v 0.04477965 0.03791624 0.03342066
v -0.00334398 0.02533412 0.01535
v -0.00234695 0.02653994 0.01529986
v -0.00293449 0.0251598 0.01529986
v -0.00275644 0.02671427 0.01535
v -0.001958 0.02637436 0.01515194
v -0.01411962 0.03155168 0.01535
v -0.00293449 0.0251598 0.03740014
v -0.00334398 0.02533412 0.03735
v -0.00234695 0.02653994 0.03740014
v -0.001958 0.02637436 0.03754806
v -0.00275644 0.02671427 0.03735
v -0.01411962 0.03155168 0.03735
v -0.0160873 0.03075908 0.01535
v -0.01431454 0.03166191 0.01535
v -0.01448004 0.03181275 0.01535
v -0.01460783 0.03199664 0.01535
v -0.0166157 0.03207087 0.01535
v -0.01472685 0.03242547 0.01535
v -0.0146915 0.03220435 0.01535
v -0.01667979 0.03185631 0.01535
v -0.01665918 0.03141175 0.01535
v -0.01644772 0.03102015 0.01535
v -0.01628222 0.03086931 0.01535
v -0.01669453 0.03163287 0.01535
v -0.01657552 0.03120404 0.01535
v -0.0160873 0.03075908 0.03735
v -0.01431454 0.03166191 0.03735
v -0.01448004 0.03181275 0.03735
v -0.01460783 0.03199664 0.03735
v -0.0146915 0.03220435 0.03735
v -0.01472685 0.03242547 0.03735
v -0.01644772 0.03102015 0.03735
v -0.01657552 0.03120404 0.03735
v -0.01665918 0.03141175 0.03735
v -0.01628222 0.03086931 0.03735
v -0.01669453 0.03163287 0.03735
v -0.01667979 0.03185631 0.03735
v -0.0166157 0.03207087 0.03735
v -0.01471211 0.03264891 0.01535
v -0.01464802 0.03286348 0.01535
v -0.00839013 0.05139288 0.01535
v -0.00917128 0.04572842 0.02057727
v -0.00908767 0.04592482 0.02046524
v -0.01046781 0.04651237 0.02046524
v -0.00924196 0.04556239 0.02073713
v -0.00700998 0.05080534 0.01535
v -0.01055142 0.04631596 0.02057727
v -0.0106221 0.04614994 0.02073713
v -0.01067574 0.04602393 0.02093553
v -0.01072061 0.04591854 0.02140025
v -0.01070923 0.04594528 0.02116094
v -0.0092956 0.04543639 0.02093553
v -0.00934047 0.045331 0.02140025
v -0.00932908 0.04535774 0.02116094
v -0.01142517 0.04426351 0.02568688
v -0.01152368 0.04403211 0.02635
v -0.0115123 0.04405885 0.02611068
v -0.01147881 0.0441375 0.02588528
v -0.01004503 0.04367597 0.02568688
v -0.01014354 0.04344457 0.02635
v -0.01013216 0.04347131 0.02611068
v -0.01009867 0.04354996 0.02588528
v -0.01464802 0.03286348 0.03735
v -0.01471211 0.03264891 0.03735
v -0.00890156 0.046362 0.02040754
v -0.0102817 0.04694954 0.02040754
v -0.00899599 0.04614019 0.02040754
v -0.01019002 0.04716491 0.02046524
v -0.01037613 0.04672773 0.02040754
v -0.00880987 0.04657736 0.02046524
v -0.00868332 0.05070418 0.01868688
v -0.00730317 0.05011664 0.01868688
v -0.00723249 0.05028266 0.01852702
v -0.0062618 0.05256283 0.01551711
v -0.00687109 0.05113161 0.01841498
v -0.00696277 0.05091624 0.01835729
v -0.0070572 0.05069443 0.01835729
v -0.00714888 0.05047907 0.01841498
v -0.00852902 0.05106661 0.01841498
v -0.00843734 0.05128197 0.01835729
v -0.00861264 0.05087021 0.01852702
v -0.00834292 0.05150378 0.01835729
v -0.00825123 0.05171915 0.01841498
v -0.01003573 0.04752734 0.02073713
v -0.01010641 0.04736131 0.02057727
v -0.00872626 0.04677377 0.02057727
v -0.00865558 0.04693979 0.02073713
v -0.00735681 0.04999063 0.01888528
v -0.00740168 0.04988524 0.01935
v -0.0073903 0.04991198 0.01911068
v -0.00735681 0.04999063 0.01981472
v -0.00860194 0.0470658 0.02093553
v -0.0073903 0.04991198 0.01958932
v -0.00856846 0.04714445 0.02116094
v -0.00730317 0.05011664 0.02001312
v -0.00877044 0.05049952 0.01958932
v -0.00878182 0.05047278 0.01935
v -0.00998209 0.04765334 0.02093553
v -0.00873696 0.05057817 0.01981472
v -0.00877044 0.05049952 0.01911068
v -0.00873696 0.05057817 0.01888528
v -0.0099486 0.04773199 0.02116094
v -0.00816762 0.05191555 0.01852702
v -0.00678748 0.05132801 0.01852702
v -0.00723249 0.05028266 0.02017298
v -0.00852902 0.05106661 0.02028502
v -0.00714888 0.05047907 0.02028502
v -0.00868332 0.05070418 0.02001312
v -0.00861264 0.05087021 0.02017298
v -0.00843734 0.05128197 0.02034271
v -0.00834292 0.05150378 0.02034271
v -0.0070572 0.05069443 0.02034271
v -0.00696277 0.05091624 0.02034271
v -0.00825123 0.05171915 0.02028502
v -0.00687109 0.05113161 0.02028502
v -0.00816762 0.05191555 0.02017298
v -0.00678748 0.05132801 0.02017298
v -0.00932908 0.04535774 0.02163957
v -0.01067574 0.04602393 0.02186497
v -0.0092956 0.04543639 0.02186497
v -0.01070923 0.04594528 0.02163957
v -0.0106221 0.04614994 0.02206338
v -0.00924196 0.04556239 0.02206338
v -0.01055142 0.04631596 0.02222324
v -0.00917128 0.04572842 0.02222324
v -0.01127088 0.04462594 0.02541498
v -0.01135449 0.04442954 0.02552702
v -0.00989074 0.0440384 0.02541498
v -0.00997435 0.043842 0.02552702
v -0.00993722 0.04775874 0.02140025
v -0.00855708 0.04717119 0.02140025
v -0.00860194 0.0470658 0.02186497
v -0.0099486 0.04773199 0.02163957
v -0.00856846 0.04714445 0.02163957
v -0.00998209 0.04765334 0.02186497
v -0.00865558 0.04693979 0.02206338
v -0.01003573 0.04752734 0.02206338
v -0.00818273 0.04805053 0.02369751
v -0.00872626 0.04677377 0.02222324
v -0.00880987 0.04657736 0.02233527
v -0.00839729 0.04754652 0.02449111
v -0.00890156 0.046362 0.02239296
v -0.00899599 0.04614019 0.02239296
v -0.01046781 0.04651237 0.02233527
v -0.00908767 0.04592482 0.02233527
v -0.01019002 0.04716491 0.02233527
v -0.01037613 0.04672773 0.02239296
v -0.0102817 0.04694954 0.02239296
v -0.01010641 0.04736131 0.02222324
v -0.00977744 0.04813406 0.02449111
v -0.00961294 0.04469094 0.02541498
v -0.00970463 0.04447558 0.02535729
v -0.00952933 0.04488734 0.02552702
v -0.00979906 0.04425376 0.02535729
v -0.0111792 0.0448413 0.02535729
v -0.01108477 0.04506312 0.02535729
v -0.01090948 0.04547488 0.02552702
v -0.01099309 0.04527848 0.02541498
v -0.01078516 0.04576692 0.02588528
v -0.0108388 0.04564091 0.02568688
v -0.00945866 0.04505337 0.02568688
v -0.00940501 0.04517937 0.02588528
v -0.01075167 0.04584557 0.02611068
v -0.00937153 0.04525803 0.02611068
v -0.01074029 0.04587231 0.02635
v -0.00936015 0.04528477 0.02635
v -0.00857676 0.04712495 0.02635
v -0.00853123 0.0472319 0.02539274
v -0.00991138 0.04781944 0.02539274
v -0.0099569 0.04771249 0.02635
v -0.00756557 0.04950026 0.02260994
v -0.00719884 0.05036172 0.02237916
v -0.00894571 0.0500878 0.02260994
v -0.00682113 0.05124896 0.02237916
v -0.0067168 0.05149404 0.02001312
v -0.0064544 0.05211042 0.02260994
v -0.00857898 0.05094926 0.02237916
v -0.00820127 0.0518365 0.02237916
v -0.00790001 0.04871464 0.02305806
v -0.00928016 0.04930218 0.02305806
v -0.00956288 0.04863807 0.02369751
v -0.00553635 0.05426694 0.01601338
v -0.0067168 0.05149404 0.01868688
v -0.00809694 0.05208157 0.01868688
v -0.00764194 0.05315038 0.01551711
v -0.00666316 0.05162004 0.01888528
v -0.00662967 0.0516987 0.01911068
v -0.00691649 0.05485448 0.01601338
v -0.00800982 0.05228624 0.01911068
v -0.0080433 0.05220759 0.01888528
v -0.00485567 0.05586587 0.01682372
v -0.0052937 0.0548369 0.02057727
v -0.00661829 0.05172544 0.01935
v -0.00799843 0.05231297 0.01935
v -0.00541802 0.05454487 0.02093553
v -0.00662967 0.0516987 0.01958932
v -0.00536438 0.05467088 0.02073713
v -0.00545151 0.05446622 0.02116094
v -0.00666316 0.05162004 0.01981472
v -0.00809694 0.05208157 0.02001312
v -0.00800982 0.05228624 0.01958932
v -0.0080433 0.05220759 0.01981472
v -0.0052101 0.05503331 0.02046524
v -0.00502398 0.05547049 0.02040754
v -0.00511841 0.05524867 0.02040754
v -0.00649855 0.0558362 0.02040754
v -0.00640413 0.05605802 0.02040754
v -0.00667385 0.05542445 0.02057727
v -0.00674453 0.05525841 0.02073713
v -0.00659024 0.05562085 0.02046524
v -0.00679817 0.05513242 0.02093553
v -0.00683165 0.05505376 0.02116094
v -0.00623581 0.0564534 0.01682372
v -0.00424045 0.05731102 0.01792351
v -0.00562059 0.05789856 0.01792351
v -0.00477801 0.05604828 0.02073713
v -0.00484869 0.05588225 0.02057727
v -0.00370938 0.05855852 0.01927934
v -0.00472437 0.05617428 0.02093553
v -0.0049323 0.05568585 0.02046524
v -0.0032786 0.05957042 0.02085
v -0.00469088 0.05625294 0.02116094
v -0.00631244 0.05627339 0.02046524
v -0.00622883 0.05646979 0.02057727
v -0.00615815 0.05663582 0.02073713
v -0.00508952 0.05914605 0.01927934
v -0.00465874 0.06015796 0.02085
v -0.00607103 0.05684047 0.02116094
v -0.00610451 0.05676183 0.02093553
v -0.00546289 0.05443948 0.02140025
v -0.00611995 0.05289603 0.02305806
v -0.00545151 0.05446622 0.02163957
v -0.00541802 0.05454487 0.02186497
v -0.00583724 0.05356014 0.02369751
v -0.00536438 0.05467088 0.02206338
v -0.0075001 0.05348358 0.02305806
v -0.0052937 0.0548369 0.02222324
v -0.00721738 0.05414769 0.02369751
v -0.00783454 0.05269795 0.02260994
v -0.00684304 0.05502702 0.02140025
v -0.00683165 0.05505376 0.02163957
v -0.00679817 0.05513242 0.02186497
v -0.00674453 0.05525841 0.02206338
v -0.00477801 0.05604828 0.02206338
v -0.00610451 0.05676183 0.02186497
v -0.00472437 0.05617428 0.02186497
v -0.00615815 0.05663582 0.02206338
v -0.00511841 0.05524867 0.02239296
v -0.00562267 0.05406415 0.02449111
v -0.0052101 0.05503331 0.02233527
v -0.00502398 0.05547049 0.02239296
v -0.00659024 0.05562085 0.02233527
v -0.00667385 0.05542445 0.02222324
v -0.00700282 0.0546517 0.02449111
v -0.00649855 0.0558362 0.02239296
v -0.00640413 0.05605802 0.02239296
v -0.00631244 0.05627339 0.02233527
v -0.0049323 0.05568585 0.02233527
v -0.00622883 0.05646979 0.02222324
v -0.00484869 0.05588225 0.02222324
v -0.00431534 0.0571351 0.02535729
v -0.00440702 0.05691973 0.02541498
v -0.00449063 0.05672333 0.02552702
v -0.00686888 0.05496632 0.02539274
v -0.00548874 0.05437878 0.02539274
v -0.00587078 0.05731088 0.02552702
v -0.00465982 0.05632591 0.02635
v -0.00544321 0.05448571 0.02635
v -0.00464844 0.05635265 0.02611068
v -0.00456131 0.05655731 0.02568688
v -0.00461496 0.05643131 0.02588528
v -0.00682335 0.05507326 0.02635
v -0.00602858 0.05694018 0.02611068
v -0.00594146 0.05714484 0.02568688
v -0.00603997 0.05691346 0.02635
v -0.0059951 0.05701884 0.02588528
v -0.00605965 0.05686721 0.02140025
v -0.0046795 0.05627968 0.02140025
v -0.00607103 0.05684047 0.02163957
v -0.00469088 0.05625294 0.02163957
v -0.00296119 0.06031602 0.02258778
v -0.00560105 0.05794445 0.02535729
v -0.00422091 0.05735691 0.02535729
v -0.00276681 0.06077263 0.02443987
v -0.00434134 0.06090355 0.02258778
v -0.00414695 0.06136017 0.02443987
v -0.00404562 0.05776869 0.02552702
v -0.00412923 0.05757228 0.02541498
v -0.00387643 0.05816611 0.02635
v -0.00525657 0.05875364 0.02635
v -0.00388781 0.05813937 0.02611068
v -0.00526796 0.05872691 0.02611068
v -0.0039213 0.05806071 0.02588528
v -0.00530144 0.05864825 0.02588528
v -0.00397494 0.05793471 0.02568688
v -0.00535508 0.05852224 0.02568688
v -0.00542576 0.05835622 0.02552702
v -0.00550937 0.05815981 0.02541498
v -0.00578717 0.05750727 0.02541498
v -0.00569549 0.05772265 0.02535729
v -0.00270135 0.06092638 0.02635
v -0.00408149 0.06151393 0.02635
v -0.01004503 0.04367597 0.02701312
v -0.01009867 0.04354996 0.02681472
v -0.01013216 0.04347131 0.02658932
v -0.00934047 0.045331 0.03129975
v -0.01147881 0.0441375 0.02681472
v -0.0115123 0.04405885 0.02658932
v -0.01142517 0.04426351 0.02701312
v -0.01072061 0.04591854 0.03129975
v -0.00924196 0.04556239 0.03196287
v -0.0092956 0.04543639 0.03176447
v -0.01070923 0.04594528 0.03153906
v -0.01067574 0.04602393 0.03176447
v -0.00932908 0.04535774 0.03153906
v -0.0106221 0.04614994 0.03196287
v -0.00700998 0.05080534 0.03735
v -0.00908767 0.04592482 0.03223477
v -0.01046781 0.04651237 0.03223477
v -0.01055142 0.04631596 0.03212273
v -0.00917128 0.04572842 0.03212273
v -0.00839013 0.05139288 0.03735
v -0.01127088 0.04462594 0.02728502
v -0.0111792 0.0448413 0.02734271
v -0.00989074 0.0440384 0.02728502
v -0.00979906 0.04425376 0.02734271
v -0.01135449 0.04442954 0.02717298
v -0.00997435 0.043842 0.02717298
v -0.01075167 0.04584557 0.02658932
v -0.00937153 0.04525803 0.02658932
v -0.01078516 0.04576692 0.02681472
v -0.00940501 0.04517937 0.02681472
v -0.01090948 0.04547488 0.02717298
v -0.0108388 0.04564091 0.02701312
v -0.00952933 0.04488734 0.02717298
v -0.01108477 0.04506312 0.02734271
v -0.01099309 0.04527848 0.02728502
v -0.00970463 0.04447558 0.02734271
v -0.00961294 0.04469094 0.02728502
v -0.00945866 0.04505337 0.02701312
v -0.00917128 0.04572842 0.03047676
v -0.00924196 0.04556239 0.03063662
v -0.00908767 0.04592482 0.03036473
v -0.00932908 0.04535774 0.03106043
v -0.0092956 0.04543639 0.03083503
v -0.00899599 0.04614019 0.03030704
v -0.01070923 0.04594528 0.03106043
v -0.01067574 0.04602393 0.03083503
v -0.0106221 0.04614994 0.03063662
v -0.00853123 0.0472319 0.02730726
v -0.00839729 0.04754652 0.02820889
v -0.00991138 0.04781944 0.02730726
v -0.00977744 0.04813406 0.02820889
v -0.01037613 0.04672773 0.03030704
v -0.01046781 0.04651237 0.03036473
v -0.01055142 0.04631596 0.03047676
v -0.00890156 0.046362 0.03030704
v -0.00880987 0.04657736 0.03036473
v -0.00865558 0.04693979 0.03063662
v -0.00872626 0.04677377 0.03047676
v -0.00818273 0.04805053 0.02900249
v -0.0102817 0.04694954 0.03030704
v -0.01019002 0.04716491 0.03036473
v -0.01010641 0.04736131 0.03047676
v -0.01003573 0.04752734 0.03063662
v -0.00855708 0.04717119 0.03129975
v -0.00993722 0.04775874 0.03129975
v -0.00856846 0.04714445 0.03106043
v -0.0099486 0.04773199 0.03106043
v -0.00860194 0.0470658 0.03083503
v -0.00998209 0.04765334 0.03083503
v -0.00865558 0.04693979 0.03196287
v -0.00998209 0.04765334 0.03176447
v -0.00860194 0.0470658 0.03176447
v -0.01003573 0.04752734 0.03196287
v -0.00856846 0.04714445 0.03153906
v -0.0099486 0.04773199 0.03153906
v -0.00730317 0.05011664 0.03268688
v -0.00756557 0.04950026 0.03009007
v -0.00719884 0.05036172 0.03032083
v -0.00723249 0.05028266 0.03252701
v -0.00714888 0.05047907 0.03241498
v -0.0064544 0.05211042 0.03009007
v -0.00678748 0.05132801 0.03252701
v -0.00682113 0.05124896 0.03032083
v -0.0067168 0.05149404 0.03268688
v -0.0070572 0.05069443 0.03235729
v -0.00696277 0.05091624 0.03235729
v -0.00687109 0.05113161 0.03241498
v -0.00843734 0.05128197 0.03235729
v -0.00820127 0.0518365 0.03032083
v -0.00857898 0.05094926 0.03032083
v -0.00956288 0.04863807 0.02900249
v -0.00928016 0.04930218 0.02964194
v -0.00790001 0.04871464 0.02964194
v -0.00894571 0.0500878 0.03009007
v -0.00868332 0.05070418 0.03268688
v -0.00861264 0.05087021 0.03252701
v -0.00852902 0.05106661 0.03241498
v -0.01037613 0.04672773 0.03229246
v -0.00899599 0.04614019 0.03229246
v -0.0102817 0.04694954 0.03229246
v -0.00890156 0.046362 0.03229246
v -0.01019002 0.04716491 0.03223477
v -0.00880987 0.04657736 0.03223477
v -0.00735681 0.04999063 0.03381472
v -0.01010641 0.04736131 0.03212273
v -0.00872626 0.04677377 0.03212273
v -0.00735681 0.04999063 0.03288528
v -0.0073903 0.04991198 0.03311068
v -0.0073903 0.04991198 0.03358932
v -0.00730317 0.05011664 0.03401312
v -0.00740168 0.04988524 0.03335
v -0.00873696 0.05057817 0.03381472
v -0.00877044 0.05049952 0.03358932
v -0.00878182 0.05047278 0.03335
v -0.00877044 0.05049952 0.03311068
v -0.00868332 0.05070418 0.03401312
v -0.00873696 0.05057817 0.03288528
v -0.00816762 0.05191555 0.03252701
v -0.00825123 0.05171915 0.03241498
v -0.00834292 0.05150378 0.03235729
v -0.00696277 0.05091624 0.03434271
v -0.00825123 0.05171915 0.03428502
v -0.00687109 0.05113161 0.03428502
v -0.00678748 0.05132801 0.03417299
v -0.00816762 0.05191555 0.03417299
v -0.0067168 0.05149404 0.03401312
v -0.0070572 0.05069443 0.03434271
v -0.00714888 0.05047907 0.03428502
v -0.00723249 0.05028266 0.03417299
v -0.0062618 0.05256283 0.03718288
v -0.00843734 0.05128197 0.03434271
v -0.00834292 0.05150378 0.03434271
v -0.00861264 0.05087021 0.03417299
v -0.00852902 0.05106661 0.03428502
v -0.00449063 0.05672333 0.02717298
v -0.00562267 0.05406415 0.02820889
v -0.00456131 0.05655731 0.02701312
v -0.00548874 0.05437878 0.02730726
v -0.00461496 0.05643131 0.02681472
v -0.00464844 0.05635265 0.02658932
v -0.00686888 0.05496632 0.02730726
v -0.0059951 0.05701884 0.02681472
v -0.00602858 0.05694018 0.02658932
v -0.00700282 0.0546517 0.02820889
v -0.00594146 0.05714484 0.02701312
v -0.00587078 0.05731088 0.02717298
v -0.0049323 0.05568585 0.03036473
v -0.00502398 0.05547049 0.03030704
v -0.00484869 0.05588225 0.03047676
v -0.00440702 0.05691973 0.02728502
v -0.00477801 0.05604828 0.03063662
v -0.00431534 0.0571351 0.02734271
v -0.00583724 0.05356014 0.02900249
v -0.00721738 0.05414769 0.02900249
v -0.00640413 0.05605802 0.03030704
v -0.00536438 0.05467088 0.03063662
v -0.00611995 0.05289603 0.02964194
v -0.00783454 0.05269795 0.03009007
v -0.0075001 0.05348358 0.02964194
v -0.00545151 0.05446622 0.03106043
v -0.00541802 0.05454487 0.03083503
v -0.00545151 0.05446622 0.03153906
v -0.00546289 0.05443948 0.03129975
v -0.00809694 0.05208157 0.03268688
v -0.00683165 0.05505376 0.03153906
v -0.00684304 0.05502702 0.03129975
v -0.0052101 0.05503331 0.03036473
v -0.00667385 0.05542445 0.03047676
v -0.0052937 0.0548369 0.03047676
v -0.00674453 0.05525841 0.03063662
v -0.00511841 0.05524867 0.03030704
v -0.00679817 0.05513242 0.03083503
v -0.00683165 0.05505376 0.03106043
v -0.00659024 0.05562085 0.03036473
v -0.00649855 0.0558362 0.03030704
v -0.00622883 0.05646979 0.03047676
v -0.00631244 0.05627339 0.03036473
v -0.00615815 0.05663582 0.03063662
v -0.00679817 0.05513242 0.03176447
v -0.00674453 0.05525841 0.03196287
v -0.00541802 0.05454487 0.03176447
v -0.00536438 0.05467088 0.03196287
v -0.00477801 0.05604828 0.03196287
v -0.00610451 0.05676183 0.03176447
v -0.00472437 0.05617428 0.03176447
v -0.00610451 0.05676183 0.03083503
v -0.00472437 0.05617428 0.03083503
v -0.00615815 0.05663582 0.03196287
v -0.0039213 0.05806071 0.02681472
v -0.00526796 0.05872691 0.02658932
v -0.00388781 0.05813937 0.02658932
v -0.00530144 0.05864825 0.02681472
v -0.00422091 0.05735691 0.02734271
v -0.00550937 0.05815981 0.02728502
v -0.00412923 0.05757228 0.02728502
v -0.00535508 0.05852224 0.02701312
v -0.00397494 0.05793471 0.02701312
v -0.00404562 0.05776869 0.02717298
v -0.00542576 0.05835622 0.02717298
v -0.00296119 0.06031602 0.03011222
v -0.00578717 0.05750727 0.02728502
v -0.00569549 0.05772265 0.02734271
v -0.00560105 0.05794445 0.02734271
v -0.00276681 0.06077263 0.02826013
v -0.00414695 0.06136017 0.02826013
v -0.00434134 0.06090355 0.03011222
v -0.00607103 0.05684047 0.03153906
v -0.00469088 0.05625294 0.03153906
v -0.00605965 0.05686721 0.03129975
v -0.0046795 0.05627968 0.03129975
v -0.00607103 0.05684047 0.03106043
v -0.00469088 0.05625294 0.03106043
v -0.00465874 0.06015796 0.03185
v -0.0032786 0.05957042 0.03185
v -0.00662967 0.0516987 0.03311068
v -0.00666316 0.05162004 0.03288528
v -0.0052937 0.0548369 0.03212273
v -0.00661829 0.05172544 0.03335
v -0.00662967 0.0516987 0.03358932
v -0.00799843 0.05231297 0.03335
v -0.0080433 0.05220759 0.03288528
v -0.00800982 0.05228624 0.03311068
v -0.00800982 0.05228624 0.03358932
v -0.0080433 0.05220759 0.03381472
v -0.00666316 0.05162004 0.03381472
v -0.00809694 0.05208157 0.03401312
v -0.00553635 0.05426694 0.03668662
v -0.00502398 0.05547049 0.03229246
v -0.00485567 0.05586587 0.03587628
v -0.00511841 0.05524867 0.03229246
v -0.00659024 0.05562085 0.03223477
v -0.0052101 0.05503331 0.03223477
v -0.00649855 0.0558362 0.03229246
v -0.00667385 0.05542445 0.03212273
v -0.00691649 0.05485448 0.03668662
v -0.00764194 0.05315038 0.03718288
v -0.00623581 0.0564534 0.03587628
v -0.0049323 0.05568585 0.03223477
v -0.00424045 0.05731102 0.03477649
v -0.00484869 0.05588225 0.03212273
v -0.00370938 0.05855852 0.03342066
v -0.00640413 0.05605802 0.03229246
v -0.00631244 0.05627339 0.03223477
v -0.00622883 0.05646979 0.03212273
v -0.00562059 0.05789856 0.03477649
v -0.00508952 0.05914605 0.03342066
vn 0.92008 -0.39172 4E-05
vn 0.92011 -0.39166 -0.0001
vn 0.92009 -0.3917 0
vn 0.92009 -0.3917 1E-05
vn 0.92016 -0.39155 -7E-05
vn 0.9201 -0.39168 1E-05
vn 0.9201 -0.39169 0
vn 0.92009 -0.3917 -0
vn 0.9201 -0.39169 -0
vn 0.92009 -0.3917 -1E-05
vn 0.92009 -0.3917 -1E-05
vn 0.9201 -0.39169 1E-05
vn 0.9201 -0.39169 0
vn 0.9201 -0.39169 -0
vn 0.9201 -0.39169 -0
vn 0.9201 -0.39169 -0
vn -0 0 -1
vn -0 0 -1
vn -0 -0 -1
vn 0 0 -1
vn -0 -0 -1
vn 0 -0 -1
vn 0 0 -1
vn 0 0 -1
vn -0 0 -1
vn -0 -0 -1
vn -0 0 -1
vn -0 0 -1
vn -0 0 -1
vn -0 -0 -1
vn 0.9201 -0.39169 -0
vn 0.9201 -0.39169 0
vn 0.92009 -0.3917 1E-05
vn -0 0 -1
vn -0.9201 0.39169 2E-05
vn -0.9201 0.39169 -0
vn 0.92009 -0.3917 2E-05
vn -0.9201 0.39169 1E-05
vn -0.92009 0.3917 -2E-05
vn -0.92009 0.3917 -1E-05
vn 0.9201 -0.39169 -1E-05
vn 0.9201 -0.39169 -2E-05
vn 0.9201 -0.39169 -1E-05
vn 0.92009 -0.39171 2E-05
vn -0.9201 0.39168 1E-05
vn -0.92009 0.39171 -2E-05
vn 0.9201 -0.39169 -0
vn 0.9201 -0.39169 -0
vn -0.92009 0.39171 -2E-05
vn -0.9201 0.39169 0
vn -0 0 -1
vn -0.9201 0.39169 -0
vn 0.18203 0.42759 0.88545
vn 0.18203 0.42759 0.88546
vn 0.09374 0.22019 0.97094
vn 0.09374 0.2202 0.97094
vn 0.25974 0.61013 0.74851
vn 0 -0 1
vn -0.09374 -0.22019 0.97094
vn -0.18203 -0.42759 0.88545
vn -0.18203 -0.42759 0.88546
vn -0.25974 -0.61013 0.74851
vn 0 0 1
vn 0.92009 -0.3917 -0
vn 0.92009 -0.3917 -1E-05
vn 0.92009 -0.3917 -0
vn -0.9201 0.39169 0
vn -0.92009 0.3917 0
vn -0.92008 0.39173 4E-05
vn 0.9201 -0.39169 -0
vn 0.9201 -0.39169 0
vn 0.92009 -0.39171 0
vn 0.92009 -0.3917 0
vn 0.03414 0.08019 -0.99619
vn 0.9201 -0.39168 1E-05
vn 0.92009 -0.3917 -0
vn 0.92011 -0.39166 1E-05
vn 0.92009 -0.3917 0
vn -0.92009 0.3917 0
vn -0.9201 0.39169 0
vn -0.9201 0.39168 -0
vn -0.92009 0.3917 0
vn -0.92009 0.3917 0
vn 0.92009 -0.3917 -1E-05
vn 0.92009 -0.3917 -2E-05
vn 0.9201 -0.39168 4E-05
vn 0.9201 -0.39169 2E-05
vn 0.9201 -0.39169 2E-05
vn 0.9201 -0.39169 -0
vn 0.92009 -0.3917 -2E-05
vn 0.92009 -0.3917 -2E-05
vn 0.9201 -0.39169 1E-05
vn 0.9201 -0.39169 2E-05
vn 0.92009 -0.3917 -3E-05
vn -0.9201 0.39169 -2E-05
vn -0.9201 0.39169 -2E-05
vn -0.9201 0.39169 -2E-05
vn -0.9201 0.39169 0
vn -0.92009 0.3917 1E-05
vn -0.9201 0.39169 -0
vn -0.92009 0.3917 1E-05
vn -0.92009 0.3917 2E-05
vn -0.9201 0.39169 -1E-05
vn -0.9201 0.39169 -0
vn -0.9201 0.39169 -1E-05
vn 0.18203 0.42758 0.88546
vn 0.18203 0.42759 0.88546
vn 0.25974 0.61013 0.74851
vn 0.32236 0.75723 0.56806
vn 0.32236 0.75724 0.56805
vn 0 -0 1
vn 0.09374 0.2202 0.97094
vn 0.09374 0.22019 0.97094
vn 0.38884 0.91339 0.12052
vn 0.36624 0.8603 0.35463
vn 0.36624 0.8603 0.35461
vn 0.38884 0.91339 0.12053
vn -0.09374 -0.2202 0.97094
vn -0.09374 -0.22019 0.97094
vn -0.18202 -0.42758 0.88546
vn -0.18203 -0.4276 0.88545
vn -0.25974 -0.61013 0.74851
vn -0.32236 -0.75724 0.56805
vn -0.32236 -0.75723 0.56806
vn -0.36624 -0.8603 0.35461
vn -0.38884 -0.91339 0.12053
vn 0.36624 0.8603 -0.35462
vn 0.38884 0.91339 -0.12053
vn 0.36624 0.8603 -0.35461
vn 0.38884 0.91339 -0.12052
vn 0.32236 0.75723 -0.56806
vn 0.09374 0.22019 -0.97094
vn 0.18203 0.42759 -0.88545
vn 0.09374 0.22019 -0.97094
vn 0.25974 0.61013 -0.74851
vn 0.18203 0.42759 -0.88546
vn 0.32236 0.75723 -0.56805
vn -0.36624 -0.8603 -0.35461
vn -0.38884 -0.91339 -0.12053
vn -0.18203 -0.4276 -0.88545
vn -0 0 -1
vn -0.09373 -0.22018 -0.97094
vn -0.09374 -0.22019 -0.97094
vn -0.32236 -0.75723 -0.56806
vn -0.18203 -0.42758 -0.88546
vn -0.25974 -0.61013 -0.74851
vn -0.32236 -0.75723 -0.56805
vn -0.38884 -0.91339 0.12052
vn -0.36624 -0.86031 0.3546
vn -0.38884 -0.91339 0.12053
vn -0.32236 -0.75723 0.56806
vn -0.32236 -0.75722 0.56806
vn -0.38884 -0.91339 -0.12052
vn -0.36624 -0.86031 -0.3546
vn -0.36624 -0.8603 -0.35461
vn -0.32236 -0.75723 -0.56806
vn -0.38884 -0.91339 -0.12053
vn -0.32236 -0.75722 -0.56806
vn 0.9201 -0.39169 -0
vn 0.92009 -0.3917 0
vn 0.9201 -0.39168 -1E-05
vn 0.92009 -0.3917 1E-05
vn 0.9201 -0.39169 0
vn 0.9201 -0.39169 0
vn 0.9201 -0.39169 -2E-05
vn 0.92009 -0.39171 2E-05
vn 0.9201 -0.39169 -1E-05
vn -0.25974 -0.61013 -0.74851
vn -0.18203 -0.42759 -0.88545
vn -0.09374 -0.22019 -0.97094
vn -0.18203 -0.42759 -0.88546
vn 0.32236 0.75722 0.56808
vn 0.32236 0.75722 0.56806
vn 0.25974 0.61013 -0.74851
vn 0.32236 0.75722 -0.56808
vn 0.36624 0.8603 -0.35461
vn 0.38884 0.91339 -0.12053
vn 0.32236 0.75722 -0.56806
vn -0.9201 0.39168 -1E-05
vn 0.18203 0.42759 -0.88546
vn -0.92008 0.39173 1E-05
vn 0.92008 -0.39173 -1E-05
vn 0.9201 -0.39168 1E-05
vn 0.09374 0.2202 -0.97094
vn 0.18203 0.42759 -0.88545
vn -0 0 -1
vn 0.09374 0.22019 -0.97094
vn -0 -0 -1
vn -0.92009 0.3917 -0
vn -0.9201 0.39168 1E-05
vn 0.9201 -0.39169 -0
vn 0.92009 -0.3917 -0
vn 0.92009 -0.3917 -0
vn 0.92009 -0.3917 -0
vn 0.9201 -0.39168 1E-05
vn 0.92009 -0.3917 -0
vn 0.92009 -0.3917 -0
vn 0.9201 -0.39168 1E-05
vn 0.9201 -0.39169 -0
vn 0.9201 -0.39168 0
vn -0.92011 0.39167 -1E-05
vn -0.92009 0.3917 0
vn -0.92008 0.39172 1E-05
vn -0.92009 0.3917 0
vn -0.9201 0.39168 -1E-05
vn 0.18203 0.4276 0.88545
vn 0.18203 0.42758 0.88546
vn 0.09373 0.22018 0.97095
vn 0.09373 0.22019 0.97094
vn 0.32236 0.75723 0.56806
vn 0.25974 0.61014 0.74851
vn 0 0 1
vn 0.32236 0.75723 0.56805
vn 0.38884 0.91339 0.12053
vn 0 -0 1
vn -0.09373 -0.22018 0.97094
vn -0.09373 -0.22018 0.97095
vn -0.18203 -0.42759 0.88546
vn -0.18203 -0.42759 0.88545
vn -0.25974 -0.61014 0.74851
vn -0.32236 -0.75723 0.56806
vn -0.32236 -0.75723 0.56805
vn -0.36624 -0.8603 0.35463
vn -0.38884 -0.91339 0.12052
vn -0.38884 -0.91339 0.12053
vn -0.92009 0.3917 0
vn -0.9201 0.39169 0
vn -0.92008 0.39172 1E-05
vn 0.36624 0.8603 0.35461
vn -0.9201 0.39169 -0
vn -0.9201 0.39168 -1E-05
vn -0.92011 0.39166 -1E-05
vn 0.9201 -0.39169 0
vn 0.9201 -0.39169 0
vn 0.92009 -0.3917 -1E-05
vn 0.9201 -0.39169 1E-05
vn 0.9201 -0.39169 1E-05
vn 0.92009 -0.3917 0
vn 0.38884 0.91339 0.12054
vn 0.38884 0.91339 0.12053
vn 0.92009 -0.3917 -1E-05
vn -0.9201 0.39169 -0
vn -0.9201 0.39169 -1E-05
vn -0.92009 0.3917 0
vn -0.9201 0.3917 -0
vn -0.92009 0.3917 3E-05
vn -0.9201 0.39169 2E-05
vn 0.92009 -0.3917 0
vn 0.92009 -0.3917 0
vn 0.9201 -0.39169 0
vn 0.92009 -0.3917 1E-05
vn 0.9201 -0.39169 0
vn 0.18203 0.42759 0.88546
vn 0.09374 0.22019 0.97094
vn -0.9201 0.39169 -0
vn -0.9201 0.39168 2E-05
vn -0.92009 0.39171 -2E-05
vn -0.9201 0.39169 0
vn -0.9201 0.39168 2E-05
vn -0.92009 0.3917 0
vn -0.92009 0.3917 0
vn -0.92009 0.39171 -2E-05
vn -0.9201 0.39169 1E-05
vn 0.36624 0.86031 0.3546
vn 0.32235 0.75722 0.56807
vn -0.9201 0.39169 -0
vn 0.32236 0.75723 0.56806
vn 0.25974 0.61014 0.74851
vn 0.9201 -0.39169 0
vn 0.9201 -0.39167 -0
vn 0.92009 -0.39171 0
vn 0.9201 -0.39169 -0
vn 0.9201 -0.39169 -0
vn 0.92009 -0.3917 -0
vn 0.92009 -0.3917 -0
vn 0.92011 -0.39166 -0
vn -0.09374 -0.22019 0.97094
vn -0.9201 0.39168 -0
vn -0.92009 0.3917 -0
vn -0.9201 0.39169 -0
vn 0 -0 1
vn 0.09374 0.22019 0.97094
vn -0.9201 0.39169 0
vn 0 -0 1
vn -0.92009 0.3917 -0
vn -0.92009 0.3917 0
vn -0.92009 0.3917 0
vn -0.9201 0.39169 0
vn -0 0 -1
vn -0 0 -1
vn 0.86847 -0.36971 -0.33027
vn 0.86847 -0.36972 -0.33026
vn 0.77906 -0.33165 -0.53204
vn 0.91431 -0.38923 -0.11197
vn 0.91431 -0.38923 -0.11197
vn 0.48953 -0.2084 -0.84672
vn 0.48952 -0.20839 -0.84672
vn 0.30389 -0.12937 -0.94388
vn 0.30389 -0.12937 -0.94388
vn 0.10302 -0.04386 -0.99371
vn 0.10302 -0.04386 -0.99371
vn 0.65061 -0.27697 -0.70711
vn 0.65061 -0.27697 -0.70711
vn -0.39169 -0.9201 -0
vn -0.3917 -0.92009 -0
vn -0.39168 -0.9201 -0
vn 0.39169 0.9201 0
vn 0.87045 -0.49225 -0
vn 0.37365 -0.92757 -0
vn 0.37365 -0.92757 -0
vn 0.87045 -0.49225 -0
vn 0.57068 -0.82117 -0
vn 0.57068 -0.82117 -0
vn 0.7391 -0.6736 -0
vn 0.7391 -0.6736 -0
vn 0.15786 -0.98746 -0
vn 0.15786 -0.98746 -0
vn -0.28624 -0.95816 -0
vn -0.06581 -0.99783 -0
vn -0.06581 -0.99783 -0
vn -0.57068 0.82117 0
vn -0.7391 0.6736 0
vn -0.87045 0.49225 0
vn -0.7391 0.6736 0
vn -0.57068 0.82117 0
vn -0.87045 0.49225 0
vn -0.37365 0.92757 0
vn -0.37365 0.92757 0
vn 0.06585 0.99783 0
vn 0.06585 0.99783 0
vn -0.15786 0.98746 0
vn -0.15786 0.98746 0
vn 0.9201 -0.39169 -0
vn -0.9201 0.39169 0
vn 0 -0 1
vn 0 -0 1
vn 0 0 1
vn 0 0 1
vn 0 -0 1
vn 0 -0 1
vn 0 -0 1
vn 0 -0 1
vn 0 -0 1
vn 0 -0 1
vn 0 0 1
vn -0 -0 1
vn 0 -0 1
vn -0.92009 0.39171 2E-05
vn 0.9201 -0.39169 0
vn -0.9201 0.39168 -1E-05
vn -0.9201 0.39169 -0
vn 0.92009 -0.39171 -2E-05
vn 0.9201 -0.39169 0
vn -0.92009 0.39171 2E-05
vn 0.9201 -0.39169 1E-05
vn 0.92009 -0.3917 -2E-05
vn -0.92009 0.3917 1E-05
vn 0.9201 -0.39169 1E-05
vn 0.9201 -0.39169 2E-05
vn -0.92009 0.3917 2E-05
vn -0.9201 0.39169 -1E-05
vn -0.9201 0.39169 0
vn -0.9201 0.39169 -2E-05
vn 0.9201 -0.39169 0
vn 0.9201 -0.39169 -0
vn 0.92009 -0.3917 -1E-05
vn 0 -0 1
vn 0.38884 0.91339 -0.12053
vn 0.18202 0.42757 -0.88547
vn 0.25974 0.61014 -0.74851
vn 0.09374 0.2202 -0.97094
vn 0.18203 0.42759 -0.88546
vn 0.09374 0.22019 -0.97094
vn -0.36624 -0.8603 -0.35463
vn -0.38884 -0.91339 -0.12053
vn -0.36624 -0.8603 -0.35461
vn -0.38884 -0.91339 -0.12052
vn -0 -0 -1
vn 0 0 -1
vn -0.18202 -0.42758 -0.88546
vn -0.09374 -0.2202 -0.97094
vn -0.18202 -0.42758 -0.88546
vn -0.25974 -0.61014 -0.74851
vn 0.92009 -0.3917 0
vn 0.9201 -0.39168 -1E-05
vn 0.92009 -0.3917 0
vn 0.9201 -0.39168 -1E-05
vn 0.92009 -0.3917 0
vn 0.9201 -0.39169 0
vn 0.9201 -0.39169 0
vn 0.92009 -0.3917 0
vn 0.92009 -0.3917 0
vn 0.9201 -0.39168 -0
vn -0.92009 0.3917 -0
vn -0.92008 0.39172 -1E-05
vn -0.92011 0.39167 1E-05
vn -0.92009 0.3917 -0
vn -0.9201 0.39168 1E-05
vn 0.92009 -0.3917 1E-05
vn 0.9201 -0.39169 -1E-05
vn 0.92009 -0.3917 1E-05
vn 0.9201 -0.39169 -1E-05
vn 0.9201 -0.39169 -0
vn 0.92009 -0.3917 -0
vn 0.38884 0.91339 -0.12053
vn -0.92009 0.3917 -3E-05
vn -0.92009 0.3917 -0
vn 0.38884 0.91339 -0.12054
vn -0.9201 0.39169 1E-05
vn -0.9201 0.3917 0
vn -0.9201 0.39169 0
vn -0.9201 0.39169 -2E-05
vn -0.9201 0.39169 -0
vn -0.92011 0.39166 1E-05
vn -0.9201 0.39168 1E-05
vn -0.92009 0.3917 -0
vn -0.92008 0.39172 -1E-05
vn -0.9201 0.39169 0
vn 0.36624 0.8603 -0.35461
vn 0.9201 -0.39169 -0
vn 0.92009 -0.3917 -0
vn 0.92009 -0.3917 -1E-05
vn 0.9201 -0.39169 1E-05
vn 0.9201 -0.39168 1E-05
vn 0.92009 -0.39171 -2E-05
vn 0.9201 -0.39169 2E-05
vn 0.9201 -0.39169 0
vn 0.9201 -0.39169 -0
vn 0.9201 -0.39169 -0
vn -0.25974 -0.61013 0.74852
vn -0.18203 -0.42759 0.88545
vn -0.18203 -0.4276 0.88545
vn -0.32236 -0.75723 0.56806
vn -0.32236 -0.75723 0.56805
vn -0.32236 -0.75723 -0.56806
vn -0.32236 -0.75723 -0.56805
vn 0.9201 -0.39168 -1E-05
vn 0.92008 -0.39173 1E-05
vn -0.92008 0.39173 -1E-05
vn 0.18203 0.42759 0.88545
vn -0.9201 0.39168 1E-05
vn 0.25974 0.61013 0.74852
vn 0.32236 0.75722 0.56807
vn 0.32236 0.75723 0.56806
vn 0.32236 0.75722 -0.56807
vn 0.32236 0.75723 -0.56806
vn 0 -0 1
vn 0.18203 0.4276 0.88545
vn -0.9201 0.39168 -1E-05
vn -0.92009 0.3917 0
vn 0.25974 0.61014 -0.74851
vn 0.32236 0.75722 -0.56807
vn 0.36624 0.86031 -0.3546
vn 0.32236 0.75723 -0.56806
vn -0.9201 0.39169 0
vn 0.92009 -0.3917 -1E-05
vn 0.9201 -0.39169 -0
vn 0.18203 0.42759 -0.88546
vn 0.92009 -0.3917 -0
vn 0.09374 0.22019 -0.97094
vn 0.92009 -0.3917 -0
vn 0.9201 -0.39169 -0
vn -0.92009 0.3917 -0
vn -0.9201 0.39168 -2E-05
vn -0.9201 0.39169 0
vn -0.92009 0.39171 2E-05
vn -0.9201 0.39169 -0
vn -0.9201 0.39168 -2E-05
vn -0.92009 0.39171 2E-05
vn -0.9201 0.39169 -1E-05
vn -0.92009 0.3917 -0
vn 0.92011 -0.39166 0
vn 0.9201 -0.39169 0
vn 0.92009 -0.3917 0
vn 0.92009 -0.39171 -0
vn 0.9201 -0.39167 0
vn 0.9201 -0.39169 0
vn 0.9201 -0.39169 -0
vn -0.09374 -0.22019 -0.97094
vn 0.92009 -0.3917 0
vn -0 0 -1
vn -0.9201 0.39168 0
vn -0.92009 0.3917 0
vn -0.9201 0.39169 0
vn -0.9201 0.39169 -0
vn 0.09374 0.22019 -0.97094
vn -0 0 -1
vn -0.9201 0.39169 -0
vn -0.92009 0.3917 0
vn -0.92009 0.3917 -0
vn -0.92009 0.3917 -0
vn 0.25974 0.61013 -0.74852
vn 0.18203 0.42759 -0.88545
vn 0.18203 0.4276 -0.88545
vn -0 0 -1
vn -0.18203 -0.42759 -0.88545
vn -0.18203 -0.4276 -0.88545
vn -0.25974 -0.61013 -0.74852
vn -0.9201 0.39169 0
vn 0 -0 1
vn 0.92009 -0.3917 2E-05
vn 0.92009 -0.3917 3E-05
vn 0.9201 -0.39169 -2E-05
vn 0.9201 -0.39169 -1E-05
vn 0.9201 -0.39169 0
vn 0.92009 -0.3917 2E-05
vn 0.92009 -0.3917 2E-05
vn 0.9201 -0.39169 -2E-05
vn 0.92009 -0.3917 1E-05
vn 0.9201 -0.39169 -2E-05
vn 0.9201 -0.39168 -4E-05
vn -0.9201 0.39169 0
vn -0.9201 0.39169 1E-05
vn -0.9201 0.39169 1E-05
vn -0.92009 0.3917 -2E-05
vn -0.92009 0.3917 -1E-05
vn -0.9201 0.39169 0
vn -0.9201 0.39169 2E-05
vn -0.9201 0.39169 -0
vn -0.9201 0.39169 2E-05
vn -0.9201 0.39169 2E-05
vn -0.92009 0.3917 -1E-05
vn 0.18203 0.42759 0.88546
vn 0.09373 0.22018 0.97095
vn 0.09373 0.22018 0.97094
vn 0.18203 0.42759 0.88545
vn 0.25974 0.61014 0.74851
vn 0 -0 1
vn 0.32236 0.75723 0.56806
vn 0.32236 0.75723 0.56805
vn 0.38884 0.91339 0.12052
vn -0.18203 -0.42758 0.88546
vn -0.18203 -0.4276 0.88545
vn -0.25974 -0.61014 0.74851
vn -0.09373 -0.22018 0.97095
vn -0.09373 -0.22019 0.97094
vn 0 0 1
vn -0.38884 -0.91339 0.12053
vn 0.38884 0.91339 -0.12053
vn 0.36624 0.8603 -0.35463
vn 0.38884 0.91339 -0.12052
vn 0.09374 0.22019 -0.97094
vn -0 0 -1
vn 0.18202 0.42758 -0.88546
vn 0.09374 0.2202 -0.97094
vn 0.25974 0.61014 -0.74851
vn 0.18202 0.42758 -0.88546
vn -0.25974 -0.61014 -0.74851
vn -0.18203 -0.42759 -0.88546
vn -0.18202 -0.42757 -0.88547
vn -0.09374 -0.22019 -0.97094
vn -0.09374 -0.2202 -0.97094
vn -0 -0 -1
vn 0.92009 -0.3917 0
vn 0.92009 -0.3917 0
vn 0.92009 -0.3917 1E-05
vn -0.92008 0.39173 -4E-05
vn -0.92009 0.3917 -0
vn -0.9201 0.39169 -0
vn 0.92011 -0.39166 -1E-05
vn 0.92009 -0.3917 0
vn 0.9201 -0.39169 0
vn 0.9201 -0.39168 -1E-05
vn 0.92009 -0.39171 -0
vn 0.92009 -0.3917 -0
vn 0.92009 -0.3917 -0
vn 0.9201 -0.39169 -0
vn 0.03414 0.08019 0.99619
vn -0.92009 0.3917 -0
vn -0.92009 0.3917 -0
vn 0.03414 0.08019 0.99619
vn -0.9201 0.39168 0
vn -0.92009 0.3917 -0
vn -0.9201 0.39169 -0
vn 0 -0 1
vn 0 -0 1
vn 0.2862 0.95817 0
vn 0.2862 0.95817 0
vn -0.39169 -0.9201 -0
vn 0.39169 0.9201 0
vn 0.39169 0.9201 0
vn -0.39169 -0.9201 -0
vn -0.3917 -0.92009 -0
vn -0.3917 -0.92009 -0
vn -0.3917 -0.92009 -0
vn -0.39169 -0.9201 -0
vn -0.39168 -0.9201 -0
vn 0.39169 0.9201 0
vn 0.39169 0.9201 0
vn 0.39168 0.9201 0
vn 0.39168 0.9201 0
vn 0.39169 0.9201 0
vn 0.39172 0.92009 0
vn 0.10302 -0.04386 0.99371
vn 0.10302 -0.04386 0.99371
vn 0.30389 -0.12937 0.94388
vn 0.65061 -0.27697 0.70711
vn 0.6506 -0.27697 0.70711
vn 0.48952 -0.2084 0.84672
vn 0.48953 -0.2084 0.84672
vn 0.30389 -0.12937 0.94388
vn 0.77906 -0.33165 0.53204
vn 0.86846 -0.36972 0.33027
vn 0.86847 -0.36971 0.33026
vn 0.91431 -0.38923 0.11197
vn 0.91431 -0.38923 0.11197
vn 0.9201 -0.39169 -0
vn 0.9201 -0.39169 -0
vn 0.9201 -0.39169 -1E-05
vn 0.9201 -0.39169 -0
vn 0.92009 -0.3917 1E-05
vn 0.9201 -0.39169 0
vn 0.92009 -0.3917 1E-05
vn 0.92009 -0.3917 0
vn 0.9201 -0.39169 -0
vn 0.9201 -0.39168 -1E-05
vn 0.92011 -0.39166 0.0001
vn 0.92009 -0.3917 -1E-05
vn 0.92016 -0.39155 7E-05
vn 0.9201 -0.39169 1E-05
vn 0.92009 -0.3917 -0
vn 0.92008 -0.39172 -4E-05
vn 0.78737 -0.61649 -0
vn 0.78737 -0.61649 -0
vn 0.88246 -0.47039 -0
vn 0.88246 -0.47039 -0
vn -0 0 -1
vn -0 0 -1
vn -0 0 -1
vn 0.66835 -0.74385 -0
vn 0.66835 -0.74385 -0
vn 0 -0 1
vn 0 -0 1
vn 0 -0 1
vn 0.52903 -0.8486 -0
vn 0 -0 1
vn 0.52903 -0.8486 -0
vn -0 0 -1
vn 0 -0 1
vn 0 -0 1
vn 0 -0 1
vn -0 0 -1
vn 0.37364 -0.92758 -0
vn 0.37364 -0.92758 -0
vn -0 0 -1
vn -0 0 -1
vn 0 -0 1
vn -0 0 -1
vn 0 -0 1
vn -0 0 -1
vn -0 0 -1
vn 0 -0 1
vn -0 0 -1
vn -0 0 -1
vn -0 0 -1
vn 0 -0 1
vn 0 -0 1
vn 0 -0 1
vn -0.63267 0.77442 0
vn -0.63267 0.77442 0
vn -0.79962 0.60051 0
vn -0.79962 0.60051 0
vn -0.9201 0.39168 0
vn -0.9871 0.16013 0
vn -0.9871 0.16013 0
vn -0.9201 0.39168 0
vn -0.99673 -0.08078 0
vn -0.84503 -0.53472 0
vn -0.94845 -0.31694 0
vn -0.99673 -0.08078 0
vn -0.94845 -0.31694 0
vn -0.84503 -0.53472 0
vn 0 -0 1
vn -0 0 -1
vn -0 0 -1
vn 0 -0 1
vn 0 -0 1
vn -0 0 -1
vn -0 0 -1
vn -0 0 -1
vn -0 0 -1
vn -0 0 -1
vn -0 0 -1
vn 0 -0 1
vn 0 -0 1
vn 0 -0 1
vn 0 -0 1
vn 0 -0 1
vn -0.92009 0.3917 0
vn -0.92009 0.3917 0
vn -0.79962 0.60051 0
vn -0.42894 0.90333 0
vn -0.63269 0.77441 0
vn -0.63269 0.77441 0
vn -0.42894 0.90333 0
vn -0.20032 0.97973 0
vn -0.20032 0.97973 0
vn 0.03996 0.9992 0
vn 0.03996 0.9992 0
vn 0.27794 0.9606 0
vn 0.27794 0.9606 0
vn 0.49974 0.86618 -0
vn 0.49974 0.86618 0
vn 0 -0 1
vn -0 0 -1
vn -0 0 -1
vn 0 -0 1
vn -0 0 -1
vn 0 -0 1
vn -0.99673 -0.08077 0
vn -0.94844 -0.31695 0
vn -0.99673 -0.08077 0
vn -0.9871 0.16012 0
vn -0.9871 0.16012 0
vn -0.94844 -0.31695 0
vn -0.49976 -0.86617 0
vn -0.27794 -0.9606 0
vn -0.27794 -0.9606 0
vn -0.49976 -0.86617 -0
vn -0.69251 -0.72141 -0
vn -0.69251 -0.72141 -0
vn 0.63267 -0.77442 -0
vn -0.03996 -0.9992 0
vn 0.63267 -0.77442 -0
vn 0.42897 -0.90332 -0
vn 0.42897 -0.90332 -0
vn 0.20032 -0.97973 -0
vn 0.20032 -0.97973 -0
vn -0.03996 -0.9992 0
vn -0 0 -1
vn -0 0 -1
vn -0 0 -1
vn -0 0 -1
vn -0 0 -1
vn -0 0 -1
vn -0 0 -1
vn -0 0 -1
vn 0 -0 1
vn 0 -0 1
vn 0 -0 1
vn 0 -0 1
vn 0 -0 1
vn 0 -0 1
vn 0 -0 1
vn 0 -0 1
vn 0.69251 0.72141 -0
vn 0.69251 0.72141 -0
vn 0 -0 1
vn -0 0 -1
vn -0.49974 -0.86618 0
vn -0.49974 -0.86618 -0
vn -0.69251 -0.72141 -0
vn -0.69251 -0.72141 -0
vn 0.94844 0.31695 -0
vn 0.99673 0.08076 -0
vn 0.99673 0.08076 -0
vn 0.9871 -0.16012 -0
vn 0.84504 0.53471 -0
vn 0.94844 0.31695 -0
vn 0.84504 0.53471 -0
vn 0.9871 -0.16012 -0
vn -0 0 -1
vn -0 0 -1
vn -0 0 -1
vn -0 0 -1
vn -0 0 -1
vn -0 0 -1
vn 0 -0 1
vn 0.79963 -0.60049 -0
vn 0 -0 1
vn 0.79963 -0.60049 -0
vn 0.92009 -0.3917 -0
vn 0 -0 1
vn 0 -0 1
vn 0.92009 -0.3917 -0
vn 0 -0 1
vn 0 -0 1
vn 0 -0 1
vn 0 -0 1
vn -0.79962 0.6005 0
vn -0 0 -1
vn -0.79962 0.6005 0
vn -0 0 -1
vn -0.9201 0.39169 0
vn -0.9201 0.39169 0
vn 0.9201 -0.39169 -0
vn 0 -0 1
vn -0 0 -1
vn 0.9201 -0.39169 -0
vn 0 -0 1
vn -0 0 -1
vn -0 0 -1
vn -0 0 -1
vn -0 0 -1
vn -0 0 -1
vn -0 0 -1
vn -0 0 -1
vn -0 0 -1
vn -0 0 -1
vn -0 0 -1
vn -0 0 -1
vn 0 -0 1
vn 0 -0 1
vn 0 -0 1
vn 0 -0 1
vn 0 -0 1
vn 0 -0 1
vn 0 -0 1
vn 0 -0 1
vn 0 -0 1
vn 0 -0 1
vn 0 -0 1
vn -0.20032 0.97973 0
vn -0.20032 0.97973 0
vn 0.03999 0.9992 -0
vn 0.03999 0.9992 -0
vn -0.63267 0.77442 0
vn -0.79963 0.60049 0
vn -0.42897 0.90332 0
vn -0.63267 0.77442 0
vn -0.42897 0.90332 0
vn -0.92009 0.3917 0
vn -0.79963 0.60049 0
vn -0.9871 0.16013 0
vn -0.99673 -0.08078 0
vn -0.99673 -0.08078 0
vn -0.9871 0.16013 0
vn -0.6925 -0.72142 -0
vn -0.6925 -0.72142 -0
vn -0.84503 -0.53472 0
vn -0.94845 -0.31693 0
vn -0.94845 -0.31693 0
vn 0.27791 0.96061 -0
vn 0.27791 0.96061 -0
vn 0.49976 0.86617 -0
vn 0.49976 0.86617 0
vn 0.94844 0.31695 -0
vn 0.94844 0.31695 -0
vn 0.69251 0.72141 0
vn 0.69251 0.72141 0
vn 0.84504 0.53471 -0
vn 0.84504 0.53471 -0
vn 0.63267 -0.77442 -0
vn 0.79963 -0.60049 -0
vn 0.99673 0.08076 -0
vn 0.99673 0.08076 -0
vn 0.9871 -0.16012 -0
vn 0.9871 -0.16012 -0
vn 0.92009 -0.3917 -0
vn 0.92009 -0.3917 -0
vn 0.79963 -0.60049 -0
vn 0.63267 -0.77442 -0
vn 0 -0 1
vn -0.9871 0.16012 0
vn -0 0 -1
vn -0 0 -1
vn -0 0 -1
vn -0.9871 0.16012 0
vn 0 -0 1
vn 0 -0 1
vn -0 0 -1
vn -0 0 -1
vn 0 -0 1
vn 0 -0 1
vn -0.99673 -0.08076 0
vn -0.99673 -0.08076 0
vn -0 0 -1
vn -0 0 -1
vn 0 -0 1
vn -0 0 -1
vn 0 -0 1
vn -0 0 -1
vn 0 -0 1
vn 0 -0 1
vn 0 -0 1
vn 0 -0 1
vn -0 0 -1
vn -0 0 -1
vn 0 -0 1
vn 0 -0 1
vn -0 0 -1
vn -0 0 -1
vn 0 -0 1
vn -0 0 -1
vn -0.69251 -0.72141 -0
vn -0.69251 -0.72141 -0
vn -0.84503 -0.53472 0
vn -0.84503 -0.53472 0
vn -0.94844 -0.31695 0
vn -0.94844 -0.31695 0
vn 0.42897 -0.90332 -0
vn 0.42897 -0.90332 -0
vn 0.20032 -0.97973 -0
vn 0.20032 -0.97973 -0
vn -0.03996 -0.9992 0
vn -0.03996 -0.9992 -0
vn 0 -0 1
vn 0 0 1
vn -0 0 -1
vn -0 -0 -1
vn -0 0 -1
vn -0 0 -1
vn -0 0 -1
vn -0 0 -1
vn -0 0 -1
vn -0 0 -1
vn -0 0 -1
vn -0 0 -1
vn -0 0 -1
vn -0 0 -1
vn -0 0 -1
vn 0 -0 1
vn 0 -0 1
vn 0 -0 1
vn 0 -0 1
vn 0 -0 1
vn 0 -0 1
vn 0 -0 1
vn 0 -0 1
vn 0 -0 1
vn 0 -0 1
vn -0 0 -1
vn -0 0 -1
vn -0 0 -1
vn -0 0 -1
vn -0 0 -1
vn -0.49974 -0.86617 -0
vn -0.49974 -0.86617 -0
vn 0 -0 1
vn 0 -0 1
vn 0 -0 1
vn 0 -0 1
vn 0 -0 1
vn 0.03996 0.9992 -0
vn 0 -0 1
vn 0 -0 1
vn -0 0 -1
vn -0 0 -1
vn -0.20032 0.97973 0
vn -0.9871 0.16012 0
vn -0.9871 0.16012 0
vn -0.63267 0.77442 0
vn -0.99673 -0.08076 0
vn -0.79962 0.60051 0
vn -0.9201 0.39168 0
vn -0.99673 -0.08076 0
vn -0.9201 0.39168 0
vn -0.84503 -0.53472 0
vn -0.69252 -0.7214 0
vn -0.94844 -0.31695 0
vn -0.84503 -0.53472 0
vn -0.94844 -0.31695 0
vn -0.49973 -0.86618 -0
vn -0.69252 -0.7214 0
vn -0.49973 -0.86618 0
vn -0.27794 -0.9606 -0
vn -0.27794 -0.9606 -0
vn -0.03996 -0.9992 -0
vn -0.03996 -0.9992 -0
vn 0.69252 0.7214 0
vn 0.49973 0.86618 -0
vn 0.49973 0.86618 0
vn 0.69252 0.7214 0
vn 0.84503 0.53472 -0
vn 0.27794 0.9606 -0
vn 0.84503 0.53472 -0
vn 0.27794 0.9606 -0
vn 0.9201 -0.39169 -0
vn 0.9201 -0.39169 -0
vn 0.20032 -0.97973 -0
vn 0.20032 -0.97973 -0
vn 0.79962 -0.60051 -0
vn 0.79962 -0.60051 -0
vn -0 0 -1
vn -0 0 -1
vn 0 -0 1
vn -0 0 -1
vn 0.20689 -0.97836 -0
vn 0.20689 -0.97836 -0
vn 0 -0 1
vn 0 -0 1
vn 0 -0 1
vn -0 0 -1
vn -0 0 -1
vn -0 0 -1
vn 0 -0 1
vn -0 0 -1
vn 0 -0 1
vn 0 -0 1
vn -0.42897 0.90332 0
vn -0.42897 0.90332 0
vn 0.69252 0.7214 -0
vn 0.69252 0.7214 -0
vn 0.84503 0.53472 -0
vn -0 0 -1
vn -0 0 -1
vn 0 -0 1
vn 0 -0 1
vn 0 -0 1
vn 0 -0 1
vn 0 -0 1
vn -0 0 -1
vn -0 0 -1
vn -0 0 -1
vn -0 0 -1
vn 0 -0 1
vn -0.14021 -0.99012 -0
vn 0.03385 -0.99943 -0
vn 0.03385 -0.99943 -0
vn 0 -0 1
vn -0 0 -1
vn 0 -0 1
vn 0 -0 1
vn -0 0 -1
vn -0 0 -1
vn -0 0 -1
vn 0 -0 1
vn -0.20032 0.97973 0
vn -0.79961 0.60052 0
vn -0.79961 0.60052 0
vn -0.20032 0.97973 0
vn 0.49975 0.86617 0
vn 0.49975 0.86617 -0
vn 0.03996 0.9992 -0
vn 0.42894 -0.90333 -0
vn 0.42894 -0.90333 -0
vn 0.9871 -0.16012 -0
vn 0.79962 -0.60051 -0
vn 0.63269 -0.77441 -0
vn 0.79962 -0.60051 -0
vn 0.63269 -0.77441 -0
vn 0.9201 -0.39168 -0
vn 0.9201 -0.39168 -0
vn -0 0 -1
vn 0 -0 1
vn -0 0 -1
vn -0 0 -1
vn -0 0 -1
vn -0 0 -1
vn 0 -0 1
vn 0 -0 1
vn 0 -0 1
vn 0 -0 1
vn -0 0 -1
vn 0 -0 1
vn 0 -0 1
vn 0 -0 1
vn -0 0 -1
vn 0 -0 1
vn -0 0 -1
vn -0 0 -1
vn -0 0 -1
vn -0 0 -1
vn -0 0 -1
vn -0 0 -1
vn -0 0 -1
vn -0 0 -1
vn 0 -0 1
vn 0 -0 1
vn 0 -0 1
vn 0 -0 1
vn 0 -0 1
vn 0 -0 1
vn -0.63267 0.77442 0
vn -0.63267 0.77442 0
vn -0.42896 0.90332 0
vn -0.42896 0.90332 0
vn -0.20032 0.97973 0
vn -0.20032 0.97973 0
vn 0.03997 0.9992 0
vn 0.03997 0.9992 0
vn -0.9871 0.16012 0
vn -0.9201 0.39168 0
vn -0 0 -1
vn -0 0 -1
vn 0 -0 1
vn 0 -0 1
vn -0 0 -1
vn -0 0 -1
vn 0 -0 1
vn 0 -0 1
vn -0.03996 -0.9992 -0
vn -0.69252 -0.7214 0
vn -0.27794 -0.9606 -0
vn -0.27794 -0.9606 -0
vn 0.42894 -0.90333 -0
vn 0.42894 -0.90333 -0
vn 0.63268 -0.77441 -0
vn 0.63268 -0.77441 -0
vn 0.27793 0.9606 0
vn -0 0 -1
vn 0.27793 0.9606 0
vn 0 -0 1
vn 0.49974 0.86618 -0
vn 0.49974 0.86618 0
vn -0 0 -1
vn 0 -0 1
vn -0 0 -1
vn -0 0 -1
vn -0 0 -1
vn -0 0 -1
vn -0 0 -1
vn -0 0 -1
vn 0 -0 1
vn 0 -0 1
vn 0 -0 1
vn 0 -0 1
vn 0 -0 1
vn 0 -0 1
vn 0.69251 0.72141 -0
vn 0.69251 0.72141 -0
vn -0.31001 -0.95073 0
vn -0.31001 -0.95073 -0
vn -0 0 -1
vn -0.4704 -0.88246 0
vn -0.4704 -0.88246 -0
vn -0 0 -1
vn 0 -0 1
vn 0 -0 1
vn 0 -0 1
vn -0 0 -1
vn -0 0 -1
vn 0 -0 1
vn 0 -0 1
vn 0 -0 1
vn 0 -0 1
vn -0 0 -1
vn -0 0 -1
vn -0 0 -1
vn 0 -0 1
vn -0 0 -1
vn -0 0 -1
vn 0 -0 1
vn -0.74384 -0.66835 0
vn -0.74384 -0.66835 0
vn -0.61649 -0.78737 -0
vn -0.61649 -0.78737 0
vn 0.9201 -0.39168 -0
vn 0.9201 -0.39168 -0
vn 0.9871 -0.16012 -0
vn -0 0 -1
vn 0 -0 1
vn 0 -0 1
vn -0 0 -1
vn 0 -0 1
vn -0 0 -1
vn 0 -0 1
vn 0 -0 1
vn -0 0 -1
vn -0 0 -1
vn 0 -0 1
vn 0 -0 1
vn 0 -0 1
vn -0 0 -1
vn -0 0 -1
vn -0 0 -1
vn 0 -0 1
vn 0 -0 1
vn -0 0 -1
vn -0 0 -1
vn 0 -0 1
vn 0 -0 1
vn -0.92009 0.39171 0
vn -0.92009 0.39171 0
vn -0 0 -1
vn -0.9871 0.16011 0
vn -0.9871 0.16011 0
vn -0 0 -1
vn -0.79963 0.60049 0
vn 0.27791 0.96061 0
vn 0.49976 0.86617 0
vn 0 -0 1
vn 0 -0 1
vn 0 -0 1
vn -0 0 -1
vn 0 -0 1
vn -0 0 -1
vn -0 0 -1
vn -0 0 -1
vn 0 -0 1
vn -0 0 -1
vn 0 -0 1
vn 0 -0 1
vn -0 0 -1
vn -0 0 -1
vn -0 0 -1
vn -0 0 -1
vn -0.92758 -0.37364 0
vn -0.92758 -0.37364 0
vn -0.8486 -0.52903 0
vn -0.8486 -0.52903 0
vn 0 -0 1
vn 0 -0 1
vn 0.84503 0.53472 -0
vn 0.99673 0.08076 -0
vn 0.84503 0.53472 -0
vn 0.94844 0.31695 -0
vn 0.94844 0.31695 -0
vn 0.99673 0.08076 -0
vn 0.9201 -0.39169 -0
vn 0.9201 -0.39169 -0
vn 0.9871 -0.16012 -0
vn -0 0 -1
vn 0.9871 -0.16012 -0
vn 0 -0 1
vn -0 0 -1
vn 0 -0 1
vn -0.03996 -0.9992 0
vn -0.03996 -0.9992 0
vn 0 -0 1
vn -0 0 -1
vn 0 -0 1
vn -0 0 -1
vn 0 -0 1
vn 0 -0 1
vn -0 0 -1
vn 0 -0 1
vn -0 0 -1
vn -0 0 -1
vn -0 0 -1
vn -0 0 -1
vn -0 0 -1
vn -0 0 -1
vn -0 0 -1
vn 0 -0 1
vn 0 -0 1
vn 0 -0 1
vn 0.20032 -0.97973 -0
vn 0 -0 1
vn 0.20032 -0.97973 -0
vn 0 -0 1
vn -0 0 -1
vn -0 0 -1
vn -0 0 -1
vn -0 0 -1
vn -0 0 -1
vn -0 0 -1
vn 0 -0 1
vn 0 -0 1
vn 0 -0 1
vn 0 -0 1
vn 0 -0 1
vn 0 -0 1
vn -0.9201 0.39169 0
vn -0.9871 0.16012 0
vn -0.9201 0.39169 0
vn -0.94845 -0.31694 0
vn -0 0 -1
vn -0 0 -1
vn -0 0 -1
vn -0 0 -1
vn -0 0 -1
vn -0 0 -1
vn 0 -0 1
vn 0 -0 1
vn 0.42896 -0.90332 -0
vn 0.42896 -0.90332 -0
vn 0 -0 1
vn 0.63267 -0.77442 -0
vn 0.63267 -0.77442 -0
vn 0 -0 1
vn 0 -0 1
vn 0 -0 1
vn -0 0 -1
vn -0 0 -1
vn -0 0 -1
vn -0 0 -1
vn -0 0 -1
vn 0.79962 -0.60051 -0
vn 0.79962 -0.60051 -0
vn 0 -0 1
vn 0 -0 1
vn 0 -0 1
vn 0 -0 1
vn 0 -0 1
vn -0 0 -1
vn 0 -0 1
vn -0.63267 0.77442 0
vn 0.69252 0.7214 -0
vn 0.84503 0.53472 -0
vn -0 0 -1
vn -0 0 -1
vn -0 0 -1
vn -0 0 -1
vn -0 0 -1
vn -0 0 -1
vn -0 0 -1
vn -0 0 -1
vn -0 0 -1
vn -0 0 -1
vn 0 -0 1
vn 0 -0 1
vn 0 -0 1
vn 0 -0 1
vn 0 -0 1
vn 0 -0 1
vn 0 -0 1
vn 0 -0 1
vn 0 -0 1
vn 0 -0 1
vn -0 0 -1
vn -0 0 -1
vn -0 0 -1
vn 0 -0 1
vn 0 -0 1
vn 0 -0 1
vn -0.69251 -0.72141 0
vn -0.94845 -0.31693 0
vn -0.69251 -0.72141 0
vn -0.99673 -0.08077 0
vn -0.99673 -0.08077 0
vn -0 0 -1
vn -0 0 -1
vn -0 0 -1
vn -0 0 -1
vn -0 0 -1
vn -0 0 -1
vn 0 -0 1
vn 0 -0 1
vn 0 -0 1
vn 0 -0 1
vn 0 -0 1
vn 0 -0 1
vn -0.49975 -0.86617 0
vn -0.49975 -0.86617 -0
vn 0.63267 -0.77442 -0
vn 0.92009 -0.3917 -0
vn -0 0 -1
vn 0 -0 1
vn 0 -0 1
vn -0 0 -1
vn 0 -0 1
vn -0 0 -1
vn 0 -0 1
vn -0 0 -1
vn -0 0 -1
vn -0 0 -1
vn -0 0 -1
vn -0 0 -1
vn -0 0 -1
vn -0 0 -1
vn 0 -0 1
vn 0 -0 1
vn 0 -0 1
vn 0 -0 1
vn 0 -0 1
vn 0 -0 1
vn 0 -0 1
vn 0 -0 1
vn -0 0 -1
vn 0 -0 1
vn -0 0 -1
vn 0 -0 1
vn -0 0 -1
vn -0 0 -1
vn 0 -0 1
vn 0 -0 1
vn -0 0 -1
vn -0 0 -1
vn -0 0 -1
vn 0 -0 1
vn 0 -0 1
vn -0 0 -1
vn -0.99943 -0.03385 0
vn -0.99943 -0.03385 0
vn -0.97836 -0.20689 0
vn -0.97836 -0.20689 0
vn -0.79963 0.60049 0
vn -0.20032 0.97973 0
vn -0.99673 -0.08076 0
vn -0.92009 0.39171 0
vn -0.99673 -0.08076 0
vn -0.49975 -0.86617 0
vn -0.94844 -0.31695 0
vn -0.94844 -0.31695 0
vn -0.84504 -0.53471 0
vn -0.49975 -0.86617 0
vn -0.84504 -0.53471 0
vn -0.03999 -0.9992 0
vn -0.27791 -0.96061 0
vn -0.27791 -0.96061 0
vn -0.03999 -0.9992 0
vn 0.27794 0.9606 0
vn 0.03996 0.9992 0
vn 0.03996 0.9992 -0
vn 0.94844 0.31695 -0
vn 0.94844 0.31695 -0
vn 0.49976 0.86617 -0
vn 0.9871 -0.16011 -0
vn 0.99673 0.08076 -0
vn 0.9871 -0.16011 -0
vn 0.92009 -0.3917 -0
vn 0.99673 0.08076 -0
vn 0.79962 -0.60051 -0
vn 0 0 1
vn 0 -0 1
vn -0 0 -1
vn -0 -0 -1
vn 0 -0 1
vn -0 0 -1
vn -0 0 -1
vn -0 0 -1
vn -0 0 -1
vn 0 -0 1
vn 0 -0 1
vn -0 0 -1
vn 0 -0 1
vn -0 0 -1
vn 0 -0 1
vn 0 -0 1
vn -0 0 -1
vn -0 0 -1
vn -0 0 -1
vn -0 0 -1
vn -0 0 -1
vn -0 0 -1
vn 0 -0 1
vn 0 -0 1
vn 0 -0 1
vn 0 -0 1
vn 0 -0 1
vn 0 -0 1
vn -0.95073 0.31001 0
vn -0.95073 0.31001 0
vn -0.99012 0.14021 0
vn -0.99012 0.14021 0
vn -0 0 -1
vn -0 0 -1
vn -0 0 -1
vn -0 0 -1
vn -0 0 -1
vn 0 -0 1
vn 0 -0 1
vn 0 -0 1
vn 0 -0 1
vn 0 -0 1
vn 0 -0 1
vn -0 0 -1
vn -0 0 -1
vn -0 0 -1
vn 0 -0 1
vn 0 -0 1
vn 0 -0 1
vn -0 0 -1
vn 0.04385 0.10302 -0.99371
vn 0.12937 0.30389 -0.94388
vn 0.04386 0.10302 -0.99371
vn 0.20839 0.48952 -0.84672
vn 0.27697 0.65061 -0.70711
vn 0.12937 0.30389 -0.94388
vn 0.20839 0.48951 -0.84673
vn 0.33166 0.77907 -0.53203
vn 0.38923 0.91431 -0.11196
vn 0.36971 0.86846 -0.33029
vn 0.38923 0.91431 -0.11195
vn 0.36971 0.86846 -0.33028
vn 0.33166 0.77908 -0.53202
vn -0.12937 -0.30389 0.94388
vn -0.04386 -0.10302 0.99371
vn -0.04386 -0.10302 0.99371
vn -0.2084 -0.48952 0.84672
vn -0.12937 -0.30389 0.94388
vn -0.27697 -0.65061 0.70711
vn -0.20839 -0.48951 0.84673
vn -0.27698 -0.65062 0.70709
vn -0.33166 -0.77906 0.53204
vn -0.36971 -0.86846 0.33029
vn -0.33165 -0.77906 0.53205
vn -0.38923 -0.91431 0.11195
vn -0.36971 -0.86846 0.33028
vn 0.39169 0.9201 0
vn 0.39169 0.9201 -0
vn -0.39169 -0.9201 -0
vn -0.39169 -0.9201 -0
vn -0 0 -1
vn -0 0 -1
vn -0 0 -1
vn 0 -0 1
vn 0 -0 1
vn 0 -0 1
vn 0 -0 1
vn -0 0 -1
vn -0 0 -1
vn -0.49973 -0.86618 0
vn -0.69252 -0.7214 -0
vn -0.49973 -0.86618 0
vn -0 0 -1
vn -0 0 -1
vn -0 0 -1
vn 0 -0 1
vn 0 -0 1
vn 0 -0 1
vn -0 0 -1
vn 0 -0 1
vn 0 -0 1
vn 0 -0 1
vn 0 -0 1
vn 0 -0 1
vn 0 -0 1
vn -0.9201 0.39169 0
vn -0.9201 0.39169 0
vn 0 -0 1
vn -0 0 -1
vn -0.9201 0.39169 -0
vn -0.9201 0.39168 -1E-05
vn -0.92009 0.3917 1E-05
vn -0.92009 0.3917 0
vn -0.9201 0.39169 -0
vn -0.9201 0.3917 0
vn -0 0 -1
vn -0 0 -1
vn -0 0 -1
vn -0 0 -1
vn -0.39169 -0.9201 1E-05
vn -0.39169 -0.9201 -1E-05
vn -0.39169 -0.9201 1E-05
vn -0.39169 -0.9201 -1E-05
vn -0.39169 -0.9201 1E-05
vn -0.39169 -0.9201 -0
vn -0.39169 -0.9201 -1E-05
vn 0.39169 0.9201 -1E-05
vn 0.39169 0.9201 -0
vn 0.39169 0.9201 -0
vn 0.39169 0.9201 2E-05
vn 0.39169 0.9201 1E-05
vn 0.39169 0.9201 -1E-05
vn 0.39169 0.9201 0
vn 0.39169 0.9201 -0
vn -0.39169 -0.9201 0
vn -0.39169 -0.9201 -0
vn -0.3917 -0.92009 -0
vn -0.3917 -0.92009 -0
vn 0.39169 0.9201 0
vn 0.88246 -0.47039 -0
vn 0.78737 -0.61649 -0
vn 0 -0 1
vn 0.66835 -0.74385 -0
vn -0 0 -1
vn -0 -0 -1
vn 0 0 -1
vn -0 -0 1
vn 0 0 1
vn -0 0 -1
vn 0 -0 1
vn 0.52903 -0.8486 -0
vn 0.52903 -0.8486 -0
vn -0 0 -1
vn -0 0 -1
vn -0 0 -1
vn -0 0 -1
vn 0 -0 1
vn 0 -0 1
vn 0 -0 1
vn 0 -0 1
vn 0.37364 -0.92758 -0
vn 0.37364 -0.92758 -0
vn -0 0 -1
vn -0 0 -1
vn 0 -0 1
vn 0 -0 1
vn -0 0 -1
vn 0 -0 1
vn 0 -0 1
vn 0 0 1
vn -0 -0 -1
vn -0 0 -1
vn -0.79962 0.60051 0
vn -0.9201 0.39168 0
vn -0.94845 -0.31694 0
vn -0.84503 -0.53472 0
vn 0 -0 1
vn 0 -0 1
vn -0 0 -1
vn -0 0 -1
vn -0 0 -1
vn 0 -0 1
vn -0 -0 -1
vn -0 -0 -1
vn -0 0 -1
vn -0 0 -1
vn -0 0 -1
vn 0 -0 1
vn 0 0 1
vn 0 -0 1
vn 0 -0 1
vn 0 0 1
vn -0.42894 0.90333 0
vn 0.49974 0.86618 0
vn 0.49974 0.86618 -0
vn -0 0 -1
vn 0 -0 1
vn 0 0 1
vn 0 -0 1
vn -0 0 -1
vn -0 -0 -1
vn -0.9871 0.16012 0
vn -0.94844 -0.31695 0
vn -0.9871 0.16012 0
vn -0.99673 -0.08077 0
vn -0.94844 -0.31695 0
vn 0.42897 -0.90332 -0
vn 0.20032 -0.97973 -0
vn -0 0 -1
vn -0 0 -1
vn -0 -0 -1
vn -0 -0 -1
vn -0 0 -1
vn -0 0 -1
vn -0 -0 -1
vn -0 -0 -1
vn 0 -0 1
vn 0 -0 1
vn 0 0 1
vn 0 0 1
vn 0 -0 1
vn 0 0 1
vn 0.69251 0.72141 -0
vn 0 -0 1
vn 0 0 1
vn -0 -0 1
vn -0.49974 -0.86618 -0
vn 0 0 -1
vn -0.69251 -0.72141 -0
vn 0.94844 0.31695 -0
vn 0.84504 0.53471 -0
vn -0 -0 -1
vn -0 0 -1
vn -0 0 -1
vn -0 0 -1
vn -0 0 -1
vn -0 0 -1
vn 0 -0 1
vn 0 -0 1
vn 0.79963 -0.60049 -0
vn 0 0 1
vn 0 -0 1
vn 0 -0 1
vn 0 -0 1
vn -0 -0 -1
vn -0 0 -1
vn -0.79962 0.6005 0
vn 0 0 1
vn -0.9201 0.39169 0
vn 0 -0 1
vn -0 0 -1
vn -0 -0 -1
vn 0.9201 -0.39169 -0
vn 0.9201 -0.39169 0
vn 0 -0 1
vn 0 0 -1
vn -0 0 -1
vn 0 0 -1
vn -0 0 -1
vn -0 0 -1
vn -0 0 -1
vn 0 0 -1
vn 0 0 -1
vn -0 0 -1
vn 0 0 -1
vn -0 0 -1
vn 0 -0 1
vn 0 -0 1
vn -0 -0 1
vn 0 -0 1
vn 0 -0 1
vn -0 -0 1
vn 0 -0 1
vn -0 -0 1
vn -0 -0 1
vn -0 -0 1
vn 0 -0 1
vn -0.20032 0.97973 0
vn -0.92009 0.3917 0
vn -0.92009 0.3917 0
vn -0.9871 0.16013 0
vn -0.6925 -0.72142 0
vn -0.6925 -0.72142 0
vn -0.49976 -0.86617 -0
vn -0.49976 -0.86617 0
vn 0.84504 0.53471 -0
vn 0.94844 0.31695 -0
vn 0.49976 0.86617 0
vn 0.27791 0.96061 -0
vn 0 -0 1
vn 0 -0 1
vn -0.9871 0.16012 0
vn -0 0 -1
vn 0 0 1
vn -0 0 -1
vn -0 -0 -1
vn -0 -0 -1
vn 0 -0 1
vn -0 0 -1
vn 0 0 1
vn 0 -0 1
vn 0 0 1
vn 0 -0 1
vn -0 0 -1
vn -0 0 -1
vn 0 0 1
vn -0 -0 -1
vn -0 -0 -1
vn 0 -0 1
vn 0 -0 1
vn -0 0 -1
vn 0 -0 1
vn -0 0 -1
vn -0 0 -1
vn 0 0 1
vn 0 -0 1
vn -0 -0 -1
vn -0 0 -1
vn -0.84503 -0.53472 0
vn -0.94844 -0.31695 0
vn -0.69251 -0.72141 -0
vn 0.42897 -0.90332 -0
vn 0.20032 -0.97973 -0
vn 0 0 -1
vn 0 0 -1
vn -0 -0 1
vn -0 -0 1
vn -0 -0 1
vn -0 0 -1
vn -0 -0 -1
vn -0 0 -1
vn -0 0 -1
vn 0 0 -1
vn -0 0 -1
vn -0 -0 -1
vn -0 -0 -1
vn -0 0 -1
vn -0 -0 -1
vn 0 0 1
vn 0 0 1
vn 0 0 1
vn 0 -0 1
vn 0 -0 1
vn 0 -0 1
vn -0 -0 1
vn 0 -0 1
vn 0 0 1
vn 0 -0 1
vn -0 0 -1
vn 0 0 -1
vn -0 0 -1
vn -0 0 -1
vn -0 0 -1
vn 0 -0 1
vn -0.49974 -0.86617 0
vn 0 -0 1
vn -0.49974 -0.86617 -0
vn 0 -0 1
vn 0 -0 1
vn -0 -0 1
vn -0 -0 -1
vn 0.03996 0.9992 -0
vn 0 -0 1
vn -0 0 -1
vn 0 0 1
vn -0.94844 -0.31695 0
vn -0.03996 -0.9992 0
vn 0.49973 0.86618 -0
vn 0.84503 0.53472 -0
vn 0.9201 -0.39169 -0
vn 0.9201 -0.39169 -0
vn 0.20032 -0.97973 -0
vn 0.79962 -0.60051 -0
vn -0 0 -1
vn 0 -0 1
vn 0.20689 -0.97836 -0
vn 0 0 -1
vn 0.20689 -0.97836 -0
vn -0 0 -1
vn -0 0 -1
vn -0 -0 1
vn 0 -0 1
vn 0 -0 1
vn -0 0 -1
vn -0 0 -1
vn 0 -0 1
vn -0 -0 1
vn 0 0 -1
vn 0 -0 1
vn 0.49974 0.86618 -0
vn 0.84503 0.53472 -0
vn -0 -0 -1
vn -0 0 -1
vn -0 0 -1
vn -0 -0 -1
vn 0 0 1
vn -0 0 -1
vn 0 -0 1
vn 0 -0 1
vn 0 0 1
vn 0 -0 1
vn -0 0 -1
vn 0.03385 -0.99943 -0
vn 0 -0 1
vn 0 -0 1
vn 0 0 -1
vn 0 -0 1
vn -0 0 -1
vn -0 0 -1
vn -0 -0 1
vn -0 0 -1
vn 0 -0 1
vn -0.79961 0.60052 0
vn -0.20032 0.97973 0
vn 0.49975 0.86617 -0
vn 0.42894 -0.90333 -0
vn 0.63269 -0.77441 -0
vn 0.9201 -0.39168 -0
vn 0.63269 -0.77441 -0
vn -0 0 -1
vn 0 -0 1
vn 0 -0 1
vn -0 -0 -1
vn 0 0 1
vn -0 0 -1
vn -0 0 -1
vn 0 -0 1
vn -0 0 -1
vn -0 0 -1
vn 0 -0 1
vn 0 -0 1
vn 0 -0 1
vn -0 0 -1
vn -0 -0 -1
vn -0 0 -1
vn -0 0 -1
vn -0 0 -1
vn 0 0 -1
vn -0 -0 -1
vn 0 -0 1
vn 0 -0 1
vn -0 -0 1
vn 0 0 1
vn 0 -0 1
vn 0 0 1
vn -0.63267 0.77442 0
vn -0.42896 0.90332 0
vn -0.42896 0.90332 0
vn -0.20032 0.97973 0
vn -0.20032 0.97973 0
vn 0.03997 0.9992 -0
vn 0 -0 1
vn 0 0 -1
vn -0 0 -1
vn -0 -0 -1
vn 0 0 1
vn 0.42894 -0.90333 -0
vn 0.20032 -0.97973 -0
vn 0.27793 0.9606 -0
vn 0 -0 1
vn -0 0 -1
vn 0 -0 1
vn 0.49974 0.86618 -0
vn -0 0 -1
vn 0.49974 0.86618 -0
vn -0 0 -1
vn -0 0 -1
vn -0 0 -1
vn -0 0 -1
vn -0 0 -1
vn 0 -0 1
vn 0 -0 1
vn 0 -0 1
vn 0 -0 1
vn 0 -0 1
vn 0.69251 0.72141 0
vn -0.31001 -0.95073 -0
vn -0 0 -1
vn 0 -0 1
vn 0 -0 1
vn -0 0 -1
vn -0.4704 -0.88246 -0
vn 0 -0 1
vn -0.4704 -0.88246 -0
vn -0 0 -1
vn -0 0 -1
vn -0 -0 -1
vn 0 0 1
vn -0 -0 -1
vn 0 0 1
vn 0 -0 1
vn -0 0 -1
vn -0 -0 -1
vn 0 0 1
vn 0 -0 1
vn 0 -0 1
vn -0 0 -1
vn -0 0 -1
vn 0 -0 1
vn 0 -0 1
vn -0 0 -1
vn -0 -0 -1
vn 0 0 1
vn -0 0 -1
vn 0 -0 1
vn 0 -0 1
vn -0 0 -1
vn 0 -0 1
vn 0 -0 1
vn -0.9871 0.16011 0
vn -0 0 -1
vn -0 0 -1
vn -0.92009 0.39171 0
vn 0.03999 0.9992 0
vn 0.27791 0.96061 0
vn 0.27791 0.96061 0
vn 0 -0 1
vn 0 -0 1
vn 0 -0 1
vn -0 -0 -1
vn -0 0 -1
vn 0 0 1
vn -0 0 -1
vn -0 0 -1
vn 0 0 1
vn -0 -0 -1
vn -0 -0 -1
vn 0 0 1
vn -0 0 -1
vn -0 -0 -1
vn 0 0 1
vn 0 -0 1
vn 0.84503 0.53472 -0
vn 0.84503 0.53472 -0
vn 0 0 -1
vn 0 -0 1
vn -0 0 -1
vn 0 -0 1
vn -0.27794 -0.9606 0
vn -0 0 -1
vn 0 -0 1
vn 0 -0 1
vn -0 0 -1
vn 0 -0 1
vn -0 0 -1
vn -0 0 -1
vn -0 0 -1
vn -0 -0 -1
vn -0 0 -1
vn -0 0 -1
vn 0 -0 1
vn 0 -0 1
vn 0 -0 1
vn 0 0 1
vn -0 0 -1
vn -0 -0 -1
vn -0 0 -1
vn -0 0 -1
vn -0 -0 -1
vn -0 -0 -1
vn -0 -0 -1
vn -0 0 -1
vn 0 -0 1
vn 0 0 1
vn 0 -0 1
vn 0 -0 1
vn 0 0 1
vn 0 0 1
vn 0 0 1
vn 0 -0 1
vn -0.9871 0.16012 0
vn -0.9201 0.39169 0
vn -0.9201 0.39169 0
vn -0 0 -1
vn 0 0 -1
vn 0 0 -1
vn 0 0 -1
vn -0 0 -1
vn -0 -0 1
vn -0 -0 1
vn -0 -0 1
vn 0 -0 1
vn 0.42896 -0.90332 -0
vn 0 -0 1
vn 0.63267 -0.77442 -0
vn -0 -0 -1
vn -0 0 -1
vn -0 -0 -1
vn -0 0 -1
vn 0 0 1
vn 0 0 1
vn 0 -0 1
vn 0 -0 1
vn 0 -0 1
vn -0 0 -1
vn 0 -0 1
vn -0 0 -1
vn -0 -0 -1
vn -0 -0 -1
vn -0 0 -1
vn -0 -0 -1
vn -0 -0 -1
vn -0 -0 -1
vn 0 -0 -1
vn -0 0 -1
vn -0 0 -1
vn -0 0 -1
vn 0 0 1
vn 0 -0 1
vn 0 0 1
vn 0 -0 1
vn 0 0 1
vn 0 -0 1
vn 0 0 1
vn 0 0 1
vn 0 -0 1
vn -0 0 1
vn 0 -0 1
vn -0 0 -1
vn -0 -0 -1
vn -0 0 -1
vn 0 -0 1
vn 0 -0 1
vn 0 0 1
vn -0.94845 -0.31693 0
vn -0.94845 -0.31693 0
vn -0 -0 -1
vn -0 -0 -1
vn -0 -0 -1
vn -0 0 -1
vn -0 0 -1
vn -0 -0 -1
vn 0 0 1
vn 0 0 1
vn 0 -0 1
vn 0 -0 1
vn 0 0 1
vn 0 0 1
vn 0 -0 1
vn 0 -0 1
vn 0 -0 1
vn 0 -0 1
vn 0 0 1
vn -0 -0 -1
vn -0 0 -1
vn -0 0 -1
vn -0 0 -1
vn -0 0 -1
vn 0 0 -1
vn -0 0 -1
vn 0 0 -1
vn -0 0 -1
vn -0 0 -1
vn -0 0 -1
vn -0 -0 1
vn 0 -0 1
vn -0 -0 1
vn 0 -0 1
vn 0 -0 1
vn 0 -0 1
vn -0 0 -1
vn 0 -0 1
vn -0 0 -1
vn 0 -0 1
vn 0 -0 1
vn -0 0 -1
vn 0 -0 1
vn -0 0 -1
vn -0 0 -1
vn -0 0 -1
vn -0 0 -1
vn 0 -0 1
vn 0 -0 1
vn 0 -0 1
vn -0 0 -1
vn -0.99943 -0.03385 0
vn 0 -0 1
vn -0.99943 -0.03385 0
vn -0.97836 -0.20689 0
vn -0.20032 0.97973 0
vn -0.92009 0.39171 0
vn -0.92009 0.39171 0
vn -0.84504 -0.53471 0
vn -0.49975 -0.86617 -0
vn -0.03999 -0.9992 -0
vn 0.03996 0.9992 0
vn 0.27794 0.9606 -0
vn 0.03996 0.9992 0
vn 0.49976 0.86617 -0
vn 0.94844 0.31695 -0
vn 0.94844 0.31695 -0
vn 0.99673 0.08076 -0
vn 0.9871 -0.16011 -0
vn 0.99673 0.08076 -0
vn 0.9871 -0.16011 -0
vn 0 -0 1
vn 0 -0 1
vn -0 0 1
vn -0 0 -1
vn -0 0 -1
vn 0 -0 -1
vn -0 -0 -1
vn -0 -0 -1
vn -0 0 -1
vn -0 -0 -1
vn -0 0 -1
vn 0 0 1
vn 0 0 1
vn 0 -0 1
vn 0 -0 1
vn 0 0 1
vn -0 0 -1
vn -0 0 -1
vn -0 -0 -1
vn 0 0 -1
vn -0 0 -1
vn -0 -0 1
vn 0 -0 1
vn 0 -0 1
vn 0 0 1
vn 0 -0 1
vn -0.95073 0.31001 0
vn -0.95073 0.31001 0
vn -0.99012 0.14021 0
vn -0.99012 0.14021 0
vn 0.39169 0.9201 -0
vn -0.39169 -0.9201 -1E-05
vn -0.39169 -0.9201 1E-05
vn -0.39169 -0.9201 1E-05
vn -0.39169 -0.9201 -1E-05
vn -0.39169 -0.9201 -1E-05
vn -0.39169 -0.9201 0
vn 0.39169 0.9201 -0
vn 0.39169 0.9201 -1E-05
vn 0.39169 0.9201 1E-05
vn 0.39169 0.9201 0
vn 0.39169 0.9201 0
vn 0.39169 0.9201 1E-05
vn 0.39169 0.9201 0
vn -0 0 -1
vn -0 0 -1
vn -0 -0 -1
vn -0 -0 -1
vn -0 0 -1
vn 0 -0 1
vn 0 0 1
vn 0 -0 1
vn 0 0 1
vn 0 -0 1
vn -0 -0 -1
vn -0 0 -1
vn -0 -0 -1
vn 0 0 1
vn 0 -0 1
vn 0 0 1
vn -0.39169 -0.9201 -0
vn -0.39169 -0.9201 -0
vn 0.39169 0.9201 0
vn 0.39169 0.9201 0
vn -0 0 -1
vn 0 -0 1
vn -0.38923 -0.91431 -0.11195
vn -0.36971 -0.86846 -0.33028
vn -0.36971 -0.86846 -0.33028
vn -0.33165 -0.77906 -0.53205
vn -0.33165 -0.77906 -0.53204
vn -0.12937 -0.30389 -0.94388
vn -0.12937 -0.30389 -0.94388
vn -0.04386 -0.10303 -0.99371
vn -0.04386 -0.10302 -0.99371
vn -0.20839 -0.48951 -0.84673
vn -0.2084 -0.48952 -0.84672
vn -0.27697 -0.6506 -0.70711
vn -0.27697 -0.65062 -0.7071
vn 0.38923 0.91431 0.11196
vn 0.33166 0.77907 0.53202
vn 0.36971 0.86846 0.33028
vn 0.36971 0.86846 0.33029
vn 0.38923 0.91431 0.11195
vn 0.33166 0.77907 0.53203
vn 0.04386 0.10303 0.99371
vn 0.12937 0.30389 0.94388
vn 0.12937 0.30389 0.94388
vn 0.04386 0.10302 0.99371
vn 0.27697 0.6506 0.70711
vn 0.20839 0.48952 0.84672
vn 0.20839 0.48951 0.84673
vn -0 0 -1
vn 0 0 1
vn 0 -0 1
vn 0 0 1
vn 0 0 1
vn 0 -0 1
vn -0 -0 -1
vn -0 -0 -1
vn -0 0 -1
vn -0.49973 -0.86618 -0
vn -0.69252 -0.7214 -0
vn -0.69252 -0.7214 -0
vn -0 -0 1
vn 0 -0 1
vn 0 -0 1
vn 0 0 -1
vn -0 -0 -1
vn -0 0 -1
vn 0 -0 1
vn 0 0 -1
vn 0 0 -1
vn -0 0 -1
vn -0 0 -1
vn -0 0 -1
vn -0 0 -1
vn -0 0 -1
vn 0 -0 1
vn -0.9201 0.39169 0
vn -0.9201 0.39169 -0
vn -0 -0 1
vn 0 -0 1
vn -0.9201 0.3917 -0
vn 0 -0 1
vn -0.9201 0.39168 1E-05
vn -0.92009 0.3917 -1E-05
vn -0.92009 0.3917 -0
vn -0.9201 0.39169 0
vn -0.9201 0.39169 0
vn 0 -0 1
vn 0.03414 0.08019 -0.99619
vn 0.10138 0.23814 -0.96593
vn -0.92009 0.3917 0
vn -0.9201 0.39169 -0
vn -0.9201 0.39169 -0
vn -0.9201 0.39169 -0
vn 0.9201 -0.39168 1E-05
vn 0.92009 -0.39171 -2E-05
vn 0.9201 -0.39169 0
vn -0.9201 0.39169 -0
vn -0.9201 0.39168 -1E-05
vn 0.16554 0.38885 -0.90631
vn -0.9201 0.39169 -0
vn 0.9201 -0.39169 -0
vn 0.9201 -0.39169 -2E-05
vn 0.92009 -0.3917 2E-05
vn 0.92009 -0.3917 2E-05
vn 0.9201 -0.39169 -1E-05
vn 0.9201 -0.39169 0
vn 0.9201 -0.39169 -1E-05
vn 0.92009 -0.3917 2E-05
vn -0.9201 0.39169 0
vn -0.9201 0.3917 -0
vn -0.9201 0.39169 -0
vn -0.9201 0.39169 1E-05
vn -0.9201 0.39169 2E-05
vn -0.92009 0.3917 -2E-05
vn -0.9201 0.39169 2E-05
vn 0.92009 -0.3917 -0
vn -0.9201 0.39169 0
vn -0.92009 0.3917 -0
vn 0.9201 -0.39169 -0
vn 0.9201 -0.39168 0
vn 0.92009 -0.3917 0
vn 0.09374 0.22019 0.97094
vn 0.18203 0.42759 0.88546
vn 0 -0 1
vn 0 0 1
vn -0.09374 -0.2202 0.97094
vn -0.18203 -0.42759 0.88546
vn 0.09374 0.2202 0.97094
vn 0.27697 0.6506 -0.70711
vn 0.22467 0.52775 -0.81915
vn -0.92009 0.3917 -0
vn -0.9201 0.39168 -0
vn -0.92009 0.3917 0
vn 0.9201 -0.39169 -0
vn 0.9201 -0.39169 1E-05
vn 0.92009 -0.3917 -0
vn 0.9201 -0.39169 0
vn 0.9201 -0.39169 -0
vn 0.92009 -0.3917 -1E-05
vn 0.9201 -0.39169 1E-05
vn 0.9201 -0.39169 -0
vn -0.92009 0.3917 0
vn -0.9201 0.39169 -0
vn -0.92009 0.3917 0
vn 0.32086 0.7537 -0.57358
vn 0.32086 0.7537 -0.57357
vn -0.9201 0.39169 -0
vn -0.9201 0.39169 -1E-05
vn -0.9201 0.39169 0
vn -0.92009 0.39171 2E-05
vn 0.27697 0.65061 -0.70711
vn 0.92009 -0.3917 -1E-05
vn 0.9201 -0.39169 0
vn 0.9201 -0.39169 1E-05
vn 0.92009 -0.3917 0
vn 0.9201 -0.39169 1E-05
vn 0.92009 -0.3917 0
vn 0.92009 -0.3917 0
vn 0.92009 -0.3917 -0
vn 0.92009 -0.39171 -2E-05
vn -0.25974 -0.61014 0.74851
vn 0.92009 -0.3917 0
vn -0.92009 0.3917 0
vn -0.92009 0.3917 0
vn -0.9201 0.39169 0
vn -0.9201 0.39169 -0
vn -0.9201 0.39169 -0
vn -0.18203 -0.42759 0.88546
vn -0.18203 -0.42759 0.88546
vn -0.9201 0.39169 0
vn -0.9201 0.39169 0
vn -0.09374 -0.2202 0.97094
vn 0.38883 0.91339 0.12056
vn 0.36624 0.86031 0.35459
vn 0.32236 0.75723 0.56806
vn 0.36624 0.8603 0.35461
vn 0.38884 0.91338 -0.12056
vn 0.36624 0.8603 -0.35461
vn 0.38883 0.91339 -0.12052
vn 0.32236 0.75723 -0.56806
vn 0.36624 0.86031 -0.35459
vn -0.38884 -0.91339 0.12053
vn -0.38884 -0.91339 0.12054
vn -0.38884 -0.91339 -0.12053
vn -0.32236 -0.75722 -0.56806
vn -0.38884 -0.91339 -0.12054
vn 0.18203 0.42759 -0.88546
vn 0.9201 -0.39168 1E-05
vn -0.18203 -0.42759 -0.88546
vn -0.09374 -0.2202 -0.97094
vn -0 0 -1
vn -0 -0 -1
vn -0.92009 0.3917 0
vn -0.92009 0.3917 0
vn -0.9201 0.39169 0
vn -0.9201 0.39169 -2E-05
vn -0.9201 0.39169 0
vn -0.92009 0.3917 1E-05
vn 0.92009 -0.3917 0
vn -0.32236 -0.75722 0.56807
vn 0.92009 -0.3917 0
vn -0.32236 -0.75723 0.56806
vn 0.9201 -0.39169 -0
vn 0.9201 -0.39169 -1E-05
vn 0.9201 -0.3917 -0
vn -0.36624 -0.8603 0.35461
vn -0.36624 -0.86031 0.3546
vn -0.38884 -0.91339 0.12053
vn 0.92009 -0.3917 0
vn 0.9201 -0.39168 -0
vn 0.92009 -0.3917 0
vn 0.92009 -0.3917 0
vn 0.9201 -0.39168 -1E-05
vn 0.92009 -0.3917 0
vn 0.92009 -0.3917 0
vn 0.9201 -0.39169 0
vn 0.92009 -0.3917 0
vn -0.92009 0.3917 -0
vn -0.9201 0.39169 0
vn -0.9201 0.39168 -1E-05
vn -0.9201 0.39169 0
vn -0.9201 0.39169 0
vn -0.9201 0.39169 -0
vn 0.92009 -0.3917 3E-05
vn -0.9201 0.39169 -0
vn 0.92009 -0.3917 -2E-05
vn 0.9201 -0.39169 2E-05
vn 0.9201 -0.39169 -0
vn 0.92009 -0.3917 -2E-05
vn -0.9201 0.39169 -2E-05
vn -0.92009 0.3917 3E-05
vn -0.9201 0.39169 -0
vn -0.9201 0.39169 -3E-05
vn 0.37834 0.88875 -0.25882
vn 0.37835 0.88874 -0.25882
vn 0.355 0.83389 -0.42262
vn 0.35499 0.83389 -0.42262
vn -0.18203 -0.42758 0.88546
vn 0.9201 -0.39169 -0
vn 0.9201 -0.39169 0
vn -0.9201 0.39169 0
vn -0.92009 0.3917 -0
vn -0.9201 0.39168 1E-05
vn -0.92009 0.3917 -0
vn -0.9201 0.39169 -0
vn -0.92009 0.3917 -0
vn -0.92009 0.3917 -0
vn -0.9201 0.39168 0
vn 0.18203 0.42759 0.88545
vn -0.09373 -0.22018 0.97094
vn 0 -0 1
vn -0.9201 0.39169 -0
vn -0.9201 0.39169 -0
vn -0.9201 0.39169 0
vn -0.9201 0.39169 -1E-05
vn 0.9201 -0.39169 -0
vn -0.92009 0.3917 1E-05
vn 0.9201 -0.39169 1E-05
vn 0.9201 -0.39169 -0
vn 0.9201 -0.39169 0
vn 0.92009 -0.3917 -0
vn 0.3902 0.91659 -0.08715
vn -0.9201 0.39169 0
vn 0.9201 -0.39169 1E-05
vn 0.92009 -0.3917 -3E-05
vn -0.38884 -0.91339 -0.12053
vn 0.9201 -0.3917 1E-05
vn 0.9201 -0.3917 -1E-05
vn 0.9201 -0.39169 0
vn 0.38884 0.91339 0.12052
vn 0.38884 0.91339 0.12053
vn -0.9201 0.39169 -2E-05
vn -0.9201 0.39169 2E-05
vn -0.9201 0.39169 -0
vn -0.9201 0.39169 -0
vn 0.92009 -0.3917 -0
vn 0.92009 -0.3917 -0
vn 0.92009 -0.3917 -0
vn 0.9201 -0.3917 0
vn 0.92009 -0.3917 -0
vn -0.9201 0.39169 0
vn -0.9201 0.39169 0
vn -0.32236 -0.75722 -0.56806
vn -0.32236 -0.75722 -0.56807
vn -0.9201 0.39169 -0
vn -0.36624 -0.8603 -0.35461
vn -0.36624 -0.8603 -0.3546
vn 0.92009 -0.3917 -0
vn 0.92009 -0.3917 0
vn 0.92009 -0.3917 -0
vn 0.92009 -0.3917 -0
vn 0.9201 -0.39168 -1E-05
vn 0.92009 -0.39171 2E-05
vn 0.92009 -0.3917 -0
vn 0.92009 -0.3917 1E-05
vn 0.9201 -0.39169 -1E-05
vn 0.9201 -0.39169 -1E-05
vn 0.92009 -0.3917 -0
vn 0.38883 0.91339 0.12056
vn 0.32236 0.75723 0.56805
vn 0.92009 -0.3917 -0
vn 0.92009 -0.3917 -0
vn 0.9201 -0.39168 1E-05
vn 0.92009 -0.3917 -0
vn 0.9201 -0.39169 -0
vn 0.9201 -0.39168 0
vn 0.25974 0.61013 0.74852
vn 0 -0 1
vn 0 -0 1
vn -0.18203 -0.42759 0.88545
vn -0.38884 -0.91339 0.12054
vn -0.38884 -0.91339 0.12053
vn -0.38884 -0.91339 -0.12054
vn -0.25974 -0.61014 -0.74851
vn -0.18203 -0.42759 -0.88546
vn -0.09374 -0.22019 -0.97094
vn -0.18203 -0.42759 -0.88546
vn 0.9201 -0.39169 -0
vn -0.9201 0.39169 -0
vn -0.9201 0.39169 -0
vn -0.9201 0.39169 -0
vn -0.92009 0.3917 -1E-05
vn -0.92009 0.3917 -0
vn -0.9201 0.39169 -0
vn -0.9201 0.39169 -0
vn -0.9201 0.39168 1E-05
vn -0.92009 0.3917 -0
vn -0.92009 0.3917 -0
vn -0.92009 0.3917 -0
vn -0.9201 0.39169 2E-05
vn -0.9201 0.39169 0
vn -0.9201 0.39169 0
vn -0.32236 -0.75723 -0.56805
vn -0.18202 -0.42757 -0.88547
vn 0.9201 -0.39169 -0
vn 0.18203 0.42758 -0.88546
vn -0 0 -1
vn -0.9201 0.39168 -0
vn -0.92009 0.3917 0
vn -0.92009 0.3917 0
vn -0.92009 0.3917 0
vn -0.9201 0.39169 -0
vn -0.9201 0.39169 1E-05
vn -0.9201 0.39169 -1E-05
vn 0.9201 -0.39169 -1E-05
vn 0.3902 0.91659 0.08715
vn 0.9201 -0.39169 -2E-05
vn 0.92009 -0.3917 0
vn -0.92009 0.3917 -1E-05
vn 0.9201 -0.39169 2E-05
vn -0.9201 0.39169 0
vn 0.9201 -0.39169 -0
vn -0.9201 0.39169 1E-05
vn -0.9201 0.39169 -0
vn -0.9201 0.39169 0
vn 0.9201 -0.39169 0
vn 0.9201 -0.39169 0
vn -0.92009 0.3917 0
vn 0.9201 -0.39169 0
vn -0.9201 0.39169 -0
vn -0.9201 0.39168 -1E-05
vn -0.9201 0.39169 0
vn -0.92009 0.3917 0
vn 0.92009 -0.3917 2E-05
vn -0.9201 0.39169 0
vn 0.9201 -0.39169 -2E-05
vn -0.9201 0.39169 2E-05
vn -0.92009 0.3917 -3E-05
vn -0.9201 0.39169 3E-05
vn 0.92009 -0.3917 2E-05
vn 0.9201 -0.39169 0
vn 0.37834 0.88875 0.25882
vn 0.37835 0.88874 0.25882
vn 0.355 0.83389 0.42262
vn 0.35499 0.83389 0.42262
vn 0.92009 -0.3917 -2E-05
vn 0.9201 -0.39169 -0
vn 0.92009 -0.3917 -2E-05
vn 0.9201 -0.39169 2E-05
vn 0.18203 0.42759 -0.88545
vn 0.25974 0.61013 -0.74852
vn 0.32236 0.75723 -0.56805
vn -0 0 -1
vn -0 0 -1
vn 0.92009 -0.3917 0
vn 0.9201 -0.39168 -0
vn 0.9201 -0.39169 1E-05
vn -0.9201 0.39169 -1E-05
vn 0.92009 -0.3917 -2E-05
vn -0.9201 0.39169 -2E-05
vn -0.9201 0.39169 -0
vn -0.9201 0.3917 0
vn -0.9201 0.39169 0
vn -0.9201 0.39169 -2E-05
vn -0.92009 0.3917 2E-05
vn -0.9201 0.39169 0
vn 0.92009 -0.39171 2E-05
vn 0.9201 -0.39168 -1E-05
vn 0.9201 -0.39169 -0
vn 0.9201 -0.39169 0
vn -0.9201 0.39169 0
vn -0.9201 0.39169 0
vn -0.9201 0.39169 0
vn -0.9201 0.39168 1E-05
vn 0.10138 0.23814 0.96593
vn -0.9201 0.39169 0
vn -0.92009 0.3917 -0
vn 0.16554 0.38885 0.90631
vn 0.92009 -0.3917 -0
vn 0.9201 -0.39169 0
vn -0.9201 0.39169 -0
vn -0.92009 0.3917 0
vn 0.9201 -0.39169 -1E-05
vn -0.18203 -0.42759 -0.88545
vn -0.32236 -0.75723 -0.56806
vn 0.9201 -0.39169 0
vn 0.9201 -0.39169 0
vn 0.92009 -0.3917 1E-05
vn -0.9201 0.39169 0
vn 0.9201 -0.39169 -1E-05
vn -0.92009 0.3917 -0
vn 0.9201 -0.39169 -0
vn -0.9201 0.39169 0
vn -0.9201 0.39169 1E-05
vn -0.92009 0.39171 -2E-05
vn -0.9201 0.39169 -0
vn 0.32086 0.7537 0.57357
vn 0.32086 0.7537 0.57358
vn -0.92009 0.3917 -0
vn -0.9201 0.39168 0
vn 0.22467 0.52774 0.81915
vn 0.27697 0.65061 0.70711
vn 0.27697 0.65061 0.70711
vn -0.92009 0.3917 -0
vn -0.92009 0.3917 0
vn 0.92009 -0.3917 0
vn 0.9201 -0.39169 0
vn -0.92008 0.39173 -1E-05
vn -0.9201 0.39169 1E-05
vn -0.92009 0.3917 -2E-05
vn -0.9201 0.39169 0
vn -0.92008 0.39174 -0.0001
vn -0.92013 0.39161 2E-05
vn -0.92009 0.3917 0
vn -0.9201 0.39169 -0
vn -0.92009 0.3917 0
vn -0.92009 0.3917 0
vn -0.91431 0.38923 -0.11197
vn -0.77907 0.33165 -0.53203
vn -0.77907 0.33166 -0.53203
vn -0.86846 0.36972 -0.33027
vn -0.86846 0.36971 -0.33029
vn -0.10302 0.04386 -0.99371
vn -0.10302 0.04386 -0.99371
vn -0.30389 0.12937 -0.94388
vn -0.6506 0.27697 -0.70711
vn -0.48952 0.20839 -0.84672
vn -0.30389 0.12937 -0.94388
vn -0 0 -1
vn -0.3917 -0.92009 -0
vn -0.39169 -0.9201 -0
vn -0.39169 -0.9201 -0
vn 0.3917 0.92009 0
vn 0.39169 0.9201 0
vn 0.39169 0.9201 0
vn 0.3917 0.92009 0
vn 0.3917 0.92009 0
vn 0.39169 0.9201 0
vn 0.39169 0.9201 0
vn -0 0 -1
vn -0 -0 -1
vn -0 0 -1
vn -0 0 -1
vn -0 -0 -1
vn -0 -0 -1
vn -0 0 -1
vn -0 0 -1
vn -0 0 -1
vn -0 0 -1
vn -0 -0 -1
vn -0 0 -1
vn -0 -0 -1
vn -0.39169 -0.9201 -0
vn -0.39169 -0.9201 -0
vn 0.49225 0.87045 -0
vn 0.6736 0.7391 -0
vn 0.49225 0.87045 -0
vn 0.6736 0.7391 -0
vn 0.82118 0.57066 -0
vn 0.92758 0.37363 -0
vn 0.82118 0.57066 -0
vn 0.98746 0.15786 -0
vn 0.92758 0.37363 -0
vn 0.98746 0.15786 -0
vn -0.82117 -0.57068 0
vn -0.92758 -0.37363 0
vn -0.92758 -0.37363 0
vn -0.82117 -0.57068 0
vn -0.49225 -0.87045 0
vn -0.49225 -0.87045 0
vn -0.6736 -0.7391 0
vn -0.6736 -0.7391 0
vn -0.99783 0.06582 0
vn -0.95817 0.28621 0
vn -0.99783 0.06582 0
vn -0.95817 0.28621 0
vn -0.98746 -0.15786 0
vn -0.98746 -0.15786 0
vn -0 0 -1
vn -0 0 -1
vn -0 0 -1
vn 0.9201 -0.39169 -1E-05
vn -0.9201 0.39169 0
vn 0.9201 -0.39169 0
vn 0.9201 -0.39169 -0
vn -0.9201 0.39169 1E-05
vn -0.9201 0.39169 -0
vn -0.9201 0.39169 0
vn -0.9201 0.39169 1E-05
vn 0.9201 -0.39169 -0
vn -0.92009 0.3917 -1E-05
vn 0.9201 -0.39169 -1E-05
vn 0.92009 -0.3917 1E-05
vn -0.9201 0.39169 -0
vn -0.9201 0.39169 1E-05
vn -0.92009 0.3917 -1E-05
vn 0.9201 -0.39169 -0
vn 0.9201 -0.39169 -1E-05
vn 0.92009 -0.3917 1E-05
vn 0.9201 -0.39169 -0
vn -0.9201 0.39169 0
vn 0.95817 -0.28621 -0
vn -0.9201 0.39169 0
vn 0.99783 -0.06581 -0
vn 0.9201 -0.39169 -0
vn 0.95817 -0.28621 -0
vn 0.99783 -0.06581 -0
vn -0 0 -1
vn 0 -0 1
vn -0.09374 -0.2202 0.97094
vn 0.09374 0.22019 0.97094
vn 0 -0 1
vn 0.18203 0.42759 0.88546
vn 0.09374 0.2202 0.97094
vn 0.25974 0.61013 0.74851
vn 0.92009 -0.39171 -1E-05
vn -0.9201 0.39169 -0
vn 0.9201 -0.39168 2E-05
vn -0.9201 0.39169 -0
vn 0.9201 -0.39169 0
vn -0.92009 0.3917 1E-05
vn 0.9201 -0.39169 0
vn 0.92009 -0.3917 0
vn 0.92009 -0.3917 0
vn 0.9201 -0.39168 -0
vn 0.92009 -0.3917 -0
vn 0.92009 -0.3917 -0
vn 0.03414 0.08019 -0.99619
vn -0.92009 0.3917 0
vn -0.92009 0.3917 0
vn -0.9201 0.39169 -0
vn -0.92009 0.3917 -0
vn -0.9201 0.39168 0
vn -0.25974 -0.61013 0.74851
vn -0.18203 -0.42759 0.88546
vn 0.92009 -0.3917 -1E-05
vn 0.92009 -0.3917 -1E-05
vn 0.9201 -0.39169 0
vn 0.9201 -0.39169 -0
vn 0.9201 -0.39169 1E-05
vn 0.9201 -0.39169 1E-05
vn 0.9201 -0.39169 0
vn 0.92009 -0.3917 -1E-05
vn 0.9201 -0.39169 0
vn 0.92009 -0.3917 -1E-05
vn 0.9201 -0.39169 0
vn -0.9201 0.39169 -1E-05
vn -0.9201 0.39169 0
vn -0.9201 0.39169 -0
vn -0.9201 0.39169 -0
vn -0.92009 0.3917 1E-05
vn -0.9201 0.39169 -0
vn -0.9201 0.39169 -1E-05
vn -0.92009 0.3917 1E-05
vn -0.92009 0.3917 1E-05
vn -0.92009 0.3917 1E-05
vn 0.18203 0.42759 0.88546
vn 0.32236 0.75722 0.56807
vn 0.36624 0.86031 0.35459
vn 0.38884 0.91339 0.12055
vn 0 -0 1
vn -0.18203 -0.42759 0.88546
vn 0.18203 0.42759 -0.88545
vn 0.25974 0.61013 -0.74851
vn 0.38884 0.91339 -0.12055
vn 0.36624 0.86031 -0.35459
vn 0.32236 0.75722 -0.56807
vn -0 0 -1
vn -0.09374 -0.22019 -0.97094
vn -0.18203 -0.42759 -0.88545
vn 0.09374 0.22019 -0.97094
vn -0.9201 0.39169 -0
vn 0.36624 0.86031 0.3546
vn 0.36624 0.86031 -0.3546
vn 0.32236 0.75722 -0.56807
vn -0.92009 0.39171 1E-05
vn -0.9201 0.39167 -1E-05
vn 0.92009 -0.39171 -1E-05
vn 0.9201 -0.39167 1E-05
vn -0.32236 -0.75722 0.56807
vn -0.36624 -0.86031 0.3546
vn -0.38884 -0.91339 0.12055
vn -0.36624 -0.86031 -0.3546
vn -0.38884 -0.91339 -0.12055
vn -0.32236 -0.75722 -0.56807
vn 0.9201 -0.39169 0
vn 0.9201 -0.39169 -0
vn 0.92009 -0.3917 0
vn 0.92009 -0.39171 1E-05
vn 0.9201 -0.39169 -0
vn 0.18203 0.42759 -0.88546
vn -0.09374 -0.2202 -0.97094
vn -0 0 -1
vn -0 0 -1
vn 0.09374 0.2202 -0.97094
vn 0.09374 0.22019 -0.97094
vn -0.25974 -0.61013 -0.74851
vn -0.18203 -0.42759 -0.88546
vn -0.92009 0.3917 -0
vn -0.9201 0.39169 0
vn 0.92009 -0.3917 -0
vn 0.9201 -0.39169 -0
vn 0.9201 -0.39169 0
vn 0.9201 -0.39169 0
vn 0.9201 -0.39168 0
vn 0.9201 -0.39169 0
vn 0.9201 -0.39169 0
vn 0.9201 -0.39169 0
vn 0.9201 -0.39169 0
vn -0.92009 0.3917 0
vn -0.9201 0.39169 0
vn -0.9201 0.39169 -0
vn -0.9201 0.39169 -0
vn -0.9201 0.39168 -1E-05
vn 0.25974 0.61014 0.74851
vn 0.18203 0.4276 0.88545
vn 0.32236 0.75722 0.56807
vn 0.09373 0.22018 0.97094
vn 0.38884 0.91339 0.12055
vn -0.18203 -0.4276 0.88545
vn 0 -0 1
vn -0.32236 -0.75722 0.56807
vn 0 -0 1
vn -0.09373 -0.22018 0.97094
vn -0.25974 -0.61014 0.74851
vn -0.09373 -0.22018 0.97094
vn -0.36624 -0.86031 0.35459
vn -0.36624 -0.86031 0.3546
vn -0.38884 -0.91338 0.12056
vn -0.38884 -0.91339 0.12055
vn -0.92009 0.3917 0
vn -0.9201 0.39169 -0
vn 0.9201 -0.39169 -0
vn -0.92009 0.39171 1E-05
vn -0.9201 0.39169 -0
vn -0.9201 0.39169 -0
vn -0.9201 0.39169 -0
vn 0.9201 -0.39169 1E-05
vn 0.9201 -0.39169 0
vn 0.92009 -0.3917 -1E-05
vn 0.9201 -0.39169 0
vn 0.9201 -0.39169 -0
vn 0.38884 0.91339 0.12054
vn 0.9201 -0.39169 0
vn 0.38884 0.91339 0.12054
vn -0.9201 0.39169 -0
vn -0.9201 0.39169 0
vn -0.9201 0.39169 -0
vn -0.9201 0.39169 0
vn -0.9201 0.39169 -0
vn -0.9201 0.39169 0
vn 0.9201 -0.39169 -0
vn 0.9201 -0.39169 -0
vn 0.09374 0.2202 0.97094
vn 0.9201 -0.39169 -0
vn 0.9201 -0.39169 -0
vn 0.9201 -0.39169 0
vn 0.92009 -0.3917 0
vn 0.92009 -0.3917 -0
vn 0.92009 -0.3917 -0
vn 0.9201 -0.39169 0
vn 0.9201 -0.39168 0
vn 0.92009 -0.3917 0
vn 0 -0 1
vn 0 -0 1
vn -0.9201 0.39169 0
vn 0.9201 -0.39169 -0
vn 0.92009 -0.3917 1E-05
vn 0.92009 -0.3917 0
vn 0.18203 0.42759 0.88546
vn 0.9201 -0.39169 -1E-05
vn 0.9201 -0.39169 -0
vn 0.92009 -0.3917 1E-05
vn -0.9201 0.39169 0
vn -0.9201 0.39169 0
vn -0.92009 0.3917 -1E-05
vn -0.9201 0.39169 0
vn -0.9201 0.39169 0
vn -0.92009 0.3917 -1E-05
vn -0.9201 0.39169 1E-05
vn -0.9201 0.39169 0
vn -0.9201 0.39169 0
vn -0.9201 0.39169 0
vn -0.92009 0.3917 -0
vn -0.9201 0.39168 -0
vn -0.92009 0.3917 0
vn 0.25974 0.61014 0.74851
vn -0.9201 0.39169 -0
vn 0.36624 0.8603 0.35461
vn 0.32236 0.75723 0.56806
vn 0.32236 0.75722 0.56807
vn 0.36624 0.8603 0.3546
vn 0.25974 0.61014 0.74851
vn 0.9201 -0.39169 0
vn 0.9201 -0.39169 0
vn -0.92009 0.39171 1E-05
vn -0.9201 0.39169 -0
vn 0.9201 -0.39169 0
vn 0.10138 0.23814 -0.96593
vn -0.92009 0.3917 0
vn 0.03414 0.08019 -0.99619
vn 0.9201 -0.39169 -0
vn 0.92009 -0.3917 -0
vn 0.10138 0.23814 -0.96593
vn -0.9201 0.39168 -1E-05
vn -0.9201 0.39168 -1E-05
vn -0.92009 0.3917 0
vn 0.16554 0.38885 -0.90631
vn -0.25975 -0.61015 0.7485
vn 0.9201 -0.39169 -0
vn -0.32235 -0.75721 0.56809
vn -0.38883 -0.91339 0.12055
vn -0.36625 -0.86031 0.35459
vn -0.25974 -0.61014 0.74851
vn -0.36624 -0.8603 0.35461
vn -0.38884 -0.91339 0.1205
vn 0.9201 -0.39169 -2E-05
vn 0.9201 -0.39169 -0
vn 0.92009 -0.3917 1E-05
vn 0.92009 -0.3917 2E-05
vn 0.9201 -0.39169 -1E-05
vn 0.92009 -0.3917 3E-05
vn 0.9201 -0.3917 0
vn -0.32235 -0.75722 -0.56807
vn -0.38884 -0.91338 -0.12055
vn -0.25974 -0.61014 -0.74851
vn -0.25975 -0.61015 -0.7485
vn -0.36625 -0.86031 -0.35459
vn -0.36624 -0.8603 -0.35461
vn -0.38884 -0.91339 -0.1205
vn -0.32235 -0.75721 -0.56809
vn 0.9201 -0.39167 -0
vn 0.9201 -0.39169 -0
vn 0.9201 -0.39169 -0
vn 0.92009 -0.3917 -0
vn 0.09374 0.2202 0.97094
vn 0 0 1
vn 0.25974 0.61012 0.74852
vn 0.25974 0.61015 0.7485
vn 0.18204 0.4276 0.88545
vn 0.18202 0.42758 0.88546
vn 0 -0 1
vn -0.9201 0.39169 1E-05
vn -0.92009 0.3917 -1E-05
vn -0.92009 0.3917 -2E-05
vn -0.9201 0.39169 2E-05
vn -0.9201 0.39169 2E-05
vn -0.92009 0.3917 -0
vn -0.9201 0.39169 -0
vn -0.9201 0.39169 2E-05
vn -0.9201 0.39169 0
vn -0.9201 0.39169 0
vn 0.22466 0.52775 -0.81915
vn 0.9201 -0.39168 1E-05
vn 0.92009 -0.3917 -1E-05
vn 0.92009 -0.3917 -1E-05
vn 0.9201 -0.39169 0
vn 0.9201 -0.39169 -0
vn 0.9201 -0.39169 0
vn 0.9201 -0.39169 -0
vn 0.92009 -0.3917 -0
vn -0.9201 0.39169 0
vn -0.92009 0.3917 0
vn -0.92009 0.39171 1E-05
vn -0.9201 0.39168 -1E-05
vn -0.9201 0.39169 0
vn -0.09374 -0.2202 0.97094
vn -0.18202 -0.42758 0.88546
vn -0.25975 -0.61015 0.7485
vn -0.25973 -0.61012 0.74852
vn -0.18204 -0.4276 0.88545
vn 0.32085 0.7537 -0.57357
vn 0.32085 0.7537 -0.57358
vn -0.92009 0.39171 3E-05
vn 0.27697 0.65061 -0.70711
vn -0.9201 0.39168 -2E-05
vn 0.27697 0.65061 -0.70711
vn 0.9201 -0.39169 0
vn 0.92009 -0.3917 -1E-05
vn 0.9201 -0.39168 1E-05
vn 0.92009 -0.39171 -3E-05
vn 0.9201 -0.39169 -0
vn -0.18203 -0.42759 0.88546
vn 0.9201 -0.39168 2E-05
vn 0.92009 -0.39171 -1E-05
vn -0.25974 -0.61014 0.74851
vn -0.92009 0.3917 -0
vn -0.92009 0.3917 -0
vn -0.9201 0.39169 -0
vn -0.9201 0.39169 -1E-05
vn -0.09374 -0.2202 0.97094
vn -0.92009 0.3917 1E-05
vn -0.92009 0.39171 -0
vn -0.18203 -0.42759 0.88546
vn -0.09374 -0.2202 0.97094
vn 0.32237 0.75723 0.56805
vn 0.32235 0.75721 0.56809
vn 0.38883 0.91339 0.12055
vn 0.36624 0.8603 0.35462
vn 0.36624 0.86032 0.35457
vn 0.36623 0.8603 -0.35462
vn 0.38883 0.91339 -0.12055
vn 0.36625 0.86031 -0.35457
vn 0.32235 0.75721 -0.56809
vn 0.32237 0.75723 -0.56805
vn -0.32237 -0.75723 -0.56805
vn -0.32237 -0.75723 0.56805
vn -0.32235 -0.75721 -0.56809
vn 0.92009 -0.3917 -0
vn 0.9201 -0.39168 2E-05
vn 0.9201 -0.39169 -0
vn 0.9201 -0.39169 -0
vn 0.18202 0.42758 -0.88546
vn 0.25973 0.61012 -0.74852
vn 0.25975 0.61015 -0.7485
vn 0.18204 0.4276 -0.88545
vn -0.92009 0.3917 1E-05
vn -0.92009 0.3917 -0
vn -0.9201 0.39169 -0
vn -0.9201 0.39169 -1E-05
vn -0.9201 0.39168 -1E-05
vn -0.92009 0.3917 1E-05
vn -0.92009 0.3917 -0
vn -0 -0 -1
vn -0 0 -1
vn -0.09374 -0.2202 -0.97094
vn 0.09374 0.2202 -0.97094
vn -0.25974 -0.61015 -0.7485
vn -0.18202 -0.42758 -0.88546
vn -0.25974 -0.61012 -0.74852
vn -0.18204 -0.4276 -0.88545
vn -0.92009 0.3917 0
vn -0.9201 0.39169 -0
vn 0.9201 -0.39168 -1E-05
vn 0.92009 -0.39171 1E-05
vn 0.92009 -0.3917 0
vn 0.9201 -0.39168 -1E-05
vn 0.92009 -0.3917 0
vn 0.9201 -0.39169 -0
vn -0.36624 -0.8603 0.3546
vn -0.32236 -0.75722 0.56806
vn -0.36623 -0.8603 0.35462
vn -0.9201 0.39169 -0
vn 0.9201 -0.39169 0
vn 0.9201 -0.39169 -1E-05
vn 0.9201 -0.3917 1E-05
vn 0.92009 -0.3917 1E-05
vn 0.92009 -0.3917 2E-05
vn -0.9201 0.39169 0
vn -0.9201 0.39169 -2E-05
vn -0.92009 0.3917 -1E-05
vn -0.9201 0.39169 0
vn -0.38883 -0.91339 0.12054
vn -0.9201 0.39169 2E-05
vn -0.38884 -0.91339 0.12053
vn -0.36625 -0.86031 0.35457
vn -0.36625 -0.86031 -0.35457
vn -0.38883 -0.91339 -0.12055
vn -0.36623 -0.8603 -0.35462
vn -0.36623 -0.8603 0.35462
vn 0.9201 -0.39169 -0
vn -0.9201 0.39169 -1E-05
vn -0.92009 0.3917 1E-05
vn 0.9201 -0.39169 -0
vn -0.9201 0.39169 -4E-05
vn 0.92009 -0.3917 -1E-05
vn 0.9201 -0.39169 1E-05
vn -0.9201 0.39167 1E-05
vn 0.92009 -0.39171 1E-05
vn 0.37834 0.88874 -0.25882
vn 0.35499 0.83389 -0.42262
vn -0.9201 0.3917 -0
vn 0.9201 -0.39168 2E-05
vn 0.9201 -0.39168 -1E-05
vn 0.92009 -0.3917 0
vn 0.9201 -0.39169 0
vn -0.38883 -0.91339 0.12055
vn -0.38884 -0.91339 0.1205
vn -0.32236 -0.75723 0.56806
vn -0.25975 -0.61015 0.7485
vn -0.32235 -0.75721 0.56809
vn -0.18203 -0.42759 0.88546
vn -0.36624 -0.8603 0.35462
vn -0.92009 0.3917 -0
vn -0.92009 0.3917 -0
vn -0.92009 0.39171 -1E-05
vn -0.9201 0.39168 1E-05
vn -0.92011 0.39167 1E-05
vn -0.92008 0.39172 -1E-05
vn -0.92009 0.3917 0
vn 0.18203 0.42759 0.88546
vn 0.25975 0.61015 0.7485
vn 0.36623 0.8603 0.35461
vn 0.32236 0.75723 0.56806
vn 0.36623 0.8603 0.35462
vn 0.38884 0.91338 0.12056
vn 0.18203 0.42761 0.88545
vn 0.25973 0.61013 0.74852
vn 0.38884 0.91339 0.1205
vn 0 -0 1
vn -0.09373 -0.22018 0.97094
vn 0 -0 1
vn 0.09373 0.22017 0.97095
vn 0.09373 0.22018 0.97094
vn -0.9201 0.39169 -0
vn -0.9201 0.3917 0
vn 0.9201 -0.39169 0
vn -0.9201 0.39168 -2E-05
vn 0.9201 -0.39169 -0
vn -0.9201 0.39169 -2E-05
vn 0.9201 -0.39169 0
vn 0.92009 -0.3917 -1E-05
vn 0.92009 -0.3917 -2E-05
vn 0.92009 -0.3917 1E-05
vn -0.92009 0.3917 2E-05
vn -0.9201 0.39169 -0
vn -0.9201 0.39169 -0
vn -0.9201 0.39169 2E-05
vn 0.39021 0.91659 -0.08716
vn 0.3902 0.9166 -0.08715
vn 0.3917 0.92009 0
vn -0.3917 -0.92009 -0
vn -0.10302 0.04386 0.99371
vn -0.10302 0.04386 0.99371
vn -0.30389 0.12937 0.94388
vn -0.30389 0.12937 0.94388
vn -0.48953 0.2084 0.84672
vn -0.6506 0.27697 0.70711
vn -0.77907 0.33166 0.53203
vn -0.77907 0.33166 0.53203
vn -0.86846 0.36971 0.33029
vn -0.86847 0.36971 0.33027
vn -0.91431 0.38923 0.11197
vn 0 -0 1
vn 0 -0 1
vn 0 -0 1
vn 0 0 1
vn 0 0 1
vn 0 -0 1
vn 0 0 1
vn 0 -0 1
vn 0 0 1
vn -0 0 1
vn 0 -0 1
vn -0 -0 1
vn 0 -0 1
vn -0 0 1
vn 0.9201 -0.39169 0
vn 0.92009 -0.3917 -1E-05
vn 0.9201 -0.39169 0
vn -0.92009 0.3917 1E-05
vn -0.9201 0.39169 -0
vn -0.9201 0.39169 0
vn -0.9201 0.39169 -1E-05
vn 0.9201 -0.39169 1E-05
vn 0.9201 -0.39169 0
vn -0.9201 0.39169 -1E-05
vn -0.92009 0.3917 1E-05
vn 0.92009 -0.3917 -1E-05
vn -0.9201 0.39169 -0
vn 0.9201 -0.39169 1E-05
vn 0.9201 -0.39169 0
vn -0.9201 0.39169 -1E-05
vn 0.9201 -0.39169 1E-05
vn 0.9201 -0.39169 -0
vn -0.9201 0.39169 -0
vn 0 -0 1
vn -0.9201 0.39169 0
vn -0.9201 0.39169 -1E-05
vn -0.92011 0.39167 -1E-05
vn -0.92006 0.39178 4E-05
vn -0.9201 0.39169 -6E-05
vn -0.92009 0.3917 0
vn -0.92009 0.3917 -0
vn -0.9201 0.39169 0
vn -0.92009 0.3917 0
vn -0.92009 0.39171 3E-05
vn -0.9201 0.39168 -1E-05
vn 0.38884 0.91339 -0.12055
vn 0.18203 0.42759 -0.88546
vn 0.25974 0.61014 -0.74851
vn -0.38884 -0.91338 -0.12056
vn -0.38884 -0.91339 -0.12055
vn -0.36624 -0.86031 -0.35459
vn -0.36624 -0.86031 -0.3546
vn -0.25974 -0.61014 -0.74851
vn -0.32236 -0.75722 -0.56807
vn -0.09374 -0.2202 -0.97094
vn -0.18203 -0.42759 -0.88546
vn -0 0 -1
vn -0 0 -1
vn 0.9201 -0.39169 -0
vn 0.9201 -0.39169 -0
vn 0.9201 -0.39169 -0
vn 0.9201 -0.39169 -0
vn 0.9201 -0.39169 -0
vn 0.9201 -0.39169 0
vn 0.9201 -0.39168 -0
vn 0.92009 -0.3917 0
vn 0.9201 -0.39169 -0
vn -0.9201 0.39169 -0
vn -0.9201 0.39169 0
vn -0.92009 0.3917 -0
vn -0.9201 0.39169 0
vn -0.9201 0.39168 1E-05
vn 0.9201 -0.39169 -1E-05
vn 0.9201 -0.39169 -0
vn 0.9201 -0.39169 0
vn 0.9201 -0.39169 -0
vn 0.92009 -0.3917 1E-05
vn 0.9201 -0.39169 -0
vn 0.38884 0.91339 -0.12054
vn 0.38884 0.91339 -0.12054
vn -0.9201 0.39169 -0
vn -0.9201 0.39169 -0
vn -0.9201 0.39169 0
vn -0.9201 0.39169 -0
vn -0.9201 0.39169 0
vn -0.9201 0.39169 0
vn -0.9201 0.39169 0
vn -0.9201 0.39169 0
vn -0.92009 0.3917 -0
vn 0.9201 -0.39169 0
vn -0.92009 0.39171 -1E-05
vn -0.9201 0.39169 0
vn -0.9201 0.39169 0
vn -0.9201 0.39167 1E-05
vn 0.9201 -0.39167 -1E-05
vn -0.92009 0.39171 -1E-05
vn 0.92009 -0.39171 1E-05
vn 0.25974 0.61013 0.74852
vn 0.32236 0.75722 0.56807
vn 0.32236 0.75722 -0.56807
vn 0.92009 -0.39171 -1E-05
vn 0.92009 -0.3917 -0
vn 0.9201 -0.39169 -0
vn 0.9201 -0.39169 0
vn 0.9201 -0.39169 0
vn 0 -0 1
vn -0.9201 0.39169 -0
vn -0.25974 -0.61013 0.74852
vn -0.92009 0.3917 0
vn -0.32236 -0.75722 0.56807
vn -0.32236 -0.75722 -0.56807
vn 0.9201 -0.39169 0
vn 0.9201 -0.39169 0
vn 0.9201 -0.39169 0
vn 0.9201 -0.39169 -0
vn 0.9201 -0.39169 -0
vn 0.9201 -0.39168 0
vn 0.92009 -0.3917 0
vn 0.92009 -0.3917 -0
vn -0.9201 0.39169 0
vn 0.09374 0.22019 -0.97094
vn -0 0 -1
vn -0 -0 -1
vn 0.25974 0.61014 -0.74851
vn 0.25974 0.61014 -0.74851
vn 0.32236 0.75723 -0.56806
vn 0.32235 0.75722 -0.56807
vn 0.36624 0.8603 -0.35461
vn 0.36624 0.8603 -0.3546
vn -0.9201 0.39169 0
vn 0.92009 -0.3917 -1E-05
vn 0.92009 -0.3917 -0
vn 0.18203 0.42759 -0.88546
vn 0.9201 -0.39169 1E-05
vn 0.92009 -0.3917 -1E-05
vn 0.9201 -0.39169 0
vn 0.9201 -0.39169 0
vn -0.9201 0.39169 -0
vn -0.92009 0.3917 1E-05
vn -0.9201 0.39169 -0
vn -0.9201 0.39169 -0
vn -0.9201 0.39169 -0
vn -0.9201 0.39169 -0
vn -0.92009 0.3917 1E-05
vn -0.9201 0.39169 -1E-05
vn -0.9201 0.39169 -0
vn -0.9201 0.39169 -0
vn -0.92009 0.3917 0
vn 0.25974 0.61013 -0.74852
vn 0.18203 0.4276 -0.88545
vn -0 0 -1
vn 0 -0 1
vn 0.92009 -0.3917 1E-05
vn -0.25974 -0.61013 -0.74852
vn -0.18203 -0.4276 -0.88545
vn 0.92009 -0.3917 1E-05
vn 0.9201 -0.39169 0
vn 0.9201 -0.39169 -0
vn 0.9201 -0.39169 -0
vn 0.92009 -0.3917 1E-05
vn 0.9201 -0.39169 -1E-05
vn 0.9201 -0.39169 -1E-05
vn 0.9201 -0.39169 -0
vn 0.92009 -0.3917 1E-05
vn 0.9201 -0.39169 -0
vn -0.9201 0.39169 0
vn -0.9201 0.39169 1E-05
vn -0.92009 0.3917 -1E-05
vn -0.9201 0.39169 1E-05
vn -0.9201 0.39169 0
vn -0.92009 0.3917 -1E-05
vn -0.92009 0.3917 -1E-05
vn -0.9201 0.39169 0
vn -0.9201 0.39169 -0
vn -0.92009 0.3917 -1E-05
vn -0.9201 0.39169 0
vn -0.9201 0.39169 0
vn -0.92009 0.3917 -1E-05
vn 0.9201 -0.39169 -0
vn 0.92009 -0.39171 1E-05
vn 0.9201 -0.39168 -2E-05
vn 0.18203 0.42759 0.88545
vn -0.18203 -0.42759 0.88545
vn 0 -0 1
vn 0.36624 0.86031 -0.35459
vn -0.9201 0.39169 0
vn -0.18203 -0.42758 -0.88546
vn 0.92009 -0.3917 0
vn 0.9201 -0.39169 -0
vn 0.92009 -0.3917 -0
vn 0.9201 -0.39168 -0
vn -0 0 -1
vn 0.18203 0.42758 -0.88546
vn -0.92009 0.3917 -0
vn -0.9201 0.39168 0
vn -0.9201 0.39169 0
vn 0.92009 -0.3917 -2E-05
vn 0.9201 -0.3917 -1E-05
vn 0.9201 -0.39169 -0
vn 0.9201 -0.39169 1E-05
vn 0.92009 -0.3917 -1E-05
vn -0.9201 0.39169 -0
vn -0.9201 0.39169 -2E-05
vn -0.38883 -0.91339 -0.12054
vn -0.38884 -0.91339 -0.12052
vn -0.92009 0.3917 1E-05
vn -0.9201 0.39169 -0
vn -0.9201 0.39169 2E-05
vn 0.92009 -0.3917 -0
vn 0.92009 -0.3917 -0
vn 0.9201 -0.39168 1E-05
vn 0.9201 -0.39169 0
vn 0.9201 -0.39168 1E-05
vn 0.92009 -0.39171 -1E-05
vn -0.32236 -0.75722 -0.56806
vn -0.9201 0.39169 0
vn -0.36623 -0.8603 -0.35462
vn -0.36624 -0.8603 -0.3546
vn 0.9201 -0.39169 0
vn -0.18203 -0.42758 -0.88546
vn 0.92009 -0.39171 3E-05
vn 0.9201 -0.39168 -2E-05
vn -0.25974 -0.61014 -0.74851
vn -0.18203 -0.42759 -0.88546
vn 0.9201 -0.39169 -0
vn 0.9201 -0.39168 -1E-05
vn 0.92009 -0.3917 1E-05
vn -0.9201 0.39168 -0
vn -0.92009 0.39171 0
vn -0.92009 0.3917 0
vn -0.9201 0.39169 0
vn -0.9201 0.39169 1E-05
vn -0.92009 0.3917 -1E-05
vn -0.09374 -0.22019 -0.97094
vn -0.09374 -0.22019 -0.97094
vn 0.92009 -0.39171 1E-05
vn 0.25974 0.61012 0.74853
vn 0.92009 -0.3917 0
vn 0.9201 -0.39169 0
vn 0.25974 0.61014 0.7485
vn 0.9201 -0.39169 0
vn 0.9201 -0.39168 -2E-05
vn -0.92009 0.3917 -1E-05
vn -0.9201 0.39168 1E-05
vn -0.9201 0.39169 1E-05
vn -0.9201 0.39169 0
vn -0.92009 0.3917 -1E-05
vn -0.92009 0.3917 0
vn -0.92009 0.3917 0
vn 0 0 1
vn -0 -0 1
vn -0.25973 -0.61012 0.74853
vn -0.18204 -0.42761 0.88545
vn -0.25975 -0.61014 0.7485
vn -0.92009 0.3917 -0
vn -0.9201 0.39169 0
vn 0.32237 0.75723 0.56805
vn 0.38883 0.91339 0.12055
vn 0.32235 0.75721 0.56809
vn 0.32237 0.75723 -0.56805
vn 0.32235 0.75721 -0.56809
vn -0.32237 -0.75723 -0.56805
vn -0.32235 -0.75721 0.56809
vn -0.32237 -0.75723 0.56805
vn -0.32235 -0.75721 -0.56809
vn -0.36624 -0.8603 -0.35462
vn -0.38883 -0.91339 -0.12055
vn -0.38884 -0.91339 -0.1205
vn -0.32235 -0.75721 -0.56809
vn -0.25975 -0.61015 -0.7485
vn -0.18202 -0.42758 -0.88546
vn -0.32236 -0.75723 -0.56806
vn 0.92009 -0.3917 -0
vn 0.9201 -0.39168 1E-05
vn 0.9201 -0.39169 -0
vn 0.9201 -0.39168 -2E-05
vn 0.38883 0.91339 -0.12056
vn 0.36624 0.8603 -0.35461
vn 0.36623 0.8603 -0.35462
vn 0.32236 0.75723 -0.56806
vn 0.18202 0.42758 -0.88546
vn 0.38884 0.91339 -0.1205
vn 0.25973 0.61013 -0.74852
vn 0.25975 0.61015 -0.7485
vn 0.18203 0.42759 -0.88545
vn 0.09373 0.22019 -0.97094
vn -0 0 -1
vn 0.09374 0.2202 -0.97094
vn -0 0 -1
vn -0.92009 0.3917 -0
vn -0.92009 0.39171 1E-05
vn -0.9201 0.39168 -1E-05
vn -0.92009 0.3917 0
vn -0.92011 0.39167 -1E-05
vn -0.92009 0.3917 0
vn -0.92008 0.39172 1E-05
vn 0.92009 -0.3917 2E-05
vn 0.92009 -0.3917 1E-05
vn -0.9201 0.39169 0
vn 0.9201 -0.39169 -0
vn 0.92009 -0.3917 -1E-05
vn -0.9201 0.39169 2E-05
vn 0.9201 -0.39169 0
vn -0.92009 0.3917 -2E-05
vn -0.9201 0.39169 -2E-05
vn -0.9201 0.39169 0
vn 0.3902 0.9166 0.08716
vn 0.39021 0.91659 0.08715
vn -0.9201 0.39169 0
vn -0.9201 0.39168 2E-05
vn -0.9201 0.3917 -0
vn 0.9201 -0.39169 -0
vn 0.92009 -0.39171 -1E-05
vn -0.9201 0.39167 -1E-05
vn -0.9201 0.39169 1E-05
vn 0.9201 -0.39169 0
vn 0.92009 -0.3917 1E-05
vn 0.9201 -0.39169 0
vn -0.92009 0.3917 -1E-05
vn -0.9201 0.39169 4E-05
vn 0.9201 -0.39169 -1E-05
vn -0.9201 0.3917 0
vn 0.37834 0.88874 0.25882
vn 0.35499 0.83389 0.42262
vn 0.9201 -0.39169 2E-05
vn 0.9201 -0.3917 -0
vn 0.9201 -0.39169 0
vn 0.92009 -0.3917 -2E-05
vn 0.9201 -0.39169 1E-05
vn 0.92009 -0.3917 -1E-05
vn 0.92009 -0.3917 -3E-05
vn -0.25974 -0.61014 0.74851
vn -0.25975 -0.61015 0.7485
vn -0.38884 -0.91339 -0.1205
vn -0.36624 -0.8603 -0.35461
vn -0.36625 -0.86031 -0.35459
vn 0.9201 -0.39169 0
vn -0.38884 -0.91338 -0.12055
vn 0.9201 -0.39169 0
vn 0.18203 0.42759 -0.88546
vn 0.9201 -0.39169 0
vn 0.92009 -0.3917 0
vn 0.9201 -0.39167 0
vn 0.25973 0.61012 -0.74853
vn 0.25975 0.61014 -0.7485
vn 0.18204 0.42761 -0.88545
vn -0.9201 0.39169 -1E-05
vn -0.92009 0.3917 1E-05
vn -0.9201 0.39169 0
vn -0.92009 0.3917 0
vn -0.9201 0.39169 -2E-05
vn -0.9201 0.39169 -2E-05
vn -0.9201 0.39169 -0
vn -0.9201 0.39169 -2E-05
vn -0.92009 0.3917 2E-05
vn 0.9201 -0.39169 -0
vn 0.92009 -0.3917 0
vn 0.9201 -0.39169 -0
vn 0.9201 -0.39169 0
vn 0.03414 0.08019 0.99619
vn 0.9201 -0.39169 -0
vn -0.9201 0.39169 0
vn 0.03414 0.08019 0.99619
vn -0.92009 0.3917 -0
vn -0.92009 0.39171 -1E-05
vn -0.9201 0.39168 1E-05
vn 0.10138 0.23814 0.96593
vn 0.16554 0.38885 0.90631
vn 0.10138 0.23814 0.96593
vn -0.9201 0.39168 1E-05
vn -0.92009 0.3917 -0
vn 0.92009 -0.3917 0
vn 0.92009 -0.3917 1E-05
vn 0.9201 -0.39168 -1E-05
vn 0.9201 -0.39169 -0
vn 0.92009 -0.3917 1E-05
vn 0.9201 -0.39169 -0
vn -0.18204 -0.42761 -0.88545
vn -0.18203 -0.42759 -0.88546
vn -0.25973 -0.61012 -0.74853
vn -0.25975 -0.61014 -0.7485
vn 0 0 -1
vn -0 -0 -1
vn -0.92009 0.3917 -0
vn -0.9201 0.39168 1E-05
vn -0.92009 0.39171 -1E-05
vn 0.9201 -0.39169 0
vn 0.22466 0.52775 0.81915
vn -0.9201 0.39169 -0
vn -0.9201 0.39169 -0
vn -0.9201 0.39169 -0
vn -0.92009 0.39171 -3E-05
vn -0.9201 0.39168 2E-05
vn 0.9201 -0.39169 0
vn 0.32085 0.7537 0.57358
vn 0.32085 0.7537 0.57357
vn 0.27697 0.65061 0.70711
vn 0.27697 0.65061 0.70711
f 1//1 2//1 3//1
f 1//2 3//2 4//2
f 2//3 5//3 3//3
f 2//4 6//4 5//4
f 2//5 7//5 6//5
f 8//6 9//6 10//6
f 8//7 11//7 9//7
f 8//8 12//8 11//8
f 3//9 5//9 8//9
f 8//10 13//10 12//10
f 5//11 14//11 13//11
f 5//12 15//12 14//12
f 5//13 16//13 15//13
f 8//14 5//14 13//14
f 5//15 17//15 16//15
f 16//16 17//16 18//16
f 19//17 20//17 21//17
f 21//18 20//18 22//18
f 21//19 22//19 23//19
f 21//20 23//20 24//20
f 23//21 22//21 25//21
f 20//22 26//22 22//22
f 27//23 28//23 21//23
f 29//24 19//24 30//24
f 31//25 27//25 21//25
f 32//26 19//26 29//26
f 33//27 19//27 21//27
f 33//28 21//28 34//28
f 28//29 34//29 21//29
f 30//30 19//30 33//30
f 35//31 19//31 36//31
f 37//32 19//32 38//32
f 38//33 19//33 35//33
f 36//34 19//34 32//34
f 32//35 39//35 40//35
f 32//36 41//36 39//36
f 42//37 19//37 43//37
f 32//38 44//38 45//38
f 32//39 46//39 44//39
f 32//40 45//40 41//40
f 43//41 19//41 47//41
f 47//42 19//42 37//42
f 48//43 19//43 49//43
f 50//44 19//44 48//44
f 32//45 51//45 52//45
f 32//46 53//46 51//46
f 49//47 19//47 54//47
f 54//48 19//48 42//48
f 32//49 52//49 55//49
f 32//50 55//50 46//50
f 56//51 36//51 32//51
f 32//52 40//52 56//52
f 40//53 39//53 35//53
f 35//54 39//54 38//54
f 57//55 40//55 58//55
f 58//56 40//56 35//56
f 39//57 41//57 38//57
f 59//58 57//58 58//58
f 38//57 41//57 37//57
f 60//59 61//59 59//59
f 62//60 63//60 64//60
f 64//61 63//61 60//61
f 65//62 62//62 66//62
f 66//62 62//62 64//62
f 63//59 61//59 60//59
f 61//63 57//63 59//63
f 59//64 58//64 36//64
f 58//65 35//65 36//65
f 67//66 59//66 36//66
f 61//67 68//67 56//67
f 57//68 61//68 56//68
f 40//69 57//69 56//69
f 69//70 70//70 36//70
f 71//71 72//71 69//71
f 70//72 73//72 36//72
f 73//73 74//73 36//73
f 69//74 36//74 56//74
f 72//75 70//75 69//75
f 75//76 67//76 36//76
f 76//77 75//77 36//77
f 74//78 76//78 36//78
f 77//79 78//79 56//79
f 68//80 77//80 56//80
f 78//81 79//81 56//81
f 79//82 80//82 56//82
f 80//83 81//83 56//83
f 64//84 60//84 82//84
f 82//85 60//85 83//85
f 83//86 59//86 67//86
f 60//87 59//87 83//87
f 84//88 64//88 82//88
f 66//89 64//89 84//89
f 85//90 66//90 84//90
f 86//91 87//91 88//91
f 88//92 89//92 85//92
f 85//93 89//93 66//93
f 88//94 87//94 89//94
f 63//95 62//95 90//95
f 63//96 90//96 91//96
f 61//97 63//97 91//97
f 61//98 91//98 68//98
f 62//99 92//99 90//99
f 62//100 65//100 92//100
f 93//101 94//101 95//101
f 93//102 95//102 65//102
f 96//103 94//103 93//103
f 96//104 97//104 94//104
f 65//105 95//105 92//105
f 76//106 77//106 75//106
f 78//107 77//107 76//107
f 75//108 68//108 67//108
f 77//108 68//108 75//108
f 67//109 91//109 83//109
f 68//110 91//110 67//110
f 73//111 79//111 74//111
f 74//112 78//112 76//112
f 79//113 78//113 74//113
f 90//114 92//114 84//114
f 91//115 90//115 83//115
f 83//116 90//116 82//116
f 82//117 90//117 84//117
f 80//111 79//111 73//111
f 81//118 80//118 70//118
f 70//119 80//119 73//119
f 98//120 81//120 72//120
f 72//121 81//121 70//121
f 99//122 98//122 71//122
f 71//122 98//122 72//122
f 100//123 99//123 101//123
f 101//124 99//124 71//124
f 102//125 100//125 103//125
f 103//125 100//125 101//125
f 104//126 102//126 103//126
f 105//126 102//126 104//126
f 95//127 94//127 88//127
f 84//128 92//128 85//128
f 85//129 95//129 88//129
f 92//130 95//130 85//130
f 88//131 94//131 86//131
f 106//132 107//132 108//132
f 109//133 106//133 110//133
f 110//134 106//134 108//134
f 97//135 109//135 111//135
f 111//136 109//136 110//136
f 94//137 97//137 86//137
f 86//135 97//135 111//135
f 112//138 113//138 114//138
f 114//139 105//139 104//139
f 113//139 105//139 114//139
f 115//138 112//138 114//138
f 116//140 117//140 118//140
f 107//141 119//141 108//141
f 108//141 119//141 120//141
f 120//142 119//142 116//142
f 119//143 117//143 116//143
f 121//144 112//144 115//144
f 117//145 122//145 118//145
f 118//146 123//146 121//146
f 122//146 123//146 118//146
f 123//147 112//147 121//147
f 124//148 96//148 87//148
f 87//149 93//149 89//149
f 125//150 96//150 124//150
f 93//151 65//151 89//151
f 96//125 93//125 87//125
f 89//152 65//152 66//152
f 126//153 127//153 124//153
f 128//154 127//154 126//154
f 129//155 127//155 128//155
f 130//156 129//156 131//156
f 127//157 125//157 124//157
f 131//158 129//158 128//158
f 132//159 133//159 134//159
f 135//160 133//160 136//160
f 134//161 133//161 135//161
f 132//162 134//162 137//162
f 131//163 132//163 137//163
f 138//164 132//164 131//164
f 138//165 131//165 128//165
f 138//166 128//166 126//166
f 138//167 126//167 124//167
f 139//168 130//168 137//168
f 137//168 130//168 131//168
f 140//169 139//169 137//169
f 135//170 141//170 134//170
f 141//170 140//170 134//170
f 134//171 140//171 137//171
f 41//172 45//172 37//172
f 45//116 44//116 43//116
f 43//117 46//117 42//117
f 47//116 45//116 43//116
f 37//173 45//173 47//173
f 44//117 46//117 43//117
f 142//174 143//174 144//174
f 145//175 142//175 146//175
f 146//174 142//174 144//174
f 147//176 145//176 148//176
f 42//177 46//177 149//177
f 148//178 145//178 146//178
f 46//177 147//177 149//177
f 149//176 147//176 148//176
f 150//179 145//179 147//179
f 144//180 143//180 151//180
f 152//181 147//181 46//181
f 149//182 153//182 42//182
f 148//183 154//183 149//183
f 151//184 155//184 136//184
f 143//185 155//185 151//185
f 136//186 156//186 135//186
f 155//187 156//187 136//187
f 156//188 141//188 135//188
f 157//189 141//189 156//189
f 157//190 140//190 141//190
f 153//191 54//191 42//191
f 158//192 159//192 151//192
f 151//193 159//193 144//193
f 160//194 161//194 146//194
f 146//195 161//195 148//195
f 136//196 158//196 151//196
f 161//197 154//197 148//197
f 154//198 153//198 149//198
f 144//199 160//199 146//199
f 159//200 160//200 144//200
f 152//201 150//201 147//201
f 55//202 152//202 46//202
f 162//203 163//203 142//203
f 162//204 142//204 145//204
f 150//205 162//205 145//205
f 150//206 152//206 154//206
f 154//207 152//207 153//207
f 162//208 150//208 161//208
f 161//209 150//209 154//209
f 55//210 52//210 49//210
f 152//211 55//211 153//211
f 153//211 55//211 54//211
f 160//212 162//212 161//212
f 54//213 55//213 49//213
f 49//116 51//116 48//116
f 52//116 51//116 49//116
f 48//214 53//214 50//214
f 51//214 53//214 48//214
f 163//215 162//215 160//215
f 164//216 163//216 159//216
f 159//217 163//217 160//217
f 165//218 164//218 158//218
f 158//219 164//219 159//219
f 166//220 165//220 167//220
f 167//220 165//220 158//220
f 168//221 166//221 169//221
f 169//222 166//222 167//222
f 170//125 168//125 171//125
f 171//223 168//223 169//223
f 172//224 170//224 171//224
f 173//225 170//225 172//225
f 163//226 164//226 143//226
f 163//227 143//227 142//227
f 165//228 156//228 155//228
f 133//229 174//229 175//229
f 165//230 157//230 156//230
f 164//231 155//231 143//231
f 164//232 165//232 155//232
f 133//233 158//233 136//233
f 167//234 158//234 133//234
f 175//235 167//235 133//235
f 176//236 172//236 171//236
f 176//237 171//237 175//237
f 175//238 169//238 167//238
f 175//239 174//239 176//239
f 174//240 177//240 176//240
f 175//241 171//241 169//241
f 170//242 177//242 174//242
f 170//243 174//243 168//243
f 166//244 174//244 157//244
f 165//245 166//245 157//245
f 168//246 174//246 166//246
f 173//247 177//247 170//247
f 178//248 179//248 111//248
f 111//249 179//249 86//249
f 138//250 124//250 179//250
f 179//251 124//251 87//251
f 179//252 87//252 86//252
f 180//253 181//253 138//253
f 178//254 180//254 179//254
f 179//253 180//253 138//253
f 125//255 181//255 180//255
f 125//256 180//256 96//256
f 127//257 181//257 125//257
f 96//258 180//258 97//258
f 140//259 182//259 139//259
f 182//260 130//260 139//260
f 182//261 181//261 130//261
f 130//262 181//262 129//262
f 129//263 181//263 127//263
f 157//264 174//264 133//264
f 182//265 157//265 133//265
f 157//266 182//266 140//266
f 132//267 182//267 133//267
f 138//268 182//268 132//268
f 181//268 182//268 138//268
f 121//269 183//269 118//269
f 118//270 184//270 116//270
f 116//271 184//271 120//271
f 183//272 184//272 118//272
f 184//273 178//273 120//273
f 120//274 178//274 108//274
f 108//275 178//275 110//275
f 110//276 178//276 111//276
f 183//277 185//277 184//277
f 186//278 107//278 106//278
f 186//279 106//279 109//279
f 180//280 186//280 109//280
f 184//281 186//281 178//281
f 186//282 180//282 178//282
f 180//283 109//283 97//283
f 185//284 186//284 184//284
f 186//285 119//285 107//285
f 186//286 185//286 119//286
f 185//287 117//287 119//287
f 185//288 122//288 117//288
f 187//289 31//289 21//289
f 188//290 31//290 187//290
f 189//291 190//291 191//291
f 192//292 190//292 189//292
f 191//293 193//293 194//293
f 190//293 193//293 191//293
f 17//294 192//294 18//294
f 18//295 192//295 189//295
f 195//296 196//296 197//296
f 198//297 196//297 195//297
f 197//298 199//298 200//298
f 196//299 199//299 197//299
f 200//300 188//300 187//300
f 199//301 188//301 200//301
f 193//302 198//302 194//302
f 194//303 198//303 195//303
f 187//304 201//304 200//304
f 200//305 202//305 197//305
f 195//306 203//306 194//306
f 204//307 196//307 198//307
f 19//308 205//308 206//308
f 25//309 22//309 207//309
f 25//310 207//310 208//310
f 20//311 19//311 206//311
f 22//312 26//312 209//312
f 22//313 209//313 207//313
f 26//314 20//314 206//314
f 26//315 206//315 209//315
f 25//316 208//316 210//316
f 23//317 25//317 210//317
f 21//318 24//318 211//318
f 24//319 23//319 210//319
f 24//320 210//320 212//320
f 24//318 212//318 211//318
f 213//321 33//321 214//321
f 29//322 30//322 215//322
f 32//323 29//323 216//323
f 215//324 30//324 213//324
f 30//325 33//325 213//325
f 216//326 29//326 215//326
f 33//327 34//327 217//327
f 214//328 33//328 217//328
f 28//329 27//329 218//329
f 218//330 27//330 219//330
f 217//331 28//331 218//331
f 34//332 28//332 217//332
f 50//333 205//333 19//333
f 216//334 53//334 32//334
f 207//335 210//335 208//335
f 209//336 206//336 207//336
f 210//337 211//337 212//337
f 207//338 211//338 210//338
f 206//339 211//339 207//339
f 206//337 205//337 211//337
f 205//340 214//340 211//340
f 211//341 214//341 217//341
f 205//342 213//342 214//342
f 217//343 218//343 211//343
f 218//344 219//344 211//344
f 205//345 215//345 213//345
f 219//346 220//346 211//346
f 205//347 216//347 215//347
f 216//348 221//348 222//348
f 223//349 205//349 224//349
f 216//350 222//350 225//350
f 216//351 226//351 221//351
f 227//352 205//352 50//352
f 224//353 205//353 228//353
f 216//354 225//354 53//354
f 228//355 205//355 227//355
f 229//356 205//356 223//356
f 216//357 230//357 231//357
f 232//358 205//358 229//358
f 233//359 205//359 232//359
f 216//360 234//360 226//360
f 216//361 231//361 234//361
f 216//362 235//362 230//362
f 216//363 236//363 235//363
f 237//364 205//364 238//364
f 239//365 205//365 233//365
f 238//366 205//366 239//366
f 205//367 237//367 216//367
f 225//176 222//176 228//176
f 53//368 225//368 227//368
f 227//176 225//176 228//176
f 50//368 53//368 227//368
f 240//369 241//369 242//369
f 221//370 241//370 240//370
f 242//371 243//371 244//371
f 241//372 243//372 242//372
f 228//137 222//137 224//137
f 243//373 245//373 244//373
f 224//370 221//370 240//370
f 222//131 221//131 224//131
f 246//374 247//374 248//374
f 249//375 173//375 248//375
f 247//376 249//376 248//376
f 248//377 173//377 172//377
f 250//144 247//144 251//144
f 252//170 253//170 254//170
f 244//378 253//378 252//378
f 245//379 253//379 244//379
f 254//380 255//380 256//380
f 253//381 255//381 254//381
f 255//382 257//382 256//382
f 256//383 250//383 251//383
f 257//383 250//383 256//383
f 251//147 247//147 246//147
f 258//384 259//384 256//384
f 242//385 260//385 240//385
f 244//386 261//386 242//386
f 262//387 261//387 244//387
f 256//388 259//388 254//388
f 240//389 223//389 224//389
f 263//390 262//390 252//390
f 259//391 263//391 254//391
f 252//392 262//392 244//392
f 254//393 263//393 252//393
f 264//394 265//394 245//394
f 265//395 253//395 245//395
f 266//396 243//396 241//396
f 226//397 241//397 221//397
f 264//398 245//398 243//398
f 267//399 251//399 268//399
f 176//400 248//400 172//400
f 268//401 246//401 248//401
f 268//402 248//402 176//402
f 267//403 256//403 251//403
f 268//404 251//404 246//404
f 177//405 269//405 268//405
f 250//406 269//406 247//406
f 250//407 270//407 269//407
f 176//408 177//408 268//408
f 247//409 269//409 249//409
f 257//410 270//410 250//410
f 249//411 269//411 177//411
f 249//412 177//412 173//412
f 265//413 271//413 253//413
f 272//414 257//414 255//414
f 271//415 272//415 255//415
f 271//416 255//416 253//416
f 272//417 273//417 257//417
f 273//418 270//418 257//418
f 268//419 269//419 267//419
f 267//420 258//420 256//420
f 274//421 258//421 267//421
f 275//422 276//422 277//422
f 278//423 279//423 280//423
f 276//424 274//424 267//424
f 278//425 280//425 281//425
f 278//426 281//426 282//426
f 277//427 276//427 267//427
f 282//428 275//428 277//428
f 278//429 282//429 277//429
f 276//59 283//59 274//59
f 284//430 285//430 282//430
f 286//59 283//59 276//59
f 282//430 285//430 275//430
f 275//431 286//431 276//431
f 285//432 286//432 275//432
f 287//225 288//225 279//225
f 279//224 288//224 280//224
f 281//433 284//433 282//433
f 289//434 284//434 281//434
f 288//125 289//125 280//125
f 280//149 289//149 281//149
f 290//154 291//154 292//154
f 292//153 291//153 279//153
f 291//157 287//157 279//157
f 293//155 291//155 290//155
f 294//435 293//435 290//435
f 295//436 293//436 294//436
f 261//437 260//437 242//437
f 260//438 223//438 240//438
f 226//439 266//439 241//439
f 259//440 271//440 263//440
f 266//441 264//441 243//441
f 264//116 266//116 261//116
f 260//214 226//214 223//214
f 263//442 265//442 262//442
f 271//442 265//442 263//442
f 265//443 264//443 262//443
f 261//116 266//116 260//116
f 262//444 264//444 261//444
f 266//214 226//214 260//214
f 231//445 230//445 233//445
f 234//176 231//176 232//176
f 223//177 226//177 229//177
f 229//176 234//176 232//176
f 232//446 231//446 233//446
f 226//177 234//177 229//177
f 274//447 273//447 258//447
f 283//111 273//111 274//111
f 258//56 272//56 259//56
f 273//55 272//55 258//55
f 272//448 271//448 259//448
f 283//449 286//449 270//449
f 273//450 283//450 270//450
f 296//451 297//451 278//451
f 270//452 296//452 277//452
f 277//451 296//451 278//451
f 269//453 270//453 267//453
f 267//454 270//454 277//454
f 286//455 296//455 270//455
f 298//456 292//456 279//456
f 299//457 292//457 298//457
f 297//458 300//458 298//458
f 301//459 299//459 298//459
f 298//460 300//460 302//460
f 302//461 301//461 298//461
f 278//458 297//458 298//458
f 298//462 279//462 278//462
f 285//463 284//463 296//463
f 291//464 300//464 287//464
f 287//465 300//465 297//465
f 289//466 297//466 284//466
f 291//467 303//467 300//467
f 286//468 285//468 296//468
f 287//469 297//469 288//469
f 288//470 297//470 289//470
f 284//471 297//471 296//471
f 304//472 301//472 302//472
f 305//473 306//473 302//473
f 307//474 306//474 305//474
f 308//475 307//475 305//475
f 309//476 308//476 305//476
f 310//477 309//477 305//477
f 311//478 309//478 310//478
f 305//479 312//479 310//479
f 306//480 304//480 302//480
f 302//481 313//481 305//481
f 314//482 315//482 313//482
f 316//483 314//483 313//483
f 316//484 313//484 300//484
f 303//485 316//485 300//485
f 300//486 313//486 302//486
f 313//487 312//487 305//487
f 317//488 318//488 312//488
f 315//489 319//489 313//489
f 319//490 317//490 312//490
f 319//491 312//491 313//491
f 233//492 230//492 239//492
f 230//492 235//492 239//492
f 239//493 235//493 238//493
f 238//184 236//184 320//184
f 235//494 236//494 238//494
f 320//495 321//495 322//495
f 236//187 321//187 320//187
f 321//141 323//141 322//141
f 322//170 323//170 324//170
f 324//496 325//496 326//496
f 323//170 325//170 324//170
f 325//497 327//497 326//497
f 326//498 295//498 294//498
f 327//498 295//498 326//498
f 216//499 328//499 236//499
f 237//500 328//500 216//500
f 329//501 294//501 330//501
f 331//502 290//502 292//502
f 330//503 294//503 290//503
f 330//504 290//504 331//504
f 329//505 326//505 294//505
f 331//506 292//506 299//506
f 332//507 324//507 333//507
f 333//508 326//508 329//508
f 333//509 324//509 326//509
f 332//510 322//510 324//510
f 334//511 322//511 332//511
f 327//512 335//512 295//512
f 293//513 336//513 291//513
f 295//514 335//514 337//514
f 295//515 337//515 293//515
f 293//516 337//516 336//516
f 291//517 336//517 303//517
f 323//518 338//518 325//518
f 323//519 339//519 338//519
f 325//520 340//520 327//520
f 325//521 338//521 340//521
f 327//522 340//522 335//522
f 304//523 316//523 301//523
f 315//524 314//524 306//524
f 306//525 314//525 304//525
f 314//526 316//526 304//526
f 301//527 303//527 299//527
f 316//527 303//527 301//527
f 307//528 315//528 306//528
f 299//529 336//529 331//529
f 303//530 336//530 299//530
f 330//214 337//214 329//214
f 337//531 335//531 329//531
f 336//115 337//115 331//115
f 331//116 337//116 330//116
f 318//532 317//532 309//532
f 309//533 317//533 308//533
f 341//534 318//534 311//534
f 308//535 319//535 307//535
f 317//536 319//536 308//536
f 311//534 318//534 309//534
f 319//537 315//537 307//537
f 342//221 341//221 311//221
f 343//222 341//222 342//222
f 344//125 343//125 345//125
f 345//125 343//125 342//125
f 346//538 344//538 345//538
f 347//538 344//538 346//538
f 329//539 335//539 333//539
f 333//176 340//176 332//176
f 340//540 338//540 332//540
f 335//541 340//541 333//541
f 332//131 338//131 334//131
f 348//542 349//542 350//542
f 350//543 349//543 351//543
f 352//544 348//544 353//544
f 353//545 348//545 350//545
f 334//546 339//546 354//546
f 354//547 352//547 353//547
f 339//546 352//546 354//546
f 338//137 339//137 334//137
f 355//375 347//375 346//375
f 356//376 355//376 357//376
f 357//376 355//376 358//376
f 358//375 355//375 346//375
f 359//147 356//147 360//147
f 361//548 359//548 360//548
f 362//548 361//548 360//548
f 363//549 361//549 362//549
f 364//550 361//550 363//550
f 360//144 356//144 357//144
f 351//551 365//551 363//551
f 365//552 364//552 363//552
f 349//553 365//553 351//553
f 334//554 237//554 322//554
f 237//555 320//555 322//555
f 237//556 238//556 320//556
f 236//557 328//557 321//557
f 321//558 328//558 323//558
f 328//559 339//559 323//559
f 353//560 237//560 354//560
f 354//561 237//561 334//561
f 366//562 237//562 363//562
f 362//563 366//563 363//563
f 363//564 237//564 351//564
f 351//565 237//565 350//565
f 350//566 237//566 353//566
f 360//567 366//567 362//567
f 367//568 237//568 366//568
f 328//569 365//569 349//569
f 328//570 364//570 365//570
f 367//571 328//571 237//571
f 328//572 349//572 348//572
f 328//573 348//573 352//573
f 328//574 352//574 339//574
f 220//575 201//575 211//575
f 220//576 368//576 201//576
f 219//577 31//577 220//577
f 27//578 31//578 219//578
f 211//579 201//579 21//579
f 368//580 220//580 188//580
f 220//581 31//581 188//581
f 21//582 201//582 187//582
f 369//583 203//583 197//583
f 197//584 203//584 195//584
f 202//585 369//585 197//585
f 201//586 202//586 200//586
f 203//587 370//587 194//587
f 371//588 188//588 199//588
f 371//589 368//589 188//589
f 204//590 199//590 196//590
f 204//591 371//591 199//591
f 372//592 204//592 198//592
f 373//593 372//593 198//593
f 368//594 371//594 201//594
f 201//595 371//595 202//595
f 202//596 204//596 369//596
f 372//597 373//597 203//597
f 203//598 373//598 370//598
f 204//599 372//599 369//599
f 369//600 372//600 203//600
f 371//601 204//601 202//601
f 370//602 374//602 375//602
f 373//602 374//602 370//602
f 375//603 376//603 377//603
f 374//604 376//604 375//604
f 377//605 378//605 379//605
f 376//606 378//606 377//606
f 378//607 380//607 379//607
f 378//608 381//608 380//608
f 382//609 381//609 383//609
f 380//610 381//610 382//610
f 383//611 381//611 384//611
f 381//612 385//612 384//612
f 384//613 385//613 386//613
f 386//614 385//614 387//614
f 387//615 385//615 388//615
f 388//616 385//616 389//616
f 390//617 391//617 392//617
f 393//618 394//618 381//618
f 395//619 394//619 393//619
f 385//620 394//620 390//620
f 381//621 394//621 385//621
f 390//622 394//622 391//622
f 396//623 397//623 398//623
f 396//624 398//624 399//624
f 397//625 400//625 401//625
f 397//626 401//626 398//626
f 402//627 403//627 396//627
f 403//628 404//628 396//628
f 404//629 397//629 396//629
f 405//630 399//630 406//630
f 405//631 396//631 399//631
f 398//632 407//632 399//632
f 407//633 408//633 399//633
f 408//634 409//634 399//634
f 410//635 406//635 411//635
f 406//636 412//636 411//636
f 410//637 405//637 406//637
f 413//638 405//638 410//638
f 411//639 412//639 414//639
f 411//640 414//640 415//640
f 411//641 415//641 416//641
f 417//642 410//642 418//642
f 419//643 410//643 411//643
f 419//644 411//644 420//644
f 413//645 410//645 417//645
f 421//646 410//646 419//646
f 411//647 416//647 420//647
f 418//648 410//648 421//648
f 406//649 422//649 423//649
f 424//650 405//650 425//650
f 425//651 405//651 413//651
f 406//652 423//652 412//652
f 402//653 396//653 426//653
f 426//654 396//654 424//654
f 424//655 396//655 405//655
f 399//656 409//656 427//656
f 399//657 422//657 406//657
f 399//658 427//658 422//658
f 417//659 418//659 414//659
f 414//660 418//660 415//660
f 413//661 417//661 412//661
f 412//662 417//662 414//662
f 425//663 413//663 423//663
f 422//664 425//664 423//664
f 424//665 425//665 422//665
f 423//666 413//666 412//666
f 426//667 424//667 427//667
f 428//668 429//668 430//668
f 431//669 426//669 427//669
f 427//670 424//670 422//670
f 429//671 426//671 431//671
f 430//672 429//672 431//672
f 398//673 432//673 433//673
f 434//674 397//674 435//674
f 435//675 397//675 404//675
f 398//676 433//676 407//676
f 401//677 432//677 398//677
f 434//678 400//678 397//678
f 436//679 400//679 434//679
f 437//680 400//680 436//680
f 438//681 400//681 437//681
f 439//682 400//682 438//682
f 440//683 400//683 439//683
f 401//684 441//684 442//684
f 401//685 443//685 444//685
f 401//686 445//686 432//686
f 401//687 444//687 445//687
f 401//688 442//688 443//688
f 444//689 436//689 445//689
f 437//690 436//690 444//690
f 445//691 434//691 432//691
f 433//692 404//692 407//692
f 436//661 434//661 445//661
f 432//693 435//693 433//693
f 434//694 435//694 432//694
f 435//695 404//695 433//695
f 407//696 403//696 408//696
f 404//697 403//697 407//697
f 408//698 402//698 409//698
f 403//699 402//699 408//699
f 409//700 446//700 447//700
f 402//701 446//701 409//701
f 447//702 448//702 449//702
f 446//703 448//703 447//703
f 401//704 450//704 441//704
f 451//705 452//705 400//705
f 453//706 451//706 400//706
f 454//707 455//707 401//707
f 453//708 400//708 440//708
f 455//709 450//709 401//709
f 439//710 438//710 442//710
f 440//711 439//711 441//711
f 442//712 438//712 443//712
f 443//713 437//713 444//713
f 438//714 437//714 443//714
f 441//715 439//715 442//715
f 456//668 440//668 457//668
f 457//672 440//672 441//672
f 458//716 459//716 460//716
f 461//717 458//717 460//717
f 462//718 458//718 461//718
f 460//719 459//719 463//719
f 463//720 456//720 457//720
f 459//721 456//721 463//721
f 464//722 465//722 466//722
f 467//723 462//723 468//723
f 465//724 469//724 466//724
f 466//725 470//725 471//725
f 469//726 470//726 466//726
f 471//727 467//727 468//727
f 470//728 467//728 471//728
f 468//729 462//729 461//729
f 472//730 473//730 474//730
f 446//731 402//731 426//731
f 474//732 475//732 428//732
f 473//733 475//733 474//733
f 475//734 448//734 428//734
f 428//735 448//735 429//735
f 448//736 446//736 429//736
f 429//737 446//737 426//737
f 476//738 477//738 478//738
f 447//739 431//739 427//739
f 447//740 449//740 431//740
f 479//741 476//741 478//741
f 479//742 478//742 430//742
f 449//743 430//743 431//743
f 449//744 479//744 430//744
f 409//745 447//745 427//745
f 448//746 475//746 449//746
f 449//747 475//747 479//747
f 477//748 480//748 478//748
f 481//749 472//749 474//749
f 481//750 474//750 480//750
f 480//751 474//751 478//751
f 482//718 481//718 483//718
f 483//717 481//717 480//717
f 478//752 428//752 430//752
f 474//753 428//753 478//753
f 473//754 484//754 476//754
f 485//755 486//755 487//755
f 484//756 486//756 485//756
f 487//757 488//757 489//757
f 479//758 473//758 476//758
f 476//759 484//759 485//759
f 475//760 473//760 479//760
f 486//761 488//761 487//761
f 490//762 491//762 488//762
f 490//763 486//763 484//763
f 492//764 491//764 490//764
f 492//765 465//765 491//765
f 490//766 488//766 486//766
f 492//767 469//767 465//767
f 489//768 493//768 494//768
f 495//769 465//769 464//769
f 464//770 493//770 495//770
f 491//771 465//771 495//771
f 488//772 491//772 489//772
f 487//773 494//773 485//773
f 495//774 493//774 489//774
f 489//775 491//775 495//775
f 466//776 493//776 464//776
f 489//777 494//777 487//777
f 485//778 477//778 476//778
f 485//779 494//779 477//779
f 490//780 472//780 494//780
f 490//781 484//781 472//781
f 494//782 472//782 477//782
f 472//783 484//783 473//783
f 492//784 490//784 493//784
f 493//785 490//785 494//785
f 8//786 10//786 400//786
f 10//787 496//787 454//787
f 452//788 8//788 400//788
f 10//789 401//789 400//789
f 10//790 454//790 401//790
f 456//791 453//791 440//791
f 497//792 453//792 456//792
f 498//793 497//793 459//793
f 459//794 497//794 456//794
f 458//795 498//795 459//795
f 499//796 498//796 458//796
f 462//797 499//797 458//797
f 470//798 500//798 467//798
f 501//799 499//799 462//799
f 500//800 501//800 467//800
f 467//801 501//801 462//801
f 502//802 503//802 460//802
f 450//803 457//803 441//803
f 504//804 502//804 463//804
f 450//805 504//805 457//805
f 504//806 463//806 457//806
f 502//807 460//807 463//807
f 503//808 505//808 461//808
f 506//809 471//809 468//809
f 503//810 461//810 460//810
f 505//811 468//811 461//811
f 505//812 506//812 468//812
f 503//813 501//813 505//813
f 499//814 501//814 503//814
f 505//815 500//815 506//815
f 501//816 500//816 505//816
f 497//817 498//817 504//817
f 451//690 453//690 455//690
f 453//818 497//818 450//818
f 498//819 499//819 502//819
f 504//820 498//820 502//820
f 502//821 499//821 503//821
f 455//822 453//822 450//822
f 450//823 497//823 504//823
f 452//824 451//824 454//824
f 496//825 452//825 454//825
f 507//826 452//826 496//826
f 454//827 451//827 455//827
f 508//719 509//719 510//719
f 510//828 511//828 512//828
f 509//829 511//829 510//829
f 512//830 513//830 514//830
f 511//668 513//668 512//668
f 514//831 507//831 496//831
f 513//832 507//832 514//832
f 515//716 509//716 508//716
f 516//718 515//718 517//718
f 517//717 515//717 508//717
f 506//833 518//833 519//833
f 500//834 518//834 506//834
f 518//835 520//835 519//835
f 519//836 520//836 521//836
f 522//837 523//837 524//837
f 524//838 523//838 525//838
f 521//839 526//839 527//839
f 520//840 526//840 521//840
f 527//841 522//841 524//841
f 526//842 522//842 527//842
f 528//843 529//843 530//843
f 531//844 529//844 528//844
f 525//845 532//845 533//845
f 523//846 532//846 525//846
f 533//847 534//847 535//847
f 532//848 534//848 533//848
f 534//849 536//849 535//849
f 535//850 536//850 531//850
f 536//851 529//851 531//851
f 529//852 537//852 530//852
f 506//853 538//853 471//853
f 538//854 492//854 493//854
f 539//855 469//855 492//855
f 539//856 500//856 470//856
f 539//857 470//857 469//857
f 539//858 492//858 538//858
f 466//859 538//859 493//859
f 471//860 538//860 466//860
f 518//861 500//861 539//861
f 540//862 518//862 539//862
f 519//863 541//863 538//863
f 506//864 519//864 538//864
f 540//865 539//865 541//865
f 541//866 539//866 538//866
f 526//867 520//867 540//867
f 522//868 526//868 540//868
f 521//869 527//869 541//869
f 520//870 518//870 540//870
f 519//871 521//871 541//871
f 542//872 522//872 540//872
f 527//873 524//873 541//873
f 524//874 543//874 541//874
f 525//875 543//875 524//875
f 533//876 543//876 525//876
f 542//877 523//877 522//877
f 544//878 536//878 534//878
f 533//879 545//879 543//879
f 535//880 545//880 533//880
f 542//881 532//881 523//881
f 544//882 534//882 532//882
f 531//883 545//883 535//883
f 544//884 532//884 542//884
f 546//885 544//885 545//885
f 547//886 544//886 546//886
f 545//887 542//887 543//887
f 544//888 542//888 545//888
f 543//889 540//889 541//889
f 542//890 540//890 543//890
f 530//891 548//891 549//891
f 537//892 548//892 530//892
f 549//893 550//893 551//893
f 548//894 550//894 549//894
f 551//895 516//895 517//895
f 550//896 516//896 551//896
f 508//897 552//897 517//897
f 508//898 553//898 552//898
f 554//899 509//899 515//899
f 554//900 515//900 555//900
f 555//901 515//901 516//901
f 556//902 548//902 557//902
f 557//903 537//903 558//903
f 556//904 550//904 548//904
f 559//905 550//905 556//905
f 557//906 548//906 537//906
f 559//907 516//907 550//907
f 555//908 516//908 559//908
f 558//909 537//909 529//909
f 558//909 529//909 560//909
f 560//910 529//910 536//910
f 560//911 536//911 544//911
f 517//912 552//912 561//912
f 549//913 562//913 530//913
f 549//914 563//914 562//914
f 551//915 563//915 549//915
f 551//916 561//916 563//916
f 517//917 561//917 551//917
f 530//918 562//918 564//918
f 530//919 564//919 528//919
f 528//919 564//919 565//919
f 528//920 565//920 531//920
f 531//921 565//921 545//921
f 566//922 560//922 544//922
f 567//923 566//923 547//923
f 568//924 569//924 547//924
f 569//925 567//925 547//925
f 547//926 566//926 544//926
f 570//927 547//927 546//927
f 568//928 547//928 570//928
f 565//929 571//929 545//929
f 571//930 546//930 545//930
f 572//931 570//931 546//931
f 571//932 573//932 546//932
f 573//933 572//933 546//933
f 573//934 569//934 572//934
f 567//699 569//699 573//699
f 572//935 574//935 570//935
f 566//814 567//814 571//814
f 574//936 575//936 570//936
f 576//937 569//937 568//937
f 577//938 576//938 568//938
f 571//939 567//939 573//939
f 560//819 566//819 565//819
f 565//821 566//821 571//821
f 561//940 556//940 563//940
f 559//941 556//941 561//941
f 558//817 560//817 564//817
f 564//942 560//942 565//942
f 555//943 559//943 552//943
f 557//944 558//944 562//944
f 562//691 558//691 564//691
f 563//945 557//945 562//945
f 552//946 559//946 561//946
f 556//947 557//947 563//947
f 578//948 554//948 579//948
f 580//949 578//949 581//949
f 554//950 555//950 553//950
f 579//951 554//951 553//951
f 553//952 555//952 552//952
f 582//953 580//953 583//953
f 581//954 578//954 579//954
f 583//955 580//955 581//955
f 584//956 582//956 585//956
f 585//957 582//957 583//957
f 586//958 584//958 587//958
f 587//959 584//959 585//959
f 577//960 588//960 575//960
f 576//961 577//961 574//961
f 574//962 577//962 575//962
f 589//754 590//754 591//754
f 591//759 590//759 592//759
f 575//963 588//963 593//963
f 588//964 589//964 593//964
f 569//965 576//965 572//965
f 593//966 589//966 591//966
f 572//967 576//967 574//967
f 594//847 595//847 596//847
f 590//756 597//756 592//756
f 592//845 597//845 594//845
f 597//848 595//848 594//848
f 596//968 598//968 599//968
f 595//969 598//969 596//969
f 600//970 586//970 587//970
f 601//892 602//892 603//892
f 602//971 586//971 600//971
f 603//891 602//891 600//891
f 604//843 605//843 603//843
f 599//972 605//972 604//972
f 598//973 605//973 599//973
f 605//852 601//852 603//852
f 606//974 607//974 419//974
f 608//975 607//975 606//975
f 609//976 610//976 420//976
f 607//977 611//977 419//977
f 606//978 420//978 610//978
f 606//979 419//979 420//979
f 609//980 612//980 610//980
f 613//981 609//981 420//981
f 416//982 613//982 420//982
f 611//983 421//983 419//983
f 614//984 608//984 606//984
f 615//985 614//985 606//985
f 616//986 617//986 610//986
f 618//987 615//987 606//987
f 612//988 619//988 610//988
f 619//989 616//989 610//989
f 611//699 607//699 613//699
f 613//698 607//698 609//698
f 421//697 611//697 416//697
f 416//939 611//939 613//939
f 418//990 421//990 415//990
f 415//991 421//991 416//991
f 619//992 615//992 616//992
f 612//702 614//702 619//702
f 614//993 615//993 619//993
f 608//703 614//703 612//703
f 607//701 608//701 609//701
f 609//700 608//700 612//700
f 620//756 621//756 622//756
f 616//966 623//966 624//966
f 615//994 623//994 616//994
f 624//759 620//759 622//759
f 623//754 620//754 624//754
f 622//755 621//755 625//755
f 623//995 615//995 626//995
f 626//996 615//996 627//996
f 616//997 628//997 629//997
f 624//998 630//998 628//998
f 616//999 624//999 628//999
f 616//1000 629//1000 617//1000
f 622//1001 630//1001 624//1001
f 627//1002 615//1002 618//1002
f 631//1003 623//1003 626//1003
f 631//1004 620//1004 623//1004
f 632//1005 618//1005 633//1005
f 617//1006 634//1006 635//1006
f 633//1007 618//1007 635//1007
f 618//1008 606//1008 610//1008
f 618//1009 610//1009 617//1009
f 618//1007 617//1007 635//1007
f 636//1010 637//1010 635//1010
f 638//1011 639//1011 633//1011
f 640//1012 636//1012 635//1012
f 634//1013 640//1013 635//1013
f 639//1014 641//1014 633//1014
f 641//1015 632//1015 633//1015
f 632//1016 627//1016 618//1016
f 629//1017 634//1017 617//1017
f 640//1018 639//1018 636//1018
f 629//820 632//820 634//820
f 632//819 641//819 634//819
f 628//1019 627//1019 629//1019
f 626//1020 627//1020 628//1020
f 627//659 632//659 629//659
f 641//1021 639//1021 640//1021
f 634//821 641//821 640//821
f 636//934 638//934 637//934
f 642//1022 643//1022 644//1022
f 645//1023 643//1023 642//1023
f 638//965 645//965 637//965
f 637//967 645//967 642//967
f 639//1024 638//1024 636//1024
f 646//723 482//723 647//723
f 648//1025 649//1025 650//1025
f 647//729 482//729 483//729
f 650//727 646//727 647//727
f 649//728 646//728 650//728
f 651//1026 649//1026 648//1026
f 625//1027 652//1027 653//1027
f 654//1028 655//1028 656//1028
f 655//1029 651//1029 648//1029
f 621//761 652//761 625//761
f 656//1030 655//1030 657//1030
f 657//1031 655//1031 648//1031
f 652//1032 654//1032 653//1032
f 653//1033 654//1033 656//1033
f 658//1034 651//1034 655//1034
f 648//1035 659//1035 657//1035
f 660//1036 621//1036 661//1036
f 661//1037 620//1037 631//1037
f 660//1038 652//1038 621//1038
f 661//1039 621//1039 620//1039
f 653//1040 662//1040 625//1040
f 625//1041 662//1041 663//1041
f 622//1042 663//1042 630//1042
f 625//1043 663//1043 622//1043
f 664//1044 658//1044 655//1044
f 656//1045 665//1045 653//1045
f 653//1046 665//1046 662//1046
f 659//1047 665//1047 657//1047
f 664//1048 655//1048 654//1048
f 657//1049 665//1049 656//1049
f 664//1050 652//1050 660//1050
f 664//1051 654//1051 652//1051
f 649//1052 666//1052 646//1052
f 658//1053 666//1053 649//1053
f 482//1054 666//1054 481//1054
f 666//1055 472//1055 481//1055
f 646//1056 666//1056 482//1056
f 658//1057 649//1057 651//1057
f 667//1058 659//1058 650//1058
f 650//1059 659//1059 648//1059
f 667//1060 650//1060 647//1060
f 477//1061 667//1061 480//1061
f 667//1062 647//1062 483//1062
f 667//1063 483//1063 480//1063
f 477//1064 666//1064 667//1064
f 472//1065 666//1065 477//1065
f 667//1066 658//1066 659//1066
f 666//1067 658//1067 667//1067
f 659//1068 664//1068 665//1068
f 658//1069 664//1069 659//1069
f 665//1070 668//1070 669//1070
f 664//1071 668//1071 665//1071
f 663//1072 631//1072 630//1072
f 660//943 661//943 662//943
f 662//946 661//946 663//946
f 661//941 631//941 663//941
f 670//951 671//951 672//951
f 673//948 671//948 670//948
f 672//952 660//952 662//952
f 631//947 626//947 630//947
f 671//950 660//950 672//950
f 630//1073 626//1073 628//1073
f 671//1074 664//1074 660//1074
f 668//1075 664//1075 671//1075
f 669//1076 670//1076 672//1076
f 669//1077 674//1077 670//1077
f 673//1078 668//1078 671//1078
f 675//1079 668//1079 673//1079
f 665//1080 672//1080 662//1080
f 665//1081 669//1081 672//1081
f 676//1082 677//1082 678//1082
f 674//1083 673//1083 670//1083
f 679//896 677//896 676//896
f 675//949 673//949 674//949
f 680//953 675//953 681//953
f 681//955 675//955 674//955
f 678//1084 680//1084 681//1084
f 677//1085 680//1085 678//1085
f 682//970 679//970 676//970
f 683//971 679//971 682//971
f 684//1086 683//1086 685//1086
f 685//1087 683//1087 682//1087
f 686//1088 687//1088 685//1088
f 687//1089 684//1089 685//1089
f 668//1090 688//1090 669//1090
f 688//1091 668//1091 675//1091
f 669//1092 688//1092 689//1092
f 689//1093 681//1093 674//1093
f 689//1094 690//1094 691//1094
f 688//1095 690//1095 689//1095
f 680//1096 688//1096 675//1096
f 669//1097 689//1097 674//1097
f 692//1098 690//1098 683//1098
f 683//1099 690//1099 679//1099
f 679//1100 690//1100 677//1100
f 690//1101 688//1101 677//1101
f 677//1102 688//1102 680//1102
f 684//1103 692//1103 683//1103
f 693//1104 685//1104 682//1104
f 691//1105 693//1105 682//1105
f 689//1106 678//1106 681//1106
f 691//1107 676//1107 678//1107
f 691//1108 682//1108 676//1108
f 689//1109 691//1109 678//1109
f 690//1110 692//1110 691//1110
f 691//1111 692//1111 693//1111
f 694//1112 635//1112 695//1112
f 694//1113 633//1113 635//1113
f 643//1114 645//1114 694//1114
f 695//1115 696//1115 694//1115
f 695//1116 697//1116 696//1116
f 696//1117 643//1117 694//1117
f 644//1118 697//1118 695//1118
f 637//1119 642//1119 695//1119
f 642//1120 644//1120 695//1120
f 694//1121 638//1121 633//1121
f 645//1122 638//1122 694//1122
f 637//1123 695//1123 635//1123
f 698//754 699//754 700//754
f 700//759 699//759 701//759
f 702//964 698//964 703//964
f 701//755 704//755 705//755
f 703//966 698//966 700//966
f 643//840 702//840 644//840
f 644//839 702//839 703//839
f 699//756 704//756 701//756
f 705//1124 706//1124 701//1124
f 701//1125 697//1125 700//1125
f 701//1126 706//1126 697//1126
f 707//1127 699//1127 696//1127
f 696//1128 699//1128 698//1128
f 702//1129 643//1129 696//1129
f 703//1130 700//1130 697//1130
f 707//1131 704//1131 699//1131
f 698//1132 702//1132 696//1132
f 644//1133 703//1133 697//1133
f 706//1134 708//1134 707//1134
f 706//1135 709//1135 708//1135
f 697//1136 707//1136 696//1136
f 697//1137 706//1137 707//1137
f 704//761 710//761 705//761
f 711//1138 712//1138 713//1138
f 710//1139 712//1139 711//1139
f 705//1140 710//1140 711//1140
f 713//1030 687//1030 686//1030
f 712//973 687//973 713//973
f 714//1141 684//1141 687//1141
f 686//1142 715//1142 716//1142
f 685//1143 715//1143 686//1143
f 714//1144 687//1144 717//1144
f 686//1145 716//1145 713//1145
f 717//1146 687//1146 712//1146
f 713//1147 716//1147 718//1147
f 713//1148 718//1148 711//1148
f 719//1149 704//1149 707//1149
f 717//1150 712//1150 720//1150
f 711//1151 718//1151 721//1151
f 711//1152 721//1152 705//1152
f 705//1153 721//1153 706//1153
f 720//1154 710//1154 719//1154
f 720//1155 712//1155 710//1155
f 719//1156 710//1156 704//1156
f 685//1157 722//1157 715//1157
f 693//1158 722//1158 685//1158
f 723//1159 692//1159 684//1159
f 723//1160 684//1160 714//1160
f 693//1161 724//1161 722//1161
f 693//1162 725//1162 724//1162
f 726//1163 723//1163 724//1163
f 724//1164 723//1164 722//1164
f 727//1165 692//1165 726//1165
f 727//1166 726//1166 725//1166
f 725//1167 726//1167 724//1167
f 726//1168 692//1168 723//1168
f 723//818 714//818 722//818
f 715//820 717//820 716//820
f 717//819 720//819 716//819
f 716//821 720//821 718//821
f 718//813 719//813 721//813
f 720//814 719//814 718//814
f 714//659 717//659 715//659
f 722//1169 714//1169 715//1169
f 719//816 728//816 721//816
f 721//815 728//815 729//815
f 729//1170 730//1170 731//1170
f 731//836 732//836 733//836
f 730//1171 732//1171 731//1171
f 728//834 730//834 729//834
f 721//1172 709//1172 706//1172
f 721//1173 729//1173 709//1173
f 729//1174 731//1174 709//1174
f 734//1175 732//1175 708//1175
f 731//1176 733//1176 709//1176
f 728//1177 719//1177 708//1177
f 730//1178 728//1178 708//1178
f 708//1179 719//1179 707//1179
f 733//1180 735//1180 709//1180
f 732//1181 730//1181 708//1181
f 736//1182 737//1182 735//1182
f 733//1183 736//1183 735//1183
f 738//1184 732//1184 734//1184
f 739//754 740//754 737//754
f 737//759 740//759 741//759
f 738//842 739//842 736//842
f 736//758 739//758 737//758
f 732//840 738//840 733//840
f 739//1185 738//1185 734//1185
f 733//839 738//839 736//839
f 742//1186 740//1186 739//1186
f 742//1187 739//1187 734//1187
f 735//1188 743//1188 742//1188
f 735//1189 742//1189 734//1189
f 709//1190 734//1190 708//1190
f 709//1191 735//1191 734//1191
f 741//1192 743//1192 737//1192
f 737//1193 743//1193 735//1193
f 693//1194 744//1194 745//1194
f 746//1195 747//1195 748//1195
f 692//1196 744//1196 693//1196
f 745//1197 746//1197 748//1197
f 744//1198 746//1198 745//1198
f 748//1199 747//1199 749//1199
f 750//1200 751//1200 752//1200
f 752//1201 751//1201 753//1201
f 747//1202 750//1202 749//1202
f 754//1203 751//1203 750//1203
f 749//1204 750//1204 752//1204
f 753//1205 755//1205 752//1205
f 756//718 568//718 757//718
f 756//1206 577//1206 568//1206
f 575//1207 757//1207 570//1207
f 757//1084 568//1084 570//1084
f 758//1208 756//1208 757//1208
f 759//1209 756//1209 758//1209
f 593//1210 591//1210 757//1210
f 589//1211 588//1211 756//1211
f 592//1212 758//1212 591//1212
f 759//1213 590//1213 589//1213
f 592//1214 760//1214 758//1214
f 591//1215 758//1215 757//1215
f 761//1216 590//1216 759//1216
f 575//1217 593//1217 757//1217
f 759//1218 589//1218 756//1218
f 588//1219 577//1219 756//1219
f 762//1220 763//1220 764//1220
f 762//1221 765//1221 763//1221
f 765//1222 759//1222 763//1222
f 766//1223 759//1223 765//1223
f 761//1224 759//1224 766//1224
f 758//1225 767//1225 768//1225
f 758//1226 768//1226 769//1226
f 769//1227 770//1227 771//1227
f 763//1228 759//1228 758//1228
f 758//1229 760//1229 767//1229
f 769//1230 763//1230 758//1230
f 768//1231 770//1231 769//1231
f 772//1232 598//1232 595//1232
f 773//995 598//995 772//995
f 774//1233 590//1233 761//1233
f 774//1234 597//1234 590//1234
f 775//1235 597//1235 774//1235
f 775//1038 595//1038 597//1038
f 773//1236 605//1236 598//1236
f 772//1237 595//1237 775//1237
f 596//1040 776//1040 594//1040
f 599//999 777//999 778//999
f 604//1238 777//1238 599//1238
f 596//1239 778//1239 776//1239
f 599//1240 778//1240 596//1240
f 592//1241 779//1241 760//1241
f 594//1242 779//1242 592//1242
f 594//1243 776//1243 779//1243
f 760//1244 766//1244 767//1244
f 774//1245 761//1245 779//1245
f 761//1246 766//1246 760//1246
f 767//691 765//691 768//691
f 779//1072 761//1072 760//1072
f 766//661 765//661 767//661
f 775//826 774//826 776//826
f 776//670 774//670 779//670
f 772//671 775//671 778//671
f 778//1247 775//1247 776//1247
f 780//1248 781//1248 782//1248
f 782//1249 781//1249 783//1249
f 764//1250 763//1250 783//1250
f 781//1251 784//1251 783//1251
f 784//1252 785//1252 783//1252
f 785//1253 764//1253 783//1253
f 786//1254 787//1254 788//1254
f 769//1255 771//1255 789//1255
f 783//1256 763//1256 789//1256
f 789//1257 763//1257 769//1257
f 790//1258 786//1258 789//1258
f 782//1259 783//1259 788//1259
f 788//1260 783//1260 789//1260
f 786//1261 788//1261 789//1261
f 791//1262 790//1262 789//1262
f 771//1263 791//1263 789//1263
f 792//1264 782//1264 793//1264
f 793//1265 782//1265 751//1265
f 794//1266 751//1266 754//1266
f 795//1267 751//1267 794//1267
f 793//1268 751//1268 795//1268
f 753//1269 782//1269 788//1269
f 751//1270 782//1270 753//1270
f 753//1271 796//1271 755//1271
f 753//1272 797//1272 796//1272
f 788//1273 798//1273 799//1273
f 753//1274 799//1274 797//1274
f 788//1275 799//1275 753//1275
f 792//1276 780//1276 782//1276
f 787//1277 798//1277 788//1277
f 762//990 764//990 770//990
f 770//991 764//991 771//991
f 785//699 784//699 791//699
f 791//698 784//698 790//698
f 771//939 785//939 791//939
f 765//817 762//817 768//817
f 768//1278 762//1278 770//1278
f 764//697 785//697 771//697
f 786//702 780//702 787//702
f 787//1279 800//1279 801//1279
f 781//703 780//703 786//703
f 780//993 800//993 787//993
f 801//1280 802//1280 803//1280
f 790//700 781//700 786//700
f 784//701 781//701 790//701
f 800//994 802//994 801//994
f 803//838 804//838 805//838
f 806//761 807//761 808//761
f 808//757 807//757 809//757
f 804//846 806//846 805//846
f 805//755 806//755 808//755
f 802//837 804//837 803//837
f 800//1281 780//1281 810//1281
f 802//735 800//735 811//735
f 811//1282 800//1282 810//1282
f 810//1283 780//1283 792//1283
f 812//1284 802//1284 811//1284
f 813//1285 804//1285 812//1285
f 813//1286 806//1286 804//1286
f 812//1287 804//1287 802//1287
f 814//1288 806//1288 813//1288
f 815//1289 807//1289 814//1289
f 814//1290 807//1290 806//1290
f 801//743 803//743 816//743
f 801//1291 816//1291 817//1291
f 787//1292 801//1292 817//1292
f 803//1293 818//1293 816//1293
f 787//1294 817//1294 798//1294
f 805//1295 818//1295 803//1295
f 805//1296 819//1296 818//1296
f 808//1297 819//1297 805//1297
f 808//1298 820//1298 819//1298
f 809//1299 821//1299 820//1299
f 809//1300 820//1300 808//1300
f 822//1301 744//1301 823//1301
f 744//1302 692//1302 727//1302
f 823//1303 744//1303 727//1303
f 693//1304 745//1304 725//1304
f 745//1305 824//1305 725//1305
f 745//1306 825//1306 824//1306
f 826//951 822//951 825//951
f 827//1307 828//1307 829//1307
f 825//1308 823//1308 824//1308
f 829//1309 828//1309 826//1309
f 822//832 823//832 825//832
f 823//1310 727//1310 824//1310
f 824//1311 727//1311 725//1311
f 828//948 822//948 826//948
f 830//1312 747//1312 746//1312
f 831//1313 747//1313 830//1313
f 822//1314 746//1314 744//1314
f 830//1315 746//1315 827//1315
f 827//1316 746//1316 828//1316
f 828//1317 746//1317 822//1317
f 749//1318 832//1318 833//1318
f 749//1319 833//1319 748//1319
f 748//1320 826//1320 825//1320
f 748//1321 833//1321 829//1321
f 748//1322 829//1322 826//1322
f 748//1323 825//1323 745//1323
f 834//893 835//893 836//893
f 831//1085 830//1085 832//1085
f 832//1084 830//1084 833//1084
f 837//894 835//894 834//894
f 833//1324 827//1324 829//1324
f 835//896 831//896 836//896
f 836//1082 831//1082 832//1082
f 830//1325 827//1325 833//1325
f 838//761 839//761 840//761
f 841//722 842//722 843//722
f 844//769 842//769 841//769
f 840//847 839//847 845//847
f 839//849 846//849 845//849
f 847//892 837//892 843//892
f 843//891 837//891 834//891
f 846//851 842//851 844//851
f 842//1326 847//1326 843//1326
f 845//1327 846//1327 844//1327
f 848//1328 747//1328 849//1328
f 752//1329 850//1329 749//1329
f 752//1330 755//1330 851//1330
f 849//1331 747//1331 831//1331
f 752//776 851//776 850//776
f 749//1332 850//1332 852//1332
f 754//1333 750//1333 853//1333
f 749//1334 852//1334 832//1334
f 853//767 750//767 848//767
f 848//1335 750//1335 747//1335
f 854//795 855//795 847//795
f 855//1336 856//1336 837//1336
f 835//1337 857//1337 831//1337
f 856//1338 857//1338 835//1338
f 837//1339 856//1339 835//1339
f 857//1340 849//1340 831//1340
f 847//1341 855//1341 837//1341
f 858//1342 859//1342 834//1342
f 859//807 860//807 843//807
f 858//1343 834//1343 836//1343
f 861//1344 858//1344 836//1344
f 852//1345 861//1345 832//1345
f 859//1346 843//1346 834//1346
f 861//1347 836//1347 832//1347
f 841//1348 862//1348 844//1348
f 845//1349 743//1349 840//1349
f 863//1350 842//1350 846//1350
f 840//1351 743//1351 741//1351
f 863//1352 846//1352 839//1352
f 844//1353 862//1353 845//1353
f 741//755 838//755 840//755
f 742//1354 839//1354 838//1354
f 742//1355 838//1355 740//1355
f 740//756 838//756 741//756
f 860//1356 864//1356 843//1356
f 841//1357 864//1357 862//1357
f 865//1358 854//1358 847//1358
f 865//1359 842//1359 863//1359
f 865//1360 847//1360 842//1360
f 843//1361 864//1361 841//1361
f 845//1362 862//1362 743//1362
f 863//1363 839//1363 742//1363
f 862//1364 865//1364 863//1364
f 862//1365 864//1365 865//1365
f 743//1366 863//1366 742//1366
f 743//1367 862//1367 863//1367
f 852//1018 857//1018 861//1018
f 848//990 849//990 850//990
f 853//817 848//817 851//817
f 851//1278 848//1278 850//1278
f 755//823 853//823 851//823
f 850//991 849//991 852//991
f 754//1368 853//1368 755//1368
f 849//1369 857//1369 852//1369
f 799//1370 795//1370 797//1370
f 796//1371 754//1371 755//1371
f 794//1163 754//1163 796//1163
f 797//940 794//940 796//940
f 793//1372 795//1372 799//1372
f 795//1245 794//1245 797//1245
f 811//1307 810//1307 816//1307
f 812//1373 811//1373 818//1373
f 798//1374 793//1374 799//1374
f 792//1375 793//1375 798//1375
f 817//1376 792//1376 798//1376
f 818//1377 811//1377 816//1377
f 810//1378 792//1378 817//1378
f 816//720 810//720 817//720
f 814//1379 813//1379 820//1379
f 819//1380 812//1380 818//1380
f 813//1381 812//1381 819//1381
f 820//1382 813//1382 819//1382
f 858//1383 855//1383 859//1383
f 856//701 855//701 858//701
f 861//1384 856//1384 858//1384
f 857//1385 856//1385 861//1385
f 866//966 867//966 868//966
f 868//1386 869//1386 870//1386
f 867//1387 869//1387 868//1387
f 871//994 867//994 866//994
f 854//746 871//746 860//746
f 859//1388 854//1388 860//1388
f 860//747 871//747 866//747
f 855//1171 854//1171 859//1171
f 872//1389 873//1389 874//1389
f 873//772 875//772 874//772
f 869//1390 876//1390 870//1390
f 876//1391 873//1391 872//1391
f 874//1392 875//1392 877//1392
f 870//1393 876//1393 872//1393
f 878//726 815//726 879//726
f 877//1394 880//1394 881//1394
f 821//727 814//727 820//727
f 815//728 814//728 821//728
f 880//1029 878//1029 879//1029
f 881//1031 880//1031 879//1031
f 875//1028 880//1028 877//1028
f 879//725 815//725 821//725
f 882//1395 883//1395 809//1395
f 809//1396 883//1396 821//1396
f 884//1397 807//1397 815//1397
f 884//1398 885//1398 807//1398
f 886//1399 883//1399 882//1399
f 884//1400 887//1400 885//1400
f 867//1401 871//1401 865//1401
f 888//1402 869//1402 867//1402
f 888//1403 867//1403 865//1403
f 872//1404 889//1404 870//1404
f 866//1405 868//1405 864//1405
f 888//1406 876//1406 869//1406
f 870//1407 889//1407 868//1407
f 871//1408 854//1408 865//1408
f 860//1409 866//1409 864//1409
f 868//1410 889//1410 864//1410
f 884//1411 880//1411 875//1411
f 884//1412 876//1412 888//1412
f 884//1413 878//1413 880//1413
f 884//1414 873//1414 876//1414
f 884//1415 815//1415 878//1415
f 884//1416 875//1416 873//1416
f 821//1417 883//1417 879//1417
f 874//1418 883//1418 872//1418
f 877//1419 883//1419 874//1419
f 872//1420 883//1420 889//1420
f 881//1421 883//1421 877//1421
f 879//1422 883//1422 881//1422
f 889//1423 884//1423 888//1423
f 889//1424 883//1424 884//1424
f 864//1425 888//1425 865//1425
f 864//1426 889//1426 888//1426
f 511//1427 8//1427 513//1427
f 509//1428 8//1428 511//1428
f 513//1429 8//1429 507//1429
f 507//1430 8//1430 452//1430
f 554//1431 8//1431 509//1431
f 10//1432 514//1432 496//1432
f 10//1433 512//1433 514//1433
f 10//1434 510//1434 512//1434
f 10//1435 508//1435 510//1435
f 10//1436 553//1436 508//1436
f 10//1437 579//1437 553//1437
f 582//1438 8//1438 580//1438
f 580//1439 8//1439 578//1439
f 578//1440 8//1440 554//1440
f 10//1441 581//1441 579//1441
f 10//1442 583//1442 581//1442
f 10//1443 890//1443 583//1443
f 891//1444 8//1444 582//1444
f 3//1445 8//1445 892//1445
f 3//1446 892//1446 893//1446
f 8//1447 891//1447 892//1447
f 1//1448 4//1448 894//1448
f 1//1449 894//1449 895//1449
f 4//1450 3//1450 893//1450
f 2//1449 1//1449 895//1449
f 4//1451 893//1451 894//1451
f 7//1452 2//1452 896//1452
f 6//1453 897//1453 898//1453
f 6//1454 7//1454 897//1454
f 5//1455 6//1455 898//1455
f 7//1456 896//1456 897//1456
f 2//1457 895//1457 896//1457
f 899//1458 9//1458 900//1458
f 890//1459 10//1459 899//1459
f 10//1460 9//1460 899//1460
f 900//1461 11//1461 901//1461
f 9//1462 11//1462 900//1462
f 901//1463 12//1463 902//1463
f 11//1464 12//1464 901//1464
f 12//1465 13//1465 902//1465
f 902//1466 13//1466 903//1466
f 903//1467 14//1467 904//1467
f 13//1468 14//1468 903//1468
f 904//1469 15//1469 905//1469
f 14//1470 15//1470 904//1470
f 15//1469 16//1469 905//1469
f 898//1471 17//1471 5//1471
f 906//1472 17//1472 898//1472
f 18//1473 907//1473 905//1473
f 18//1474 905//1474 16//1474
f 908//1475 602//1475 909//1475
f 910//1476 601//1476 605//1476
f 910//1477 605//1477 773//1477
f 604//1478 911//1478 777//1478
f 603//1479 911//1479 604//1479
f 603//1480 912//1480 911//1480
f 600//1481 912//1481 603//1481
f 909//1482 602//1482 601//1482
f 909//1483 601//1483 910//1483
f 908//718 909//718 913//718
f 913//717 909//717 912//717
f 914//723 908//723 915//723
f 915//729 908//729 913//729
f 909//1484 910//1484 912//1484
f 773//668 772//668 777//668
f 777//672 772//672 778//672
f 910//949 773//949 911//949
f 911//1485 773//1485 777//1485
f 912//1486 910//1486 911//1486
f 809//1033 885//1033 882//1033
f 887//724 916//724 917//724
f 917//725 918//725 919//725
f 916//726 918//726 917//726
f 919//727 914//727 915//727
f 918//728 914//728 919//728
f 807//1032 885//1032 809//1032
f 886//722 887//722 917//722
f 882//1030 887//1030 886//1030
f 885//1028 887//1028 882//1028
f 602//1487 891//1487 586//1487
f 586//1488 891//1488 584//1488
f 584//1489 891//1489 582//1489
f 890//1490 585//1490 583//1490
f 890//1491 600//1491 587//1491
f 890//1492 587//1492 585//1492
f 908//1493 891//1493 602//1493
f 890//1494 915//1494 913//1494
f 890//1495 912//1495 600//1495
f 890//1496 913//1496 912//1496
f 890//1497 917//1497 919//1497
f 890//1498 919//1498 915//1498
f 890//1499 886//1499 917//1499
f 883//1500 890//1500 884//1500
f 890//1501 891//1501 884//1501
f 890//1502 883//1502 886//1502
f 884//1503 891//1503 887//1503
f 903//1504 898//1504 902//1504
f 899//1505 891//1505 890//1505
f 900//1506 891//1506 899//1506
f 901//1507 891//1507 900//1507
f 902//1508 891//1508 901//1508
f 898//1509 891//1509 902//1509
f 887//1510 891//1510 916//1510
f 916//1511 891//1511 918//1511
f 918//1512 891//1512 914//1512
f 914//1513 891//1513 908//1513
f 189//1514 920//1514 18//1514
f 191//1515 920//1515 189//1515
f 18//1516 920//1516 907//1516
f 191//1517 921//1517 920//1517
f 194//1518 922//1518 191//1518
f 191//1519 922//1519 921//1519
f 194//1520 923//1520 922//1520
f 924//1521 193//1521 190//1521
f 924//1522 190//1522 925//1522
f 925//1523 190//1523 192//1523
f 926//1524 198//1524 193//1524
f 926//1525 193//1525 924//1525
f 927//1526 17//1526 906//1526
f 927//1527 192//1527 17//1527
f 925//1528 192//1528 927//1528
f 194//1529 928//1529 923//1529
f 370//1530 928//1530 194//1530
f 929//1531 930//1531 923//1531
f 923//1532 930//1532 931//1532
f 932//1533 198//1533 926//1533
f 933//1534 934//1534 935//1534
f 933//625 936//625 934//625
f 937//1535 933//1535 935//1535
f 937//624 935//624 938//624
f 935//1536 939//1536 938//1536
f 940//1537 938//1537 941//1537
f 940//631 937//631 938//631
f 942//1538 933//1538 937//1538
f 943//1539 942//1539 937//1539
f 944//1540 943//1540 937//1540
f 945//1541 946//1541 938//1541
f 939//1542 945//1542 938//1542
f 947//1543 940//1543 948//1543
f 941//1544 949//1544 950//1544
f 948//1545 940//1545 941//1545
f 948//1546 941//1546 950//1546
f 951//1547 948//1547 952//1547
f 953//1548 948//1548 951//1548
f 954//1549 948//1549 953//1549
f 947//1550 948//1550 954//1550
f 950//1551 955//1551 956//1551
f 950//1552 949//1552 957//1552
f 950//1553 957//1553 958//1553
f 950//1554 958//1554 955//1554
f 952//1555 950//1555 956//1555
f 952//1556 948//1556 950//1556
f 959//1557 940//1557 947//1557
f 960//1558 937//1558 940//1558
f 941//1559 961//1559 949//1559
f 941//1560 962//1560 961//1560
f 944//1561 937//1561 963//1561
f 938//1562 946//1562 964//1562
f 938//1563 962//1563 941//1563
f 938//1564 964//1564 962//1564
f 963//1565 937//1565 960//1565
f 960//1566 940//1566 959//1566
f 961//663 959//663 949//663
f 960//664 959//664 961//664
f 954//1278 953//1278 958//1278
f 947//1567 954//1567 957//1567
f 949//661 947//661 957//661
f 959//1568 947//1568 949//1568
f 957//817 954//817 958//817
f 962//665 960//665 961//665
f 963//670 960//670 962//670
f 965//1569 963//1569 964//1569
f 966//668 967//668 968//668
f 968//671 965//671 964//671
f 967//1570 965//1570 968//1570
f 964//826 963//826 962//826
f 934//1571 969//1571 935//1571
f 935//1572 970//1572 939//1572
f 971//1573 933//1573 972//1573
f 971//1574 936//1574 933//1574
f 972//1575 933//1575 942//1575
f 935//1576 969//1576 970//1576
f 973//1577 936//1577 974//1577
f 975//1578 936//1578 973//1578
f 974//1579 936//1579 976//1579
f 976//1580 936//1580 977//1580
f 977//1581 936//1581 971//1581
f 934//1582 978//1582 979//1582
f 976//689 977//689 980//689
f 979//690 976//690 980//690
f 934//1583 981//1583 982//1583
f 934//1584 979//1584 980//1584
f 934//1585 980//1585 969//1585
f 934//1586 982//1586 978//1586
f 972//1587 942//1587 939//1587
f 939//939 943//939 945//939
f 980//1567 971//1567 969//1567
f 942//697 943//697 939//697
f 969//694 971//694 970//694
f 977//661 971//661 980//661
f 970//695 972//695 939//695
f 971//693 972//693 970//693
f 944//965 983//965 946//965
f 946//967 983//967 984//967
f 983//1588 985//1588 986//1588
f 943//934 944//934 946//934
f 945//699 943//699 946//699
f 984//1589 983//1589 986//1589
f 987//1590 936//1590 975//1590
f 988//1591 989//1591 934//1591
f 989//1592 990//1592 934//1592
f 934//1593 990//1593 981//1593
f 991//1594 992//1594 936//1594
f 987//1595 991//1595 936//1595
f 978//1596 974//1596 979//1596
f 975//1597 973//1597 982//1597
f 974//1598 976//1598 979//1598
f 982//710 973//710 978//710
f 973//1599 974//1599 978//1599
f 981//1600 975//1600 982//1600
f 993//830 975//830 981//830
f 994//716 995//716 996//716
f 997//720 993//720 998//720
f 998//668 993//668 981//668
f 995//719 997//719 996//719
f 999//717 995//717 994//717
f 1000//718 995//718 999//718
f 996//721 997//721 998//721
f 1001//1601 1002//1601 1003//1601
f 1003//728 1002//728 1004//728
f 1005//724 1001//724 1006//724
f 1006//726 1001//726 1003//726
f 1004//723 1007//723 999//723
f 1008//843 1005//843 1006//843
f 1002//1602 1007//1602 1004//1602
f 1007//895 1000//895 999//895
f 1009//1603 1010//1603 1011//1603
f 1010//1604 985//1604 967//1604
f 983//1605 944//1605 963//1605
f 965//1606 983//1606 963//1606
f 1012//1607 1009//1607 1011//1607
f 967//1608 985//1608 965//1608
f 985//1609 983//1609 965//1609
f 1011//1610 1010//1610 967//1610
f 986//1611 966//1611 968//1611
f 986//1612 1013//1612 966//1612
f 984//1613 986//1613 968//1613
f 984//1614 968//1614 964//1614
f 1014//1615 1015//1615 1016//1615
f 986//840 985//840 1013//840
f 1013//1616 1016//1616 966//1616
f 985//1617 1010//1617 1013//1617
f 1013//1618 1014//1618 1016//1618
f 946//1619 984//1619 964//1619
f 1017//750 1018//750 1016//750
f 1019//717 1018//717 1017//717
f 1016//753 1011//753 966//753
f 1020//718 1019//718 1017//718
f 1015//1620 1017//1620 1016//1620
f 1018//1621 1011//1621 1016//1621
f 1018//1622 1012//1622 1011//1622
f 1011//1623 967//1623 966//1623
f 1021//846 1022//846 1023//846
f 1009//1624 1022//1624 1021//1624
f 1023//848 1024//848 1025//848
f 1022//845 1024//845 1023//845
f 1013//760 1010//760 1014//760
f 1014//837 1009//837 1021//837
f 1024//757 1026//757 1025//757
f 1010//1625 1009//1625 1014//1625
f 1027//1626 1024//1626 1022//1626
f 1028//1627 1029//1627 1026//1627
f 1028//1628 1026//1628 1027//1628
f 1028//1629 1001//1629 1005//1629
f 1027//1630 1026//1630 1024//1630
f 1028//1631 1005//1631 1029//1631
f 1029//771 1005//771 1030//771
f 1025//772 1026//772 1030//772
f 1008//1632 1031//1632 1030//1632
f 1030//1633 1031//1633 1032//1633
f 1030//1634 1005//1634 1008//1634
f 1023//1635 1032//1635 1021//1635
f 1025//1636 1032//1636 1023//1636
f 1030//1637 1032//1637 1025//1637
f 1026//775 1029//775 1030//775
f 1006//1638 1031//1638 1008//1638
f 1012//1639 1022//1639 1009//1639
f 1027//1640 1022//1640 1012//1640
f 1027//1641 1012//1641 1015//1641
f 1028//785 1027//785 1032//785
f 1032//780 1027//780 1015//780
f 1021//1642 1015//1642 1014//1642
f 1031//1643 1028//1643 1032//1643
f 1021//1644 1032//1644 1015//1644
f 992//1645 389//1645 936//1645
f 1033//1646 389//1646 992//1646
f 936//1647 389//1647 934//1647
f 389//1648 385//1648 934//1648
f 385//1649 988//1649 934//1649
f 995//1650 1034//1650 997//1650
f 1035//1651 987//1651 993//1651
f 993//1652 987//1652 975//1652
f 1036//1653 1034//1653 995//1653
f 1034//1654 1035//1654 997//1654
f 997//1655 1035//1655 993//1655
f 1000//1656 1036//1656 995//1656
f 1037//1657 1038//1657 1007//1657
f 1038//1658 1036//1658 1000//1658
f 1007//1659 1038//1659 1000//1659
f 1002//1660 1037//1660 1007//1660
f 1039//1661 996//1661 998//1661
f 1039//1662 1040//1662 996//1662
f 990//1663 998//1663 981//1663
f 990//1664 1039//1664 998//1664
f 1040//1665 1041//1665 994//1665
f 1040//1666 994//1666 996//1666
f 1041//1667 1042//1667 999//1667
f 1041//1668 999//1668 994//1668
f 1042//1669 1043//1669 1004//1669
f 1042//1670 1004//1670 999//1670
f 1043//1671 1003//1671 1004//1671
f 1038//815 1037//815 1043//815
f 1041//814 1036//814 1042//814
f 1042//816 1038//816 1043//816
f 1036//1672 1038//1672 1042//1672
f 987//1169 1035//1169 1039//1169
f 1040//821 1036//821 1041//821
f 1039//659 1035//659 1040//659
f 991//1673 987//1673 990//1673
f 989//1674 991//1674 990//1674
f 990//818 987//818 1039//818
f 1034//819 1036//819 1040//819
f 1035//942 1034//942 1040//942
f 1044//667 1033//667 988//667
f 992//1675 991//1675 989//1675
f 988//824 992//824 989//824
f 1033//825 992//825 988//825
f 1045//830 1046//830 1047//830
f 1048//1085 1049//1085 1050//1085
f 1051//1676 1045//1676 1052//1676
f 1053//1677 1051//1677 1052//1677
f 1050//1678 1054//1678 1053//1678
f 1046//1308 1033//1308 1044//1308
f 1049//1084 1054//1084 1050//1084
f 1047//832 1046//832 1044//832
f 1054//1679 1051//1679 1053//1679
f 1052//948 1045//948 1047//948
f 1055//1680 1056//1680 1057//1680
f 1043//834 1037//834 1058//834
f 1057//754 1056//754 1059//754
f 1060//839 1055//839 1061//839
f 1056//1681 1062//1681 1059//1681
f 1058//835 1063//835 1064//835
f 1061//842 1055//842 1057//842
f 1063//1682 1060//1682 1064//1682
f 1037//1683 1063//1683 1058//1683
f 1064//840 1060//840 1061//840
f 1065//850 1066//850 1067//850
f 1066//851 1068//851 1067//851
f 1069//848 1070//848 1071//848
f 1067//844 1068//844 1072//844
f 1062//845 1070//845 1069//845
f 1071//849 1065//849 1067//849
f 1072//1326 1073//1326 1074//1326
f 1068//843 1073//843 1072//843
f 1059//756 1062//756 1069//756
f 1070//1140 1065//1140 1071//1140
f 1003//1684 1075//1684 1006//1684
f 1043//1685 1075//1685 1003//1685
f 1076//1686 1028//1686 1031//1686
f 1076//1687 1002//1687 1001//1687
f 1075//858 1076//858 1031//858
f 1006//1688 1075//1688 1031//1688
f 1076//1689 1037//1689 1002//1689
f 1076//1690 1001//1690 1028//1690
f 1063//1691 1037//1691 1076//1691
f 1058//1692 1077//1692 1075//1692
f 1078//1693 1063//1693 1076//1693
f 1077//865 1078//865 1075//865
f 1078//866 1076//866 1075//866
f 1043//1694 1058//1694 1075//1694
f 1057//1695 1079//1695 1077//1695
f 1058//1696 1064//1696 1077//1696
f 1064//1697 1061//1697 1077//1697
f 1055//1698 1060//1698 1078//1698
f 1080//1699 1056//1699 1078//1699
f 1061//1700 1057//1700 1077//1700
f 1056//1701 1055//1701 1078//1701
f 1060//1702 1063//1702 1078//1702
f 1069//1703 1079//1703 1059//1703
f 1069//1704 1081//1704 1079//1704
f 1082//1705 1065//1705 1070//1705
f 1067//1706 1081//1706 1071//1706
f 1082//1707 1070//1707 1080//1707
f 1082//1708 1066//1708 1065//1708
f 1059//1709 1079//1709 1057//1709
f 1071//1710 1081//1710 1069//1710
f 1080//1711 1062//1711 1056//1711
f 1080//1712 1070//1712 1062//1712
f 1082//1713 1080//1713 1079//1713
f 1079//890 1080//890 1077//890
f 1080//1714 1078//1714 1077//1714
f 1083//1715 1082//1715 1081//1715
f 1081//888 1082//888 1079//888
f 1084//886 1083//886 1081//886
f 1073//1716 1085//1716 1086//1716
f 1086//1717 1087//1717 1088//1717
f 1085//894 1087//894 1086//894
f 1088//1082 1049//1082 1048//1082
f 1074//892 1073//892 1086//892
f 1087//896 1049//896 1088//896
f 1089//1718 1054//1718 1090//1718
f 1090//1719 1054//1719 1049//1719
f 1050//1720 1091//1720 1048//1720
f 1050//1721 1092//1721 1091//1721
f 1053//1722 1092//1722 1050//1722
f 1093//1723 1087//1723 1085//1723
f 1094//1724 1087//1724 1093//1724
f 1093//1725 1085//1725 1095//1725
f 1095//1726 1085//1726 1073//1726
f 1095//1727 1073//1727 1096//1727
f 1096//1728 1073//1728 1068//1728
f 1090//1729 1049//1729 1094//1729
f 1094//1730 1049//1730 1087//1730
f 1097//1731 1066//1731 1082//1731
f 1097//1732 1068//1732 1066//1732
f 1096//1728 1068//1728 1097//1728
f 1048//1733 1091//1733 1098//1733
f 1048//1734 1098//1734 1088//1734
f 1088//1735 1098//1735 1099//1735
f 1088//1736 1099//1736 1086//1736
f 1086//1737 1099//1737 1100//1737
f 1086//1738 1100//1738 1074//1738
f 1074//1739 1100//1739 1101//1739
f 1074//1740 1101//1740 1072//1740
f 1072//1741 1102//1741 1067//1741
f 1072//1740 1101//1740 1102//1740
f 1067//1742 1102//1742 1081//1742
f 1083//1743 1103//1743 1082//1743
f 1104//1744 1105//1744 1083//1744
f 1103//1745 1097//1745 1082//1745
f 1106//1746 1104//1746 1083//1746
f 1105//1747 1103//1747 1083//1747
f 1102//1748 1107//1748 1081//1748
f 1108//1749 1106//1749 1084//1749
f 1109//1750 1108//1750 1084//1750
f 1106//1751 1083//1751 1084//1751
f 1107//1752 1110//1752 1084//1752
f 1107//1753 1084//1753 1081//1753
f 1110//1754 1109//1754 1084//1754
f 1111//1755 1104//1755 1106//1755
f 1102//821 1103//821 1107//821
f 1107//814 1103//814 1110//814
f 1097//819 1103//819 1102//819
f 1110//1024 1105//1024 1109//1024
f 1103//1672 1105//1672 1110//1672
f 1105//1756 1104//1756 1109//1756
f 1112//1757 1113//1757 1108//1757
f 1114//1758 1111//1758 1106//1758
f 1109//1759 1112//1759 1108//1759
f 1098//1245 1094//1245 1099//1245
f 1090//1370 1094//1370 1098//1370
f 1099//947 1093//947 1100//947
f 1091//1372 1090//1372 1098//1372
f 1096//942 1097//942 1102//942
f 1094//940 1093//940 1099//940
f 1100//944 1095//944 1101//944
f 1093//945 1095//945 1100//945
f 1101//659 1096//659 1102//659
f 1095//662 1096//662 1101//662
f 1115//1570 1089//1570 1092//1570
f 1089//1760 1090//1760 1091//1760
f 1116//953 1117//953 1118//953
f 1118//949 1119//949 1120//949
f 1120//948 1115//948 1092//948
f 1117//955 1119//955 1118//955
f 1119//1083 1115//1083 1120//1083
f 1092//1375 1089//1375 1091//1375
f 1121//1761 1122//1761 1123//1761
f 1124//957 1117//957 1116//957
f 1122//956 1117//956 1124//956
f 1123//959 1122//959 1124//959
f 1125//964 1126//964 1127//964
f 1111//1762 1114//1762 1113//1762
f 1126//1763 1128//1763 1127//1763
f 1127//754 1128//754 1129//754
f 1113//993 1114//993 1125//993
f 1112//961 1111//961 1113//961
f 1114//963 1126//963 1125//963
f 1104//967 1111//967 1112//967
f 1128//1681 1130//1681 1129//1681
f 1109//965 1104//965 1112//965
f 1131//1027 1132//1027 1133//1027
f 1129//756 1130//756 1134//756
f 1132//1764 1135//1764 1136//1764
f 1130//755 1131//755 1134//755
f 1134//761 1131//761 1133//761
f 1133//1765 1132//1765 1136//1765
f 1137//892 1138//892 1139//892
f 1138//1716 1140//1716 1139//1716
f 1139//1766 1121//1766 1123//1766
f 1141//1326 1138//1326 1137//1326
f 1136//1767 1142//1767 1141//1767
f 1142//843 1138//843 1141//843
f 1135//973 1142//973 1136//973
f 1140//971 1121//971 1139//971
f 1143//1768 1144//1768 1145//1768
f 955//1769 1146//1769 956//1769
f 1145//1770 952//1770 956//1770
f 1144//1771 1147//1771 952//1771
f 1145//1772 956//1772 1148//1772
f 1147//1773 951//1773 952//1773
f 1145//1774 1144//1774 952//1774
f 1146//1775 1149//1775 956//1775
f 1149//1776 1150//1776 1148//1776
f 1149//1777 1148//1777 956//1777
f 1151//1778 1152//1778 1145//1778
f 1153//1779 1143//1779 1145//1779
f 1150//1780 1154//1780 1148//1780
f 1154//1781 1155//1781 1148//1781
f 1152//1782 1153//1782 1145//1782
f 1155//1783 1156//1783 1148//1783
f 951//696 1147//696 1146//696
f 1147//698 1144//698 1149//698
f 1146//699 1147//699 1149//699
f 953//990 951//990 958//990
f 958//991 951//991 955//991
f 955//697 951//697 1146//697
f 1144//967 1143//967 1150//967
f 1149//701 1144//701 1150//701
f 1143//1784 1153//1784 1154//1784
f 1150//1589 1143//1589 1154//1589
f 1154//993 1153//993 1155//993
f 1153//992 1152//992 1155//992
f 1157//837 1158//837 1159//837
f 1160//845 1161//845 1162//845
f 1158//1624 1160//1624 1159//1624
f 1155//994 1152//994 1157//994
f 1152//1785 1158//1785 1157//1785
f 1159//846 1160//846 1162//846
f 1163//1786 1160//1786 1158//1786
f 1164//1787 1152//1787 1151//1787
f 1163//1788 1158//1788 1165//1788
f 1158//1789 1152//1789 1165//1789
f 1159//1790 1166//1790 1157//1790
f 1165//1791 1152//1791 1164//1791
f 1157//1792 1166//1792 1167//1792
f 1155//1793 1168//1793 1156//1793
f 1155//1794 1157//1794 1167//1794
f 1155//1795 1167//1795 1168//1795
f 1169//1007 1151//1007 1170//1007
f 1171//1796 1151//1796 1169//1796
f 1151//1797 1145//1797 1148//1797
f 1151//1009 1148//1009 1156//1009
f 1151//1007 1156//1007 1170//1007
f 1156//1798 1172//1798 1170//1798
f 1172//1799 1173//1799 1170//1799
f 1174//1800 1175//1800 1169//1800
f 1168//1801 1172//1801 1156//1801
f 1175//1802 1176//1802 1169//1802
f 1176//1803 1171//1803 1169//1803
f 1177//1804 1178//1804 1170//1804
f 1171//1805 1164//1805 1151//1805
f 1173//1806 1177//1806 1170//1806
f 1172//991 1176//991 1173//991
f 1164//660 1171//660 1172//660
f 1165//1807 1164//1807 1168//1807
f 1176//1808 1175//1808 1177//1808
f 1168//659 1164//659 1172//659
f 1171//990 1176//990 1172//990
f 1167//1020 1165//1020 1168//1020
f 1173//1369 1176//1369 1177//1369
f 1174//967 1179//967 1180//967
f 1175//1756 1174//1756 1178//1756
f 1177//1024 1175//1024 1178//1024
f 1179//1809 1181//1809 1182//1809
f 1180//1023 1179//1023 1182//1023
f 1178//965 1174//965 1180//965
f 1183//1810 1184//1810 1185//1810
f 1184//728 1186//728 1185//728
f 1187//1026 1183//1026 1185//1026
f 1188//895 1019//895 1020//895
f 1186//723 1019//723 1188//723
f 1185//727 1186//727 1188//727
f 1189//1032 1190//1032 1191//1032
f 1192//1811 1183//1811 1187//1811
f 1162//848 1161//848 1189//848
f 1161//757 1190//757 1189//757
f 1190//1812 1193//1812 1191//1812
f 1191//1767 1194//1767 1192//1767
f 1193//1028 1194//1028 1191//1028
f 1194//1813 1183//1813 1192//1813
f 1195//1814 1183//1814 1194//1814
f 1187//1815 1196//1815 1192//1815
f 1189//1816 1197//1816 1162//1816
f 1159//1816 1198//1816 1166//1816
f 1199//1817 1161//1817 1200//1817
f 1200//1817 1161//1817 1160//1817
f 1162//1818 1197//1818 1198//1818
f 1162//1818 1198//1818 1159//1818
f 1200//1819 1160//1819 1163//1819
f 1199//1819 1190//1819 1161//1819
f 1201//1820 1190//1820 1199//1820
f 1192//1821 1202//1821 1191//1821
f 1201//1822 1195//1822 1194//1822
f 1201//1823 1193//1823 1190//1823
f 1196//1824 1202//1824 1192//1824
f 1191//1825 1202//1825 1189//1825
f 1189//1826 1202//1826 1197//1826
f 1201//1827 1194//1827 1193//1827
f 1195//1828 1184//1828 1183//1828
f 1195//1829 1203//1829 1184//1829
f 1203//1830 1012//1830 1018//1830
f 1184//1831 1203//1831 1186//1831
f 1186//1832 1203//1832 1019//1832
f 1019//1833 1203//1833 1018//1833
f 1204//1834 1196//1834 1185//1834
f 1204//1835 1185//1835 1188//1835
f 1204//1836 1188//1836 1020//1836
f 1204//1837 1020//1837 1017//1837
f 1015//1838 1204//1838 1017//1838
f 1185//1839 1196//1839 1187//1839
f 1012//1840 1203//1840 1204//1840
f 1203//1841 1195//1841 1196//1841
f 1015//1065 1012//1065 1204//1065
f 1204//1842 1203//1842 1196//1842
f 1196//1843 1201//1843 1202//1843
f 1195//1844 1201//1844 1196//1844
f 1202//1070 1205//1070 1206//1070
f 1201//1845 1205//1845 1202//1845
f 1198//1245 1200//1245 1166//1245
f 1200//940 1163//940 1166//940
f 1163//1073 1165//1073 1167//1073
f 1199//1370 1200//1370 1198//1370
f 1166//947 1163//947 1167//947
f 1207//948 1208//948 1209//948
f 1209//1375 1210//1375 1197//1375
f 1210//1760 1199//1760 1197//1760
f 1197//1372 1199//1372 1198//1372
f 1208//1570 1210//1570 1209//1570
f 1202//1846 1206//1846 1209//1846
f 1211//1847 1205//1847 1208//1847
f 1206//337 1207//337 1209//337
f 1205//1848 1201//1848 1210//1848
f 1206//337 1212//337 1207//337
f 1208//1847 1205//1847 1210//1847
f 1210//1849 1201//1849 1199//1849
f 1202//1850 1209//1850 1197//1850
f 1213//723 1214//723 1215//723
f 1211//954 1208//954 1207//954
f 1216//953 1217//953 1212//953
f 1212//949 1211//949 1207//949
f 1214//1085 1217//1085 1218//1085
f 1218//1084 1217//1084 1216//1084
f 1215//1082 1214//1082 1218//1082
f 1217//1486 1211//1486 1212//1486
f 1219//971 1213//971 1220//971
f 1221//1851 1219//1851 1220//1851
f 1220//1852 1213//1852 1215//1852
f 1222//1088 1221//1088 1223//1088
f 1224//1086 1221//1086 1220//1086
f 1223//1089 1221//1089 1224//1089
f 1205//1853 1225//1853 1226//1853
f 1206//1854 1226//1854 1212//1854
f 1217//1855 1225//1855 1211//1855
f 1226//1856 1216//1856 1212//1856
f 1226//1857 1225//1857 1227//1857
f 1225//1858 1205//1858 1211//1858
f 1225//1859 1228//1859 1227//1859
f 1206//1090 1205//1090 1226//1090
f 1221//1860 1229//1860 1219//1860
f 1213//1861 1228//1861 1214//1861
f 1219//1862 1228//1862 1213//1862
f 1214//1847 1225//1847 1217//1847
f 1228//1863 1225//1863 1214//1863
f 1229//1864 1228//1864 1219//1864
f 1226//1865 1227//1865 1218//1865
f 1227//1866 1220//1866 1215//1866
f 1230//1867 1224//1867 1220//1867
f 1227//1868 1215//1868 1218//1868
f 1227//1869 1230//1869 1220//1869
f 1226//337 1218//337 1216//337
f 1227//1110 1228//1110 1230//1110
f 1228//1870 1229//1870 1230//1870
f 1231//1871 1170//1871 1232//1871
f 1231//1113 1169//1113 1170//1113
f 1181//1872 1179//1872 1231//1872
f 1180//1873 1182//1873 1232//1873
f 1178//1874 1232//1874 1170//1874
f 1231//1875 1174//1875 1169//1875
f 1179//1847 1174//1847 1231//1847
f 1178//337 1180//337 1232//337
f 1232//1876 1233//1876 1234//1876
f 1182//1877 1233//1877 1232//1877
f 1232//1878 1234//1878 1231//1878
f 1234//1879 1181//1879 1231//1879
f 1235//1681 1236//1681 1237//1681
f 1237//756 1236//756 1238//756
f 1239//966 1235//966 1240//966
f 1240//754 1235//754 1237//754
f 1181//839 1239//839 1241//839
f 1236//755 1242//755 1238//755
f 1241//964 1239//964 1240//964
f 1182//746 1181//746 1241//746
f 1243//1880 1236//1880 1234//1880
f 1239//1881 1181//1881 1234//1881
f 1238//1882 1244//1882 1237//1882
f 1234//1883 1236//1883 1235//1883
f 1182//1884 1241//1884 1233//1884
f 1241//1885 1240//1885 1233//1885
f 1235//1886 1239//1886 1234//1886
f 1243//1887 1242//1887 1236//1887
f 1237//1888 1233//1888 1240//1888
f 1237//1889 1244//1889 1233//1889
f 1244//1134 1245//1134 1243//1134
f 1244//1135 1246//1135 1245//1135
f 1233//1136 1243//1136 1234//1136
f 1233//1137 1244//1137 1243//1137
f 1238//761 1242//761 1247//761
f 1247//1032 1248//1032 1249//1032
f 1250//1028 1222//1028 1249//1028
f 1249//1030 1222//1030 1223//1030
f 1248//1033 1250//1033 1249//1033
f 1242//1027 1248//1027 1247//1027
f 1223//918 1251//918 1249//918
f 1223//1740 1252//1740 1251//1740
f 1224//1890 1252//1890 1223//1890
f 1253//1728 1222//1728 1254//1728
f 1254//903 1222//903 1250//903
f 1253//1891 1221//1891 1222//1891
f 1255//1725 1250//1725 1248//1725
f 1256//1892 1248//1892 1242//1892
f 1238//1893 1257//1893 1244//1893
f 1247//1736 1258//1736 1257//1736
f 1247//1894 1257//1894 1238//1894
f 1255//1723 1248//1723 1256//1723
f 1256//1895 1242//1895 1243//1895
f 1254//1896 1250//1896 1255//1896
f 1249//1737 1258//1737 1247//1737
f 1249//1897 1251//1897 1258//1897
f 1259//1898 1229//1898 1221//1898
f 1224//1899 1260//1899 1252//1899
f 1230//1900 1260//1900 1224//1900
f 1259//1901 1221//1901 1253//1901
f 1230//1902 1261//1902 1262//1902
f 1230//1903 1262//1903 1260//1903
f 1261//1904 1263//1904 1262//1904
f 1262//1163 1264//1163 1260//1163
f 1263//1167 1264//1167 1262//1167
f 1263//1905 1229//1905 1264//1905
f 1264//1906 1229//1906 1259//1906
f 1264//1907 1259//1907 1260//1907
f 1252//659 1253//659 1251//659
f 1255//1672 1256//1672 1257//1672
f 1254//819 1255//819 1251//819
f 1259//1169 1253//1169 1252//1169
f 1260//818 1259//818 1252//818
f 1253//942 1254//942 1251//942
f 1251//821 1255//821 1258//821
f 1258//814 1255//814 1257//814
f 1256//1908 1265//1908 1266//1908
f 1266//1909 1265//1909 1267//1909
f 1257//816 1256//816 1266//816
f 1265//1910 1268//1910 1267//1910
f 1267//1171 1268//1171 1269//1171
f 1268//1388 1270//1388 1269//1388
f 1269//1911 1271//1911 1246//1911
f 1267//337 1269//337 1246//337
f 1266//1912 1267//1912 1246//1912
f 1257//1913 1246//1913 1244//1913
f 1265//1914 1256//1914 1245//1914
f 1245//1915 1256//1915 1243//1915
f 1257//1916 1266//1916 1246//1916
f 1272//1917 1270//1917 1245//1917
f 1270//1847 1268//1847 1245//1847
f 1268//1918 1265//1918 1245//1918
f 1273//1919 1274//1919 1271//1919
f 1269//746 1270//746 1273//746
f 1275//1681 1276//1681 1277//1681
f 1278//1920 1270//1920 1272//1920
f 1278//1680 1275//1680 1274//1680
f 1273//842 1278//842 1274//842
f 1275//1921 1278//1921 1272//1921
f 1274//754 1275//754 1277//754
f 1270//839 1278//839 1273//839
f 1269//1922 1273//1922 1271//1922
f 1279//1923 1275//1923 1272//1923
f 1279//1924 1276//1924 1275//1924
f 1277//1925 1280//1925 1274//1925
f 1274//1926 1280//1926 1271//1926
f 1271//1189 1279//1189 1272//1189
f 1271//1188 1280//1188 1279//1188
f 1246//1190 1272//1190 1245//1190
f 1246//1191 1271//1191 1272//1191
f 1230//1927 1229//1927 1281//1927
f 1281//1198 1282//1198 1283//1198
f 1229//1928 1282//1928 1281//1928
f 1284//1199 1285//1199 1286//1199
f 1283//1195 1284//1195 1286//1195
f 1282//1197 1284//1197 1283//1197
f 1287//1929 1288//1929 1289//1929
f 1286//1202 1285//1202 1290//1202
f 1291//1930 1292//1930 1290//1930
f 1290//1200 1288//1200 1291//1200
f 1287//1931 1293//1931 1288//1931
f 1285//1204 1288//1204 1290//1204
f 1288//1201 1293//1201 1291//1201
f 1113//1932 1294//1932 1108//1932
f 1295//1208 1296//1208 1294//1208
f 1297//1209 1296//1209 1295//1209
f 1294//1933 1106//1933 1108//1933
f 1296//1934 1114//1934 1106//1934
f 1296//718 1106//718 1294//718
f 1127//1935 1295//1935 1294//1935
f 1297//1849 1130//1849 1128//1849
f 1129//1936 1298//1936 1295//1936
f 1126//1937 1114//1937 1296//1937
f 1113//1938 1125//1938 1294//1938
f 1128//1847 1126//1847 1296//1847
f 1299//1939 1130//1939 1297//1939
f 1297//1940 1128//1940 1296//1940
f 1125//337 1127//337 1294//337
f 1129//1850 1295//1850 1127//1850
f 1300//1941 1301//1941 1302//1941
f 1299//1942 1297//1942 1303//1942
f 1303//1827 1297//1827 1304//1827
f 1300//1943 1304//1943 1301//1943
f 1304//1944 1297//1944 1301//1944
f 1305//1228 1297//1228 1295//1228
f 1301//1230 1297//1230 1305//1230
f 1305//1945 1306//1945 1307//1945
f 1308//1946 1306//1946 1305//1946
f 1295//1947 1308//1947 1305//1947
f 1295//1821 1309//1821 1308//1821
f 1295//1948 1298//1948 1309//1948
f 1310//1949 1130//1949 1299//1949
f 1310//1950 1131//1950 1130//1950
f 1311//1951 1132//1951 1131//1951
f 1312//1952 1142//1952 1135//1952
f 1313//1953 1132//1953 1311//1953
f 1312//1954 1135//1954 1313//1954
f 1311//1955 1131//1955 1310//1955
f 1313//1956 1135//1956 1132//1956
f 1133//1957 1314//1957 1134//1957
f 1133//1958 1315//1958 1314//1958
f 1129//1959 1316//1959 1298//1959
f 1136//1960 1315//1960 1133//1960
f 1136//1961 1317//1961 1315//1961
f 1134//1962 1314//1962 1316//1962
f 1134//1963 1316//1963 1129//1963
f 1141//1964 1317//1964 1136//1964
f 1314//826 1311//826 1316//826
f 1315//671 1313//671 1314//671
f 1303//691 1304//691 1308//691
f 1313//1569 1311//1569 1314//1569
f 1316//941 1310//941 1298//941
f 1310//1965 1299//1965 1298//1965
f 1311//825 1310//825 1316//825
f 1298//1966 1299//1966 1309//1966
f 1309//661 1303//661 1308//661
f 1299//1967 1303//1967 1309//1967
f 1318//1968 1319//1968 1320//1968
f 1321//1969 1322//1969 1320//1969
f 1302//1829 1301//1829 1320//1829
f 1319//1970 1321//1970 1320//1970
f 1323//1971 1319//1971 1318//1971
f 1322//1972 1302//1972 1320//1972
f 1324//1973 1325//1973 1326//1973
f 1325//1974 1327//1974 1328//1974
f 1329//1975 1324//1975 1326//1975
f 1307//1976 1329//1976 1326//1976
f 1305//1834 1307//1834 1326//1834
f 1328//1259 1318//1259 1326//1259
f 1326//1977 1320//1977 1305//1977
f 1320//1257 1301//1257 1305//1257
f 1325//1978 1328//1978 1326//1978
f 1318//1979 1320//1979 1326//1979
f 1330//1980 1318//1980 1331//1980
f 1331//1981 1318//1981 1293//1981
f 1331//1982 1293//1982 1332//1982
f 1332//1983 1293//1983 1287//1983
f 1328//1984 1333//1984 1334//1984
f 1293//1270 1318//1270 1291//1270
f 1291//1985 1334//1985 1335//1985
f 1328//1986 1334//1986 1291//1986
f 1291//1987 1335//1987 1336//1987
f 1291//1988 1336//1988 1292//1988
f 1291//1269 1318//1269 1328//1269
f 1330//1989 1323//1989 1318//1989
f 1327//1990 1333//1990 1328//1990
f 1308//817 1304//817 1306//817
f 1329//699 1322//699 1324//699
f 1304//660 1300//660 1306//660
f 1306//991 1302//991 1307//991
f 1302//696 1322//696 1329//696
f 1322//934 1321//934 1324//934
f 1300//990 1302//990 1306//990
f 1307//697 1302//697 1329//697
f 1337//1785 1338//1785 1339//1785
f 1325//1589 1319//1589 1327//1589
f 1327//960 1323//960 1340//960
f 1324//965 1321//965 1325//965
f 1319//1588 1323//1588 1327//1588
f 1321//967 1319//967 1325//967
f 1323//992 1337//992 1340//992
f 1340//994 1337//994 1339//994
f 1341//848 1342//848 1343//848
f 1339//837 1338//837 1344//837
f 1345//845 1342//845 1341//845
f 1344//846 1345//846 1341//846
f 1342//757 1346//757 1343//757
f 1338//1624 1345//1624 1344//1624
f 1337//1991 1323//1991 1347//1991
f 1347//1992 1323//1992 1330//1992
f 1338//1993 1337//1993 1348//1993
f 1348//1994 1337//1994 1347//1994
f 1349//1995 1338//1995 1348//1995
f 1350//1996 1342//1996 1351//1996
f 1351//1997 1342//1997 1345//1997
f 1352//1998 1346//1998 1350//1998
f 1350//1999 1346//1999 1342//1999
f 1349//2000 1345//2000 1338//2000
f 1351//2001 1345//2001 1349//2001
f 1339//2002 1353//2002 1354//2002
f 1340//2003 1354//2003 1355//2003
f 1340//2004 1339//2004 1354//2004
f 1327//2005 1340//2005 1355//2005
f 1327//2006 1355//2006 1333//2006
f 1344//2007 1356//2007 1353//2007
f 1341//2008 1357//2008 1356//2008
f 1341//2009 1356//2009 1344//2009
f 1344//2010 1353//2010 1339//2010
f 1343//2011 1358//2011 1357//2011
f 1343//2012 1357//2012 1341//2012
f 1359//2013 1282//2013 1263//2013
f 1360//2014 1282//2014 1359//2014
f 1282//2015 1229//2015 1263//2015
f 1230//2016 1281//2016 1261//2016
f 1281//2017 1361//2017 1261//2017
f 1281//2018 1362//2018 1361//2018
f 1363//1309 1364//1309 1365//1309
f 1359//712 1263//712 1261//712
f 1360//2019 1359//2019 1361//2019
f 1362//2020 1360//2020 1361//2020
f 1365//948 1364//948 1362//948
f 1361//1310 1359//1310 1261//1310
f 1364//672 1360//672 1362//672
f 1366//1307 1363//1307 1365//1307
f 1363//2021 1284//2021 1364//2021
f 1364//2022 1284//2022 1360//2022
f 1367//2023 1284//2023 1363//2023
f 1360//2024 1284//2024 1282//2024
f 1368//2025 1285//2025 1367//2025
f 1367//2026 1285//2026 1284//2026
f 1283//2027 1365//2027 1362//2027
f 1286//2028 1369//2028 1283//2028
f 1283//2029 1362//2029 1281//2029
f 1286//2030 1370//2030 1369//2030
f 1283//2031 1366//2031 1365//2031
f 1283//2032 1369//2032 1366//2032
f 1368//1084 1367//1084 1369//1084
f 1371//723 1368//723 1372//723
f 1369//1325 1367//1325 1366//1325
f 1373//728 1371//728 1374//728
f 1374//727 1371//727 1372//727
f 1367//1377 1363//1377 1366//1377
f 1370//718 1368//718 1369//718
f 1372//895 1368//895 1370//895
f 1375//726 1376//726 1374//726
f 1377//722 1376//722 1378//722
f 1379//761 1380//761 1381//761
f 1376//1601 1373//1601 1374//1601
f 1378//724 1376//724 1375//724
f 1382//771 1377//771 1383//771
f 1383//769 1377//769 1378//769
f 1384//775 1382//775 1383//775
f 1380//757 1384//757 1381//757
f 1381//772 1384//772 1383//772
f 1290//2033 1385//2033 1386//2033
f 1290//2034 1386//2034 1286//2034
f 1290//2035 1292//2035 1385//2035
f 1286//2036 1387//2036 1370//2036
f 1286//2037 1386//2037 1387//2037
f 1388//2038 1285//2038 1389//2038
f 1289//2039 1288//2039 1390//2039
f 1390//2040 1288//2040 1388//2040
f 1388//2041 1288//2041 1285//2041
f 1389//2042 1285//2042 1368//2042
f 1371//2043 1391//2043 1368//2043
f 1392//2044 1393//2044 1373//2044
f 1393//2045 1391//2045 1371//2045
f 1391//2046 1389//2046 1368//2046
f 1394//1650 1392//1650 1376//1650
f 1373//2047 1393//2047 1371//2047
f 1376//2048 1392//2048 1373//2048
f 1395//2049 1372//2049 1370//2049
f 1396//2050 1375//2050 1374//2050
f 1395//2051 1397//2051 1372//2051
f 1387//2052 1395//2052 1370//2052
f 1397//2053 1396//2053 1374//2053
f 1397//2054 1374//2054 1372//2054
f 1396//1666 1398//1666 1375//1666
f 1279//2055 1384//2055 1380//2055
f 1378//2056 1399//2056 1383//2056
f 1400//2057 1382//2057 1384//2057
f 1383//2058 1399//2058 1381//2058
f 1381//2059 1280//2059 1379//2059
f 1279//2060 1380//2060 1276//2060
f 1379//2061 1280//2061 1277//2061
f 1277//756 1276//756 1379//756
f 1400//2062 1377//2062 1382//2062
f 1276//755 1380//755 1379//755
f 1401//2063 1377//2063 1400//2063
f 1401//2064 1376//2064 1377//2064
f 1401//2065 1394//2065 1376//2065
f 1398//2066 1402//2066 1375//2066
f 1378//2067 1402//2067 1399//2067
f 1375//2068 1402//2068 1378//2068
f 1400//2069 1384//2069 1279//2069
f 1399//2070 1401//2070 1400//2070
f 1381//2071 1399//2071 1280//2071
f 1399//2072 1402//2072 1401//2072
f 1280//1366 1400//1366 1279//1366
f 1280//2073 1399//2073 1400//2073
f 1292//1368 1289//1368 1385//1368
f 1385//817 1390//817 1386//817
f 1289//823 1390//823 1385//823
f 1389//2074 1391//2074 1395//2074
f 1388//990 1389//990 1386//990
f 1387//1369 1389//1369 1395//1369
f 1386//991 1389//991 1387//991
f 1390//1278 1388//1278 1386//1278
f 1335//941 1332//941 1336//941
f 1334//1372 1331//1372 1335//1372
f 1287//2075 1289//2075 1292//2075
f 1331//946 1332//946 1335//946
f 1336//2076 1287//2076 1292//2076
f 1332//1965 1287//1965 1336//1965
f 1355//1378 1347//1378 1333//1378
f 1348//720 1347//720 1355//720
f 1353//1373 1349//1373 1354//1373
f 1330//1760 1331//1760 1334//1760
f 1354//721 1348//721 1355//721
f 1347//2077 1330//2077 1333//2077
f 1349//2078 1348//2078 1354//2078
f 1333//1375 1330//1375 1334//1375
f 1357//1382 1351//1382 1356//1382
f 1351//1381 1349//1381 1356//1381
f 1350//2079 1351//2079 1357//2079
f 1356//1380 1349//1380 1353//1380
f 1391//2080 1393//2080 1397//2080
f 1393//2081 1392//2081 1396//2081
f 1397//701 1393//701 1396//701
f 1395//2082 1391//2082 1397//2082
f 1392//2083 1394//2083 1398//2083
f 1396//835 1392//835 1398//835
f 1403//994 1404//994 1405//994
f 1398//746 1394//746 1403//746
f 1406//2084 1407//2084 1408//2084
f 1394//1617 1404//1617 1403//1617
f 1404//1785 1406//1785 1405//1785
f 1405//2085 1406//2085 1408//2085
f 1408//2086 1407//2086 1409//2086
f 1410//772 1411//772 1412//772
f 1413//2087 1411//2087 1410//2087
f 1411//775 1414//775 1412//775
f 1407//2088 1413//2088 1409//2088
f 1409//2089 1413//2089 1410//2089
f 1414//1028 1415//1028 1412//1028
f 1416//1813 1415//1813 1417//1813
f 1415//1029 1418//1029 1417//1029
f 1412//972 1415//972 1416//972
f 1358//728 1352//728 1357//728
f 1418//726 1352//726 1417//726
f 1352//893 1350//893 1357//893
f 1417//725 1352//725 1358//725
f 1343//2090 1419//2090 1358//2090
f 1420//2091 1419//2091 1343//2091
f 1421//2092 1419//2092 1420//2092
f 1422//2093 1346//2093 1352//2093
f 1422//2094 1423//2094 1346//2094
f 1422//2095 1424//2095 1423//2095
f 1425//2096 1413//2096 1407//2096
f 1425//2097 1407//2097 1406//2097
f 1425//2098 1406//2098 1401//2098
f 1404//2099 1394//2099 1401//2099
f 1406//2100 1404//2100 1401//2100
f 1398//2101 1403//2101 1402//2101
f 1409//2102 1426//2102 1408//2102
f 1403//2103 1405//2103 1402//2103
f 1405//2104 1426//2104 1402//2104
f 1408//2105 1426//2105 1405//2105
f 1422//2106 1411//2106 1413//2106
f 1422//2107 1413//2107 1425//2107
f 1422//1580 1414//1580 1411//1580
f 1422//2108 1352//2108 1418//2108
f 1422//2109 1415//2109 1414//2109
f 1422//2110 1418//2110 1415//2110
f 1416//2111 1419//2111 1412//2111
f 1409//2112 1419//2112 1426//2112
f 1410//2113 1419//2113 1409//2113
f 1412//1584 1419//1584 1410//1584
f 1358//2114 1419//2114 1417//2114
f 1417//2115 1419//2115 1416//2115
f 1426//2116 1419//2116 1422//2116
f 1426//2117 1422//2117 1425//2117
f 1402//2118 1426//2118 1425//2118
f 1402//2119 1425//2119 1401//2119
f 923//306 928//306 929//306
f 932//2120 373//2120 198//2120
f 375//2121 1427//2121 370//2121
f 377//2122 1427//2122 375//2122
f 377//2123 1428//2123 1427//2123
f 379//2124 1429//2124 377//2124
f 377//2125 1429//2125 1428//2125
f 370//2126 1427//2126 928//2126
f 1430//2127 378//2127 376//2127
f 932//2128 1431//2128 373//2128
f 1432//2129 378//2129 1430//2129
f 1433//2130 373//2130 1431//2130
f 1433//2131 376//2131 374//2131
f 1433//2132 374//2132 373//2132
f 1430//2133 376//2133 1433//2133
f 1046//2134 389//2134 1033//2134
f 1045//2135 389//2135 1046//2135
f 1051//2136 389//2136 1045//2136
f 1054//2137 389//2137 1051//2137
f 1089//2138 389//2138 1054//2138
f 385//2139 1092//2139 1053//2139
f 385//2140 1044//2140 988//2140
f 385//2141 1047//2141 1044//2141
f 385//2142 1053//2142 1052//2142
f 385//2143 1052//2143 1047//2143
f 1117//2144 389//2144 1119//2144
f 1119//2145 389//2145 1115//2145
f 1115//2146 389//2146 1089//2146
f 385//2147 1116//2147 1118//2147
f 385//2148 1118//2148 1120//2148
f 385//2149 1120//2149 1092//2149
f 379//2150 1434//2150 1429//2150
f 380//2151 1434//2151 379//2151
f 1435//2152 378//2152 1432//2152
f 1435//2153 381//2153 378//2153
f 1436//2154 389//2154 1117//2154
f 385//2155 1437//2155 1116//2155
f 1438//2156 1434//2156 382//2156
f 382//2156 1434//2156 380//2156
f 1439//2157 1438//2157 383//2157
f 383//2158 1438//2158 382//2158
f 384//2159 1439//2159 383//2159
f 1440//2160 1439//2160 384//2160
f 1441//2161 1442//2161 388//2161
f 388//2162 1442//2162 387//2162
f 389//2163 1441//2163 388//2163
f 1436//2164 1441//2164 389//2164
f 387//2165 1443//2165 386//2165
f 1442//2166 1443//2166 387//2166
f 1443//2167 1440//2167 386//2167
f 386//2168 1440//2168 384//2168
f 1435//2169 1444//2169 381//2169
f 1445//2170 1446//2170 395//2170
f 1444//2171 1445//2171 395//2171
f 1444//2172 395//2172 393//2172
f 1444//2173 393//2173 381//2173
f 1446//2174 394//2174 395//2174
f 1447//2175 1437//2175 385//2175
f 1448//2176 390//2176 392//2176
f 1448//2177 1447//2177 390//2177
f 1447//2178 385//2178 390//2178
f 1446//2179 391//2179 394//2179
f 1446//2179 1449//2179 391//2179
f 1449//2180 392//2180 391//2180
f 1449//2181 1448//2181 392//2181
f 1450//2182 1142//2182 1312//2182
f 1139//2183 1451//2183 1452//2183
f 1139//2184 1452//2184 1137//2184
f 1137//2185 1452//2185 1453//2185
f 1137//2186 1453//2186 1141//2186
f 1141//2187 1453//2187 1317//2187
f 1450//2188 1138//2188 1142//2188
f 1454//2189 1138//2189 1450//2189
f 1454//2190 1140//2190 1138//2190
f 1454//2191 1450//2191 1453//2191
f 1453//2192 1450//2192 1317//2192
f 1455//729 1456//729 1451//729
f 1451//718 1456//718 1452//718
f 1457//896 1456//896 1455//896
f 1312//1570 1313//1570 1315//1570
f 1456//717 1454//717 1452//717
f 1450//2193 1312//2193 1317//2193
f 1317//668 1312//668 1315//668
f 1452//1484 1454//1484 1453//1484
f 1424//843 1458//843 1421//843
f 1459//726 1458//726 1460//726
f 1421//724 1458//724 1459//724
f 1458//1601 1461//1601 1460//1601
f 1461//728 1457//728 1460//728
f 1423//1028 1424//1028 1420//1028
f 1420//972 1424//972 1421//972
f 1346//1033 1423//1033 1420//1033
f 1460//893 1457//893 1455//893
f 1343//1032 1346//1032 1420//1032
f 1437//2194 1124//2194 1116//2194
f 1437//2195 1123//2195 1124//2195
f 1437//2196 1139//2196 1123//2196
f 1122//2197 1436//2197 1117//2197
f 1121//2198 1436//2198 1122//2198
f 1140//2199 1436//2199 1121//2199
f 1437//2200 1451//2200 1139//2200
f 1456//2201 1436//2201 1454//2201
f 1457//2202 1436//2202 1456//2202
f 1461//2203 1436//2203 1457//2203
f 1458//2204 1436//2204 1461//2204
f 1454//2205 1436//2205 1140//2205
f 1424//2206 1436//2206 1458//2206
f 1422//2207 1436//2207 1424//2207
f 1437//2208 1419//2208 1421//2208
f 1436//2209 1422//2209 1419//2209
f 1437//2210 1436//2210 1419//2210
f 1437//2211 1455//2211 1451//2211
f 1437//2212 1460//2212 1455//2212
f 1437//2213 1435//2213 1440//2213
f 1437//2214 1459//2214 1460//2214
f 1437//2215 1441//2215 1436//2215
f 1437//2216 1442//2216 1441//2216
f 1437//2217 1443//2217 1442//2217
f 1437//2218 1440//2218 1443//2218
f 1435//2219 1439//2219 1440//2219
f 1437//2220 1421//2220 1459//2220
f 69//2221 56//2221 1462//2221
f 1463//2222 69//2222 1462//2222
f 81//2223 1462//2223 56//2223
f 100//2224 1464//2224 99//2224
f 98//2225 99//2225 1462//2225
f 99//2226 1464//2226 1462//2226
f 1463//2227 103//2227 101//2227
f 1463//2228 101//2228 71//2228
f 1463//2229 71//2229 69//2229
f 81//2230 98//2230 1462//2230
f 102//2231 1464//2231 100//2231
f 1463//2222 1462//2222 1464//2222
f 1465//2232 1464//2232 1466//2232
f 1465//2232 1463//2232 1464//2232
f 102//2233 1467//2233 1464//2233
f 1468//2234 103//2234 1463//2234
f 1468//2235 104//2235 103//2235
f 1469//2236 114//2236 1470//2236
f 1470//2237 114//2237 104//2237
f 1469//2238 115//2238 114//2238
f 1470//2239 104//2239 1468//2239
f 1471//2240 115//2240 1469//2240
f 1471//2241 121//2241 115//2241
f 123//2242 1472//2242 112//2242
f 112//2243 1472//2243 1473//2243
f 105//2244 1474//2244 1467//2244
f 112//2245 1473//2245 113//2245
f 113//2246 1473//2246 1474//2246
f 113//2247 1474//2247 105//2247
f 105//2248 1467//2248 102//2248
f 1475//2249 1476//2249 1465//2249
f 1477//2250 1466//2250 1464//2250
f 1467//2251 1477//2251 1464//2251
f 1465//2252 1478//2252 1463//2252
f 1476//2253 1478//2253 1465//2253
f 1478//2254 1468//2254 1463//2254
f 1476//2255 1477//2255 1478//2255
f 1478//2256 1467//2256 1468//2256
f 1477//2256 1467//2256 1478//2256
f 1468//108 1474//108 1470//108
f 1467//108 1474//108 1468//108
f 1479//2257 1480//2257 1475//2257
f 1475//2258 1480//2258 1476//2258
f 1481//2259 1479//2259 1482//2259
f 1483//2260 1481//2260 1482//2260
f 1480//2261 1477//2261 1476//2261
f 1482//2259 1479//2259 1475//2259
f 1484//2262 1485//2262 1486//2262
f 1485//2263 1466//2263 1486//2263
f 1485//2263 1465//2263 1466//2263
f 1479//2264 1486//2264 1466//2264
f 1480//2265 1479//2265 1466//2265
f 1477//2266 1480//2266 1466//2266
f 1485//2267 1475//2267 1465//2267
f 1484//2268 1487//2268 1488//2268
f 1482//2269 1475//2269 1485//2269
f 1489//2270 1487//2270 1484//2270
f 1484//2271 1490//2271 1485//2271
f 1483//2272 1482//2272 1485//2272
f 1484//2273 1488//2273 1490//2273
f 1490//2274 1483//2274 1485//2274
f 1481//2275 1491//2275 1486//2275
f 1490//62 1491//62 1483//62
f 1491//2276 1492//2276 1486//2276
f 1492//62 1491//62 1490//62
f 1491//2260 1481//2260 1483//2260
f 1479//2277 1481//2277 1486//2277
f 1489//2278 1493//2278 1494//2278
f 1489//2279 1484//2279 1493//2279
f 1492//2280 1493//2280 1486//2280
f 1495//2281 1493//2281 1492//2281
f 1496//2282 1494//2282 1493//2282
f 1496//2283 1493//2283 1495//2283
f 1484//2284 1486//2284 1493//2284
f 1497//2285 183//2285 1471//2285
f 1471//2286 183//2286 121//2286
f 1498//2287 1499//2287 1500//2287
f 1499//2288 183//2288 1497//2288
f 1500//2289 1499//2289 1497//2289
f 1501//2290 1502//2290 1503//2290
f 1502//2291 1499//2291 1503//2291
f 1504//2292 1502//2292 1501//2292
f 1503//2293 1499//2293 1498//2293
f 1505//2294 1506//2294 1502//2294
f 1502//2294 1506//2294 1499//2294
f 1504//2295 1507//2295 1502//2295
f 1506//2296 1508//2296 1509//2296
f 1506//2297 1509//2297 1510//2297
f 1511//2298 123//2298 122//2298
f 1511//2299 1510//2299 1472//2299
f 1511//2300 1506//2300 1510//2300
f 1499//2301 1511//2301 183//2301
f 1506//2302 1511//2302 1499//2302
f 1511//2303 1472//2303 123//2303
f 185//2304 1511//2304 122//2304
f 1511//2305 185//2305 183//2305
f 1472//2306 1510//2306 1497//2306
f 1471//114 1472//114 1497//114
f 1474//173 1473//173 1470//173
f 1473//2307 1472//2307 1469//2307
f 1470//2308 1473//2308 1469//2308
f 1469//2309 1472//2309 1471//2309
f 1510//2310 1509//2310 1500//2310
f 1500//2311 1509//2311 1498//2311
f 1508//178 1512//178 1503//178
f 1497//2312 1510//2312 1500//2312
f 1498//2313 1508//2313 1503//2313
f 1509//2314 1508//2314 1498//2314
f 1513//2315 1496//2315 1487//2315
f 1514//2316 1496//2316 1513//2316
f 1495//152 1492//152 1488//152
f 1487//125 1495//125 1488//125
f 1496//149 1495//149 1487//149
f 1488//152 1492//152 1490//152
f 1515//155 1516//155 1517//155
f 1517//2317 1516//2317 1513//2317
f 1518//2318 1519//2318 1515//2318
f 1520//2318 1519//2318 1518//2318
f 1519//154 1516//154 1515//154
f 1516//2319 1514//2319 1513//2319
f 1503//135 1512//135 1501//135
f 1521//2320 1522//2320 1501//2320
f 1501//2320 1522//2320 1504//2320
f 1504//373 1522//373 1523//373
f 1512//135 1521//135 1501//135
f 1523//2321 1507//2321 1504//2321
f 1524//168 1520//168 1518//168
f 1525//168 1520//168 1524//168
f 1526//2322 1525//2322 1524//2322
f 1527//2323 1528//2323 1526//2323
f 1528//2322 1525//2322 1526//2322
f 1529//2324 1527//2324 1530//2324
f 1522//371 1529//371 1523//371
f 1530//2323 1527//2323 1526//2323
f 1523//2325 1529//2325 1530//2325
f 1531//2326 1522//2326 1505//2326
f 1531//2327 1529//2327 1522//2327
f 1506//2328 1505//2328 1512//2328
f 1506//2329 1512//2329 1508//2329
f 1505//2330 1521//2330 1512//2330
f 1505//2331 1522//2331 1521//2331
f 1530//2332 1507//2332 1523//2332
f 1507//2333 1505//2333 1502//2333
f 1532//2334 1507//2334 1530//2334
f 1531//2335 1505//2335 1507//2335
f 1533//2336 1534//2336 1535//2336
f 1533//2337 1535//2337 1536//2337
f 1537//2338 1507//2338 1532//2338
f 1538//2339 1531//2339 1535//2339
f 1535//2340 1531//2340 1507//2340
f 1534//2341 1538//2341 1535//2341
f 1539//2341 1538//2341 1534//2341
f 1537//2342 1535//2342 1507//2342
f 1540//2343 1541//2343 1524//2343
f 1526//2344 1532//2344 1530//2344
f 1541//2345 1532//2345 1526//2345
f 1515//2346 1542//2346 1518//2346
f 1543//2347 1542//2347 1515//2347
f 1524//2348 1541//2348 1526//2348
f 1518//2349 1540//2349 1524//2349
f 1542//2350 1540//2350 1518//2350
f 1544//2351 1528//2351 1527//2351
f 1531//2352 1544//2352 1527//2352
f 1531//2353 1527//2353 1529//2353
f 1538//2354 1545//2354 1546//2354
f 1538//409 1547//409 1545//409
f 1539//2355 1547//2355 1538//2355
f 1538//2356 1546//2356 1531//2356
f 1536//2357 1535//2357 1537//2357
f 1537//529 1545//529 1536//529
f 1536//2309 1547//2309 1533//2309
f 1531//2358 1546//2358 1544//2358
f 1545//2309 1547//2309 1536//2309
f 1489//2359 1513//2359 1487//2359
f 1489//2360 1517//2360 1513//2360
f 1548//2361 1515//2361 1489//2361
f 1489//2362 1515//2362 1517//2362
f 1514//2363 1494//2363 1496//2363
f 1516//2364 1494//2364 1514//2364
f 1519//2365 1549//2365 1494//2365
f 1519//2366 1494//2366 1516//2366
f 1550//2367 1548//2367 1549//2367
f 1550//2368 1549//2368 1551//2368
f 1548//2369 1489//2369 1494//2369
f 1548//2370 1494//2370 1549//2370
f 1552//222 1553//222 1554//222
f 1555//220 1556//220 1557//220
f 1554//222 1553//222 1555//222
f 1553//220 1556//220 1555//220
f 1558//223 1552//223 1559//223
f 1559//125 1552//125 1554//125
f 1557//2371 1560//2371 1543//2371
f 1556//2371 1560//2371 1557//2371
f 1548//2372 1543//2372 1515//2372
f 1557//2373 1543//2373 1548//2373
f 1560//2374 1549//2374 1519//2374
f 1544//2375 1561//2375 1528//2375
f 1562//2376 1519//2376 1520//2376
f 1563//2377 1562//2377 1520//2377
f 1563//2378 1520//2378 1525//2378
f 1561//2379 1525//2379 1528//2379
f 1562//2380 1560//2380 1519//2380
f 1561//2381 1563//2381 1525//2381
f 1541//2382 1544//2382 1532//2382
f 1540//208 1561//208 1541//208
f 1561//2382 1544//2382 1541//2382
f 1532//527 1546//527 1537//527
f 1544//527 1546//527 1532//527
f 1546//530 1545//530 1537//530
f 1543//2383 1562//2383 1542//2383
f 1562//2384 1563//2384 1542//2384
f 1560//2383 1562//2383 1543//2383
f 1542//2384 1563//2384 1540//2384
f 1563//208 1561//208 1540//208
f 1552//2385 1551//2385 1553//2385
f 1556//2386 1551//2386 1549//2386
f 1556//2387 1553//2387 1551//2387
f 1560//2388 1556//2388 1549//2388
f 1555//2389 1557//2389 1550//2389
f 1558//2390 1551//2390 1552//2390
f 1550//2391 1559//2391 1554//2391
f 1550//2392 1557//2392 1548//2392
f 1550//2393 1554//2393 1555//2393
f 1564//2394 1559//2394 1550//2394
f 1564//2395 1551//2395 1565//2395
f 1564//2395 1550//2395 1551//2395
f 1558//2396 1565//2396 1551//2396
f 1566//2397 1567//2397 1568//2397
f 1569//2398 1567//2398 1566//2398
f 1567//2399 1570//2399 1534//2399
f 1568//2400 1534//2400 1571//2400
f 1571//2401 1534//2401 1533//2401
f 1570//2399 1539//2399 1534//2399
f 1568//2402 1567//2402 1534//2402
f 1533//2403 1572//2403 1571//2403
f 1571//541 1572//541 1568//541
f 1573//2311 1574//2311 1566//2311
f 1566//131 1574//131 1569//131
f 1572//539 1573//539 1568//539
f 1547//2404 1572//2404 1533//2404
f 1568//2311 1573//2311 1566//2311
f 1539//2405 1572//2405 1547//2405
f 1539//2406 1573//2406 1572//2406
f 1570//2407 1573//2407 1539//2407
f 1570//2408 1575//2408 1574//2408
f 1570//243 1574//243 1573//243
f 1576//2409 1577//2409 1578//2409
f 1578//2410 1579//2410 1580//2410
f 1577//2411 1579//2411 1578//2411
f 1578//2412 1580//2412 1569//2412
f 1569//2413 1580//2413 1567//2413
f 1581//2414 1582//2414 1575//2414
f 1581//2415 1575//2415 1570//2415
f 1583//2416 1581//2416 1584//2416
f 1584//2417 1581//2417 1580//2417
f 1585//2418 1582//2418 1581//2418
f 1581//2419 1570//2419 1580//2419
f 1580//2420 1570//2420 1567//2420
f 1586//2421 1584//2421 1580//2421
f 1586//2422 1587//2422 1584//2422
f 1587//2423 1588//2423 1584//2423
f 1588//2424 1589//2424 1584//2424
f 1590//2425 1586//2425 1580//2425
f 1591//2426 1589//2426 1588//2426
f 1579//2427 1590//2427 1580//2427
f 1592//2428 310//2428 1593//2428
f 1593//2429 1589//2429 1594//2429
f 1594//2430 1589//2430 1591//2430
f 1593//2431 310//2431 1589//2431
f 1595//2310 1596//2310 1592//2310
f 1593//2312 1595//2312 1592//2312
f 1597//2432 1595//2432 1593//2432
f 1598//2307 1597//2307 1591//2307
f 1591//2309 1597//2309 1594//2309
f 1588//2433 1598//2433 1591//2433
f 1594//531 1597//531 1593//531
f 1599//2434 1600//2434 1601//2434
f 1602//2435 1603//2435 1599//2435
f 1599//2436 1603//2436 1600//2436
f 1604//2437 1577//2437 1576//2437
f 1600//2438 1604//2438 1601//2438
f 1601//2439 1604//2439 1576//2439
f 1605//444 1598//444 1588//444
f 1606//2440 1605//2440 1587//2440
f 1586//2382 1606//2382 1587//2382
f 1607//2261 1608//2261 1590//2261
f 1590//2255 1608//2255 1586//2255
f 1585//2441 1607//2441 1579//2441
f 1587//2440 1605//2440 1588//2440
f 1608//2382 1606//2382 1586//2382
f 1577//2259 1585//2259 1579//2259
f 1579//2442 1607//2442 1590//2442
f 1609//2443 1610//2443 1604//2443
f 1604//2443 1610//2443 1577//2443
f 1611//430 1609//430 1600//430
f 1600//430 1609//430 1604//430
f 1610//2259 1585//2259 1577//2259
f 1612//433 1611//433 1603//433
f 1603//433 1611//433 1600//433
f 1613//139 1614//139 1615//139
f 1614//2444 1616//2444 1615//2444
f 1615//2445 1616//2445 1617//2445
f 1616//149 1612//149 1617//149
f 1617//125 1612//125 1603//125
f 1618//2446 1614//2446 1613//2446
f 1619//2447 1583//2447 1589//2447
f 1589//2447 1583//2447 1584//2447
f 1620//2448 1619//2448 1589//2448
f 312//2449 1620//2449 310//2449
f 310//2450 1620//2450 1589//2450
f 1592//2451 311//2451 310//2451
f 318//2452 341//2452 1620//2452
f 318//2453 1620//2453 312//2453
f 341//2454 1596//2454 1620//2454
f 1606//2455 1608//2455 1583//2455
f 1583//2456 1608//2456 1581//2456
f 1619//2457 1605//2457 1583//2457
f 1605//2458 1606//2458 1583//2458
f 1607//2459 1585//2459 1581//2459
f 1608//2460 1607//2460 1581//2460
f 1619//2461 1595//2461 1597//2461
f 1619//2462 1597//2462 1598//2462
f 1619//2463 1598//2463 1605//2463
f 1620//2464 1596//2464 1595//2464
f 1620//2465 1595//2465 1619//2465
f 1621//224 1558//224 1622//224
f 1622//225 1558//225 1559//225
f 1623//374 1624//374 1625//374
f 1626//376 1623//376 1625//376
f 1624//377 1621//377 1625//377
f 1625//375 1621//375 1622//375
f 1627//2466 1623//2466 1628//2466
f 1629//383 1627//383 1628//383
f 1628//2466 1623//2466 1626//2466
f 1630//383 1627//383 1629//383
f 1602//2467 1631//2467 1629//2467
f 1631//2467 1630//2467 1629//2467
f 1632//2468 1602//2468 1629//2468
f 1574//137 1575//137 1569//137
f 1578//2469 1582//2469 1576//2469
f 1569//546 1575//546 1578//546
f 1575//546 1582//546 1578//546
f 1576//373 1633//373 1601//373
f 1582//2469 1633//2469 1576//2469
f 1599//2323 1634//2323 1602//2323
f 1635//2470 1634//2470 1601//2470
f 1633//373 1635//373 1601//373
f 1601//2470 1634//2470 1599//2470
f 1634//2323 1631//2323 1602//2323
f 1609//2471 1635//2471 1633//2471
f 1610//2472 1609//2472 1633//2472
f 1610//2473 1633//2473 1582//2473
f 1585//2474 1610//2474 1582//2474
f 1624//2475 1636//2475 1565//2475
f 1624//2476 1565//2476 1621//2476
f 1621//2477 1565//2477 1558//2477
f 1637//2478 1626//2478 1625//2478
f 1565//2479 1637//2479 1564//2479
f 1565//2479 1636//2479 1637//2479
f 1564//2480 1622//2480 1559//2480
f 1637//2481 1625//2481 1564//2481
f 1623//2482 1636//2482 1624//2482
f 1564//2483 1625//2483 1622//2483
f 1627//2484 1636//2484 1623//2484
f 1637//2485 1628//2485 1626//2485
f 1631//2486 1638//2486 1630//2486
f 1630//2487 1636//2487 1627//2487
f 1638//2488 1636//2488 1630//2488
f 1637//2489 1629//2489 1628//2489
f 1637//2490 1632//2490 1629//2490
f 1612//2491 1631//2491 1634//2491
f 1632//2492 1603//2492 1602//2492
f 1612//2493 1638//2493 1631//2493
f 1612//2494 1634//2494 1611//2494
f 1609//2495 1611//2495 1635//2495
f 1611//2496 1634//2496 1635//2496
f 1639//2497 1613//2497 1615//2497
f 1612//2498 1640//2498 1638//2498
f 1639//2499 1615//2499 1617//2499
f 1618//2500 1640//2500 1614//2500
f 1614//2501 1640//2501 1616//2501
f 1616//2502 1640//2502 1612//2502
f 1639//2503 1617//2503 1603//2503
f 1639//2504 1603//2504 1632//2504
f 1636//2505 1638//2505 1632//2505
f 1636//2506 1632//2506 1637//2506
f 1638//2507 1640//2507 1639//2507
f 1638//2508 1639//2508 1632//2508
f 1641//2509 345//2509 1642//2509
f 1643//2510 346//2510 1641//2510
f 1641//2511 346//2511 345//2511
f 1643//2512 358//2512 346//2512
f 1644//446 1645//446 1641//446
f 1643//2513 1646//2513 1647//2513
f 1645//2514 1646//2514 1643//2514
f 1592//2311 1596//2311 1642//2311
f 1642//2515 1644//2515 1641//2515
f 1641//2514 1645//2514 1643//2514
f 1596//2314 1644//2314 1642//2314
f 1648//371 1649//371 1650//371
f 1650//2516 1649//2516 1651//2516
f 1649//2517 1652//2517 1651//2517
f 1646//2513 1648//2513 1647//2513
f 1647//373 1648//373 1650//373
f 1651//2518 1653//2518 1650//2518
f 1650//2519 1653//2519 1647//2519
f 1642//2520 342//2520 1592//2520
f 344//2521 1644//2521 343//2521
f 1592//2522 342//2522 311//2522
f 1642//2520 345//2520 342//2520
f 344//2523 1645//2523 1644//2523
f 343//2524 1596//2524 341//2524
f 343//2525 1644//2525 1596//2525
f 347//2526 1646//2526 1645//2526
f 355//2527 1646//2527 347//2527
f 347//2528 1645//2528 344//2528
f 1654//2529 1646//2529 355//2529
f 1655//2530 360//2530 357//2530
f 1655//2531 357//2531 358//2531
f 1655//2532 366//2532 360//2532
f 1643//2533 1655//2533 358//2533
f 367//2534 1654//2534 359//2534
f 367//2535 359//2535 361//2535
f 359//2536 1654//2536 356//2536
f 356//2537 1654//2537 355//2537
f 1654//2538 366//2538 1655//2538
f 1654//2538 367//2538 366//2538
f 367//2539 361//2539 364//2539
f 328//2540 367//2540 364//2540
f 1656//2541 1655//2541 1653//2541
f 1656//2541 1654//2541 1655//2541
f 1647//2542 1655//2542 1643//2542
f 1653//2543 1655//2543 1647//2543
f 1654//2544 1656//2544 1648//2544
f 1654//2545 1648//2545 1646//2545
f 1657//2546 1658//2546 1613//2546
f 1658//155 1618//155 1613//155
f 1651//2323 1659//2323 1660//2323
f 1652//2323 1659//2323 1651//2323
f 1659//2547 1661//2547 1662//2547
f 1663//2548 1664//2548 1658//2548
f 1661//498 1663//498 1662//498
f 1664//154 1618//154 1658//154
f 1660//2547 1659//2547 1662//2547
f 1662//498 1663//498 1665//498
f 1665//2548 1663//2548 1658//2548
f 1657//2549 1666//2549 1665//2549
f 1665//2550 1666//2550 1662//2550
f 1662//2551 1666//2551 1660//2551
f 1667//2552 1663//2552 1661//2552
f 1657//2553 1665//2553 1658//2553
f 1667//2554 1661//2554 1659//2554
f 1657//2555 1613//2555 1639//2555
f 1667//2556 1668//2556 1663//2556
f 1663//2557 1668//2557 1664//2557
f 1664//2558 1668//2558 1618//2558
f 1618//2559 1668//2559 1640//2559
f 1640//2560 1657//2560 1639//2560
f 1640//2561 1668//2561 1657//2561
f 1667//2562 1659//2562 1652//2562
f 1656//2563 1652//2563 1649//2563
f 1667//2564 1653//2564 1666//2564
f 1667//2564 1656//2564 1653//2564
f 1668//2565 1666//2565 1657//2565
f 1668//2566 1667//2566 1666//2566
f 1656//2567 1649//2567 1648//2567
f 1656//2568 1667//2568 1652//2568
f 1660//2569 1666//2569 1651//2569
f 1666//2570 1653//2570 1651//2570
f 896//2571 895//2571 898//2571
f 898//2572 895//2572 891//2572
f 891//2573 895//2573 894//2573
f 891//2574 894//2574 892//2574
f 892//2575 894//2575 893//2575
f 897//2576 896//2576 898//2576
f 906//2577 898//2577 905//2577
f 905//2578 898//2578 904//2578
f 904//2579 898//2579 903//2579
f 906//2580 905//2580 907//2580
f 927//2581 906//2581 920//2581
f 922//2582 925//2582 921//2582
f 920//2581 906//2581 907//2581
f 924//2583 925//2583 922//2583
f 921//2584 927//2584 920//2584
f 925//2585 927//2585 921//2585
f 1669//2586 1670//2586 1671//2586
f 1672//2587 1670//2587 1669//2587
f 1671//2588 1673//2588 931//2588
f 926//2589 924//2589 923//2589
f 923//2589 924//2589 922//2589
f 1673//2590 926//2590 931//2590
f 931//2590 926//2590 923//2590
f 1670//2591 1673//2591 1671//2591
f 1674//2592 1672//2592 1669//2592
f 931//2593 930//2593 1671//2593
f 1675//2594 1676//2594 1671//2594
f 1671//2595 1676//2595 1669//2595
f 932//2596 926//2596 1673//2596
f 1677//2597 1678//2597 1673//2597
f 1677//2598 1673//2598 1670//2598
f 1677//2599 1670//2599 1672//2599
f 1679//2600 1677//2600 1672//2600
f 1680//2601 1672//2601 1674//2601
f 1680//2602 1679//2602 1672//2602
f 1674//2603 1669//2603 1681//2603
f 1682//2604 1674//2604 1681//2604
f 1683//2605 1682//2605 1681//2605
f 1684//2606 1683//2606 1681//2606
f 1685//2607 1686//2607 1687//2607
f 1681//2608 1687//2608 1684//2608
f 1685//2609 1687//2609 1681//2609
f 1688//2610 1685//2610 1681//2610
f 1688//2611 1681//2611 1689//2611
f 1689//2612 1681//2612 1690//2612
f 1690//2613 1681//2613 1691//2613
f 1692//2614 1688//2614 1689//2614
f 1689//2615 1690//2615 1693//2615
f 1669//2616 1676//2616 1681//2616
f 1676//2617 1694//2617 1681//2617
f 1695//2618 1680//2618 1674//2618
f 1696//2619 1695//2619 1683//2619
f 1682//2620 1695//2620 1674//2620
f 1683//2621 1695//2621 1682//2621
f 1697//2622 1696//2622 1683//2622
f 1698//2623 1697//2623 1684//2623
f 1684//2624 1697//2624 1683//2624
f 1686//2625 1699//2625 1687//2625
f 1687//2626 1698//2626 1684//2626
f 1699//2627 1698//2627 1687//2627
f 1700//2628 1701//2628 1690//2628
f 1701//2629 1702//2629 1689//2629
f 1701//2630 1689//2630 1693//2630
f 1701//2631 1693//2631 1690//2631
f 1694//2632 1703//2632 1691//2632
f 1694//2633 1691//2633 1681//2633
f 1703//2634 1700//2634 1690//2634
f 1703//2635 1690//2635 1691//2635
f 1704//2636 1688//2636 1692//2636
f 1705//2637 1685//2637 1688//2637
f 1704//2638 1705//2638 1688//2638
f 1705//2639 1706//2639 1685//2639
f 1702//2640 1692//2640 1689//2640
f 1702//2641 1704//2641 1692//2641
f 1685//2642 1707//2642 1686//2642
f 1685//2643 1708//2643 1707//2643
f 1685//2644 1709//2644 1708//2644
f 1710//2645 1708//2645 1711//2645
f 1685//2646 1712//2646 1709//2646
f 1713//2647 1708//2647 1710//2647
f 1711//2648 1708//2648 1714//2648
f 1685//2649 1715//2649 1712//2649
f 1685//2650 1716//2650 1715//2650
f 1685//2651 1717//2651 1716//2651
f 1685//2652 1718//2652 1719//2652
f 1720//2653 1708//2653 1713//2653
f 1685//2654 1719//2654 1717//2654
f 1721//2655 1708//2655 1722//2655
f 1722//2656 1708//2656 1720//2656
f 1685//2657 1723//2657 1718//2657
f 1685//2658 1724//2658 1725//2658
f 1685//2659 1725//2659 1726//2659
f 1727//2660 1708//2660 1721//2660
f 1728//2661 1708//2661 1729//2661
f 1729//2662 1708//2662 1730//2662
f 1730//2663 1708//2663 1727//2663
f 1685//2664 1726//2664 1723//2664
f 1731//2665 1732//2665 1707//2665
f 1706//2666 1724//2666 1685//2666
f 1732//2667 1699//2667 1686//2667
f 1728//2668 1731//2668 1708//2668
f 1708//2669 1731//2669 1707//2669
f 1707//2670 1732//2670 1686//2670
f 1709//2671 1714//2671 1708//2671
f 1733//2672 1734//2672 1735//2672
f 1736//2673 1734//2673 1733//2673
f 1735//2674 1737//2674 1711//2674
f 1734//2675 1737//2675 1735//2675
f 1711//2676 1712//2676 1710//2676
f 1737//2677 1712//2677 1711//2677
f 1712//2676 1715//2676 1710//2676
f 1710//2678 1716//2678 1713//2678
f 1738//2673 1736//2673 1733//2673
f 1715//2678 1716//2678 1710//2678
f 1733//2679 1735//2679 1714//2679
f 1737//2680 1734//2680 1709//2680
f 1735//2681 1711//2681 1714//2681
f 1734//2682 1739//2682 1709//2682
f 1740//2683 1733//2683 1714//2683
f 1712//2684 1737//2684 1709//2684
f 1741//2685 1740//2685 1714//2685
f 1742//2686 1743//2686 1714//2686
f 1743//2687 1744//2687 1714//2687
f 1744//2688 1745//2688 1714//2688
f 1746//2689 1741//2689 1714//2689
f 1745//2690 1746//2690 1714//2690
f 1742//2691 1714//2691 1709//2691
f 1747//2692 1748//2692 1709//2692
f 1749//2693 1747//2693 1709//2693
f 1739//2694 1749//2694 1709//2694
f 1750//2695 1751//2695 1709//2695
f 1748//2696 1750//2696 1709//2696
f 1752//2697 1753//2697 1754//2697
f 1754//2698 1753//2698 1738//2698
f 1755//2697 1752//2697 1754//2697
f 1753//2698 1736//2698 1738//2698
f 1738//2699 1733//2699 1756//2699
f 1757//2700 1754//2700 1758//2700
f 1755//2701 1754//2701 1757//2701
f 1759//2702 1760//2702 1761//2702
f 1761//2703 1755//2703 1757//2703
f 1754//2704 1738//2704 1758//2704
f 1761//2705 1760//2705 1755//2705
f 1759//2706 1762//2706 1760//2706
f 1763//2707 1762//2707 1759//2707
f 1756//2708 1733//2708 1740//2708
f 1758//2709 1738//2709 1756//2709
f 1752//2710 1764//2710 1765//2710
f 1766//2711 1767//2711 1764//2711
f 1766//2712 1764//2712 1752//2712
f 1753//2713 1752//2713 1765//2713
f 1753//2714 1765//2714 1768//2714
f 1736//2715 1768//2715 1769//2715
f 1736//2716 1753//2716 1768//2716
f 1770//2717 1767//2717 1766//2717
f 1734//2718 1769//2718 1739//2718
f 1734//2719 1736//2719 1769//2719
f 1741//2678 1749//2678 1740//2678
f 1746//2720 1749//2720 1741//2720
f 1747//2720 1749//2720 1746//2720
f 1749//2678 1739//2678 1740//2678
f 1740//2721 1769//2721 1756//2721
f 1739//2721 1769//2721 1740//2721
f 1745//2677 1747//2677 1746//2677
f 1769//2722 1768//2722 1756//2722
f 1758//2723 1765//2723 1757//2723
f 1768//2723 1765//2723 1758//2723
f 1756//2722 1768//2722 1758//2722
f 1748//2677 1747//2677 1745//2677
f 1750//2724 1748//2724 1745//2724
f 1751//2673 1750//2673 1744//2673
f 1744//2724 1750//2724 1745//2724
f 1771//2725 1751//2725 1743//2725
f 1743//2673 1751//2673 1744//2673
f 1772//2725 1771//2725 1743//2725
f 1773//2726 1774//2726 1775//2726
f 1776//2727 1777//2727 1763//2727
f 1765//2728 1764//2728 1757//2728
f 1757//2728 1764//2728 1761//2728
f 1761//2729 1767//2729 1759//2729
f 1763//2727 1777//2727 1773//2727
f 1767//2730 1776//2730 1759//2730
f 1777//2726 1774//2726 1773//2726
f 1764//2729 1767//2729 1761//2729
f 1759//2730 1776//2730 1763//2730
f 1778//2731 1779//2731 1780//2731
f 1781//2732 1782//2732 1783//2732
f 1779//2732 1782//2732 1781//2732
f 1780//2731 1779//2731 1781//2731
f 1783//2733 1784//2733 1785//2733
f 1774//2734 1778//2734 1775//2734
f 1782//2733 1784//2733 1783//2733
f 1775//2734 1778//2734 1780//2734
f 1770//2735 1776//2735 1767//2735
f 1713//2721 1717//2721 1720//2721
f 1717//2736 1719//2736 1720//2736
f 1719//2723 1718//2723 1721//2723
f 1720//2736 1719//2736 1722//2736
f 1722//2723 1719//2723 1721//2723
f 1716//2721 1717//2721 1713//2721
f 1786//2737 1787//2737 1788//2737
f 1721//2728 1789//2728 1786//2728
f 1718//2728 1789//2728 1721//2728
f 1789//2737 1787//2737 1786//2737
f 1788//2738 1790//2738 1791//2738
f 1787//2738 1790//2738 1788//2738
f 1791//2727 1792//2727 1793//2727
f 1790//2727 1792//2727 1791//2727
f 1794//2739 1787//2739 1789//2739
f 1795//2740 1789//2740 1718//2740
f 1788//2741 1796//2741 1786//2741
f 1786//2742 1797//2742 1721//2742
f 1766//2743 1752//2743 1755//2743
f 1762//2744 1770//2744 1760//2744
f 1798//2745 1770//2745 1762//2745
f 1799//2745 1798//2745 1762//2745
f 1770//2744 1766//2744 1760//2744
f 1760//2743 1766//2743 1755//2743
f 1800//2746 1801//2746 1802//2746
f 1803//2746 1801//2746 1800//2746
f 1801//2747 1798//2747 1799//2747
f 1804//2748 1803//2748 1800//2748
f 1805//2748 1803//2748 1804//2748
f 1802//2747 1801//2747 1799//2747
f 1804//2749 1806//2749 1807//2749
f 1806//2750 1808//2750 1807//2750
f 1808//2751 1809//2751 1810//2751
f 1810//2752 1809//2752 1811//2752
f 1806//2753 1809//2753 1808//2753
f 1793//2754 1812//2754 1813//2754
f 1810//2755 1814//2755 1808//2755
f 1792//2754 1812//2754 1793//2754
f 1815//2756 1816//2756 1811//2756
f 1811//2757 1816//2757 1810//2757
f 1812//2758 1815//2758 1813//2758
f 1813//2759 1815//2759 1811//2759
f 1816//2755 1814//2755 1810//2755
f 1817//2760 1805//2760 1807//2760
f 1808//2761 1817//2761 1807//2761
f 1814//2761 1817//2761 1808//2761
f 1818//2762 1814//2762 1816//2762
f 1807//2760 1805//2760 1804//2760
f 1818//2763 1816//2763 1815//2763
f 1819//2764 1820//2764 1793//2764
f 1797//2765 1727//2765 1721//2765
f 1793//2766 1820//2766 1791//2766
f 1796//2767 1797//2767 1786//2767
f 1811//2768 1821//2768 1813//2768
f 1821//2769 1819//2769 1813//2769
f 1822//197 1796//197 1788//197
f 1791//2770 1822//2770 1788//2770
f 1813//2771 1819//2771 1793//2771
f 1820//2772 1822//2772 1791//2772
f 1794//2773 1823//2773 1787//2773
f 1723//2774 1795//2774 1718//2774
f 1795//2775 1794//2775 1789//2775
f 1823//2776 1790//2776 1787//2776
f 1823//2777 1824//2777 1790//2777
f 1795//2778 1723//2778 1797//2778
f 1797//2778 1723//2778 1727//2778
f 1794//2779 1795//2779 1796//2779
f 1796//2779 1795//2779 1797//2779
f 1727//2780 1726//2780 1730//2780
f 1723//2780 1726//2780 1727//2780
f 1823//2781 1794//2781 1822//2781
f 1822//2781 1794//2781 1796//2781
f 1730//2736 1725//2736 1729//2736
f 1726//2736 1725//2736 1730//2736
f 1725//2782 1724//2782 1728//2782
f 1729//2782 1725//2782 1728//2782
f 1825//2783 1826//2783 1819//2783
f 1820//2784 1824//2784 1822//2784
f 1827//2785 1828//2785 1829//2785
f 1824//2786 1823//2786 1822//2786
f 1821//2783 1825//2783 1819//2783
f 1826//2787 1824//2787 1820//2787
f 1830//2785 1827//2785 1829//2785
f 1829//2788 1828//2788 1821//2788
f 1828//2788 1825//2788 1821//2788
f 1819//2789 1826//2789 1820//2789
f 1831//2790 1827//2790 1830//2790
f 1832//2791 1831//2791 1830//2791
f 1833//2792 1831//2792 1832//2792
f 1834//2793 1833//2793 1832//2793
f 1825//2794 1815//2794 1812//2794
f 1825//2795 1818//2795 1815//2795
f 1809//2796 1821//2796 1811//2796
f 1824//2797 1826//2797 1792//2797
f 1824//2798 1792//2798 1790//2798
f 1826//2799 1812//2799 1792//2799
f 1826//2800 1825//2800 1812//2800
f 1835//2801 1834//2801 1832//2801
f 1829//2802 1821//2802 1809//2802
f 1836//2803 1832//2803 1830//2803
f 1835//2804 1832//2804 1836//2804
f 1836//2805 1829//2805 1809//2805
f 1837//2806 1838//2806 1835//2806
f 1836//2807 1830//2807 1829//2807
f 1836//2808 1837//2808 1835//2808
f 1825//2809 1828//2809 1818//2809
f 1833//2810 1838//2810 1831//2810
f 1827//2811 1837//2811 1828//2811
f 1831//2812 1837//2812 1827//2812
f 1828//2813 1837//2813 1818//2813
f 1831//2814 1838//2814 1837//2814
f 1773//2815 1839//2815 1763//2815
f 1840//2816 1839//2816 1773//2816
f 1840//2817 1841//2817 1839//2817
f 1839//2818 1762//2818 1763//2818
f 1842//2819 1840//2819 1781//2819
f 1843//2820 1844//2820 1785//2820
f 1785//2821 1842//2821 1783//2821
f 1775//2822 1840//2822 1773//2822
f 1783//2823 1842//2823 1781//2823
f 1844//2824 1842//2824 1785//2824
f 1781//2825 1840//2825 1780//2825
f 1780//2826 1840//2826 1775//2826
f 1845//2817 1841//2817 1840//2817
f 1842//2827 1845//2827 1840//2827
f 1846//2828 1845//2828 1842//2828
f 1845//2829 1846//2829 1779//2829
f 1847//2830 1799//2830 1839//2830
f 1839//2831 1799//2831 1762//2831
f 1847//2832 1806//2832 1804//2832
f 1839//2833 1848//2833 1847//2833
f 1847//2834 1802//2834 1799//2834
f 1847//2835 1804//2835 1800//2835
f 1847//2836 1800//2836 1802//2836
f 1798//2465 1848//2465 1841//2465
f 1849//2837 1805//2837 1817//2837
f 1805//2838 1848//2838 1803//2838
f 1798//2839 1841//2839 1770//2839
f 1849//2840 1848//2840 1805//2840
f 1770//2841 1841//2841 1776//2841
f 1803//2842 1848//2842 1801//2842
f 1801//2843 1848//2843 1798//2843
f 1814//2844 1849//2844 1817//2844
f 1841//2845 1845//2845 1777//2845
f 1841//2846 1777//2846 1776//2846
f 1845//2847 1778//2847 1774//2847
f 1845//2848 1779//2848 1778//2848
f 1841//2833 1848//2833 1839//2833
f 1845//2849 1774//2849 1777//2849
f 1847//2850 1848//2850 1806//2850
f 1818//2851 1849//2851 1814//2851
f 1818//2852 1837//2852 1836//2852
f 1849//2853 1818//2853 1806//2853
f 1806//2854 1818//2854 1809//2854
f 1809//2855 1818//2855 1836//2855
f 1848//2856 1849//2856 1806//2856
f 1850//2857 1851//2857 1742//2857
f 1851//2858 1772//2858 1742//2858
f 1771//2859 1852//2859 1853//2859
f 1751//2860 1853//2860 1709//2860
f 1850//2861 1854//2861 1851//2861
f 1850//2862 1742//2862 1853//2862
f 1751//2863 1771//2863 1853//2863
f 1742//2864 1709//2864 1853//2864
f 1850//2865 1855//2865 1854//2865
f 1772//2866 1743//2866 1742//2866
f 1850//2867 1853//2867 1856//2867
f 1857//2868 1856//2868 1858//2868
f 1858//2869 1856//2869 1852//2869
f 1852//2870 1856//2870 1853//2870
f 1859//2871 1850//2871 1856//2871
f 1852//2872 1771//2872 1772//2872
f 1860//2873 1855//2873 1850//2873
f 1858//2874 1852//2874 1851//2874
f 1861//2875 1862//2875 1855//2875
f 1855//2876 1857//2876 1854//2876
f 1851//2877 1852//2877 1772//2877
f 1857//2878 1858//2878 1854//2878
f 1854//2743 1858//2743 1851//2743
f 1862//2879 1857//2879 1855//2879
f 1863//2880 1864//2880 1865//2880
f 1866//2881 1843//2881 1867//2881
f 1860//2882 1861//2882 1855//2882
f 1865//2883 1861//2883 1860//2883
f 1865//2884 1864//2884 1861//2884
f 1866//2885 1867//2885 1863//2885
f 1863//2886 1867//2886 1864//2886
f 1843//2887 1868//2887 1867//2887
f 1864//2888 1869//2888 1861//2888
f 1785//2889 1868//2889 1843//2889
f 1784//2890 1868//2890 1785//2890
f 1867//2891 1869//2891 1864//2891
f 1870//2892 1869//2892 1867//2892
f 1869//2893 1862//2893 1861//2893
f 1868//2894 1870//2894 1867//2894
f 1871//2895 1860//2895 1850//2895
f 1872//2896 1873//2896 1859//2896
f 1859//2897 1871//2897 1850//2897
f 1873//2898 1871//2898 1859//2898
f 1873//2899 1874//2899 1871//2899
f 1875//2900 1874//2900 1873//2900
f 1876//2901 1877//2901 1860//2901
f 1860//2902 1877//2902 1865//2902
f 1878//2903 1876//2903 1860//2903
f 1871//2904 1878//2904 1860//2904
f 1872//2905 1875//2905 1873//2905
f 1874//2899 1878//2899 1871//2899
f 1870//2906 1879//2906 1869//2906
f 1869//2907 1879//2907 1877//2907
f 1869//2908 1877//2908 1862//2908
f 1862//2909 1876//2909 1857//2909
f 1862//2910 1877//2910 1876//2910
f 1876//2911 1878//2911 1856//2911
f 1857//2912 1876//2912 1856//2912
f 1868//2913 1880//2913 1870//2913
f 1870//2914 1880//2914 1879//2914
f 1878//2915 1881//2915 1856//2915
f 1859//2871 1856//2871 1881//2871
f 1882//2916 1881//2916 1883//2916
f 1882//2916 1859//2916 1881//2916
f 1884//2917 1885//2917 1882//2917
f 1886//2918 1887//2918 1884//2918
f 1885//2919 1888//2919 1882//2919
f 1886//2920 1884//2920 1882//2920
f 1889//2921 1890//2921 1886//2921
f 1886//2922 1890//2922 1887//2922
f 1882//2923 1872//2923 1859//2923
f 1888//2924 1872//2924 1882//2924
f 1874//2925 1875//2925 1881//2925
f 1875//2926 1891//2926 1883//2926
f 1878//2266 1874//2266 1881//2266
f 1892//2927 1893//2927 1883//2927
f 1891//2928 1892//2928 1883//2928
f 1875//2929 1883//2929 1881//2929
f 1891//2930 1875//2930 1872//2930
f 1892//2931 1891//2931 1888//2931
f 1888//2930 1891//2930 1872//2930
f 1893//2932 1892//2932 1885//2932
f 1884//2933 1893//2933 1885//2933
f 1885//2934 1892//2934 1888//2934
f 1889//2935 1886//2935 1894//2935
f 1889//2936 1894//2936 1895//2936
f 1896//2937 1894//2937 1897//2937
f 1896//2282 1895//2282 1894//2282
f 1886//2938 1882//2938 1883//2938
f 1897//2939 1894//2939 1893//2939
f 1893//2280 1894//2280 1883//2280
f 1886//2940 1883//2940 1894//2940
f 1866//2941 1844//2941 1843//2941
f 1898//2942 1844//2942 1866//2942
f 1899//462 1844//462 1898//462
f 1900//2943 1899//2943 1898//2943
f 1901//2944 1899//2944 1900//2944
f 1902//2945 1899//2945 1903//2945
f 1899//2946 1904//2946 1844//2946
f 1903//2947 1899//2947 1901//2947
f 1905//2948 1902//2948 1903//2948
f 1902//2949 1906//2949 1899//2949
f 1906//2949 1904//2949 1899//2949
f 1846//2950 1907//2950 1784//2950
f 1846//287 1782//287 1779//287
f 1846//2951 1784//2951 1782//2951
f 1907//2952 1880//2952 1868//2952
f 1907//2953 1904//2953 1908//2953
f 1907//2954 1846//2954 1842//2954
f 1907//2955 1908//2955 1880//2955
f 1907//2956 1868//2956 1784//2956
f 1904//2957 1907//2957 1844//2957
f 1844//2958 1907//2958 1842//2958
f 1877//2959 1879//2959 1863//2959
f 1865//2960 1877//2960 1863//2960
f 1866//2961 1880//2961 1898//2961
f 1880//2961 1908//2961 1898//2961
f 1879//2962 1880//2962 1863//2962
f 1863//2963 1880//2963 1866//2963
f 1909//2964 1910//2964 1900//2964
f 1898//2965 1909//2965 1900//2965
f 1900//2966 1910//2966 1901//2966
f 1901//2967 1911//2967 1903//2967
f 1908//2965 1909//2965 1898//2965
f 1910//2968 1911//2968 1901//2968
f 1912//2969 1913//2969 1914//2969
f 1887//2970 1897//2970 1884//2970
f 1915//2971 1913//2971 1912//2971
f 1897//2874 1893//2874 1884//2874
f 1916//2972 1917//2972 1918//2972
f 1918//2973 1902//2973 1905//2973
f 1919//2974 1917//2974 1916//2974
f 1918//2975 1917//2975 1902//2975
f 1905//2976 1920//2976 1918//2976
f 1911//2977 1921//2977 1903//2977
f 1903//2978 1921//2978 1905//2978
f 1921//2979 1920//2979 1905//2979
f 1904//2980 1911//2980 1910//2980
f 1904//2981 1906//2981 1911//2981
f 1904//2982 1910//2982 1909//2982
f 1904//2983 1909//2983 1908//2983
f 1906//2984 1921//2984 1911//2984
f 1906//2985 1920//2985 1921//2985
f 1922//2986 1920//2986 1906//2986
f 1923//2987 1924//2987 1916//2987
f 1916//2988 1924//2988 1919//2988
f 1919//2989 1925//2989 1926//2989
f 1918//2990 1923//2990 1916//2990
f 1927//2991 1915//2991 1912//2991
f 1925//2992 1927//2992 1926//2992
f 1924//2989 1925//2989 1919//2989
f 1928//2993 1927//2993 1912//2993
f 1926//2994 1927//2994 1928//2994
f 1920//2990 1923//2990 1918//2990
f 1922//2995 1923//2995 1920//2995
f 1922//2996 1924//2996 1923//2996
f 1912//2997 1929//2997 1928//2997
f 1929//2998 1930//2998 1928//2998
f 1926//2999 1931//2999 1919//2999
f 1930//3000 1931//3000 1926//3000
f 1928//3001 1930//3001 1926//3001
f 1931//3002 1917//3002 1919//3002
f 1932//3003 1922//3003 1917//3003
f 1922//3004 1906//3004 1902//3004
f 1917//3004 1922//3004 1902//3004
f 1933//3005 1932//3005 1917//3005
f 1922//3006 1934//3006 1924//3006
f 1935//3007 1936//3007 1937//3007
f 1937//3008 1936//3008 1933//3008
f 1938//3009 1933//3009 1917//3009
f 1937//2337 1933//2337 1939//2337
f 1939//3010 1933//3010 1938//3010
f 1938//3011 1917//3011 1931//3011
f 1940//3012 1941//3012 1932//3012
f 1932//407 1942//407 1922//407
f 1940//3013 1943//3013 1941//3013
f 1932//3014 1944//3014 1942//3014
f 1932//3015 1941//3015 1944//3015
f 1940//3016 1932//3016 1933//3016
f 1922//3017 1942//3017 1934//3017
f 1936//3018 1940//3018 1933//3018
f 1945//2875 1896//2875 1890//2875
f 1896//3019 1897//3019 1887//3019
f 1946//2875 1945//2875 1890//2875
f 1913//3020 1947//3020 1914//3020
f 1948//3021 1945//3021 1946//3021
f 1947//3021 1945//3021 1948//3021
f 1914//3022 1947//3022 1948//3022
f 1890//3023 1896//3023 1887//3023
f 1889//3024 1914//3024 1948//3024
f 1945//3025 1895//3025 1896//3025
f 1947//3026 1895//3026 1945//3026
f 1949//3027 1914//3027 1889//3027
f 1913//3028 1895//3028 1947//3028
f 1889//3029 1948//3029 1946//3029
f 1889//3030 1946//3030 1890//3030
f 1950//3031 1913//3031 1915//3031
f 1914//3032 1951//3032 1912//3032
f 1952//3033 1953//3033 1954//3033
f 1952//3033 1949//3033 1953//3033
f 1949//3034 1889//3034 1895//3034
f 1949//3034 1895//3034 1953//3034
f 1913//3035 1953//3035 1895//3035
f 1955//3036 1956//3036 1949//3036
f 1951//3037 1929//3037 1912//3037
f 1956//3038 1951//3038 1914//3038
f 1949//3039 1956//3039 1914//3039
f 1957//3040 1958//3040 1959//3040
f 1958//3041 1960//3041 1959//3041
f 1961//3042 1962//3042 1963//3042
f 1963//3043 1964//3043 1955//3043
f 1962//3044 1964//3044 1963//3044
f 1955//3045 1965//3045 1956//3045
f 1960//3046 1962//3046 1961//3046
f 1965//3045 1966//3045 1956//3045
f 1959//3046 1960//3046 1961//3046
f 1964//3043 1965//3043 1955//3043
f 1934//3047 1967//3047 1925//3047
f 1934//3048 1925//3048 1924//3048
f 1968//3049 1915//3049 1927//3049
f 1967//3050 1927//3050 1925//3050
f 1967//3051 1968//3051 1927//3051
f 1968//3052 1950//3052 1915//3052
f 1950//3053 1966//3053 1913//3053
f 1930//3054 1934//3054 1931//3054
f 1931//3055 1934//3055 1938//3055
f 1939//3056 1941//3056 1937//3056
f 1942//3057 1944//3057 1938//3057
f 1938//3057 1944//3057 1939//3057
f 1944//3058 1941//3058 1939//3058
f 1937//3059 1943//3059 1935//3059
f 1967//3060 1934//3060 1930//3060
f 1934//3061 1942//3061 1938//3061
f 1941//3062 1943//3062 1937//3062
f 1951//3063 1950//3063 1929//3063
f 1956//3064 1950//3064 1951//3064
f 1950//3065 1968//3065 1929//3065
f 1968//3066 1967//3066 1930//3066
f 1929//3067 1968//3067 1930//3067
f 1966//3064 1950//3064 1956//3064
f 1965//3068 1954//3068 1953//3068
f 1966//3069 1953//3069 1913//3069
f 1952//3070 1955//3070 1949//3070
f 1966//3071 1965//3071 1953//3071
f 1969//3072 1959//3072 1952//3072
f 1962//3073 1954//3073 1964//3073
f 1952//3074 1959//3074 1961//3074
f 1952//3075 1961//3075 1963//3075
f 1963//3076 1955//3076 1952//3076
f 1969//3077 1957//3077 1959//3077
f 1965//3078 1964//3078 1954//3078
f 1960//3079 1954//3079 1962//3079
f 1960//3080 1970//3080 1954//3080
f 1958//3081 1970//3081 1960//3081
f 1969//3082 1954//3082 1970//3082
f 1969//3083 1952//3083 1954//3083
f 1678//3084 932//3084 1673//3084
f 930//3085 1675//3085 1671//3085
f 1677//3086 1679//3086 1675//3086
f 1675//3087 1679//3087 1676//3087
f 1678//3088 1677//3088 930//3088
f 930//3089 1677//3089 1675//3089
f 932//3090 1678//3090 930//3090
f 928//3091 932//3091 929//3091
f 929//3090 932//3090 930//3090
f 1431//3091 932//3091 928//3091
f 1433//3092 1431//3092 1427//3092
f 1427//3093 1431//3093 928//3093
f 1430//3094 1433//3094 1428//3094
f 1428//3095 1433//3095 1427//3095
f 1432//3096 1430//3096 1429//3096
f 1429//3096 1430//3096 1428//3096
f 1680//3097 1676//3097 1679//3097
f 1694//3098 1676//3098 1680//3098
f 1706//3099 1694//3099 1697//3099
f 1695//3100 1694//3100 1680//3100
f 1706//3101 1698//3101 1699//3101
f 1706//3102 1697//3102 1698//3102
f 1696//3103 1694//3103 1695//3103
f 1697//3104 1694//3104 1696//3104
f 1701//3105 1703//3105 1694//3105
f 1701//337 1700//337 1703//337
f 1704//337 1702//337 1701//337
f 1706//3106 1705//3106 1704//3106
f 1706//3107 1701//3107 1694//3107
f 1706//3108 1704//3108 1701//3108
f 1706//3109 1699//3109 1732//3109
f 1706//3110 1732//3110 1731//3110
f 1971//3111 1731//3111 1972//3111
f 1972//3112 1731//3112 1973//3112
f 1974//3113 1731//3113 1971//3113
f 1706//3114 1975//3114 1976//3114
f 1706//3115 1977//3115 1975//3115
f 1706//3116 1978//3116 1977//3116
f 1706//3117 1976//3117 1724//3117
f 1973//3118 1731//3118 1728//3118
f 1979//3119 1731//3119 1980//3119
f 1706//3120 1981//3120 1978//3120
f 1706//3121 1982//3121 1981//3121
f 1980//3122 1731//3122 1983//3122
f 1706//3123 1984//3123 1982//3123
f 1983//3124 1731//3124 1974//3124
f 1985//3125 1731//3125 1986//3125
f 1706//3126 1987//3126 1988//3126
f 1986//3127 1731//3127 1989//3127
f 1989//3128 1731//3128 1979//3128
f 1706//3129 1990//3129 1987//3129
f 1990//3130 1706//3130 1731//3130
f 1706//3131 1988//3131 1984//3131
f 1446//3132 1435//3132 1437//3132
f 1446//3133 1444//3133 1435//3133
f 1446//3134 1445//3134 1444//3134
f 1448//3135 1437//3135 1447//3135
f 1435//3136 1432//3136 1434//3136
f 1435//3137 1438//3137 1439//3137
f 1435//3138 1434//3138 1438//3138
f 1434//3139 1432//3139 1429//3139
f 1446//3140 1437//3140 1448//3140
f 1449//3141 1446//3141 1448//3141
f 1724//3142 1976//3142 1728//3142
f 1976//2737 1975//2737 1973//2737
f 1973//2737 1975//2737 1972//2737
f 1728//3142 1976//3142 1973//3142
f 1991//2758 1992//2758 1993//2758
f 1993//2758 1992//2758 1994//2758
f 1995//3143 1991//3143 1996//3143
f 1972//2730 1977//2730 1971//2730
f 1975//2730 1977//2730 1972//2730
f 1996//3143 1991//3143 1993//3143
f 1977//3144 1995//3144 1971//3144
f 1971//3144 1995//3144 1996//3144
f 1997//3145 1833//3145 1998//3145
f 1998//3146 1833//3146 1834//3146
f 1999//3147 1997//3147 2000//3147
f 2000//3148 1997//3148 1998//3148
f 2001//3149 2002//3149 2003//3149
f 2002//3150 1999//3150 2000//3150
f 2004//3151 2005//3151 2006//3151
f 2006//2755 2005//2755 2007//2755
f 2003//3149 2002//3149 2008//3149
f 2007//3152 2005//3152 2003//3152
f 2005//3152 2001//3152 2003//3152
f 1994//3153 2004//3153 2006//3153
f 2008//3150 2002//3150 2000//3150
f 1992//3154 2004//3154 1994//3154
f 2009//3155 2010//3155 2006//3155
f 2006//3156 2010//3156 1994//3156
f 2003//3157 2011//3157 2007//3157
f 1993//3158 2012//3158 1996//3158
f 2010//3159 2013//3159 1994//3159
f 1996//3160 1974//3160 1971//3160
f 1994//386 2013//386 1993//386
f 2014//3161 2011//3161 2003//3161
f 2007//3162 2009//3162 2006//3162
f 2011//3163 2009//3163 2007//3163
f 1978//3164 1995//3164 1977//3164
f 2015//3165 1991//3165 1995//3165
f 2016//3166 1992//3166 1991//3166
f 2016//3167 2017//3167 1992//3167
f 2017//3168 2004//3168 1992//3168
f 1835//3169 1998//3169 1834//3169
f 2018//3170 2008//3170 2000//3170
f 2019//3171 2008//3171 2018//3171
f 2018//3172 1998//3172 1835//3172
f 2018//3173 2000//3173 1998//3173
f 2019//3174 2003//3174 2008//3174
f 1838//3175 2020//3175 1835//3175
f 1835//3176 2020//3176 2018//3176
f 1997//3177 2020//3177 1838//3177
f 1997//3178 1838//3178 1833//3178
f 2002//3179 2021//3179 2020//3179
f 1999//3180 2020//3180 1997//3180
f 2002//3181 2020//3181 1999//3181
f 2001//3182 2021//3182 2002//3182
f 2022//3183 2021//3183 2001//3183
f 2023//3184 2001//3184 2005//3184
f 2023//3185 2022//3185 2001//3185
f 2019//3186 2014//3186 2003//3186
f 2024//3187 2005//3187 2004//3187
f 2024//3188 2023//3188 2005//3188
f 2017//3189 2024//3189 2004//3189
f 1978//3190 2015//3190 1995//3190
f 2012//3191 1974//3191 1996//3191
f 2015//3192 2016//3192 1991//3192
f 2013//3193 2012//3193 1993//3193
f 2009//3194 2017//3194 2010//3194
f 2024//3194 2017//3194 2009//3194
f 2010//3195 2016//3195 2013//3195
f 2017//3195 2016//3195 2010//3195
f 2015//2782 1978//2782 1974//2782
f 2016//2736 2015//2736 2013//2736
f 2013//2736 2015//2736 2012//2736
f 2012//2782 2015//2782 1974//2782
f 1978//2728 1981//2728 1974//2728
f 1982//3196 1984//3196 1980//3196
f 1980//3196 1984//3196 1979//3196
f 1981//2737 1982//2737 1983//2737
f 1983//2737 1982//2737 1980//2737
f 1974//2728 1981//2728 1983//2728
f 2025//3197 2014//3197 2019//3197
f 2026//3198 2025//3198 2019//3198
f 2027//3199 2028//3199 2029//3199
f 2028//3200 2026//3200 2029//3200
f 2029//3201 2026//3201 2019//3201
f 2011//2779 2023//2779 2009//2779
f 2030//2905 2022//2905 2014//2905
f 2026//2673 2031//2673 2025//2673
f 2022//2677 2023//2677 2011//2677
f 2014//2674 2022//2674 2011//2674
f 2023//2779 2024//2779 2009//2779
f 2025//3202 2030//3202 2014//3202
f 2031//2673 2030//2673 2025//2673
f 2022//3203 2030//3203 2021//3203
f 2032//2783 2031//2783 2026//2783
f 2028//2783 2032//2783 2026//2783
f 2027//3204 2033//3204 2028//3204
f 2030//3205 2031//3205 2021//3205
f 2033//3204 2032//3204 2028//3204
f 2034//2793 2035//2793 2036//2793
f 2036//2744 2037//2744 2038//2744
f 2035//2793 2037//2793 2036//2793
f 2038//3206 2039//3206 2027//3206
f 2037//2744 2039//2744 2038//2744
f 2039//3206 2033//3206 2027//3206
f 2040//3207 2041//3207 2042//3207
f 2043//3207 2041//3207 2040//3207
f 2044//2747 2045//2747 2034//2747
f 2042//2746 2045//2746 2044//2746
f 2041//2746 2045//2746 2042//2746
f 2045//2747 2035//2747 2034//2747
f 2046//3208 2044//3208 2047//3208
f 2048//3209 2049//3209 2047//3209
f 2049//3210 2046//3210 2047//3210
f 2050//2821 2049//2821 2048//2821
f 2051//3211 2052//3211 2053//3211
f 2054//478 2052//478 2051//478
f 2053//3212 2055//3212 2048//3212
f 2056//3213 2055//3213 2053//3213
f 2057//3214 2056//3214 2053//3214
f 2052//2822 2057//2822 2053//2822
f 2055//3215 2050//3215 2048//3215
f 2058//3216 2059//3216 2060//3216
f 2047//3217 2060//3217 2048//3217
f 2048//3218 2059//3218 2053//3218
f 2060//3219 2059//3219 2048//3219
f 2061//3220 2062//3220 2029//3220
f 2029//3221 2062//3221 2063//3221
f 2021//3222 2061//3222 2019//3222
f 2019//3223 2061//3223 2029//3223
f 2020//3224 2021//3224 2018//3224
f 2018//3225 2021//3225 2019//3225
f 2031//3226 2061//3226 2021//3226
f 2047//3227 2044//3227 2034//3227
f 2063//3228 2027//3228 2029//3228
f 2062//3229 2064//3229 2063//3229
f 2063//3230 2034//3230 2036//3230
f 2063//3231 2036//3231 2038//3231
f 2063//3229 2064//3229 2047//3229
f 2047//3232 2034//3232 2063//3232
f 2063//3233 2038//3233 2027//3233
f 2035//2300 2064//2300 2062//2300
f 2033//3234 2062//3234 2061//3234
f 2045//3235 2064//3235 2035//3235
f 2045//3236 2065//3236 2064//3236
f 2031//3237 2032//3237 2061//3237
f 2032//3238 2033//3238 2061//3238
f 2039//3239 2062//3239 2033//3239
f 2037//3240 2062//3240 2039//3240
f 2035//3241 2062//3241 2037//3241
f 2065//3242 2066//3242 2064//3242
f 2064//3217 2060//3217 2047//3217
f 2066//3243 2060//3243 2064//3243
f 2066//2951 2067//2951 2060//2951
f 2067//3244 2058//3244 2060//3244
f 1979//3245 1988//3245 1989//3245
f 1984//3245 1988//3245 1979//3245
f 1989//3246 1987//3246 1986//3246
f 1988//3246 1987//3246 1989//3246
f 1986//2759 2068//2759 2069//2759
f 1987//2758 2068//2758 1986//2758
f 2069//3247 2070//3247 2071//3247
f 2068//2988 2070//2988 2069//2988
f 2071//2755 2072//2755 2073//2755
f 2070//2755 2072//2755 2071//2755
f 1990//3248 1731//3248 1985//3248
f 2074//3249 2071//3249 2073//3249
f 2075//3250 2043//3250 2076//3250
f 2073//3251 2075//3251 2076//3251
f 2072//3251 2075//3251 2073//3251
f 2076//3250 2043//3250 2040//3250
f 2077//3252 2042//3252 2044//3252
f 2078//3253 2042//3253 2077//3253
f 2077//3254 2044//3254 2046//3254
f 2074//3255 2073//3255 2079//3255
f 2080//3256 2071//3256 2074//3256
f 2079//3257 2073//3257 2076//3257
f 2081//3258 2040//3258 2078//3258
f 2078//3259 2040//3259 2042//3259
f 2079//3260 2076//3260 2081//3260
f 2081//3261 2076//3261 2040//3261
f 2072//3262 2082//3262 2083//3262
f 2072//3263 2083//3263 2075//3263
f 2075//3264 2083//3264 2084//3264
f 2043//3265 2084//3265 2085//3265
f 2043//3266 2085//3266 2041//3266
f 2070//3267 2082//3267 2072//3267
f 2070//3268 2086//3268 2082//3268
f 2075//3269 2084//3269 2043//3269
f 2041//3270 2085//3270 2087//3270
f 2041//3271 2087//3271 2045//3271
f 1990//3272 2086//3272 2070//3272
f 2068//3273 1990//3273 2070//3273
f 1987//3274 1990//3274 2068//3274
f 2080//3275 1985//3275 2071//3275
f 1985//3276 2069//3276 2071//3276
f 1985//3277 1986//3277 2069//3277
f 2087//2722 2085//2722 2077//2722
f 2077//2722 2085//2722 2078//2722
f 2050//3278 2066//3278 2049//3278
f 2067//3278 2066//3278 2050//3278
f 2049//2778 2065//2778 2046//2778
f 2066//2778 2065//2778 2049//2778
f 2065//2780 2087//2780 2046//2780
f 2046//2780 2087//2780 2077//2780
f 2052//3279 2088//3279 2057//3279
f 2055//2781 2058//2781 2050//2781
f 2088//3279 2089//3279 2057//3279
f 2058//2781 2067//2781 2050//2781
f 2090//3280 2058//3280 2055//3280
f 2056//3280 2090//3280 2055//3280
f 2089//2789 2090//2789 2057//2789
f 2057//2789 2090//2789 2056//2789
f 2081//3142 2083//3142 2079//3142
f 2079//3281 2082//3281 2074//3281
f 2083//3281 2082//3281 2079//3281
f 2074//2730 2086//2730 2080//2730
f 2084//3142 2083//3142 2081//3142
f 2085//2782 2084//2782 2081//2782
f 2078//2782 2085//2782 2081//2782
f 2082//2730 2086//2730 2074//2730
f 2045//3282 2087//3282 2065//3282
f 2091//2755 2092//2755 2093//2755
f 2094//3149 2095//3149 2096//3149
f 2093//3283 2095//3283 2094//3283
f 2092//3283 2095//3283 2093//3283
f 2097//2687 1985//2687 2098//2687
f 2098//3284 1985//3284 2099//3284
f 2099//3285 1985//3285 2080//3285
f 2093//2690 1985//2690 2091//2690
f 2100//3286 1985//3286 2093//3286
f 2091//3287 1985//3287 2097//3287
f 2098//2758 2101//2758 2097//2758
f 2101//3288 2102//3288 2097//3288
f 2097//3288 2102//3288 2091//3288
f 2103//3289 2104//3289 2099//3289
f 2099//3289 2104//3289 2098//3289
f 2104//2758 2101//2758 2098//2758
f 2086//3144 2103//3144 2080//3144
f 2080//3144 2103//3144 2099//3144
f 2102//2755 2092//2755 2091//2755
f 1990//3290 2104//3290 2103//3290
f 1990//3291 2102//3291 2101//3291
f 1990//2695 2101//2695 2104//2695
f 1990//3292 2103//3292 2086//3292
f 2105//3293 2106//3293 2107//3293
f 2107//3294 2106//3294 2108//3294
f 2109//2397 2108//2397 2110//2397
f 2110//3295 1936//3295 1935//3295
f 2110//3296 2108//3296 1936//3296
f 2107//3297 2108//3297 2109//3297
f 2111//3298 2112//3298 2113//3298
f 2114//244 2115//244 2111//244
f 2114//3299 2116//3299 2115//3299
f 2111//3300 1940//3300 2108//3300
f 2108//3301 1940//3301 1936//3301
f 2111//3302 2115//3302 2112//3302
f 2111//3303 2113//3303 1940//3303
f 1940//3304 2113//3304 1943//3304
f 2117//3305 2118//3305 2105//3305
f 2119//3306 2117//3306 2120//3306
f 2120//3307 2117//3307 2105//3307
f 2105//3308 2118//3308 2106//3308
f 2121//3309 2119//3309 2122//3309
f 2122//3310 2119//3310 2120//3310
f 2123//3311 2114//3311 2106//3311
f 2124//3311 2114//3311 2123//3311
f 2125//3312 2116//3312 2114//3312
f 2106//3313 2111//3313 2108//3313
f 2114//3314 2111//3314 2106//3314
f 2126//3315 2127//3315 2123//3315
f 2128//3316 2129//3316 2127//3316
f 2130//3317 2127//3317 2131//3317
f 2131//3318 2127//3318 2126//3318
f 2129//3319 2124//3319 2127//3319
f 2051//3320 2128//3320 2127//3320
f 2127//3319 2124//3319 2123//3319
f 2132//3321 2054//3321 2051//3321
f 2133//3322 2127//3322 2130//3322
f 2133//250 2051//250 2127//250
f 2132//3323 2051//3323 2133//3323
f 2058//3324 2090//3324 2059//3324
f 2088//3325 2134//3325 2128//3325
f 2088//3326 2128//3326 2059//3326
f 2134//3327 2135//3327 2128//3327
f 2128//3328 2136//3328 2129//3328
f 2089//2849 2088//2849 2059//2849
f 2128//3329 2135//3329 2136//3329
f 2090//490 2089//490 2059//490
f 2053//3330 2128//3330 2051//3330
f 2059//3331 2128//3331 2053//3331
f 2137//3054 2138//3054 2139//3054
f 2139//3332 2126//3332 2123//3332
f 2138//3333 2140//3333 2139//3333
f 2141//3334 2137//3334 2106//3334
f 2137//3335 2123//3335 2106//3335
f 2139//3336 2140//3336 2126//3336
f 2118//3337 2141//3337 2106//3337
f 2137//3338 2139//3338 2123//3338
f 2129//3339 2142//3339 2140//3339
f 2140//3340 2138//3340 2124//3340
f 2129//3341 2136//3341 2143//3341
f 2129//3342 2143//3342 2142//3342
f 2138//3343 2144//3343 2124//3343
f 2124//3344 2144//3344 2114//3344
f 2129//3345 2140//3345 2124//3345
f 2118//3346 2125//3346 2141//3346
f 2144//3060 2138//3060 2137//3060
f 2125//3347 2145//3347 2141//3347
f 2145//2899 2144//2899 2141//2899
f 2141//2899 2144//2899 2137//2899
f 2146//3045 2147//3045 2117//3045
f 2121//3348 2148//3348 2119//3348
f 2117//2930 2147//2930 2118//2930
f 2119//3349 2146//3349 2117//3349
f 2148//3350 2146//3350 2119//3350
f 2147//2930 2125//2930 2118//2930
f 2144//3351 2145//3351 2114//3351
f 2145//3352 2125//3352 2114//3352
f 2140//3353 2142//3353 2131//3353
f 2130//3354 2143//3354 2133//3354
f 2131//2963 2143//2963 2130//2963
f 2142//2962 2143//2962 2131//2962
f 2143//3354 2136//3354 2133//3354
f 2126//3355 2140//3355 2131//3355
f 2149//3356 2150//3356 2151//3356
f 2151//3357 2150//3357 2152//3357
f 2135//2964 2149//2964 2132//2964
f 2136//2965 2135//2965 2133//2965
f 2132//2966 2149//2966 2151//2966
f 2133//2965 2135//2965 2132//2965
f 2153//3358 2154//3358 2155//3358
f 2156//3359 2148//3359 2121//3359
f 2157//3360 2156//3360 2121//3360
f 2158//3361 2154//3361 2153//3361
f 2159//3362 2160//3362 2161//3362
f 2162//3362 2160//3362 2159//3362
f 2161//3363 1958//3363 1957//3363
f 2160//3364 1958//3364 2161//3364
f 2163//2989 2164//2989 2165//2989
f 2166//3365 2162//3365 2167//3365
f 2168//3366 2169//3366 2167//3366
f 2164//3367 2169//3367 2165//3367
f 2169//3366 2166//3366 2167//3366
f 2167//3368 2162//3368 2159//3368
f 2165//3367 2169//3367 2168//3367
f 2165//3369 2157//3369 2163//3369
f 2163//3370 2121//3370 2122//3370
f 2170//3371 2157//3371 2165//3371
f 2170//3372 2165//3372 2168//3372
f 1935//3373 2113//3373 2110//3373
f 2110//3374 2112//3374 2109//3374
f 2113//3375 2112//3375 2110//3375
f 2109//3376 2115//3376 2107//3376
f 2112//3376 2115//3376 2109//3376
f 2105//3377 2171//3377 2120//3377
f 1943//3378 2113//3378 1935//3378
f 2115//3379 2116//3379 2107//3379
f 2107//3380 2116//3380 2105//3380
f 2116//3381 2171//3381 2105//3381
f 2171//3382 2172//3382 2120//3382
f 2172//3383 2173//3383 2122//3383
f 2120//3384 2172//3384 2122//3384
f 2173//2989 2164//2989 2163//2989
f 2122//3385 2173//3385 2163//3385
f 2156//3386 2164//3386 2173//3386
f 2146//3387 2148//3387 2172//3387
f 2147//3388 2146//3388 2171//3388
f 2147//3389 2171//3389 2116//3389
f 2146//3390 2172//3390 2171//3390
f 2125//3391 2147//3391 2116//3391
f 2148//3392 2173//3392 2172//3392
f 2174//3393 2168//3393 2167//3393
f 2174//3394 2167//3394 2159//3394
f 2162//3395 2175//3395 2160//3395
f 2174//3396 2159//3396 2161//3396
f 1969//3397 2161//3397 1957//3397
f 2166//3398 2175//3398 2162//3398
f 2174//3399 2161//3399 1969//3399
f 2169//3400 2175//3400 2166//3400
f 2160//3401 1970//3401 1958//3401
f 2160//3402 2175//3402 1970//3402
f 1970//3403 2175//3403 2174//3403
f 1970//3404 2174//3404 1969//3404
f 2176//3405 2175//3405 2169//3405
f 2164//3406 2176//3406 2169//3406
f 2156//3407 2176//3407 2164//3407
f 2174//3408 2170//3408 2168//3408
f 2163//3409 2157//3409 2121//3409
f 2156//3410 2173//3410 2148//3410
f 2155//3022 2177//3022 2178//3022
f 2154//3020 2177//3020 2155//3020
f 2177//3021 2179//3021 2180//3021
f 2179//3040 2181//3040 2182//3040
f 2178//3021 2177//3021 2180//3021
f 2181//3019 2156//3019 2157//3019
f 2182//3023 2181//3023 2157//3023
f 2180//3040 2179//3040 2182//3040
f 2177//3411 2183//3411 2179//3411
f 2184//3412 2182//3412 2157//3412
f 2184//3413 2180//3413 2182//3413
f 2184//3414 2157//3414 2170//3414
f 2179//3415 2183//3415 2181//3415
f 2181//3416 2183//3416 2156//3416
f 2184//3417 2178//3417 2180//3417
f 2156//3418 2183//3418 2176//3418
f 2175//3419 2176//3419 2170//3419
f 2175//3419 2170//3419 2174//3419
f 2176//3420 2183//3420 2184//3420
f 2176//3420 2184//3420 2170//3420
f 2152//3421 2185//3421 2151//3421
f 2151//3422 2185//3422 2186//3422
f 2132//3423 2186//3423 2054//3423
f 2187//3424 2188//3424 2152//3424
f 2152//3425 2188//3425 2185//3425
f 2187//3426 2189//3426 2188//3426
f 2151//3427 2186//3427 2132//3427
f 2188//3040 2190//3040 2185//3040
f 2186//2785 2191//2785 2054//2785
f 2192//2878 2191//2878 2186//2878
f 2185//2876 2192//2876 2186//2876
f 2054//3428 2134//3428 2052//3428
f 2191//3044 2134//3044 2054//3044
f 2190//3041 2192//3041 2185//3041
f 2134//3429 2088//3429 2052//3429
f 2193//3430 2190//3430 2188//3430
f 2194//3431 2193//3431 2195//3431
f 2095//3366 2196//3366 2096//3366
f 2195//3432 2193//3432 2189//3432
f 2187//3433 2197//3433 2189//3433
f 2189//3434 2193//3434 2188//3434
f 2196//3365 2194//3365 2096//3365
f 2096//3150 2194//3150 2195//3150
f 2198//3435 2199//3435 2200//3435
f 2187//3436 2201//3436 2202//3436
f 2199//3437 2197//3437 2202//3437
f 2200//3438 2199//3438 2202//3438
f 2202//3439 2197//3439 2187//3439
f 2201//2990 2203//2990 2202//2990
f 2202//2990 2203//2990 2200//2990
f 2150//3440 2204//3440 2152//3440
f 2152//3441 2204//3441 2187//3441
f 2204//3442 2201//3442 2187//3442
f 2192//3443 2149//3443 2191//3443
f 2192//3444 2150//3444 2149//3444
f 2205//3445 2204//3445 2193//3445
f 2205//3446 2201//3446 2204//3446
f 2193//3447 2204//3447 2190//3447
f 2191//3448 2135//3448 2134//3448
f 2191//3449 2149//3449 2135//3449
f 2190//3450 2204//3450 2150//3450
f 2190//3451 2150//3451 2192//3451
f 2197//3452 2100//3452 2096//3452
f 2094//3453 2100//3453 2093//3453
f 2096//3454 2100//3454 2094//3454
f 2197//3455 2195//3455 2189//3455
f 2206//3456 1985//3456 2100//3456
f 2197//3457 2096//3457 2195//3457
f 1990//2692 2092//2692 2102//2692
f 1990//3458 2206//3458 2092//3458
f 2206//3459 1990//3459 1985//3459
f 2206//3460 2095//3460 2092//3460
f 2206//3461 2196//3461 2095//3461
f 2194//3462 2205//3462 2193//3462
f 2205//3463 2206//3463 2100//3463
f 2207//3464 2197//3464 2199//3464
f 2205//3465 2100//3465 2197//3465
f 2196//3466 2205//3466 2194//3466
f 2207//3464 2205//3464 2197//3464
f 2206//3467 2205//3467 2196//3467
f 2208//3468 2209//3468 2198//3468
f 2210//3469 2209//3469 2208//3469
f 2153//3470 2209//3470 2210//3470
f 2211//3471 2209//3471 2153//3471
f 2211//3472 2153//3472 2155//3472
f 2211//3473 2155//3473 2178//3473
f 2212//2989 2213//2989 2198//2989
f 2208//3474 2214//3474 2210//3474
f 2213//3475 2214//3475 2208//3475
f 2210//3476 2158//3476 2153//3476
f 2214//3477 2158//3477 2210//3477
f 2198//2989 2213//2989 2208//2989
f 2203//3478 2212//3478 2200//3478
f 2200//3479 2212//3479 2198//3479
f 2215//3480 2213//3480 2212//3480
f 2215//3481 2214//3481 2213//3481
f 2215//3482 2158//3482 2214//3482
f 2209//3483 2199//3483 2198//3483
f 2215//3484 2207//3484 2199//3484
f 2215//3484 2199//3484 2209//3484
f 2207//2567 2203//2567 2201//2567
f 2207//3485 2212//3485 2203//3485
f 2207//3486 2215//3486 2212//3486
f 2205//3487 2207//3487 2201//3487
f 2177//2559 2216//2559 2183//2559
f 2154//3488 2216//3488 2177//3488
f 2158//3489 2216//3489 2154//3489
f 2211//3490 2178//3490 2184//3490
f 2183//3491 2216//3491 2211//3491
f 2183//3492 2211//3492 2184//3492
f 2216//3493 2215//3493 2209//3493
f 2216//3494 2209//3494 2211//3494
f 2215//2556 2216//2556 2158//2556
# Vertices: 2216, normals: 3494, texture coordinates: 0, faces: 4572

