# File generated by ImageToStl.com - Free Image and 3D model conversion tools

o obj1
v 0.04832697 -0.03434423 -0.06704843
v 0.04686489 -0.03731121 -0.06640591
v 0.04649694 -0.03630537 -0.06662375
v 0.04700226 -0.0384975 -0.06614899
v 0.04597625 -0.03551125 -0.06679575
v 0.04441665 -0.03434434 -0.0670485
v 0.04487379 -0.0345762 -0.06699827
v 0.04530523 -0.03486592 -0.06693552
v 0.04305535 -0.03504661 -0.0682777
v 0.04080416 -0.03274841 -0.06425484
v 0.04172393 -0.03536409 -0.06883337
v 0.04246888 -0.03524989 -0.0686335
v 0.04207543 -0.03533562 -0.06878354
v 0.04189434 -0.03535698 -0.06882094
v 0.03615601 -0.05648626 -0.08893552
v 0.03542395 -0.05511763 -0.08971056
v 0.03467655 -0.05429132 -0.09003274
v 0.03572388 -0.05556261 -0.08948812
v 0.03628239 -0.05695245 -0.08861283
v 0.035969 -0.05602087 -0.08922861
v 0.04439953 -0.04393942 -0.07139499
v 0.03376702 -0.0535864 -0.09017783
v 0.03274431 -0.05304078 -0.09013803
v 0.0470026 -0.05147833 -0.06333773
v 0.04473623 -0.05263562 -0.06868114
v 0.03166344 -0.05268387 -0.08991546
v 0.02534271 -0.05268405 -0.08991557
v 0.01260549 -0.04394038 -0.07139552
v 0.03491008 -0.05478115 -0.09010909
v 0.03491012 -0.05573117 -0.09045548
v 0.03393296 -0.05502104 -0.09092723
v 0.033933 -0.05617822 -0.09118147
v 0.03570794 -0.05630367 -0.08967122
v 0.03570797 -0.05708446 -0.08963182
v 0.03491015 -0.05673889 -0.09053923
v 0.03491017 -0.05773308 -0.09035443
v 0.03570799 -0.05782725 -0.08938801
v 0.03393303 -0.05736147 -0.09112175
v 0.03625336 -0.05749703 -0.08848257
v 0.035708 -0.05847953 -0.08895706
v 0.03616661 -0.05802969 -0.08833042
v 0.03707612 -0.05654715 -0.08674143
v 0.03283041 -0.05323423 -0.09029989
v 0.03283045 -0.05428923 -0.09104726
v 0.03393292 -0.0539718 -0.09037698
v 0.0328305 -0.0555039 -0.09149015
v 0.03166349 -0.05373612 -0.09087642
v 0.03166345 -0.05284015 -0.09009667
v 0.03166345 -0.05278708 -0.0900371
v 0.03166353 -0.05479075 -0.09142282
v 0.03166345 -0.05273499 -0.08997669
v 0.03283054 -0.05679236 -0.09159724
v 0.03166361 -0.05713226 -0.09170718
v 0.03166357 -0.0559445 -0.09170505
v 0.0349102 -0.05940546 -0.08924948
v 0.03393309 -0.06025707 -0.08920862
v 0.03393308 -0.05947564 -0.09009916
v 0.03283062 -0.06091771 -0.08887161
v 0.03283061 -0.06020178 -0.08994818
v 0.03491019 -0.05864339 -0.08991413
v 0.03393306 -0.05848716 -0.09075227
v 0.0328306 -0.05922738 -0.090798
v 0.03283057 -0.05806348 -0.09136095
v 0.03166364 -0.05828701 -0.0914291
v 0.03166366 -0.05934361 -0.09088648
v 0.03166367 -0.06093265 -0.08914335
v 0.03166367 -0.06024238 -0.09010996
v 0.0349102 -0.05996543 -0.08840747
v 0.03570801 -0.05899515 -0.08836942
v 0.03602323 -0.0585437 -0.08815828
v 0.03557449 -0.05949025 -0.08776294
v 0.03582503 -0.05903258 -0.08796833
v 0.03527477 -0.05991088 -0.08754472
v 0.03454343 -0.06062049 -0.08708084
v 0.03393308 -0.06077616 -0.08814361
v 0.03366768 -0.06112586 -0.08659995
v 0.03166367 -0.06137543 -0.0880412
v 0.03283061 -0.06132461 -0.08764441
v 0.03269142 -0.06140165 -0.08612615
v 0.03166366 -0.06154574 -0.08686571
v 0.03166363 -0.06143401 -0.0856832
v 0.02534272 -0.05278728 -0.0900372
v 0.02534272 -0.05273518 -0.0899768
v 0.02534272 -0.05284033 -0.09009677
v 0.02534276 -0.05373632 -0.09087652
v 0.02534284 -0.0559447 -0.09170516
v 0.0253428 -0.05479093 -0.09142292
v 0.02534288 -0.05713245 -0.09170729
v 0.02417586 -0.05488204 -0.09130941
v 0.0241759 -0.05614481 -0.09158686
v 0.02426187 -0.05304104 -0.09013817
v 0.02417582 -0.05373703 -0.09070894
v 0.02534291 -0.05828721 -0.0914292
v 0.02534294 -0.06024258 -0.09011006
v 0.02534293 -0.0593438 -0.09088659
v 0.02534295 -0.06093282 -0.08914346
v 0.02534293 -0.06154594 -0.08686581
v 0.02534294 -0.06137563 -0.08804131
v 0.0253429 -0.06143421 -0.08568331
v 0.02417597 -0.05866449 -0.09111848
v 0.02417594 -0.05743607 -0.09152168
v 0.02307346 -0.05793696 -0.09097477
v 0.024176 -0.06059594 -0.08943395
v 0.02307349 -0.06055251 -0.08869363
v 0.02307349 -0.05989644 -0.08968017
v 0.02417599 -0.05974321 -0.09040577
v 0.02307348 -0.05900355 -0.0904589
v 0.024176 -0.0611624 -0.08827174
v 0.02417598 -0.0614025 -0.08700133
v 0.02307349 -0.06092534 -0.08756906
v 0.02431512 -0.0614019 -0.08612628
v 0.02333887 -0.06112616 -0.08660012
v 0.02246311 -0.06062084 -0.08708104
v 0.04693275 -0.05226096 -0.06316824
v 0.04670974 -0.05306408 -0.06299431
v 0.04616166 -0.05409453 -0.06277116
v 0.04533924 -0.05500294 -0.06257445
v 0.04430341 -0.05570677 -0.06242204
v 0.04301883 -0.05619184 -0.06231701
v 0.04159011 -0.05636521 -0.0622795
v 0.01993016 -0.05654764 -0.08674172
v 0.01226921 -0.05263658 -0.06868169
v 0.01541534 -0.05636598 -0.06227994
v 0.01619995 -0.03274914 -0.06425525
v 0.01528049 -0.03536488 -0.06883381
v 0.01473111 -0.03529937 -0.06871913
v 0.01501797 -0.03534855 -0.06880523
v 0.01431209 -0.03518254 -0.06851463
v 0.01350096 -0.03484641 -0.06792622
v 0.0232392 -0.05358671 -0.09017801
v 0.01258764 -0.03434529 -0.06704903
v 0.01175277 -0.03482649 -0.06694484
v 0.0112214 -0.03438933 -0.06703953
v 0.01103495 -0.03550406 -0.06679811
v 0.01173402 -0.03434533 -0.06704905
v 0.01015256 -0.03480591 -0.06694933
v 0.00966773 -0.03520304 -0.06686334
v 0.01070165 -0.03453006 -0.06700906
v 0.01003588 -0.03790255 -0.0662787
v 0.01000226 -0.03849861 -0.06614961
v 0.00886239 -0.03742005 -0.06638322
v 0.01013943 -0.03731285 -0.06640641
v 0.0104859 -0.03634951 -0.06661503
v 0.00901813 -0.036261 -0.06663423
v 0.00888147 -0.03684684 -0.06650736
v 0.00928213 -0.03569967 -0.06675579
v 0.02307335 -0.05447838 -0.09068732
v 0.0223297 -0.0542917 -0.09003295
v 0.02307339 -0.05559146 -0.09109317
v 0.02307343 -0.05677215 -0.0911913
v 0.02209626 -0.05623261 -0.09053122
v 0.02209623 -0.05524498 -0.09031422
v 0.02129841 -0.05591671 -0.08961308
v 0.02158235 -0.05511805 -0.08971079
v 0.02103733 -0.05602131 -0.08922885
v 0.02128243 -0.05556305 -0.08948836
v 0.02209628 -0.05724255 -0.09048024
v 0.02129846 -0.05746442 -0.08953495
v 0.02129843 -0.05669583 -0.08967783
v 0.02209632 -0.0582033 -0.09016488
v 0.02129847 -0.05816821 -0.08919455
v 0.02072398 -0.05695292 -0.08861309
v 0.02085034 -0.05648671 -0.08893578
v 0.02083981 -0.05803015 -0.08833067
v 0.02075304 -0.05749751 -0.08848283
v 0.02209634 -0.05971393 -0.08884738
v 0.02209632 -0.05904701 -0.08960746
v 0.02129848 -0.0587574 -0.08868069
v 0.02209633 -0.06015698 -0.0879384
v 0.021432 -0.05949065 -0.08776318
v 0.02173174 -0.05991128 -0.08754495
v 0.02118144 -0.05903303 -0.08796857
v 0.02098322 -0.05854414 -0.08815853
v 0.02129848 -0.0591903 -0.08802972
v 0.0100026 -0.05147944 -0.06333835
v 0.01463219 -0.0563146 -0.06229109
v 0.01382757 -0.05615104 -0.06232653
v 0.01282625 -0.05577073 -0.06240892
v 0.0101448 -0.05259208 -0.06309738
v 0.0119045 -0.05519866 -0.06253283
v 0.01112701 -0.0544611 -0.06269258
v 0.0105422 -0.05360628 -0.06287772
v 0.05607767 -0.01465758 -0.03258904
v 0.04769336 -0.01524994 -0.03362562
v 0.05516379 -0.01871549 -0.03566018
v 0.04883948 -0.03477915 -0.06377792
v 0.05514104 -0.01910371 -0.03530883
v 0.05502045 -0.01950158 -0.03494875
v 0.04876192 -0.03532559 -0.06360739
v 0.0547686 -0.01992118 -0.034569
v 0.04856561 -0.03588407 -0.0634331
v 0.05439479 -0.02029814 -0.03422785
v 0.04824458 -0.03641923 -0.06326611
v 0.05391916 -0.02060579 -0.03394944
v 0.04780861 -0.03689279 -0.06311833
v 0.05337506 -0.02082617 -0.03375001
v 0.04728359 -0.03727157 -0.06300014
v 0.05280174 -0.0209534 -0.03363489
v 0.04670666 -0.03753482 -0.062918
v 0.05223605 -0.02099306 -0.033599
v 0.04617179 -0.03766942 -0.06287601
v 0.04565394 -0.03771152 -0.06286289
v 0.04714155 -0.02099322 -0.03359909
v 0.04080425 -0.03708988 -0.06177459
v 0.05700117 -0.02836416 -0.01931453
v 0.05700117 -0.02846189 -0.01924435
v 0.04718762 -0.0532904 -0.06294528
v 0.05700117 -0.02854765 -0.01915194
v 0.05700117 -0.02864095 -0.01899735
v 0.05700117 -0.02873087 -0.01873139
v 0.04704821 -0.05404676 -0.06278148
v 0.05578645 -0.02971283 -0.02570707
v 0.04821732 -0.04893831 -0.05935924
v 0.04080445 -0.04706325 -0.05607685
v 0.04763527 -0.02971307 -0.0257072
v 0.05700117 -0.0287871 -0.0182715
v 0.04669969 -0.05480541 -0.06261719
v 0.04394603 -0.05636514 -0.06227947
v 0.04448415 -0.05631761 -0.06228974
v 0.04621006 -0.05541762 -0.06248461
v 0.04565679 -0.05585885 -0.06238907
v 0.04504147 -0.05616549 -0.06232268
v 0.04080454 -0.05140472 -0.05359659
v 0.00878759 -0.04893949 -0.0593599
v 0.01620033 -0.05140545 -0.053597
v 0.01620024 -0.04706398 -0.05607726
v 0.01620004 -0.03709061 -0.061775
v 0.04769374 -0.03390624 -0.02296736
v 0.00829373 -0.03771264 -0.06286351
v 0.00358833 -0.02402836 -0.04294212
v 0.00986082 -0.02099433 -0.03359971
v 0.00930867 -0.01525109 -0.03362626
v 0.00398099 -0.01465913 -0.0325899
v 0.00372804 -0.01469383 -0.03262825
v 0.00385299 -0.01466766 -0.03259934
v 0.00360671 -0.01473843 -0.03267752
v 0.00323592 -0.01502887 -0.03299842
v 0.00337725 -0.01488573 -0.03284027
v 0.00348959 -0.01480217 -0.03274795
v 0.00304483 -0.01531338 -0.03331278
v 0.00281381 -0.01589936 -0.03396023
v 0.00261575 -0.01712158 -0.03531069
v 0.003012 -0.02164906 -0.04031317
v 0.002659 -0.01927109 -0.03768571
v 0.00170964 -0.02099457 -0.03359985
v 0.00936736 -0.02971422 -0.02570784
v 0.00121618 -0.02971446 -0.02570798
v 0.01305942 -0.05636605 -0.06227998
v 0.00981767 -0.05329151 -0.06294591
v 0.01191138 -0.05614636 -0.06232759
v 0.01134262 -0.05585605 -0.06239048
v 0.01249521 -0.05631385 -0.0622913
v 0.00989883 -0.05383632 -0.06282792
v 0.01008733 -0.05439408 -0.06270712
v 0.01082761 -0.05545012 -0.0624784
v 0.01040126 -0.05495136 -0.06258643
v 1.17E-06 -0.02868437 -0.01889752
v 1.17E-06 -0.02862377 -0.01903603
v 1.17E-06 -0.02836585 -0.01931549
v 1.17E-06 -0.02874441 -0.01867747
v 1.17E-06 -0.0287888 -0.01827253
v 1.17E-06 -0.02846408 -0.01924487
v 1.17E-06 -0.0285502 -0.01915179
v 0.05200082 -0.01130255 -0.02888195
v 0.05700082 -0.01140977 -0.02900049
v 0.05200002 0.00428357 -0.00903597
v 0.05199988 0.0081573 -0.00738045
v 0.05699988 0.00815745 -0.00738037
v 0.05200009 0.00243829 -0.00969771
v 0.05700011 0.00069483 -0.00792909
v 0.05700025 -0.00482656 -0.00618044
v 0.05700025 -0.00506 -0.00612026
v 0.05700026 -0.00527226 -0.00600597
v 0.05700026 -0.005451 -0.0058442
v 0.05700013 -1.433E-05 -0.00792157
v 0.05700014 -0.00022659 -0.00780728
v 0.05700012 0.00046016 -0.0079843
v 0.05700013 0.00021911 -0.00798175
v 0.0520003 -0.00513334 -0.00858009
v 0.05200026 -0.00336061 -0.00941698
v 0.05200021 -0.00145868 -0.00989194
v 0.05200015 0.00049937 -0.00998673
v 0.05500021 -0.00145859 -0.00989189
v 0.05500015 0.00049946 -0.00998668
v 0.05700108 -0.02803338 -0.01458274
v 0.05700026 -0.00558584 -0.00564436
v 0.05700026 -0.00566893 -0.00541806
v 0.05200033 -0.00670874 -0.00741344
v 0.05699982 0.0093153 -0.005852
v 0.0569999 0.00616006 -0.00494586
v 0.05699991 0.0060722 -0.00517035
v 0.05699991 0.00593315 -0.00536728
v 0.05699992 0.00575103 -0.00552522
v 0.05699994 0.00530172 -0.00569018
v 0.05699994 0.00506065 -0.00568763
v 0.05699993 0.00553639 -0.00563498
v 0.05499991 0.00607213 -0.00517038
v 0.0549999 0.00616001 -0.00494589
v 0.05499989 0.00741595 -0.00670938
v 0.05499992 0.00575096 -0.00552525
v 0.05499991 0.00593309 -0.00536731
v 0.05499983 0.00858261 -0.00513398
v 0.05499989 0.00608201 -0.00424098
v 0.05499978 0.00941949 -0.00336125
v 0.05699989 0.00619166 -0.00470686
v 0.05699989 0.00616515 -0.00446725
v 0.05499989 0.00616509 -0.00446729
v 0.05499989 0.00619161 -0.0047069
v 0.05699977 0.01019015 -0.0041458
v 0.05699989 0.00608206 -0.00424095
v 0.05700009 0.00123065 -0.00746446
v 0.0570001 0.00109161 -0.0076614
v 0.0570001 0.00090947 -0.00781933
v 0.05499993 0.00553632 -0.00563502
v 0.05499996 0.00596438 -0.0080269
v 0.05499995 0.00482715 -0.00562749
v 0.05499994 0.0050606 -0.00568766
v 0.05500003 0.00428365 -0.00903592
v 0.05499994 0.00530166 -0.00569022
v 0.05499995 0.00461489 -0.00551319
v 0.05499989 0.00594718 -0.00404114
v 0.05699989 0.00594723 -0.00404111
v 0.05699995 0.00482721 -0.00562746
v 0.05699996 0.00461495 -0.00551316
v 0.05699996 0.00443621 -0.0053514
v 0.05499995 0.00443616 -0.00535143
v 0.05699996 0.00430138 -0.00515155
v 0.05499996 0.00430133 -0.00515159
v 0.05499996 0.00421824 -0.00492528
v 0.05699996 0.0042183 -0.00492525
v 0.05499994 0.00431119 -0.00422219
v 0.05499993 0.00445022 -0.00402526
v 0.05699994 0.0044503 -0.00402522
v 0.05499995 0.00422331 -0.00444668
v 0.05699995 0.00422337 -0.00444664
v 0.05699994 0.00431125 -0.00422215
v 0.05499995 0.00419171 -0.00468567
v 0.05699996 0.00419179 -0.00468564
v 0.05199989 0.00741587 -0.00670943
v 0.05199982 0.00931515 -0.00585208
v 0.05199977 0.01019 -0.00414588
v 0.05199983 0.00858251 -0.00513403
v 0.05199978 0.0094194 -0.0033613
v 0.05199995 0.00596429 -0.00802695
v 0.05699972 0.01075544 -0.00231359
v 0.05699979 0.00733769 -0.0005893
v 0.0569998 0.00710302 -0.00064451
v 0.0549998 0.00710296 -0.00064454
v 0.05499979 0.00733763 -0.00058934
v 0.05499978 0.00755227 -0.00047958
v 0.05499973 0.00989446 -0.00145932
v 0.05699968 0.01099399 -0.00041106
v 0.05699977 0.0078735 -0.00012467
v 0.05499977 0.00787344 -0.0001247
v 0.05499976 0.00796131 9.979E-05
v 0.05499977 0.00773439 -0.00032164
v 0.05699978 0.00755233 -0.00047954
v 0.05699978 0.00773445 -0.00032161
v 0.05499969 0.00998925 0.00049874
v 0.05699965 0.01089854 0.00150399
v 0.05699976 0.00799298 0.00033881
v 0.05499975 0.00799291 0.00033878
v 0.05699976 0.00796138 9.982E-05
v 0.05499975 0.0079664 0.00057839
v 0.05699981 0.00686197 -0.00064195
v 0.05499981 0.0068619 -0.00064198
v 0.05699975 0.00796645 0.00057842
v 0.0569999 0.00555624 -0.00376506
v 0.05499989 0.00576842 -0.00387938
v 0.05699989 0.0057685 -0.00387934
v 0.0549999 0.00555616 -0.00376509
v 0.05699991 0.00508173 -0.00370232
v 0.0549999 0.00532272 -0.00370491
v 0.0569999 0.00532278 -0.00370488
v 0.05699981 0.00662851 -0.00058178
v 0.05699981 0.00641625 -0.00046749
v 0.0569999 0.00387509 -0.00099747
v 0.05499982 0.0064162 -0.00046752
v 0.05499981 0.00662845 -0.00058181
v 0.05699993 0.0035236 -0.00189542
v 0.05699992 0.00484706 -0.00375752
v 0.05699993 0.00463242 -0.00386729
v 0.05699996 0.00296743 -0.00268316
v 0.05499992 0.004847 -0.00375755
v 0.05499991 0.00508167 -0.00370235
v 0.05499993 0.00463236 -0.00386732
v 0.05499993 0.00352354 -0.00189546
v 0.0549999 0.00387504 -0.0009975
v 0.05699982 0.00623751 -0.00030572
v 0.05499982 0.00623746 -0.00030575
v 0.05499982 0.00610263 -0.00010591
v 0.05699982 0.00610268 -0.00010588
v 0.05499982 0.00599303 0.00036001
v 0.05499981 0.00602463 0.000599
v 0.05699981 0.00602468 0.00059903
v 0.05499982 0.00601954 0.00012039
v 0.05699982 0.0060196 0.00012042
v 0.05699982 0.00599308 0.00036004
v 0.05699988 0.00400149 -4.15E-05
v 0.05499988 0.00400141 -4.153E-05
v 0.05699987 0.00389541 0.00091694
v 0.05499987 0.00389536 0.00091691
v 0.05199972 0.01075529 -0.00231367
v 0.05199968 0.01099384 -0.00041114
v 0.05199973 0.00989437 -0.00145937
v 0.05199969 0.00998916 0.00049869
v 0.05199965 0.01089839 0.0015039
v 0.0550001 0.00109155 -0.00766143
v 0.05500009 0.00123059 -0.00746449
v 0.05500009 0.00243839 -0.00969766
v 0.05500009 0.00131847 -0.00724
v 0.05500008 0.00135007 -0.00700101
v 0.05500011 0.00069478 -0.00792913
v 0.0550001 0.00090942 -0.00781937
v 0.05500012 0.00046011 -0.00798433
v 0.05700007 0.0013236 -0.00676137
v 0.05700007 0.00124051 -0.00653507
v 0.05700007 0.00110568 -0.00633523
v 0.05700008 0.00131852 -0.00723997
v 0.05700008 0.00135012 -0.00700098
v 0.05500007 0.00124045 -0.0065351
v 0.05500007 0.00110562 -0.00633526
v 0.05500007 0.00132354 -0.00676141
v 0.05700008 0.00071468 -0.00605917
v 0.05500008 0.00092688 -0.00617349
v 0.05700007 0.00092694 -0.00617346
v 0.05700009 0.00024019 -0.00599644
v 0.05500009 0.00048118 -0.00599903
v 0.05700009 0.00048124 -0.00599899
v 0.05500008 0.00071462 -0.0060592
v 0.05500013 -1.439E-05 -0.0079216
v 0.05500014 -0.00022664 -0.00780731
v 0.05500013 0.00021906 -0.00798178
v 0.05500014 -0.0004054 -0.00764554
v 0.05500026 -0.00336052 -0.00941693
v 0.05500014 -0.00062332 -0.0072194
v 0.05500014 -0.00054023 -0.0074457
v 0.05700014 -0.00054016 -0.00744567
v 0.05700014 -0.00062324 -0.00721937
v 0.05700014 -0.00040533 -0.00764551
v 0.05700014 -0.00064977 -0.00697976
v 0.05500014 -0.00064983 -0.00697979
v 0.05500013 -0.00061823 -0.00674079
v 0.05500013 -0.00053035 -0.00651631
v 0.05700013 -0.00053029 -0.00651627
v 0.05700013 -0.00061817 -0.00674076
v 0.0550001 5.46E-06 -0.00605167
v 0.05500009 0.00024012 -0.00599647
v 0.0570001 5.52E-06 -0.00605164
v 0.05500011 -0.00020918 -0.00616144
v 0.05700011 -0.00020912 -0.0061614
v 0.05700012 -0.00039126 -0.00631934
v 0.05500012 -0.00039132 -0.00631938
v 0.05700022 -0.00395406 -0.0058601
v 0.05700022 -0.0041362 -0.00601803
v 0.05700024 -0.00458551 -0.006183
v 0.05700023 -0.00435084 -0.00612779
v 0.05700021 -0.00381503 -0.00566316
v 0.0570002 -0.00372715 -0.00543867
v 0.0570002 -0.00369555 -0.00519968
v 0.05500022 -0.00395413 -0.00586013
v 0.05500021 -0.00381508 -0.00566319
v 0.0550002 -0.00372721 -0.0054387
v 0.0550002 -0.00369561 -0.00519971
v 0.05700002 0.00138035 -0.00375396
v 0.05699999 0.0022389 -0.00331491
v 0.05500002 0.00138029 -0.00375399
v 0.05499999 0.00223884 -0.00331494
v 0.05499996 0.00296737 -0.00268319
v 0.05700005 0.00044169 -0.00397478
v 0.05500006 0.00044163 -0.00397481
v 0.0570001 -0.00145633 -0.00372385
v 0.05500009 -0.00052261 -0.00396458
v 0.0550001 -0.00145639 -0.00372388
v 0.05700008 -0.00052256 -0.00396455
v 0.05700019 -0.00372208 -0.00496007
v 0.05700019 -0.00380517 -0.00473377
v 0.05700012 -0.00230537 -0.00326668
v 0.05700019 -0.00394 -0.00453392
v 0.05500013 -0.00302038 -0.00261965
v 0.05700013 -0.00302032 -0.00261961
v 0.05500019 -0.00372213 -0.0049601
v 0.05500012 -0.00230543 -0.00326671
v 0.05699963 0.01047199 0.00337337
v 0.05699975 0.00774853 0.00100457
v 0.05699975 0.00788336 0.00080472
v 0.05499975 0.00756974 0.0011663
v 0.05499967 0.00970021 0.00243766
v 0.05499975 0.00774848 0.00100453
v 0.05499975 0.00788331 0.00080469
v 0.05699976 0.0075698 0.00116633
v 0.05699976 0.00735754 0.00128062
v 0.05499977 0.00712404 0.00134076
v 0.05499976 0.00735748 0.00128059
v 0.05699977 0.0071241 0.0013408
v 0.05499977 0.00688297 0.00134333
v 0.05699977 0.00688303 0.00134336
v 0.05699978 0.00664836 0.00128815
v 0.05499966 0.00903848 0.00428293
v 0.05499976 0.00557933 0.00471685
v 0.05499975 0.00566719 0.00494133
v 0.05499976 0.00544028 0.00451991
v 0.05699962 0.0097273 0.00514028
v 0.05699975 0.00557939 0.00471688
v 0.05699974 0.00569885 0.00518036
v 0.05699975 0.00566726 0.00494136
v 0.05499966 0.00802947 0.00596365
v 0.05699978 0.00504357 0.00425225
v 0.05699979 0.00643372 0.00117839
v 0.05699979 0.0048089 0.00419704
v 0.05699977 0.00525821 0.004362
v 0.0569998 0.0062516 0.00102046
v 0.0569998 0.00611255 0.00082352
v 0.0549998 0.00611249 0.00082348
v 0.0549998 0.00625154 0.00102042
v 0.05499978 0.0066483 0.00128812
v 0.05499979 0.00643366 0.00117836
v 0.05499979 0.00480885 0.004197
v 0.05499978 0.00504352 0.00425221
v 0.05499977 0.00525815 0.00436197
v 0.05699986 0.00356306 0.00182215
v 0.05499987 0.003563 0.00182212
v 0.05699976 0.00544034 0.00451994
v 0.05499974 0.00569879 0.00518032
v 0.0569998 0.00412214 0.00437406
v 0.05699981 0.0039434 0.00453583
v 0.05699987 0.00302372 0.00262152
v 0.0569998 0.00456785 0.00419959
v 0.05499981 0.00394334 0.0045358
v 0.05499981 0.00380851 0.00473563
v 0.05699981 0.00380857 0.00473567
v 0.0569998 0.0043344 0.00425977
v 0.05499979 0.00456778 0.00419956
v 0.0549998 0.00433434 0.00425974
v 0.0549998 0.00412208 0.00437403
v 0.05199963 0.01047184 0.00337329
v 0.05199967 0.00970014 0.00243761
v 0.05199965 0.00903839 0.00428288
v 0.05199966 0.00802938 0.0059636
v 0.05199962 0.00972715 0.0051402
v 0.05699963 0.00868712 0.00675104
v 0.05699974 0.00527568 0.00600788
v 0.05699965 0.00738303 0.00815669
v 0.05699975 0.00506342 0.00612217
v 0.05699974 0.00545442 0.00584611
v 0.05699974 0.00567234 0.00541997
v 0.05699974 0.00558925 0.00564627
v 0.05499974 0.00567228 0.00541993
v 0.05499974 0.00558919 0.00564624
v 0.05499968 0.00671194 0.00741523
v 0.05499974 0.00527562 0.00600784
v 0.05499974 0.00545436 0.00584608
v 0.05499975 0.00482991 0.00618231
v 0.05499975 0.00506336 0.00612214
v 0.05699975 0.00482998 0.00618234
v 0.05699976 0.00458891 0.0061849
v 0.05499976 0.00458886 0.00618486
v 0.05699978 0.00395748 0.005862
v 0.05499978 0.00413955 0.0060199
v 0.05699977 0.00413961 0.00601993
v 0.05499977 0.00435419 0.00612966
v 0.05699977 0.00435424 0.0061297
v 0.05499979 0.00381837 0.00566503
v 0.05499979 0.00395742 0.00586196
v 0.05699979 0.00381843 0.00566506
v 0.0569998 0.00373057 0.00544058
v 0.0549997 0.00513654 0.00858188
v 0.05699971 0.00414845 0.0101894
v 0.05199967 0.00585451 0.00931446
v 0.05199971 0.0041483 0.01018932
v 0.05699967 0.00585466 0.00931454
v 0.05499974 0.00336381 0.00941877
v 0.05199968 0.00671185 0.00741518
v 0.05199964 0.00738288 0.00815661
v 0.05199962 0.00868697 0.00675095
v 0.0519997 0.00513645 0.00858183
v 0.05499987 0.00302367 0.00262149
v 0.05499988 0.00230872 0.00326855
v 0.05699988 0.00230877 0.00326859
v 0.0569999 0.00145974 0.00372575
v 0.0549999 0.00145968 0.00372572
v 0.05699981 0.00372548 0.00496197
v 0.0569998 0.00369897 0.00520158
v 0.05699987 0.00062158 0.00674267
v 0.05699988 0.00053371 0.00651818
v 0.05499981 0.00372542 0.00496194
v 0.05499981 0.00369891 0.00520155
v 0.05499979 0.0037305 0.00544054
v 0.05699988 0.00039466 0.00632124
v 0.05699992 0.00052597 0.00396645
v 0.05499992 0.0005259 0.00396641
v 0.05699989 0.00021254 0.0061633
v 0.0569999 -2.1E-06 0.00605355
v 0.05699991 -0.00023677 0.00599834
v 0.05499988 0.00053366 0.00651815
v 0.05499987 0.00062152 0.00674263
v 0.05499988 0.00039461 0.00632121
v 0.05699995 -0.00043827 0.00397668
v 0.05699992 -0.00071128 0.00606107
v 0.05699993 -0.00092354 0.00617537
v 0.05699998 -0.00137694 0.00375586
v 0.05499995 -0.00043832 0.00397664
v 0.05699991 -0.00047784 0.0060009
v 0.05499998 -0.001377 0.00375583
v 0.05499991 -0.00047789 0.00600087
v 0.05499992 -0.00071133 0.00606104
v 0.05499993 -0.00092359 0.00617533
v 0.05699993 -0.00110227 0.00633713
v 0.05499991 -0.00023683 0.00599831
v 0.0549999 -2.16E-06 0.00605351
v 0.05499989 0.00021247 0.00616327
v 0.05700001 -0.0022355 0.00331682
v 0.05700005 -0.00418837 0.00468754
v 0.05700005 -0.00421996 0.00444855
v 0.05700005 -0.00421488 0.00492716
v 0.05500004 -0.00296408 0.00268503
v 0.05500001 -0.00223555 0.00331678
v 0.05700004 -0.00296402 0.00268507
v 0.05699993 -0.0012371 0.00653698
v 0.05700004 -0.00429797 0.00515346
v 0.05699993 -0.00132019 0.00676328
v 0.05700004 -0.00443281 0.0053533
v 0.05500004 -0.00421495 0.00492712
v 0.05499993 -0.00123716 0.00653694
v 0.05499993 -0.00110233 0.0063371
v 0.05499986 0.00065312 0.00698163
v 0.05699986 0.00062666 0.00722127
v 0.05699987 0.00065317 0.00698166
v 0.05499986 0.00062661 0.00722123
v 0.05499986 0.00040869 0.00764738
v 0.05499986 0.00054352 0.00744754
v 0.05699986 0.00040874 0.00764741
v 0.05699986 0.00054357 0.00744757
v 0.05699987 0.00023001 0.00780918
v 0.05499986 0.00022993 0.00780915
v 0.05699975 0.00231625 0.01075469
v 0.0569998 0.00041372 0.01099323
v 0.05499979 0.00146188 0.00989373
v 0.05699987 1.775E-05 0.00792347
v 0.05499987 1.768E-05 0.00792344
v 0.05499985 -0.00049617 0.00998852
v 0.05699987 -0.00021569 0.00798365
v 0.05699988 -0.00045676 0.00798621
v 0.05499993 -0.00132025 0.00676325
v 0.05699993 -0.0013467 0.00700289
v 0.05499993 -0.00134678 0.00700285
v 0.05499989 -0.00069149 0.00793097
v 0.05499988 -0.00045682 0.00798617
v 0.05699989 -0.00069143 0.007931
v 0.05499987 -0.00021577 0.00798361
v 0.0569999 -0.00090607 0.00782124
v 0.0549999 -0.00090613 0.00782121
v 0.05699991 -0.00108819 0.0076633
v 0.05699992 -0.00131511 0.00724188
v 0.05499991 -0.0012273 0.00746633
v 0.05499991 -0.00108825 0.00766327
v 0.05699991 -0.00122724 0.00746637
v 0.05499992 -0.00131518 0.00724185
v 0.05700004 -0.00461155 0.00551507
v 0.05699999 -0.00513762 0.00972655
v 0.05700005 -0.00482381 0.00562936
v 0.05699993 -0.00337071 0.01047124
v 0.05699987 -0.00150133 0.01089778
v 0.05499991 -0.00243508 0.0096995
v 0.05199986 -0.00150148 0.0108977
v 0.05199981 0.00041357 0.01099315
v 0.05199974 0.00336372 0.00941872
v 0.05199975 0.0023161 0.01075461
v 0.05199979 0.00146179 0.00989368
v 0.05199985 -0.00049626 0.00998847
v 0.05199992 -0.00243517 0.00969945
v 0.05500023 -0.00413626 -0.00601807
v 0.0550003 -0.00513325 -0.00858004
v 0.05500023 -0.0043509 -0.00612782
v 0.05500032 -0.00670865 -0.00741339
v 0.05500024 -0.00458557 -0.00618303
v 0.05500025 -0.00506007 -0.0061203
v 0.05500025 -0.00482662 -0.00618047
v 0.05500019 -0.00380522 -0.0047338
v 0.05500019 -0.00394005 -0.00453396
v 0.05500026 -0.00545107 -0.00584424
v 0.05500026 -0.0055859 -0.00564439
v 0.05500026 -0.00527233 -0.006006
v 0.05500026 -0.00566899 -0.00541809
v 0.05500026 -0.0056955 -0.00517848
v 0.05700026 -0.00569544 -0.00517845
v 0.05700025 -0.00566385 -0.00493946
v 0.05500025 -0.0056639 -0.00493949
v 0.05700025 -0.00557597 -0.00471497
v 0.05500025 -0.00557604 -0.004715
v 0.05500024 -0.00543699 -0.00451807
v 0.05700023 -0.00543693 -0.00451803
v 0.05500034 -0.00802616 -0.00596181
v 0.05200034 -0.00802626 -0.00596186
v 0.05500034 -0.00903519 -0.00428109
v 0.05200034 -0.00903528 -0.00428115
v 0.05500022 -0.00480556 -0.00419516
v 0.0550002 -0.00456449 -0.00419773
v 0.05700022 -0.00480549 -0.00419513
v 0.05700021 -0.00456443 -0.00419769
v 0.0550002 -0.00433105 -0.0042579
v 0.0570002 -0.00433099 -0.00425786
v 0.0550002 -0.00411879 -0.00437219
v 0.0570002 -0.00411873 -0.00437216
v 0.05700022 -0.00504016 -0.00425034
v 0.05700014 -0.00355965 -0.00182025
v 0.05700021 -0.00643032 -0.00117649
v 0.05500014 -0.00355971 -0.00182028
v 0.05700022 -0.00664496 -0.00128624
v 0.05700023 -0.00525479 -0.0043601
v 0.05700023 -0.00687962 -0.00134145
v 0.05700025 -0.00756638 -0.00116443
v 0.05700025 -0.00774512 -0.00100266
v 0.05700024 -0.00712068 -0.00133889
v 0.05700024 -0.00735412 -0.00127872
v 0.05500023 -0.00525486 -0.00436013
v 0.05500022 -0.00504023 -0.00425037
v 0.05500023 -0.00687968 -0.00134148
v 0.05500022 -0.00664501 -0.00128628
v 0.05500021 -0.00643037 -0.00117652
v 0.05700013 -0.003892 -0.00091503
v 0.0570002 -0.00624818 -0.00101855
v 0.05500013 -0.00389207 -0.00091507
v 0.0570002 -0.00610914 -0.00082161
v 0.05700019 -0.00602127 -0.00059712
v 0.05700019 -0.00598967 -0.00035813
v 0.05700012 -0.00399807 4.341E-05
v 0.05700018 -0.00609928 0.00010778
v 0.05700018 -0.00601619 -0.00011852
v 0.05500012 -0.00399812 4.337E-05
v 0.0550002 -0.00624825 -0.00101858
v 0.0550002 -0.0061092 -0.00082164
v 0.05500019 -0.00602132 -0.00059716
v 0.05500018 -0.00598974 -0.00035816
v 0.05700018 -0.00623411 0.00030762
v 0.05500018 -0.00609934 0.00010775
v 0.05500019 -0.00641291 0.00046936
v 0.05500018 -0.00623417 0.00030759
v 0.05700018 -0.00641285 0.00046939
v 0.05500018 -0.00601625 -0.00011856
v 0.05500024 -0.00712073 -0.00133892
v 0.05500033 -0.00969692 -0.00243582
v 0.05500024 -0.00735419 -0.00127875
v 0.05500024 -0.00756645 -0.00116446
v 0.05500025 -0.00774519 -0.00100269
v 0.05700025 -0.00787996 -0.00080282
v 0.05500025 -0.00788002 -0.00080285
v 0.05500025 -0.0079631 -0.00057655
v 0.05700025 -0.00796305 -0.00057652
v 0.05500023 -0.00787016 0.00012654
v 0.05500023 -0.0077311 0.00032348
v 0.05700023 -0.00787008 0.00012658
v 0.05700023 -0.00773105 0.00032351
v 0.05700024 -0.00795796 -9.791E-05
v 0.05500022 -0.00754898 0.00048142
v 0.05700022 -0.00754891 0.00048145
v 0.05500031 -0.00998596 -0.0004969
v 0.05500028 -0.00989116 0.00146116
v 0.05500024 -0.00795802 -9.795E-05
v 0.05500025 -0.00798962 -0.00033694
v 0.05700024 -0.00798956 -0.0003369
v 0.0520003 -0.00998605 -0.00049695
v 0.05200027 -0.00989125 0.00146111
v 0.05200033 -0.00969702 -0.00243587
v 0.0570001 -0.00387169 0.00099938
v 0.0550001 -0.00387175 0.00099935
v 0.05500007 -0.00352025 0.0018973
v 0.05700007 -0.0035202 0.00189733
v 0.05700007 -0.00462902 0.00386919
v 0.05700008 -0.00484366 0.00375943
v 0.05700009 -0.00507832 0.00370422
v 0.0570001 -0.00531938 0.00370678
v 0.05500007 -0.00462907 0.00386916
v 0.05500009 -0.00507838 0.00370419
v 0.05500008 -0.00484371 0.0037594
v 0.0550001 -0.00531943 0.00370675
v 0.05500019 -0.00662517 0.00058365
v 0.05700019 -0.00662511 0.00058368
v 0.05700019 -0.00685855 0.00064385
v 0.05700011 -0.00594381 0.00404301
v 0.05700011 -0.00607864 0.00424286
v 0.05700021 -0.00733427 0.00059121
v 0.0570001 -0.00555282 0.00376696
v 0.05700011 -0.00576508 0.00388125
v 0.0570002 -0.00709962 0.00064642
v 0.05700011 -0.00616173 0.00446916
v 0.0550002 -0.00685861 0.00064382
v 0.0550001 -0.00555287 0.00376692
v 0.0550002 -0.00709967 0.00064638
v 0.05500011 -0.00576513 0.00388122
v 0.05500011 -0.00594387 0.00404298
v 0.05500007 -0.00444693 0.0040271
v 0.05700006 -0.00444688 0.00402713
v 0.05700006 -0.00430784 0.00422406
v 0.05500006 -0.0043079 0.00422403
v 0.05500006 -0.00422002 0.00444852
v 0.05500004 -0.00429804 0.00515343
v 0.05500004 -0.00443287 0.00535326
v 0.05500005 -0.00418842 0.00468751
v 0.05500011 -0.00607871 0.00424282
v 0.05500011 -0.0061618 0.00446913
v 0.05700011 -0.00618826 0.00470877
v 0.0550001 -0.00618831 0.00470874
v 0.05500004 -0.0046116 0.00551503
v 0.05500005 -0.00482386 0.00562932
v 0.0550001 -0.00615672 0.00494773
v 0.0550001 -0.00606884 0.00517221
v 0.05700009 -0.00606878 0.00517225
v 0.05500009 -0.0059298 0.00536915
v 0.05700009 -0.00592975 0.00536919
v 0.05700008 -0.00574761 0.00552712
v 0.05500007 -0.00553303 0.00563685
v 0.05700007 -0.00553297 0.00563688
v 0.05500008 -0.00574766 0.00552709
v 0.0570001 -0.00615666 0.00494776
v 0.05500021 -0.00733434 0.00059118
v 0.05500022 -0.0094162 0.00336309
v 0.05200022 -0.0094163 0.00336304
v 0.05500017 -0.00857931 0.00513582
v 0.05700012 -0.00815403 0.00738227
v 0.05200012 -0.00815418 0.00738219
v 0.05200017 -0.00857941 0.00513577
v 0.05500006 -0.00529837 0.00569206
v 0.05700006 -0.0052983 0.00569209
v 0.05500006 -0.0050573 0.00568949
v 0.05700006 -0.00505725 0.00568953
v 0.05700006 -0.00674838 0.00868637
v 0.05499998 -0.00428036 0.00903776
v 0.05500004 -0.00596109 0.00802874
v 0.05199999 -0.00513777 0.00972647
v 0.05500011 -0.00741266 0.00671121
v 0.05200006 -0.00674853 0.00868628
v 0.05199993 -0.00337086 0.01047115
v 0.05199998 -0.00428045 0.00903771
v 0.05200004 -0.00596118 0.00802869
v 0.05200011 -0.00741275 0.00671116
v 0.05700114 -0.02865402 -0.01689092
v 0.05644056 -0.02891169 -0.01555317
v 0.05587273 -0.02966269 -0.01638297
v 0.05519556 -0.03036543 -0.01715942
v 0.05476726 -0.03068819 -0.01751603
v 0.05449688 -0.03083549 -0.01767879
v 0.05394453 -0.03096912 -0.01782643
v 0.05430358 -0.03091018 -0.01776131
v 0.05411925 -0.03095452 -0.0178103
v 0.00500082 -0.01130396 -0.02888274
v 0.00930905 -0.03390739 -0.02296801
v 0.05200106 -0.02761404 -0.01411931
v 0.00500106 -0.02761544 -0.0141201
v 0.00305792 -0.03097064 -0.01782728
v 8.3E-07 -0.01141146 -0.02900145
v 0.00500009 0.00243688 -0.00969849
v 0.00500002 0.00428216 -0.00903675
v 0.00500015 0.00049797 -0.00998752
v 0.00500021 -0.00146008 -0.00989273
v 0.00499988 0.00815589 -0.00738124
v 1.1E-07 0.00069314 -0.00793005
v -1.2E-07 0.00815574 -0.00738132
v 0.00500026 -0.00336201 -0.00941776
v 0.0050003 -0.00513474 -0.00858087
v 0.00500033 -0.00671014 -0.00741423
v 1.4E-07 -0.0002283 -0.00780823
v 1.3E-07 -1.604E-05 -0.00792252
v 2.5E-07 -0.00482827 -0.00618139
v 1.3E-07 0.0002174 -0.0079827
v 1.2E-07 0.00045847 -0.00798525
v 2.5E-07 -0.00506171 -0.00612122
v 2.6E-07 -0.00527397 -0.00600692
v 2.6E-07 -0.00545271 -0.00584516
v 0.00499996 0.00596289 -0.00802773
v 0.00499989 0.00741446 -0.00671021
v 0.00499983 0.00858112 -0.00513481
v 0.00499982 0.00931373 -0.00585287
v 0.00499977 0.0101886 -0.00414667
v 0.00199989 0.00741437 -0.00671026
v 0.00199983 0.00858102 -0.00513486
v 0.00199996 0.0059628 -0.00802778
v -1.8E-07 0.00931359 -0.00585295
v -2.3E-07 0.01018846 -0.00414675
v 0.00199993 0.00553474 -0.0056359
v 0.00199994 0.00530007 -0.0056911
v 0.00199994 0.00505901 -0.00568855
v 0.0019999 0.00615843 -0.00494678
v 0.0019999 0.00607055 -0.00517127
v 0.00199992 0.00574937 -0.00552614
v 0.00199991 0.00593151 -0.0053682
v 0.00199989 0.00608042 -0.00424187
v 0.00199989 0.0061635 -0.00446817
v 0.00199989 0.00619002 -0.00470778
v -1E-07 0.00615837 -0.00494681
v -9E-08 0.00607049 -0.0051713
v -9E-08 0.00593146 -0.00536823
v -8E-08 0.00574932 -0.00552617
v -1E-07 0.00618997 -0.00470782
v -5E-08 0.00505896 -0.00568858
v -6E-08 0.00530001 -0.00569114
v -7E-08 0.00553468 -0.00563593
v -1.1E-07 0.00616344 -0.00446821
v 0.00200009 0.00243679 -0.00969854
v 0.00200002 0.00428207 -0.0090368
v 0.00200015 0.00049788 -0.00998757
v 0.00200011 0.0006932 -0.00793001
v 0.0020001 0.00090783 -0.00782025
v 0.00200009 0.00108996 -0.00766232
v 0.00200009 0.00122901 -0.00746538
v 0.00200008 0.00131689 -0.00724089
v 0.00200008 0.00134848 -0.0070019
v 0.00199995 0.00482557 -0.00562838
v 1.1E-07 0.00090778 -0.00782029
v 1E-07 0.0010899 -0.00766235
v 9E-08 0.00122895 -0.00746541
v 8E-08 0.00131681 -0.00724092
v 0.00199996 0.00461331 -0.00551408
v -5E-08 0.00482552 -0.00562841
v -4E-08 0.00429967 -0.00515251
v -4E-08 0.00421659 -0.0049262
v 0.00199996 0.00429975 -0.00515247
v 0.00199996 0.00421666 -0.00492617
v -4E-08 0.00443452 -0.00535235
v 0.00199996 0.00443458 -0.00535232
v -4E-08 0.00461326 -0.00551411
v -5E-08 0.00419008 -0.00468659
v 0.00199995 0.00419013 -0.00468656
v 0.00200007 0.00132196 -0.00676229
v 0.00200007 0.00123887 -0.00653599
v 7E-08 0.0013219 -0.00676232
v 7E-08 0.00110398 -0.00633618
v 7E-08 0.00123881 -0.00653602
v 0.00200007 0.00110404 -0.00633615
v 0.00200008 0.0009253 -0.00617438
v 8E-08 0.00134841 -0.00700193
v 0.00200002 0.00137871 -0.00375488
v 0.00200008 0.00071304 -0.00606009
v 0.00200005 0.00044003 -0.0039757
v 2E-08 0.00137865 -0.00375491
v 0.00499978 0.009418 -0.00336209
v 0.00499973 0.00989296 -0.00146015
v 0.00499972 0.0107539 -0.00231446
v 0.00199978 0.00941791 -0.00336214
v 0.00199973 0.00989287 -0.0014602
v 0.00499969 0.00998775 0.0004979
v 0.0019997 0.00998767 0.00049785
v 0.00499968 0.01099243 -0.00041193
v 0.00199981 0.00686031 -0.00064287
v 0.00199989 0.00576684 -0.00388026
v 0.0019998 0.00710138 -0.00064543
v 0.00199989 0.00594558 -0.00404203
v -1.1E-07 0.00608035 -0.0042419
v -2.1E-07 0.00733598 -0.00059026
v -2.8E-07 0.01075375 -0.00231454
v 0.00199979 0.00733605 -0.00059022
v -2.3E-07 0.00787179 -0.00012562
v -3.2E-07 0.01099228 -0.00041201
v 0.00199976 0.00795973 9.89E-05
v 0.00199977 0.00787186 -0.00012559
v 0.00199975 0.00796481 0.0005775
v 0.00199976 0.00799132 0.00033789
v -2.4E-07 0.00795967 9.887E-05
v -2.4E-07 0.00799127 0.00033786
v 0.00199977 0.00773281 -0.00032253
v -2.2E-07 0.00773276 -0.00032256
v 0.00199978 0.00755069 -0.00048046
v -2.2E-07 0.00755062 -0.0004805
v -2.5E-07 0.00796476 0.00057747
v -1.9E-07 0.00662682 -0.00058273
v 0.00199981 0.00662687 -0.0005827
v -1.9E-07 0.00686026 -0.0006429
v -2E-07 0.00710131 -0.00064546
v -9E-08 0.00508002 -0.00370327
v -1E-07 0.00532108 -0.00370583
v 0.00199991 0.00508009 -0.00370324
v 0.0019999 0.00532114 -0.0037058
v 0.00199993 0.00463078 -0.00386821
v -8E-08 0.00484536 -0.00375847
v 0.00199992 0.00484542 -0.00375844
v -7E-08 0.00463073 -0.00386824
v 0.00199994 0.00430961 -0.00422307
v -7E-08 0.00444859 -0.00402618
v 0.00199993 0.00444864 -0.00402614
v -6E-08 0.00430955 -0.00422311
v -5E-08 0.00422167 -0.0044476
v 0.00199995 0.00422173 -0.00444756
v 0.0019999 0.00387346 -0.00099839
v 0.00199993 0.00352196 -0.00189634
v 0.0019999 0.00555458 -0.00376598
v 0.00199982 0.00641461 -0.00046841
v -1.1E-07 0.00576679 -0.0038803
v -1.1E-07 0.00594552 -0.00404206
v -1E-07 0.00555453 -0.00376601
v -1E-07 0.00387338 -0.00099842
v -1.8E-07 0.00641456 -0.00046844
v -4E-08 0.00296573 -0.00268411
v 0.00199996 0.00296579 -0.00268408
v 0.00199999 0.00223726 -0.00331583
v -7E-08 0.0035219 -0.00189638
v -1E-08 0.0022372 -0.00331586
v 0.00199981 0.00599143 0.00035912
v 0.00199988 0.00399983 -4.242E-05
v 0.00199982 0.00601796 0.0001195
v 0.00199987 0.00389378 0.00091602
v 0.00199982 0.00610105 -0.0001068
v 0.00199982 0.00623588 -0.00030664
v -1.8E-07 0.00623582 -0.00030667
v -1.8E-07 0.00610099 -0.00010683
v -1.8E-07 0.0060179 0.00011947
v -1.9E-07 0.00599138 0.00035909
v -1.9E-07 0.00602297 0.00059808
v 0.00199981 0.00602303 0.00059811
v -1.2E-07 0.00399978 -4.245E-05
v -1.3E-07 0.0038937 0.00091599
v 0.00200021 -0.00146017 -0.00989278
v 0.00200013 0.00021747 -0.00798267
v 0.00200012 0.00045853 -0.00798522
v 0.00200013 -1.598E-05 -0.00792249
v 0.00200014 -0.00040698 -0.00764643
v 0.00200014 -0.00022824 -0.0078082
v 0.00200014 -0.00054181 -0.00744659
v 1.4E-07 -0.00040704 -0.00764646
v 1.4E-07 -0.00054187 -0.00744662
v 0.00200014 -0.0006249 -0.00722029
v 0.00200026 -0.0033621 -0.00941781
v 0.00200022 -0.00395572 -0.00586102
v 0.00200023 -0.00413784 -0.00601895
v 0.00200023 -0.00435248 -0.00612871
v 1.4E-07 -0.00065146 -0.00698071
v 1.3E-07 -0.00061987 -0.00674171
v 0.00200014 -0.00065141 -0.00698068
v 1.4E-07 -0.00062495 -0.00722032
v 0.00200013 -0.00061981 -0.00674168
v 0.00200012 -0.0003929 -0.00632026
v 1.1E-07 -0.00021083 -0.00616236
v 0.00200011 -0.00021077 -0.00616232
v 1.2E-07 -0.00039295 -0.0063203
v 1.2E-07 -0.000532 -0.00651723
v 0.00200012 -0.00053195 -0.00651719
v 0.00200008 -0.00052419 -0.00396547
v 0.0020001 3.87E-06 -0.00605256
v 0.00200009 0.0004796 -0.00599991
v 0.00200009 0.00023853 -0.00599736
v 0.00200011 -0.00145797 -0.00372477
v 1E-07 3.81E-06 -0.00605259
v 8E-08 0.00092525 -0.00617441
v 9E-08 0.00047955 -0.00599995
v 8E-08 0.00071299 -0.00606012
v 9E-08 0.00023848 -0.00599739
v 5E-08 0.00043998 -0.00397573
v 8E-08 -0.00052426 -0.0039655
v 0.0020002 -0.0036972 -0.0052006
v 0.0020002 -0.0037288 -0.00543959
v 0.00200021 -0.00381666 -0.00566408
v 2.3E-07 -0.0041379 -0.00601899
v 2.3E-07 -0.00435253 -0.00612874
v 2.4E-07 -0.0045872 -0.00618395
v 2E-07 -0.00372886 -0.00543962
v 2.2E-07 -0.00395577 -0.00586105
v 2.1E-07 -0.00381672 -0.00566411
v 2E-07 -0.00369726 -0.00520063
v 1.1E-07 -0.00145803 -0.0037248
v 0.00200025 -0.00482821 -0.00618136
v 0.0020003 -0.00513483 -0.00858092
v 0.00200024 -0.00458715 -0.00618392
v 0.00200032 -0.00671023 -0.00741428
v 0.00200025 -0.00506166 -0.00612118
v 2E-07 -0.00372377 -0.00496102
v 0.00200019 -0.00372371 -0.00496099
v 1.9E-07 -0.00380686 -0.00473472
v 0.00200019 -0.0038068 -0.00473469
v 0.00200026 -0.00527391 -0.00600689
v 0.00200026 -0.00545265 -0.00584512
v 0.00200026 -0.00558748 -0.00564528
v 2.5E-07 -0.00566556 -0.00494041
v 2.5E-07 -0.00557768 -0.00471592
v 0.00200025 -0.00566548 -0.00494038
v 0.00200024 -0.00557762 -0.00471589
v 2.6E-07 -0.00569715 -0.0051794
v 0.00200026 -0.00569708 -0.00517937
v 2.6E-07 -0.00567063 -0.00541901
v 0.00200026 -0.00567057 -0.00541898
v 2.6E-07 -0.00558754 -0.00564531
v 0.00500034 -0.00802767 -0.00596265
v 0.00500034 -0.00903668 -0.00428193
v 0.00200034 -0.00802776 -0.0059627
v 0.00200034 -0.00903677 -0.00428198
v 0.00200014 -0.00302196 -0.00262053
v 0.00200019 -0.00394163 -0.00453484
v 0.00200012 -0.00230701 -0.0032676
v 2E-07 -0.00394169 -0.00453488
v 0.0020002 -0.00412037 -0.00437308
v 0.0020002 -0.00433263 -0.00425878
v 2E-07 -0.00412043 -0.00437311
v 0.00200014 -0.00356129 -0.00182116
v 0.00200021 -0.00480714 -0.00419605
v 0.00200021 -0.00456607 -0.00419861
v 1.3E-07 -0.00302203 -0.00262057
v 1.2E-07 -0.00230706 -0.00326763
v 2.1E-07 -0.00456614 -0.00419865
v 1.4E-07 -0.00356135 -0.0018212
v 2E-07 -0.00433269 -0.00425882
v 1.3E-07 -0.00389371 -0.00091599
v 1.2E-07 -0.00399978 4.245E-05
v 0.00200013 -0.00389365 -0.00091595
v 0.00200012 -0.00399971 4.249E-05
v 0.00200021 -0.00643196 -0.00117741
v 0.00200022 -0.00664659 -0.00128716
v 0.00200022 -0.00504181 -0.00425126
v 0.00200023 -0.00688126 -0.00134237
v 0.00200024 -0.00543857 -0.00451895
v 0.00200023 -0.00525645 -0.00436102
v 0.00200023 -0.00712233 -0.00133981
v 0.00200024 -0.00735577 -0.00127964
v 0.00200033 -0.0096985 -0.0024367
v 0.00500033 -0.00969843 -0.00243665
v 2.1E-07 -0.0048072 -0.00419608
v 2.4E-07 -0.00543863 -0.00451899
v 2.2E-07 -0.00504186 -0.00425129
v 2.3E-07 -0.0052565 -0.00436105
v 2.1E-07 -0.00643203 -0.00117744
v 2.3E-07 -0.00688132 -0.0013424
v 2.2E-07 -0.00664665 -0.0012872
v 2.4E-07 -0.00735583 -0.00127967
v 2.3E-07 -0.00712239 -0.00133984
v 2.5E-07 -0.00756809 -0.00116538
v 2.5E-07 -0.00774682 -0.00100361
v 0.00200025 -0.00774677 -0.00100358
v 0.00200024 -0.00756803 -0.00116535
v 0.00200025 -0.0078816 -0.00080374
v 0.00200031 -0.00998754 -0.00049778
v 0.00500031 -0.00998745 -0.00049773
v 0.00200025 -0.0079912 -0.00033782
v 0.00200025 -0.00796469 -0.00057744
v 0.00500027 -0.00989266 0.00146032
v 0.00200027 -0.00989276 0.00146027
v 0.00200024 -0.0079596 -9.883E-05
v 0.00200019 -0.00602292 -0.00059804
v 0.0020002 -0.00611078 -0.00082253
v 2E-07 -0.00624989 -0.0010195
v 0.0020002 -0.00624983 -0.00101947
v 1.9E-07 -0.00602297 -0.00059808
v 1.9E-07 -0.00611085 -0.00082256
v 0.00200018 -0.00599132 -0.00035905
v 0.00200018 -0.00610092 0.00010686
v 0.00200018 -0.00601783 -0.00011944
v 1.8E-07 -0.00599138 -0.00035908
v 1.8E-07 -0.00623581 0.00030667
v 1.8E-07 -0.00610098 0.00010683
v 0.00200018 -0.00623575 0.0003067
v 1.8E-07 -0.00601789 -0.00011948
v 0.00200019 -0.00641449 0.00046847
v 2.5E-07 -0.00788165 -0.00080377
v 2.5E-07 -0.00796474 -0.00057747
v 1.8E-07 -0.00641456 0.00046844
v 0.00200023 -0.00787174 0.00012566
v 2.3E-07 -0.00773274 0.00032256
v 0.00200023 -0.00773269 0.00032259
v 2.4E-07 -0.00795967 -9.886E-05
v 2.3E-07 -0.00787179 0.00012562
v 2.4E-07 -0.00799127 -0.00033786
v 2.2E-07 -0.00755062 0.0004805
v 0.00200022 -0.00755056 0.00048053
v 0.00499965 0.01089698 0.00150312
v 0.00499967 0.00969872 0.00243682
v 0.00499963 0.01047043 0.0033725
v 0.00199967 0.00969863 0.00243677
v 0.00199975 0.00788172 0.0008038
v -3.5E-07 0.01089683 0.00150303
v -3.7E-07 0.01047028 0.00337242
v -2.5E-07 0.00788167 0.00080377
v 0.00199975 0.00774689 0.00100365
v 0.00199976 0.0073559 0.0012797
v 0.00199976 0.00756816 0.00116541
v 0.00199966 0.0090369 0.00428204
v 0.00199976 0.00712244 0.00133988
v -2.4E-07 0.00735583 0.00127967
v -2.5E-07 0.00756809 0.00116538
v -2.5E-07 0.00774682 0.00100361
v -2.4E-07 0.00712239 0.00133984
v -2.2E-07 0.00664666 0.0012872
v -2.3E-07 0.00688133 0.00134241
v 0.00199978 0.00664672 0.00128723
v 0.00199977 0.00688139 0.00134244
v 0.00199979 0.00643208 0.00117747
v 0.00199976 0.0054387 0.00451902
v 0.00499966 0.00903699 0.00428209
v 0.00499962 0.00972575 0.00513941
v 0.00499966 0.00802796 0.00596282
v 0.00199966 0.00802787 0.00596277
v 0.00199974 0.00569721 0.00517944
v 0.00199975 0.00566561 0.00494044
v 0.00199974 0.0056707 0.00541905
v 0.00199974 0.00558761 0.00564535
v -3.8E-07 0.0097256 0.00513933
v -2.5E-07 0.00557768 0.00471593
v -2.5E-07 0.00566555 0.00494041
v 0.00199975 0.00557773 0.00471596
v -2.6E-07 0.00569715 0.0051794
v 0.0019998 0.00611091 0.0008226
v 0.0019998 0.00624996 0.00101954
v 0.00199986 0.00356142 0.00182123
v -2.1E-07 0.00643203 0.00117744
v -2E-07 0.00624989 0.0010195
v -2E-07 0.00611085 0.00082256
v -1.4E-07 0.00356135 0.0018212
v 0.00199978 0.00504194 0.00425133
v 0.00199979 0.00480727 0.00419612
v 0.00199977 0.00525656 0.00436108
v -2.2E-07 0.00504186 0.00425129
v -2.3E-07 0.0052565 0.00436105
v -2.2E-07 0.00480719 0.00419608
v -2.4E-07 0.00543864 0.00451899
v 0.00199988 0.00230713 0.00326767
v -1.3E-07 0.00302203 0.00262057
v 0.00199987 0.00302208 0.0026206
v -1.3E-07 0.00230706 0.00326763
v 0.00199979 0.0045662 0.00419867
v -2.1E-07 0.00456614 0.00419864
v 0.00199981 0.00394176 0.00453491
v 0.0019998 0.0041205 0.00437314
v 0.0019998 0.00433276 0.00425885
v -2E-07 0.00412044 0.00437311
v -1.9E-07 0.0039417 0.00453488
v -2E-07 0.0043327 0.00425882
v -2.6E-07 0.00558755 0.00564532
v -2.6E-07 0.00567063 0.00541901
v -1.9E-07 0.00372379 0.00496102
v -2E-07 0.00369726 0.00520062
v 0.00199981 0.00372384 0.00496105
v 0.00199981 0.00380693 0.00473475
v -1.9E-07 0.00380687 0.00473471
v -2E-07 0.00372886 0.00543962
v -2.1E-07 0.00381673 0.00566411
v 0.0019998 0.00372891 0.00543966
v 0.0019998 0.00369732 0.00520066
v 0.00199979 0.00381679 0.00566415
v 0.00199987 0.00053206 0.00651726
v 0.0019999 0.0014581 0.00372483
v -1E-07 0.00145804 0.0037248
v -1.3E-07 0.000532 0.00651723
v 0.00499963 0.00868557 0.00675017
v 0.00499968 0.00671045 0.00741439
v 0.00499964 0.00738147 0.00815582
v 0.00499967 0.0058531 0.00931367
v 0.00499971 0.00414689 0.01018853
v 0.0049997 0.00513505 0.00858104
v 0.00199968 0.00671036 0.00741434
v 0.0019997 0.00513496 0.00858099
v -3.3E-07 0.00585295 0.00931359
v -3.7E-07 0.00868542 0.00675008
v 0.00199974 0.00545278 0.00584519
v 0.00199974 0.00527403 0.00600696
v 0.00199974 0.00506177 0.00612125
v -2.6E-07 0.00545271 0.00584516
v -3.6E-07 0.00738132 0.00815574
v -2.6E-07 0.00527397 0.00600692
v -2.5E-07 0.00506171 0.00612122
v 0.00499974 0.00336232 0.00941793
v 0.00499975 0.00231469 0.01075382
v -2.5E-07 0.00231454 0.01075374
v 0.00499979 0.00146039 0.0098929
v 0.00199974 0.00336223 0.00941788
v 0.00199979 0.0014603 0.00989285
v 0.00499985 -0.00049767 0.00998769
v 0.0049998 0.00041216 0.01099236
v -2E-07 0.00041201 0.01099228
v 0.00199976 0.00458727 0.00618398
v -2.5E-07 0.00482827 0.00618139
v 0.00199975 0.00482833 0.00618142
v -2.4E-07 0.00458722 0.00618394
v -2.3E-07 0.00435255 0.00612874
v 0.00199977 0.0043526 0.00612878
v -2.2E-07 0.00395577 0.00586104
v 0.00199979 0.00395584 0.00586108
v -2.2E-07 0.00413791 0.00601898
v 0.00199978 0.00413797 0.00601901
v -2.9E-07 0.00414674 0.01018845
v 0.00199986 0.00062502 0.00722035
v 0.00199986 0.00065153 0.00698074
v 0.00199987 0.00061994 0.00674175
v -1.4E-07 0.00065148 0.00698071
v -1.4E-07 0.00062495 0.00722031
v -1.3E-07 0.00061988 0.00674171
v 0.00199986 0.00054194 0.00744665
v -1.4E-07 0.00054186 0.00744662
v 1E-07 -0.00387339 0.00099843
v 0.0020001 -0.00387333 0.00099846
v 0.00200007 -0.00463066 0.00386827
v 0.00200007 -0.00352183 0.00189641
v 0.00200004 -0.00296566 0.00268415
v 1E-08 -0.00223719 0.00331586
v 0.00200001 -0.00223713 0.0033159
v 5E-08 -0.00296572 0.00268411
v 7E-08 -0.00352189 0.00189638
v 0.00199988 0.00039302 0.00632032
v 0.00199992 0.00052432 0.00396553
v 0.0019999 -3.75E-06 0.00605263
v 0.00199991 -0.00023841 0.00599742
v 0.00199989 0.00021088 0.00616238
v 0.00199995 -0.00043992 0.00397576
v 0.00199992 -0.00092518 0.00617445
v 0.00199998 -0.00137858 0.00375494
v 0.00199992 -0.00071292 0.00606015
v 0.00199991 -0.00047948 0.00599998
v 0.00199993 -0.00110391 0.00633621
v -5E-08 -0.00043998 0.00397572
v -8E-08 0.00052426 0.00396549
v -1.2E-07 0.00039297 0.00632029
v -9E-08 -0.00023848 0.00599739
v -1E-07 -3.81E-06 0.00605259
v -8E-08 -0.00047953 0.00599995
v -1.1E-07 0.00021083 0.00616235
v -8E-08 -0.00071297 0.00606012
v 0.00199993 -0.00123874 0.00653606
v 0.00200004 -0.00421653 0.00492624
v 0.00200005 -0.00419 0.00468662
v 0.00200005 -0.0042216 0.00444763
v 0.00200006 -0.00430948 0.00422314
v 0.00200006 -0.00444853 0.00402621
v 0.00200004 -0.00429962 0.00515254
v -2E-08 -0.00137864 0.00375491
v -7E-08 -0.00110397 0.00633618
v -7E-08 -0.00092523 0.00617441
v 5E-08 -0.00419008 0.00468659
v 4E-08 -0.00421659 0.0049262
v 6E-08 -0.00430954 0.00422311
v -7E-08 -0.00123881 0.00653602
v 5E-08 -0.00422167 0.0044476
v 4E-08 -0.00429968 0.00515251
v 0.00200023 -0.00941779 0.0033622
v 0.00200021 -0.00733592 0.00059029
v 0.0020002 -0.00710125 0.0006455
v 0.00500023 -0.00941769 0.00336225
v 0.00500012 -0.00815559 0.0073814
v 0.00500017 -0.0085808 0.00513498
v 0.00200017 -0.0085809 0.00513493
v 0.00200008 -0.00484529 0.00375851
v 0.00200011 -0.00555446 0.00376604
v 0.00200019 -0.00662675 0.00058276
v 0.0020001 -0.00532102 0.00370586
v 0.00200009 -0.00507996 0.0037033
v 9E-08 -0.00508002 0.00370327
v 8E-08 -0.00484535 0.00375848
v 1E-07 -0.00532109 0.00370583
v 7E-08 -0.00463071 0.00386824
v 2E-07 -0.00710131 0.00064546
v 2.1E-07 -0.00733598 0.00059026
v 1.9E-07 -0.00686026 0.0006429
v 0.0020002 -0.00686019 0.00064293
v 0.00200011 -0.00594547 0.0040421
v 0.00200011 -0.00576671 0.00388033
v 1.9E-07 -0.00662682 0.00058273
v 1.1E-07 -0.00616344 0.00446821
v 1.1E-07 -0.00608035 0.00424191
v 1.1E-07 -0.00594552 0.00404206
v 1.1E-07 -0.00576679 0.0038803
v 1E-07 -0.00555453 0.003766
v 6E-08 -0.00444859 0.00402618
v 0.00200011 -0.0060803 0.00424194
v 0.00200006 -0.00505889 0.00568861
v 5E-08 -0.0048255 0.0056284
v 0.00200005 -0.00482545 0.00562844
v 6E-08 -0.00505894 0.00568857
v 5E-08 -0.00461324 0.00551412
v 0.00200005 -0.00461319 0.00551415
v 0.00200006 -0.00529995 0.00569117
v 4E-08 -0.00443451 0.00535234
v 0.00200004 -0.00443445 0.00535238
v 9E-08 -0.00607049 0.0051713
v 9E-08 -0.00593144 0.00536823
v 0.0020001 -0.00607042 0.00517133
v 0.00200009 -0.00593139 0.00536827
v 0.00200007 -0.00553462 0.00563596
v 6E-08 -0.00530001 0.00569114
v 8E-08 -0.00574932 0.00552617
v 7E-08 -0.00553468 0.00563593
v 0.00200008 -0.00574925 0.0055262
v 0.0020001 -0.0061583 0.00494684
v 0.00200011 -0.0061899 0.00470785
v 0.00200011 -0.00616339 0.00446824
v 1E-07 -0.00615836 0.00494681
v 1.1E-07 -0.00618995 0.00470782
v 1.2E-07 -0.00815574 0.00738132
v 0.00499986 -0.00150288 0.01089691
v 0.00499991 -0.00243659 0.00969866
v 0.00199985 -0.00049775 0.00998764
v 0.00199991 -0.00243668 0.00969861
v -1.4E-07 -0.00150303 0.01089683
v 0.00499998 -0.00428187 0.00903692
v 0.00199998 -0.00428194 0.00903687
v 0.00499999 -0.00513918 0.00972568
v 0.00499992 -0.00337227 0.01047037
v -8E-08 -0.00337242 0.01047028
v -7E-08 -0.00132189 0.00676233
v 0.00199993 -0.00132183 0.00676236
v 0.00199987 1.609E-05 0.00792255
v -1.4E-07 0.0002283 0.00780823
v 0.00199986 0.00022835 0.00780826
v -1.3E-07 1.604E-05 0.00792252
v -1.4E-07 0.00040703 0.00764646
v 0.00199986 0.00040709 0.00764649
v 0.00199988 -0.0004584 0.00798529
v -1.3E-07 -0.0002174 0.00798269
v 0.00199987 -0.00021735 0.00798273
v -9E-08 -0.00122894 0.00746541
v -1E-07 -0.0010899 0.00766235
v 0.00199991 -0.00122888 0.00746545
v 0.0019999 -0.00108985 0.00766238
v -1.1E-07 -0.00069313 0.00793005
v -1.2E-07 -0.00045846 0.00798525
v 0.00199989 -0.00069307 0.00793008
v -1E-07 -0.00090776 0.00782029
v 0.0019999 -0.00090771 0.00782032
v 0.00199992 -0.00131676 0.00724096
v 0.00199992 -0.00134836 0.00700197
v -8E-08 -0.00134841 0.00700193
v -8E-08 -0.00131682 0.00724093
v 0.00500006 -0.00674993 0.0086855
v -1E-08 -0.00513933 0.0097256
v 0.00500005 -0.00596258 0.0080279
v 0.00500011 -0.00741416 0.00671037
v 0.00200004 -0.00596267 0.00802785
v 6E-08 -0.00675008 0.00868541
v 0.00200011 -0.00741424 0.00671032
v 1.08E-06 -0.02803509 -0.01458369
v 0.00290281 -0.03095908 -0.01781451
v 0.00274003 -0.03092401 -0.01777575
v 0.00245429 -0.0308128 -0.01765287
v 0.00204667 -0.03056042 -0.01737402
v 0.00109018 -0.02961683 -0.0163314
v 1.13E-06 -0.02861757 -0.01669829
vn 2E-05 -0.21166 -0.97734
vn 2E-05 -0.21166 -0.97734
vn 2E-05 -0.21167 -0.97734
vn 2E-05 -0.21166 -0.97734
vn 2E-05 -0.21166 -0.97734
vn 2E-05 -0.21166 -0.97734
vn -2E-05 0.86829 -0.49605
vn -2E-05 0.86829 -0.49605
vn -3E-05 0.8683 -0.49604
vn 1E-05 0.86824 -0.49614
vn -2E-05 0.86835 -0.49595
vn 0.89987 0.00976 -0.43604
vn 0.7138 0.33478 -0.61515
vn 0.68164 0.37053 -0.63093
vn 0.82085 0.18312 -0.54099
vn 0.91268 -0.03446 -0.40722
vn 0.88127 0.05881 -0.46894
vn 0.92378 -0.08103 -0.37426
vn 0.5865 0.46643 -0.66217
vn 0.83802 0.15141 -0.5242
vn 0.78333 0.24172 -0.57267
vn 0.47303 0.55649 -0.68305
vn 0.38681 0.61349 -0.68848
vn 0.32025 0.65053 -0.68866
vn 0.26845 0.67777 -0.68452
vn 0.51477 0.52461 -0.67809
vn 0.92378 -0.08103 -0.37426
vn 0.92378 -0.08103 -0.37426
vn 0.04371 0.7615 -0.64669
vn 0.01454 0.76919 -0.63886
vn 0.08769 0.74831 -0.65753
vn 0.15528 0.72552 -0.67045
vn 0.10841 0.74133 -0.66233
vn -1E-05 0.77269 -0.63479
vn 2E-05 -0.2979 -0.9546
vn 0.68987 0.24801 -0.68012
vn 0.57485 0.28032 -0.76875
vn 0.53152 0.18179 -0.82731
vn 0.5394 0.3747 -0.75409
vn 0.71194 0.42639 -0.55797
vn 0.73881 0.1723 -0.65152
vn 0.81932 0.12087 -0.56046
vn 0.85596 0.01856 -0.5167
vn 0.74457 0.145 -0.65161
vn 0.74419 -0.03365 -0.66712
vn 0.72052 0.05746 -0.69105
vn 0.72052 -0.12671 -0.68175
vn 0.74419 -0.20829 -0.63466
vn 0.85084 -0.02646 -0.52476
vn 0.57486 -0.14953 -0.80447
vn 0.53153 -0.04269 -0.84597
vn 0.57485 0.06779 -0.81544
vn 0.87026 -0.15798 -0.46657
vn 0.86911 -0.15423 -0.46995
vn 0.86438 -0.27718 -0.41955
vn 0.85886 -0.26508 -0.43828
vn 0.87239 -0.09537 -0.47942
vn 0.92232 -0.1357 -0.3618
vn 0.30795 0.54997 -0.77633
vn 0.37515 0.43052 -0.82092
vn 0.52046 0.39658 -0.7562
vn 0.31839 0.53974 -0.7793
vn 0.3131 0.32534 -0.89226
vn 0.53386 0.55806 -0.63526
vn 0.08397 0.66116 -0.74553
vn 0.34206 0.68787 -0.64018
vn 0.0926 0.65366 -0.7511
vn 0.11244 0.74197 -0.66094
vn 0.15271 0.57128 -0.80642
vn 0.08771 0.45826 -0.88448
vn 0.15331 0.33851 -0.92839
vn 0.12061 0.76201 -0.63624
vn 0.116 0.75223 -0.64861
vn 0.37516 -0.04672 -0.92578
vn 0.31311 0.07867 -0.94645
vn 0.09329 0.00179 -0.99564
vn 0.08881 0.23668 -0.96752
vn 0.15052 0.08189 -0.98521
vn 0.37516 0.19893 -0.90536
vn 0.53154 -0.63668 -0.55867
vn 0.31312 -0.79081 -0.5259
vn 0.72053 -0.45577 -0.52259
vn 0.57487 -0.53782 -0.61666
vn 0.53153 -0.46693 -0.70672
vn 0.57487 -0.35627 -0.73661
vn 0.53153 -0.26414 -0.8048
vn 0.72053 -0.30192 -0.62425
vn 0.7442 -0.3682 -0.55731
vn 0.37518 -0.69675 -0.61138
vn 0.31311 -0.41352 -0.85496
vn 0.1011 -0.23293 -0.96723
vn 0.14434 -0.18084 -0.97286
vn 0.31311 -0.17356 -0.93372
vn 0.37517 -0.28907 -0.88073
vn 0.37517 -0.51098 -0.7734
vn 0.13474 -0.43145 -0.89202
vn 0.11224 -0.45394 -0.88393
vn 0.10825 -0.80902 -0.57773
vn 0.13827 -0.82469 -0.54843
vn 0.12158 -0.64892 -0.75108
vn 0.12633 -0.65202 -0.74761
vn 0.31312 -0.62423 -0.71575
vn 0.57487 -0.68133 -0.45311
vn 0.72054 -0.57739 -0.38399
vn 0.85681 -0.36197 -0.36722
vn 0.83513 -0.41346 -0.36279
vn 0.7442 -0.50208 -0.44055
vn 0.73736 -0.59365 -0.3223
vn 0.78342 -0.55468 -0.28035
vn 0.71657 -0.64648 -0.26192
vn 0.84313 -0.45386 -0.28836
vn 0.6094 -0.76478 -0.20915
vn 0.58622 -0.77898 -0.22257
vn 0.44362 -0.88749 -0.12478
vn 0.53154 -0.76141 -0.37111
vn 0.09822 -0.92343 -0.37098
vn 0.16344 -0.98593 -0.03505
vn 0.09147 -0.98552 -0.14279
vn 0.26048 -0.96515 -0.0251
vn 0.14675 -0.93891 -0.31131
vn 0.0717 -0.993 0.09383
vn 0.31311 -0.90146 -0.29889
vn 0.38983 -0.91031 -0.1392
vn 0.37517 -0.83325 -0.40613
vn -1E-05 0.75734 -0.65302
vn -1E-05 0.76761 -0.64092
vn -1E-05 0.75724 -0.65313
vn -1E-05 0.65648 -0.75434
vn 0 0.46003 -0.8879
vn -1E-05 0.65648 -0.75435
vn -1E-05 0.7468 -0.66505
vn -1E-05 0.7467 -0.66516
vn 1E-05 0.23761 -0.97136
vn 0 0.46003 -0.8879
vn 1E-05 0.23762 -0.97136
vn 2E-05 0.0018 -1
vn 2E-05 0.0018 -1
vn -0.11233 0.2361 -0.96521
vn -0.12139 0.45663 -0.88134
vn -0.10116 0.00178 -0.99487
vn -0.09262 0.65365 -0.75111
vn -0.10979 0.63837 -0.76186
vn -0.13458 0.21264 -0.96782
vn -0.12643 0.4607 -0.8785
vn 2E-05 -0.23413 -0.97221
vn 3E-05 -0.65377 -0.7567
vn 3E-05 -0.8138 -0.58115
vn 3E-05 -0.81381 -0.58113
vn 3E-05 -0.45683 -0.88955
vn 3E-05 -0.98967 -0.14339
vn 3E-05 -0.92791 -0.3728
vn 4E-05 -0.92792 -0.37278
vn 3E-05 -0.98967 -0.14339
vn 3E-05 -0.99557 0.09407
vn 3E-05 -0.99557 0.09407
vn -0.08881 -0.45503 -0.88604
vn -0.14421 -0.04989 -0.98829
vn -0.15043 -0.30831 -0.93931
vn -0.31307 -0.29619 -0.90236
vn -0.09331 -0.23311 -0.96796
vn -0.3751 -0.77188 -0.51332
vn -0.37511 -0.6093 -0.6986
vn -0.08768 -0.65125 -0.75378
vn -0.31305 -0.71388 -0.6264
vn -0.15271 -0.74285 -0.65181
vn -0.0899 -0.81052 -0.57878
vn -0.31305 -0.52354 -0.7924
vn -0.15327 -0.54474 -0.82448
vn -0.37511 -0.40362 -0.83449
vn -0.14876 -0.88891 -0.43325
vn -0.31305 -0.85373 -0.41611
vn -0.14143 -0.97273 -0.18384
vn -0.37512 -0.87988 -0.29171
vn -0.31307 -0.93321 -0.17637
vn -0.09549 -0.92367 -0.3711
vn -0.10442 -0.98426 -0.14261
vn -0.29266 -0.95505 0.04719
vn -0.07165 -0.99301 0.09383
vn -0.35326 -0.93057 -0.09611
vn -0.12431 -0.99203 0.02044
vn -0.47805 -0.87686 -0.0508
vn 0.91062 -0.24365 -0.33377
vn 0.89626 -0.31623 -0.31099
vn 0.92378 -0.08103 -0.37426
vn 0.92232 -0.1357 -0.36181
vn 0.92127 -0.15548 -0.3565
vn 0.88766 -0.34843 -0.30109
vn 0.80854 -0.54366 -0.22514
vn 0.75339 -0.63166 -0.18278
vn 0.85349 -0.44887 -0.26471
vn 0.71554 -0.68127 -0.1545
vn 0.83312 -0.49608 -0.24455
vn 0.6528 -0.7486 -0.11598
vn 0.35652 -0.93283 0.05225
vn 0.10345 -0.98027 0.16843
vn 0.30486 -0.9494 0.07551
vn 0.4911 -0.87086 -0.02084
vn 0.12305 -0.97927 0.1609
vn 0.55567 -0.82961 -0.05462
vn 1E-05 -0.77269 0.63479
vn 1E-05 -0.77269 0.63479
vn -2E-05 0.97734 -0.21166
vn -3E-05 0.97734 -0.21166
vn 2E-05 -0.2979 -0.9546
vn 3E-05 -0.97734 0.21166
vn 3E-05 -0.97734 0.21166
vn -2E-05 0.86829 -0.49605
vn -2E-05 0.86829 -0.49605
vn -0.06636 0.75495 -0.65241
vn -0.1183 0.73821 -0.66411
vn -0.10845 0.74134 -0.66231
vn -0.02209 0.7673 -0.6409
vn -1E-05 0.77269 -0.63479
vn -0.32043 0.65079 -0.68833
vn -0.19673 0.70961 -0.67658
vn -0.29726 0.66223 -0.68782
vn -0.42552 0.58963 -0.68649
vn 2E-05 -0.21166 -0.97734
vn -5E-05 0.86822 -0.49619
vn -2E-05 0.86829 -0.49606
vn -2E-05 0.86829 -0.49605
vn 3E-05 -0.21166 -0.97734
vn -2E-05 0.86829 -0.49605
vn 2E-05 -0.21166 -0.97734
vn 2E-05 -0.21166 -0.97734
vn 2E-05 -0.21166 -0.97734
vn 2E-05 -0.21166 -0.97734
vn 3E-05 -0.21166 -0.97734
vn 2E-05 -0.21167 -0.97734
vn 2E-05 -0.21166 -0.97734
vn 2E-05 -0.21166 -0.97734
vn 2E-05 -0.21166 -0.97734
vn 2E-05 -0.21166 -0.97734
vn 2E-05 -0.21166 -0.97734
vn 2E-05 -0.21166 -0.97734
vn -0.11249 0.74206 -0.66083
vn -0.12064 0.762 -0.63624
vn -0.11599 0.75213 -0.64873
vn -0.3131 0.44107 -0.84109
vn -0.30609 0.62603 -0.71722
vn -0.35981 0.51232 -0.77979
vn -0.49908 0.49792 -0.70922
vn -0.37514 0.31753 -0.87089
vn -0.5315 0.07014 -0.84415
vn -0.31308 0.2038 -0.9276
vn -0.31307 -0.04789 -0.94852
vn -0.37513 0.07677 -0.92379
vn -0.53151 0.29015 -0.79581
vn -0.56466 0.35774 -0.74376
vn -0.57484 0.17558 -0.79921
vn -0.73016 0.17891 -0.65943
vn -0.67313 0.3561 -0.64814
vn -0.7205 0.14879 -0.6773
vn -0.83628 0.14837 -0.52785
vn -0.75053 0.18937 -0.63312
vn -0.74416 -0.12211 -0.65674
vn -0.72049 -0.21629 -0.65887
vn -0.74416 -0.29087 -0.60135
vn -0.37512 -0.16942 -0.91136
vn -0.53149 -0.15482 -0.8328
vn -0.53149 -0.36883 -0.76255
vn -0.57482 -0.25521 -0.77746
vn -0.74417 0.05531 -0.6657
vn -0.7205 -0.03497 -0.69258
vn -0.57483 -0.04126 -0.81723
vn -0.83202 0.04593 -0.55285
vn -0.86707 -0.09108 -0.48979
vn -0.86415 -0.10624 -0.49188
vn -0.85397 0.01562 -0.52008
vn -0.86919 -0.26149 -0.41968
vn -0.9223 -0.13576 -0.36183
vn -0.87486 -0.15634 -0.45844
vn -0.86325 -0.2198 -0.45442
vn -0.5315 -0.70533 -0.46906
vn -0.57482 -0.61508 -0.53968
vn -0.72049 -0.38227 -0.57859
vn -0.72048 -0.52127 -0.45736
vn -0.74416 -0.43908 -0.50343
vn -0.57483 -0.45107 -0.68272
vn -0.53148 -0.55678 -0.63838
vn -0.7131 -0.63019 -0.30717
vn -0.53147 -0.80404 -0.26657
vn -0.55904 -0.80548 -0.19664
vn -0.57483 -0.73555 -0.35852
vn -0.64673 -0.75157 -0.12996
vn -0.71708 -0.64634 -0.26086
vn -0.83098 -0.45904 -0.31425
vn -0.85597 -0.36234 -0.36882
vn -0.8216 -0.53643 -0.19291
vn -0.72693 -0.60742 -0.32033
vn -0.74415 -0.55625 -0.36991
vn -0.81533 -0.48212 -0.32061
vn -0.85055 -0.34568 -0.39633
vn -0.92376 -0.08109 -0.37429
vn -0.7161 0.3321 -0.61393
vn -0.51478 0.52458 -0.67809
vn -0.68164 0.3705 -0.63094
vn -0.82299 0.17925 -0.53904
vn -0.58075 0.47155 -0.6636
vn -0.78332 0.24166 -0.57273
vn -0.91315 -0.03642 -0.40599
vn -0.91266 -0.03452 -0.40725
vn -0.88314 0.05417 -0.46597
vn -0.88125 0.05876 -0.46898
vn -0.92376 -0.08109 -0.37429
vn -0.83802 0.15135 -0.52423
vn -0.92376 -0.08109 -0.37429
vn -0.92376 -0.08108 -0.37429
vn -0.06695 -0.98065 0.18397
vn -0.20292 -0.9712 0.12486
vn -0.10298 -0.98049 0.16744
vn -0.35825 -0.93225 0.0507
vn -0.30469 -0.94948 0.07522
vn -0.49113 -0.87084 -0.02064
vn -0.9223 -0.13575 -0.36184
vn -0.91179 -0.24309 -0.33098
vn -0.91777 -0.19201 -0.34761
vn -0.88763 -0.34849 -0.30111
vn -0.66921 -0.7325 -0.12492
vn -0.65295 -0.74854 -0.11551
vn -0.52336 -0.8513 -0.03707
vn -0.78619 -0.58254 -0.20629
vn -0.75331 -0.63171 -0.18291
vn -0.80847 -0.54374 -0.22521
vn -0.87124 -0.4023 -0.28125
vn -0.85344 -0.44892 -0.26479
vn -2E-05 0.86829 -0.49605
vn -2E-05 0.86829 -0.49605
vn 0.98146 -0.09507 -0.16644
vn 0.98146 -0.09507 -0.16644
vn 0.97786 -0.16899 -0.1234
vn 0.94804 -0.31653 -0.03226
vn 0.97713 -0.17595 -0.11941
vn 0.88162 -0.46693 0.06877
vn 0.94132 -0.33696 -0.01951
vn 0.77356 -0.60925 0.1744
vn 0.86599 -0.49256 0.0863
vn 0.63018 -0.72661 0.2737
vn 0.75114 -0.63172 0.19162
vn 0.4606 -0.81124 0.36018
vn 0.60204 -0.74417 0.2894
vn 0.27696 -0.85972 0.42916
vn 0.42858 -0.82277 0.37333
vn 0.09159 -0.87331 0.47847
vn 0.25164 -0.8637 0.43669
vn 0.08316 -0.87323 0.48017
vn 2E-05 -0.86829 0.49605
vn 2E-05 -0.86829 0.49605
vn -0.98146 0.09507 0.16644
vn -0.98146 0.09507 0.16644
vn -2E-05 0.86829 -0.49605
vn 0.98126 -0.11235 -0.15652
vn 0.97967 -0.14703 -0.13647
vn 0.97582 -0.18714 -0.11294
vn 0.96752 -0.23949 -0.08097
vn 0.97382 -0.20205 -0.10413
vn -2E-05 0.86829 -0.49605
vn -2E-05 0.86829 -0.49605
vn 0.98146 -0.09507 -0.16644
vn 0.95058 -0.30818 -0.03767
vn 0.91074 -0.41187 0.03009
vn 0.98146 -0.09507 -0.16644
vn 0.98146 -0.09507 -0.16644
vn 2E-05 -0.21166 -0.97734
vn 2E-05 -0.21166 -0.97734
vn -2E-05 0.2979 0.9546
vn -4E-05 0.2979 0.9546
vn -2E-05 0.2979 0.9546
vn -3E-05 0.2979 0.9546
vn -3E-05 0.2979 0.9546
vn -3E-05 0.2979 0.9546
vn -2E-05 0.2979 0.9546
vn -2E-05 0.2979 0.9546
vn 3E-05 -0.21166 -0.97734
vn 2E-05 -0.21166 -0.97734
vn 0.92079 -0.15928 -0.35605
vn 2E-05 -0.21166 -0.97734
vn 2E-05 -0.21166 -0.97734
vn 2E-05 -0.21166 -0.97734
vn 2E-05 -0.21166 -0.97734
vn 2E-05 -0.21165 -0.97735
vn 3E-05 -0.21166 -0.97734
vn 2E-05 -0.21167 -0.97734
vn 2E-05 -0.21166 -0.97734
vn 2E-05 -0.21166 -0.97734
vn 2E-05 -0.21167 -0.97734
vn 2E-05 -0.21167 -0.97734
vn 2E-05 -0.21166 -0.97734
vn 2E-05 -0.86829 0.49605
vn -2E-05 0.2979 0.9546
vn 2E-05 -0.86829 0.49605
vn 2E-05 -0.86829 0.49605
vn -3E-05 0.49605 0.86829
vn 2E-05 -0.86829 0.49605
vn -2E-05 0.86829 -0.49605
vn -3E-05 0.49605 0.86829
vn -0.98146 0.09507 0.16644
vn 2E-05 -0.86829 0.49605
vn -0.98145 -0.09512 -0.16647
vn 2E-05 -0.86829 0.49606
vn -3E-05 0.49605 0.86829
vn -3E-05 0.49605 0.86829
vn -2E-05 0.2979 0.9546
vn -0.97714 -0.01341 -0.21219
vn -3E-05 0.8683 -0.49604
vn -2E-05 0.86829 -0.49605
vn 0.98145 0.09513 0.16647
vn 2E-05 -0.86829 0.49605
vn 0.98145 0.09513 0.16647
vn -2E-05 0.86829 -0.49605
vn -2E-05 0.86829 -0.49605
vn -0.06312 0.86031 -0.50585
vn -0.10596 0.85289 -0.51123
vn -0.24369 0.81737 -0.52204
vn -0.0209 0.86607 -0.49948
vn -0.14912 0.84377 -0.51558
vn -0.19276 0.8327 -0.51909
vn -0.25125 0.81486 -0.52238
vn -0.31709 0.79104 -0.52317
vn -0.08301 0.857 -0.50859
vn -0.4281 0.73972 -0.51918
vn -0.42495 0.74139 -0.51937
vn -0.57968 0.64464 -0.49841
vn -0.90756 0.24339 -0.34221
vn 2E-05 -0.86829 0.49605
vn -0.94119 0.15446 -0.30052
vn -0.60167 0.62757 -0.49411
vn -0.76331 0.47201 -0.44109
vn -0.86578 0.32472 -0.38077
vn -0.97387 0.01454 -0.22666
vn -0.75113 0.4866 -0.44613
vn -0.98145 -0.09513 -0.16647
vn -2E-05 0.86829 -0.49605
vn -2E-05 0.86829 -0.49605
vn 2E-05 -0.86829 0.49605
vn 2E-05 -0.21176 -0.97732
vn -0.98145 -0.09513 -0.16647
vn 2E-05 -0.21166 -0.97734
vn 1E-05 -0.21166 -0.97734
vn -0.98145 -0.09513 -0.16647
vn 2E-05 -0.21165 -0.97734
vn 2E-05 -0.21166 -0.97734
vn 3E-05 -0.21166 -0.97734
vn 2E-05 -0.21166 -0.97734
vn 3E-05 -0.21166 -0.97734
vn 2E-05 -0.21166 -0.97734
vn 2E-05 -0.21166 -0.97734
vn 2E-05 -0.21167 -0.97734
vn 2E-05 -0.21166 -0.97734
vn 2E-05 -0.21166 -0.97734
vn 2E-05 -0.21166 -0.97734
vn 2E-05 -0.21166 -0.97734
vn -0.91767 -0.19256 -0.34757
vn 3E-05 -0.21167 -0.97734
vn 2E-05 -0.21166 -0.97734
vn 2E-05 -0.21166 -0.97734
vn 0.98145 0.09513 0.16647
vn -0.98145 -0.09513 -0.16647
vn -2E-05 0.86829 -0.49605
vn -0.97162 -0.21673 -0.09482
vn -0.98145 -0.09513 -0.16647
vn -0.9639 -0.25687 -0.0701
vn -0.94888 -0.31376 -0.0344
vn -0.94522 -0.32531 -0.02709
vn -0.98125 -0.11251 -0.1565
vn -0.97964 -0.14739 -0.13632
vn -0.97752 -0.17203 -0.12192
vn -0.97642 -0.18218 -0.1158
vn -1E-05 0.74143 -0.67103
vn -1 -3E-05 -2E-05
vn -1E-05 0.74143 -0.67103
vn -1E-05 0.74143 -0.67103
vn -1 -3E-05 -2E-05
vn 1 3E-05 2E-05
vn 1 3E-05 2E-05
vn 1 3E-05 2E-05
vn 1 3E-05 2E-05
vn 1 3E-05 2E-05
vn 1 3E-05 2E-05
vn 1 4E-05 1E-05
vn 1 3E-05 2E-05
vn 1 4E-05 1E-05
vn -1 -3E-05 -2E-05
vn -1 -3E-05 -2E-05
vn -1 -3E-05 -2E-05
vn -1 -3E-05 -2E-05
vn -2E-05 0.04835 0.99883
vn 1 3E-05 2E-05
vn 1 3E-05 3E-05
vn 1 3E-05 2E-05
vn -1 -3E-05 -2E-05
vn 1 3E-05 2E-05
vn 1 3E-05 2E-05
vn 1 2E-05 1E-05
vn 1 4E-05 3E-05
vn 1 2E-05 -0
vn 1 3E-05 2E-05
vn 1 3E-05 2E-05
vn -1 -3E-05 -2E-05
vn -1 -2E-05 -0
vn -1 -4E-05 -2E-05
vn -1 -3E-05 -2E-05
vn -1 -3E-05 -2E-05
vn 1 3E-05 2E-05
vn 1 3E-05 2E-05
vn -1 -3E-05 -2E-05
vn -1 -3E-05 0
vn -1 -3E-05 -2E-05
vn 1 3E-05 1E-05
vn 1 3E-05 2E-05
vn 1 3E-05 2E-05
vn 1 3E-05 -1E-05
vn 1 3E-05 2E-05
vn 1 3E-05 2E-05
vn -1 -3E-05 -2E-05
vn -1 -4E-05 -2E-05
vn -1 -3E-05 -2E-05
vn -1 -5E-05 -2E-05
vn -1 -3E-05 -2E-05
vn -1 -3E-05 -2E-05
vn -1 -2E-05 -1E-05
vn 3E-05 -0.93122 0.36447
vn 2E-05 -0.81692 0.57675
vn 1E-05 -0.65513 0.75552
vn 1E-05 -0.65516 0.75549
vn 0 -0.45531 0.89033
vn 2E-05 -0.93119 0.36452
vn 1E-05 -0.81689 0.5768
vn -1E-05 -0.22899 0.97343
vn -1E-05 -0.22898 0.97343
vn -2E-05 0.0106 0.99994
vn 3E-05 -0.99393 -0.10997
vn 3E-05 -0.99394 -0.10997
vn 3E-05 -0.93873 -0.34466
vn 3E-05 -0.93873 -0.34466
vn 3E-05 -0.99137 0.13107
vn 3E-05 -0.82897 -0.55929
vn 3E-05 -0.82897 -0.55929
vn -3E-05 0.4741 0.88047
vn -2E-05 0.2496 0.96835
vn -2E-05 0.2496 0.96835
vn -3E-05 0.82897 0.55929
vn -3E-05 0.67103 0.74143
vn -3E-05 0.67103 0.74143
vn -3E-05 0.93873 0.34466
vn -3E-05 0.93873 0.34466
vn -2E-05 0.81692 -0.57675
vn -2E-05 0.9312 -0.36452
vn -1E-05 0.81689 -0.5768
vn -2E-05 0.93119 -0.36452
vn -3E-05 0.99137 -0.13107
vn -3E-05 0.99138 -0.13101
vn -3E-05 0.99394 0.10997
vn -4E-05 0.99393 0.11003
vn 1E-05 -0.80363 0.59513
vn -1E-05 0.79709 -0.60386
vn -2E-05 0.88984 -0.45627
vn -1E-05 0.79709 -0.60386
vn 1E-05 -0.80364 0.59512
vn 2E-05 -0.90429 0.42691
vn -1 -3E-05 -2E-05
vn -1 -3E-05 -1E-05
vn -1 -3E-05 -2E-05
vn -1 -3E-05 -2E-05
vn -1 -3E-05 -1E-05
vn 1E-05 -0.67209 0.74047
vn -1 -3E-05 -2E-05
vn -0 -0.51472 0.85736
vn 1E-05 -0.67209 0.74047
vn 0 -0.51471 0.85736
vn 1 3E-05 2E-05
vn -1 -3E-05 -1E-05
vn 1 3E-05 2E-05
vn 1 2E-05 2E-05
vn 1 3E-05 2E-05
vn -1 -2E-05 -1E-05
vn -1 -3E-05 -2E-05
vn -1 -3E-05 -2E-05
vn -1 -3E-05 -2E-05
vn 1 3E-05 1E-05
vn -1 -3E-05 -2E-05
vn -1 -4E-05 -3E-05
vn 1 3E-05 2E-05
vn -1 -2E-05 -1E-05
vn 1 3E-05 2E-05
vn -1 -3E-05 -2E-05
vn 1 3E-05 1E-05
vn 1 3E-05 2E-05
vn -1 -3E-05 -2E-05
vn 1 3E-05 1E-05
vn 1 3E-05 2E-05
vn -1 -3E-05 -2E-05
vn 1E-05 -0.65516 0.75549
vn 1E-05 -0.8169 0.57678
vn 1E-05 -0.65516 0.75549
vn -0 -0.45529 0.89034
vn -1E-05 -0.22901 0.97343
vn -2E-05 0.01063 0.99994
vn -1E-05 -0.22901 0.97342
vn 1E-05 -0.8169 0.57678
vn -2E-05 0.01063 0.99994
vn 4E-05 -0.99393 -0.11003
vn 3E-05 -0.99137 0.13107
vn 2E-05 -0.9312 0.36452
vn 3E-05 -0.47408 -0.88048
vn 2E-05 -0.0106 -0.99994
vn 2E-05 -0.24963 -0.96834
vn 3E-05 -0.24962 -0.96834
vn 1 3E-05 2E-05
vn 1 3E-05 2E-05
vn 1 2E-05 2E-05
vn 1 3E-05 2E-05
vn 1 4E-05 1E-05
vn 1 2E-05 2E-05
vn 1 2E-05 2E-05
vn -1 -3E-05 -2E-05
vn -1 -2E-05 -2E-05
vn 3E-05 -0.67103 -0.74143
vn -1 -3E-05 -2E-05
vn 4E-05 -0.671 -0.74146
vn -1 -3E-05 -1E-05
vn -1 -3E-05 -2E-05
vn -1 -3E-05 -2E-05
vn 1 4E-05 2E-05
vn 1 3E-05 2E-05
vn 1 3E-05 2E-05
vn 1 4E-05 3E-05
vn 1 3E-05 2E-05
vn 1 2E-05 1E-05
vn 1 2E-05 1E-05
vn 0 0.45532 -0.89033
vn 1E-05 0.22898 -0.97343
vn 0 0.45531 -0.89033
vn -1E-05 0.65516 -0.75549
vn -1E-05 0.65513 -0.75552
vn -1 -3E-05 -2E-05
vn -1 -3E-05 -2E-05
vn -1 -4E-05 -2E-05
vn -1 -3E-05 -2E-05
vn -1 -3E-05 -2E-05
vn 1 3E-05 1E-05
vn -3E-05 0.47408 0.88048
vn -2E-05 0.24959 0.96835
vn -3E-05 0.2496 0.96835
vn -3E-05 0.67104 0.74142
vn -3E-05 0.47408 0.88048
vn -3E-05 0.82896 0.5593
vn -3E-05 0.99137 -0.13107
vn -3E-05 0.99394 0.10997
vn -3E-05 0.99137 -0.13107
vn -3E-05 0.99394 0.10996
vn 1 3E-05 0
vn 3E-05 -0.99137 0.13106
vn 1 3E-05 2E-05
vn 1 3E-05 2E-05
vn 1 3E-05 1E-05
vn 3E-05 -0.99137 0.13107
vn 3E-05 -0.99393 -0.10998
vn 4E-05 -0.99393 -0.11
vn 1 3E-05 1E-05
vn -1 -3E-05 -1E-05
vn -1 -3E-05 -1E-05
vn -1 -3E-05 -1E-05
vn -1 -3E-05 -2E-05
vn -1 -3E-05 -2E-05
vn -1 -3E-05 -2E-05
vn -2E-05 0.95555 -0.29482
vn -3E-05 0.99223 -0.12441
vn -3E-05 0.99223 -0.12441
vn -1 -3E-05 -2E-05
vn 3E-05 -0.9702 0.24229
vn -1 -3E-05 -2E-05
vn -1 -3E-05 -2E-05
vn -1 -3E-05 -2E-05
vn 3E-05 -0.99883 0.04835
vn -1 -3E-05 -2E-05
vn -3E-05 0.99876 0.04978
vn -3E-05 0.99876 0.04978
vn -1 -4E-05 -2E-05
vn -1 -3E-05 -2E-05
vn -1 -3E-05 -2E-05
vn -1 -2E-05 -1E-05
vn -1 -3E-05 -2E-05
vn -1 -3E-05 -2E-05
vn -1 -3E-05 -2E-05
vn -2E-05 0.0106 0.99994
vn -1E-05 -0.14744 0.98907
vn -1E-05 -0.33756 0.9413
vn -1E-05 -0.33756 0.9413
vn 1 3E-05 1E-05
vn 1 3E-05 2E-05
vn 1 3E-05 2E-05
vn 1 3E-05 2E-05
vn 1 2E-05 3E-05
vn 1 3E-05 1E-05
vn 1 4E-05 0
vn 1 3E-05 1E-05
vn -1 -3E-05 -1E-05
vn -1 -3E-05 -1E-05
vn -1 -2E-05 -3E-05
vn -1 -2E-05 -3E-05
vn -1 -3E-05 -2E-05
vn 3E-05 -0.99137 0.13107
vn 3E-05 -0.99137 0.13107
vn 3E-05 -0.99393 -0.11003
vn 1E-05 -0.65513 0.75552
vn 1E-05 -0.81693 0.57674
vn 3E-05 -0.4741 -0.88047
vn 2E-05 -0.0106 -0.99994
vn 3E-05 -0.47411 -0.88047
vn 2E-05 -0.2496 -0.96835
vn 2E-05 -0.2496 -0.96835
vn -3E-05 0.47408 0.88048
vn -1 -2E-05 -1E-05
vn -2E-05 0.24963 0.96834
vn -2E-05 0.24963 0.96834
vn -1 -4E-05 -2E-05
vn -1 -3E-05 -2E-05
vn -1 -3E-05 -1E-05
vn -1 -3E-05 -2E-05
vn -1 -2E-05 -2E-05
vn -1 -3E-05 -2E-05
vn -1 -3E-05 -2E-05
vn -1 -4E-05 -1E-05
vn -2E-05 0.24229 0.9702
vn -4E-05 0.93873 0.34466
vn -4E-05 0.82896 0.5593
vn -4E-05 0.67101 0.74144
vn -4E-05 0.99393 0.11003
vn -4E-05 0.82896 0.5593
vn -4E-05 0.93873 0.34466
vn -3E-05 0.67104 0.74142
vn -3E-05 0.99393 0.10997
vn -2E-05 0.93119 -0.36452
vn -2E-05 0.9312 -0.36452
vn -3E-05 0.99137 -0.13107
vn 1E-05 0.22899 -0.97343
vn 1E-05 0.22898 -0.97343
vn 2E-05 -0.0106 -0.99994
vn -1E-05 0.65513 -0.75552
vn -1E-05 0.65513 -0.75552
vn -1E-05 0.81692 -0.57675
vn 1 4E-05 3E-05
vn 1 3E-05 2E-05
vn 1 2E-05 1E-05
vn 1 3E-05 1E-05
vn 1 3E-05 2E-05
vn 1 3E-05 3E-05
vn 1 4E-05 3E-05
vn 1 3E-05 2E-05
vn 1 3E-05 2E-05
vn 1 3E-05 1E-05
vn 1 3E-05 2E-05
vn 1 3E-05 2E-05
vn -1 -3E-05 -2E-05
vn -1 -2E-05 0
vn -1 -3E-05 -2E-05
vn -1 -3E-05 -1E-05
vn -1 -3E-05 -2E-05
vn -1 -3E-05 -1E-05
vn -1 -3E-05 -2E-05
vn 1 3E-05 2E-05
vn 1 3E-05 2E-05
vn 1 3E-05 2E-05
vn 1 3E-05 2E-05
vn 1 3E-05 1E-05
vn 1 3E-05 2E-05
vn -1 -3E-05 -2E-05
vn -1 -3E-05 -2E-05
vn -1 -4E-05 -3E-05
vn -1 -3E-05 -1E-05
vn -1 -3E-05 -2E-05
vn -1 -3E-05 -2E-05
vn -1 -2E-05 -1E-05
vn 1 3E-05 2E-05
vn 1 3E-05 2E-05
vn 1 4E-05 2E-05
vn 1 3E-05 2E-05
vn 1 2E-05 2E-05
vn -1 -3E-05 -2E-05
vn -0 -0.4553 0.89034
vn -1 -3E-05 -2E-05
vn -1E-05 -0.229 0.97343
vn -1 -2E-05 -2E-05
vn -0 -0.4553 0.89034
vn -1 -3E-05 -2E-05
vn 2E-05 -0.9312 0.36451
vn 1E-05 -0.81691 0.57677
vn 1E-05 -0.81691 0.57677
vn 1E-05 -0.65514 0.75551
vn 1E-05 -0.65514 0.75551
vn 1 4E-05 2E-05
vn -2E-05 0.24961 0.96835
vn 1 3E-05 2E-05
vn 1 3E-05 2E-05
vn -2E-05 0.24961 0.96835
vn -2E-05 0.01061 0.99994
vn 1 3E-05 2E-05
vn 1 3E-05 2E-05
vn 1 3E-05 2E-05
vn -1 -1E-05 -1E-05
vn -1 -3E-05 -2E-05
vn -1 -4E-05 -2E-05
vn -1 -2E-05 -2E-05
vn -1 -3E-05 -2E-05
vn -1 -5E-05 -2E-05
vn -1 -2E-05 -1E-05
vn -1 -4E-05 -2E-05
vn 1 3E-05 2E-05
vn 1 3E-05 2E-05
vn 1 4E-05 1E-05
vn 1 3E-05 2E-05
vn 1 3E-05 2E-05
vn -3E-05 0.67103 0.74143
vn 1 3E-05 2E-05
vn -1 -2E-05 -3E-05
vn -1 -3E-05 -2E-05
vn -3E-05 0.4741 0.88047
vn -3E-05 0.4741 0.88047
vn -1 -3E-05 -1E-05
vn -3E-05 0.67103 0.74143
vn 1 3E-05 1E-05
vn 1 3E-05 1E-05
vn -1 -3E-05 -2E-05
vn -1 -3E-05 -2E-05
vn 1 2E-05 3E-05
vn 1 3E-05 2E-05
vn 1 3E-05 2E-05
vn 1 3E-05 1E-05
vn 3E-05 -0.67103 -0.74143
vn 2E-05 -0.01063 -0.99994
vn 1E-05 0.22901 -0.97343
vn -1 -3E-05 -2E-05
vn -1 -4E-05 -1E-05
vn -1 -3E-05 -2E-05
vn -1 -3E-05 -4E-05
vn -1 -3E-05 -1E-05
vn -1 -3E-05 -2E-05
vn 1 3E-05 2E-05
vn 1 3E-05 3E-05
vn 1 3E-05 2E-05
vn 1 4E-05 1E-05
vn 1 3E-05 0
vn -1 -3E-05 -2E-05
vn 1 3E-05 2E-05
vn 1 3E-05 2E-05
vn 1 3E-05 2E-05
vn -1E-05 0.8169 -0.57678
vn 0 0.45529 -0.89034
vn -1E-05 0.8169 -0.57678
vn -2E-05 0.93121 -0.36447
vn -2E-05 0.93122 -0.36447
vn -1E-05 0.65516 -0.75549
vn 1E-05 0.22901 -0.97342
vn -1 -3E-05 -2E-05
vn -1 -3E-05 -2E-05
vn -1 -2E-05 -1E-05
vn 1 3E-05 1E-05
vn 1 3E-05 2E-05
vn 1 3E-05 2E-05
vn 3E-05 -0.93873 -0.34466
vn 1 3E-05 2E-05
vn -1 -3E-05 -0
vn -1 -3E-05 -2E-05
vn -1 -3E-05 -3E-05
vn -1 -3E-05 -0
vn -1 -3E-05 -4E-05
vn 1 3E-05 2E-05
vn -1 -3E-05 -2E-05
vn 1 2E-05 1E-05
vn 1 4E-05 2E-05
vn 1 2E-05 1E-05
vn -1 -3E-05 -2E-05
vn -1 -2E-05 -1E-05
vn -0 -0.45529 0.89034
vn 1E-05 -0.8169 0.57678
vn 3E-05 -0.93121 0.36448
vn 2E-05 -0.93119 0.36453
vn 3E-05 -0.99138 0.13101
vn 1 3E-05 2E-05
vn 1 3E-05 2E-05
vn -3E-05 0.82896 0.5593
vn 1 1E-05 3E-05
vn 1 3E-05 2E-05
vn 1 4E-05 1E-05
vn -1 -2E-05 -2E-05
vn -2E-05 0.0106 0.99994
vn -2E-05 0.0106 0.99994
vn -1E-05 -0.22901 0.97343
vn -2E-05 0.24962 0.96834
vn -3E-05 0.24963 0.96834
vn -3E-05 0.47408 0.88048
vn -3E-05 0.97494 0.22246
vn -3E-05 0.97494 0.22246
vn -1 -3E-05 -2E-05
vn -1 -3E-05 -2E-05
vn -1 -3E-05 -1E-05
vn -1 -3E-05 -2E-05
vn 3E-05 -0.98907 -0.14744
vn 3E-05 -0.98907 -0.14743
vn 3E-05 -0.9413 -0.33757
vn 3E-05 -0.9413 -0.33756
vn 4E-05 -0.85736 -0.51471
vn -1 -3E-05 -2E-05
vn -3E-05 0.9215 0.38838
vn 3E-05 -0.85736 -0.51471
vn -1 -3E-05 -2E-05
vn -1 -3E-05 -2E-05
vn 1 3E-05 2E-05
vn 1 3E-05 1E-05
vn 1 3E-05 1E-05
vn 1 3E-05 2E-05
vn 1 2E-05 2E-05
vn 1 3E-05 2E-05
vn 1 3E-05 1E-05
vn -1 -3E-05 -0
vn -1 -3E-05 -2E-05
vn -1 -3E-05 -2E-05
vn -1 -3E-05 -2E-05
vn 3E-05 -0.24959 -0.96835
vn 2E-05 -0.0106 -0.99994
vn -2E-05 0.93121 -0.36447
vn -1 -4E-05 -1E-05
vn -1 -3E-05 -2E-05
vn -1 -3E-05 -2E-05
vn -1 -3E-05 -2E-05
vn -1 -1E-05 -2E-05
vn -1 -3E-05 -2E-05
vn -1 -4E-05 -2E-05
vn -3E-05 0.45627 0.88984
vn -1 -3E-05 -2E-05
vn 1 3E-05 2E-05
vn 1 3E-05 2E-05
vn 1 1E-05 2E-05
vn 1 3E-05 2E-05
vn 1 4E-05 1E-05
vn 1 2E-05 2E-05
vn -1 -3E-05 -2E-05
vn -3E-05 0.60386 0.79709
vn -1 -3E-05 -2E-05
vn 3E-05 -0.74047 -0.67209
vn -3E-05 0.84006 0.54249
vn -3E-05 0.7331 0.68013
vn -1 -3E-05 -2E-05
vn 3E-05 -0.42691 -0.90429
vn 3E-05 -0.59512 -0.80363
vn -1 -3E-05 -2E-05
vn -1 -3E-05 -2E-05
vn -1 -3E-05 -2E-05
vn 3E-05 -0.82896 -0.5593
vn 3E-05 -0.82896 -0.5593
vn -1 -3E-05 -2E-05
vn -1 -2E-05 -2E-05
vn 3E-05 -0.47409 -0.88048
vn -1 -4E-05 -1E-05
vn -1 -3E-05 -2E-05
vn 3E-05 -0.67103 -0.74143
vn 1 4E-05 1E-05
vn 1 3E-05 2E-05
vn 1 4E-05 4E-05
vn 1 3E-05 2E-05
vn 1 3E-05 2E-05
vn 1 3E-05 0
vn 1 3E-05 2E-05
vn -1 -3E-05 -2E-05
vn -1 -4E-05 -1E-05
vn -1 -4E-05 -1E-05
vn -1 -3E-05 -2E-05
vn -1 -3E-05 -2E-05
vn -3E-05 0.9312 -0.36452
vn -3E-05 0.99138 -0.13101
vn -3E-05 0.99137 -0.13107
vn 1 2E-05 1E-05
vn 2E-05 -0.24961 -0.96835
vn 3E-05 -0.24961 -0.96835
vn 1 3E-05 2E-05
vn 1 3E-05 2E-05
vn 1 3E-05 2E-05
vn 1 3E-05 2E-05
vn -1 -3E-05 -2E-05
vn -1 -3E-05 -2E-05
vn -1 -4E-05 -3E-05
vn -1 -2E-05 -1E-05
vn -1 -3E-05 -2E-05
vn 1 3E-05 2E-05
vn 1 3E-05 2E-05
vn 1 3E-05 2E-05
vn 1E-05 0.22899 -0.97343
vn 1 2E-05 2E-05
vn -3E-05 0.4741 0.88047
vn 1 4E-05 2E-05
vn 1 3E-05 2E-05
vn 2E-05 -0.01061 -0.99994
vn -1 -3E-05 -2E-05
vn -1 -3E-05 -2E-05
vn 2E-05 -0.01061 -0.99994
vn -1 -3E-05 -2E-05
vn -1 -2E-05 -2E-05
vn -1 -3E-05 -2E-05
vn -1 -3E-05 -2E-05
vn -0 -0.45531 0.89033
vn -1 -5E-05 -2E-05
vn -1 -3E-05 -2E-05
vn -2E-05 0.01063 0.99994
vn 0 -0.45529 0.89034
vn 1 3E-05 2E-05
vn 1 3E-05 2E-05
vn 1 2E-05 -0
vn -1E-05 0.65514 -0.75551
vn 0 0.4553 -0.89034
vn 0 0.4553 -0.89034
vn 1 3E-05 2E-05
vn 1 3E-05 2E-05
vn 1 3E-05 1E-05
vn 1 3E-05 2E-05
vn 1 3E-05 2E-05
vn -1 -3E-05 -2E-05
vn 1 3E-05 2E-05
vn 1 4E-05 3E-05
vn -1 -3E-05 -1E-05
vn 1 3E-05 0
vn 1 3E-05 1E-05
vn -1 -3E-05 -2E-05
vn -1 -3E-05 -2E-05
vn 1E-05 -0.65516 0.75549
vn 2E-05 -0.93122 0.36447
vn 2E-05 -0.93121 0.36447
vn 1 3E-05 2E-05
vn 1 3E-05 2E-05
vn 1 3E-05 2E-05
vn -1 -3E-05 -2E-05
vn -1 -4E-05 -1E-05
vn 1 3E-05 2E-05
vn 1 3E-05 2E-05
vn 1 4E-05 1E-05
vn 3E-05 -0.4741 -0.88047
vn 3E-05 -0.47411 -0.88047
vn -1 -3E-05 -2E-05
vn 1 3E-05 2E-05
vn -1 -2E-05 -2E-05
vn 1 3E-05 2E-05
vn 3E-05 -0.2496 -0.96835
vn -1 -2E-05 -2E-05
vn 1 2E-05 2E-05
vn -1 -4E-05 -1E-05
vn -3E-05 0.82897 0.55929
vn -3E-05 0.99394 0.10997
vn -4E-05 0.99393 0.11003
vn -3E-05 0.67103 0.74143
vn -3E-05 0.82897 0.55929
vn 2E-05 -0.01063 -0.99994
vn 2E-05 -0.01063 -0.99994
vn 3E-05 -0.2496 -0.96835
vn 0 0.45529 -0.89034
vn -3E-05 0.99137 -0.13107
vn -3E-05 0.93122 -0.36447
vn 1 3E-05 1E-05
vn 1 3E-05 2E-05
vn 1 3E-05 2E-05
vn 1 3E-05 2E-05
vn 1 2E-05 3E-05
vn 1 4E-05 3E-05
vn 1 2E-05 1E-05
vn 1 3E-05 2E-05
vn 1 3E-05 2E-05
vn 1 3E-05 2E-05
vn 1 3E-05 2E-05
vn 1 3E-05 2E-05
vn 1 3E-05 2E-05
vn -1 -3E-05 -2E-05
vn -1E-05 -0.22246 0.97494
vn -1 -4E-05 -2E-05
vn -2E-05 -0.04978 0.99876
vn -2E-05 -0.04978 0.99876
vn -1 -3E-05 -2E-05
vn -1 -3E-05 -2E-05
vn -1 -4E-05 -2E-05
vn -1 -2E-05 -1E-05
vn -1 -3E-05 -1E-05
vn -1 -3E-05 -2E-05
vn -1 -5E-05 -2E-05
vn -2E-05 0.29482 0.95555
vn -1 -3E-05 -2E-05
vn -1 -3E-05 -2E-05
vn -1 -3E-05 -2E-05
vn 2E-05 -0.24229 -0.9702
vn 2E-05 -0.24229 -0.9702
vn -2E-05 0.12441 0.99223
vn -2E-05 0.29482 0.95555
vn -1 -3E-05 -1E-05
vn -1 -3E-05 -2E-05
vn -1 -3E-05 -1E-05
vn -1 -3E-05 -1E-05
vn 1E-05 0.14744 -0.98907
vn 2E-05 -0.04835 -0.99883
vn 2E-05 -0.04835 -0.99883
vn -1 -5E-05 -2E-05
vn -3E-05 0.42691 0.90429
vn -1 -3E-05 -2E-05
vn -3E-05 0.59512 0.80363
vn -3E-05 0.42691 0.90429
vn -1 -1E-05 -2E-05
vn -1 -5E-05 -1E-05
vn 1E-05 -0.65516 0.75549
vn 1E-05 -0.65513 0.75552
vn 1E-05 -0.81693 0.57674
vn 2E-05 -0.8169 0.57678
vn -2E-05 0.01063 0.99994
vn -2E-05 0.24959 0.96835
vn 3E-05 -0.99137 0.13107
vn 3E-05 -0.99393 -0.11003
vn -4E-05 0.67103 0.74143
vn -4E-05 0.82894 0.55933
vn -3E-05 0.4741 0.88047
vn -1 -2E-05 -2E-05
vn -1E-05 0.81693 -0.57674
vn -2E-05 0.8169 -0.57678
vn -1 -3E-05 -2E-05
vn -3E-05 0.74047 0.67209
vn -3E-05 0.59512 0.80363
vn -1 -3E-05 -2E-05
vn -1 -3E-05 -2E-05
vn -1 -3E-05 -2E-05
vn -1 -3E-05 -2E-05
vn -1 -3E-05 -1E-05
vn -4E-05 0.85736 0.51472
vn 2E-05 -0.01063 -0.99994
vn 1 3E-05 2E-05
vn 1E-05 0.22901 -0.97343
vn 2E-05 -0.01063 -0.99994
vn 1 2E-05 2E-05
vn 1 3E-05 2E-05
vn 1 3E-05 2E-05
vn 1 4E-05 1E-05
vn 1 4E-05 1E-05
vn -1 -2E-05 -2E-05
vn -1 -4E-05 -1E-05
vn -1 -3E-05 -2E-05
vn -1 -3E-05 -2E-05
vn -1 -3E-05 -2E-05
vn -1 -3E-05 -2E-05
vn -1 -3E-05 -2E-05
vn -3E-05 0.82896 0.5593
vn -1 -3E-05 -1E-05
vn 1 3E-05 2E-05
vn 1 3E-05 2E-05
vn 1 1E-05 1E-05
vn 1 2E-05 1E-05
vn 1 4E-05 2E-05
vn 1 5E-05 3E-05
vn 1 4E-05 2E-05
vn 1 3E-05 2E-05
vn 1 3E-05 2E-05
vn 1 -1E-05 -0
vn 1 2E-05 1E-05
vn 1 4E-05 2E-05
vn -0 0.45529 -0.89034
vn -1E-05 0.65513 -0.75552
vn 1E-05 0.22901 -0.97342
vn -1 -4E-05 -2E-05
vn -1 -3E-05 -2E-05
vn 1 3E-05 2E-05
vn -4E-05 0.93873 0.34466
vn 1 3E-05 1E-05
vn 1 3E-05 2E-05
vn 1 3E-05 1E-05
vn -3E-05 0.93873 0.34465
vn 1 3E-05 2E-05
vn -4E-05 0.99393 0.11
vn 1 3E-05 1E-05
vn 1 3E-05 2E-05
vn -3E-05 0.99393 0.10998
vn 1 3E-05 3E-05
vn 2E-05 -0.81693 0.57674
vn -1 -3E-05 -3E-05
vn -1 -3E-05 -1E-05
vn -1 -3E-05 -2E-05
vn 3E-05 -0.99138 0.13101
vn 4E-05 -0.99393 -0.11003
vn -1 -3E-05 -2E-05
vn -1 -3E-05 -2E-05
vn -1 -3E-05 -0
vn -1 -4E-05 -2E-05
vn -1 -3E-05 -2E-05
vn -1 -3E-05 -2E-05
vn -1 -3E-05 -2E-05
vn -3E-05 0.9413 0.33756
vn -1 -3E-05 -1E-05
vn -1E-05 -0.22901 0.97342
vn -3E-05 0.47408 0.88048
vn -3E-05 0.47408 0.88048
vn -4E-05 0.67104 0.74142
vn -4E-05 0.82894 0.55934
vn -3E-05 0.9312 -0.36452
vn -1 -3E-05 -2E-05
vn -1 -2E-05 -3E-05
vn -1 -3E-05 -1E-05
vn -1 -3E-05 -2E-05
vn -1 -3E-05 -1E-05
vn -3E-05 0.99394 0.10996
vn -3E-05 0.99394 0.10997
vn -3E-05 0.99137 -0.13107
vn -1 -3E-05 -2E-05
vn -1 -3E-05 -0
vn -1 -3E-05 -2E-05
vn 1 3E-05 2E-05
vn -3E-05 0.99883 -0.04836
vn -3E-05 0.98907 0.14744
vn 1 3E-05 1E-05
vn 1 3E-05 2E-05
vn 1 3E-05 2E-05
vn -3E-05 0.99137 -0.13106
vn -2E-05 0.9312 -0.36451
vn 1 3E-05 2E-05
vn 1 3E-05 2E-05
vn 1 3E-05 2E-05
vn 1 4E-05 2E-05
vn 1 3E-05 2E-05
vn 1 3E-05 2E-05
vn -1E-05 0.81691 -0.57677
vn -1 -3E-05 -2E-05
vn -1 -2E-05 -1E-05
vn -1 -3E-05 -2E-05
vn -1 -5E-05 -3E-05
vn -1 -3E-05 -2E-05
vn 2E-05 -0.2496 -0.96835
vn 1 4E-05 1E-05
vn 1 3E-05 2E-05
vn 1 3E-05 2E-05
vn 1 3E-05 2E-05
vn 1 3E-05 1E-05
vn 1 2E-05 2E-05
vn 1 3E-05 2E-05
vn 1 3E-05 2E-05
vn -1 -3E-05 -2E-05
vn -1 -3E-05 -1E-05
vn -1 -3E-05 -2E-05
vn -1 -2E-05 -2E-05
vn -1 -3E-05 -1E-05
vn -1 -3E-05 -2E-05
vn -1 -3E-05 -1E-05
vn -1 -3E-05 -2E-05
vn 1 3E-05 2E-05
vn 1 3E-05 2E-05
vn 1 3E-05 2E-05
vn 1E-05 -0.81692 0.57675
vn 1 2E-05 1E-05
vn 4E-05 -0.82893 -0.55935
vn 3E-05 -0.82896 -0.5593
vn 4E-05 -0.99393 -0.11003
vn 3E-05 -0.67104 -0.74142
vn 3E-05 -0.99394 -0.10997
vn 4E-05 -0.93873 -0.34466
vn 4E-05 -0.93873 -0.34466
vn -1 -4E-05 -3E-05
vn -1 -3E-05 -2E-05
vn -1 -3E-05 -1E-05
vn -1 -3E-05 -1E-05
vn -1 -3E-05 -2E-05
vn -0 -0.45531 0.89033
vn -4E-05 0.82895 0.55933
vn 3E-05 -0.47408 -0.88048
vn 3E-05 -0.47408 -0.88048
vn -1 -3E-05 -2E-05
vn -1 -3E-05 -2E-05
vn -0 0.45529 -0.89034
vn 2E-05 -0.01063 -0.99994
vn 2E-05 -0.01063 -0.99994
vn 1E-05 0.22902 -0.97342
vn -1 -3E-05 -2E-05
vn -1 -4E-05 -3E-05
vn -3E-05 0.97021 -0.24228
vn -1 -3E-05 -1E-05
vn -1 -3E-05 -2E-05
vn -1 -3E-05 -2E-05
vn -1 -3E-05 -2E-05
vn -1 -3E-05 -1E-05
vn -1 -3E-05 -2E-05
vn 1 0 2E-05
vn -1 -2E-05 -4E-05
vn 1 4E-05 2E-05
vn 1 3E-05 2E-05
vn 1 3E-05 2E-05
vn -1 -3E-05 -2E-05
vn -2E-05 0.90429 -0.42691
vn 1 4E-05 2E-05
vn 1 3E-05 2E-05
vn -1 -3E-05 -2E-05
vn -1 -3E-05 -1E-05
vn -1 -2E-05 -1E-05
vn -1 -3E-05 -2E-05
vn -1 -3E-05 -2E-05
vn -1 -3E-05 -2E-05
vn 0 -0.54249 0.84006
vn 1 4E-05 2E-05
vn 1 3E-05 2E-05
vn 1 3E-05 2E-05
vn 1 3E-05 2E-05
vn 1 3E-05 2E-05
vn 1 3E-05 2E-05
vn 1 4E-05 2E-05
vn 1 2E-05 0
vn 1 3E-05 2E-05
vn -1 -3E-05 -2E-05
vn -1 -3E-05 -2E-05
vn -1 -3E-05 -2E-05
vn -1 -3E-05 -2E-05
vn -1 -3E-05 -1E-05
vn -1 -4E-05 -2E-05
vn -1 -2E-05 -1E-05
vn 0 -0.54249 0.84006
vn 1E-05 -0.68013 0.73309
vn 1E-05 -0.68013 0.73309
vn -1 -3E-05 -2E-05
vn -1 -3E-05 -2E-05
vn -1 -3E-05 -1E-05
vn -0 -0.38838 0.9215
vn -0 -0.38838 0.9215
vn -1E-05 -0.22246 0.97494
vn -1 -3E-05 -2E-05
vn 1E-05 0.33756 -0.9413
vn -1 -3E-05 -2E-05
vn -1 -3E-05 -2E-05
vn -0 0.51471 -0.85736
vn -1E-05 0.80363 -0.59513
vn -1E-05 0.67209 -0.74047
vn -1 -3E-05 -2E-05
vn -1 -3E-05 -2E-05
vn -1 -3E-05 -2E-05
vn -1 -3E-05 -2E-05
vn -1 -3E-05 -2E-05
vn 0.98146 -0.09507 -0.16644
vn 0.98146 -0.09507 -0.16644
vn 2E-05 -0.67103 -0.74143
vn 4E-05 -0.67103 -0.74143
vn 3E-05 -0.67103 -0.74143
vn 6E-05 -0.67103 -0.74143
vn 2E-05 -0.67103 -0.74143
vn 2E-05 -0.67103 -0.74143
vn 4E-05 -0.67103 -0.74143
vn 3E-05 -0.67103 -0.74143
vn 4E-05 -0.67103 -0.74143
vn -0.98146 0.09507 0.16644
vn -0.98146 0.09507 0.16644
vn 3E-05 -0.67103 -0.74143
vn 0.98146 -0.09507 -0.16644
vn 1 3E-05 2E-05
vn 0.98146 -0.09507 -0.16644
vn 0.79213 -0.58941 0.1585
vn 0.78744 -0.59455 0.16263
vn 0.66514 -0.70291 0.252
vn 0.90292 -0.42782 0.04126
vn 0.55792 -0.76835 0.31361
vn 0.62809 -0.72818 0.27434
vn 0.42485 -0.82388 0.37513
vn 0.44642 -0.81661 0.36586
vn 0.29307 -0.85707 0.42372
vn 0.20197 -0.86927 0.4512
vn 0.26103 -0.86241 0.43371
vn 2E-05 -0.86829 0.49605
vn 0.13763 -0.87305 0.4678
vn 0.08248 -0.87332 0.48012
vn 0.0863 -0.87338 0.47933
vn 0.02744 -0.87061 0.49121
vn -0.98146 0.09507 0.16644
vn -1E-05 0.74143 -0.67103
vn -1E-05 0.74143 -0.67103
vn 3E-05 -0.49605 -0.86829
vn 3E-05 -0.49605 -0.86829
vn -2E-05 0.8683 -0.49605
vn -2E-05 0.8683 -0.49605
vn -1 -3E-05 -2E-05
vn 1 9E-05 6E-05
vn 1 2E-05 0
vn 1 6E-05 3E-05
vn 1 4E-05 2E-05
vn 1 0.00017 0.00016
vn 5E-05 -0.74148 0.67097
vn 4E-05 -0.74147 0.67099
vn 2E-05 -0.74143 0.67103
vn 4E-05 -0.74147 0.67099
vn 1E-05 -0.74143 0.67103
vn 1E-05 -0.74143 0.67103
vn 1E-05 -0.74143 0.67103
vn 1 3E-05 2E-05
vn 1E-05 -0.74143 0.67103
vn -1 -3E-05 -2E-05
vn -1 -3E-05 -2E-05
vn -1 -3E-05 -2E-05
vn 1 2E-05 4E-05
vn 1 4E-05 1E-05
vn 1 3E-05 2E-05
vn -1 -3E-05 -2E-05
vn 1 3E-05 2E-05
vn 1E-05 -0.74143 0.67103
vn 1 3E-05 2E-05
vn 1E-05 -0.74143 0.67103
vn -1 -3E-05 -2E-05
vn -1 -3E-05 -2E-05
vn -1 -3E-05 -1E-05
vn 1E-05 -0.74143 0.67103
vn 1E-05 -0.74143 0.67103
vn -3E-05 0.67103 0.74143
vn -3E-05 0.67103 0.74143
vn 2E-05 -0.86829 0.49605
vn 2E-05 -0.86829 0.49605
vn -1E-05 0.74143 -0.67103
vn -2E-05 0.74143 -0.67103
vn 5E-05 0.74142 -0.67104
vn -0 0.74143 -0.67103
vn -2E-05 0.74143 -0.67103
vn 0 0.74143 -0.67102
vn -3E-05 0.74142 -0.67104
vn -2E-05 0.74143 -0.67103
vn 3E-05 0.74145 -0.67101
vn -6E-05 0.74141 -0.67106
vn 1 3E-05 2E-05
vn 1 3E-05 2E-05
vn 1 3E-05 2E-05
vn 1 3E-05 2E-05
vn -1 -3E-05 -2E-05
vn -1E-05 0.74143 -0.67103
vn -1E-05 0.74143 -0.67103
vn 1 3E-05 2E-05
vn 1 3E-05 2E-05
vn 1 3E-05 2E-05
vn -1 -3E-05 -2E-05
vn -1 -3E-05 -2E-05
vn -1 -3E-05 -2E-05
vn -1 -2E-05 -2E-05
vn -1 -3E-05 -2E-05
vn -1 -3E-05 -2E-05
vn -1 -3E-05 -2E-05
vn -1 -3E-05 -2E-05
vn 1 3E-05 1E-05
vn 1 3E-05 2E-05
vn 1 3E-05 1E-05
vn 1 3E-05 2E-05
vn 1 3E-05 1E-05
vn 1E-05 -0.80363 0.59513
vn 0 -0.51471 0.85736
vn 1E-05 -0.67209 0.74047
vn 1E-05 -0.67209 0.74047
vn 1E-05 -0.80363 0.59513
vn -1E-05 0.79709 -0.60386
vn -2E-05 0.88984 -0.45627
vn 1 3E-05 2E-05
vn 1 4E-05 2E-05
vn 1 3E-05 1E-05
vn 1 3E-05 2E-05
vn 1 3E-05 2E-05
vn 1 3E-05 1E-05
vn 1 3E-05 2E-05
vn 1 4E-05 2E-05
vn 1 2E-05 -0
vn 1 3E-05 3E-05
vn 1 3E-05 2E-05
vn 2E-05 -0.93119 0.36452
vn 1E-05 -0.65513 0.75552
vn 1E-05 -0.81692 0.57676
vn 1E-05 -0.65513 0.75552
vn 3E-05 -0.99137 0.13107
vn 1E-05 -0.81692 0.57675
vn 2E-05 -0.93119 0.36452
vn -1 -4E-05 -3E-05
vn -1 -3E-05 -1E-05
vn -1 -3E-05 -1E-05
vn -1 -3E-05 -2E-05
vn -1 -3E-05 -2E-05
vn -1 -3E-05 -2E-05
vn -1 -3E-05 -1E-05
vn -1 -3E-05 -3E-05
vn -1 -3E-05 -2E-05
vn -1 -3E-05 -2E-05
vn -1E-05 -0.33756 0.9413
vn 0 -0.51471 0.85736
vn -1E-05 -0.33756 0.9413
vn -1E-05 -0.14744 0.98907
vn -1E-05 -0.14744 0.98907
vn 1 3E-05 2E-05
vn 1 3E-05 2E-05
vn 1 4E-05 2E-05
vn 1 3E-05 2E-05
vn 1 2E-05 1E-05
vn 1 3E-05 1E-05
vn 1 3E-05 2E-05
vn 1 3E-05 2E-05
vn -1 -3E-05 -1E-05
vn -1 -3E-05 -3E-05
vn -1 -3E-05 -1E-05
vn 1E-05 -0.8169 0.57678
vn 3E-05 -0.93122 0.36447
vn 2E-05 -0.93119 0.36452
vn 1 3E-05 2E-05
vn 1 3E-05 2E-05
vn -1 -3E-05 -2E-05
vn -1E-05 -0.22898 0.97343
vn -1E-05 -0.22898 0.97343
vn -2E-05 0.0106 0.99994
vn -2E-05 0.0106 0.99994
vn -2E-05 0.2496 0.96835
vn -2E-05 0.2496 0.96835
vn -0 -0.45531 0.89033
vn -4E-05 0.93873 0.34466
vn -4E-05 0.93873 0.34466
vn -3E-05 0.82894 0.55933
vn -4E-05 0.82897 0.55929
vn -3E-05 0.67103 0.74143
vn -3E-05 0.67103 0.74143
vn -3E-05 0.4741 0.88047
vn -3E-05 0.99393 0.11003
vn -4E-05 0.99393 0.10997
vn -3E-05 0.4741 0.88047
vn 1 3E-05 2E-05
vn 1 3E-05 3E-05
vn 1 3E-05 2E-05
vn 3E-05 -0.93873 -0.34466
vn 3E-05 -0.82897 -0.55929
vn 3E-05 -0.67103 -0.74143
vn 3E-05 -0.99393 -0.10997
vn 4E-05 -0.99393 -0.11003
vn 3E-05 -0.99137 0.13107
vn 3E-05 -0.93873 -0.34466
vn 3E-05 -0.99137 0.13107
vn 3E-05 -0.82897 -0.55929
vn 1 3E-05 2E-05
vn 1 3E-05 2E-05
vn 1 3E-05 2E-05
vn 1 3E-05 2E-05
vn 1 3E-05 1E-05
vn 1 3E-05 2E-05
vn -1 -2E-05 -3E-05
vn -1 -3E-05 -2E-05
vn -1 -2E-05 -3E-05
vn -1 -3E-05 -1E-05
vn -1 -3E-05 -2E-05
vn -1 -3E-05 -2E-05
vn -1 -3E-05 -2E-05
vn -1 -3E-05 -1E-05
vn -1 -3E-05 -2E-05
vn -1 -3E-05 -1E-05
vn 1 3E-05 2E-05
vn 1 3E-05 2E-05
vn 1 3E-05 2E-05
vn 2E-05 -0.90429 0.42691
vn 2E-05 -0.90429 0.42691
vn 3E-05 -0.97021 0.24228
vn 3E-05 -0.97021 0.24228
vn 3E-05 -0.99883 0.04836
vn 3E-05 -0.99883 0.04835
vn 1 3E-05 2E-05
vn 1 3E-05 2E-05
vn 1 2E-05 2E-05
vn 1 3E-05 2E-05
vn 1 3E-05 3E-05
vn 1 3E-05 2E-05
vn -1 -3E-05 -2E-05
vn -2E-05 0.95555 -0.29482
vn 1 3E-05 2E-05
vn -1 -3E-05 -2E-05
vn 1 3E-05 2E-05
vn -1 -3E-05 -2E-05
vn -1 -3E-05 -2E-05
vn -3E-05 0.99223 -0.1244
vn 1 4E-05 3E-05
vn 1 3E-05 2E-05
vn 1 3E-05 1E-05
vn 1 3E-05 2E-05
vn -1 -3E-05 -2E-05
vn 1 3E-05 1E-05
vn -1 -3E-05 -1E-05
vn -1 -3E-05 -2E-05
vn 1 3E-05 2E-05
vn 1 3E-05 2E-05
vn -1 -3E-05 -1E-05
vn -1 -3E-05 -2E-05
vn 1 3E-05 2E-05
vn 2E-05 -0.81693 0.57674
vn 0 -0.45529 0.89034
vn 1E-05 -0.8169 0.57678
vn 1E-05 -0.65516 0.75549
vn 3E-05 -0.93122 0.36447
vn 2E-05 -0.93119 0.36452
vn 3E-05 -0.99393 -0.10997
vn 3E-05 -0.99393 -0.10997
vn 3E-05 -0.99137 0.13107
vn -2E-05 0.2496 0.96835
vn -2E-05 0.01063 0.99994
vn -1E-05 -0.22901 0.97343
vn -1E-05 -0.22901 0.97343
vn -2E-05 0.01063 0.99994
vn 2E-05 -0.0106 -0.99994
vn 2E-05 -0.0106 -0.99994
vn 0 0.45531 -0.89033
vn 1E-05 0.22899 -0.97343
vn 1E-05 0.22898 -0.97343
vn -1E-05 0.81692 -0.57676
vn -1E-05 0.81692 -0.57675
vn -1E-05 0.65513 -0.75552
vn -3E-05 0.99137 -0.13107
vn -2E-05 0.93119 -0.36452
vn -2E-05 0.93119 -0.36452
vn -1E-05 0.65513 -0.75552
vn 1 4E-05 2E-05
vn 1 3E-05 2E-05
vn 1 3E-05 2E-05
vn 1 3E-05 2E-05
vn 1 3E-05 2E-05
vn 1 3E-05 2E-05
vn 1 3E-05 2E-05
vn 1 3E-05 2E-05
vn 1 3E-05 2E-05
vn 3E-05 -0.99393 -0.11003
vn 4E-05 -0.93873 -0.34466
vn 3E-05 -0.93875 -0.34461
vn 3E-05 -0.67103 -0.74143
vn 3E-05 -0.47408 -0.88048
vn 3E-05 -0.47408 -0.88048
vn 4E-05 -0.82894 -0.55933
vn 2E-05 -0.24963 -0.96834
vn 2E-05 -0.24963 -0.96834
vn -1 -3E-05 -2E-05
vn -1 -3E-05 -2E-05
vn -1 -3E-05 -2E-05
vn -1 -3E-05 -2E-05
vn -1 -4E-05 -1E-05
vn -1 -3E-05 -2E-05
vn -1 -2E-05 -1E-05
vn -1 -3E-05 -2E-05
vn -1 -3E-05 -2E-05
vn -1 -3E-05 -2E-05
vn 1E-05 -0.81691 0.57677
vn 1 3E-05 3E-05
vn 1 3E-05 1E-05
vn 1 3E-05 2E-05
vn 1 3E-05 2E-05
vn 1E-05 -0.81691 0.57677
vn 1 3E-05 1E-05
vn 1 4E-05 2E-05
vn 1 3E-05 2E-05
vn 1 3E-05 2E-05
vn -0 -0.4553 0.89034
vn 1E-05 -0.65514 0.75551
vn 1E-05 -0.65514 0.75551
vn -1 -3E-05 -1E-05
vn -1 -3E-05 -2E-05
vn -1 -3E-05 -2E-05
vn -1 -3E-05 -1E-05
vn -1 -3E-05 -2E-05
vn -1 -3E-05 -2E-05
vn -1 -3E-05 -1E-05
vn -1 -3E-05 -2E-05
vn -1 -3E-05 -2E-05
vn -1 -4E-05 -2E-05
vn -1 -3E-05 -2E-05
vn 1 3E-05 3E-05
vn 1 3E-05 1E-05
vn 1 3E-05 2E-05
vn 1 3E-05 1E-05
vn 1 3E-05 2E-05
vn 1 3E-05 2E-05
vn -3E-05 0.47408 0.88048
vn -3E-05 0.82896 0.5593
vn -3E-05 0.82896 0.5593
vn -3E-05 0.67105 0.74142
vn -3E-05 0.67104 0.74142
vn -3E-05 0.93873 0.34466
vn -3E-05 0.93873 0.34466
vn -3E-05 0.99393 0.11003
vn -3E-05 0.99137 -0.13107
vn -3E-05 0.99393 0.11003
vn -1 -3E-05 -2E-05
vn -1 -3E-05 -1E-05
vn 2E-05 -0.9312 0.3645
vn -1 -3E-05 -2E-05
vn 3E-05 -0.99137 0.13107
vn 3E-05 -0.99137 0.13106
vn 3E-05 -0.9312 0.36451
vn 4E-05 -0.99393 -0.11
vn 3E-05 -0.99393 -0.10998
vn -1 -3E-05 -2E-05
vn -1 -3E-05 -3E-05
vn -1 -3E-05 -2E-05
vn -2E-05 0.04835 0.99883
vn 1 4E-05 2E-05
vn 1 1E-05 1E-05
vn 1 3E-05 2E-05
vn -1E-05 -0.22901 0.97343
vn 1E-05 -0.65516 0.75549
vn -2E-05 0.0106 0.99994
vn -0 -0.45529 0.89034
vn -2E-05 0.0106 0.99994
vn -1E-05 -0.22901 0.97343
vn 1 3E-05 2E-05
vn 1 3E-05 2E-05
vn 1 3E-05 2E-05
vn 1 3E-05 2E-05
vn -2E-05 0.24962 0.96834
vn -3E-05 0.82896 0.5593
vn -3E-05 0.24963 0.96834
vn -3E-05 0.47408 0.88048
vn -3E-05 0.67104 0.74142
vn -3E-05 0.47408 0.88048
vn -3E-05 0.82896 0.5593
vn 1 3E-05 2E-05
vn -2E-05 0.24229 0.9702
vn -3E-05 0.42691 0.90429
vn 1 3E-05 2E-05
vn 1 4E-05 2E-05
vn 1 3E-05 2E-05
vn 1 3E-05 2E-05
vn -2E-05 0.24229 0.9702
vn -3E-05 0.99137 -0.13107
vn -3E-05 0.99393 0.10997
vn -3E-05 0.99137 -0.13107
vn -1E-05 0.65516 -0.75549
vn -1E-05 0.65516 -0.75549
vn -2E-05 0.93122 -0.36447
vn -1E-05 0.81689 -0.5768
vn -2E-05 0.93122 -0.36447
vn -1E-05 0.81689 -0.5768
vn 1 3E-05 2E-05
vn 1 3E-05 2E-05
vn 1 3E-05 2E-05
vn 1 4E-05 2E-05
vn 1 2E-05 2E-05
vn 1 3E-05 2E-05
vn 1 3E-05 2E-05
vn 0 0.45531 -0.89033
vn 1 2E-05 1E-05
vn 3E-05 -0.4741 -0.88047
vn 2E-05 -0.2496 -0.96835
vn 2E-05 -0.2496 -0.96835
vn 1E-05 0.22898 -0.97343
vn 3E-05 -0.4741 -0.88047
vn 2E-05 -0.0106 -0.99994
vn -1 -3E-05 -2E-05
vn -1 -3E-05 -2E-05
vn -1 -3E-05 -2E-05
vn -1 -3E-05 -2E-05
vn 1E-05 0.22898 -0.97343
vn -1 -3E-05 -2E-05
vn -1 -2E-05 -2E-05
vn -1 -3E-05 -2E-05
vn -1 -3E-05 -2E-05
vn -1 -4E-05 -2E-05
vn 1 3E-05 2E-05
vn 1 3E-05 3E-05
vn 1 3E-05 1E-05
vn 1 3E-05 3E-05
vn 1 3E-05 2E-05
vn 1 3E-05 2E-05
vn 1 3E-05 1E-05
vn -1 -3E-05 -2E-05
vn -1 -3E-05 -2E-05
vn -1 -3E-05 -1E-05
vn -1 -3E-05 -1E-05
vn -1 -2E-05 1E-05
vn -1 -3E-05 -2E-05
vn -1 -3E-05 -3E-05
vn -1 -3E-05 -2E-05
vn -1 -3E-05 -2E-05
vn -1 -3E-05 -3E-05
vn -1 -3E-05 -1E-05
vn -1 -3E-05 -1E-05
vn -1 -3E-05 -2E-05
vn -1 -2E-05 -1E-05
vn -1 -3E-05 -2E-05
vn -1 -3E-05 -2E-05
vn 1 2E-05 2E-05
vn -3E-05 0.59512 0.80363
vn 1 3E-05 2E-05
vn 1 3E-05 2E-05
vn -3E-05 0.42691 0.90429
vn -3E-05 0.59512 0.80363
vn 1 3E-05 2E-05
vn 1 3E-05 2E-05
vn 1E-05 -0.8169 0.57678
vn 1E-05 -0.65516 0.75549
vn 1E-05 -0.65516 0.75549
vn 1E-05 -0.8169 0.57678
vn 2E-05 -0.93122 0.36447
vn 2E-05 -0.93122 0.36447
vn -1E-05 -0.22901 0.97343
vn -0 -0.45529 0.89034
vn -2E-05 0.01063 0.99994
vn -1E-05 -0.22901 0.97343
vn 3E-05 -0.99137 0.13107
vn 3E-05 -0.99137 0.13107
vn 3E-05 -0.93873 -0.34466
vn 3E-05 -0.93873 -0.34466
vn -3E-05 0.67103 0.74143
vn -3E-05 0.67103 0.74143
vn -3E-05 0.4741 0.88047
vn -3E-05 0.4741 0.88047
vn -2E-05 0.2496 0.96835
vn -2E-05 0.2496 0.96835
vn 1 3E-05 2E-05
vn 1 3E-05 2E-05
vn 1 3E-05 2E-05
vn -3E-05 0.93119 -0.36452
vn -2E-05 0.93122 -0.36447
vn -3E-05 0.99137 -0.13107
vn -3E-05 0.99137 -0.13107
vn -3E-05 0.99393 0.11003
vn -4E-05 0.99393 0.10997
vn -3E-05 0.82897 0.55929
vn -3E-05 0.93873 0.34466
vn -3E-05 0.74047 0.67209
vn -3E-05 0.85736 0.51471
vn -3E-05 0.74047 0.67209
vn 1 3E-05 2E-05
vn 1 3E-05 2E-05
vn 1 3E-05 1E-05
vn 1 3E-05 2E-05
vn 1 3E-05 2E-05
vn -1E-05 -0.229 0.97343
vn -3E-05 0.24961 0.96835
vn -1E-05 -0.229 0.97343
vn -2E-05 0.01061 0.99994
vn -2E-05 0.24961 0.96835
vn -2E-05 0.01061 0.99994
vn 1 3E-05 1E-05
vn 1 3E-05 2E-05
vn 1 3E-05 2E-05
vn 1 3E-05 2E-05
vn 1 3E-05 2E-05
vn 3E-05 -0.82897 -0.55929
vn 1 3E-05 2E-05
vn 3E-05 -0.4741 -0.88047
vn 3E-05 -0.67103 -0.74143
vn 1 3E-05 2E-05
vn 1 2E-05 2E-05
vn 1 3E-05 2E-05
vn 1 3E-05 2E-05
vn -4E-05 0.67103 0.74143
vn -3E-05 0.67102 0.74144
vn -1 -3E-05 -1E-05
vn -1 -3E-05 -2E-05
vn -3E-05 0.4741 0.88047
vn -3E-05 0.4741 0.88047
vn -1 -3E-05 -2E-05
vn -1 -3E-05 -2E-05
vn -1 -3E-05 -2E-05
vn -1 -3E-05 -2E-05
vn -1 -3E-05 -2E-05
vn -1 -3E-05 -2E-05
vn -1 -2E-05 -3E-05
vn -3E-05 0.99393 0.11
vn -4E-05 0.99393 0.10998
vn -4E-05 0.82897 0.55929
vn -3E-05 0.82896 0.5593
vn 1 3E-05 2E-05
vn 1 4E-05 2E-05
vn 1 3E-05 1E-05
vn 1 3E-05 3E-05
vn 1 3E-05 2E-05
vn 1 3E-05 2E-05
vn 1 3E-05 2E-05
vn 1 2E-05 1E-05
vn 1 3E-05 2E-05
vn 1 3E-05 2E-05
vn -3E-05 0.9413 0.33757
vn -3E-05 0.9413 0.33756
vn 1 3E-05 2E-05
vn 1E-05 0.22901 -0.97343
vn -1E-05 0.8169 -0.57678
vn -1E-05 0.8169 -0.57678
vn 1E-05 0.22901 -0.97343
vn 0 0.45529 -0.89034
vn 0 0.45529 -0.89034
vn -1E-05 0.65516 -0.75549
vn -1E-05 0.65516 -0.75549
vn 1 3E-05 2E-05
vn 3E-05 -0.24959 -0.96835
vn 2E-05 -0.2496 -0.96835
vn -1 -4E-05 -1E-05
vn 2E-05 -0.01063 -0.99994
vn -1 -3E-05 -2E-05
vn 2E-05 -0.01063 -0.99994
vn -1 -3E-05 -2E-05
vn -1 -4E-05 -2E-05
vn -1 -3E-05 -2E-05
vn -1 -3E-05 -2E-05
vn -1 -4E-05 -2E-05
vn -1 -3E-05 -2E-05
vn -1 -3E-05 -2E-05
vn -1 -3E-05 -2E-05
vn -1 -5E-05 -3E-05
vn -1 -3E-05 -2E-05
vn -1 -2E-05 -1E-05
vn -1 -2E-05 -1E-05
vn -1 -2E-05 -1E-05
vn 1 3E-05 2E-05
vn 1 3E-05 2E-05
vn -3E-05 0.98907 0.14744
vn 1 3E-05 2E-05
vn 1 3E-05 2E-05
vn -3E-05 0.98907 0.14743
vn 1 3E-05 1E-05
vn 1 3E-05 2E-05
vn -3E-05 0.99883 -0.04835
vn -3E-05 0.99883 -0.04835
vn 1 3E-05 2E-05
vn 1 3E-05 2E-05
vn 1 3E-05 3E-05
vn 1E-05 -0.8169 0.57678
vn 1 3E-05 1E-05
vn 3E-05 -0.93119 0.36452
vn 2E-05 -0.81693 0.57674
vn 1 3E-05 2E-05
vn 1 3E-05 3E-05
vn 2E-05 -0.93122 0.36447
vn 1 3E-05 2E-05
vn 1 3E-05 2E-05
vn 1 3E-05 1E-05
vn 1 3E-05 1E-05
vn 3E-05 -0.99137 0.13107
vn 3E-05 -0.82897 -0.55929
vn 3E-05 -0.82897 -0.55929
vn 3E-05 -0.93873 -0.34466
vn 3E-05 -0.99393 -0.10997
vn 3E-05 -0.99393 -0.10997
vn 3E-05 -0.93873 -0.34466
vn 3E-05 -0.67103 -0.74143
vn -1 -3E-05 -1E-05
vn -1 -3E-05 -2E-05
vn -1 -3E-05 -2E-05
vn -1 -3E-05 -1E-05
vn -1 -3E-05 -2E-05
vn -1 -3E-05 -1E-05
vn -1 -3E-05 -3E-05
vn -1 -3E-05 -2E-05
vn 0 -0.45531 0.89033
vn 1E-05 -0.65516 0.75549
vn -1E-05 -0.22901 0.97343
vn -1E-05 -0.22901 0.97343
vn 1E-05 -0.65513 0.75552
vn -2E-05 0.01063 0.99994
vn -2E-05 0.01063 0.99994
vn -3E-05 0.67104 0.74142
vn -3E-05 0.93873 0.34466
vn -3E-05 0.47408 0.88048
vn -3E-05 0.47408 0.88048
vn -3E-05 0.93873 0.34466
vn -3E-05 0.82896 0.5593
vn -2E-05 0.2496 0.96835
vn -3E-05 0.67104 0.74142
vn 4E-05 -0.671 -0.74146
vn -1E-05 0.8169 -0.57678
vn -3E-05 0.93119 -0.36452
vn -2E-05 0.93122 -0.36447
vn -4E-05 0.99394 0.10997
vn -3E-05 0.99393 0.11003
vn -1E-05 0.65516 -0.75549
vn -3E-05 0.99137 -0.13107
vn -1E-05 0.65516 -0.75549
vn -3E-05 0.99137 -0.13107
vn 1 3E-05 2E-05
vn 1 3E-05 2E-05
vn 1 3E-05 2E-05
vn 3E-05 -0.98907 -0.14743
vn 3E-05 -0.98907 -0.14744
vn 1 3E-05 2E-05
vn -3E-05 0.97494 0.22246
vn -3E-05 0.99876 0.04978
vn -3E-05 0.99876 0.04978
vn -1 -3E-05 -2E-05
vn 1 3E-05 2E-05
vn -1 -3E-05 -1E-05
vn -1 -3E-05 -2E-05
vn 3E-05 -0.82897 -0.55929
vn 1 3E-05 2E-05
vn 1 3E-05 2E-05
vn 1 3E-05 2E-05
vn 1 2E-05 2E-05
vn 1 3E-05 2E-05
vn 3E-05 -0.93873 -0.34466
vn 3E-05 -0.4741 -0.88047
vn 4E-05 -0.82894 -0.55933
vn 4E-05 -0.67103 -0.74143
vn 3E-05 -0.24959 -0.96835
vn 1E-05 0.22901 -0.97343
vn 2E-05 -0.01063 -0.99994
vn 0 0.45529 -0.89034
vn 1 3E-05 2E-05
vn -1 -3E-05 -3E-05
vn -1 -3E-05 -1E-05
vn -1 -3E-05 -2E-05
vn -1 -3E-05 -2E-05
vn 1 3E-05 2E-05
vn 1 3E-05 2E-05
vn 1 3E-05 2E-05
vn 3E-05 -0.9413 -0.33756
vn 3E-05 -0.85736 -0.51472
vn 3E-05 -0.9413 -0.33756
vn 4E-05 -0.85736 -0.51472
vn 1 3E-05 1E-05
vn 1 3E-05 1E-05
vn 1 3E-05 2E-05
vn -1 -3E-05 -1E-05
vn 1 3E-05 2E-05
vn -1 -3E-05 -2E-05
vn -1 -3E-05 -2E-05
vn -1 -3E-05 -1E-05
vn 1 3E-05 1E-05
vn 1 3E-05 3E-05
vn -3E-05 0.9215 0.38838
vn -1 -3E-05 -2E-05
vn 1 3E-05 1E-05
vn 1 3E-05 1E-05
vn 1 3E-05 1E-05
vn 1 3E-05 3E-05
vn 1 3E-05 2E-05
vn -2E-05 0.8169 -0.57678
vn -1E-05 0.81693 -0.57674
vn -1E-05 0.65513 -0.75552
vn -2E-05 0.93119 -0.36452
vn -1 -3E-05 -1E-05
vn -1 -3E-05 -2E-05
vn -1 -3E-05 -1E-05
vn -1 -3E-05 -2E-05
vn 1 3E-05 2E-05
vn 1 4E-05 2E-05
vn 1 3E-05 2E-05
vn 1 3E-05 2E-05
vn 1 4E-05 2E-05
vn 1 3E-05 2E-05
vn 1 2E-05 1E-05
vn -1 -3E-05 -2E-05
vn -1 -3E-05 -2E-05
vn -1 -3E-05 -2E-05
vn -1 -2E-05 -1E-05
vn -1 -4E-05 -2E-05
vn -1 -4E-05 -2E-05
vn 3E-05 -0.67103 -0.74143
vn 4E-05 -0.67102 -0.74144
vn 4E-05 -0.82896 -0.5593
vn 3E-05 -0.82897 -0.55929
vn 4E-05 -0.93873 -0.34466
vn 1 3E-05 2E-05
vn 1 2E-05 2E-05
vn -1 -3E-05 -2E-05
vn -1 -4E-05 -1E-05
vn 0 -0.45531 0.89033
vn -1E-05 -0.22901 0.97343
vn -2E-05 0.0106 0.99994
vn -2E-05 0.0106 0.99994
vn 1E-05 -0.65513 0.75552
vn 1E-05 -0.65513 0.75552
vn 1 3E-05 2E-05
vn 1 3E-05 2E-05
vn -2E-05 0.24963 0.96834
vn -3E-05 0.47408 0.88048
vn -3E-05 0.47408 0.88048
vn -2E-05 0.24963 0.96834
vn 1 3E-05 2E-05
vn 1E-05 -0.81693 0.57674
vn 1E-05 -0.81693 0.57674
vn 2E-05 -0.93119 0.36453
vn 3E-05 -0.93875 -0.34461
vn 4E-05 -0.93873 -0.34466
vn 2E-05 -0.93119 0.36453
vn 3E-05 -0.99137 0.13107
vn -3E-05 0.99393 0.11003
vn 1 3E-05 2E-05
vn 1 3E-05 2E-05
vn 1 3E-05 2E-05
vn 1 3E-05 3E-05
vn 1 3E-05 2E-05
vn 3E-05 -0.47409 -0.88048
vn 1 3E-05 2E-05
vn 3E-05 -0.4741 -0.88047
vn -1 -3E-05 -2E-05
vn -1 -3E-05 -1E-05
vn -1 -3E-05 -3E-05
vn -1 -3E-05 -2E-05
vn -1 -3E-05 -2E-05
vn -1 -3E-05 -2E-05
vn -1 -3E-05 -1E-05
vn -1 -3E-05 -2E-05
vn -1 -3E-05 -1E-05
vn 1 3E-05 1E-05
vn 3E-05 -0.74047 -0.67209
vn 1 3E-05 1E-05
vn 1 3E-05 2E-05
vn 1 3E-05 2E-05
vn 1 3E-05 2E-05
vn 3E-05 -0.74047 -0.67209
vn 1 3E-05 2E-05
vn 3E-05 -0.59512 -0.80363
vn -3E-05 0.60386 0.79709
vn 3E-05 -0.59512 -0.80363
vn -3E-05 0.73309 0.68013
vn -3E-05 0.84006 0.54249
vn -3E-05 0.84006 0.54249
vn 1 3E-05 2E-05
vn 1 2E-05 3E-05
vn 1 3E-05 2E-05
vn 1 3E-05 2E-05
vn -1 -3E-05 -3E-05
vn -1 -2E-05 -3E-05
vn -1 -3E-05 -0
vn -1 -3E-05 -2E-05
vn -1 -3E-05 -2E-05
vn -1 -3E-05 -2E-05
vn -1 -3E-05 -2E-05
vn 1 3E-05 2E-05
vn -1 -3E-05 -2E-05
vn 1 3E-05 2E-05
vn 1 3E-05 2E-05
vn -2E-05 0.29482 0.95555
vn 1 3E-05 2E-05
vn 3E-05 -0.42691 -0.90429
vn 2E-05 -0.24229 -0.9702
vn 2E-05 -0.24229 -0.9702
vn 2E-05 -0.04835 -0.99883
vn -2E-05 0.12441 0.99223
vn 1 3E-05 2E-05
vn -2E-05 0.12441 0.99223
vn 1 3E-05 2E-05
vn 4E-05 -0.671 -0.74146
vn 3E-05 -0.4741 -0.88047
vn 2E-05 -0.0106 -0.99994
vn 2E-05 -0.2496 -0.96835
vn 3E-05 -0.67103 -0.74143
vn 3E-05 -0.82897 -0.55929
vn 3E-05 -0.4741 -0.88047
vn 2E-05 -0.0106 -0.99994
vn 1E-05 0.22898 -0.97343
vn -2E-05 0.81692 -0.57675
vn -1E-05 0.81689 -0.5768
vn -1E-05 0.65516 -0.75549
vn 1E-05 0.22898 -0.97343
vn 1 3E-05 2E-05
vn -1 -3E-05 -2E-05
vn -1 -4E-05 -1E-05
vn 1 3E-05 2E-05
vn 1 4E-05 2E-05
vn 1 3E-05 2E-05
vn 1 3E-05 2E-05
vn -1 -3E-05 -2E-05
vn 1 4E-05 2E-05
vn 1 3E-05 1E-05
vn 1 3E-05 2E-05
vn 1 3E-05 1E-05
vn 1 3E-05 1E-05
vn 1 3E-05 2E-05
vn -1 -3E-05 -3E-05
vn -1 -3E-05 -2E-05
vn -1 -3E-05 -1E-05
vn -1 -3E-05 -2E-05
vn -1 -3E-05 -1E-05
vn -1 -3E-05 -1E-05
vn 1 3E-05 2E-05
vn -1 -3E-05 -2E-05
vn 1 3E-05 2E-05
vn -1 -3E-05 -2E-05
vn -1 -3E-05 -2E-05
vn -1 -3E-05 -2E-05
vn -3E-05 0.45627 0.88984
vn -2E-05 0.29482 0.95555
vn -3E-05 0.45627 0.88984
vn -1 -3E-05 -2E-05
vn 1 3E-05 2E-05
vn -3E-05 0.99137 -0.13106
vn 1 3E-05 2E-05
vn -1E-05 0.65514 -0.75551
vn -1E-05 0.65514 -0.75551
vn -1E-05 0.81691 -0.57677
vn -1E-05 0.81691 -0.57677
vn -2E-05 0.9312 -0.36451
vn -2E-05 0.9312 -0.36451
vn 1 4E-05 2E-05
vn 1 2E-05 2E-05
vn 1 4E-05 2E-05
vn 1 3E-05 2E-05
vn 1 3E-05 2E-05
vn 1 2E-05 2E-05
vn 1 3E-05 2E-05
vn 1 3E-05 2E-05
vn 1 3E-05 2E-05
vn 1E-05 0.22899 -0.97343
vn 2E-05 -0.24961 -0.96835
vn 2E-05 -0.01061 -0.99994
vn 2E-05 -0.24961 -0.96835
vn -1 -4E-05 -2E-05
vn -1 -3E-05 -2E-05
vn -1 -3E-05 -2E-05
vn -1 -4E-05 -2E-05
vn -1 -2E-05 -2E-05
vn 2E-05 -0.01061 -0.99994
vn -1 -3E-05 -2E-05
vn -1 -3E-05 -2E-05
vn 1 3E-05 1E-05
vn 1 3E-05 2E-05
vn 1 3E-05 1E-05
vn 1 3E-05 2E-05
vn 1 3E-05 2E-05
vn 1 3E-05 2E-05
vn 1 3E-05 2E-05
vn 1 3E-05 2E-05
vn 1 2E-05 1E-05
vn 1 3E-05 3E-05
vn -1 -3E-05 -2E-05
vn -1 -3E-05 -2E-05
vn 1E-05 0.22899 -0.97343
vn 0 0.4553 -0.89034
vn 0 0.4553 -0.89034
vn -1 -3E-05 -2E-05
vn -1 -3E-05 -1E-05
vn -1 -3E-05 -2E-05
vn -1 -3E-05 -2E-05
vn -1 -2E-05 -3E-05
vn -1 -3E-05 -2E-05
vn -1 -3E-05 -2E-05
vn -1 -3E-05 -2E-05
vn -1 -3E-05 -3E-05
vn 1 3E-05 1E-05
vn 1 4E-05 3E-05
vn 1 3E-05 3E-05
vn 1 3E-05 2E-05
vn 1 3E-05 2E-05
vn 1 3E-05 2E-05
vn -3E-05 0.9702 -0.24229
vn -3E-05 0.9702 -0.24229
vn 1 3E-05 2E-05
vn -2E-05 0.90429 -0.42691
vn -2E-05 0.90429 -0.42691
vn 1 3E-05 2E-05
vn 1 3E-05 2E-05
vn 1 3E-05 2E-05
vn 1 3E-05 1E-05
vn 1 4E-05 2E-05
vn 1 3E-05 2E-05
vn 1 3E-05 2E-05
vn 1 3E-05 2E-05
vn 1 3E-05 2E-05
vn 1 3E-05 2E-05
vn -1 -3E-05 -2E-05
vn -1 -3E-05 -2E-05
vn -1 -3E-05 -2E-05
vn -1 -3E-05 -2E-05
vn -1 -3E-05 -3E-05
vn -1 -3E-05 -1E-05
vn -3E-05 0.99137 -0.13107
vn -1 -3E-05 -2E-05
vn -1 -2E-05 -1E-05
vn -1 -3E-05 -2E-05
vn 1E-05 0.22901 -0.97343
vn 0 0.45529 -0.89034
vn 0 0.45529 -0.89034
vn 2E-05 -0.01063 -0.99994
vn 1 2E-05 2E-05
vn 1 3E-05 2E-05
vn 1 3E-05 2E-05
vn 1 2E-05 2E-05
vn 3E-05 -0.4741 -0.88047
vn 3E-05 -0.4741 -0.88047
vn 3E-05 -0.2496 -0.96835
vn 3E-05 -0.2496 -0.96835
vn -1 -3E-05 -2E-05
vn -1 -3E-05 -2E-05
vn -1 -3E-05 -2E-05
vn -1 -3E-05 -2E-05
vn -1 -3E-05 -2E-05
vn -1 -3E-05 -2E-05
vn -1 -3E-05 -2E-05
vn -1 -4E-05 -1E-05
vn -0 -0.45531 0.89033
vn 1E-05 -0.81689 0.5768
vn 1E-05 -0.81689 0.5768
vn -1 -2E-05 -1E-05
vn -1 -3E-05 -2E-05
vn -2E-05 0.01063 0.99994
vn -3E-05 0.2496 0.96835
vn -3E-05 0.4741 0.88047
vn -3E-05 0.671 0.74146
vn -4E-05 0.67103 0.74143
vn -2E-05 0.01063 0.99994
vn -3E-05 0.82897 0.55929
vn 3E-05 -0.93873 -0.34466
vn 3E-05 -0.93873 -0.34466
vn 3E-05 -0.99394 -0.10997
vn 4E-05 -0.99393 -0.11003
vn 3E-05 -0.47408 -0.88048
vn 2E-05 -0.01063 -0.99994
vn 3E-05 -0.67104 -0.74142
vn 3E-05 -0.67104 -0.74142
vn 3E-05 -0.82896 -0.5593
vn -2E-05 0.8169 -0.57678
vn -1E-05 0.81693 -0.57674
vn -0 0.45529 -0.89034
vn 2E-05 -0.01063 -0.99994
vn 0 0.45531 -0.89033
vn -1E-05 0.65513 -0.75552
vn -3E-05 0.93119 -0.36452
vn 1 3E-05 1E-05
vn 1 3E-05 2E-05
vn 1 3E-05 2E-05
vn 1 3E-05 1E-05
vn 1 3E-05 2E-05
vn -2E-05 0.93122 -0.36447
vn -3E-05 0.99137 -0.13107
vn -3E-05 0.99393 0.10997
vn -3E-05 0.99393 0.10997
vn -1 -2E-05 -2E-05
vn -1 -2E-05 -2E-05
vn -1 -4E-05 -2E-05
vn -1 -3E-05 -2E-05
vn 1 3E-05 1E-05
vn 1 3E-05 1E-05
vn 1E-05 0.14744 -0.98907
vn -2E-05 -0.04978 0.99876
vn 2E-05 -0.04835 -0.99883
vn 1E-05 0.14744 -0.98907
vn 1E-05 0.33756 -0.9413
vn 1E-05 0.33756 -0.9413
vn -0 -0.38838 0.9215
vn 1 3E-05 2E-05
vn -1E-05 -0.22246 0.97494
vn 1 3E-05 2E-05
vn -1E-05 -0.22246 0.97494
vn 1 3E-05 2E-05
vn 1E-05 -0.65513 0.75552
vn -1E-05 -0.22902 0.97342
vn 1E-05 -0.81693 0.57674
vn 3E-05 -0.99137 0.13107
vn 2E-05 -0.93119 0.36452
vn -2E-05 0.01063 0.99994
vn -2E-05 0.01063 0.99994
vn -3E-05 0.67103 0.74143
vn -4E-05 0.93875 0.34461
vn -3E-05 0.93873 0.34466
vn -3E-05 0.82894 0.55933
vn -4E-05 0.82897 0.55929
vn 4E-05 -0.93873 -0.34466
vn 4E-05 -0.99393 -0.11003
vn 3E-05 -0.99393 -0.10997
vn 4E-05 -0.82894 -0.55933
vn 3E-05 -0.82897 -0.55929
vn 2E-05 -0.01063 -0.99994
vn -1E-05 0.81693 -0.57674
vn -1E-05 0.65513 -0.75552
vn 0 0.45529 -0.89034
vn -2E-05 0.93119 -0.36452
vn 1 3E-05 2E-05
vn 1 3E-05 2E-05
vn 1 3E-05 1E-05
vn 1 3E-05 3E-05
vn -1 -3E-05 -1E-05
vn -1 -3E-05 -3E-05
vn -3E-05 0.99393 0.11003
vn -1 -4E-05 -0
vn -1 -3E-05 -1E-05
vn -1 -3E-05 -1E-05
vn -2E-05 0.93119 -0.36452
vn 1 3E-05 2E-05
vn 1 3E-05 1E-05
vn 1 3E-05 2E-05
vn -2E-05 -0.04978 0.99876
vn 1 3E-05 2E-05
vn 1 1E-05 2E-05
vn 1 3E-05 2E-05
vn 1 3E-05 2E-05
vn 1 3E-05 2E-05
vn 1 4E-05 2E-05
vn 1 3E-05 2E-05
vn -1 -3E-05 -2E-05
vn -1 -3E-05 -2E-05
vn -1 -4E-05 -2E-05
vn -1 -3E-05 -2E-05
vn -1 -3E-05 -2E-05
vn -1 -3E-05 -2E-05
vn 1 3E-05 2E-05
vn 1 3E-05 2E-05
vn 1 2E-05 1E-05
vn 1 4E-05 2E-05
vn 1 3E-05 2E-05
vn -1 -2E-05 -1E-05
vn -1 -4E-05 -2E-05
vn -1 -2E-05 -1E-05
vn -1 -3E-05 -2E-05
vn -1 -3E-05 -2E-05
vn -1 -3E-05 -2E-05
vn -1 -3E-05 -2E-05
vn 0 -0.54249 0.84006
vn -1E-05 0.67209 -0.74047
vn 0 0.51472 -0.85736
vn -0 0.51471 -0.85736
vn 1 3E-05 2E-05
vn 1 3E-05 2E-05
vn 1 3E-05 2E-05
vn 1 3E-05 2E-05
vn 1 3E-05 2E-05
vn 0 -0.54249 0.84006
vn -1E-05 0.80363 -0.59513
vn -1E-05 0.80363 -0.59512
vn -0 0.67209 -0.74047
vn 1E-05 -0.68013 0.7331
vn 1 3E-05 2E-05
vn -1 -3E-05 -2E-05
vn 1 2E-05 1E-05
vn -1 -3E-05 -2E-05
vn -1 -3E-05 -2E-05
vn 1 3E-05 2E-05
vn 1 3E-05 2E-05
vn 1 3E-05 2E-05
vn 1 3E-05 1E-05
vn 1 3E-05 2E-05
vn 1 4E-05 3E-05
vn 1 3E-05 1E-05
vn 1 3E-05 2E-05
vn 1 4E-05 2E-05
vn -1 -3E-05 -2E-05
vn -1 -3E-05 -2E-05
vn -1 -3E-05 -2E-05
vn -1 -4E-05 -3E-05
vn -1 -2E-05 -1E-05
vn -1 -2E-05 -1E-05
vn -1 -3E-05 -2E-05
vn -1 -2E-05 -1E-05
vn -1 -4E-05 -2E-05
vn -1 -3E-05 -2E-05
vn -0 -0.38838 0.9215
vn -1 -3E-05 -2E-05
vn 6E-05 0.74144 -0.67102
vn 0.98145 0.09513 0.16647
vn 3E-05 -0.67103 -0.74143
vn -3E-05 0.74143 -0.67103
vn -1E-05 0.74143 -0.67103
vn -0.98145 -0.09513 -0.16647
vn -1 -3E-05 -2E-05
vn -0.98145 -0.09513 -0.16647
vn -0.98145 -0.09513 -0.16647
vn 0.98145 0.09512 0.16647
vn 2E-05 -0.86829 0.49605
vn 0.98145 0.09513 0.16647
vn 2E-05 -0.86829 0.49605
vn -0.07329 -0.87304 0.4821
vn -0.02437 -0.87039 0.49176
vn -0.23369 -0.86597 0.44214
vn -0.45523 -0.81343 0.36207
vn -0.27358 -0.86051 0.42974
vn -0.40012 -0.83147 0.38544
vn -0.0904 -0.87348 0.47839
vn -0.13873 -0.87302 0.46753
vn -0.61611 -0.73554 0.28175
vn -0.87568 -0.477 0.07527
vn -0.89857 -0.43627 0.04743
vn -0.76665 -0.61645 0.17956
vn -0.78556 -0.59657 0.16431
vn -0.62348 -0.7309 0.2776
vn -1 -3E-05 -2E-05
vn 1 3E-05 2E-05
vn -1 -6E-05 -4E-05
vn -3E-05 -0.74161 0.67083
vn 4E-05 -0.74138 0.67108
vn 2E-05 -0.74141 0.67105
vn -1 -1E-05 -0
vn -1 -2E-05 -1E-05
vn -1 -4E-05 -2E-05
vn -1 -3E-05 -2E-05
vn -1 6E-05 9E-05
vn -1 -3E-05 -2E-05
vn 1E-05 -0.74143 0.67103
vn 1E-05 -0.74143 0.67103
vn 1E-05 -0.74143 0.67103
vn 1 3E-05 2E-05
vn 1 3E-05 2E-05
vn 1 3E-05 2E-05
vn 1 3E-05 2E-05
vn -1 -3E-05 -2E-05
vn -1 -3E-05 -1E-05
vn -1 -2E-05 -3E-05
vn -1 -3E-05 -1E-05
vn -1 -3E-05 -1E-05
vn -1 -3E-05 -2E-05
vn -1 -3E-05 -2E-05
vn 1 3E-05 2E-05
vn 1 3E-05 2E-05
vn 1 3E-05 2E-05
vn -1 -3E-05 -2E-05
vn 1E-05 -0.74143 0.67103
vn 1E-05 -0.74143 0.67103
f 1//1 2//1 3//1
f 1//2 4//2 2//2
f 1//3 3//3 5//3
f 6//4 1//4 7//4
f 7//5 1//5 8//5
f 8//6 1//6 5//6
f 6//7 9//7 10//7
f 10//8 9//8 11//8
f 9//9 12//9 11//9
f 12//10 13//10 11//10
f 13//11 14//11 11//11
f 15//12 2//12 4//12
f 16//13 5//13 3//13
f 16//14 17//14 5//14
f 18//15 3//15 2//15
f 19//16 15//16 4//16
f 15//17 20//17 2//17
f 4//18 21//18 19//18
f 17//19 8//19 5//19
f 20//20 18//20 2//20
f 18//21 16//21 3//21
f 22//22 7//22 8//22
f 22//23 6//23 7//23
f 22//24 23//24 6//24
f 23//25 9//25 6//25
f 17//26 22//26 8//26
f 24//27 25//27 21//27
f 24//28 21//28 4//28
f 26//29 14//29 13//29
f 26//30 11//30 14//30
f 26//31 13//31 12//31
f 23//32 12//32 9//32
f 23//33 26//33 12//33
f 11//34 26//34 27//34
f 21//35 25//35 28//35
f 29//36 16//36 30//36
f 29//37 30//37 31//37
f 30//38 32//38 31//38
f 29//39 31//39 17//39
f 29//40 17//40 16//40
f 30//41 16//41 18//41
f 33//42 18//42 20//42
f 33//43 20//43 15//43
f 33//44 30//44 18//44
f 33//45 34//45 35//45
f 33//46 35//46 30//46
f 34//47 36//47 35//47
f 34//48 37//48 36//48
f 33//49 15//49 34//49
f 35//50 36//50 38//50
f 35//51 38//51 32//51
f 30//52 35//52 32//52
f 37//53 19//53 39//53
f 34//54 19//54 37//54
f 37//55 39//55 40//55
f 40//56 39//56 41//56
f 34//57 15//57 19//57
f 42//58 39//58 19//58
f 43//59 22//59 44//59
f 45//60 31//60 44//60
f 45//61 17//61 31//61
f 45//62 44//62 22//62
f 31//63 46//63 44//63
f 45//64 22//64 17//64
f 43//65 47//65 23//65
f 43//66 23//66 22//66
f 23//67 47//67 48//67
f 23//68 48//68 49//68
f 43//69 44//69 47//69
f 44//70 50//70 47//70
f 44//71 46//71 50//71
f 23//72 51//72 26//72
f 23//73 49//73 51//73
f 32//74 38//74 52//74
f 32//75 52//75 46//75
f 52//76 53//76 54//76
f 46//77 54//77 50//77
f 46//78 52//78 54//78
f 31//79 32//79 46//79
f 55//80 56//80 57//80
f 56//81 58//81 59//81
f 40//82 55//82 60//82
f 60//83 55//83 57//83
f 60//84 57//84 61//84
f 36//85 60//85 61//85
f 36//86 61//86 38//86
f 37//87 60//87 36//87
f 37//88 40//88 60//88
f 57//89 56//89 59//89
f 61//90 62//90 63//90
f 63//91 64//91 53//91
f 52//92 63//92 53//92
f 38//93 63//93 52//93
f 38//94 61//94 63//94
f 61//95 57//95 62//95
f 63//96 62//96 64//96
f 62//97 65//97 64//97
f 59//98 66//98 67//98
f 59//99 58//99 66//99
f 62//100 67//100 65//100
f 62//101 59//101 67//101
f 57//102 59//102 62//102
f 55//103 68//103 56//103
f 69//104 68//104 55//104
f 40//105 41//105 70//105
f 40//106 70//106 69//106
f 40//107 69//107 55//107
f 69//108 71//108 68//108
f 69//109 72//109 71//109
f 68//110 71//110 73//110
f 69//111 70//111 72//111
f 68//112 73//112 74//112
f 68//113 74//113 75//113
f 75//114 74//114 76//114
f 68//115 75//115 56//115
f 58//116 77//116 66//116
f 78//117 79//117 80//117
f 78//118 80//118 77//118
f 78//119 76//119 79//119
f 58//120 78//120 77//120
f 79//121 81//121 80//121
f 75//122 78//122 58//122
f 75//123 76//123 78//123
f 56//124 75//124 58//124
f 51//125 49//125 82//125
f 26//126 83//126 27//126
f 26//126 51//126 83//126
f 51//127 82//127 83//127
f 48//128 47//128 84//128
f 47//129 50//129 85//129
f 47//130 85//130 84//130
f 49//131 84//131 82//131
f 49//132 48//132 84//132
f 50//133 86//133 87//133
f 50//134 87//134 85//134
f 50//135 54//135 86//135
f 54//136 53//136 88//136
f 54//137 88//137 86//137
f 89//138 87//138 86//138
f 89//139 85//139 87//139
f 90//140 86//140 88//140
f 84//141 85//141 91//141
f 92//142 91//142 85//142
f 89//143 86//143 90//143
f 92//144 85//144 89//144
f 53//145 64//145 93//145
f 65//146 94//146 95//146
f 67//147 66//147 96//147
f 67//148 96//148 94//148
f 65//146 67//146 94//146
f 53//145 93//145 88//145
f 64//149 65//149 95//149
f 64//149 95//149 93//149
f 77//150 80//150 97//150
f 66//151 98//151 96//151
f 66//152 77//152 98//152
f 77//153 97//153 98//153
f 80//154 81//154 99//154
f 80//155 99//155 97//155
f 100//156 93//156 95//156
f 90//157 88//157 101//157
f 101//158 93//158 100//158
f 101//159 100//159 102//159
f 101//160 88//160 93//160
f 103//161 104//161 105//161
f 106//162 105//162 107//162
f 106//163 95//163 94//163
f 106//164 103//164 105//164
f 106//165 94//165 103//165
f 103//166 94//166 96//166
f 100//167 106//167 107//167
f 100//168 95//168 106//168
f 100//169 107//169 102//169
f 103//170 96//170 108//170
f 103//171 108//171 104//171
f 108//172 98//172 109//172
f 108//173 110//173 104//173
f 108//174 109//174 110//174
f 108//175 96//175 98//175
f 109//176 98//176 97//176
f 109//177 111//177 112//177
f 97//178 99//178 111//178
f 109//179 112//179 110//179
f 109//180 97//180 111//180
f 110//181 112//181 113//181
f 114//182 41//182 39//182
f 114//183 115//183 41//183
f 21//184 42//184 19//184
f 25//185 39//185 42//185
f 25//186 114//186 39//186
f 115//187 70//187 41//187
f 116//188 71//188 72//188
f 116//189 73//189 71//189
f 115//190 72//190 70//190
f 116//191 117//191 73//191
f 115//192 116//192 72//192
f 117//193 74//193 73//193
f 118//194 119//194 76//194
f 120//195 81//195 79//195
f 119//196 79//196 76//196
f 118//197 76//197 74//197
f 119//198 120//198 79//198
f 117//199 118//199 74//199
f 121//200 21//200 28//200
f 42//201 21//201 121//201
f 25//202 42//202 121//202
f 122//203 25//203 121//203
f 28//204 25//204 122//204
f 81//205 120//205 123//205
f 81//206 123//206 99//206
f 10//207 11//207 124//207
f 11//208 125//208 124//208
f 126//209 127//209 27//209
f 128//210 126//210 91//210
f 126//211 27//211 91//211
f 127//212 125//212 27//212
f 11//213 27//213 125//213
f 129//214 91//214 130//214
f 129//215 128//215 91//215
f 131//216 129//216 130//216
f 132//217 131//217 130//217
f 133//218 132//218 134//218
f 125//219 127//219 126//219
f 125//220 126//220 128//220
f 124//221 128//221 129//221
f 135//222 131//222 132//222
f 124//223 125//223 128//223
f 136//224 134//224 137//224
f 138//225 134//225 136//225
f 133//226 134//226 138//226
f 135//227 132//227 133//227
f 139//228 140//228 141//228
f 142//229 139//229 141//229
f 143//230 142//230 144//230
f 144//231 142//231 145//231
f 145//232 142//232 141//232
f 134//233 143//233 137//233
f 137//234 143//234 146//234
f 146//235 143//235 144//235
f 82//236 84//236 91//236
f 27//237 83//237 91//237
f 83//238 82//238 91//238
f 92//239 89//239 147//239
f 92//240 130//240 91//240
f 92//241 147//241 130//241
f 147//242 148//242 130//242
f 89//243 149//243 147//243
f 149//244 150//244 151//244
f 89//245 90//245 149//245
f 90//246 101//246 150//246
f 90//247 150//247 149//247
f 147//248 149//248 152//248
f 147//249 152//249 148//249
f 149//250 151//250 152//250
f 152//251 153//251 154//251
f 152//252 154//252 148//252
f 152//253 151//253 153//253
f 153//254 155//254 156//254
f 153//255 156//255 154//255
f 157//256 158//256 159//256
f 157//257 160//257 158//257
f 160//258 161//258 158//258
f 101//259 102//259 150//259
f 150//260 102//260 157//260
f 102//261 107//261 160//261
f 102//262 160//262 157//262
f 151//263 159//263 153//263
f 151//264 157//264 159//264
f 150//265 157//265 151//265
f 153//266 159//266 155//266
f 159//267 158//267 162//267
f 159//268 162//268 163//268
f 159//269 163//269 155//269
f 161//270 164//270 165//270
f 162//271 165//271 121//271
f 158//272 165//272 162//272
f 158//273 161//273 165//273
f 105//274 104//274 166//274
f 105//275 166//275 167//275
f 160//276 167//276 161//276
f 167//277 166//277 168//277
f 167//278 168//278 161//278
f 107//279 167//279 160//279
f 107//280 105//280 167//280
f 166//281 169//281 170//281
f 104//282 110//282 169//282
f 110//283 113//283 169//283
f 104//284 169//284 166//284
f 169//285 113//285 171//285
f 169//286 171//286 170//286
f 168//287 172//287 173//287
f 168//288 173//288 164//288
f 174//289 170//289 172//289
f 166//290 170//290 174//290
f 166//291 174//291 168//291
f 168//292 174//292 172//292
f 161//293 168//293 164//293
f 162//294 121//294 28//294
f 143//295 134//295 154//295
f 132//296 130//296 148//296
f 134//297 148//297 154//297
f 142//298 143//298 156//298
f 134//299 132//299 148//299
f 143//300 154//300 156//300
f 140//301 139//301 163//301
f 140//302 163//302 162//302
f 139//303 142//303 163//303
f 142//304 155//304 163//304
f 162//305 28//305 140//305
f 142//306 156//306 155//306
f 122//307 175//307 28//307
f 175//308 140//308 28//308
f 99//309 123//309 176//309
f 111//310 176//310 177//310
f 111//311 99//311 176//311
f 112//312 177//312 178//312
f 112//313 111//313 177//313
f 113//314 112//314 178//314
f 121//315 165//315 122//315
f 165//316 164//316 122//316
f 164//317 179//317 122//317
f 164//318 173//318 179//318
f 171//319 180//319 181//319
f 171//320 113//320 180//320
f 113//321 178//321 180//321
f 170//322 181//322 182//322
f 170//323 171//323 181//323
f 172//324 170//324 182//324
f 173//325 182//325 179//325
f 173//326 172//326 182//326
f 1//327 6//327 10//327
f 183//328 1//328 184//328
f 185//329 186//329 1//329
f 183//330 185//330 1//330
f 185//331 187//331 186//331
f 187//332 188//332 189//332
f 187//333 189//333 186//333
f 188//334 190//334 191//334
f 188//335 191//335 189//335
f 190//336 192//336 193//336
f 190//337 193//337 191//337
f 192//338 194//338 195//338
f 192//339 195//339 193//339
f 194//340 196//340 197//340
f 194//341 197//341 195//341
f 196//342 198//342 199//342
f 196//343 199//343 197//343
f 198//344 200//344 201//344
f 198//345 201//345 199//345
f 200//346 202//346 201//346
f 202//347 200//347 203//347
f 202//348 203//348 204//348
f 204//349 203//349 10//349
f 10//350 203//350 184//350
f 184//351 1//351 10//351
f 205//352 206//352 207//352
f 206//353 208//353 207//353
f 208//354 209//354 207//354
f 209//355 210//355 211//355
f 209//356 211//356 207//356
f 212//357 213//357 214//357
f 212//358 214//358 215//358
f 205//359 207//359 213//359
f 210//360 216//360 211//360
f 216//361 217//361 211//361
f 213//362 1//362 186//362
f 213//363 207//363 1//363
f 1//364 207//364 24//364
f 1//365 24//365 4//365
f 213//366 191//366 193//366
f 213//367 186//367 189//367
f 213//368 189//368 191//368
f 213//369 193//369 195//369
f 213//370 195//370 197//370
f 213//371 201//371 202//371
f 213//372 199//372 201//372
f 213//373 197//373 199//373
f 211//374 217//374 116//374
f 207//375 211//375 115//375
f 24//376 114//376 25//376
f 115//377 211//377 116//377
f 24//378 207//378 114//378
f 114//379 207//379 115//379
f 118//380 218//380 119//380
f 119//381 218//381 120//381
f 118//382 219//382 218//382
f 116//383 220//383 117//383
f 117//384 220//384 221//384
f 117//385 222//385 118//385
f 118//386 222//386 219//386
f 217//387 220//387 116//387
f 117//388 221//388 222//388
f 218//389 223//389 120//389
f 213//390 202//390 224//390
f 223//391 225//391 123//391
f 120//392 223//392 123//392
f 223//393 214//393 226//393
f 227//394 202//394 204//394
f 214//395 213//395 224//395
f 223//396 226//396 225//396
f 223//397 215//397 214//397
f 218//398 228//398 223//398
f 229//399 230//399 141//399
f 229//400 202//400 227//400
f 204//401 10//401 124//401
f 204//402 124//402 227//402
f 224//403 202//403 229//403
f 230//404 145//404 141//404
f 124//405 131//405 135//405
f 124//406 129//406 131//406
f 231//407 227//407 124//407
f 227//408 231//408 229//408
f 231//409 124//409 232//409
f 232//410 124//410 233//410
f 233//411 124//411 135//411
f 234//412 235//412 135//412
f 236//413 234//413 133//413
f 237//414 238//414 133//414
f 235//415 233//415 135//415
f 239//416 236//416 133//416
f 238//417 239//417 133//417
f 237//418 133//418 138//418
f 240//419 237//419 138//419
f 234//420 135//420 133//420
f 241//421 138//421 136//421
f 241//422 240//422 138//422
f 242//423 241//423 136//423
f 243//424 244//424 144//424
f 229//425 231//425 245//425
f 243//426 144//426 145//426
f 242//427 136//427 137//427
f 244//428 242//428 137//428
f 244//429 146//429 144//429
f 230//430 243//430 145//430
f 244//431 137//431 146//431
f 229//432 245//432 230//432
f 246//433 226//433 247//433
f 226//434 214//434 224//434
f 123//435 225//435 248//435
f 176//436 123//436 248//436
f 224//437 229//437 141//437
f 140//438 175//438 141//438
f 175//439 249//439 141//439
f 249//440 224//440 141//440
f 177//441 176//441 248//441
f 180//442 250//442 251//442
f 180//443 178//443 250//443
f 178//444 177//444 248//444
f 178//445 248//445 252//445
f 178//446 252//446 250//446
f 179//447 182//447 249//447
f 249//448 182//448 253//448
f 182//449 254//449 253//449
f 180//450 251//450 255//450
f 254//451 181//451 256//451
f 182//452 181//452 254//452
f 122//453 179//453 175//453
f 179//454 249//454 175//454
f 181//455 180//455 255//455
f 181//456 255//456 256//456
f 246//457 225//457 226//457
f 249//458 247//458 224//458
f 247//459 226//459 224//459
f 253//460 257//460 258//460
f 249//461 259//461 247//461
f 253//462 260//462 257//462
f 253//463 261//463 260//463
f 253//464 254//464 261//464
f 249//465 262//465 259//465
f 249//466 263//466 262//466
f 249//467 253//467 263//467
f 253//468 258//468 263//468
f 264//469 265//469 183//469
f 266//470 267//470 264//470
f 267//471 268//471 264//471
f 264//472 268//472 265//472
f 269//473 266//473 264//473
f 265//474 268//474 270//474
f 271//475 272//475 265//475
f 272//476 273//476 265//476
f 273//477 274//477 265//477
f 275//478 276//478 265//478
f 276//479 271//479 265//479
f 277//480 278//480 265//480
f 265//481 270//481 277//481
f 278//482 275//482 265//482
f 264//483 279//483 280//483
f 264//484 280//484 281//484
f 264//485 281//485 282//485
f 282//486 269//486 264//486
f 282//487 281//487 283//487
f 284//487 282//487 283//487
f 265//488 274//488 285//488
f 274//489 286//489 285//489
f 286//490 287//490 285//490
f 264//491 288//491 279//491
f 289//492 290//492 291//492
f 289//493 291//493 268//493
f 268//494 291//494 292//494
f 268//495 292//495 293//495
f 294//496 295//496 268//496
f 268//497 296//497 294//497
f 268//498 293//498 296//498
f 297//499 298//499 299//499
f 300//500 301//500 299//500
f 301//501 297//501 299//501
f 299//502 298//502 302//502
f 303//503 304//503 302//503
f 289//504 305//504 290//504
f 289//505 306//505 305//505
f 307//506 303//506 302//506
f 308//507 307//507 302//507
f 298//508 308//508 302//508
f 309//509 310//509 306//509
f 289//510 309//510 306//510
f 268//511 311//511 312//511
f 268//512 312//512 313//512
f 270//513 268//513 313//513
f 268//514 295//514 311//514
f 314//515 300//515 299//515
f 315//516 316//516 317//516
f 318//517 316//517 315//517
f 319//518 314//518 315//518
f 315//519 314//519 299//519
f 318//520 320//520 316//520
f 315//521 317//521 319//521
f 290//522 297//522 291//522
f 297//523 301//523 291//523
f 301//524 300//524 292//524
f 292//525 300//525 293//525
f 293//526 300//526 296//526
f 298//527 297//527 290//527
f 291//528 301//528 292//528
f 314//529 319//529 296//529
f 300//526 314//526 296//526
f 296//530 319//530 294//530
f 294//531 319//531 295//531
f 307//532 308//532 306//532
f 306//533 308//533 305//533
f 303//534 307//534 310//534
f 310//535 307//535 306//535
f 305//536 298//536 290//536
f 308//536 298//536 305//536
f 321//537 303//537 322//537
f 322//538 303//538 310//538
f 323//539 320//539 324//539
f 317//540 316//540 295//540
f 295//541 316//541 323//541
f 319//531 317//531 295//531
f 316//539 320//539 323//539
f 325//542 326//542 327//542
f 324//543 320//543 325//543
f 320//544 326//544 325//544
f 326//542 328//542 327//542
f 327//545 329//545 330//545
f 328//546 329//546 327//546
f 331//547 332//547 333//547
f 334//548 331//548 335//548
f 336//549 331//549 333//549
f 335//550 331//550 336//550
f 337//551 334//551 338//551
f 338//552 334//552 335//552
f 330//553 329//553 338//553
f 329//554 337//554 338//554
f 302//555 339//555 299//555
f 340//556 289//556 268//556
f 340//557 309//557 289//557
f 340//557 341//557 309//557
f 267//558 340//558 268//558
f 342//559 339//559 302//559
f 304//560 342//560 302//560
f 343//560 342//560 304//560
f 339//561 342//561 340//561
f 339//562 340//562 267//562
f 342//563 343//563 341//563
f 342//564 341//564 340//564
f 344//565 339//565 267//565
f 299//566 344//566 315//566
f 344//567 267//567 266//567
f 344//568 266//568 318//568
f 339//569 344//569 299//569
f 315//570 344//570 318//570
f 345//571 346//571 309//571
f 321//572 304//572 303//572
f 322//573 346//573 347//573
f 310//574 346//574 322//574
f 309//575 346//575 310//575
f 348//576 349//576 304//576
f 321//577 348//577 304//577
f 304//578 350//578 351//578
f 349//579 350//579 304//579
f 352//580 353//580 345//580
f 354//581 355//581 351//581
f 350//582 356//582 351//582
f 345//583 357//583 346//583
f 356//584 354//584 351//584
f 345//585 353//585 358//585
f 355//586 359//586 351//586
f 345//587 358//587 357//587
f 352//588 360//588 361//588
f 362//589 359//589 355//589
f 352//590 363//590 353//590
f 352//591 361//591 363//591
f 362//592 364//592 359//592
f 356//593 350//593 358//593
f 353//594 354//594 358//594
f 358//595 350//595 357//595
f 357//596 350//596 346//596
f 346//597 349//597 347//597
f 350//596 349//596 346//596
f 347//598 348//598 365//598
f 349//599 348//599 347//599
f 354//600 356//600 358//600
f 348//601 366//601 365//601
f 364//533 362//533 367//533
f 367//602 362//602 361//602
f 361//603 355//603 363//603
f 355//522 354//522 363//522
f 362//603 355//603 361//603
f 363//604 354//604 353//604
f 368//605 369//605 370//605
f 371//605 369//605 368//605
f 372//606 373//606 374//606
f 373//607 371//607 374//607
f 374//608 371//608 368//608
f 322//609 347//609 370//609
f 370//610 365//610 368//610
f 368//611 375//611 374//611
f 374//612 376//612 377//612
f 347//613 365//613 370//613
f 375//614 376//614 374//614
f 365//615 375//615 368//615
f 371//616 366//616 369//616
f 369//617 348//617 321//617
f 370//618 321//618 322//618
f 373//619 378//619 379//619
f 369//620 321//620 370//620
f 369//621 366//621 348//621
f 373//622 379//622 371//622
f 371//623 379//623 366//623
f 374//624 377//624 372//624
f 372//625 377//625 380//625
f 372//626 380//626 381//626
f 382//627 383//627 333//627
f 382//628 380//628 383//628
f 381//629 380//629 382//629
f 333//630 383//630 336//630
f 382//631 384//631 381//631
f 385//606 373//606 372//606
f 384//632 385//632 381//632
f 381//632 385//632 372//632
f 386//633 384//633 382//633
f 333//634 386//634 382//634
f 332//635 386//635 333//635
f 384//636 387//636 385//636
f 388//637 378//637 373//637
f 385//638 388//638 373//638
f 386//639 387//639 384//639
f 387//640 388//640 385//640
f 376//641 389//641 377//641
f 375//642 379//642 376//642
f 365//643 379//643 375//643
f 366//644 379//644 365//644
f 376//645 378//645 389//645
f 379//646 378//646 376//646
f 390//647 391//647 392//647
f 389//647 390//647 392//647
f 378//645 390//645 389//645
f 393//648 394//648 395//648
f 392//545 396//545 397//545
f 397//649 396//649 398//649
f 391//545 396//545 392//545
f 398//650 393//650 395//650
f 396//651 393//651 398//651
f 397//652 398//652 399//652
f 400//653 388//653 399//653
f 398//654 401//654 399//654
f 392//655 397//655 399//655
f 392//656 399//656 377//656
f 399//657 388//657 377//657
f 402//658 400//658 401//658
f 401//659 400//659 399//659
f 389//660 392//660 377//660
f 388//661 391//661 390//661
f 388//662 390//662 378//662
f 400//663 402//663 393//663
f 388//664 400//664 391//664
f 400//665 396//665 391//665
f 400//666 393//666 396//666
f 341//667 403//667 345//667
f 341//667 345//667 309//667
f 403//668 404//668 352//668
f 403//669 352//669 345//669
f 343//670 403//670 341//670
f 405//671 343//671 351//671
f 343//672 405//672 403//672
f 351//671 343//671 304//671
f 405//673 404//673 403//673
f 405//674 406//674 404//674
f 406//675 405//675 359//675
f 406//676 407//676 404//676
f 404//677 360//677 352//677
f 359//675 405//675 351//675
f 404//678 407//678 360//678
f 408//679 409//679 410//679
f 410//680 409//680 318//680
f 411//681 412//681 318//681
f 409//682 411//682 318//682
f 413//683 414//683 410//683
f 414//684 408//684 410//684
f 284//685 413//685 410//685
f 413//597 415//597 277//597
f 313//596 414//596 270//596
f 270//597 413//597 277//597
f 277//686 415//686 278//686
f 414//596 413//596 270//596
f 410//687 269//687 284//687
f 266//688 269//688 410//688
f 318//689 266//689 410//689
f 269//687 282//687 284//687
f 325//690 327//690 416//690
f 327//691 330//691 417//691
f 295//692 323//692 311//692
f 417//690 330//690 418//690
f 311//693 323//693 419//693
f 420//694 325//694 416//694
f 324//695 325//695 420//695
f 416//691 327//691 417//691
f 419//696 324//696 420//696
f 323//697 324//697 419//697
f 421//698 329//698 328//698
f 422//699 329//699 421//699
f 421//698 328//698 423//698
f 423//699 328//699 326//699
f 423//700 326//700 412//700
f 412//701 326//701 320//701
f 412//702 320//702 318//702
f 419//527 409//527 311//527
f 412//703 411//703 420//703
f 420//704 411//704 419//704
f 416//705 412//705 420//705
f 423//705 412//705 416//705
f 312//524 414//524 313//524
f 408//706 414//706 312//706
f 311//707 409//707 312//707
f 411//604 409//604 419//604
f 409//707 408//707 312//707
f 424//708 425//708 426//708
f 417//534 423//534 416//534
f 421//535 423//535 417//535
f 426//618 422//618 418//618
f 425//618 422//618 426//618
f 422//537 421//537 418//537
f 418//537 421//537 417//537
f 427//709 428//709 429//709
f 430//710 425//710 424//710
f 428//711 430//711 429//711
f 429//712 430//712 424//712
f 431//713 432//713 276//713
f 284//714 431//714 433//714
f 433//715 431//715 278//715
f 275//713 431//713 276//713
f 278//716 431//716 275//716
f 415//686 433//686 278//686
f 284//717 433//717 415//717
f 415//718 413//718 284//718
f 283//719 432//719 431//719
f 283//720 431//720 284//720
f 283//721 434//721 432//721
f 435//722 436//722 437//722
f 435//723 437//723 283//723
f 283//724 437//724 434//724
f 283//725 281//725 435//725
f 438//726 436//726 439//726
f 434//727 437//727 438//727
f 432//728 434//728 440//728
f 439//729 436//729 441//729
f 440//730 434//730 438//730
f 437//731 436//731 438//731
f 276//732 432//732 440//732
f 436//733 442//733 441//733
f 443//734 444//734 445//734
f 446//735 443//735 445//735
f 441//736 442//736 446//736
f 442//736 443//736 446//736
f 447//737 448//737 449//737
f 450//633 447//633 451//633
f 449//738 448//738 427//738
f 448//739 428//739 427//739
f 451//633 447//633 449//633
f 452//740 450//740 451//740
f 453//741 450//741 452//741
f 445//742 453//742 452//742
f 444//742 453//742 445//742
f 441//743 454//743 439//743
f 439//744 454//744 455//744
f 439//745 455//745 438//745
f 440//746 456//746 276//746
f 438//747 455//747 457//747
f 438//748 457//748 440//748
f 456//749 271//749 276//749
f 440//750 457//750 456//750
f 446//751 458//751 441//751
f 445//752 459//752 446//752
f 441//753 458//753 454//753
f 445//754 460//754 459//754
f 446//752 459//752 458//752
f 435//755 461//755 436//755
f 436//756 461//756 442//756
f 442//757 462//757 443//757
f 461//758 462//758 442//758
f 443//759 463//759 444//759
f 462//760 463//760 443//760
f 463//761 464//761 444//761
f 338//762 465//762 330//762
f 336//763 383//763 466//763
f 330//764 465//764 418//764
f 335//765 466//765 338//765
f 338//766 466//766 465//766
f 336//767 466//767 335//767
f 467//768 468//768 337//768
f 331//501 469//501 332//501
f 422//769 467//769 329//769
f 329//770 467//770 337//770
f 332//771 469//771 386//771
f 468//772 469//772 331//772
f 337//773 468//773 334//773
f 334//774 468//774 331//774
f 426//775 465//775 424//775
f 424//776 465//776 470//776
f 429//777 470//777 427//777
f 418//778 465//778 426//778
f 424//779 470//779 429//779
f 471//780 467//780 430//780
f 466//781 468//781 465//781
f 425//782 467//782 422//782
f 465//783 467//783 470//783
f 430//784 467//784 425//784
f 468//785 467//785 465//785
f 467//783 471//783 470//783
f 469//786 387//786 386//786
f 377//787 387//787 380//787
f 388//787 387//787 377//787
f 380//788 469//788 383//788
f 387//789 469//789 380//789
f 469//790 468//790 383//790
f 383//791 468//791 466//791
f 452//792 472//792 445//792
f 473//793 474//793 472//793
f 475//794 472//794 452//794
f 427//795 475//795 449//795
f 475//796 473//796 472//796
f 470//797 473//797 475//797
f 470//798 475//798 427//798
f 449//799 475//799 451//799
f 451//800 475//800 452//800
f 453//801 473//801 450//801
f 448//802 473//802 471//802
f 428//803 471//803 430//803
f 448//804 471//804 428//804
f 450//805 473//805 447//805
f 447//806 473//806 448//806
f 471//797 473//797 470//797
f 453//807 474//807 473//807
f 444//808 474//808 453//808
f 460//809 472//809 476//809
f 445//810 472//810 460//810
f 477//811 478//811 479//811
f 476//812 478//812 477//812
f 472//813 478//813 476//813
f 478//814 480//814 481//814
f 478//815 481//815 479//815
f 482//816 474//816 464//816
f 464//817 474//817 444//817
f 472//818 483//818 478//818
f 474//819 483//819 472//819
f 482//820 483//820 474//820
f 483//821 480//821 478//821
f 360//822 484//822 485//822
f 486//823 360//823 485//823
f 487//824 488//824 489//824
f 489//825 488//825 490//825
f 491//826 484//826 492//826
f 361//827 360//827 367//827
f 367//828 360//828 486//828
f 485//829 484//829 491//829
f 485//537 490//537 486//537
f 490//535 364//535 486//535
f 487//830 489//830 491//830
f 491//830 489//830 485//830
f 486//534 364//534 367//534
f 492//710 487//710 491//710
f 489//538 490//538 485//538
f 493//711 494//711 495//711
f 495//711 494//711 492//711
f 496//831 493//831 497//831
f 497//831 493//831 495//831
f 494//708 487//708 492//708
f 498//832 496//832 497//832
f 494//833 499//833 488//833
f 493//834 499//834 494//834
f 494//835 488//835 487//835
f 500//836 501//836 499//836
f 502//837 500//837 499//837
f 493//838 502//838 499//838
f 495//839 503//839 504//839
f 503//840 505//840 506//840
f 484//841 503//841 492//841
f 492//842 503//842 495//842
f 503//843 506//843 504//843
f 501//844 507//844 499//844
f 498//845 508//845 509//845
f 509//846 508//846 510//846
f 498//845 511//845 508//845
f 497//846 511//846 498//846
f 512//847 401//847 513//847
f 514//848 515//848 513//848
f 509//849 516//849 498//849
f 513//850 515//850 512//850
f 394//851 514//851 513//851
f 395//852 394//852 513//852
f 512//853 517//853 509//853
f 515//634 517//634 512//634
f 516//854 496//854 498//854
f 517//849 516//849 509//849
f 518//855 519//855 517//855
f 519//856 520//856 516//856
f 516//857 520//857 496//857
f 517//856 519//856 516//856
f 509//858 521//858 512//858
f 512//859 521//859 401//859
f 395//860 401//860 398//860
f 521//861 402//861 401//861
f 513//862 401//862 395//862
f 393//863 402//863 394//863
f 402//864 522//864 515//864
f 515//865 522//865 517//865
f 514//866 402//866 515//866
f 394//867 402//867 514//867
f 509//868 510//868 521//868
f 522//869 518//869 517//869
f 495//870 504//870 523//870
f 497//871 523//871 511//871
f 495//872 523//872 497//872
f 520//873 502//873 496//873
f 496//874 502//874 493//874
f 523//593 520//593 511//593
f 502//595 520//595 523//595
f 511//875 520//875 508//875
f 524//536 501//536 505//536
f 500//876 502//876 504//876
f 501//877 500//877 506//877
f 506//878 500//878 504//878
f 505//879 501//879 506//879
f 504//876 502//876 523//876
f 525//880 526//880 527//880
f 521//881 528//881 527//881
f 529//882 530//882 531//882
f 528//883 532//883 527//883
f 532//884 525//884 527//884
f 510//885 528//885 521//885
f 526//882 529//882 531//882
f 522//886 533//886 518//886
f 518//887 533//887 528//887
f 520//875 519//875 508//875
f 510//888 518//888 528//888
f 508//889 519//889 510//889
f 519//889 518//889 510//889
f 528//890 534//890 532//890
f 532//713 535//713 525//713
f 533//891 534//891 528//891
f 535//732 529//732 525//732
f 525//732 529//732 526//732
f 534//892 535//892 532//892
f 407//893 536//893 484//893
f 407//894 484//894 360//894
f 537//895 536//895 407//895
f 406//896 537//896 407//896
f 364//897 490//897 359//897
f 490//898 488//898 359//898
f 488//899 406//899 359//899
f 537//900 406//900 488//900
f 538//901 537//901 499//901
f 499//902 537//902 488//902
f 539//903 538//903 507//903
f 538//904 539//904 540//904
f 536//905 503//905 484//905
f 536//905 540//905 503//905
f 507//906 538//906 499//906
f 538//907 540//907 536//907
f 537//908 538//908 536//908
f 503//909 541//909 505//909
f 542//910 543//910 544//910
f 545//911 543//911 542//911
f 505//912 541//912 546//912
f 547//913 543//913 545//913
f 541//914 543//914 547//914
f 546//915 541//915 547//915
f 548//916 507//916 524//916
f 524//917 507//917 501//917
f 549//918 550//918 507//918
f 549//919 507//919 548//919
f 547//535 548//535 546//535
f 549//534 548//534 547//534
f 546//533 524//533 505//533
f 548//532 524//532 546//532
f 551//618 552//618 542//618
f 553//920 554//920 555//920
f 545//538 549//538 547//538
f 544//708 551//708 542//708
f 555//711 554//711 544//711
f 554//708 551//708 544//708
f 542//618 552//618 545//618
f 552//537 549//537 545//537
f 556//921 553//921 555//921
f 557//606 553//606 556//606
f 558//634 559//634 560//634
f 561//632 557//632 562//632
f 563//549 564//549 558//549
f 565//549 563//549 558//549
f 560//631 561//631 562//631
f 566//922 563//922 565//922
f 564//634 559//634 558//634
f 559//633 561//633 560//633
f 562//632 557//632 556//632
f 552//923 550//923 549//923
f 561//924 567//924 557//924
f 551//925 550//925 552//925
f 554//926 567//926 550//926
f 553//927 567//927 554//927
f 554//928 550//928 551//928
f 557//929 567//929 553//929
f 568//930 569//930 570//930
f 568//930 571//930 569//930
f 561//931 572//931 567//931
f 571//932 568//932 556//932
f 556//933 568//933 562//933
f 562//934 568//934 560//934
f 543//935 571//935 544//935
f 544//936 571//936 555//936
f 555//937 571//937 556//937
f 573//938 574//938 575//938
f 571//939 543//939 574//939
f 539//940 573//940 575//940
f 550//941 539//941 507//941
f 540//942 575//942 541//942
f 575//943 543//943 541//943
f 575//943 574//943 543//943
f 540//942 541//942 503//942
f 539//944 575//944 540//944
f 572//945 576//945 567//945
f 567//946 573//946 550//946
f 576//946 573//946 567//946
f 571//939 574//939 569//939
f 573//941 539//941 550//941
f 573//947 569//947 574//947
f 576//948 569//948 573//948
f 576//949 570//949 569//949
f 527//950 522//950 521//950
f 522//861 402//861 521//861
f 577//951 522//951 527//951
f 578//952 535//952 577//952
f 577//953 535//953 534//953
f 527//815 526//815 579//815
f 580//954 578//954 579//954
f 577//955 534//955 533//955
f 577//956 533//956 522//956
f 578//957 577//957 579//957
f 579//957 577//957 527//957
f 581//954 578//954 580//954
f 526//958 531//958 579//958
f 582//959 583//959 580//959
f 566//960 584//960 585//960
f 565//960 584//960 566//960
f 531//961 582//961 579//961
f 583//962 585//962 580//962
f 566//963 585//963 583//963
f 579//964 582//964 580//964
f 578//965 529//965 535//965
f 578//966 530//966 529//966
f 578//967 586//967 530//967
f 581//968 586//968 578//968
f 581//969 587//969 586//969
f 586//553 587//553 582//553
f 588//970 563//970 566//970
f 582//553 587//553 583//553
f 530//546 586//546 531//546
f 587//971 588//971 583//971
f 583//972 588//972 566//972
f 531//545 586//545 582//545
f 580//973 585//973 589//973
f 590//974 581//974 580//974
f 591//975 581//975 590//975
f 590//976 592//976 593//976
f 590//977 593//977 594//977
f 580//978 589//978 590//978
f 590//979 589//979 592//979
f 595//980 596//980 588//980
f 581//981 595//981 587//981
f 588//760 596//760 563//760
f 587//982 595//982 588//982
f 597//983 595//983 581//983
f 591//984 597//984 581//984
f 590//985 594//985 598//985
f 599//986 600//986 601//986
f 598//987 599//987 601//987
f 601//988 602//988 598//988
f 594//989 603//989 598//989
f 604//988 602//988 601//988
f 605//541 606//541 603//541
f 599//990 606//990 600//990
f 606//990 607//990 600//990
f 603//991 599//991 598//991
f 600//992 608//992 601//992
f 603//540 606//540 599//540
f 598//993 591//993 590//993
f 604//994 607//994 606//994
f 604//995 606//995 602//995
f 602//996 591//996 598//996
f 602//997 609//997 591//997
f 602//998 605//998 609//998
f 609//999 610//999 591//999
f 602//1000 606//1000 605//1000
f 611//1001 610//1001 593//1001
f 610//1002 611//1002 591//1002
f 593//597 610//597 594//597
f 611//1003 597//1003 591//1003
f 609//1004 605//1004 603//1004
f 594//1004 609//1004 603//1004
f 610//597 609//597 594//597
f 592//1005 611//1005 593//1005
f 612//1006 613//1006 614//1006
f 601//1007 613//1007 612//1007
f 601//1008 615//1008 613//1008
f 616//1009 617//1009 618//1009
f 617//1010 604//1010 612//1010
f 618//1009 617//1009 612//1009
f 612//1011 604//1011 601//1011
f 608//1012 619//1012 615//1012
f 615//1013 619//1013 620//1013
f 619//1014 621//1014 620//1014
f 601//1015 608//1015 615//1015
f 620//1016 621//1016 622//1016
f 623//699 624//699 625//699
f 604//782 625//782 607//782
f 623//769 625//769 604//769
f 596//1017 626//1017 563//1017
f 558//1018 627//1018 628//1018
f 560//1019 627//1019 558//1019
f 563//1020 626//1020 564//1020
f 565//1021 628//1021 584//1021
f 558//1022 628//1022 565//1022
f 626//1023 629//1023 564//1023
f 629//1024 572//1024 564//1024
f 626//703 596//703 628//703
f 628//704 596//704 584//704
f 595//600 597//600 589//600
f 597//706 611//706 589//706
f 589//1025 611//1025 592//1025
f 585//600 595//600 589//600
f 596//1026 595//1026 584//1026
f 584//1027 595//1027 585//1027
f 630//537 631//537 632//537
f 633//534 629//534 627//534
f 629//533 626//533 627//533
f 627//533 626//533 628//533
f 631//535 629//535 633//535
f 634//618 630//618 632//618
f 635//620 630//620 634//620
f 632//537 631//537 633//537
f 636//1028 637//1028 634//1028
f 560//1029 568//1029 627//1029
f 627//1030 568//1030 633//1030
f 631//1031 638//1031 572//1031
f 631//1032 572//1032 629//1032
f 632//1033 636//1033 634//1033
f 568//1034 636//1034 633//1034
f 633//1035 636//1035 632//1035
f 639//1036 635//1036 634//1036
f 640//1037 635//1037 639//1037
f 640//1038 641//1038 638//1038
f 634//1039 637//1039 639//1039
f 640//1040 638//1040 635//1040
f 639//1041 637//1041 642//1041
f 642//1042 640//1042 639//1042
f 635//1043 638//1043 630//1043
f 642//1044 637//1044 643//1044
f 630//1045 638//1045 631//1045
f 625//1046 624//1046 619//1046
f 619//546 644//546 621//546
f 621//1047 644//1047 645//1047
f 644//1048 646//1048 645//1048
f 607//1049 625//1049 608//1049
f 608//1050 625//1050 619//1050
f 624//545 644//545 619//545
f 600//1049 607//1049 608//1049
f 647//832 648//832 649//832
f 643//1051 650//1051 642//1051
f 648//1052 650//1052 643//1052
f 649//832 648//832 643//832
f 650//1053 640//1053 642//1053
f 651//1054 647//1054 649//1054
f 652//1054 647//1054 651//1054
f 653//634 652//634 651//634
f 645//1055 646//1055 654//1055
f 655//848 656//848 657//848
f 657//848 656//848 653//848
f 658//734 655//734 657//734
f 646//1055 658//1055 654//1055
f 654//1056 658//1056 657//1056
f 656//853 652//853 653//853
f 622//1057 645//1057 659//1057
f 654//1058 660//1058 661//1058
f 645//1059 654//1059 659//1059
f 621//1060 645//1060 622//1060
f 659//1061 654//1061 661//1061
f 651//1062 662//1062 653//1062
f 653//1063 662//1063 657//1063
f 651//1064 663//1064 662//1064
f 657//1065 662//1065 654//1065
f 654//1066 662//1066 660//1066
f 649//1067 663//1067 651//1067
f 643//1068 663//1068 649//1068
f 643//1069 637//1069 663//1069
f 664//1070 641//1070 647//1070
f 662//1071 663//1071 665//1071
f 650//1072 641//1072 640//1072
f 663//1073 637//1073 666//1073
f 663//1074 666//1074 665//1074
f 647//1075 641//1075 648//1075
f 652//1076 664//1076 647//1076
f 648//1077 641//1077 650//1077
f 655//1078 664//1078 656//1078
f 656//1079 664//1079 652//1079
f 559//1080 572//1080 561//1080
f 564//1081 572//1081 559//1081
f 667//945 576//945 572//945
f 636//1082 570//1082 668//1082
f 667//1083 570//1083 576//1083
f 669//1084 668//1084 667//1084
f 667//1085 668//1085 570//1085
f 669//1086 667//1086 638//1086
f 638//1087 667//1087 572//1087
f 637//1088 636//1088 668//1088
f 636//1089 568//1089 570//1089
f 670//1090 665//1090 666//1090
f 637//1088 668//1088 666//1088
f 671//1091 665//1091 670//1091
f 669//1092 666//1092 668//1092
f 670//1093 666//1093 669//1093
f 664//1094 670//1094 641//1094
f 671//1094 670//1094 664//1094
f 641//1095 669//1095 638//1095
f 670//1096 669//1096 641//1096
f 672//1097 461//1097 435//1097
f 435//1098 280//1098 673//1098
f 674//1099 672//1099 435//1099
f 673//931 674//931 435//931
f 281//725 280//725 435//725
f 673//1100 279//1100 675//1100
f 280//1101 279//1101 673//1101
f 676//1102 674//1102 673//1102
f 675//926 677//926 673//926
f 673//1103 678//1103 676//1103
f 673//927 677//927 678//927
f 672//596 674//596 457//596
f 461//1104 672//1104 454//1104
f 457//597 674//597 456//597
f 454//1105 672//1105 455//1105
f 459//604 462//604 458//604
f 458//1106 462//1106 454//1106
f 463//604 462//604 459//604
f 462//1107 461//1107 454//1107
f 455//596 672//596 457//596
f 676//1108 678//1108 271//1108
f 674//599 676//599 456//599
f 678//1109 677//1109 271//1109
f 456//598 676//598 271//598
f 271//644 677//644 272//644
f 464//1110 463//1110 460//1110
f 479//537 679//537 477//537
f 460//1110 463//1110 459//1110
f 680//538 679//538 479//538
f 477//534 482//534 476//534
f 679//535 482//535 477//535
f 482//705 464//705 476//705
f 476//1111 464//1111 460//1111
f 681//1050 682//1050 286//1050
f 683//1112 681//1112 274//1112
f 274//1113 681//1113 286//1113
f 675//928 683//928 677//928
f 677//1114 683//1114 273//1114
f 675//925 681//925 683//925
f 675//1115 682//1115 681//1115
f 272//1114 677//1114 273//1114
f 273//1112 683//1112 274//1112
f 684//1047 685//1047 686//1047
f 687//734 688//734 689//734
f 686//650 685//650 687//650
f 682//546 684//546 286//546
f 287//733 684//733 686//733
f 685//650 688//650 687//650
f 286//545 684//545 287//545
f 688//1056 690//1056 689//1056
f 689//1116 691//1116 692//1116
f 690//1117 691//1117 689//1117
f 693//1118 682//1118 675//1118
f 288//1119 694//1119 675//1119
f 675//1119 694//1119 693//1119
f 279//1120 288//1120 675//1120
f 693//1121 688//1121 685//1121
f 693//1122 695//1122 688//1122
f 688//1123 695//1123 690//1123
f 693//1124 685//1124 684//1124
f 693//1125 684//1125 682//1125
f 693//1126 694//1126 695//1126
f 694//1126 696//1126 695//1126
f 697//1127 698//1127 699//1127
f 700//711 701//711 702//711
f 698//712 701//712 700//712
f 703//830 680//830 704//830
f 479//1128 481//1128 704//1128
f 702//710 703//710 704//710
f 704//830 680//830 479//830
f 705//1129 697//1129 699//1129
f 701//708 703//708 702//708
f 699//1130 698//1130 700//1130
f 704//1131 481//1131 702//1131
f 706//1132 707//1132 699//1132
f 481//1133 706//1133 700//1133
f 702//1134 481//1134 700//1134
f 700//1135 706//1135 699//1135
f 680//1136 483//1136 679//1136
f 679//1137 483//1137 482//1137
f 698//1138 708//1138 480//1138
f 703//1139 480//1139 483//1139
f 701//1140 480//1140 703//1140
f 698//1141 480//1141 701//1141
f 697//1142 708//1142 698//1142
f 480//1143 708//1143 481//1143
f 481//1143 708//1143 706//1143
f 703//1144 483//1144 680//1144
f 699//1145 707//1145 705//1145
f 705//1146 707//1146 709//1146
f 710//1147 711//1147 692//1147
f 710//1148 709//1148 711//1148
f 705//1146 709//1146 710//1146
f 712//1149 713//1149 686//1149
f 711//1150 714//1150 692//1150
f 692//1151 714//1151 689//1151
f 687//1152 712//1152 686//1152
f 715//1153 712//1153 687//1153
f 686//1154 713//1154 287//1154
f 714//1155 715//1155 689//1155
f 689//1156 715//1156 687//1156
f 716//1157 717//1157 710//1157
f 710//1157 717//1157 705//1157
f 692//1158 716//1158 710//1158
f 691//634 716//634 692//634
f 717//1159 697//1159 705//1159
f 691//1160 718//1160 716//1160
f 719//856 720//856 717//856
f 697//1161 720//1161 708//1161
f 717//857 720//857 697//857
f 718//855 719//855 716//855
f 716//856 719//856 717//856
f 721//1162 722//1162 706//1162
f 708//1163 723//1163 721//1163
f 706//1164 722//1164 707//1164
f 721//1165 724//1165 722//1165
f 721//1166 725//1166 724//1166
f 706//1167 708//1167 721//1167
f 721//1168 726//1168 725//1168
f 721//1169 723//1169 727//1169
f 727//1170 728//1170 729//1170
f 721//1171 727//1171 726//1171
f 723//1172 730//1172 727//1172
f 726//1173 727//1173 729//1173
f 731//1025 720//1025 722//1025
f 732//876 731//876 724//876
f 724//1174 731//1174 722//1174
f 733//527 732//527 725//527
f 725//604 732//604 724//604
f 707//875 720//875 709//875
f 722//706 720//706 707//706
f 733//1175 734//1175 723//1175
f 708//864 731//864 723//864
f 720//1176 731//1176 708//1176
f 731//866 732//866 723//866
f 732//1177 733//1177 723//1177
f 735//538 736//538 728//538
f 737//618 738//618 739//618
f 739//618 738//618 735//618
f 734//1178 733//1178 726//1178
f 726//703 733//703 725//703
f 740//532 734//532 729//532
f 738//537 736//537 735//537
f 728//535 740//535 729//535
f 736//534 740//534 728//534
f 729//1179 734//1179 726//1179
f 740//1180 736//1180 730//1180
f 734//1181 730//1181 723//1181
f 740//1182 730//1182 734//1182
f 691//1183 741//1183 718//1183
f 695//1184 741//1184 691//1184
f 742//1185 743//1185 695//1185
f 695//1186 743//1186 741//1186
f 695//1187 696//1187 742//1187
f 690//1188 695//1188 691//1188
f 720//875 719//875 709//875
f 709//1189 718//1189 711//1189
f 711//1108 718//1108 714//1108
f 719//889 718//889 709//889
f 718//598 741//598 714//598
f 714//644 743//644 715//644
f 741//643 743//643 714//643
f 715//1190 744//1190 712//1190
f 743//1191 744//1191 715//1191
f 712//1192 745//1192 713//1192
f 713//1193 745//1193 746//1193
f 744//1192 745//1192 712//1192
f 745//647 747//647 746//647
f 746//546 748//546 749//546
f 747//545 748//545 746//545
f 750//1117 751//1117 752//1117
f 752//1116 751//1116 753//1116
f 754//1194 750//1194 752//1194
f 751//634 755//634 753//634
f 753//635 755//635 756//635
f 742//1195 745//1195 744//1195
f 742//1196 744//1196 743//1196
f 742//1197 747//1197 745//1197
f 742//1198 757//1198 747//1198
f 757//1199 758//1199 759//1199
f 749//1200 760//1200 761//1200
f 748//1201 760//1201 749//1201
f 761//1202 759//1202 754//1202
f 760//1202 759//1202 761//1202
f 747//1203 757//1203 748//1203
f 759//852 750//852 754//852
f 757//1204 760//1204 748//1204
f 757//1205 759//1205 760//1205
f 287//1206 713//1206 285//1206
f 762//1207 763//1207 758//1207
f 764//1208 762//1208 742//1208
f 757//1207 762//1207 758//1207
f 742//1208 762//1208 757//1208
f 696//1187 764//1187 742//1187
f 735//1209 765//1209 739//1209
f 728//1210 765//1210 735//1210
f 727//1211 765//1211 728//1211
f 727//1212 766//1212 765//1212
f 730//1212 766//1212 727//1212
f 766//1213 767//1213 765//1213
f 765//1213 767//1213 768//1213
f 768//1214 769//1214 770//1214
f 768//1215 771//1215 765//1215
f 768//1216 770//1216 771//1216
f 771//1217 772//1217 765//1217
f 765//1218 772//1218 739//1218
f 618//1219 769//1219 768//1219
f 767//1220 616//1220 618//1220
f 768//1220 767//1220 618//1220
f 767//1221 773//1221 616//1221
f 774//1222 775//1222 767//1222
f 775//1223 773//1223 767//1223
f 766//1224 776//1224 774//1224
f 766//1225 774//1225 767//1225
f 777//708 737//708 778//708
f 778//708 737//708 739//708
f 779//1226 777//1226 778//1226
f 780//1227 781//1227 782//1227
f 783//1228 784//1228 779//1228
f 782//1229 781//1229 756//1229
f 739//1228 772//1228 778//1228
f 778//1230 783//1230 779//1230
f 772//1230 783//1230 778//1230
f 779//1231 784//1231 785//1231
f 781//1232 786//1232 756//1232
f 785//1233 780//1233 782//1233
f 784//1234 780//1234 785//1234
f 787//1235 788//1235 777//1235
f 738//1236 766//1236 736//1236
f 777//1235 788//1235 776//1235
f 737//1237 776//1237 766//1237
f 789//1238 790//1238 787//1238
f 789//1239 791//1239 790//1239
f 787//1240 790//1240 788//1240
f 777//1240 776//1240 737//1240
f 737//1241 766//1241 738//1241
f 736//1242 766//1242 730//1242
f 792//1105 773//1105 793//1105
f 612//1243 794//1243 618//1243
f 618//1244 794//1244 793//1244
f 618//1245 793//1245 769//1245
f 793//1105 773//1105 769//1105
f 614//604 795//604 794//604
f 794//1246 795//1246 793//1246
f 796//604 795//604 614//604
f 612//1247 614//1247 794//1247
f 795//1246 792//1246 793//1246
f 622//1248 797//1248 620//1248
f 798//1249 797//1249 622//1249
f 623//1250 799//1250 615//1250
f 799//1110 796//1110 613//1110
f 659//1251 798//1251 622//1251
f 613//1110 796//1110 614//1110
f 615//1252 799//1252 613//1252
f 797//1253 623//1253 620//1253
f 620//1254 623//1254 615//1254
f 799//1255 623//1255 604//1255
f 773//771 792//771 616//771
f 796//1256 799//1256 617//1256
f 617//1257 799//1257 604//1257
f 795//1258 796//1258 617//1258
f 616//1259 795//1259 617//1259
f 792//501 795//501 616//501
f 769//1260 773//1260 770//1260
f 773//1260 775//1260 770//1260
f 771//598 774//598 772//598
f 770//597 775//597 771//597
f 775//599 774//599 771//599
f 774//1108 776//1108 772//1108
f 772//541 788//541 783//541
f 788//539 790//539 784//539
f 784//543 790//543 780//543
f 776//541 788//541 772//541
f 783//539 788//539 784//539
f 780//1046 791//1046 781//1046
f 790//543 791//543 780//543
f 791//1261 800//1261 781//1261
f 781//731 801//731 786//731
f 786//1048 801//1048 802//1048
f 801//1047 803//1047 802//1047
f 800//726 801//726 781//726
f 661//1262 804//1262 659//1262
f 804//1251 798//1251 659//1251
f 805//1263 804//1263 661//1263
f 806//735 807//735 808//735
f 808//1116 809//1116 810//1116
f 807//1116 809//1116 808//1116
f 811//849 812//849 813//849
f 810//741 814//741 811//741
f 803//650 806//650 815//650
f 815//734 806//734 808//734
f 802//650 803//650 815//650
f 809//740 814//740 810//740
f 814//849 812//849 811//849
f 816//1264 817//1264 789//1264
f 755//579 817//579 816//579
f 817//1265 791//1265 789//1265
f 756//1266 816//1266 782//1266
f 787//1226 777//1226 779//1226
f 789//1267 787//1267 785//1267
f 785//1268 787//1268 779//1268
f 816//1129 789//1129 782//1129
f 782//1269 789//1269 785//1269
f 755//1266 816//1266 756//1266
f 758//1270 817//1270 755//1270
f 751//1271 758//1271 755//1271
f 758//1272 818//1272 817//1272
f 763//1272 818//1272 758//1272
f 750//1273 758//1273 751//1273
f 759//1274 758//1274 750//1274
f 801//1275 819//1275 803//1275
f 803//1276 819//1276 806//1276
f 800//1277 819//1277 801//1277
f 817//1278 819//1278 800//1278
f 752//1279 820//1279 754//1279
f 817//1280 800//1280 791//1280
f 753//1281 820//1281 752//1281
f 756//1282 820//1282 753//1282
f 786//1283 820//1283 756//1283
f 818//1284 821//1284 822//1284
f 817//1285 818//1285 819//1285
f 818//1285 822//1285 819//1285
f 813//1129 823//1129 824//1129
f 812//1269 823//1269 813//1269
f 824//1130 825//1130 826//1130
f 823//1127 825//1127 824//1127
f 826//711 805//711 661//711
f 825//712 805//712 826//712
f 826//1286 827//1286 824//1286
f 824//1287 827//1287 813//1287
f 805//1288 828//1288 804//1288
f 804//702 828//702 646//702
f 804//1289 646//1289 798//1289
f 829//517 828//517 805//517
f 825//1290 829//1290 805//1290
f 798//1291 646//1291 644//1291
f 823//1292 829//1292 825//1292
f 798//1293 644//1293 797//1293
f 827//1294 660//1294 830//1294
f 661//1295 660//1295 826//1295
f 826//1296 660//1296 827//1296
f 813//1297 827//1297 811//1297
f 815//1298 820//1298 802//1298
f 808//1299 820//1299 815//1299
f 811//1300 827//1300 820//1300
f 810//1301 820//1301 808//1301
f 811//1302 820//1302 810//1302
f 802//1303 820//1303 786//1303
f 812//1304 829//1304 823//1304
f 819//1305 831//1305 806//1305
f 831//1306 829//1306 812//1306
f 814//1307 831//1307 812//1307
f 809//1308 831//1308 814//1308
f 807//1309 831//1309 809//1309
f 806//1310 831//1310 807//1310
f 827//1311 830//1311 832//1311
f 820//1312 832//1312 821//1312
f 820//1313 827//1313 832//1313
f 646//681 828//681 658//681
f 797//1314 644//1314 624//1314
f 797//698 624//698 623//698
f 658//1315 828//1315 655//1315
f 828//1316 664//1316 655//1316
f 660//1317 662//1317 833//1317
f 660//1318 833//1318 830//1318
f 662//1319 665//1319 833//1319
f 833//1320 665//1320 671//1320
f 834//1321 671//1321 828//1321
f 828//1321 671//1321 664//1321
f 830//1322 833//1322 834//1322
f 834//1323 833//1323 671//1323
f 829//1324 834//1324 828//1324
f 835//1324 834//1324 829//1324
f 822//1325 836//1325 819//1325
f 819//1325 836//1325 831//1325
f 831//1326 835//1326 829//1326
f 836//1326 835//1326 831//1326
f 832//1327 830//1327 835//1327
f 835//1328 830//1328 834//1328
f 836//1329 832//1329 835//1329
f 822//1330 821//1330 836//1330
f 821//1331 832//1331 836//1331
f 212//1332 183//1332 265//1332
f 212//1333 185//1333 183//1333
f 194//1334 212//1334 196//1334
f 192//1335 212//1335 194//1335
f 200//1336 212//1336 215//1336
f 185//1337 212//1337 187//1337
f 187//1338 212//1338 188//1338
f 198//1339 212//1339 200//1339
f 196//1340 212//1340 198//1340
f 188//1341 212//1341 190//1341
f 190//1342 212//1342 192//1342
f 215//1343 184//1343 203//1343
f 228//1344 184//1344 215//1344
f 200//1345 215//1345 203//1345
f 205//1346 212//1346 265//1346
f 265//1347 285//1347 205//1347
f 205//1348 213//1348 212//1348
f 837//1349 285//1349 220//1349
f 837//1350 220//1350 217//1350
f 285//1351 838//1351 220//1351
f 216//1352 837//1352 217//1352
f 838//1353 839//1353 221//1353
f 838//1354 221//1354 220//1354
f 839//1355 840//1355 222//1355
f 839//1356 222//1356 221//1356
f 840//1357 841//1357 222//1357
f 841//1358 842//1358 219//1358
f 841//1359 219//1359 222//1359
f 218//1360 843//1360 228//1360
f 842//1361 844//1361 219//1361
f 844//1362 845//1362 219//1362
f 845//1363 218//1363 219//1363
f 845//1364 843//1364 218//1364
f 223//1365 228//1365 215//1365
f 846//1366 264//1366 233//1366
f 183//1367 233//1367 264//1367
f 184//1368 228//1368 847//1368
f 184//1369 847//1369 232//1369
f 232//1370 183//1370 184//1370
f 233//1371 183//1371 232//1371
f 848//1372 288//1372 264//1372
f 205//1373 209//1373 208//1373
f 205//1374 210//1374 209//1374
f 205//1375 216//1375 210//1375
f 205//1376 837//1376 216//1376
f 205//1377 208//1377 206//1377
f 844//1378 843//1378 845//1378
f 842//1379 843//1379 844//1379
f 840//1380 843//1380 841//1380
f 841//1381 843//1381 842//1381
f 839//1382 848//1382 840//1382
f 848//1383 843//1383 840//1383
f 838//1384 848//1384 839//1384
f 205//1385 285//1385 837//1385
f 285//1386 848//1386 838//1386
f 848//1387 696//1387 694//1387
f 848//1388 764//1388 696//1388
f 848//1389 762//1389 764//1389
f 713//1390 746//1390 285//1390
f 746//1391 749//1391 285//1391
f 749//1392 761//1392 285//1392
f 848//1393 694//1393 288//1393
f 761//1394 754//1394 285//1394
f 820//1395 848//1395 285//1395
f 754//1396 820//1396 285//1396
f 820//1397 821//1397 848//1397
f 848//1398 821//1398 818//1398
f 848//1399 818//1399 763//1399
f 848//1400 763//1400 762//1400
f 848//1401 849//1401 850//1401
f 848//1402 850//1402 843//1402
f 846//1403 848//1403 264//1403
f 849//1404 848//1404 846//1404
f 843//1405 850//1405 228//1405
f 228//1406 850//1406 847//1406
f 851//1407 846//1407 234//1407
f 234//1408 846//1408 235//1408
f 235//1409 846//1409 233//1409
f 242//1410 851//1410 241//1410
f 241//1411 851//1411 240//1411
f 240//1412 851//1412 237//1412
f 237//1413 851//1413 238//1413
f 238//1414 851//1414 239//1414
f 239//1415 851//1415 236//1415
f 236//1416 851//1416 234//1416
f 852//1417 846//1417 853//1417
f 854//1418 846//1418 852//1418
f 855//1419 846//1419 854//1419
f 853//1420 846//1420 856//1420
f 857//1421 858//1421 851//1421
f 858//1422 856//1422 846//1422
f 851//1423 858//1423 846//1423
f 859//1424 846//1424 855//1424
f 860//1425 846//1425 859//1425
f 861//1426 846//1426 860//1426
f 851//1427 862//1427 863//1427
f 851//1428 864//1428 862//1428
f 851//1429 863//1429 865//1429
f 851//1430 865//1430 866//1430
f 866//1431 857//1431 851//1431
f 851//1432 867//1432 864//1432
f 851//1433 868//1433 867//1433
f 851//1434 869//1434 868//1434
f 870//1435 853//1435 856//1435
f 871//1436 870//1436 856//1436
f 872//1437 871//1437 873//1437
f 873//1438 871//1438 856//1438
f 874//1439 872//1439 873//1439
f 875//1440 872//1440 876//1440
f 853//1441 870//1441 877//1441
f 870//1442 871//1442 877//1442
f 877//1443 871//1443 875//1443
f 871//1444 872//1444 875//1444
f 878//1445 873//1445 856//1445
f 878//1446 874//1446 873//1446
f 878//1446 879//1446 874//1446
f 858//1445 878//1445 856//1445
f 880//1447 881//1447 877//1447
f 882//1448 877//1448 881//1448
f 883//1449 884//1449 875//1449
f 880//1450 877//1450 875//1450
f 885//1451 880//1451 875//1451
f 886//1452 885//1452 875//1452
f 883//1453 875//1453 876//1453
f 884//1454 886//1454 875//1454
f 887//1455 888//1455 876//1455
f 888//1456 889//1456 876//1456
f 889//1457 883//1457 876//1457
f 890//1458 891//1458 884//1458
f 892//1459 893//1459 886//1459
f 884//1460 892//1460 886//1460
f 886//1461 893//1461 885//1461
f 894//1462 890//1462 889//1462
f 891//1463 892//1463 884//1463
f 889//1462 890//1462 883//1462
f 883//1464 890//1464 884//1464
f 858//1465 895//1465 896//1465
f 896//1466 897//1466 858//1466
f 891//1467 890//1467 878//1467
f 890//1468 894//1468 878//1468
f 898//1469 879//1469 878//1469
f 897//1470 893//1470 858//1470
f 893//1471 892//1471 858//1471
f 894//1472 898//1472 878//1472
f 858//1473 891//1473 878//1473
f 892//1474 891//1474 858//1474
f 852//1475 853//1475 899//1475
f 900//1476 853//1476 877//1476
f 899//1477 853//1477 900//1477
f 854//1478 852//1478 899//1478
f 901//1479 854//1479 899//1479
f 902//1480 901//1480 899//1480
f 903//1481 902//1481 899//1481
f 904//1482 903//1482 899//1482
f 905//1483 899//1483 900//1483
f 905//1484 904//1484 899//1484
f 906//1485 905//1485 900//1485
f 907//1486 906//1486 900//1486
f 908//1487 900//1487 877//1487
f 909//1488 858//1488 857//1488
f 909//1489 910//1489 858//1489
f 910//1490 911//1490 858//1490
f 911//1491 910//1491 905//1491
f 905//1491 910//1491 904//1491
f 912//1492 911//1492 906//1492
f 906//1493 911//1493 905//1493
f 913//1494 900//1494 908//1494
f 908//1495 877//1495 882//1495
f 911//1496 895//1496 858//1496
f 897//1497 896//1497 880//1497
f 880//1498 896//1498 881//1498
f 881//1499 895//1499 882//1499
f 896//1500 895//1500 881//1500
f 882//1501 914//1501 908//1501
f 895//1502 914//1502 882//1502
f 893//1503 897//1503 885//1503
f 885//1503 897//1503 880//1503
f 915//1504 916//1504 917//1504
f 917//1505 916//1505 918//1505
f 919//1506 915//1506 920//1506
f 920//1507 915//1507 917//1507
f 921//1508 919//1508 913//1508
f 913//1509 919//1509 920//1509
f 914//1510 921//1510 908//1510
f 918//1511 922//1511 923//1511
f 916//1512 922//1512 918//1512
f 908//1513 921//1513 913//1513
f 913//1514 907//1514 900//1514
f 920//1515 924//1515 907//1515
f 920//1516 907//1516 913//1516
f 925//1517 926//1517 924//1517
f 927//1518 928//1518 929//1518
f 930//1519 927//1519 929//1519
f 926//1520 931//1520 924//1520
f 924//1521 931//1521 907//1521
f 907//1522 912//1522 906//1522
f 928//1523 926//1523 925//1523
f 931//1524 912//1524 907//1524
f 929//1525 928//1525 925//1525
f 932//1526 933//1526 930//1526
f 932//1527 930//1527 929//1527
f 932//1528 934//1528 933//1528
f 917//1529 925//1529 924//1529
f 917//1530 924//1530 920//1530
f 918//1529 925//1529 917//1529
f 932//1531 929//1531 918//1531
f 918//1530 929//1530 925//1530
f 912//1532 914//1532 911//1532
f 928//1533 915//1533 926//1533
f 926//1534 915//1534 919//1534
f 926//1535 919//1535 931//1535
f 911//1536 914//1536 895//1536
f 931//1537 919//1537 921//1537
f 931//1538 921//1538 912//1538
f 912//1539 921//1539 914//1539
f 928//1533 916//1533 915//1533
f 927//1540 935//1540 916//1540
f 927//1541 916//1541 928//1541
f 936//1542 872//1542 874//1542
f 937//1543 936//1543 938//1543
f 938//1544 936//1544 874//1544
f 876//1545 936//1545 939//1545
f 872//1546 936//1546 876//1546
f 936//1547 937//1547 939//1547
f 939//1548 937//1548 940//1548
f 940//1549 941//1549 942//1549
f 937//1550 941//1550 940//1550
f 941//1551 937//1551 943//1551
f 943//1552 937//1552 938//1552
f 944//1553 945//1553 946//1553
f 946//1554 945//1554 947//1554
f 939//1555 947//1555 887//1555
f 939//1556 887//1556 876//1556
f 948//1557 949//1557 879//1557
f 950//1558 938//1558 874//1558
f 946//1559 947//1559 939//1559
f 879//1560 949//1560 950//1560
f 951//1561 946//1561 939//1561
f 898//1562 948//1562 879//1562
f 879//1558 950//1558 874//1558
f 950//1563 952//1563 953//1563
f 950//1564 953//1564 943//1564
f 954//1565 955//1565 940//1565
f 950//1564 943//1564 938//1564
f 942//1566 954//1566 940//1566
f 956//1567 957//1567 942//1567
f 942//1568 957//1568 954//1568
f 958//1569 959//1569 953//1569
f 955//1570 960//1570 940//1570
f 952//1571 958//1571 953//1571
f 961//1572 952//1572 950//1572
f 960//1573 962//1573 940//1573
f 962//1574 951//1574 939//1574
f 963//1575 961//1575 950//1575
f 949//1576 963//1576 950//1576
f 962//1577 939//1577 940//1577
f 952//1578 961//1578 955//1578
f 963//1579 949//1579 962//1579
f 955//1580 961//1580 960//1580
f 962//1579 949//1579 951//1579
f 960//1581 963//1581 962//1581
f 961//1459 963//1459 960//1459
f 954//1582 952//1582 955//1582
f 958//1583 952//1583 954//1583
f 964//1584 959//1584 956//1584
f 956//1585 959//1585 957//1585
f 959//1586 958//1586 957//1586
f 957//1586 958//1586 954//1586
f 944//1502 965//1502 966//1502
f 967//1587 965//1587 944//1587
f 968//1588 967//1588 946//1588
f 951//1589 968//1589 946//1589
f 949//1590 968//1590 951//1590
f 946//1591 967//1591 944//1591
f 969//1592 970//1592 971//1592
f 971//1593 970//1593 972//1593
f 973//1594 974//1594 975//1594
f 974//1595 969//1595 975//1595
f 975//1596 969//1596 971//1596
f 976//1594 974//1594 973//1594
f 977//1597 978//1597 979//1597
f 980//1598 978//1598 977//1598
f 978//1599 976//1599 979//1599
f 922//1600 981//1600 923//1600
f 981//1601 980//1601 982//1601
f 982//1602 980//1602 977//1602
f 923//1600 981//1600 982//1600
f 979//1603 976//1603 973//1603
f 983//1604 971//1604 972//1604
f 983//1605 984//1605 971//1605
f 966//1606 985//1606 944//1606
f 984//1607 973//1607 975//1607
f 984//1608 975//1608 971//1608
f 966//1609 972//1609 985//1609
f 944//1610 985//1610 945//1610
f 986//1611 983//1611 972//1611
f 986//1612 972//1612 966//1612
f 888//1613 894//1613 889//1613
f 948//1614 898//1614 887//1614
f 898//1613 894//1613 888//1613
f 887//1615 898//1615 888//1615
f 987//1616 988//1616 945//1616
f 985//1617 987//1617 945//1617
f 989//1618 987//1618 985//1618
f 945//1519 988//1519 947//1519
f 988//1518 948//1518 947//1518
f 947//1619 948//1619 887//1619
f 972//1620 989//1620 985//1620
f 970//1621 989//1621 972//1621
f 989//1622 967//1622 987//1622
f 989//1623 965//1623 967//1623
f 970//1624 965//1624 989//1624
f 988//1625 949//1625 948//1625
f 987//1626 967//1626 968//1626
f 987//1627 968//1627 988//1627
f 969//1628 990//1628 970//1628
f 970//1629 991//1629 965//1629
f 990//1630 991//1630 970//1630
f 968//1631 949//1631 988//1631
f 984//1632 992//1632 993//1632
f 932//1633 918//1633 923//1633
f 994//1634 982//1634 977//1634
f 984//1635 993//1635 973//1635
f 994//1636 923//1636 982//1636
f 995//1637 992//1637 984//1637
f 993//1638 979//1638 973//1638
f 993//1639 977//1639 979//1639
f 993//1640 994//1640 977//1640
f 994//1641 932//1641 923//1641
f 994//1642 935//1642 932//1642
f 993//1643 996//1643 994//1643
f 992//1644 996//1644 993//1644
f 996//1642 935//1642 994//1642
f 981//1645 996//1645 980//1645
f 922//1646 996//1646 981//1646
f 935//1647 996//1647 922//1647
f 978//1648 992//1648 976//1648
f 980//1649 992//1649 978//1649
f 996//1650 992//1650 980//1650
f 916//1651 935//1651 922//1651
f 992//1652 995//1652 976//1652
f 995//1653 990//1653 969//1653
f 974//1654 995//1654 969//1654
f 976//1655 995//1655 974//1655
f 997//1656 998//1656 999//1656
f 1000//1657 998//1657 997//1657
f 999//1658 998//1658 1001//1658
f 1002//1659 983//1659 986//1659
f 998//1660 983//1660 1001//1660
f 1001//1661 983//1661 1002//1661
f 965//1662 991//1662 966//1662
f 1003//1663 1004//1663 1002//1663
f 966//1662 991//1662 986//1662
f 1002//1664 1004//1664 1001//1664
f 991//1665 1003//1665 986//1665
f 986//1666 1003//1666 1002//1666
f 1004//1667 1005//1667 1001//1667
f 1001//1668 1005//1668 999//1668
f 999//1669 1006//1669 997//1669
f 1006//1670 1007//1670 997//1670
f 1005//1671 1006//1671 999//1671
f 997//1670 1007//1670 1008//1670
f 990//1672 1009//1672 1004//1672
f 990//1673 1004//1673 1003//1673
f 990//1674 995//1674 984//1674
f 990//1675 1003//1675 991//1675
f 1009//1676 990//1676 998//1676
f 998//1677 990//1677 983//1677
f 983//1678 990//1678 984//1678
f 1010//1679 1009//1679 1000//1679
f 1000//1680 1009//1680 998//1680
f 1009//1681 1010//1681 1006//1681
f 1009//1682 1006//1682 1005//1682
f 1009//1683 1005//1683 1004//1683
f 855//1684 854//1684 1011//1684
f 1011//1684 854//1684 901//1684
f 1012//1685 901//1685 1013//1685
f 1014//1686 901//1686 1012//1686
f 902//1687 1013//1687 901//1687
f 857//1688 866//1688 902//1688
f 910//1689 909//1689 904//1689
f 904//1689 909//1689 903//1689
f 1013//1690 865//1690 1012//1690
f 903//1691 857//1691 902//1691
f 866//1692 865//1692 1013//1692
f 902//1693 866//1693 1013//1693
f 909//1691 857//1691 903//1691
f 1015//1694 1011//1694 1016//1694
f 1014//1695 1011//1695 901//1695
f 1016//1696 1011//1696 1014//1696
f 1017//1697 1011//1697 1015//1697
f 1012//1698 863//1698 1014//1698
f 862//1665 1018//1665 1016//1665
f 1018//1699 1019//1699 1015//1699
f 865//1700 863//1700 1012//1700
f 1014//1701 862//1701 1016//1701
f 1016//1702 1018//1702 1015//1702
f 863//1703 862//1703 1014//1703
f 1015//1704 1019//1704 1017//1704
f 1020//1705 1021//1705 1017//1705
f 1021//1706 859//1706 1011//1706
f 860//1707 859//1707 1021//1707
f 1022//1708 1021//1708 1020//1708
f 1022//1709 1023//1709 1021//1709
f 1023//1710 1024//1710 1021//1710
f 1017//1711 1021//1711 1011//1711
f 859//1712 855//1712 1011//1712
f 1025//1713 1026//1713 1027//1713
f 1020//1714 1025//1714 1027//1714
f 1028//1714 1025//1714 1020//1714
f 1027//1715 1026//1715 1029//1715
f 1019//1667 1028//1667 1017//1667
f 1017//1668 1028//1668 1020//1668
f 1030//1716 1031//1716 1032//1716
f 1033//1717 1031//1717 1030//1717
f 1029//1718 1034//1718 1035//1718
f 1035//1719 1033//1719 1030//1719
f 1026//1720 1034//1720 1029//1720
f 1034//1721 1033//1721 1035//1721
f 1036//1722 1032//1722 1037//1722
f 934//1723 1038//1723 933//1723
f 1036//1724 1037//1724 1039//1724
f 1036//1725 1030//1725 1032//1725
f 934//1726 1039//1726 1038//1726
f 1036//1727 1039//1727 934//1727
f 1040//1728 1030//1728 1036//1728
f 1031//1729 1041//1729 1032//1729
f 1032//1729 1041//1729 1037//1729
f 1040//1730 1035//1730 1030//1730
f 933//1731 1042//1731 930//1731
f 1043//1732 1044//1732 1038//1732
f 1042//1616 927//1616 930//1616
f 1038//1733 1044//1733 933//1733
f 1037//1734 1045//1734 1039//1734
f 1044//1735 1042//1735 933//1735
f 1045//1736 1043//1736 1039//1736
f 1039//1736 1043//1736 1038//1736
f 1046//1737 935//1737 1044//1737
f 1043//1738 1046//1738 1044//1738
f 1044//1739 935//1739 1042//1739
f 1042//1740 935//1740 927//1740
f 1041//1741 1045//1741 1037//1741
f 1041//1742 1047//1742 1045//1742
f 1045//1743 1046//1743 1043//1743
f 1031//1744 1047//1744 1041//1744
f 1045//1745 1047//1745 1046//1745
f 1033//1746 1047//1746 1031//1746
f 1040//1747 1048//1747 1035//1747
f 1049//1748 1050//1748 1029//1748
f 1022//1749 1020//1749 1027//1749
f 1049//1750 1029//1750 1035//1750
f 1048//1751 1049//1751 1035//1751
f 1050//1752 1027//1752 1029//1752
f 1050//1753 1022//1753 1027//1753
f 1019//1754 1051//1754 1028//1754
f 1052//1755 1051//1755 1019//1755
f 1018//1756 1052//1756 1019//1756
f 1053//1757 1052//1757 1018//1757
f 862//1758 864//1758 1053//1758
f 862//1759 1053//1759 1018//1759
f 1026//1760 1054//1760 1034//1760
f 1051//1761 1055//1761 1028//1761
f 1025//1762 1056//1762 1026//1762
f 1056//1763 1054//1763 1026//1763
f 1028//1764 1055//1764 1025//1764
f 1055//1765 1056//1765 1025//1765
f 1057//1766 1058//1766 1034//1766
f 1034//1767 1058//1767 1033//1767
f 1054//1768 1057//1768 1034//1768
f 1033//1769 1058//1769 1047//1769
f 1059//1770 1060//1770 1061//1770
f 1062//1771 860//1771 1060//1771
f 1024//1772 1061//1772 1060//1772
f 1024//1773 1060//1773 1021//1773
f 1060//1774 860//1774 1021//1774
f 861//1775 860//1775 1062//1775
f 1063//1776 1062//1776 1060//1776
f 1063//1777 1060//1777 1059//1777
f 1056//1778 1055//1778 1050//1778
f 1055//1779 1051//1779 1022//1779
f 1022//1780 1051//1780 1023//1780
f 1050//1781 1055//1781 1022//1781
f 1049//1782 1054//1782 1050//1782
f 1054//1783 1056//1783 1050//1783
f 1024//1784 1053//1784 1061//1784
f 1051//1785 1052//1785 1023//1785
f 1023//1785 1052//1785 1024//1785
f 1053//1786 864//1786 1061//1786
f 1061//1786 864//1786 1059//1786
f 1052//1787 1053//1787 1024//1787
f 1057//1788 1054//1788 1048//1788
f 1048//1789 1054//1789 1049//1789
f 1064//1520 1057//1520 1065//1520
f 1065//1520 1057//1520 1048//1520
f 1066//1790 1064//1790 1067//1790
f 1067//1791 1064//1791 1065//1791
f 868//1792 869//1792 1068//1792
f 1068//1793 869//1793 1069//1793
f 867//1794 868//1794 1063//1794
f 1063//1795 868//1795 1068//1795
f 864//1796 867//1796 1059//1796
f 1059//1797 867//1797 1063//1797
f 1068//1798 1062//1798 1063//1798
f 1069//1799 1062//1799 1068//1799
f 1070//1800 1062//1800 1069//1800
f 1071//1801 1072//1801 1073//1801
f 1073//1802 1072//1802 1074//1802
f 1075//1803 1071//1803 1076//1803
f 1076//1804 1071//1804 1073//1804
f 1077//1805 1075//1805 1078//1805
f 1078//1806 1075//1806 1076//1806
f 1079//1668 1077//1668 1070//1668
f 1069//1807 1079//1807 1070//1807
f 869//1807 1079//1807 1069//1807
f 1070//1808 1077//1808 1078//1808
f 1080//1809 861//1809 1062//1809
f 1081//1810 1080//1810 1082//1810
f 1082//1811 1080//1811 1062//1811
f 1083//1812 1082//1812 1073//1812
f 1083//1810 1081//1810 1082//1810
f 1073//1813 1082//1813 1076//1813
f 1076//1814 1082//1814 1078//1814
f 1078//1815 1082//1815 1070//1815
f 1070//1816 1082//1816 1062//1816
f 935//1817 1046//1817 932//1817
f 1047//1818 1058//1818 1036//1818
f 932//1819 1046//1819 934//1819
f 934//1820 1047//1820 1036//1820
f 1036//1821 1058//1821 1040//1821
f 1046//1822 1047//1822 934//1822
f 1040//1823 1065//1823 1048//1823
f 1084//1824 1085//1824 1086//1824
f 1086//1825 1065//1825 1040//1825
f 1086//1826 1085//1826 1067//1826
f 1086//1827 1067//1827 1065//1827
f 1087//1828 1066//1828 1085//1828
f 1085//1828 1066//1828 1067//1828
f 1084//1829 1088//1829 1085//1829
f 1089//1830 1090//1830 1088//1830
f 1088//1831 1087//1831 1085//1831
f 1084//1832 1089//1832 1088//1832
f 1091//1833 1092//1833 1093//1833
f 1091//1834 1093//1834 1084//1834
f 1084//1835 1093//1835 1089//1835
f 1090//1831 1087//1831 1088//1831
f 1086//1836 1094//1836 1084//1836
f 1095//1837 1094//1837 1086//1837
f 1064//1838 1058//1838 1057//1838
f 1064//1839 1095//1839 1058//1839
f 1058//1840 1095//1840 1040//1840
f 1040//1841 1095//1841 1086//1841
f 1090//1842 1094//1842 1095//1842
f 1090//1843 1095//1843 1087//1843
f 1087//1844 1095//1844 1066//1844
f 1096//1845 1097//1845 1094//1845
f 1098//1846 1094//1846 1090//1846
f 1066//1847 1095//1847 1064//1847
f 1096//1848 1094//1848 1098//1848
f 1099//1849 1100//1849 1101//1849
f 1101//1850 1100//1850 1102//1850
f 1097//1808 1099//1808 1091//1808
f 1091//1808 1099//1808 1101//1808
f 1094//1851 1097//1851 1084//1851
f 1084//1852 1097//1852 1091//1852
f 1103//1853 1104//1853 1105//1853
f 1106//1854 1107//1854 1108//1854
f 1083//1855 1074//1855 1107//1855
f 1083//1856 1073//1856 1074//1856
f 1109//1857 1083//1857 1107//1857
f 1104//1858 1106//1858 1108//1858
f 1104//1859 1108//1859 1105//1859
f 1109//1860 1107//1860 1106//1860
f 1110//1861 1111//1861 1083//1861
f 1110//1862 1083//1862 1109//1862
f 1112//1863 1081//1863 1083//1863
f 1111//1864 1112//1864 1083//1864
f 1103//1865 1105//1865 1092//1865
f 1105//1866 1113//1866 1092//1866
f 1072//1867 1114//1867 1074//1867
f 1074//1868 1114//1868 1107//1868
f 1115//1869 1113//1869 1105//1869
f 1116//1870 1115//1870 1108//1870
f 1108//1871 1115//1871 1105//1871
f 1107//1872 1116//1872 1108//1872
f 1114//1873 1116//1873 1107//1873
f 1103//1874 1092//1874 1091//1874
f 1096//1875 1098//1875 1093//1875
f 1098//1830 1090//1830 1089//1830
f 1093//1876 1098//1876 1089//1876
f 1113//1877 1097//1877 1096//1877
f 1092//1878 1096//1878 1093//1878
f 1113//1879 1117//1879 1097//1879
f 1113//1880 1096//1880 1092//1880
f 1118//1881 1119//1881 1116//1881
f 1119//1882 1117//1882 1115//1882
f 1116//1883 1119//1883 1115//1883
f 1115//1884 1117//1884 1113//1884
f 1114//1885 1118//1885 1116//1885
f 1072//1886 1120//1886 1121//1886
f 1075//1887 1122//1887 1071//1887
f 1075//1888 1123//1888 1122//1888
f 1077//1889 1123//1889 1075//1889
f 1071//1890 1122//1890 1120//1890
f 1071//1891 1120//1891 1072//1891
f 1072//1892 1121//1892 1114//1892
f 1114//1893 1121//1893 1118//1893
f 1124//1894 1111//1894 1125//1894
f 1126//1895 1111//1895 1124//1895
f 1127//1896 1128//1896 1111//1896
f 1125//1897 1111//1897 1110//1897
f 1127//1898 1111//1898 1126//1898
f 1128//1899 1112//1899 1111//1899
f 1129//1900 1127//1900 1130//1900
f 1127//1901 1126//1901 1130//1901
f 1131//1902 1128//1902 1127//1902
f 1132//1903 1131//1903 1127//1903
f 1133//1904 1127//1904 1129//1904
f 1132//1905 1127//1905 1133//1905
f 1134//1906 1135//1906 1101//1906
f 1135//1907 1136//1907 1137//1907
f 1135//1908 1137//1908 1101//1908
f 1138//1909 1139//1909 1135//1909
f 1139//1910 1136//1910 1135//1910
f 1140//1911 1134//1911 1101//1911
f 1137//1912 1103//1912 1091//1912
f 1134//1913 1138//1913 1135//1913
f 1137//1914 1091//1914 1101//1914
f 1141//1915 1142//1915 1102//1915
f 1102//1916 1142//1916 1140//1916
f 1102//1917 1140//1917 1101//1917
f 1140//1918 1138//1918 1134//1918
f 1143//1918 1138//1918 1140//1918
f 1144//1919 1145//1919 1146//1919
f 1146//1920 1145//1920 1141//1920
f 1145//1921 1147//1921 1141//1921
f 1142//1922 1143//1922 1140//1922
f 1147//1923 1143//1923 1142//1923
f 1141//1924 1147//1924 1142//1924
f 1148//1925 1144//1925 1146//1925
f 1117//1926 1136//1926 1097//1926
f 1147//1927 1145//1927 1100//1927
f 1143//1928 1100//1928 1099//1928
f 1147//1929 1100//1929 1143//1929
f 1138//1930 1143//1930 1099//1930
f 1139//1931 1138//1931 1099//1931
f 1136//1932 1139//1932 1099//1932
f 1097//1933 1136//1933 1099//1933
f 1117//1934 1119//1934 1103//1934
f 1103//1785 1119//1785 1104//1785
f 1137//1935 1117//1935 1103//1935
f 1119//1936 1118//1936 1104//1936
f 1104//1937 1118//1937 1106//1937
f 1136//1938 1117//1938 1137//1938
f 1118//1939 1121//1939 1106//1939
f 1106//1940 1121//1940 1109//1940
f 1125//1941 1123//1941 1124//1941
f 1149//1942 1150//1942 1126//1942
f 1120//1943 1122//1943 1110//1943
f 1110//1944 1122//1944 1125//1944
f 1126//1945 1150//1945 1130//1945
f 1123//1946 1149//1946 1124//1946
f 1121//1796 1120//1796 1109//1796
f 1109//1947 1120//1947 1110//1947
f 1124//1946 1149//1946 1126//1946
f 1122//1948 1123//1948 1125//1948
f 1151//1949 1144//1949 1148//1949
f 1152//1950 1153//1950 1154//1950
f 1155//1951 1156//1951 1133//1951
f 1133//1952 1156//1952 1152//1952
f 1130//1953 1157//1953 1129//1953
f 1150//1954 1157//1954 1130//1954
f 1153//1955 1158//1955 1154//1955
f 1157//1956 1155//1956 1129//1956
f 1154//1957 1158//1957 1159//1957
f 1156//1868 1153//1868 1152//1868
f 1129//1958 1155//1958 1133//1958
f 1160//1959 1161//1959 941//1959
f 1162//1960 1161//1960 1160//1960
f 1160//1961 941//1961 943//1961
f 941//1962 1161//1962 942//1962
f 942//1963 1161//1963 1163//1963
f 1163//1964 1164//1964 942//1964
f 1165//1965 1166//1965 1162//1965
f 953//1966 1160//1966 943//1966
f 953//1967 1165//1967 1160//1967
f 1167//1968 1165//1968 964//1968
f 1165//1965 1162//1965 1160//1965
f 1164//1969 956//1969 942//1969
f 964//1970 1165//1970 959//1970
f 959//1971 1165//1971 953//1971
f 1168//1972 1167//1972 1164//1972
f 1163//1973 1169//1973 1170//1973
f 1163//1974 1170//1974 1168//1974
f 1171//1975 1169//1975 1163//1975
f 1171//1976 1172//1976 1169//1976
f 1163//1977 1168//1977 1164//1977
f 1167//1523 964//1523 1164//1523
f 1164//1978 964//1978 956//1978
f 1173//1979 1174//1979 1169//1979
f 1175//1980 1167//1980 1168//1980
f 1170//1981 1175//1981 1168//1981
f 1174//1981 1175//1981 1170//1981
f 1169//1979 1174//1979 1170//1979
f 1172//1982 1173//1982 1169//1982
f 1176//1732 1173//1732 1172//1732
f 1177//1983 1178//1983 1179//1983
f 1179//1869 1178//1869 1180//1869
f 1180//1984 1176//1984 1172//1984
f 1181//1985 1177//1985 1179//1985
f 1178//1984 1176//1984 1180//1984
f 1182//1986 1172//1986 1171//1986
f 1175//1987 1165//1987 1167//1987
f 1174//1988 1166//1988 1175//1988
f 1173//1989 1166//1989 1174//1989
f 1175//1990 1166//1990 1165//1990
f 1162//1991 1183//1991 1161//1991
f 1184//1992 1183//1992 1162//1992
f 1184//1993 1185//1993 1183//1993
f 1161//1994 1183//1994 1163//1994
f 1171//1995 1185//1995 1186//1995
f 1163//1996 1183//1996 1171//1996
f 1183//1997 1185//1997 1171//1997
f 1186//1998 1187//1998 1188//1998
f 1186//1999 1189//1999 1187//1999
f 1186//2000 1190//2000 1189//2000
f 1176//2001 1191//2001 1173//2001
f 1186//2002 1188//2002 1171//2002
f 1173//2003 1191//2003 1166//2003
f 1192//2004 1191//2004 1176//2004
f 1192//2005 1193//2005 1191//2005
f 1188//2006 1194//2006 1171//2006
f 1194//2007 1182//2007 1171//2007
f 1166//2008 1191//2008 1184//2008
f 1166//2008 1184//2008 1162//2008
f 1193//2009 1195//2009 1191//2009
f 1000//2010 1196//2010 1197//2010
f 1000//2011 1008//2011 1196//2011
f 1000//2012 997//2012 1008//2012
f 1198//2013 1197//2013 1181//2013
f 1198//2014 1000//2014 1197//2014
f 1197//1716 1199//1716 1181//1716
f 1196//2015 1200//2015 1197//2015
f 1201//2016 1200//2016 1196//2016
f 1007//1601 1201//1601 1008//1601
f 1199//1985 1177//1985 1181//1985
f 1200//2017 1199//2017 1197//2017
f 1008//2018 1201//2018 1196//2018
f 1007//2019 1010//2019 1201//2019
f 1010//1933 1202//1933 1200//1933
f 1201//2020 1010//2020 1200//2020
f 1200//2021 1202//2021 1199//2021
f 1006//2022 1010//2022 1007//2022
f 1203//2023 1204//2023 1181//2023
f 1205//2024 1203//2024 1179//2024
f 1203//2025 1181//2025 1179//2025
f 1205//2026 1179//2026 1180//2026
f 1182//2027 1180//2027 1172//2027
f 1204//2028 1198//2028 1181//2028
f 1182//2029 1205//2029 1180//2029
f 1206//2030 1207//2030 1177//2030
f 1177//2031 1207//2031 1178//2031
f 1208//2031 1206//2031 1199//2031
f 1202//2032 1208//2032 1199//2032
f 1207//2033 1209//2033 1178//2033
f 1178//2034 1209//2034 1176//2034
f 1209//2035 1192//2035 1176//2035
f 1199//2030 1206//2030 1177//2030
f 1210//2036 1211//2036 1212//2036
f 1213//2037 1211//2037 1210//2037
f 1212//2038 1202//2038 1198//2038
f 1211//2039 1202//2039 1212//2039
f 1198//2040 1010//2040 1000//2040
f 1214//2041 1212//2041 1198//2041
f 1214//2042 1198//2042 1204//2042
f 1202//2040 1010//2040 1198//2040
f 1211//2043 1215//2043 1202//2043
f 1202//2044 1215//2044 1208//2044
f 1205//2045 1206//2045 1203//2045
f 1207//1691 1206//1691 1205//1691
f 1203//2046 1208//2046 1204//2046
f 1208//2047 1215//2047 1204//2047
f 1206//1590 1208//1590 1203//1590
f 1204//2048 1215//2048 1214//2048
f 1182//2049 1207//2049 1205//2049
f 1209//2050 1207//2050 1182//2050
f 1216//2051 1212//2051 1217//2051
f 1218//2052 1212//2052 1214//2052
f 1219//1666 1220//1666 1217//1666
f 1217//1702 1220//1702 1216//1702
f 1214//2053 1221//2053 1218//2053
f 1221//2054 1219//2054 1218//2054
f 1218//2055 1219//2055 1217//2055
f 1215//2056 1221//2056 1214//2056
f 1217//2057 1212//2057 1218//2057
f 1194//2058 1209//2058 1182//2058
f 1192//2059 1209//2059 1194//2059
f 1193//2060 1192//2060 1188//2060
f 1189//1520 1195//1520 1187//1520
f 1222//2061 1223//2061 1190//2061
f 1190//2062 1223//2062 1189//2062
f 1223//1521 1195//1521 1189//1521
f 1188//2063 1192//2063 1194//2063
f 1195//2064 1193//2064 1187//2064
f 1187//2064 1193//2064 1188//2064
f 1224//2065 1225//2065 1226//2065
f 1227//1667 1224//1667 1226//1667
f 1220//1699 1228//1699 1216//1699
f 1216//1704 1228//1704 1227//1704
f 1228//1667 1224//1667 1227//1667
f 1229//1601 1230//1601 1231//1601
f 1225//1600 1229//1600 1232//1600
f 1231//1602 1230//1602 1233//1602
f 1232//1600 1229//1600 1231//1600
f 1226//2065 1225//2065 1232//2065
f 1234//2066 1235//2066 1232//2066
f 1226//2067 1235//2067 1210//2067
f 1226//2068 1210//2068 1227//2068
f 1232//2069 1235//2069 1226//2069
f 1227//2070 1210//2070 1216//2070
f 1235//2071 1213//2071 1210//2071
f 1216//2072 1210//2072 1212//2072
f 1236//2073 1213//2073 1235//2073
f 1213//2074 1224//2074 1228//2074
f 1236//2075 1224//2075 1213//2075
f 1236//2076 1225//2076 1224//2076
f 1213//2077 1220//2077 1211//2077
f 1211//2078 1220//2078 1219//2078
f 1211//2079 1219//2079 1221//2079
f 1211//2080 1221//2080 1215//2080
f 1236//2081 1237//2081 1225//2081
f 1213//2082 1228//2082 1220//2082
f 1238//2083 1239//2083 1185//2083
f 1185//2084 1239//2084 1186//2084
f 1238//2085 1185//2085 1184//2085
f 1240//2086 1239//2086 1238//2086
f 1241//2087 1242//2087 1243//2087
f 1241//2088 1243//2088 1239//2088
f 1186//2089 1239//2089 1244//2089
f 1240//2090 1241//2090 1239//2090
f 1244//2091 1243//2091 1245//2091
f 1241//2092 1240//2092 1246//2092
f 1239//2093 1243//2093 1244//2093
f 1247//2094 1240//2094 1238//2094
f 1191//2095 1238//2095 1184//2095
f 1191//2096 1247//2096 1238//2096
f 1244//2097 1248//2097 1190//2097
f 1244//2098 1249//2098 1248//2098
f 1244//2099 1250//2099 1249//2099
f 1244//2100 1190//2100 1186//2100
f 1223//2101 1247//2101 1195//2101
f 1251//2102 1252//2102 1222//2102
f 1222//2103 1247//2103 1223//2103
f 1222//2104 1252//2104 1247//2104
f 1253//2105 1252//2105 1251//2105
f 1254//2106 1252//2106 1253//2106
f 1195//2107 1247//2107 1191//2107
f 1240//2092 1252//2092 1246//2092
f 1247//2094 1252//2094 1240//2094
f 1245//2108 1250//2108 1244//2108
f 1254//2109 1246//2109 1252//2109
f 1242//2110 1255//2110 1243//2110
f 1242//2111 1256//2111 1255//2111
f 1256//2112 1242//2112 1257//2112
f 1256//2113 1258//2113 1255//2113
f 1245//2114 1255//2114 1259//2114
f 1255//2115 1258//2115 1259//2115
f 1243//2114 1255//2114 1245//2114
f 1259//2116 1258//2116 1260//2116
f 1258//2117 1261//2117 1260//2117
f 1262//2118 1256//2118 1263//2118
f 1262//2119 1261//2119 1258//2119
f 1256//2120 1257//2120 1263//2120
f 1256//2121 1262//2121 1258//2121
f 1249//2122 1251//2122 1248//2122
f 1250//2123 1253//2123 1249//2123
f 1264//2124 1265//2124 1266//2124
f 1265//2125 1254//2125 1266//2125
f 1253//2126 1251//2126 1249//2126
f 1248//2127 1222//2127 1190//2127
f 1254//2128 1253//2128 1250//2128
f 1266//1732 1254//1732 1250//1732
f 1251//1980 1222//1980 1248//1980
f 1267//2129 1265//2129 1264//2129
f 1268//2130 1267//2130 1269//2130
f 1230//2131 1270//2131 1271//2131
f 1233//2132 1230//2132 1271//2132
f 1270//2017 1272//2017 1271//2017
f 1272//1594 1268//1594 1273//1594
f 1273//1594 1268//1594 1269//1594
f 1271//2133 1272//2133 1273//2133
f 1269//2134 1267//2134 1264//2134
f 1245//2135 1266//2135 1250//2135
f 1265//2136 1246//2136 1254//2136
f 1267//2137 1246//2137 1265//2137
f 1259//2138 1269//2138 1245//2138
f 1245//2139 1264//2139 1266//2139
f 1259//2140 1273//2140 1269//2140
f 1245//2141 1269//2141 1264//2141
f 1272//2142 1274//2142 1268//2142
f 1259//2143 1271//2143 1273//2143
f 1275//2144 1276//2144 1271//2144
f 1276//2145 1277//2145 1233//2145
f 1276//2146 1233//2146 1271//2146
f 1277//2147 1231//2147 1233//2147
f 1277//2147 1234//2147 1231//2147
f 1234//2148 1232//2148 1231//2148
f 1278//2149 1279//2149 1270//2149
f 1230//2150 1278//2150 1270//2150
f 1225//1762 1237//1762 1229//1762
f 1237//2151 1280//2151 1229//2151
f 1280//2152 1278//2152 1230//2152
f 1229//2153 1280//2153 1230//2153
f 1270//2154 1279//2154 1272//2154
f 1259//2155 1275//2155 1271//2155
f 1279//2156 1274//2156 1272//2156
f 1259//2157 1281//2157 1275//2157
f 1282//2158 1274//2158 1279//2158
f 1268//2159 1274//2159 1267//2159
f 1267//2160 1274//2160 1246//2160
f 1242//2161 1241//2161 1274//2161
f 1242//2162 1274//2162 1257//2162
f 1241//2163 1246//2163 1274//2163
f 1282//2164 1257//2164 1274//2164
f 1260//2165 1281//2165 1259//2165
f 1102//2166 1283//2166 1284//2166
f 1285//2167 1286//2167 1287//2167
f 1287//2168 1288//2168 1289//2168
f 1290//2169 1288//2169 1287//2169
f 1291//2170 1290//2170 1286//2170
f 1286//2171 1290//2171 1287//2171
f 1284//2172 1291//2172 1286//2172
f 1283//2173 1291//2173 1284//2173
f 1292//1728 1293//1728 1235//1728
f 1294//2174 1295//2174 1293//2174
f 1292//2175 1296//2175 1293//2175
f 1234//2176 1292//2176 1235//2176
f 1296//2177 1294//2177 1293//2177
f 1295//2178 1297//2178 1293//2178
f 1298//1526 1299//1526 1300//1526
f 1301//2179 1297//2179 1295//2179
f 1300//2180 1299//2180 1297//2180
f 1300//2181 1297//2181 1301//2181
f 1302//2182 1299//2182 1298//2182
f 1299//2183 1303//2183 1297//2183
f 1304//2184 1236//2184 1293//2184
f 1297//2185 1304//2185 1293//2185
f 1293//2186 1236//2186 1235//2186
f 1305//2187 1237//2187 1236//2187
f 1304//2188 1305//2188 1236//2188
f 1306//2189 1307//2189 1304//2189
f 1303//2190 1308//2190 1306//2190
f 1309//2191 1305//2191 1304//2191
f 1303//2192 1304//2192 1297//2192
f 1303//2193 1306//2193 1304//2193
f 1303//2194 1310//2194 1308//2194
f 1307//1744 1309//1744 1304//1744
f 1311//2195 1312//2195 1302//2195
f 1313//2196 1289//2196 1299//2196
f 1314//2197 1315//2197 1289//2197
f 1316//2198 1285//2198 1287//2198
f 1315//2199 1287//2199 1289//2199
f 1302//2200 1312//2200 1299//2200
f 1311//2201 1317//2201 1312//2201
f 1313//2202 1314//2202 1289//2202
f 1315//2203 1316//2203 1287//2203
f 1312//2204 1313//2204 1299//2204
f 1318//2205 1310//2205 1303//2205
f 1318//2206 1319//2206 1320//2206
f 1318//2207 1303//2207 1299//2207
f 1288//2208 1318//2208 1289//2208
f 1289//2209 1318//2209 1299//2209
f 1318//2210 1320//2210 1310//2210
f 1321//2211 1322//2211 1318//2211
f 1288//2212 1321//2212 1318//2212
f 1290//2213 1323//2213 1288//2213
f 1322//2214 1324//2214 1319//2214
f 1325//2215 1321//2215 1288//2215
f 1322//2216 1319//2216 1318//2216
f 1326//2217 1324//2217 1322//2217
f 1323//2218 1325//2218 1288//2218
f 1132//2219 1152//2219 1154//2219
f 1132//2220 1133//2220 1152//2220
f 1132//2221 1154//2221 1159//2221
f 1327//2222 1328//2222 1329//2222
f 1327//2223 1159//2223 1328//2223
f 1327//2224 1132//2224 1159//2224
f 1330//2225 1131//2225 1132//2225
f 1327//2226 1330//2226 1132//2226
f 1331//2227 1330//2227 1332//2227
f 1332//2228 1330//2228 1327//2228
f 1333//2229 1332//2229 1327//2229
f 1285//2230 1334//2230 1286//2230
f 1335//2231 1336//2231 1337//2231
f 1334//2232 1338//2232 1286//2232
f 1284//2233 1146//2233 1141//2233
f 1337//2234 1284//2234 1338//2234
f 1337//2235 1336//2235 1148//2235
f 1337//2236 1148//2236 1284//2236
f 1284//2237 1141//2237 1102//2237
f 1284//2238 1148//2238 1146//2238
f 1338//2239 1284//2239 1286//2239
f 1339//2240 1340//2240 1291//2240
f 1151//2241 1341//2241 1283//2241
f 1291//2242 1342//2242 1290//2242
f 1145//2243 1283//2243 1100//2243
f 1151//2244 1283//2244 1144//2244
f 1144//2245 1283//2245 1145//2245
f 1100//2246 1283//2246 1102//2246
f 1340//2247 1342//2247 1291//2247
f 1283//2248 1341//2248 1339//2248
f 1283//2249 1339//2249 1291//2249
f 1328//2250 1343//2250 1329//2250
f 1158//2251 1344//2251 1159//2251
f 1159//2252 1344//2252 1328//2252
f 1343//2253 1345//2253 1329//2253
f 1329//1878 1345//1878 1346//1878
f 1344//1866 1343//1866 1328//1866
f 1347//2254 1329//2254 1348//2254
f 1335//2255 1346//2255 1336//2255
f 1347//2256 1327//2256 1329//2256
f 1348//2257 1329//2257 1346//2257
f 1348//1610 1346//1610 1335//1610
f 1349//2258 1151//2258 1336//2258
f 1336//2259 1151//2259 1148//2259
f 1345//2260 1349//2260 1346//2260
f 1346//2261 1349//2261 1336//2261
f 1158//2262 1350//2262 1351//2262
f 1158//2263 1351//2263 1344//2263
f 1344//2264 1351//2264 1352//2264
f 1349//2265 1341//2265 1151//2265
f 1345//2265 1353//2265 1354//2265
f 1349//2266 1354//2266 1341//2266
f 1345//2266 1354//2266 1349//2266
f 1344//2267 1352//2267 1343//2267
f 1343//2268 1352//2268 1353//2268
f 1343//2269 1353//2269 1345//2269
f 1325//1913 1323//1913 1315//1913
f 1316//1780 1342//1780 1285//1780
f 1285//2270 1340//2270 1334//2270
f 1334//1936 1339//1936 1338//1936
f 1342//2270 1340//2270 1285//2270
f 1314//1909 1325//1909 1315//1909
f 1355//1779 1342//1779 1316//1779
f 1315//2271 1355//2271 1316//2271
f 1323//2272 1355//2272 1315//2272
f 1340//1936 1339//1936 1334//1936
f 1355//2273 1323//2273 1290//2273
f 1342//2274 1355//2274 1290//2274
f 1339//2275 1341//2275 1338//2275
f 1337//2276 1354//2276 1335//2276
f 1341//2276 1354//2276 1337//2276
f 1354//2277 1353//2277 1335//2277
f 1348//2278 1352//2278 1347//2278
f 1353//2279 1352//2279 1348//2279
f 1335//2277 1353//2277 1348//2277
f 1338//2280 1341//2280 1337//2280
f 1347//2281 1351//2281 1356//2281
f 1352//2281 1351//2281 1347//2281
f 1321//1524 1325//1524 1313//1524
f 1326//2282 1322//2282 1317//2282
f 1317//2283 1322//2283 1312//2283
f 1313//1524 1325//1524 1314//1524
f 1322//2284 1321//2284 1312//2284
f 1312//2285 1321//2285 1313//2285
f 1357//1876 1358//1876 1359//1876
f 1360//1876 1358//1876 1357//1876
f 1359//2286 1361//2286 1362//2286
f 1363//2287 1360//2287 1357//2287
f 1358//2286 1361//2286 1359//2286
f 1362//2288 1364//2288 1365//2288
f 1361//2289 1364//2289 1362//2289
f 1365//2290 1326//2290 1317//2290
f 1364//2290 1326//2290 1365//2290
f 1366//2291 1367//2291 1368//2291
f 1368//2292 1367//2292 1369//2292
f 1370//1866 1371//1866 1363//1866
f 1372//2293 1373//2293 1374//2293
f 1373//1866 1371//1866 1370//1866
f 1371//2294 1360//2294 1363//2294
f 1374//2295 1373//2295 1370//2295
f 1369//2296 1372//2296 1374//2296
f 1367//1955 1372//1955 1369//1955
f 1375//2297 1366//2297 1368//2297
f 1356//2298 1327//2298 1347//2298
f 1333//2299 1327//2299 1356//2299
f 1333//2300 1376//2300 1375//2300
f 1333//2301 1377//2301 1376//2301
f 1333//2302 1356//2302 1377//2302
f 1378//2303 1366//2303 1375//2303
f 1379//2304 1378//2304 1376//2304
f 1376//2304 1378//2304 1375//2304
f 1356//1945 1350//1945 1377//1945
f 1351//1942 1350//1942 1356//1942
f 1377//2305 1379//2305 1376//2305
f 1350//2306 1379//2306 1377//2306
f 1155//2307 1380//2307 1156//2307
f 1156//2308 1380//2308 1153//2308
f 1153//2309 1380//2309 1158//2309
f 1158//2310 1380//2310 1350//2310
f 1262//2311 1381//2311 1261//2311
f 1381//2312 1382//2312 1261//2312
f 1383//2313 1261//2313 1384//2313
f 1381//2314 1262//2314 1385//2314
f 1260//2315 1261//2315 1383//2315
f 1261//2316 1382//2316 1384//2316
f 1382//2317 1386//2317 1387//2317
f 1384//2318 1382//2318 1387//2318
f 1388//2319 1389//2319 1390//2319
f 1389//2320 1388//2320 1386//2320
f 1389//2321 1381//2321 1390//2321
f 1389//2322 1386//2322 1382//2322
f 1381//2323 1385//2323 1390//2323
f 1381//2324 1389//2324 1382//2324
f 1307//1787 1306//1787 1294//1787
f 1305//1461 1309//1461 1292//1461
f 1292//2325 1309//2325 1296//2325
f 1296//1785 1307//1785 1294//1785
f 1309//1785 1307//1785 1296//1785
f 1294//2326 1306//2326 1295//2326
f 1237//2327 1305//2327 1292//2327
f 1234//2058 1237//2058 1292//2058
f 1278//2328 1280//2328 1276//2328
f 1276//1789 1280//1789 1277//1789
f 1280//1493 1237//1493 1277//1493
f 1277//2329 1237//2329 1234//2329
f 1301//1501 1310//1501 1300//1501
f 1306//2330 1308//2330 1295//2330
f 1295//2331 1308//2331 1301//2331
f 1308//1502 1310//1502 1301//1502
f 1310//1510 1320//1510 1300//1510
f 1300//1513 1320//1513 1298//1513
f 1320//1508 1319//1508 1298//1508
f 1298//2332 1319//2332 1302//2332
f 1324//2333 1391//2333 1311//2333
f 1311//2334 1391//2334 1392//2334
f 1319//2335 1324//2335 1302//2335
f 1302//2336 1324//2336 1311//2336
f 1281//1614 1279//1614 1275//1614
f 1282//2337 1279//2337 1281//2337
f 1279//2338 1278//2338 1275//2338
f 1275//2339 1278//2339 1276//2339
f 1393//1731 1394//1731 1395//1731
f 1396//1735 1394//1735 1393//1735
f 1395//1519 1397//1519 1398//1519
f 1394//1616 1397//1616 1395//1616
f 1398//2340 1282//2340 1281//2340
f 1397//2341 1282//2341 1398//2341
f 1399//2342 1400//2342 1401//2342
f 1400//1732 1396//1732 1401//1732
f 1401//1733 1396//1733 1393//1733
f 1402//2343 1403//2343 1404//2343
f 1404//2343 1403//2343 1405//2343
f 1406//1869 1407//1869 1408//1869
f 1403//2344 1409//2344 1405//2344
f 1405//2344 1409//2344 1410//2344
f 1410//2345 1406//2345 1408//2345
f 1408//1866 1407//1866 1399//1866
f 1409//2345 1406//2345 1410//2345
f 1407//1880 1400//1880 1399//1880
f 1411//2346 1402//2346 1404//2346
f 1412//2347 1362//2347 1365//2347
f 1392//2348 1317//2348 1311//2348
f 1392//2349 1365//2349 1317//2349
f 1412//2350 1365//2350 1392//2350
f 1361//2351 1413//2351 1364//2351
f 1364//2352 1413//2352 1391//2352
f 1391//2353 1413//2353 1392//2353
f 1326//2354 1391//2354 1324//2354
f 1361//2355 1414//2355 1413//2355
f 1364//2356 1391//2356 1326//2356
f 1392//2353 1413//2353 1412//2353
f 1414//2357 1402//2357 1411//2357
f 1413//2304 1414//2304 1412//2304
f 1412//2304 1414//2304 1411//2304
f 1387//2358 1412//2358 1411//2358
f 1387//2359 1411//2359 1404//2359
f 1387//2360 1362//2360 1412//2360
f 1262//2361 1263//2361 1385//2361
f 1383//2362 1393//2362 1260//2362
f 1260//2363 1398//2363 1281//2363
f 1260//2364 1395//2364 1398//2364
f 1260//2365 1393//2365 1395//2365
f 1383//2366 1408//2366 1399//2366
f 1383//2367 1399//2367 1401//2367
f 1383//2368 1401//2368 1393//2368
f 1396//2369 1263//2369 1394//2369
f 1400//2370 1263//2370 1396//2370
f 1407//2371 1263//2371 1400//2371
f 1394//2372 1263//2372 1257//2372
f 1397//2373 1257//2373 1282//2373
f 1394//2374 1257//2374 1397//2374
f 1383//2375 1384//2375 1408//2375
f 1384//2376 1410//2376 1408//2376
f 1384//2377 1405//2377 1410//2377
f 1384//2378 1404//2378 1405//2378
f 1384//2379 1387//2379 1404//2379
f 1403//2380 1390//2380 1409//2380
f 1402//2381 1390//2381 1403//2381
f 1414//2382 1390//2382 1402//2382
f 1407//2383 1385//2383 1263//2383
f 1390//2384 1385//2384 1409//2384
f 1409//2385 1385//2385 1406//2385
f 1406//2386 1385//2386 1407//2386
f 1415//2387 1388//2387 1416//2387
f 1417//2388 1418//2388 1419//2388
f 1386//2389 1417//2389 1387//2389
f 1387//2390 1417//2390 1419//2390
f 1388//2391 1417//2391 1386//2391
f 1388//2392 1415//2392 1417//2392
f 1415//2393 1418//2393 1417//2393
f 1331//2394 1332//2394 1418//2394
f 1415//2395 1331//2395 1418//2395
f 1415//2396 1416//2396 1420//2396
f 1421//2397 1332//2397 1333//2397
f 1418//2398 1332//2398 1421//2398
f 1419//2399 1418//2399 1421//2399
f 1331//2400 1420//2400 1380//2400
f 1331//2400 1415//2400 1420//2400
f 1419//2401 1357//2401 1359//2401
f 1358//2402 1414//2402 1361//2402
f 1419//2403 1363//2403 1357//2403
f 1358//2404 1416//2404 1414//2404
f 1360//2405 1416//2405 1358//2405
f 1419//2406 1370//2406 1363//2406
f 1387//2407 1419//2407 1359//2407
f 1387//2408 1359//2408 1362//2408
f 1421//2409 1375//2409 1368//2409
f 1421//2410 1333//2410 1375//2410
f 1421//2411 1374//2411 1370//2411
f 1421//2412 1369//2412 1374//2412
f 1419//2413 1421//2413 1370//2413
f 1421//2414 1368//2414 1369//2414
f 1420//2415 1416//2415 1360//2415
f 1380//2416 1420//2416 1372//2416
f 1379//2417 1380//2417 1378//2417
f 1378//2418 1380//2418 1366//2418
f 1371//2419 1420//2419 1360//2419
f 1350//2420 1380//2420 1379//2420
f 1372//2421 1420//2421 1373//2421
f 1366//2422 1380//2422 1367//2422
f 1367//2423 1380//2423 1372//2423
f 1373//2424 1420//2424 1371//2424
f 1388//2425 1390//2425 1416//2425
f 1416//2426 1390//2426 1414//2426
f 230//2427 851//2427 243//2427
f 246//2428 231//2428 232//2428
f 245//2429 246//2429 247//2429
f 231//2429 246//2429 245//2429
f 243//2430 851//2430 244//2430
f 244//2431 851//2431 242//2431
f 230//2432 245//2432 851//2432
f 259//2433 1422//2433 851//2433
f 259//2434 851//2434 245//2434
f 247//2435 259//2435 245//2435
f 232//2436 847//2436 246//2436
f 248//2437 225//2437 850//2437
f 847//2438 225//2438 246//2438
f 225//2439 847//2439 850//2439
f 248//2440 1423//2440 1424//2440
f 248//2441 850//2441 1423//2441
f 252//2442 1425//2442 1426//2442
f 251//2443 250//2443 1427//2443
f 250//2444 252//2444 1426//2444
f 250//2445 1426//2445 1427//2445
f 252//2446 248//2446 1424//2446
f 252//2447 1424//2447 1425//2447
f 255//2448 1427//2448 1422//2448
f 254//2449 256//2449 1428//2449
f 254//2450 1428//2450 261//2450
f 256//2451 255//2451 1422//2451
f 256//2452 1422//2452 1428//2452
f 255//2453 251//2453 1427//2453
f 1422//2454 869//2454 851//2454
f 861//2455 849//2455 846//2455
f 263//2456 258//2456 259//2456
f 850//2457 1424//2457 1423//2457
f 850//2458 1425//2458 1424//2458
f 850//2459 1426//2459 1425//2459
f 258//2460 257//2460 259//2460
f 257//2461 260//2461 259//2461
f 260//2462 261//2462 259//2462
f 261//2463 1428//2463 259//2463
f 262//2464 263//2464 259//2464
f 1428//2465 1422//2465 259//2465
f 849//2466 1426//2466 850//2466
f 849//2467 1427//2467 1426//2467
f 849//2468 1422//2468 1427//2468
f 1080//2469 849//2469 861//2469
f 1081//2470 849//2470 1080//2470
f 1112//2471 849//2471 1081//2471
f 1128//2472 849//2472 1112//2472
f 1422//2473 1150//2473 1149//2473
f 1422//2474 1155//2474 1157//2474
f 1422//2475 1157//2475 1150//2475
f 1422//2476 1079//2476 869//2476
f 1422//2477 1149//2477 1123//2477
f 1422//2478 1077//2478 1079//2478
f 1422//2479 1123//2479 1077//2479
f 1331//2480 849//2480 1330//2480
f 1131//2481 849//2481 1128//2481
f 1330//2482 849//2482 1131//2482
f 1422//2483 1380//2483 1155//2483
f 1380//2484 1422//2484 849//2484
f 1331//2485 1380//2485 849//2485
# Vertices: 1428, normals: 2485, texture coordinates: 0, faces: 2940

