# File generated by ImageToStl.com - Free Image and 3D model conversion tools

o obj1
v -3E-07 0.00924457 -0.00596138
v 0.0049997 0.00924477 -0.00596132
v 0.00499976 0.00806914 -0.00747606
v -2.5E-07 0.00806894 -0.00747611
v -1.7E-07 0.00664815 -0.00876369
v 0.00499983 0.00664835 -0.00876363
v 0.0049999 0.00502554 -0.00978493
v 0.00199984 0.00621621 -0.00783323
v 0.00499976 0.00762508 -0.00646998
v 0.00199976 0.00762496 -0.00647001
v 0.00499992 0.00456869 -0.00889539
v 0.00499983 0.00621633 -0.00783319
v 0.00199991 0.00456857 -0.00889542
v -3.6E-07 0.01013931 -0.00426551
v 0.0049996 0.01072616 -0.00243998
v 0.00499965 0.01013951 -0.00426546
v -4E-07 0.01072597 -0.00244003
v 0.0049997 0.00874081 -0.00485812
v 0.00499966 0.00952065 -0.00305957
v 0.0019997 0.00874069 -0.00485815
v 0.00199965 0.00952052 -0.0030596
v -2.8E-07 0.00759614 -0.00250462
v -2.7E-07 0.00748222 -0.00271707
v -2.6E-07 0.00732077 -0.0028961
v 0.00199973 0.00748231 -0.00271705
v -2.5E-07 0.00712116 -0.00303128
v -2.4E-07 0.006895 -0.00311476
v -2.3E-07 0.00665545 -0.00314169
v 0.00199977 0.00665552 -0.00314167
v 0.00199978 0.00641647 -0.00311049
v 0.00199976 0.00689509 -0.00311474
v 0.00199974 0.00732085 -0.00289608
v 0.00199972 0.00759623 -0.0025046
v 0.00199975 0.00712125 -0.00303126
v -1E-07 0.00418954 -0.00635615
v -1E-07 0.00419168 -0.00611508
v -1E-07 0.00502534 -0.00978498
v -8E-08 0.0038544 -0.00698117
v -9E-08 0.00401586 -0.00680215
v -1E-07 0.00412979 -0.00658969
v 0.0019999 0.00419177 -0.00611506
v 0.00199992 0.00385449 -0.00698115
v 0.00199993 0.00365488 -0.00711633
v 0.0019999 0.00418963 -0.00635613
v 0.0019999 0.00412986 -0.00658967
v 0.00199993 0.00342872 -0.00719982
v 0.00199991 0.00401594 -0.00680213
v 0.00199994 0.00318915 -0.00722675
v -8E-08 0.00365479 -0.00711635
v -4E-08 0.00272538 -0.0071081
v -4E-08 0.00295003 -0.00719559
v -5E-08 0.00318908 -0.00722677
v -7E-08 0.00342863 -0.00719984
v 0.00199995 0.0029501 -0.00719557
v 0.00199999 0.00274537 -0.00961577
v -3E-08 0.00236995 -0.00678755
v -3E-08 0.00225982 -0.0065731
v 0.00199997 0.00237004 -0.00678753
v -3E-08 0.00252821 -0.0069694
v 0.00199996 0.00272547 -0.00710808
v 0.00199998 0.0022599 -0.00657308
v 0.00199996 0.00252829 -0.00696938
v -3E-08 0.0022042 -0.00633853
v 0.00199997 0.00220429 -0.00633851
v 0.00499999 0.0027455 -0.00961574
v 0.00500007 0.0008168 -0.00996655
v 0.00200007 0.00081668 -0.00996658
v 0.00200011 -0.00120982 -0.00702717
v 0.00200011 -0.00115005 -0.00679362
v 0.00200011 -0.00114791 -0.00655256
v 0.00200015 -0.00114339 -0.00993438
v 0.00500014 -0.00114328 -0.00993435
v -2.3E-07 0.00641639 -0.00311051
v -1E-07 0.00413607 -0.00588051
v 0.0019999 0.00413616 -0.00588049
v 0.0019999 0.00402602 -0.00566604
v -1.1E-07 0.00402593 -0.00566606
v -2.2E-07 0.00619175 -0.00302303
v 0.00199979 0.00619183 -0.00302301
v 0.00199979 0.00599465 -0.00288431
v -2E-07 0.00583632 -0.00270247
v 0.0019998 0.0058364 -0.00270245
v -2.1E-07 0.00599458 -0.00288433
v 0.0019999 0.00386776 -0.00548419
v 0.00199991 0.00367059 -0.00534549
v -9E-08 0.00386769 -0.00548421
v -9E-08 0.00367051 -0.00534551
v 0.00199992 0.0032069 -0.00522682
v -8E-08 0.00344587 -0.00525803
v 0.00199992 0.00344596 -0.005258
v -8E-08 0.00320683 -0.00522685
v -1.1E-07 0.00327165 -0.00230138
v -8E-08 0.00262583 -0.00301745
v -6E-08 0.00296725 -0.00525378
v -3E-08 0.0018274 -0.00355818
v -6E-08 0.0027411 -0.00533726
v -5E-08 0.00254149 -0.00547244
v 0.00199989 0.00327172 -0.00230136
v 0.00199993 0.00262591 -0.00301743
v 0.00199993 0.00296734 -0.00525376
v 0.00199997 0.0022662 -0.0058639
v -4E-08 0.00238003 -0.00565147
v 0.00199996 0.00238011 -0.00565144
v -3E-08 0.00220634 -0.00609747
v -3E-08 0.00226611 -0.00586392
v 0.00199997 0.00220643 -0.00609744
v 0.00199995 0.00254157 -0.00547242
v 0.00199995 0.00274118 -0.00533724
v 0.00200004 -3.54E-05 -0.00399982
v 0.00200011 -0.00120352 -0.00631799
v 0.002 0.00092286 -0.00389209
v 0.00199997 0.00182749 -0.00355816
v 0 0.00092277 -0.00389211
v 0.00500021 -0.00305942 -0.00952039
v 0.00500106 -0.02077124 -0.02303355
v 0.00200021 -0.00305953 -0.00952042
v 0.00500033 -0.00646983 -0.00762482
v 0.00500028 -0.00485797 -0.00874054
v 0.00500037 -0.00783305 -0.00621607
v 1.07E-06 -0.02091376 -0.0231067
v 1.6E-07 -0.0021506 -0.00766426
v 1.5E-07 -0.00191103 -0.00763733
v 1.5E-07 -0.00168488 -0.00755384
v 1.4E-07 -0.00148526 -0.00741867
v 1.2E-07 -0.00132382 -0.00723965
v 1.2E-07 -0.00120989 -0.00702719
v 1.2E-07 -0.00115012 -0.00679364
v 1.2E-07 -0.00114798 -0.00655258
v 1.2E-07 -0.0012036 -0.00631801
v 0.00200012 -0.00132374 -0.00723963
v 0.00200013 -0.00148519 -0.00741865
v 0.00200015 -0.00191096 -0.00763731
v 0.00200016 -0.00215052 -0.00766424
v 0.00200014 -0.0016848 -0.00755382
v 0.00200018 -0.00238956 -0.00763306
v 1.8E-07 -0.00261428 -0.0075456
v 0.00200018 -0.00261421 -0.00754558
v 1.7E-07 -0.00238965 -0.00763308
v 1.8E-07 -0.00281147 -0.0074069
v 0.00200019 -0.00281138 -0.00740688
v 1.1E-07 -0.00131373 -0.00610356
v 0.00200011 -0.00131366 -0.00610354
v 0.00200012 -0.00166909 -0.00578299
v 1.2E-07 -0.00147199 -0.0059217
v 0.00200012 -0.00147191 -0.00592168
v 1.3E-07 -0.00166916 -0.00578301
v 1.9E-07 -0.00296971 -0.00722504
v 0.00200019 -0.00296964 -0.00722502
v 1.9E-07 -0.00307985 -0.0070106
v 0.00200019 -0.00307978 -0.00701057
v 1.9E-07 -0.00313546 -0.00677603
v 0.00200019 -0.00313539 -0.00677601
v 1.8E-07 -0.00313333 -0.00653496
v 0.00200019 -0.00313325 -0.00653494
v 0.00200017 -0.00295956 -0.00608894
v 1.7E-07 -0.00279818 -0.00590994
v 0.00200017 -0.00279811 -0.00590992
v 1.8E-07 -0.00307356 -0.00630141
v 0.00200019 -0.00307348 -0.00630139
v 1.8E-07 -0.00295963 -0.00608896
v 1.5E-07 -0.00259858 -0.00577476
v 0.00200016 -0.0025985 -0.00577474
v 4E-08 -3.548E-05 -0.00399984
v 8E-08 -0.00099168 -0.00387512
v 1.3E-07 -0.00189381 -0.00569552
v 1.1E-07 -0.00189023 -0.00352519
v 0.00200008 -0.00099159 -0.0038751
v 0.00200015 -0.00237234 -0.00569126
v 1.4E-07 -0.00213286 -0.00566434
v 0.00200014 -0.00213277 -0.00566432
v 0.00200014 -0.00189373 -0.0056955
v 0.00200013 -0.00267887 -0.00297037
v 0.00200011 -0.00189016 -0.00352517
v 1.4E-07 -0.00267894 -0.00297039
v 1.5E-07 -0.00237242 -0.00569128
v 3E-07 -0.00647472 -0.00416672
v 3E-07 -0.00669937 -0.00407924
v 2.6E-07 -0.00576996 -0.00408748
v 2.9E-07 -0.00623567 -0.0041979
v 2.6E-07 -0.00557035 -0.0039523
v 2.8E-07 -0.00599612 -0.00417096
v 2.5E-07 -0.00540889 -0.00377328
v 2.4E-07 -0.00529497 -0.00356083
v 2.4E-07 -0.00523521 -0.00332728
v 1.5E-07 -0.00331196 -0.00224296
v 2.4E-07 -0.00523307 -0.00308622
v 0.00200034 -0.00646994 -0.00762485
v 0.00200027 -0.00485809 -0.00874058
v 0.00200037 -0.00783316 -0.0062161
v 0.00200027 -0.00576987 -0.00408746
v 0.00200024 -0.00529489 -0.00356081
v 0.00200025 -0.00540881 -0.00377326
v 0.00200026 -0.00557026 -0.00395228
v 0.00200015 -0.00331188 -0.00224294
v 0.00200024 -0.00523512 -0.00332726
v 0.00200024 -0.00523298 -0.0030862
v 0.00200028 -0.00599603 -0.00417094
v 0.00200029 -0.0062356 -0.00419788
v 0.00200031 -0.00689646 -0.00394052
v 0.0020003 -0.00669928 -0.00407922
v 0.00200029 -0.00647465 -0.0041667
v 2.3E-07 -0.00528868 -0.00285165
v 0.00200024 -0.00528859 -0.00285162
v 3.1E-07 -0.00689654 -0.00394054
v 3.1E-07 -0.00705479 -0.00375868
v 0.00200032 -0.00705471 -0.00375866
v 3.2E-07 -0.00716493 -0.00354423
v 0.00200032 -0.00716485 -0.00354421
v 3.2E-07 -0.00722055 -0.00330967
v 0.00200032 -0.00722046 -0.00330965
v 3.2E-07 -0.00721841 -0.0030686
v 0.00200032 -0.00721832 -0.00306858
v 3.1E-07 -0.00715864 -0.00283505
v 0.00200031 -0.00715857 -0.00283503
v 0.00200039 -0.00889536 -0.00456846
v 0.0050004 -0.00889524 -0.00456843
v 0.0050004 -0.00961558 -0.00274524
v 0.00200041 -0.0096157 -0.00274527
v -4.3E-07 0.01098672 -0.00054042
v 0.00499957 0.01098692 -0.00054037
v 0.00499956 0.01091386 0.00137566
v -4.5E-07 0.01091366 0.00137561
v 0.00499962 0.00993461 -0.00114343
v 0.00199962 0.0099345 -0.00114346
v 0.0049996 0.0099668 0.00081665
v 0.0019996 0.00996669 0.00081662
v 0.00199972 0.00765813 -0.00202999
v 0.00199972 0.00765599 -0.00227105
v -2.8E-07 0.00760244 -0.00179543
v -2.8E-07 0.00765805 -0.00203001
v -2.8E-07 0.00765591 -0.00227107
v 0.00199972 0.00760252 -0.00179541
v 0.00199972 0.00749239 -0.00158097
v 0.00199972 0.00733413 -0.00139911
v 0.00199973 0.00713696 -0.00126041
v -2.7E-07 0.00713687 -0.00126043
v -2.7E-07 0.00733406 -0.00139913
v -2.8E-07 0.0074923 -0.00158099
v 0.00499955 0.01050918 0.0032499
v -4.5E-07 0.01050898 0.00324985
v 0.0049996 0.00889565 0.00456854
v 0.00499959 0.00961599 0.00274534
v 0.00199959 0.00961588 0.00274531
v 0.0019996 0.00889554 0.00456851
v 0.0019997 0.00688335 0.0024436
v 0.00199971 0.00668374 0.00230842
v 0.00199969 0.0070448 0.00262262
v -2.9E-07 0.00688328 0.00244358
v -3.1E-07 0.00704473 0.0026226
v -3.2E-07 0.00715865 0.00283506
v -3.2E-07 0.00722056 0.00330967
v -3.2E-07 0.00721842 0.00306861
v 0.00199968 0.00722063 0.00330969
v 0.00199969 0.00715873 0.00283508
v 0.00199967 0.00721849 0.00306863
v -2.5E-07 0.00667319 -0.00114177
v -2.6E-07 0.00691224 -0.00117295
v 0.00199974 0.00667326 -0.00114175
v 0.00199974 0.00691231 -0.00117293
v 0.00199976 0.0064337 -0.00116868
v 0.0019998 0.0056728 -0.00201237
v -2.1E-07 0.00573248 -0.00177884
v 0.00199979 0.00573255 -0.00177882
v -2E-07 0.00567271 -0.00201239
v -2E-07 0.00567057 -0.00225345
v 0.0019998 0.00567066 -0.00225343
v -2E-07 0.00572619 -0.00248803
v 0.0019998 0.00572627 -0.00248801
v -2.2E-07 0.0058464 -0.00156639
v 0.00199978 0.00584648 -0.00156637
v -2.3E-07 0.00600786 -0.00138736
v 0.00199978 0.00600794 -0.00138734
v -2.4E-07 0.00620747 -0.00125218
v 0.00199977 0.00620755 -0.00125216
v -2.4E-07 0.00643362 -0.0011687
v 0.00199987 0.00372742 -0.00145152
v 0.00199985 0.00396649 -0.00051733
v -2.8E-07 0.00645751 0.00222492
v -2.7E-07 0.00621794 0.00219799
v -2.9E-07 0.00668367 0.0023084
v -2.6E-07 0.00597889 0.00222917
v 0.00199974 0.00597898 0.00222919
v 0.00199984 0.00397505 0.00044693
v 0.00199973 0.00621803 0.00219801
v 0.00199971 0.00645758 0.00222494
v -1.4E-07 0.00372734 -0.00145154
v -1.5E-07 0.00396641 -0.00051735
v -1.7E-07 0.00397496 0.0004469
v -2.6E-07 0.00575426 0.00231664
v 0.00199974 0.00575433 0.00231667
v -2.5E-07 0.00555707 0.00245535
v 0.00199975 0.00555716 0.00245537
v -2.4E-07 0.00539883 0.00263721
v 0.00199975 0.0053989 0.00263723
v -2.4E-07 0.00528869 0.00285165
v 0.00199975 0.00528877 0.00285167
v -2.4E-07 0.00523308 0.00308622
v 0.00199975 0.00523315 0.00308624
v 0.00199967 0.00705488 0.00375871
v -3.2E-07 0.00716495 0.00354424
v 0.00199967 0.00716502 0.00354426
v 0.00199969 0.00689664 0.00394057
v -3.2E-07 0.00705481 0.00375869
v -3.2E-07 0.00689655 0.00394055
v -2.4E-07 0.00529499 0.00356084
v -2.5E-07 0.00540891 0.00377329
v 0.00199975 0.00529506 0.00356086
v 0.00199974 0.00540898 0.00377331
v -2.7E-07 0.00557037 0.00395231
v 0.00199973 0.00557044 0.00395233
v -2.4E-07 0.00523522 0.00332728
v 0.00199975 0.00523529 0.0033273
v 0.00199984 0.00375259 0.0013852
v 0.00199984 0.00331205 0.00224299
v -1.7E-07 0.00375251 0.00138518
v -1.4E-07 0.00267896 0.00297039
v -1.6E-07 0.00331198 0.00224297
v 0.00199986 0.00267904 0.00297041
v 0.00199989 0.00189033 0.00352522
v 0.00499955 0.00978519 0.00502539
v -4.4E-07 0.00978499 0.00502534
v -4.2E-07 0.0087637 0.00664814
v 0.00499958 0.0087639 0.00664819
v 0.00499962 0.00783346 0.00621618
v 0.00199967 0.00647012 0.0076249
v 0.00199971 0.00623577 0.00419792
v 0.00199962 0.00783333 0.00621615
v 0.0019997 0.00647482 0.00416675
v 0.00199969 0.00669945 0.00407926
v -3.8E-07 0.00747613 0.00806894
v 0.00499961 0.00747631 0.00806899
v -3.4E-07 0.00596139 0.00924456
v 0.00499966 0.00647024 0.00762493
v 0.00499967 0.00596158 0.00924462
v -3E-07 0.00669938 0.00407924
v -3E-07 0.00647473 0.00416672
v -2.8E-07 0.00599613 0.00417097
v -3E-07 0.00623569 0.0041979
v 0.00199971 0.0059962 0.00417099
v -2.7E-07 0.00576997 0.00408749
v 0.00199972 0.00577005 0.00408751
v -2E-07 0.00313334 0.00653497
v 0.00199981 0.00313342 0.00653499
v 0.00199981 0.00307365 0.00630144
v 0.00199982 0.00295974 0.00608899
v 0.00199983 0.00279828 0.00590997
v -1.8E-07 0.00279819 0.00590995
v -1.8E-07 0.00295965 0.00608896
v -1.9E-07 0.00307358 0.00630142
v 0.00199981 0.00313556 0.00677605
v -2E-07 0.00313548 0.00677603
v 0.00199984 0.00259867 0.00577479
v -2.7E-07 0.00426552 0.0101393
v 0.00199972 0.00485827 0.00874062
v 0.00199981 0.00307994 0.00701062
v 0.0019998 0.00296981 0.00722507
v 0.00199981 0.00281155 0.00740693
v 0.00199978 0.00305971 0.00952046
v -2E-07 0.00307986 0.0070106
v 0.00199982 0.00261438 0.00754562
v -1.9E-07 0.00281148 0.00740691
v 0.00199983 0.00238975 0.00763311
v -1.9E-07 0.0026143 0.0075456
v -2E-07 0.00296973 0.00722505
v -1.8E-07 0.00238966 0.00763309
v -2.2E-07 0.00244005 0.01072596
v 0.00199985 0.00213294 0.00566437
v 0.00199986 0.00189389 0.00569555
v 0.00199984 0.00237251 0.00569131
v 0.00499972 0.00485838 0.00874066
v 0.00499973 0.00426572 0.01013936
v 0.00499977 0.00305982 0.00952049
v 0.00499979 0.00244024 0.01072601
v 0.00199985 0.00114358 0.00993443
v 0.00199983 0.00215069 0.00766429
v 0.00499986 0.00054063 0.01098677
v 0.00499993 -0.00081638 0.00996666
v 0.00499985 0.00114369 0.00993446
v -1.2E-07 0.00189025 0.0035252
v -8E-08 0.00099169 0.00387512
v 0.00199992 0.00099178 0.00387514
v -5E-08 3.549E-05 0.00399985
v 0.00199995 3.558E-05 0.00399987
v 0.00199999 -0.00092269 0.00389213
v -1E-08 -0.00092276 0.00389211
v 0.00200008 -0.00367042 0.00534554
v 0.00200011 -0.00327156 0.0023014
v 0.00200008 -0.00344577 0.00525805
v 0.00200003 -0.0018273 0.0035582
v 3E-08 -0.00182739 0.00355818
v 0.00200007 -0.00262574 0.00301748
v 7E-08 -0.00262581 0.00301746
v 0.00200024 -0.00539873 -0.00263718
v 2.4E-07 -0.00539882 -0.0026372
v 1.6E-07 -0.00375249 -0.00138518
v 0.00200016 -0.00375242 -0.00138516
v 0.00200016 -0.00397488 -0.00044688
v 1.5E-07 -0.00396639 0.00051736
v 0.00200014 -0.00396632 0.00051738
v 1.6E-07 -0.00397495 -0.0004469
v 2.5E-07 -0.00575424 -0.00231664
v 2.5E-07 -0.00555706 -0.00245534
v 0.00200024 -0.00555699 -0.00245532
v 2.6E-07 -0.00597888 -0.00222916
v 2.8E-07 -0.00668365 -0.0023084
v 2.7E-07 -0.00713686 0.00126044
v 2.5E-07 -0.00691222 0.00117296
v 2.4E-07 -0.00667317 0.00114178
v 2.8E-07 -0.0064575 -0.00222491
v 2.4E-07 -0.00643361 0.00116871
v 2.7E-07 -0.00621792 -0.00219798
v 2.3E-07 -0.00620745 0.00125219
v 2.9E-07 -0.00688326 -0.00244358
v 1.3E-07 -0.00372733 0.00145155
v 1E-07 -0.00327164 0.00230138
v 0.00200013 -0.00372725 0.00145157
v 2E-07 -0.0056727 0.0020124
v 2E-07 -0.00567056 0.00225346
v 2.2E-07 -0.00600784 0.00138737
v 2.1E-07 -0.00584639 0.0015664
v 2E-07 -0.00572617 0.00248804
v 2E-07 -0.00573247 0.00177885
v 2E-07 -0.00599456 0.00288433
v 9E-08 -0.00367049 0.00534552
v 2E-07 -0.00583631 0.00270247
v 8E-08 -0.00344585 0.00525803
v 0.00200025 -0.00575416 -0.00231662
v 0.00200025 -0.00597881 -0.00222914
v 0.00200025 -0.00667309 0.0011418
v 0.00200028 -0.00645741 -0.00222489
v 0.00200026 -0.00621786 -0.00219796
v 0.00200024 -0.00643352 0.00116873
v 0.00200023 -0.00620736 0.00125221
v 0.00200028 -0.00668357 -0.00230838
v 0.00200029 -0.00688318 -0.00244355
v 0.00200031 -0.00704464 -0.00262257
v 3E-07 -0.00704472 -0.00262259
v 0.00200026 -0.00713679 0.00126046
v 0.00200026 -0.00691214 0.00117298
v 2.8E-07 -0.00760242 0.00179544
v 2.8E-07 -0.00749229 0.00158099
v 2.7E-07 -0.00733404 0.00139914
v 0.0020004 -0.00996652 -0.00081657
v 0.0050004 -0.0099664 -0.00081654
v 0.00200027 -0.00733396 0.00139916
v 0.00200037 -0.00993433 0.00114351
v 0.00500038 -0.0099342 0.00114354
v 0.0020002 -0.00567049 0.00225348
v 0.0020002 -0.00567262 0.00201242
v 0.00200022 -0.00600777 0.00138739
v 0.0020002 -0.00573238 0.00177887
v 0.00200021 -0.00584631 0.00156642
v 0.0020002 -0.0057261 0.00248806
v 0.00200019 -0.00583624 0.00270249
v 0.00200021 -0.00599448 0.00288436
v 0.00200027 -0.00749222 0.00158102
v 0.00200027 -0.00760235 0.00179546
v 2.8E-07 -0.0076559 0.00227107
v 2.7E-07 -0.00759613 0.00250462
v 0.00200027 -0.00765583 0.00227109
v 0.00200027 -0.00759606 0.00250464
v 2.8E-07 -0.00765804 0.00203001
v 0.00200027 -0.00765797 0.00203004
v 0.00200021 -0.00619166 0.00302306
v 2.1E-07 -0.00619173 0.00302304
v 0.00200024 -0.00689492 0.00311479
v 2.2E-07 -0.00665543 0.0031417
v 0.00200022 -0.00665534 0.00314172
v 2.1E-07 -0.00641638 0.00311052
v 0.00200022 -0.0064163 0.00311054
v 2.4E-07 -0.00689499 0.00311477
v 0.00200024 -0.00712107 0.00303131
v 2.5E-07 -0.00712114 0.00303128
v 0.00200027 -0.00748213 0.0027171
v 2.6E-07 -0.00732075 0.0028961
v 0.00200026 -0.00732067 0.00289612
v 2.7E-07 -0.00748221 0.00271708
v 0.00200029 -0.00874052 0.0048582
v 0.00200034 -0.00952035 0.00305964
v 0.00500033 -0.00952023 0.00305967
v 0.0050003 -0.00874039 0.00485823
v -1.4E-07 0.00189382 0.00569553
v -1.7E-07 0.00259858 0.00577477
v -1.6E-07 0.00237243 0.00569129
v -1.3E-07 0.00166918 0.00578301
v -1.5E-07 0.00213287 0.00566435
v 0.00199987 0.00166926 0.00578303
v -1.2E-07 0.00147201 0.00592171
v 0.00199987 0.00147208 0.00592173
v -1.2E-07 0.001148 0.00655258
v -1.2E-07 0.00115014 0.00679365
v 0.00199988 0.00114808 0.0065526
v 0.00199988 0.00115022 0.00679367
v -1.2E-07 0.00120361 0.00631802
v 0.00199988 0.00120369 0.00631804
v -1.2E-07 0.00131375 0.00610357
v 0.00199988 0.00131383 0.00610359
v -1.3E-07 0.00120991 0.0070272
v 0.00199988 0.00120999 0.00702722
v -1.3E-07 0.00132382 0.00723966
v 0.00199987 0.00132391 0.00723968
v -1.4E-07 0.00148528 0.00741867
v 0.00199986 0.00148536 0.00741869
v -1.5E-07 0.00168489 0.00755385
v 0.00199985 0.00168497 0.00755387
v 2E-08 -0.00220633 0.00609747
v 1E-08 -0.0022042 0.00633854
v 2E-08 -0.0022598 0.00657311
v 3E-08 -0.00236994 0.00678755
v 2E-08 -0.0025282 0.00696941
v 0.00200002 -0.00226603 0.00586395
v 0.00200003 -0.00237995 0.00565149
v 0.00200005 -0.00274101 0.00533729
v 0.00200006 -0.00296717 0.00525381
v 0.00200002 -0.00220626 0.00609749
v 0.00200004 -0.0025414 0.00547247
v 0.00200002 -0.00225973 0.00657313
v 0.00200002 -0.00236987 0.00678757
v 0.00200002 -0.00220412 0.00633856
v -1.6E-07 0.00191105 0.00763733
v -1.7E-07 0.00215061 0.00766427
v 0.00199985 0.00191113 0.00763736
v -6E-08 -0.0013756 0.01091365
v -1.4E-07 0.00054044 0.01098672
v 0.00199992 -0.00081651 0.00996663
v 0.00499993 -0.00137541 0.0109137
v 0.002 -0.0027452 0.00961581
v 0.00200003 -0.00252811 0.00696943
v 5E-08 -0.00274108 0.00533727
v 4E-08 -0.00254149 0.00547245
v 3E-08 -0.0022661 0.00586393
v 6E-08 -0.00296724 0.00525379
v 3E-08 -0.00238003 0.00565147
v 7E-08 -0.00320681 0.00522685
v 0.00200007 -0.00320672 0.00522687
v 9E-08 -0.00386767 0.00548422
v 9E-08 -0.00402593 0.00566607
v 0.00200009 -0.00386759 0.00548424
v 0.0020001 -0.00402585 0.00566609
v 1E-07 -0.00413606 0.00588052
v 1E-07 -0.00419167 0.00611509
v 0.00200003 -0.0027253 0.00710813
v 2E-08 -0.00272538 0.00710811
v 0.00200004 -0.00294993 0.00719562
v 0.00200005 -0.00318898 0.0072268
v 3E-08 -0.00295001 0.0071956
v 5E-08 -0.00342863 0.00719984
v 5E-08 -0.00318906 0.00722678
v 0.00200006 -0.00342855 0.00719986
v 0.00200006 -0.0036547 0.00711638
v 1E-08 -0.00324983 0.01050897
v 0.00200007 -0.00385431 0.0069812
v 6E-08 -0.00365479 0.00711636
v 8E-08 -0.00385438 0.00698118
v 9E-08 -0.00401584 0.00680216
v 0.00200008 -0.00401577 0.00680218
v 1E-07 -0.00502532 0.00978499
v 9E-08 -0.00418954 0.00635616
v 9E-08 -0.00412977 0.0065897
v 0.005 -0.00274509 0.00961584
v 0.00500002 -0.00324964 0.01050902
v 0.00500008 -0.00502514 0.00978504
v 0.00500008 -0.00456829 0.0088955
v 0.0020001 -0.00413598 0.00588054
v 0.0020001 -0.00418946 0.00635618
v 0.00200009 -0.00412969 0.00658972
v 0.0020001 -0.0041916 0.00611511
v 0.00200015 -0.00621604 0.00783328
v 0.00200023 -0.00762479 0.00647006
v 0.00500023 -0.00762467 0.00647009
v 0.00200009 -0.0045684 0.00889547
v 0.00500016 -0.00621591 0.00783331
v 0.05200015 -0.00114143 -0.00993386
v 0.05200007 0.00081864 -0.00996605
v 0.05200106 -0.02076939 -0.02303305
v 0.05200028 -0.00485612 -0.00874005
v 0.05200022 -0.00305755 -0.00951989
v 0.0519999 0.00502739 -0.00978444
v 0.0569999 0.00502759 -0.00978439
v 0.05700017 -0.0023874 -0.00763248
v 0.05700018 -0.00261203 -0.00754501
v 0.05700107 -0.02091152 -0.0231061
v 0.05700016 -0.00214835 -0.00766366
v 0.05700018 -0.00280922 -0.0074063
v 0.05700018 -0.00296748 -0.00722444
v 0.05200033 -0.00646798 -0.00762432
v 0.05200037 -0.0078312 -0.00621557
v 0.05607794 -0.02521695 -0.02531726
v 0.00930895 -0.02613864 -0.02607848
v 0.04769364 -0.02613713 -0.02607807
v 0.00398126 -0.02521901 -0.0253178
v 0.04832756 -0.05579983 -0.05060969
v 0.04080472 -0.0533207 -0.04855924
v 0.04714186 -0.03150136 -0.02402601
v 0.0551641 -0.03009773 -0.02675837
v 0.05514134 -0.03033693 -0.02629261
v 0.04884003 -0.05505233 -0.04739616
v 0.05502076 -0.0305821 -0.02581526
v 0.04876247 -0.05550341 -0.04704373
v 0.0547689 -0.03084064 -0.02531185
v 0.04856618 -0.05596443 -0.04668354
v 0.0456545 -0.05747299 -0.04550499
v 0.05223634 -0.03150116 -0.02402595
v 0.04824513 -0.0564062 -0.04633839
v 0.05439509 -0.03107293 -0.0248596
v 0.05391946 -0.03126249 -0.02449053
v 0.04780916 -0.05679711 -0.04603298
v 0.04728416 -0.05710979 -0.0457887
v 0.05337536 -0.03139831 -0.02422614
v 0.05280204 -0.03147671 -0.02407353
v 0.04670722 -0.05732712 -0.04561892
v 0.04617235 -0.05743823 -0.04553213
v 0.05578673 -0.03687396 -0.01356411
v 0.05700139 -0.03335566 -0.0080591
v 0.04763555 -0.03687428 -0.01356419
v 0.04769402 -0.03983044 -0.00952063
v 0.05199977 0.00762692 -0.00646949
v 0.0519997 0.00924662 -0.00596083
v 0.05199976 0.00807099 -0.00747556
v 0.05199971 0.00874265 -0.00485762
v 0.05699969 0.00924682 -0.00596078
v 0.05199984 0.00621817 -0.0078327
v 0.05499976 0.00762704 -0.00646945
v 0.05499971 0.00874278 -0.00485759
v 0.0549999 0.00413825 -0.00587993
v 0.0549999 0.00419386 -0.00611451
v 0.05499983 0.00621829 -0.00783267
v 0.05699976 0.00807118 -0.00747551
v 0.05199983 0.0066502 -0.00876314
v 0.05699983 0.00665039 -0.00876309
v 0.05199965 0.01014136 -0.00426496
v 0.05199966 0.00952249 -0.00305907
v 0.0519996 0.01072801 -0.00243949
v 0.05499965 0.00952261 -0.00305904
v 0.05699959 0.01072821 -0.00243944
v 0.05699965 0.01014155 -0.00426491
v 0.05499961 0.00993658 -0.0011429
v 0.05199958 0.01098877 -0.00053987
v 0.05699957 0.01098897 -0.00053982
v 0.05199962 0.00993646 -0.00114293
v 0.05699974 0.00712341 -0.00303068
v 0.05699975 0.00689725 -0.00311416
v 0.05699974 0.00732301 -0.0028955
v 0.05699973 0.00748447 -0.00271647
v 0.05699978 0.00665769 -0.00314109
v 0.05499973 0.00748439 -0.0027165
v 0.05699972 0.00759839 -0.00250402
v 0.05699971 0.00765816 -0.00227047
v 0.05699971 0.0076603 -0.00202941
v 0.05699971 0.00760469 -0.00179483
v 0.05499972 0.00759832 -0.00250404
v 0.05499972 0.00765809 -0.00227049
v 0.05499971 0.00766021 -0.00202943
v 0.05499971 0.0076046 -0.00179486
v 0.05499972 0.00749448 -0.00158041
v 0.05699971 0.00749455 -0.00158039
v 0.05499978 0.00641856 -0.00310994
v 0.05499977 0.00665761 -0.00314111
v 0.05499974 0.00732293 -0.00289552
v 0.05499975 0.00712333 -0.0030307
v 0.05499976 0.00689718 -0.00311418
v 0.05699978 0.00641863 -0.00310991
v 0.05699979 0.00619399 -0.00302243
v 0.05499979 0.00599674 -0.00288375
v 0.0549998 0.00583848 -0.0027019
v 0.0569998 0.00583857 -0.00270188
v 0.05499979 0.00619392 -0.00302245
v 0.0569998 0.00599683 -0.00288373
v 0.0549998 0.00572834 -0.00248745
v 0.0569998 0.00572843 -0.00248743
v 0.05499981 0.00567274 -0.00225288
v 0.0569998 0.00567282 -0.00225286
v 0.05699971 0.00733629 -0.00139854
v 0.05499972 0.00733622 -0.00139856
v 0.0549998 0.00567487 -0.00201181
v 0.0569998 0.00567496 -0.00201179
v 0.05499979 0.00584857 -0.00156581
v 0.05499978 0.00601003 -0.00138679
v 0.05699977 0.0060101 -0.00138676
v 0.05499978 0.00573465 -0.00177827
v 0.05699978 0.00584865 -0.00156579
v 0.0569998 0.00573472 -0.00177825
v 0.05199999 0.00274735 -0.00961524
v 0.05199991 0.00457055 -0.00889489
v 0.05499991 0.00457066 -0.00889486
v 0.05499998 0.00274746 -0.00961521
v 0.05499995 0.00319124 -0.00722619
v 0.0549999 0.00419172 -0.00635557
v 0.05499991 0.00413195 -0.00658912
v 0.05499991 0.00401803 -0.00680157
v 0.05499993 0.00343081 -0.00719926
v 0.05499992 0.00385658 -0.0069806
v 0.05499993 0.00365697 -0.00711578
v 0.05500007 0.00081877 -0.00996602
v 0.05499989 0.00402811 -0.00566549
v 0.0549999 0.00386985 -0.00548363
v 0.05499991 0.00367268 -0.00534493
v 0.0549999 0.00327381 -0.0023008
v 0.05499987 0.00372951 -0.00145096
v 0.05699993 0.00365703 -0.00711575
v 0.05699994 0.00343088 -0.00719924
v 0.05699991 0.00385665 -0.00698058
v 0.05699991 0.0040181 -0.00680155
v 0.05699991 0.00413203 -0.00658909
v 0.0569999 0.00419179 -0.00635555
v 0.05699996 0.00295228 -0.00719499
v 0.05699996 0.00272763 -0.00710751
v 0.05699995 0.00319132 -0.00722617
v 0.0569999 0.00419393 -0.00611448
v 0.05499995 0.00295219 -0.00719501
v 0.05499997 0.00272756 -0.00710753
v 0.05499997 0.00253037 -0.00696883
v 0.05699997 0.00253046 -0.00696881
v 0.05700012 -0.00148303 -0.00741807
v 0.05700015 -0.00168263 -0.00755325
v 0.05700016 -0.00190879 -0.00763673
v 0.05699997 0.0023722 -0.00678695
v 0.05499998 0.00237213 -0.00678697
v 0.05699997 0.00226207 -0.00657251
v 0.05499998 0.00226199 -0.00657253
v 0.05699997 0.00220645 -0.00633793
v 0.05499998 0.00220638 -0.00633795
v 0.05499998 0.00220852 -0.00609689
v 0.05699997 0.00220859 -0.00609687
v 0.0569999 0.00402818 -0.00566547
v 0.0569999 0.00413831 -0.00587991
v 0.05699991 0.00386993 -0.00548361
v 0.05699991 0.00367275 -0.00534491
v 0.05699992 0.00344811 -0.00525743
v 0.05699993 0.00320907 -0.00522625
v 0.05499991 0.00344804 -0.00525745
v 0.05499993 0.00320898 -0.00522627
v 0.05499995 0.00274327 -0.00533668
v 0.05499994 0.00296943 -0.0052532
v 0.05699994 0.00274335 -0.00533666
v 0.05699993 0.0029695 -0.00525318
v 0.05499995 0.00254367 -0.00547186
v 0.05699997 0.00226836 -0.00586332
v 0.05499996 0.00238221 -0.00565089
v 0.05699995 0.00238228 -0.00565087
v 0.05499997 0.00226827 -0.00586334
v 0.05699996 0.00254373 -0.00547184
v 0.0569999 0.0032739 -0.00230078
v 0.05699993 0.00262807 -0.00301685
v 0.05699986 0.00372958 -0.00145094
v 0.05499996 0.00182956 -0.0035576
v 0.05499993 0.00262799 -0.00301688
v 0.05699996 0.00182965 -0.00355758
v 0.057 0.00092502 -0.00389151
v 0.05499999 0.00092494 -0.00389153
v 0.05700004 -3.323E-05 -0.00399924
v 0.05500013 -0.0014831 -0.00741809
v 0.05500012 -0.00132164 -0.00723907
v 0.05500012 -0.00120773 -0.00702661
v 0.05500015 -0.00114132 -0.00993383
v 0.05500012 -0.00114797 -0.00679306
v 0.05500012 -0.00114582 -0.006552
v 0.0550001 -0.00120143 -0.00631743
v 0.05700013 -0.00132158 -0.00723905
v 0.05700012 -0.00120764 -0.00702659
v 0.05700012 -0.00114788 -0.00679304
v 0.05700011 -0.00114575 -0.00655198
v 0.05700012 -0.00120135 -0.00631741
v 0.05500017 -0.00238748 -0.0076325
v 0.05500017 -0.00214843 -0.00766368
v 0.05500022 -0.00305745 -0.00951986
v 0.05500019 -0.00280929 -0.00740633
v 0.05500018 -0.00261212 -0.00754503
v 0.05500016 -0.00190887 -0.00763675
v 0.05500014 -0.00168271 -0.00755327
v 0.05500019 -0.00296755 -0.00722446
v 0.05700019 -0.0030776 -0.00701
v 0.05500019 -0.00307768 -0.00701002
v 0.05700019 -0.00313321 -0.00677543
v 0.05500019 -0.0031333 -0.00677545
v 0.05700012 -0.00146975 -0.0059211
v 0.05500012 -0.00131157 -0.00610299
v 0.05700012 -0.00131149 -0.00610296
v 0.05500012 -0.00146983 -0.00592112
v 0.05500019 -0.00313116 -0.00653439
v 0.05700018 -0.00313108 -0.00653437
v 0.05700018 -0.00307132 -0.00630081
v 0.05500017 -0.00295747 -0.00608838
v 0.05500016 -0.00279601 -0.00590936
v 0.05700018 -0.00279593 -0.00590934
v 0.05500019 -0.00307139 -0.00630084
v 0.05700019 -0.00295739 -0.00608836
v 0.05500004 -3.332E-05 -0.00399926
v 0.05500007 -0.00098951 -0.00387454
v 0.05700008 -0.00098943 -0.00387452
v 0.05500014 -0.00189164 -0.00569495
v 0.05500013 -0.001667 -0.00578243
v 0.0550001 -0.00188807 -0.00352461
v 0.05500015 -0.00237025 -0.0056907
v 0.05500014 -0.00213069 -0.00566377
v 0.05500016 -0.00259641 -0.00577418
v 0.05500013 -0.00267677 -0.00296981
v 0.0570001 -0.00188798 -0.00352459
v 0.05700013 -0.00189156 -0.00569493
v 0.05700012 -0.00166693 -0.00578241
v 0.05700015 -0.00259633 -0.00577416
v 0.05700014 -0.0026767 -0.00296979
v 0.05700014 -0.00237018 -0.00569068
v 0.05700014 -0.00213061 -0.00566375
v 0.05700029 -0.00647248 -0.00416612
v 0.05700028 -0.00599387 -0.00417036
v 0.05700025 -0.0055681 -0.0039517
v 0.05700029 -0.00623343 -0.0041973
v 0.05700027 -0.00576772 -0.00408688
v 0.0570003 -0.00669712 -0.00407864
v 0.05700024 -0.00540664 -0.00377269
v 0.05700024 -0.00529273 -0.00356023
v 0.05500015 -0.00330979 -0.00224238
v 0.05700015 -0.00330971 -0.00224236
v 0.05500016 -0.00375033 -0.0013846
v 0.05700016 -0.00375025 -0.00138458
v 0.05700024 -0.00528644 -0.00285105
v 0.05700024 -0.00539657 -0.0026366
v 0.05700024 -0.00523296 -0.00332668
v 0.05700025 -0.00555482 -0.00245474
v 0.05700025 -0.005752 -0.00231604
v 0.05700024 -0.00523082 -0.00308562
v 0.05500027 -0.004856 -0.00874002
v 0.05500033 -0.00646787 -0.00762429
v 0.0520004 -0.00889339 -0.00456794
v 0.05500027 -0.00576778 -0.0040869
v 0.05500026 -0.00556819 -0.00395172
v 0.05500025 -0.00540673 -0.00377271
v 0.05500025 -0.0052928 -0.00356025
v 0.05500037 -0.00783109 -0.00621554
v 0.05500031 -0.00689438 -0.00393996
v 0.05500031 -0.00669719 -0.00407866
v 0.0550003 -0.00647256 -0.00416614
v 0.05500029 -0.00623351 -0.00419732
v 0.05500028 -0.00599394 -0.00417039
v 0.05500023 -0.00539664 -0.00263662
v 0.05500024 -0.0055549 -0.00245476
v 0.05500024 -0.00575208 -0.00231606
v 0.05500024 -0.00523303 -0.0033267
v 0.05500023 -0.0052309 -0.00308564
v 0.05500023 -0.00528651 -0.00285107
v 0.05700031 -0.00716268 -0.00354363
v 0.05500032 -0.00716276 -0.00354365
v 0.05700031 -0.0072183 -0.00330907
v 0.05500031 -0.00705264 -0.0037581
v 0.05700031 -0.00689429 -0.00393994
v 0.05700031 -0.00705255 -0.00375808
v 0.05500032 -0.00721837 -0.00330909
v 0.05700026 -0.00597664 -0.00222856
v 0.05500025 -0.00597672 -0.00222858
v 0.05500027 -0.00621577 -0.0021974
v 0.05700027 -0.00621568 -0.00219738
v 0.05700027 -0.00645525 -0.00222432
v 0.05500031 -0.00721624 -0.00306802
v 0.05700031 -0.00721616 -0.003068
v 0.05700031 -0.00715639 -0.00283445
v 0.05500031 -0.00715648 -0.00283447
v 0.05500031 -0.00704254 -0.00262201
v 0.05700029 -0.00704247 -0.00262199
v 0.0570003 -0.00688102 -0.00244298
v 0.05500029 -0.00688109 -0.002443
v 0.05500028 -0.00668149 -0.00230782
v 0.05700028 -0.0066814 -0.0023078
v 0.05500027 -0.00645534 -0.00222434
v 0.05500039 -0.00889327 -0.0045679
v 0.05500041 -0.00961362 -0.00274471
v 0.05500039 -0.00996443 -0.00081601
v 0.0520004 -0.00961373 -0.00274474
v 0.0520004 -0.00996455 -0.00081604
v 0.05700127 -0.03137598 -0.00374863
v 0.05199959 0.00996866 0.00081714
v 0.05199955 0.01091571 0.00137616
v 0.0519996 0.00961784 0.00274584
v 0.0549996 0.00996878 0.00081718
v 0.05499958 0.00961796 0.00274587
v 0.05699955 0.0109159 0.00137621
v 0.05199955 0.01051103 0.0032504
v 0.05699956 0.01051122 0.00325045
v 0.05199956 0.00978704 0.00502588
v 0.05699955 0.00978724 0.00502594
v 0.0519996 0.0088975 0.00456904
v 0.05499959 0.00889761 0.00456907
v 0.05499972 0.00713904 -0.00125986
v 0.05499971 0.00668583 0.00230898
v 0.05699972 0.00713912 -0.00125983
v 0.05699974 0.00691449 -0.00117235
v 0.05699972 0.00645976 0.00222552
v 0.05699975 0.00667542 -0.00114117
v 0.05699972 0.00622019 0.00219859
v 0.05699976 0.00643587 -0.0011681
v 0.05699971 0.00688552 0.00244418
v 0.05699971 0.00668591 0.002309
v 0.05499977 0.00620962 -0.00125161
v 0.05699977 0.00620971 -0.00125159
v 0.05499974 0.0069144 -0.00117237
v 0.05499974 0.00667536 -0.00114119
v 0.05499976 0.00643578 -0.00116812
v 0.05499984 0.00396857 -0.00051677
v 0.05499983 0.00397713 0.00044748
v 0.05499984 0.00375468 0.00138576
v 0.05499974 0.00575642 0.00231722
v 0.05499973 0.00598106 0.00222975
v 0.05499973 0.00622012 0.00219857
v 0.05499972 0.00645967 0.0022255
v 0.05699974 0.00598114 0.00222977
v 0.05699968 0.0071609 0.00283566
v 0.05699969 0.00704698 0.0026232
v 0.05499968 0.00722058 0.00306919
v 0.05499968 0.00716081 0.00283563
v 0.05499969 0.00688544 0.00244416
v 0.0549997 0.00704689 0.00262318
v 0.05699968 0.00722067 0.00306921
v 0.05699968 0.00722281 0.00331027
v 0.05699968 0.00705706 0.00375928
v 0.05699968 0.0068988 0.00394115
v 0.05699968 0.00716719 0.00354484
v 0.05499968 0.00722272 0.00331024
v 0.05499968 0.00716711 0.00354482
v 0.05499968 0.00705697 0.00375926
v 0.05499969 0.00689872 0.00394112
v 0.05699969 0.00647698 0.00416732
v 0.05499969 0.00670154 0.00407982
v 0.05699969 0.00670163 0.00407984
v 0.05699975 0.0057565 0.00231724
v 0.05499975 0.00555925 0.00245592
v 0.05699975 0.00555932 0.00245594
v 0.05499975 0.00529086 0.00285223
v 0.05499975 0.00523524 0.0030868
v 0.05699977 0.00523532 0.00308682
v 0.05499975 0.00540099 0.00263778
v 0.05699977 0.00540107 0.00263781
v 0.05699977 0.00529094 0.00285225
v 0.05699973 0.00577222 0.00408809
v 0.05499971 0.00599829 0.00417155
v 0.05699972 0.00599837 0.00417157
v 0.0549997 0.00647691 0.0041673
v 0.05499971 0.00623786 0.00419848
v 0.0569997 0.00623794 0.0041985
v 0.05499975 0.00523739 0.00332786
v 0.05699977 0.00523746 0.00332788
v 0.05499975 0.00529715 0.00356141
v 0.05499975 0.00541106 0.00377387
v 0.05699974 0.00529723 0.00356143
v 0.05699975 0.00541115 0.00377389
v 0.05499974 0.00557252 0.00395289
v 0.05499972 0.00577214 0.00408807
v 0.05699974 0.00557261 0.00395291
v 0.05499985 0.00331413 0.00224354
v 0.05499986 0.00268113 0.00297097
v 0.05499982 0.00280037 0.00591052
v 0.05699961 0.00747836 0.00806954
v 0.05699958 0.00876595 0.00664874
v 0.05199958 0.00876575 0.00664869
v 0.05499962 0.00783542 0.0062167
v 0.05199967 0.00647208 0.00762542
v 0.05199962 0.00747816 0.00806948
v 0.05199962 0.00783531 0.00621667
v 0.05499966 0.0064722 0.00762546
v 0.05499981 0.00313765 0.00677661
v 0.05499981 0.00313551 0.00653555
v 0.05499981 0.00307574 0.006302
v 0.05499981 0.00296183 0.00608954
v 0.05499971 0.00486034 0.00874118
v 0.05199966 0.00596344 0.00924511
v 0.05199972 0.00486023 0.00874115
v 0.05699966 0.00596363 0.00924516
v 0.05499981 0.00281364 0.00740749
v 0.05499978 0.00306179 0.00952101
v 0.05499981 0.00308203 0.00701118
v 0.05699973 0.00426777 0.0101399
v 0.05199973 0.00426757 0.01013985
v 0.05699979 0.00244228 0.01072656
v 0.05499981 0.0029719 0.00722563
v 0.05199979 0.00244209 0.01072651
v 0.05499984 0.00114566 0.00993499
v 0.05199977 0.00306167 0.00952098
v 0.05199986 0.00054248 0.01098727
v 0.05199985 0.00114554 0.00993496
v 0.05199993 -0.00137354 0.01091419
v 0.05199993 -0.00081454 0.00996715
v 0.05699985 0.00396865 -0.00051675
v 0.05699983 0.00397721 0.0004475
v 0.05699983 0.00375475 0.00138578
v 0.05699985 0.00331422 0.00224356
v 0.05699987 0.0026812 0.00297099
v 0.05699983 0.00280043 0.00591055
v 0.05699983 0.00260083 0.00577537
v 0.05499991 0.00099386 0.0038757
v 0.05499986 0.00189599 0.00569611
v 0.0549999 0.00189242 0.00352578
v 0.05499985 0.00213503 0.00566493
v 0.05699988 0.00189249 0.0035258
v 0.05499985 0.0023746 0.00569186
v 0.05499984 0.00260075 0.00577535
v 0.05699986 0.00189607 0.00569613
v 0.05699992 0.00099393 0.00387572
v 0.05699984 0.00237467 0.00569188
v 0.05699985 0.00213512 0.00566495
v 0.05699995 3.774E-05 0.00400045
v 0.05500016 -0.00397279 -0.00044632
v 0.05700016 -0.0039727 -0.0004463
v 0.05700023 -0.00643136 0.00116931
v 0.05500014 -0.00396423 0.00051794
v 0.05500013 -0.00372516 0.00145213
v 0.05700012 -0.00372508 0.00145215
v 0.05700015 -0.00396415 0.00051796
v 0.0570002 -0.00573022 0.00177945
v 0.05700021 -0.00584414 0.00156699
v 0.05700022 -0.0062052 0.00125279
v 0.05700022 -0.00600559 0.00138797
v 0.05500003 -0.00182523 0.00355875
v 0.05499999 -0.0009206 0.00389269
v 0.05700003 -0.00182514 0.00355878
v 0.057 -0.00092052 0.00389271
v 0.05499996 3.766E-05 0.00400043
v 0.05500007 -0.00262365 0.00301804
v 0.0570001 -0.00326939 0.00230198
v 0.05700006 -0.00262356 0.00301806
v 0.0550001 -0.00326948 0.00230195
v 0.05500007 -0.00320465 0.00522743
v 0.05500006 -0.00296508 0.00525436
v 0.05500007 -0.00344369 0.00525861
v 0.05500008 -0.00366833 0.00534609
v 0.05500005 -0.00273892 0.00533785
v 0.05500004 -0.00253931 0.00547303
v 0.05500004 -0.00237786 0.00565205
v 0.05700019 -0.00566831 0.00225406
v 0.05700019 -0.00572392 0.00248863
v 0.05700019 -0.00583406 0.00270307
v 0.05700019 -0.00567045 0.002013
v 0.05700009 -0.00344361 0.00525863
v 0.05700009 -0.00366825 0.00534612
v 0.05700006 -0.00296499 0.00525439
v 0.05700006 -0.00320456 0.00522745
v 0.05700005 -0.00273884 0.00533787
v 0.05700004 -0.00253924 0.00547305
v 0.05700003 -0.00237778 0.00565207
v 0.0570002 -0.00618949 0.00302363
v 0.0570001 -0.00402369 0.00566667
v 0.05700021 -0.00641413 0.00311112
v 0.05700011 -0.00413381 0.00588112
v 0.0570001 -0.00386543 0.00548482
v 0.0570002 -0.00599232 0.00288493
v 0.05699982 0.00296189 0.00608956
v 0.0569998 0.00307582 0.00630202
v 0.0569998 0.00313558 0.00653557
v 0.0569998 0.00313772 0.00677663
v 0.05499987 0.00167135 0.00578359
v 0.05699986 0.00167142 0.00578361
v 0.05499987 0.00147417 0.00592229
v 0.05499988 0.00131592 0.00610415
v 0.05699987 0.00131599 0.00610417
v 0.05499988 0.00120579 0.00631859
v 0.05699989 0.00120585 0.00631862
v 0.05699987 0.00147425 0.00592231
v 0.0569998 0.00308211 0.0070112
v 0.0569998 0.00297197 0.00722565
v 0.05699981 0.00281373 0.00740751
v 0.05699981 0.00261654 0.0075462
v 0.05499983 0.00215278 0.00766485
v 0.05499982 0.00239182 0.00763367
v 0.05699983 0.00215286 0.00766487
v 0.05499982 0.00261647 0.00754618
v 0.05699982 0.00239191 0.00763369
v 0.05699984 0.0019133 0.00763793
v 0.05699987 0.00115025 0.00655318
v 0.05499988 0.00115231 0.00679423
v 0.05499987 0.00121207 0.00702778
v 0.05699987 0.00121215 0.0070278
v 0.05499988 0.00115017 0.00655316
v 0.05699987 0.00115239 0.00679425
v 0.05499984 0.00191322 0.00763791
v 0.05499985 0.00168707 0.00755443
v 0.05699985 0.00168713 0.00755445
v 0.05699987 0.00132607 0.00724025
v 0.05499987 0.001326 0.00724023
v 0.05699986 0.00148752 0.00741927
v 0.05499987 0.00148745 0.00741925
v 0.05699987 0.00054268 0.01098732
v 0.05500002 -0.00226394 0.00586451
v 0.05500002 -0.00220417 0.00609805
v 0.05500002 -0.00236778 0.00678813
v 0.05500002 -0.00225764 0.00657369
v 0.05500002 -0.00220203 0.00633912
v 0.05700002 -0.00220408 0.00609807
v 0.05700002 -0.00226385 0.00586453
v 0.05700001 -0.00220196 0.00633914
v 0.05700001 -0.00225757 0.00657371
v 0.05700002 -0.00236769 0.00678815
v 0.05700002 -0.00252595 0.00697001
v 0.05500009 -0.00386551 0.0054848
v 0.0550001 -0.00402376 0.00566665
v 0.05500009 -0.00413389 0.0058811
v 0.0570001 -0.00418943 0.00611569
v 0.05500009 -0.00418951 0.00611567
v 0.05700002 -0.00272313 0.00710871
v 0.05500002 -0.00252604 0.00696999
v 0.05700003 -0.00294777 0.0071962
v 0.05500003 -0.00272321 0.00710869
v 0.05500004 -0.0031869 0.00722735
v 0.05500004 -0.00294784 0.00719617
v 0.05700004 -0.00318681 0.00722738
v 0.05700006 -0.00342639 0.00720044
v 0.0570001 -0.0041873 0.00635676
v 0.05500009 -0.00418736 0.00635673
v 0.05700009 -0.00412752 0.0065903
v 0.05500009 -0.0041276 0.00659028
v 0.05500008 -0.00401368 0.00680273
v 0.05700009 -0.0040136 0.00680276
v 0.05500008 -0.00385223 0.00698176
v 0.05700008 -0.00385214 0.00698178
v 0.05500006 -0.00342646 0.00720042
v 0.05500006 -0.00365261 0.00711694
v 0.05700007 -0.00365255 0.00711696
v 0.05499992 -0.00081442 0.00996719
v 0.05699993 -0.00137336 0.01091425
v 0.05700002 -0.0032476 0.01050957
v 0.055 -0.00274312 0.00961636
v 0.05200002 -0.00324779 0.01050952
v 0.05500009 -0.00456631 0.00889602
v 0.05700008 -0.00502309 0.00978559
v 0.05500026 -0.00691005 0.00117353
v 0.05500025 -0.006671 0.00114235
v 0.05500023 -0.00643144 0.00116929
v 0.05500027 -0.0071347 0.00126102
v 0.05500023 -0.00620529 0.00125277
v 0.05500022 -0.00600568 0.00138795
v 0.05500021 -0.00584422 0.00156697
v 0.05500019 -0.0057303 0.00177943
v 0.05700027 -0.0073318 0.00139974
v 0.05700025 -0.00667093 0.00114237
v 0.05700027 -0.00713461 0.00126104
v 0.05700026 -0.00690998 0.00117355
v 0.05500028 -0.00733187 0.00139972
v 0.05200038 -0.00993235 0.00114403
v 0.05500037 -0.00993223 0.00114406
v 0.05500028 -0.00760026 0.00179602
v 0.05500028 -0.00749013 0.00158157
v 0.05500019 -0.00567054 0.00201297
v 0.05500019 -0.00566839 0.00225404
v 0.05500019 -0.00583414 0.00270305
v 0.05500019 -0.00572401 0.00248861
v 0.0550002 -0.00599239 0.00288491
v 0.05700028 -0.00760018 0.00179604
v 0.05700028 -0.00765579 0.00203061
v 0.05500028 -0.00765588 0.00203059
v 0.05700028 -0.00749004 0.00158159
v 0.05500028 -0.00765374 0.00227165
v 0.05500027 -0.00759396 0.0025052
v 0.05700028 -0.00765365 0.00227167
v 0.05700028 -0.00759389 0.00250522
v 0.05500026 -0.00748005 0.00271766
v 0.05700026 -0.00747996 0.00271768
v 0.05500025 -0.00731859 0.00289668
v 0.05700025 -0.00731851 0.0028967
v 0.05500022 -0.00641421 0.0031111
v 0.0550002 -0.00618957 0.00302361
v 0.05700023 -0.00665319 0.0031423
v 0.05700024 -0.00689274 0.00311537
v 0.05500022 -0.00665325 0.00314228
v 0.05500025 -0.00711899 0.00303186
v 0.05500024 -0.00689283 0.00311534
v 0.05700025 -0.0071189 0.00303188
v 0.05500035 -0.00951826 0.0030602
v 0.05500029 -0.00873843 0.00485876
v 0.05200034 -0.00951839 0.00306016
v 0.05200029 -0.00873854 0.00485872
v 0.052 -0.00274324 0.00961633
v 0.05200009 -0.00456644 0.00889599
v 0.05500015 -0.00621395 0.00783383
v 0.0520001 -0.00502328 0.00978554
v 0.05200023 -0.00762281 0.00647059
v 0.05200016 -0.00621407 0.0078338
v 0.05500023 -0.0076227 0.00647062
v 0.05200125 -0.03082007 -0.00346308
v 0.00500124 -0.03082192 -0.00346357
v 0.05519578 -0.03446743 -0.00533631
v 0.05394476 -0.03526771 -0.00574731
v 0.05476748 -0.03489529 -0.00555605
v 0.0544971 -0.03509057 -0.00565633
v 0.0543038 -0.03518958 -0.00570718
v 0.05411948 -0.03524835 -0.00573736
v 0.05700136 -0.03277139 -0.00568917
v 0.05700139 -0.03338324 -0.00693391
v 0.05700139 -0.03349295 -0.00738405
v 0.0570014 -0.03350269 -0.00766462
v 0.05700139 -0.03346997 -0.00784219
v 0.05700139 -0.03342234 -0.00795893
v 0.05644076 -0.03254029 -0.00434659
v 0.05587294 -0.03353586 -0.00485789
v 0.00360699 -0.02532412 -0.02537179
v 0.00372831 -0.02526501 -0.02534143
v 0.00385326 -0.02523032 -0.02532361
v 0.00348986 -0.02540863 -0.02541519
v 0.00337752 -0.02551939 -0.02547207
v 0.00261605 -0.02848333 -0.02699427
v 0.0028141 -0.02686309 -0.02616216
v 0.00304512 -0.02608631 -0.02576322
v 0.00323619 -0.02570914 -0.02556952
v 0.00265932 -0.03133282 -0.0284577
v 0.00301235 -0.03448515 -0.03007666
v 0.00358871 -0.03763925 -0.03169654
v 0.00170994 -0.03150316 -0.02402649
v 0.01620051 -0.05332168 -0.0485595
v 0.0117346 -0.05580128 -0.05061007
v 0.01122197 -0.05583909 -0.05058563
v 0.01070223 -0.05596001 -0.05050746
v 0.01015313 -0.05619703 -0.0503542
v 0.00986112 -0.03150283 -0.0240264
v 0.01620059 -0.05650821 -0.04470645
v 0.0096683 -0.05653824 -0.05013357
v 0.01258823 -0.05580124 -0.05061006
v 0.00888206 -0.05795059 -0.04922029
v 0.0092827 -0.05696494 -0.04985766
v 0.00901872 -0.05744724 -0.04954578
v 0.00886297 -0.05844308 -0.04890181
v 0.00829429 -0.05747446 -0.04550538
v 0.01103554 -0.05679685 -0.04996629
v 0.01175336 -0.05621468 -0.05034273
v 0.01048648 -0.05752327 -0.04949657
v 0.01014001 -0.05835096 -0.04896134
v 0.01003646 -0.05885762 -0.04863369
v 0.00878816 -0.06674197 -0.03826447
v 0.01000284 -0.05936974 -0.04830252
v 0.00981828 -0.07207964 -0.04008349
v 0.00121646 -0.03687611 -0.01356468
v 1.4E-06 -0.03347262 -0.00784147
v 1.4E-06 -0.03342488 -0.00795895
v 1.4E-06 -0.03335791 -0.0080597
v 0.00989944 -0.07254773 -0.03978078
v 1.39E-06 -0.0335084 -0.0075562
v 1.39E-06 -0.03350059 -0.0077072
v 0.00936764 -0.03687579 -0.0135646
v 0.01620078 -0.06382845 -0.0358551
v 0.01620088 -0.06701498 -0.03200205
v 1.27E-06 -0.03137822 -0.00374923
v 1.39E-06 -0.0333855 -0.00693458
v 1.35E-06 -0.03266962 -0.00552212
v 1.39E-06 -0.03348691 -0.00732912
v 0.0010904 -0.03347504 -0.00482612
v 0.00305815 -0.03526971 -0.00574784
v 0.00274025 -0.0352079 -0.00571609
v 0.00290303 -0.0352544 -0.00573997
v 0.00204689 -0.03472592 -0.00546855
v 0.00245452 -0.03506048 -0.00564037
v 0.00930932 -0.03983195 -0.00952103
v 0.01008795 -0.07302695 -0.03947088
v 0.01040188 -0.07350574 -0.03916126
v 0.01082823 -0.07393426 -0.03888413
v 0.01134324 -0.07428302 -0.03865858
v 0.011912 -0.07453245 -0.03849727
v 0.01249582 -0.07467634 -0.03840419
v 0.01306004 -0.07472119 -0.03837516
v 0.04441724 -0.05579998 -0.05060973
v 0.04305594 -0.05689093 -0.05151194
v 0.04080479 -0.05650724 -0.04470619
v 0.04246948 -0.05720671 -0.05177308
v 0.04207602 -0.05733989 -0.05188321
v 0.04172452 -0.05738412 -0.05191978
v 0.04189493 -0.05737309 -0.05191066
v 0.01528107 -0.05738517 -0.05192006
v 0.04530581 -0.05624809 -0.05031992
v 0.04597683 -0.05680254 -0.04996135
v 0.04487436 -0.05599919 -0.05048089
v 0.04700284 -0.05936829 -0.04830214
v 0.04686548 -0.05834905 -0.04896125
v 0.04649752 -0.05748485 -0.04952011
v 0.03467736 -0.08257596 -0.06507376
v 0.03376783 -0.08196763 -0.06545834
v 0.03274511 -0.08144311 -0.06561368
v 0.03572469 -0.08357318 -0.06411544
v 0.03542475 -0.08323538 -0.06448063
v 0.0359698 -0.08391035 -0.06371088
v 0.03615682 -0.08424231 -0.06327239
v 0.04821788 -0.06674042 -0.03826406
v 0.04718824 -0.07207817 -0.0400831
v 0.04700321 -0.07052126 -0.0410899
v 0.04440017 -0.06631166 -0.05128961
v 0.04693336 -0.0711937 -0.04065506
v 0.04473689 -0.07349016 -0.04568088
v 0.04671035 -0.07188372 -0.04020885
v 0.04704881 -0.07272802 -0.03966286
v 0.04616227 -0.07276908 -0.03963634
v 0.04533985 -0.07354958 -0.03913165
v 0.04504208 -0.07454843 -0.03848574
v 0.04430403 -0.07415432 -0.03874063
v 0.04670031 -0.07337984 -0.03924137
v 0.04565741 -0.07428498 -0.03865609
v 0.04621068 -0.07390586 -0.03890122
v 0.01501856 -0.0573598 -0.05189907
v 0.01473169 -0.0572834 -0.05183588
v 0.01431268 -0.0571019 -0.05168578
v 0.01350155 -0.05657972 -0.0512539
v 0.02426268 -0.08144344 -0.06561377
v 0.02324001 -0.08196805 -0.06545845
v 0.02534351 -0.08103085 -0.0655315
v 0.02158315 -0.08323591 -0.06448077
v 0.02233051 -0.08257645 -0.06507389
v 0.02128323 -0.08357375 -0.0641156
v 0.02072479 -0.08456522 -0.06280608
v 0.01260613 -0.06631291 -0.05128994
v 0.02085114 -0.08424293 -0.06327256
v 0.02103814 -0.08391093 -0.06371104
v 0.01993094 -0.08352549 -0.06119822
v 0.02075385 -0.08502878 -0.06249198
v 0.01226985 -0.07349144 -0.04568123
v 0.02084062 -0.08547342 -0.0621616
v 0.02098403 -0.08589356 -0.06181911
v 0.01014541 -0.07147869 -0.04047209
v 0.02118225 -0.08628394 -0.06146881
v 0.01054281 -0.07235007 -0.03990858
v 0.02143281 -0.08663961 -0.06111511
v 0.02173254 -0.08695612 -0.06076245
v 0.01112762 -0.07308451 -0.03943362
v 0.02246391 -0.08745627 -0.06007794
v 0.01190512 -0.0737182 -0.03902381
v 0.01282686 -0.0742097 -0.03870593
v 0.04080499 -0.06382748 -0.03585484
v 0.0100032 -0.07052271 -0.04109029
v 0.01382818 -0.07453646 -0.0384946
v 0.01463281 -0.07467696 -0.03840372
v 0.01541596 -0.07472111 -0.03837514
v 0.03166424 -0.08103061 -0.06553143
v 0.03628318 -0.08456461 -0.06280592
v 0.03707691 -0.08352482 -0.06119804
v 0.03625416 -0.08502815 -0.06249182
v 0.02307416 -0.08298209 -0.06562024
v 0.02534353 -0.08124103 -0.06564588
v 0.02534357 -0.08235458 -0.06605917
v 0.02417663 -0.08229611 -0.06590214
v 0.02534352 -0.08117037 -0.06560887
v 0.02417667 -0.08357935 -0.06605979
v 0.02534351 -0.0811003 -0.06557074
v 0.02534362 -0.08353419 -0.06619816
v 0.02534366 -0.08471329 -0.06605497
v 0.03166424 -0.08124078 -0.06564581
v 0.0316643 -0.08235432 -0.06605911
v 0.03166435 -0.08353394 -0.06619809
v 0.03166424 -0.08110005 -0.06557067
v 0.03166424 -0.08117012 -0.06560881
v 0.02209704 -0.08356766 -0.06500056
v 0.02209707 -0.08456834 -0.06485498
v 0.02129924 -0.0847005 -0.06389304
v 0.02129922 -0.08394869 -0.06410745
v 0.0230742 -0.0841668 -0.06560707
v 0.02307425 -0.08530614 -0.06528212
v 0.02417673 -0.0848588 -0.06587365
v 0.02307427 -0.08631954 -0.06466838
v 0.02209711 -0.08549525 -0.06445081
v 0.02129926 -0.08536919 -0.06348805
v 0.02209713 -0.08628288 -0.06381662
v 0.02129928 -0.08590753 -0.06292114
v 0.02129929 -0.08627741 -0.06223239
v 0.02209715 -0.0868755 -0.06299727
v 0.02209716 -0.08723121 -0.0620507
v 0.02417677 -0.08604392 -0.06535689
v 0.0253437 -0.08582536 -0.06563772
v 0.02534373 -0.08680762 -0.06496992
v 0.0241768 -0.08705096 -0.06454603
v 0.0230743 -0.08713537 -0.06380925
v 0.02307431 -0.0876959 -0.06276546
v 0.02534376 -0.08760467 -0.06408928
v 0.02417682 -0.08780866 -0.06349844
v 0.02534377 -0.0881715 -0.06304549
v 0.02417682 -0.08826349 -0.06228818
v 0.02129929 -0.08645268 -0.0614705
v 0.02209714 -0.08732487 -0.06104385
v 0.02534377 -0.08847613 -0.06189746
v 0.02417681 -0.08838324 -0.06100084
v 0.02307431 -0.0879615 -0.06161085
v 0.0230743 -0.08791343 -0.06042706
v 0.02534376 -0.08850139 -0.06070996
v 0.02534373 -0.08824582 -0.05955001
v 0.02534369 -0.08772388 -0.05848307
v 0.02431593 -0.08785002 -0.05890894
v 0.02417679 -0.08815946 -0.05972745
v 0.02333968 -0.08775931 -0.0594496
v 0.0328312 -0.08168124 -0.06569684
v 0.03283127 -0.08293213 -0.06602372
v 0.03393372 -0.08239853 -0.06550863
v 0.03393378 -0.08357446 -0.06565309
v 0.03283131 -0.08422494 -0.06600935
v 0.03393382 -0.08474688 -0.06548252
v 0.03283136 -0.08546827 -0.06565475
v 0.03166443 -0.08582511 -0.06563765
v 0.03166439 -0.08471305 -0.0660549
v 0.03491093 -0.08407235 -0.06496105
v 0.03491096 -0.08504479 -0.06468371
v 0.03491088 -0.08306121 -0.06497229
v 0.03570874 -0.08433118 -0.06402519
v 0.03570878 -0.0850478 -0.06371272
v 0.03570879 -0.08565673 -0.06322242
v 0.03491099 -0.08590973 -0.06415988
v 0.03491101 -0.08660604 -0.0634266
v 0.0339339 -0.08745005 -0.06330595
v 0.03393388 -0.08675571 -0.06426594
v 0.03393386 -0.08583289 -0.06500898
v 0.0328314 -0.08657418 -0.06498499
v 0.03570881 -0.08611489 -0.06258896
v 0.03616741 -0.08547281 -0.06216144
v 0.03602403 -0.08589298 -0.06181896
v 0.03570881 -0.08638991 -0.06185715
v 0.03582584 -0.08628336 -0.06146866
v 0.03491102 -0.08731115 -0.06155027
v 0.03491101 -0.08708445 -0.06253573
v 0.03393391 -0.08786684 -0.06219691
v 0.0339339 -0.08797656 -0.06101723
v 0.03557529 -0.08663905 -0.06111496
v 0.03527558 -0.08695558 -0.06076231
v 0.03454423 -0.08745579 -0.06007781
v 0.03166449 -0.08760441 -0.06408922
v 0.03166449 -0.08817124 -0.06304543
v 0.03166446 -0.08680739 -0.06496986
v 0.03283143 -0.08746444 -0.06404744
v 0.03283144 -0.08807614 -0.0629084
v 0.03166446 -0.08824559 -0.05954995
v 0.03166443 -0.08772363 -0.058483
v 0.03166448 -0.08850114 -0.06070989
v 0.03166449 -0.08847588 -0.06189739
v 0.03283142 -0.08831353 -0.06035658
v 0.03283143 -0.08836601 -0.06164841
v 0.03269223 -0.0878497 -0.05890885
v 0.03366847 -0.0877589 -0.05944949
v 0.04159074 -0.07472008 -0.03837486
v 0.04301944 -0.07457112 -0.03847114
v 0.04394664 -0.07471998 -0.03837484
v 0.04448476 -0.07467915 -0.03840123
v 0.04080508 -0.06701402 -0.03200179
vn -2E-05 0.78998 -0.61313
vn -1E-05 0.53264 -0.84634
vn -2E-05 0.67151 -0.74099
vn -2E-05 0.67151 -0.74099
vn 2E-05 -0.6954 0.71863
vn 1E-05 -0.54184 0.84048
vn 1 4E-05 1E-05
vn 1 4E-05 1E-05
vn 1 4E-05 0
vn 1 4E-05 1E-05
vn 1E-05 -0.54184 0.84048
vn 1 4E-05 1E-05
vn -3E-05 0.95204 -0.30596
vn 1 3E-05 2E-05
vn 1 4E-05 1E-05
vn 1 3E-05 1E-05
vn 3E-05 -0.91747 0.39781
vn -3E-05 0.88445 -0.46664
vn 3E-05 -0.91747 0.3978
vn 1 4E-05 1E-05
vn -1 -4E-05 -1E-05
vn -1 -5E-05 -2E-05
vn 3E-05 -0.74261 0.66972
vn -1 -3E-05 0
vn -1 -4E-05 -1E-05
vn -1 -4E-05 -1E-05
vn -1 -3E-05 -1E-05
vn -1 -4E-05 -1E-05
vn -1 -5E-05 -2E-05
vn 3E-05 -0.82223 0.56915
vn 1 5E-05 2E-05
vn 1 2E-05 0
vn 1 4E-05 1E-05
vn 1 5E-05 2E-05
vn 1 4E-05 1E-05
vn 1 4E-05 3E-05
vn 2E-05 -0.7426 0.66974
vn 2E-05 -0.56074 0.82799
vn 1E-05 -0.56073 0.828
vn 1 5E-05 2E-05
vn 1 2E-05 -1E-05
vn -1 -4E-05 0
vn -1 -4E-05 -1E-05
vn -1 -4E-05 -1E-05
vn -1 -4E-05 -2E-05
vn -1 -5E-05 -2E-05
vn -1 -2E-05 0
vn 1 4E-05 1E-05
vn -1E-05 0.53264 -0.84634
vn 1 4E-05 1E-05
vn 1 3E-05 -0
vn 1 4E-05 1E-05
vn 1 3E-05 1E-05
vn 1 4E-05 1E-05
vn 1 2E-05 1E-05
vn 1 5E-05 3E-05
vn 1 4E-05 1E-05
vn -1 -2E-05 0
vn -1 -0 2E-05
vn -1 -6E-05 -2E-05
vn -1 -5E-05 -2E-05
vn -1 -5E-05 -2E-05
vn 3E-05 -0.88128 0.47259
vn 0 -0.34629 0.93813
vn 3E-05 -0.8813 0.47255
vn 2E-05 -0.74261 0.66972
vn 4E-05 -0.96879 0.24787
vn 3E-05 -0.96878 0.24793
vn 3E-05 -0.7426 0.66974
vn 1 3E-05 1E-05
vn 1 4E-05 1E-05
vn -2E-05 0.12934 0.9916
vn -1E-05 0.12934 0.9916
vn -1E-05 -0.11173 0.99374
vn -1E-05 -0.11172 0.99374
vn 1E-05 -0.3463 0.93813
vn -4E-05 0.88954 0.45685
vn -3E-05 0.57536 0.8179
vn -2E-05 0.36288 0.93183
vn -4E-05 0.88954 0.45686
vn -3E-05 0.57534 0.81792
vn -3E-05 0.3629 0.93183
vn -3E-05 0.75435 0.65648
vn -4E-05 0.75437 0.65645
vn -4E-05 0.97303 0.23068
vn -4E-05 0.97303 0.23069
vn 1 4E-05 -1E-05
vn 1 4E-05 0
vn -0 -0.17895 0.98386
vn 1E-05 -0.36746 0.93004
vn 1 7E-05 -0
vn 1 4E-05 1E-05
vn 1 4E-05 -1E-05
vn 1 4E-05 4E-05
vn 1 4E-05 -0
vn 1 1E-05 1E-05
vn 1 4E-05 1E-05
vn 1 5E-05 1E-05
vn 1 4E-05 -1E-05
vn -0 -0.17896 0.98386
vn -1E-05 0.01642 0.99987
vn -1E-05 0.01642 0.99987
vn -1 -2E-05 -3E-05
vn 1 4E-05 1E-05
vn -1 -4E-05 -1E-05
vn -1 -4E-05 -1E-05
vn 1 4E-05 1E-05
vn 1 5E-05 -0
vn -1 -3E-05 -2E-05
vn -1E-05 -0.11172 0.99374
vn -1E-05 -0.11173 0.99374
vn -2E-05 0.12934 0.9916
vn -1E-05 0.12933 0.9916
vn -2E-05 0.3629 0.93183
vn -4E-05 0.75437 0.65645
vn -3E-05 0.57536 0.8179
vn -3E-05 0.75435 0.65648
vn -3E-05 0.57534 0.81792
vn 1 1E-05 3E-05
vn 1 5E-05 0
vn 1 2E-05 2E-05
vn 1 5E-05 -0
vn -1 -5E-05 -0
vn 1 6E-05 -1E-05
vn -1 -6E-05 1E-05
vn -1 -5E-05 -0
vn 4E-05 -0.97303 -0.23069
vn 4E-05 -0.99996 0.00888
vn 4E-05 -0.88954 -0.45685
vn 4E-05 -0.88954 -0.45686
vn 4E-05 -0.75436 -0.65647
vn 3E-05 -0.57534 -0.81792
vn 3E-05 -0.75437 -0.65645
vn 2E-05 -0.12933 -0.9916
vn 1E-05 -0.12934 -0.9916
vn 3E-05 -0.3629 -0.93183
vn 3E-05 -0.57536 -0.8179
vn -1 -4E-05 -1E-05
vn -1 -3E-05 -2E-05
vn -1 -5E-05 -1E-05
vn -1 -2E-05 -2E-05
vn -1 -4E-05 -1E-05
vn -1 -3E-05 -1E-05
vn -1 -4E-05 -1E-05
vn -1 -4E-05 -1E-05
vn -1 -3E-05 -0
vn -1 -4E-05 -1E-05
vn 1 4E-05 1E-05
vn 1 5E-05 1E-05
vn 1 5E-05 1E-05
vn 1 6E-05 1E-05
vn 1 2E-05 -0
vn -3E-05 0.8813 -0.47255
vn -4E-05 0.99996 -0.00888
vn -4E-05 0.96878 -0.24793
vn -4E-05 0.96878 -0.24792
vn -3E-05 0.7426 -0.66974
vn -2E-05 0.56073 -0.828
vn -0 0.3463 -0.93813
vn -2E-05 0.74261 -0.66972
vn -1E-05 0.56074 -0.82799
vn 1E-05 0.11172 -0.99374
vn 1E-05 0.11173 -0.99374
vn -1E-05 0.34629 -0.93813
vn 1 4E-05 1E-05
vn 1 3E-05 1E-05
vn 1 5E-05 2E-05
vn 1 4E-05 -0
vn 1 4E-05 4E-05
vn 1 2E-05 -1E-05
vn 1 4E-05 1E-05
vn 1E-05 -0.56074 0.82799
vn 1E-05 -0.34629 0.93813
vn 2E-05 -0.56075 0.82799
vn 1 5E-05 2E-05
vn 1 2E-05 -0
vn 1 4E-05 1E-05
vn 1 5E-05 2E-05
vn -2E-05 0.21117 0.97745
vn -1E-05 0.45685 -0.88954
vn 1 4E-05 1E-05
vn -2E-05 0.21117 0.97745
vn 1 4E-05 1E-05
vn 1 4E-05 1E-05
vn 1 4E-05 1E-05
vn 1 4E-05 1E-05
vn 1 4E-05 1E-05
vn -1E-05 0.45685 -0.88954
vn -1 -4E-05 -1E-05
vn -1 -2E-05 4E-05
vn -1 -4E-05 0
vn -1 -4E-05 -1E-05
vn -1 -4E-05 -1E-05
vn -1 -4E-05 -4E-05
vn -1 -4E-05 1E-05
vn -1 -4E-05 -2E-05
vn -1 -4E-05 1E-05
vn -1 -4E-05 -1E-05
vn -1 -4E-05 0
vn -1 -4E-05 -2E-05
vn -1 -4E-05 -1E-05
vn -1 -4E-05 -1E-05
vn -1 -4E-05 0
vn 1 5E-05 2E-05
vn 1 5E-05 2E-05
vn 1 5E-05 2E-05
vn 1 1E-05 1E-05
vn 1 4E-05 1E-05
vn 1 5E-05 2E-05
vn 0 -0.3463 0.93813
vn 0 -0.34629 0.93813
vn 1E-05 -0.56074 0.82799
vn 2E-05 -0.74259 0.66975
vn 3E-05 -0.74262 0.66971
vn 1E-05 -0.56073 0.828
vn -1E-05 -0.11173 0.99374
vn -2E-05 0.36286 0.93185
vn -2E-05 0.36287 0.93184
vn 1 2E-05 1E-05
vn 1 3E-05 1E-05
vn 1 5E-05 0
vn 1 5E-05 1E-05
vn 3E-05 -0.96878 0.24793
vn 3E-05 -0.8813 0.47255
vn 3E-05 -0.99996 0.00888
vn 3E-05 -0.88128 0.47259
vn 3E-05 -0.96878 0.24791
vn 4E-05 -0.88954 -0.45685
vn 3E-05 -0.57531 -0.81793
vn 3E-05 -0.57534 -0.81791
vn 3E-05 -0.75439 -0.65643
vn 4E-05 -0.75436 -0.65646
vn 4E-05 -0.88954 -0.45686
vn 4E-05 -0.97303 -0.23069
vn 4E-05 -0.97303 -0.23068
vn -3E-05 0.75437 0.65645
vn -4E-05 0.75439 0.65643
vn -4E-05 0.88954 0.45686
vn -4E-05 0.88954 0.45685
vn -4E-05 0.97303 0.2307
vn -4E-05 0.99996 -0.00888
vn -3E-05 0.99996 -0.00883
vn -2E-05 0.7426 -0.66974
vn -4E-05 0.96878 -0.24793
vn -1E-05 0.56075 -0.82798
vn -1E-05 0.56073 -0.828
vn -3E-05 0.88128 -0.47259
vn -3E-05 0.8813 -0.47255
vn -1 -4E-05 -1E-05
vn -1 -4E-05 -1E-05
vn -2E-05 0.12934 0.9916
vn -1E-05 -0.11172 0.99374
vn -1E-05 -0.11172 0.99374
vn -1 -3E-05 0
vn -1 -6E-05 -2E-05
vn -1 -4E-05 -1E-05
vn -1 -4E-05 -1E-05
vn -1 -4E-05 -1E-05
vn -1 -4E-05 -1E-05
vn -1 -3E-05 -1E-05
vn -1 -3E-05 -2E-05
vn -1 -2E-05 -2E-05
vn -1 -5E-05 -1E-05
vn 1 5E-05 1E-05
vn 1 7E-05 -0
vn 1 2E-05 2E-05
vn 1 6E-05 0
vn 1 5E-05 0
vn 2E-05 -0.36288 -0.93183
vn 2E-05 -0.3629 -0.93183
vn 2E-05 -0.12934 -0.9916
vn 2E-05 -0.12934 -0.9916
vn 1 4E-05 1E-05
vn -2E-05 0.12934 0.9916
vn 1 4E-05 1E-05
vn 1 3E-05 1E-05
vn 1 3E-05 1E-05
vn 1 4E-05 1E-05
vn 1 3E-05 1E-05
vn -2E-05 0.36288 0.93183
vn -3E-05 0.36289 0.93183
vn -1 -4E-05 -1E-05
vn -1 -3E-05 -1E-05
vn -1 -2E-05 -1E-05
vn -1 -5E-05 -1E-05
vn 1E-05 0.11172 -0.99374
vn -1 -9E-05 -1E-05
vn -1 -6E-05 -3E-05
vn -1 1E-05 4E-05
vn -1 -4E-05 -1E-05
vn -1 -6E-05 -3E-05
vn -1 -2E-05 1E-05
vn -1 -5E-05 -2E-05
vn -1 -6E-05 -4E-05
vn -1 -4E-05 -1E-05
vn -1 -3E-05 1E-05
vn -1 -5E-05 -3E-05
vn -1 -5E-05 -2E-05
vn -1 -5E-05 -2E-05
vn -1 -3E-05 -0
vn -1 -4E-05 -1E-05
vn -1 -4E-05 -2E-05
vn -3E-05 0.57535 0.81791
vn -3E-05 0.57535 0.81791
vn -1 -4E-05 1E-05
vn -1 -5E-05 0
vn 1 4E-05 -0
vn 1 4E-05 1E-05
vn 1 4E-05 0
vn 1 5E-05 -0
vn 1 2E-05 4E-05
vn 1 4E-05 1E-05
vn -2E-05 0.39781 0.91747
vn -3E-05 0.56915 0.82223
vn -3E-05 0.39781 0.91747
vn -3E-05 0.71862 0.6954
vn -3E-05 0.56915 0.82223
vn 1 4E-05 1E-05
vn 1 4E-05 1E-05
vn 1 3E-05 -0
vn 1 4E-05 1E-05
vn 1 5E-05 2E-05
vn 1 4E-05 1E-05
vn 1 4E-05 0
vn 1 4E-05 -0
vn 1 4E-05 1E-05
vn 1 4E-05 1E-05
vn 1 2E-05 2E-05
vn 1 4E-05 1E-05
vn 1 3E-05 2E-05
vn 1 3E-05 1E-05
vn 1 5E-05 1E-05
vn 3E-05 -0.74259 0.66975
vn 2E-05 -0.7426 0.66974
vn 4E-05 -0.96878 0.24791
vn 4E-05 -0.96878 0.24793
vn 4E-05 -0.99996 0.00888
vn 4E-05 -0.97303 -0.23068
vn -3E-05 0.36287 0.93184
vn -2E-05 0.36286 0.93185
vn -4E-05 0.97303 0.2307
vn -4E-05 0.96878 -0.24793
vn -3E-05 0.9688 -0.24786
vn 1 5E-05 -2E-05
vn -4E-05 0.84048 0.54184
vn 1 4E-05 1E-05
vn -4E-05 0.84048 0.54184
vn -4E-05 0.93004 0.36746
vn 1 4E-05 3E-05
vn -4E-05 0.93004 0.36746
vn 1 4E-05 1E-05
vn 1 4E-05 0
vn 1 4E-05 -0
vn 1 3E-05 2E-05
vn -4E-05 0.99071 -0.13599
vn -4E-05 0.99927 0.03811
vn 4E-05 -0.97745 0.21117
vn 4E-05 -0.99987 0.01642
vn 3E-05 -0.97745 0.21118
vn 1 3E-05 1E-05
vn 1 4E-05 1E-05
vn 1 4E-05 1E-05
vn 1 3E-05 1E-05
vn 1 4E-05 -0
vn 1 3E-05 -1E-05
vn -1 -4E-05 -1E-05
vn 1 4E-05 1E-05
vn -1 -4E-05 0
vn 1 4E-05 1E-05
vn -1 -4E-05 -1E-05
vn 1 4E-05 2E-05
vn 1 4E-05 2E-05
vn -1 -4E-05 -1E-05
vn 1 5E-05 -0
vn 1 4E-05 1E-05
vn -1 -3E-05 -3E-05
vn -1 -4E-05 -1E-05
vn -1 -5E-05 2E-05
vn -1 -4E-05 -2E-05
vn -4E-05 0.97748 0.21105
vn 1 4E-05 1E-05
vn 1 4E-05 1E-05
vn 1 4E-05 1E-05
vn 4E-05 -0.98386 -0.17895
vn 4E-05 -0.93004 -0.36746
vn 1 4E-05 1E-05
vn 1 3E-05 -0
vn 1 4E-05 1E-05
vn -1 -4E-05 -1E-05
vn -1 -4E-05 -2E-05
vn 1 4E-05 1E-05
vn -1 -5E-05 -3E-05
vn -1 -4E-05 -2E-05
vn -1 -4E-05 1E-05
vn -1 -4E-05 -1E-05
vn 1 4E-05 1E-05
vn 1 4E-05 -1E-05
vn 1 4E-05 5E-05
vn 1 3E-05 -0
vn 4E-05 -0.96878 0.24793
vn 4E-05 -0.96878 0.24792
vn 4E-05 -0.99996 0.00888
vn 4E-05 -0.97303 -0.23069
vn 3E-05 -0.75437 -0.65645
vn 4E-05 -0.75435 -0.65648
vn 3E-05 -0.57536 -0.8179
vn 3E-05 -0.57534 -0.81792
vn 2E-05 -0.12934 -0.9916
vn 1E-05 0.11172 -0.99374
vn -3E-05 0.96879 -0.24789
vn -4E-05 0.96878 -0.24793
vn -4E-05 0.88954 0.45685
vn 1 3E-05 -0
vn 1 3E-05 -1E-05
vn 1 3E-05 -0
vn 1 4E-05 2E-05
vn 1 4E-05 1E-05
vn 1 4E-05 1E-05
vn 1 5E-05 5E-05
vn 1 4E-05 1E-05
vn -1 -5E-05 -1E-05
vn -1 -2E-05 -1E-05
vn -1 -6E-05 -1E-05
vn -1 -1E-05 -1E-05
vn -1 -5E-05 -1E-05
vn 1 4E-05 1E-05
vn 1 5E-05 1E-05
vn 1 8E-05 2E-05
vn 1 3E-05 1E-05
vn 1 1E-05 1E-05
vn 1 3E-05 0
vn 1 4E-05 1E-05
vn 1 4E-05 1E-05
vn 1 3E-05 1E-05
vn 1 5E-05 1E-05
vn -1 -4E-05 -0
vn -1 -4E-05 -2E-05
vn -1 -3E-05 0
vn -1 -4E-05 -2E-05
vn -1 -4E-05 -2E-05
vn -1 -4E-05 -1E-05
vn -1 -5E-05 -2E-05
vn 2E-05 -0.74259 0.66974
vn 3E-05 -0.8813 0.47256
vn 3E-05 -0.8813 0.47257
vn 2E-05 -0.7426 0.66973
vn -1 -3E-05 -0
vn -1 -4E-05 -1E-05
vn 4E-05 -0.99996 0.00887
vn -1 -4E-05 -1E-05
vn -1 -3E-05 0
vn -1 -4E-05 -1E-05
vn 4E-05 -0.99996 0.00887
vn 4E-05 -0.96878 0.24792
vn 4E-05 -0.96878 0.24793
vn -1E-05 -0.11172 0.99374
vn 2E-05 -0.7426 0.66974
vn 4E-05 -0.96879 0.24788
vn -3E-05 0.36288 0.93184
vn -2E-05 0.12934 0.9916
vn -3E-05 0.57533 0.81792
vn -3E-05 0.75436 0.65646
vn -4E-05 0.75439 0.65642
vn -4E-05 0.97303 0.2307
vn 3E-05 -0.75439 -0.65643
vn 3E-05 -0.99996 0.0089
vn 4E-05 -0.99996 0.00888
vn 4E-05 -0.75437 -0.65645
vn 4E-05 -0.97303 -0.23069
vn -3E-05 0.8813 -0.47255
vn -2E-05 0.74259 -0.66975
vn -3E-05 0.88131 -0.47253
vn -3E-05 0.96878 -0.24793
vn -4E-05 0.99996 -0.00888
vn 1 4E-05 2E-05
vn 1 4E-05 1E-05
vn 1 2E-05 3E-05
vn 1 5E-05 -0
vn 1 4E-05 2E-05
vn 1 4E-05 2E-05
vn 1 4E-05 1E-05
vn 1 5E-05 -0
vn -1 -3E-05 -2E-05
vn -1 -4E-05 -1E-05
vn -1 -4E-05 -1E-05
vn -1 -4E-05 -1E-05
vn -1 -5E-05 0
vn -1 -3E-05 -2E-05
vn -1 -4E-05 0
vn -1 -3E-05 -1E-05
vn -1 -4E-05 -1E-05
vn -1 -4E-05 -1E-05
vn 4E-05 -0.88954 -0.45685
vn 4E-05 -0.88955 -0.45684
vn 4E-05 -0.97303 -0.2307
vn 1 4E-05 1E-05
vn 4E-05 -0.75436 -0.65646
vn 3E-05 -0.75437 -0.65645
vn 3E-05 -0.57535 -0.81791
vn -4E-05 0.84635 0.53263
vn -4E-05 0.92597 0.37758
vn -4E-05 0.92597 0.37759
vn -4E-05 0.84634 0.53264
vn 1 4E-05 1E-05
vn -1 -3E-05 -4E-05
vn -1 -5E-05 0
vn -1 -4E-05 -1E-05
vn -1 -4E-05 -1E-05
vn -1 -4E-05 -1E-05
vn 1 4E-05 1E-05
vn 1 4E-05 1E-05
vn 4E-05 -0.84048 -0.54184
vn 1 4E-05 2E-05
vn 1 5E-05 1E-05
vn 1 5E-05 1E-05
vn 1 5E-05 0
vn 1 2E-05 2E-05
vn 4E-05 -0.84048 -0.54184
vn -4E-05 0.74099 0.67151
vn -3E-05 0.61313 0.78998
vn 4E-05 -0.71862 -0.6954
vn 4E-05 -0.71863 -0.6954
vn -3E-05 0.74099 0.67152
vn -3E-05 0.61313 0.78998
vn 1 4E-05 1E-05
vn 2E-05 -0.3629 -0.93183
vn 1E-05 0.11173 -0.99374
vn -0 0.34629 -0.93813
vn 3E-05 -0.36288 -0.93183
vn -0 0.3463 -0.93813
vn 3E-05 -0.57533 -0.81792
vn -1 -4E-05 -1E-05
vn -1 -3E-05 -1E-05
vn -1 -6E-05 -0
vn -1 -7E-05 1E-05
vn -1 -2E-05 -3E-05
vn -1 -4E-05 -1E-05
vn -1 -5E-05 -3E-05
vn 1 2E-05 -1E-05
vn 1 5E-05 2E-05
vn -1E-05 0.56073 -0.828
vn -1E-05 0.56074 -0.82799
vn 1 4E-05 1E-05
vn 1 3E-05 1E-05
vn 1 2E-05 1E-05
vn 1 3E-05 0
vn 1 4E-05 1E-05
vn -1 -3E-05 -0
vn -1 -7E-05 -5E-05
vn 4E-05 -0.99996 0.00888
vn 2E-05 -0.74259 0.66975
vn 3E-05 -0.7426 0.66974
vn -3E-05 0.46664 0.88445
vn 1 4E-05 1E-05
vn -1 -4E-05 0
vn 1 4E-05 -0
vn 1 4E-05 1E-05
vn 1 3E-05 2E-05
vn 1 3E-05 2E-05
vn -1 -4E-05 -1E-05
vn 1 4E-05 1E-05
vn -1 -4E-05 -1E-05
vn 2E-05 -0.3629 -0.93183
vn -1 -4E-05 -1E-05
vn -1 -7E-05 0
vn -1 -2E-05 -2E-05
vn -1 -5E-05 -0
vn -1 -4E-05 -1E-05
vn -1 -3E-05 -2E-05
vn 1 5E-05 1E-05
vn 1 4E-05 1E-05
vn 1 4E-05 1E-05
vn 1 2E-05 2E-05
vn 1 4E-05 1E-05
vn 3E-05 -0.56915 -0.82223
vn 1 3E-05 1E-05
vn 1 4E-05 1E-05
vn 1 4E-05 1E-05
vn 1 4E-05 1E-05
vn 3E-05 -0.56915 -0.82223
vn 1 3E-05 1E-05
vn 2E-05 -0.3978 -0.91747
vn -2E-05 0.30596 0.95204
vn 1 6E-05 1E-05
vn 2E-05 -0.21117 -0.97745
vn 1 -1E-05 3E-05
vn 1 4E-05 1E-05
vn 1 5E-05 1E-05
vn 1 4E-05 1E-05
vn 1 4E-05 1E-05
vn 1 4E-05 1E-05
vn 3E-05 -0.36288 -0.93184
vn 2E-05 -0.36288 -0.93183
vn 2E-05 -0.12934 -0.9916
vn 1E-05 0.11172 -0.99374
vn 2E-05 -0.12934 -0.9916
vn 1E-05 0.11172 -0.99374
vn 1 1E-05 1E-05
vn -0 0.34631 -0.93812
vn -1E-05 0.3463 -0.93812
vn 1 5E-05 1E-05
vn -2E-05 0.7426 -0.66973
vn -2E-05 0.56073 -0.828
vn -1E-05 0.56074 -0.82799
vn -4E-05 0.75437 0.65645
vn -3E-05 0.75436 0.65646
vn -1 -4E-05 -1E-05
vn -4E-05 0.88955 0.45684
vn -1 -4E-05 0
vn -1 -3E-05 -4E-05
vn -4E-05 0.88954 0.45685
vn -3E-05 0.99996 -0.00887
vn -4E-05 0.97303 0.23069
vn -1 -4E-05 -1E-05
vn -1 -5E-05 -0
vn -1 -6E-05 1E-05
vn 4E-05 -0.75436 -0.65646
vn -1 -3E-05 -3E-05
vn -1 -5E-05 -1E-05
vn -1 -3E-05 -1E-05
vn -1 -4E-05 -1E-05
vn -1 -4E-05 -1E-05
vn -1 -3E-05 -0
vn -1 -3E-05 -1E-05
vn -3E-05 0.88129 -0.47257
vn -4E-05 0.96878 -0.24793
vn -3E-05 0.8813 -0.47256
vn -3E-05 0.96878 -0.24791
vn -1 -4E-05 0
vn -1 -4E-05 -1E-05
vn -1 -4E-05 -1E-05
vn -1 -4E-05 -1E-05
vn -1 -4E-05 -1E-05
vn -2E-05 0.7426 -0.66974
vn -1 -3E-05 -2E-05
vn -1 -5E-05 -1E-05
vn -1 -4E-05 -1E-05
vn -1 -4E-05 -2E-05
vn -1 -4E-05 -1E-05
vn 1 4E-05 1E-05
vn 1 5E-05 -0
vn 1 3E-05 2E-05
vn 1 3E-05 2E-05
vn 1 4E-05 1E-05
vn 1 2E-05 3E-05
vn 3E-05 -0.36286 -0.93185
vn 1 4E-05 1E-05
vn 1 4E-05 1E-05
vn 1 2E-05 1E-05
vn 1 4E-05 1E-05
vn 1 5E-05 1E-05
vn 1 5E-05 3E-05
vn -1E-05 0.3463 -0.93813
vn 2E-05 -0.36287 -0.93184
vn -2E-05 0.74259 -0.66975
vn 1 1E-05 1E-05
vn 1 5E-05 1E-05
vn -1 -1E-05 -1E-05
vn -1 -5E-05 -1E-05
vn -1 -1E-05 -1E-05
vn -1 -7E-05 -1E-05
vn -1 -9E-05 -1E-05
vn -1 -5E-05 -1E-05
vn 1 3E-05 1E-05
vn 1 4E-05 2E-05
vn 1 4E-05 1E-05
vn 1 4E-05 2E-05
vn -4E-05 0.98386 0.17896
vn -4E-05 0.98386 0.17896
vn 1 4E-05 -1E-05
vn 1 4E-05 1E-05
vn 1 4E-05 1E-05
vn -4E-05 0.99987 -0.01642
vn 1 5E-05 4E-05
vn 1 5E-05 2E-05
vn 1 4E-05 -1E-05
vn 1 4E-05 0
vn 1 5E-05 2E-05
vn 1 4E-05 1E-05
vn 3E-05 -0.99996 0.00888
vn 4E-05 -0.99996 0.00883
vn 1 4E-05 2E-05
vn 1 6E-05 -1E-05
vn 1 4E-05 1E-05
vn 2E-05 -0.56076 0.82798
vn -1E-05 -0.11172 0.99374
vn 2E-05 -0.7426 0.66974
vn 2E-05 -0.74261 0.66972
vn -4E-05 0.88954 0.45685
vn -2E-05 0.36288 0.93183
vn -3E-05 0.96878 -0.24793
vn -3E-05 0.99996 -0.00888
vn -4E-05 0.97303 0.23069
vn 4E-05 -0.88954 -0.45686
vn -2E-05 0.7426 -0.66974
vn -3E-05 0.74259 -0.66975
vn -1E-05 0.56075 -0.82798
vn -1E-05 0.56078 -0.82797
vn -3E-05 0.88128 -0.47259
vn 1 7E-05 4E-05
vn 1 3E-05 0
vn 1 3E-05 0
vn 1 4E-05 1E-05
vn 1 4E-05 1E-05
vn 1 4E-05 2E-05
vn 1 4E-05 -0
vn 1 4E-05 2E-05
vn -4E-05 0.97745 -0.21117
vn -4E-05 0.97745 -0.21117
vn -3E-05 0.91747 -0.39781
vn 1 4E-05 -1E-05
vn 1 4E-05 1E-05
vn -3E-05 0.91747 -0.3978
vn 1 4E-05 1E-05
vn -1 -4E-05 -1E-05
vn -1 -4E-05 -1E-05
vn -1 -3E-05 -1E-05
vn -1 -2E-05 -2E-05
vn -1 -4E-05 -1E-05
vn -1 -6E-05 -1E-05
vn 0 -0.3463 0.93813
vn -4E-05 0.97303 0.2307
vn -3E-05 0.8813 -0.47255
vn -3E-05 0.88131 -0.47253
vn -1 -6E-05 -1E-05
vn -1 -3E-05 -1E-05
vn -1 -4E-05 0
vn -1 -4E-05 0
vn -1 -4E-05 -5E-05
vn -1 -4E-05 3E-05
vn -1 -4E-05 0
vn -1 -4E-05 -4E-05
vn -1 -4E-05 -1E-05
vn 1 2E-05 2E-05
vn 1 5E-05 1E-05
vn 1 4E-05 1E-05
vn 1 6E-05 -1E-05
vn 1 3E-05 2E-05
vn 1 4E-05 1E-05
vn 1 6E-05 2E-05
vn 1 3E-05 1E-05
vn 1 4E-05 1E-05
vn 1 3E-05 1E-05
vn 1 4E-05 1E-05
vn 1 5E-05 1E-05
vn 1 3E-05 -0
vn 1 3E-05 1E-05
vn 1 4E-05 2E-05
vn 1 4E-05 2E-05
vn 1 4E-05 1E-05
vn 1 4E-05 -0
vn 1 4E-05 -0
vn 1 4E-05 1E-05
vn -1 -2E-05 -1E-05
vn -1 -5E-05 -1E-05
vn 1 8E-05 2E-05
vn 2E-05 -0.12933 -0.9916
vn -1 -4E-05 -1E-05
vn -1 -5E-05 -1E-05
vn -1 -4E-05 -1E-05
vn -1 -4E-05 -1E-05
vn -2E-05 0.13599 0.99071
vn -1 -3E-05 -1E-05
vn -1 -4E-05 -1E-05
vn 1 3E-05 0
vn 1 3E-05 1E-05
vn 1 4E-05 1E-05
vn 1 4E-05 1E-05
vn 1E-05 -0.01642 -0.99987
vn -1E-05 -0.03811 0.99927
vn 1 4E-05 1E-05
vn -1E-05 -0.03811 0.99927
vn 1 4E-05 1E-05
vn 1 7E-05 -0
vn -1 -5E-05 -2E-05
vn -1 -3E-05 -1E-05
vn -1 -4E-05 -1E-05
vn -1 -5E-05 -2E-05
vn -1 -2E-05 0
vn -1 -4E-05 -1E-05
vn 0 -0.3463 0.93813
vn 4E-05 -0.97304 -0.23064
vn -2E-05 0.12934 0.9916
vn -4E-05 0.75435 0.65648
vn -1 -5E-05 0
vn -1 -8E-05 3E-05
vn -4E-05 0.88956 0.45682
vn -1 -1E-05 -3E-05
vn -1 -3E-05 -2E-05
vn -1 -2E-05 -3E-05
vn 4E-05 -0.88953 -0.45688
vn 2E-05 -0.12934 -0.9916
vn 1 1E-05 1E-05
vn -1 -4E-05 -1E-05
vn -1 -2E-05 -2E-05
vn -1E-05 0.56076 -0.82798
vn -2E-05 0.7426 -0.66974
vn -2E-05 0.74261 -0.66972
vn -1 -4E-05 -1E-05
vn -1 -5E-05 -1E-05
vn -1 -5E-05 -1E-05
vn -1 -2E-05 -1E-05
vn -1 -6E-05 -2E-05
vn -1 -5E-05 -1E-05
vn -1 -5E-05 -1E-05
vn -1 -0 0
vn -1 -1E-05 -0
vn 1 5E-05 1E-05
vn 0 0.17896 -0.98386
vn 1 4E-05 1E-05
vn 1 3E-05 2E-05
vn 1 4E-05 2E-05
vn 1E-05 -0.01642 -0.99987
vn -0 -0.21105 0.97747
vn 1 5E-05 1E-05
vn 1E-05 -0.37758 0.92598
vn 1 5E-05 1E-05
vn -0 -0.21105 0.97747
vn 0 0.17896 -0.98386
vn 1 4E-05 1E-05
vn -0 0.36746 -0.93004
vn 1 3E-05 2E-05
vn 1 3E-05 2E-05
vn 1 5E-05 1E-05
vn 1 3E-05 2E-05
vn 1 5E-05 0
vn 1 5E-05 0
vn 1 2E-05 2E-05
vn -4E-05 0.97303 0.23068
vn 1 3E-05 -0
vn -1 -6E-05 0
vn -1 -1E-05 -4E-05
vn 1 4E-05 1E-05
vn -1 -4E-05 -1E-05
vn -1 -3E-05 -1E-05
vn -1 -4E-05 -1E-05
vn -1 -7E-05 -0
vn -3E-05 0.82223 -0.56915
vn 1 4E-05 1E-05
vn 1 4E-05 1E-05
vn 1 3E-05 1E-05
vn 1 4E-05 1E-05
vn 1 2E-05 -0
vn 1 3E-05 0
vn 0 -0.37758 0.92598
vn 1 4E-05 1E-05
vn 1 3E-05 0
vn 1 4E-05 1E-05
vn -2E-05 0.6954 -0.71863
vn 1 3E-05 2E-05
vn -1E-05 0.54184 -0.84048
vn -1E-05 0.54184 -0.84048
vn 1 3E-05 2E-05
vn -1 -4E-05 -1E-05
vn -1 -4E-05 -1E-05
vn -1E-05 0.45685 -0.88954
vn -1 -4E-05 -1E-05
vn -1 -4E-05 -1E-05
vn 1 5E-05 -0
vn 1 3E-05 2E-05
vn 1 2E-05 3E-05
vn -1E-05 0.45685 -0.88954
vn 1 3E-05 2E-05
vn 1 4E-05 1E-05
vn -1 -4E-05 -1E-05
vn -1 -4E-05 -1E-05
vn -1E-05 0.45685 -0.88954
vn -2E-05 0.63731 -0.77061
vn -2E-05 0.63731 -0.77061
vn -1E-05 0.45685 -0.88954
vn -1E-05 0.45685 -0.88954
vn -2E-05 0.63731 -0.77061
vn -2E-05 0.63731 -0.77061
vn -0.98146 0.14769 0.12217
vn 0.97786 -0.20168 -0.05579
vn 0.98146 -0.14769 -0.12217
vn 0.94804 -0.30753 0.08154
vn 0.98146 -0.1477 -0.12216
vn 0.97713 -0.20676 -0.04962
vn 0.88162 -0.4126 0.22916
vn 0.94132 -0.32215 0.10068
vn 2E-05 -0.63731 0.77061
vn 0.86598 -0.4304 0.25463
vn 0.63018 -0.58323 0.51256
vn 0.77356 -0.50847 0.37823
vn 0.60204 -0.59411 0.53345
vn 0.75114 -0.52342 0.40228
vn 0.46062 -0.63188 0.62334
vn 0.27695 -0.65289 0.705
vn 0.25163 -0.65396 0.71345
vn 0.0916 -0.64821 0.75593
vn 0.42859 -0.63802 0.63972
vn 0.08315 -0.64753 0.75749
vn 0.98146 -0.14769 -0.12217
vn 0.98146 -0.14769 -0.12217
vn 0.98146 -0.14769 -0.12216
vn 4E-05 -0.88954 -0.45685
vn -0.98146 0.1477 0.12218
vn -0.98146 0.14769 0.12216
vn 5E-05 -0.88954 -0.45685
vn 3E-05 -0.88955 -0.45685
vn 4E-05 -0.88954 -0.45685
vn -7E-05 -0.88955 -0.45684
vn 0.00011 -0.88954 -0.45685
vn 0 -0.88955 -0.45685
vn 6E-05 -0.88954 -0.45685
vn 3E-05 -0.88955 -0.45685
vn 4E-05 -0.88954 -0.45685
vn -1 -4E-05 -1E-05
vn -1 -4E-05 -1E-05
vn -3E-05 0.78998 -0.61313
vn 2E-05 -0.6954 0.71862
vn 3E-05 -0.82223 0.56915
vn 3E-05 -0.82223 0.56915
vn -1 -4E-05 -1E-05
vn -2E-05 0.78998 -0.61313
vn -1 -4E-05 -1E-05
vn -2E-05 0.67151 -0.74099
vn -1 -4E-05 -1E-05
vn -1 -4E-05 -1E-05
vn -1 -4E-05 -1E-05
vn 3E-05 -0.91747 0.39781
vn 4E-05 -0.91747 0.3978
vn -3E-05 0.95204 -0.30596
vn -3E-05 0.88445 -0.46663
vn -4E-05 0.95204 -0.30596
vn 4E-05 -0.97745 0.21117
vn -4E-05 0.99071 -0.13599
vn -1 -3E-05 -1E-05
vn -1 -4E-05 -1E-05
vn 1 3E-05 1E-05
vn 1 3E-05 1E-05
vn 1 4E-05 2E-05
vn 1 5E-05 1E-05
vn 1 2E-05 -0
vn 1 0.0001 6E-05
vn -1 -4E-05 -1E-05
vn 1 3E-05 0
vn 1 4E-05 -0
vn 1 4E-05 1E-05
vn 1 4E-05 1E-05
vn 1 4E-05 4E-05
vn 1 4E-05 2E-05
vn -1 -4E-05 -2E-05
vn -1 -5E-05 -4E-05
vn -1 -4E-05 -1E-05
vn -1 -5E-05 1E-05
vn -1 -4E-05 -1E-05
vn -1 -3E-05 1E-05
vn 4E-05 -0.99996 0.00888
vn 3E-05 -0.96878 0.24792
vn 3E-05 -0.96877 0.24795
vn 4E-05 -0.88954 -0.45685
vn 4E-05 -0.99996 0.00883
vn -1 -4E-05 -1E-05
vn -1 -8E-05 -2E-05
vn -1 -5E-05 -2E-05
vn -1 -5E-05 -2E-05
vn -1 -3E-05 -0
vn -1 -4E-05 -1E-05
vn -1 -2E-05 -0
vn 2E-05 -0.88128 0.4726
vn 1E-05 -0.56076 0.82798
vn 3E-05 -0.88131 0.47253
vn -1E-05 -0.11172 0.99374
vn -2E-05 0.12933 0.9916
vn -1E-05 -0.11172 0.99374
vn -2E-05 0.3629 0.93183
vn -4E-05 0.75435 0.65648
vn -2E-05 0.12933 0.9916
vn -3E-05 0.57534 0.81792
vn -4E-05 0.97304 0.23064
vn -4E-05 0.97303 0.23069
vn 3E-05 -0.75435 -0.65648
vn 4E-05 -0.88957 -0.45681
vn -3E-05 0.88129 -0.47257
vn -4E-05 0.99996 -0.00883
vn -3E-05 0.8813 -0.47256
vn -4E-05 0.96877 -0.24795
vn -4E-05 0.96878 -0.24792
vn -1 -4E-05 -1E-05
vn -1 -4E-05 -0
vn -1 -4E-05 -0
vn -1 -4E-05 -1E-05
vn -1 -4E-05 -1E-05
vn 1E-05 -0.54184 0.84048
vn 0 -0.36746 0.93004
vn 1E-05 -0.54184 0.84048
vn 0 -0.36746 0.93004
vn -1 -4E-05 -1E-05
vn -1 -3E-05 0
vn -1 -6E-05 -4E-05
vn -1 -4E-05 -0
vn -1 -7E-05 -3E-05
vn -1 -5E-05 -2E-05
vn -1 -3E-05 -1E-05
vn -1 -4E-05 -1E-05
vn -1 -2E-05 -0
vn -1 -4E-05 2E-05
vn -0 -0.17896 0.98386
vn -0 -0.17895 0.98386
vn -1 -3E-05 -2E-05
vn -1 -3E-05 -1E-05
vn -1 -5E-05 0
vn -1 -5E-05 0
vn -1 -3E-05 -1E-05
vn -1 -2E-05 -2E-05
vn -1 -4E-05 -1E-05
vn -1 -5E-05 -4E-05
vn -1 -5E-05 -4E-05
vn -1 -4E-05 -1E-05
vn -1 -4E-05 3E-05
vn 1 3E-05 1E-05
vn 1 6E-05 2E-05
vn 1 3E-05 1E-05
vn 1 1E-05 -2E-05
vn 1 4E-05 2E-05
vn 1 5E-05 2E-05
vn 1 4E-05 1E-05
vn 1 0 -2E-05
vn 1 3E-05 -0
vn 1 5E-05 2E-05
vn 1 3E-05 -0
vn 1 4E-05 1E-05
vn 0 -0.3463 0.93813
vn 1E-05 -0.56072 0.828
vn -1E-05 -0.11172 0.99374
vn -1E-05 -0.11173 0.99374
vn -3E-05 0.36288 0.93183
vn -1 -1E-05 -1E-05
vn -1 -3E-05 -1E-05
vn -1 -5E-05 -1E-05
vn 1 7E-05 9E-05
vn 1 4E-05 -0
vn 1 2E-05 -4E-05
vn 1 4E-05 1E-05
vn 2E-05 -0.74262 0.66971
vn 3E-05 -0.99996 0.00888
vn 2E-05 -0.7426 0.66974
vn -4E-05 0.97303 0.23069
vn 3E-05 -0.88954 -0.45685
vn 3E-05 -0.97303 -0.23069
vn 3E-05 -0.75437 -0.65645
vn 3E-05 -0.57536 -0.8179
vn 2E-05 -0.3629 -0.93183
vn 2E-05 -0.12934 -0.9916
vn 4E-05 -0.75435 -0.65648
vn 3E-05 -0.57534 -0.81792
vn 2E-05 -0.36288 -0.93183
vn 2E-05 -0.12933 -0.9916
vn -0 0.3463 -0.93813
vn 1E-05 0.11173 -0.99374
vn 1E-05 0.11172 -0.99374
vn -3E-05 0.8813 -0.47256
vn -4E-05 0.96879 -0.24787
vn -3E-05 0.88128 -0.4726
vn -2E-05 0.74262 -0.66971
vn -1E-05 0.56072 -0.828
vn -3E-05 0.96878 -0.24792
vn 1 5E-05 0
vn 1 6E-05 -1E-05
vn 1 4E-05 1E-05
vn 1 -0 5E-05
vn 1 4E-05 1E-05
vn 1 4E-05 1E-05
vn 1 5E-05 1E-05
vn 1 3E-05 1E-05
vn 1 3E-05 -1E-05
vn 1 4E-05 2E-05
vn 1 4E-05 1E-05
vn 1 4E-05 2E-05
vn -1 -1E-05 -0
vn -1 -4E-05 -1E-05
vn -1 -4E-05 -1E-05
vn -1 -5E-05 -1E-05
vn -1 -8E-05 -2E-05
vn -1 -2E-05 -0
vn -1 -3E-05 -1E-05
vn 1 2E-05 0
vn 1 6E-05 2E-05
vn 1 4E-05 1E-05
vn 0 -0.34629 0.93813
vn 1 4E-05 1E-05
vn 1 8E-05 4E-05
vn 1 2E-05 -1E-05
vn 1 1E-05 -2E-05
vn 3E-05 -0.8813 0.47256
vn 3E-05 -0.8813 0.47257
vn 3E-05 -0.74259 0.66974
vn -1 -5E-05 -2E-05
vn -1 -3E-05 -0
vn -1 -4E-05 -1E-05
vn -1 -7E-05 0
vn -1 -4E-05 -1E-05
vn -1E-05 0.01642 0.99987
vn -1 -4E-05 -1E-05
vn -1 -4E-05 -1E-05
vn -1 -4E-05 0
vn -1 -3E-05 -6E-05
vn -1 -4E-05 1E-05
vn -1 -4E-05 -2E-05
vn -1 -4E-05 0
vn 1 4E-05 2E-05
vn 1 4E-05 2E-05
vn 1 4E-05 2E-05
vn 1 4E-05 -1E-05
vn 1 4E-05 1E-05
vn 1 4E-05 4E-05
vn 1 4E-05 -1E-05
vn 1 4E-05 -5E-05
vn 1 4E-05 -3E-05
vn -1 1E-05 -3E-05
vn -1 -4E-05 -1E-05
vn -1 -6E-05 -1E-05
vn -1 -5E-05 -2E-05
vn -1 -5E-05 -1E-05
vn -1E-05 0.01642 0.99987
vn -1 -8E-05 -2E-05
vn -1 -1E-05 -1E-05
vn -2E-05 0.21117 0.97745
vn 1E-05 -0.56075 0.82799
vn 2E-05 -0.7426 0.66973
vn 2E-05 -0.74259 0.66975
vn 0 -0.34628 0.93813
vn -1E-05 -0.11172 0.99374
vn -1E-05 -0.11173 0.99374
vn 1E-05 -0.56074 0.82799
vn -3E-05 0.75436 0.65646
vn -2E-05 0.12933 0.9916
vn -4E-05 0.88957 0.45681
vn 4E-05 -0.88954 -0.45685
vn 4E-05 -0.88953 -0.45688
vn 4E-05 -0.97304 -0.23064
vn 4E-05 -0.99996 0.00883
vn 4E-05 -0.97303 -0.23066
vn -3E-05 0.96878 -0.24791
vn -2E-05 0.74259 -0.66975
vn -1 -4E-05 -1E-05
vn -1 -5E-05 -2E-05
vn -1 -4E-05 -2E-05
vn -1 -5E-05 -2E-05
vn -1 -3E-05 -1E-05
vn -1 -5E-05 -2E-05
vn 1 4E-05 1E-05
vn -2E-05 0.12934 0.9916
vn -1E-05 -0.11172 0.99374
vn -2E-05 0.12934 0.9916
vn -1E-05 -0.11172 0.99374
vn -1 -5E-05 -1E-05
vn -1 -6E-05 -1E-05
vn -1 -8E-05 1E-05
vn -2E-05 0.36289 0.93183
vn -1 -3E-05 -2E-05
vn -1 -3E-05 -2E-05
vn -1 -5E-05 -2E-05
vn -1 1E-05 -2E-05
vn -1 -4E-05 -1E-05
vn -1 -1E-05 -1E-05
vn 1 3E-05 1E-05
vn 1 1E-05 1E-05
vn 1 4E-05 1E-05
vn 1 3E-05 2E-05
vn 1 3E-05 2E-05
vn 1 5E-05 0
vn 1 0.00012 1E-05
vn 1 3E-05 1E-05
vn 3E-05 -0.57534 -0.81791
vn 3E-05 -0.57531 -0.81793
vn 1 5E-05 1E-05
vn 1 3E-05 1E-05
vn 1 2E-05 1E-05
vn 2E-05 -0.12934 -0.9916
vn -1E-05 0.56075 -0.82799
vn -1E-05 0.56074 -0.82799
vn 2E-05 -0.12933 -0.9916
vn 1 -1E-05 -4E-05
vn 1 6E-05 4E-05
vn 1 1E-05 -2E-05
vn 1 -2E-05 -6E-05
vn 1 5E-05 2E-05
vn 1 4E-05 1E-05
vn 1 3E-05 -1E-05
vn 1 3E-05 0
vn 1 6E-05 4E-05
vn 1 6E-05 3E-05
vn 1 4E-05 2E-05
vn 1 4E-05 1E-05
vn 1 3E-05 0
vn -3E-05 0.57535 0.81791
vn -3E-05 0.36289 0.93183
vn -3E-05 0.75436 0.65646
vn -4E-05 0.75437 0.65645
vn -4E-05 0.88954 0.45685
vn -4E-05 0.88954 0.45686
vn -3E-05 0.57534 0.81791
vn 1 3E-05 2E-05
vn 1 4E-05 -1E-05
vn 1 6E-05 -1E-05
vn 1 3E-05 3E-05
vn 1 5E-05 0
vn 1 4E-05 1E-05
vn 1 5E-05 -0
vn 1 4E-05 2E-05
vn -1 -3E-05 -1E-05
vn -1 -3E-05 -1E-05
vn -1 -3E-05 -2E-05
vn -1 -4E-05 -1E-05
vn -1 -4E-05 -1E-05
vn -3E-05 0.56915 0.82223
vn -3E-05 0.39781 0.91747
vn -3E-05 0.56915 0.82224
vn -2E-05 0.39781 0.91747
vn -1 -4E-05 -1E-05
vn -1 -4E-05 -1E-05
vn -1 -4E-05 0
vn -1 -2E-05 1E-05
vn -1 -7E-05 -4E-05
vn -1 -5E-05 -2E-05
vn -1 -1E-05 3E-05
vn -1 -2E-05 -2E-05
vn -1 -3E-05 -2E-05
vn -1 -4E-05 -1E-05
vn -1 -3E-05 -1E-05
vn -1 -5E-05 -0
vn -1 -7E-05 -1E-05
vn -1 -4E-05 -1E-05
vn -1 -3E-05 -2E-05
vn -1 -2E-05 -3E-05
vn -1 -4E-05 -0
vn -1 -2E-05 -4E-05
vn -1 -3E-05 -1E-05
vn -1 -4E-05 2E-05
vn -1 -4E-05 -4E-05
vn -1 -4E-05 -1E-05
vn 2E-05 -0.56072 0.828
vn 1E-05 -0.56076 0.82798
vn 3E-05 -0.99996 0.00888
vn 4E-05 -0.99996 0.00883
vn 3E-05 -0.96877 0.24794
vn 3E-05 -0.88129 0.47257
vn -1E-05 -0.11172 0.99374
vn -2E-05 0.36287 0.93184
vn -4E-05 0.75436 0.65646
vn 4E-05 -0.97303 -0.23069
vn 3E-05 -0.88957 -0.45681
vn 4E-05 -0.75436 -0.65646
vn 3E-05 -0.75439 -0.65643
vn 2E-05 -0.36287 -0.93184
vn -4E-05 0.96878 -0.24791
vn -3E-05 0.88128 -0.4726
vn -3E-05 0.8813 -0.47256
vn -2E-05 0.7426 -0.66973
vn -2E-05 0.74259 -0.66975
vn -2E-05 0.56072 -0.828
vn -1E-05 0.56076 -0.82798
vn -4E-05 0.84048 0.54184
vn -3E-05 0.71862 0.6954
vn -1 -4E-05 -1E-05
vn -4E-05 0.84048 0.54184
vn -1 -4E-05 -1E-05
vn -1 -4E-05 -2E-05
vn -1 -4E-05 1E-05
vn -1 -4E-05 -4E-05
vn -1 -3E-05 -1E-05
vn -1 -4E-05 -0
vn -1 -5E-05 1E-05
vn -1 -3E-05 -2E-05
vn -1 -5E-05 -2E-05
vn -1 -4E-05 -2E-05
vn -4E-05 0.98386 0.17895
vn -4E-05 0.93004 0.36746
vn -4E-05 0.93004 0.36746
vn 1 4E-05 -0
vn 1 4E-05 1E-05
vn 1 4E-05 1E-05
vn 1 3E-05 2E-05
vn 1 3E-05 2E-05
vn 1 5E-05 0
vn 1 4E-05 1E-05
vn -1 -3E-05 -1E-05
vn -1 -4E-05 -1E-05
vn -1 -4E-05 -1E-05
vn 4E-05 -0.99987 0.01642
vn 4E-05 -0.99987 0.01643
vn 4E-05 -0.98386 -0.17896
vn -4E-05 0.99927 0.03811
vn -4E-05 0.99927 0.0381
vn 4E-05 -0.98386 -0.17896
vn -4E-05 0.97747 0.21105
vn -4E-05 0.92597 0.37759
vn -1 -4E-05 -1E-05
vn -1 -4E-05 -1E-05
vn -1 -4E-05 -1E-05
vn -4E-05 0.92598 0.37758
vn 4E-05 -0.93004 -0.36746
vn 1 4E-05 2E-05
vn 1 4E-05 2E-05
vn -1 -4E-05 -2E-05
vn -1 -2E-05 -3E-05
vn -1 -4E-05 -0
vn 1 4E-05 1E-05
vn -1 -4E-05 -1E-05
vn 1 5E-05 -0
vn 1 4E-05 1E-05
vn 1 2E-05 1E-05
vn 1 5E-05 1E-05
vn 1 4E-05 1E-05
vn 1 5E-05 1E-05
vn 1 1E-05 1E-05
vn -1E-05 0.56076 -0.82798
vn -2E-05 0.56074 -0.82799
vn 1E-05 -0.12934 -0.9916
vn 1E-05 0.11173 -0.99374
vn 2E-05 -0.12933 -0.9916
vn 1E-05 0.11172 -0.99374
vn -1 -5E-05 -2E-05
vn -1 -3E-05 -1E-05
vn -1 -3E-05 -1E-05
vn -1 -1E-05 3E-05
vn -1 -4E-05 -3E-05
vn -1 -4E-05 -3E-05
vn -1 -5E-05 -0
vn -1 -5E-05 -0
vn -1 -4E-05 -1E-05
vn -1 -7E-05 -1E-05
vn -1 1E-05 -1E-05
vn -1 -3E-05 -1E-05
vn -1 -6E-05 -1E-05
vn -1 -3E-05 -1E-05
vn -1 -5E-05 -1E-05
vn 1 8E-05 2E-05
vn 1 4E-05 1E-05
vn 1 4E-05 2E-05
vn 1 5E-05 5E-05
vn -1 -4E-05 1E-05
vn -1 -5E-05 -4E-05
vn -1 -4E-05 -6E-05
vn -1 -2E-05 2E-05
vn -1 -4E-05 -2E-05
vn 2E-05 -0.74259 0.66975
vn 3E-05 -0.8813 0.47256
vn 3E-05 -0.7426 0.66973
vn 1E-05 -0.56072 0.828
vn 1 4E-05 -1E-05
vn 1 4E-05 -0
vn 1 4E-05 2E-05
vn 1 4E-05 2E-05
vn 1 4E-05 1E-05
vn 1 4E-05 2E-05
vn -1 -4E-05 -1E-05
vn -1 -4E-05 0
vn -1 -4E-05 -1E-05
vn -1 -4E-05 -2E-05
vn -1 -5E-05 1E-05
vn -2E-05 0.36287 0.93184
vn -3E-05 0.57534 0.81792
vn -4E-05 0.97303 0.2307
vn -4E-05 0.88954 0.45685
vn -3E-05 0.75436 0.65646
vn -3E-05 0.57536 0.8179
vn -4E-05 0.75439 0.65643
vn -0 0.3463 -0.93813
vn 1E-05 0.11172 -0.99374
vn 1E-05 0.11172 -0.99374
vn -4E-05 0.99996 -0.00888
vn -3E-05 0.88131 -0.47253
vn -3E-05 0.88129 -0.47257
vn -3E-05 0.96879 -0.2479
vn -4E-05 0.96878 -0.24791
vn -1E-05 0.56072 -0.828
vn -1 -4E-05 -1E-05
vn -1 -4E-05 -2E-05
vn -1 -5E-05 0
vn -1 -4E-05 -2E-05
vn -1 -4E-05 -1E-05
vn -1 -4E-05 -1E-05
vn -1 -4E-05 1E-05
vn -1 -4E-05 -2E-05
vn -1 -5E-05 0
vn -4E-05 0.74099 0.67152
vn 4E-05 -0.84048 -0.54184
vn -4E-05 0.84635 0.53263
vn -4E-05 0.84634 0.53264
vn -1 -4E-05 -1E-05
vn -1 -4E-05 -1E-05
vn 3E-05 -0.71862 -0.6954
vn 4E-05 -0.71862 -0.6954
vn -1 -4E-05 -1E-05
vn 4E-05 -0.84048 -0.54184
vn -4E-05 0.74099 0.67152
vn -1 -4E-05 -1E-05
vn -1 -5E-05 -1E-05
vn -1 -2E-05 -2E-05
vn -1 -4E-05 -1E-05
vn -1 -5E-05 -1E-05
vn -1 -3E-05 -2E-05
vn 1 0.00011 -1E-05
vn 1 2E-05 3E-05
vn 1 3E-05 1E-05
vn 1 5E-05 0
vn 1 4E-05 1E-05
vn 1 3E-05 1E-05
vn -1 -5E-05 0
vn -1 -3E-05 -1E-05
vn -1 -2E-05 -1E-05
vn -1 -6E-05 -3E-05
vn -1 -3E-05 1E-05
vn -1 -4E-05 -1E-05
vn -1 -3E-05 -0
vn -1 -5E-05 -2E-05
vn 3E-05 -0.56915 -0.82223
vn -1 -4E-05 -2E-05
vn -3E-05 0.61313 0.78998
vn -3E-05 0.61313 0.78998
vn -1 -4E-05 -1E-05
vn -1 -5E-05 -1E-05
vn 3E-05 -0.39781 -0.91747
vn -2E-05 0.30596 0.95204
vn -1 -4E-05 -2E-05
vn -1 -4E-05 -2E-05
vn -1 -4E-05 -2E-05
vn -1 -4E-05 -2E-05
vn 2E-05 -0.21117 -0.97745
vn -1 -3E-05 -1E-05
vn -1 -4E-05 -1E-05
vn 3E-05 -0.3978 -0.91747
vn -1 -4E-05 -0
vn -1 -4E-05 -1E-05
vn -1 -4E-05 -1E-05
vn 2E-05 -0.21117 -0.97745
vn -1 -4E-05 -2E-05
vn -1 -4E-05 -1E-05
vn 1 6E-05 5E-05
vn 1 5E-05 2E-05
vn 4E-05 -0.96878 0.24792
vn 3E-05 -0.96878 0.24792
vn 1 3E-05 1E-05
vn 1 4E-05 2E-05
vn 1 3E-05 -2E-05
vn 4E-05 -0.99996 0.00888
vn 1 3E-05 0
vn 4E-05 -0.97303 -0.2307
vn 4E-05 -0.97303 -0.23068
vn 1 5E-05 -0
vn 1 3E-05 1E-05
vn 1 4E-05 1E-05
vn 1 4E-05 -0
vn 1 4E-05 1E-05
vn 1 2E-05 3E-05
vn 1 5E-05 -2E-05
vn 1 3E-05 2E-05
vn 1 3E-05 8E-05
vn 1 4E-05 1E-05
vn 1 4E-05 -0
vn 4E-05 -0.88955 -0.45685
vn 4E-05 -0.75436 -0.65646
vn 4E-05 -0.88954 -0.45686
vn 1 1E-05 -3E-05
vn 1 4E-05 1E-05
vn 1 1E-05 1E-05
vn -1 -2E-05 -2E-05
vn -1 -3E-05 -2E-05
vn 3E-05 -0.57535 -0.81791
vn 3E-05 -0.57534 -0.81791
vn -1 -2E-05 -2E-05
vn 3E-05 -0.75437 -0.65645
vn -1 -5E-05 -1E-05
vn -1 -7E-05 -1E-05
vn 1 4E-05 1E-05
vn 2E-05 -0.12934 -0.9916
vn 1 6E-05 1E-05
vn 2E-05 -0.36288 -0.93184
vn 2E-05 -0.36288 -0.93184
vn -4E-05 0.97303 0.23069
vn 1 4E-05 1E-05
vn 1 5E-05 0
vn 1 4E-05 1E-05
vn -3E-05 0.96878 -0.24792
vn 1 5E-05 2E-05
vn 1 3E-05 0
vn -4E-05 0.99996 -0.00887
vn -4E-05 0.99996 -0.00888
vn -4E-05 0.96878 -0.24792
vn 1 3E-05 1E-05
vn 1 3E-05 -1E-05
vn 1 4E-05 2E-05
vn -0 0.3463 -0.93812
vn 2E-05 -0.12935 -0.9916
vn 1E-05 0.11172 -0.99374
vn 1E-05 0.11172 -0.99374
vn -2E-05 0.56074 -0.82799
vn -3E-05 0.7426 -0.66974
vn -1 -2E-05 -0
vn -1 -4E-05 -1E-05
vn -1 -3E-05 -0
vn -1 -6E-05 -2E-05
vn -1 -4E-05 -1E-05
vn -1 -1E-05 2E-05
vn -3E-05 0.8813 -0.47256
vn 1 4E-05 1E-05
vn 1 4E-05 2E-05
vn 1 4E-05 -0
vn 1 5E-05 4E-05
vn 1 4E-05 1E-05
vn 1 5E-05 1E-05
vn 1 4E-05 1E-05
vn 1 3E-05 0
vn 1 4E-05 1E-05
vn 1 5E-05 1E-05
vn 1 8E-05 2E-05
vn 1 3E-05 1E-05
vn 1 5E-05 2E-05
vn 1 2E-05 2E-05
vn 1 6E-05 -1E-05
vn 1 3E-05 1E-05
vn 1 5E-05 -0
vn 1 3E-05 1E-05
vn 1 2E-05 2E-05
vn 1 4E-05 1E-05
vn 1 5E-05 2E-05
vn 1 2E-05 -1E-05
vn 1 7E-05 4E-05
vn 1 2E-05 -1E-05
vn 1 3E-05 1E-05
vn 1 4E-05 -0
vn 1 4E-05 1E-05
vn 1E-05 -0.56072 0.828
vn 2E-05 -0.8813 0.47256
vn 3E-05 -0.88131 0.47253
vn 1E-05 -0.56074 0.82799
vn -3E-05 0.36286 0.93185
vn -3E-05 0.75439 0.65643
vn -3E-05 0.88954 0.45685
vn -4E-05 0.88953 0.45688
vn 1 6E-05 1E-05
vn 1 2E-05 2E-05
vn 1 3E-05 2E-05
vn 1 8E-05 -1E-05
vn 4E-05 -0.88954 -0.45685
vn 2E-05 -0.12934 -0.9916
vn -3E-05 0.97303 0.23066
vn -4E-05 0.9688 -0.24786
vn -0 0.3463 -0.93813
vn -2E-05 0.88128 -0.4726
vn -1E-05 0.56072 -0.828
vn -0 0.34628 -0.93813
vn -3E-05 0.88131 -0.47253
vn -1E-05 0.56074 -0.82799
vn 1 7E-05 -0
vn 1 2E-05 2E-05
vn 1 5E-05 0
vn 1 4E-05 1E-05
vn 1 4E-05 1E-05
vn 1 4E-05 1E-05
vn 1 3E-05 2E-05
vn 1 4E-05 1E-05
vn -1 -5E-05 -2E-05
vn -1 -3E-05 -1E-05
vn -1 -2E-05 -2E-05
vn -1 -6E-05 -1E-05
vn -1 -3E-05 -1E-05
vn 1 5E-05 1E-05
vn 1 3E-05 1E-05
vn 1 2E-05 0
vn 1 8E-05 2E-05
vn 1 2E-05 1E-05
vn 1 4E-05 1E-05
vn -1 -1E-05 -1E-05
vn -1 -5E-05 -1E-05
vn -1 -3E-05 -2E-05
vn -1 -7E-05 0
vn -1 -5E-05 -0
vn -1 -8E-05 -4E-05
vn -1 -3E-05 -0
vn -1 -4E-05 -1E-05
vn -1 -4E-05 -2E-05
vn -1 -4E-05 -3E-05
vn -1 -2E-05 1E-05
vn -1 -4E-05 0
vn -1 -4E-05 -1E-05
vn 1 4E-05 1E-05
vn 1 4E-05 2E-05
vn 1 5E-05 2E-05
vn 1 4E-05 -0
vn 1 4E-05 6E-05
vn 1 4E-05 1E-05
vn 1 4E-05 2E-05
vn 1 4E-05 -2E-05
vn 1 4E-05 4E-05
vn 1 4E-05 -1E-05
vn 1 4E-05 -0
vn 3E-05 -0.88128 0.4726
vn -2E-05 0.3629 0.93183
vn -2E-05 0.12934 0.9916
vn -2E-05 0.12933 0.9916
vn -3E-05 0.75437 0.65645
vn -4E-05 0.97303 0.23069
vn -3E-05 0.88957 0.45681
vn -3E-05 0.57534 0.81792
vn -4E-05 0.75435 0.65648
vn 4E-05 -0.88956 -0.45682
vn 4E-05 -0.88954 -0.45686
vn -3E-05 0.96877 -0.24795
vn -3E-05 0.99996 -0.00883
vn -3E-05 0.74262 -0.66971
vn -2E-05 0.7426 -0.66974
vn 1E-05 -0.01642 -0.99987
vn -1E-05 -0.03811 0.99927
vn -1 -4E-05 -1E-05
vn -1 -4E-05 -2E-05
vn -1 -3E-05 -1E-05
vn -1 -7E-05 -2E-05
vn -1 -4E-05 -1E-05
vn -1 -1E-05 1E-05
vn -0 -0.21105 0.97747
vn -1 -4E-05 -1E-05
vn -0 -0.21105 0.97748
vn -1 -3E-05 -2E-05
vn 0 0.17896 -0.98386
vn -1E-05 -0.03811 0.99927
vn 1 2E-05 2E-05
vn 1 3E-05 1E-05
vn 1 4E-05 1E-05
vn 1 5E-05 1E-05
vn -1 -6E-05 -2E-05
vn -1 -6E-05 -2E-05
vn -1 -5E-05 -1E-05
vn 1E-05 -0.37758 0.92598
vn -1 1E-05 -2E-05
vn 1 -3E-05 -1E-05
vn 1 5E-05 2E-05
vn 1 0.0001 3E-05
vn 1 7E-05 1E-05
vn 1 3E-05 1E-05
vn 1 5E-05 1E-05
vn 1 5E-05 2E-05
vn 1 3E-05 1E-05
vn 1 3E-05 1E-05
vn -1 -3E-05 -1E-05
vn -1 -5E-05 0
vn -1 -3E-05 -1E-05
vn -1 -5E-05 -1E-05
vn -1 -1E-05 -1E-05
vn -1 -4E-05 -1E-05
vn -1 -8E-05 -2E-05
vn -1 -8E-05 -1E-05
vn -1 -2E-05 -1E-05
vn -1 -3E-05 2E-05
vn -1 -3E-05 -1E-05
vn -1 -4E-05 -2E-05
vn -1 -5E-05 -2E-05
vn -1 -6E-05 -5E-05
vn -1 -3E-05 -0
vn 1 -1E-05 1E-05
vn 1 3E-05 1E-05
vn 1 7E-05 1E-05
vn 1 1E-05 1E-05
vn 1 3E-05 1E-05
vn 1 7E-05 1E-05
vn 1 2E-05 1E-05
vn -1E-05 0.12933 0.9916
vn -4E-05 0.99987 -0.01642
vn -1 -3E-05 -2E-05
vn -1 -3E-05 -2E-05
vn -1 -5E-05 0
vn -1 -3E-05 -1E-05
vn -1 -4E-05 -1E-05
vn -1 -3E-05 1E-05
vn -1 -4E-05 -2E-05
vn 3E-05 -0.8813 0.47256
vn 4E-05 -0.96877 0.24795
vn -4E-05 0.96877 -0.24794
vn -3E-05 0.88131 -0.47253
vn -4E-05 0.99996 -0.00888
vn -1 -6E-05 1E-05
vn -1 -2E-05 -3E-05
vn 2E-05 -0.12933 -0.9916
vn -2E-05 0.56076 -0.82798
vn -1 -4E-05 -1E-05
vn -1 -4E-05 0
vn -1 -4E-05 -0
vn -1 -5E-05 -4E-05
vn -1 -4E-05 0
vn -1 -5E-05 -2E-05
vn -1 -4E-05 -1E-05
vn -1 -2E-05 1E-05
vn -3E-05 0.91747 -0.39781
vn -4E-05 0.97745 -0.21117
vn -3E-05 0.91747 -0.3978
vn -4E-05 0.97745 -0.21117
vn -0 0.36746 -0.93004
vn -1E-05 0.36746 -0.93004
vn -1 -4E-05 -1E-05
vn -1 -4E-05 -2E-05
vn -1 -4E-05 -1E-05
vn -1E-05 0.54184 -0.84048
vn -1 -4E-05 -0
vn -1 -4E-05 -1E-05
vn -1 -4E-05 -0
vn -1E-05 0.54184 -0.84048
vn -1 -4E-05 -1E-05
vn 1 6E-05 -1E-05
vn 1 8E-05 -3E-05
vn 1 1E-05 4E-05
vn 1 6E-05 0
vn -1 -2E-05 1E-05
vn -1 -3E-05 0
vn -1 -4E-05 -1E-05
vn 1 0 2E-05
vn 1 3E-05 2E-05
vn 1 4E-05 1E-05
vn -1 -4E-05 -1E-05
vn -1 -6E-05 -5E-05
vn -2E-05 0.6954 -0.71863
vn -2E-05 0.82223 -0.56915
vn -2E-05 0.6954 -0.71862
vn -1 -3E-05 -1E-05
vn -1 -7E-05 -2E-05
vn -1 -4E-05 -1E-05
vn 0 -0.37758 0.92598
vn -1 0 0
vn -1 -6E-05 -2E-05
vn -1 -5E-05 -2E-05
vn -1 -4E-05 -1E-05
vn 1 1E-05 1E-05
vn 1 -2E-05 0
vn 1 0.00012 2E-05
vn 1 9E-05 1E-05
vn 1 4E-05 1E-05
vn 1E-05 -0.45685 0.88954
vn 1E-05 -0.45685 0.88954
vn 1 4E-05 1E-05
vn 1 4E-05 1E-05
vn 1 4E-05 -0
vn 1 5E-05 -1E-05
vn 1 2E-05 7E-05
vn -4E-05 0.88954 0.45685
vn -1 -4E-05 -1E-05
vn 1 4E-05 1E-05
vn 2E-05 -0.45686 0.88954
vn -0 -0.45682 0.88956
vn -3E-05 -0.45677 0.88959
vn 1E-05 -0.45689 0.88952
vn 1 4E-05 1E-05
vn 1 2E-05 1E-05
vn 1 0.00011 3E-05
vn 1 -0.00017 -8E-05
vn 1 7E-05 5E-05
vn 1 6E-05 -0
vn -1 -4E-05 -1E-05
vn -1 -4E-05 -1E-05
vn -1 -4E-05 -1E-05
vn -1 -4E-05 -1E-05
vn -1 -4E-05 -1E-05
vn -1 -4E-05 -1E-05
vn -1 -4E-05 -1E-05
vn 1E-05 -0.45685 0.88954
vn 1E-05 -0.45685 0.88954
vn 1E-05 -0.45685 0.88954
vn 1E-05 -0.45685 0.88954
vn 0 0.45686 -0.88954
vn -1E-05 0.45685 -0.88954
vn -3E-05 0.45685 -0.88954
vn 1E-05 0.45684 -0.88955
vn -1E-05 0.45685 -0.88954
vn 1E-05 0.45686 -0.88954
vn -1E-05 0.45685 -0.88955
vn -0 0.45685 -0.88954
vn -0 0.45685 -0.88954
vn -3E-05 0.45684 -0.88955
vn -1E-05 0.45685 -0.88954
vn -1E-05 0.45685 -0.88954
vn 3E-05 0.45686 -0.88954
vn -0.98145 -0.14777 -0.12219
vn -2E-05 0.63731 -0.77061
vn -2E-05 0.63731 -0.77061
vn -0.02093 0.63401 -0.77304
vn -0.08301 0.62232 -0.77835
vn -0.06314 0.62638 -0.77696
vn -0.10586 0.61756 -0.77937
vn -0.14918 0.60745 -0.78022
vn -0.19272 0.59588 -0.77961
vn -0.25126 0.57801 -0.77638
vn -0.24369 0.58049 -0.77695
vn -0.31711 0.55544 -0.76872
vn -0.42493 0.51035 -0.74764
vn -0.4281 0.50884 -0.74687
vn -0.57969 0.42721 -0.69387
vn 0.98145 0.14777 0.12219
vn 0.98145 0.14777 0.12219
vn -0.60167 0.41277 -0.68383
vn -2E-05 0.63731 -0.7706
vn -0.97386 -0.0664 -0.21721
vn -0.86579 0.1694 -0.47087
vn -0.75113 0.2978 -0.58917
vn -0.76331 0.28593 -0.57931
vn -0.94118 0.03844 -0.3357
vn -0.90756 0.10692 -0.40609
vn -0.97714 -0.08745 -0.1938
vn -0.98145 -0.14777 -0.12219
vn 3E-05 -0.54302 -0.83972
vn 4E-05 -0.54303 -0.83971
vn 3E-05 -0.54302 -0.83972
vn 4E-05 -0.54302 -0.83972
vn 1E-05 -0.54303 -0.83971
vn 3E-05 -0.54302 -0.83972
vn 3E-05 -0.54302 -0.83972
vn 3E-05 -0.54302 -0.83972
vn 3E-05 -0.54302 -0.83972
vn 3E-05 -0.54302 -0.83972
vn 3E-05 -0.54302 -0.83972
vn 3E-05 -0.54302 -0.83972
vn 3E-05 -0.54301 -0.83972
vn -0.98145 -0.14777 -0.12219
vn 3E-05 -0.54302 -0.83972
vn 2E-05 -0.63731 0.77061
vn 2E-05 -0.63731 0.77061
vn -0.98145 -0.14777 -0.12219
vn -0.98145 -0.14777 -0.12218
vn -0.97964 -0.18601 -0.07555
vn -0.98125 -0.16052 -0.10671
vn -0.97161 -0.23626 -0.01221
vn -0.97642 -0.21131 -0.04407
vn -2E-05 0.63731 -0.77061
vn -0.98145 -0.14777 -0.12219
vn -0.97752 -0.20399 -0.05337
vn 0.98145 0.14777 0.12219
vn -2E-05 0.63731 -0.77061
vn -1 -5E-05 -0
vn -1 -1E-05 -3E-05
vn -1 -2E-05 -3E-05
vn -1 -5E-05 0
vn -1 -5E-05 -0
vn -1 -4E-05 -1E-05
vn -1 -6E-05 1E-05
vn -1 -5E-05 0
vn -1 -4E-05 -1E-05
vn 1 4E-05 1E-05
vn 1 4E-05 1E-05
vn -1 -4E-05 -1E-05
vn 4E-05 -0.88954 -0.45685
vn -0.98145 -0.14777 -0.12219
vn -0.98145 -0.14777 -0.12219
vn 4E-05 -0.88954 -0.45685
vn -1 -0.00019 -9E-05
vn -1 0.00011 7E-05
vn 1 4E-05 1E-05
vn -1 -4E-05 -1E-05
vn -1 -4E-05 0
vn -1 -4E-05 -1E-05
vn -1 -4E-05 -1E-05
vn 1 4E-05 1E-05
vn 1 4E-05 1E-05
vn -1 -4E-05 0
vn -1 -4E-05 0
vn -1 -4E-05 -2E-05
vn 1 4E-05 0
vn 1 4E-05 1E-05
vn -1 -4E-05 -1E-05
vn 1E-05 -0.45685 0.88954
vn 1E-05 -0.45685 0.88954
vn 1 4E-05 1E-05
vn 1 4E-05 2E-05
vn -1 5E-05 1E-05
vn -1 -4E-05 -1E-05
vn -1 4E-05 -1E-05
vn -1 -7E-05 -3E-05
vn -1 -5E-05 -1E-05
vn 1E-05 -0.45685 0.88954
vn 5E-05 -0.45673 0.8896
vn 1E-05 -0.45685 0.88954
vn 1E-05 -0.45685 0.88954
vn 2E-05 -0.45684 0.88955
vn 3E-05 -0.45682 0.88956
vn 1E-05 -0.45685 0.88954
vn 0.98145 0.14777 0.12218
vn 0.98145 0.14776 0.12218
vn 4E-05 -0.77061 -0.63731
vn 2E-05 -0.63731 0.77061
vn -0.87567 -0.41973 0.23879
vn -0.94521 -0.31395 0.08948
vn -0.9639 -0.26507 0.02505
vn -0.94887 -0.30574 0.07859
vn -0.89856 -0.39145 0.19837
vn -0.6161 -0.58875 0.52325
vn -0.62348 -0.58587 0.51772
vn -0.78557 -0.50017 0.36429
vn -0.76665 -0.51339 0.38559
vn -0.45524 -0.63327 0.62588
vn -0.40013 -0.6419 0.65411
vn 2E-05 -0.63731 0.77061
vn -0.13872 -0.6518 0.7456
vn -0.23368 -0.65416 0.71935
vn 2E-05 -0.63731 0.77061
vn 0.98145 0.14777 0.12219
vn -0.07332 -0.64668 0.75923
vn -0.27357 -0.65344 0.70582
vn -0.09044 -0.6484 0.75591
vn -0.02433 -0.64078 0.76734
vn -2E-05 0.63731 -0.77061
vn -0.98146 0.14769 0.12216
vn -4E-05 0.77061 0.63731
vn -3E-05 0.63733 -0.77059
vn -2E-05 0.63731 -0.77061
vn -4E-05 0.63734 -0.77058
vn 2E-05 -0.63731 0.77061
vn 2E-05 -0.63731 0.77061
vn 1E-05 0.63712 -0.77076
vn -2E-05 0.63731 -0.77061
vn -4E-05 0.77061 0.63731
vn -2E-05 0.63731 -0.77061
vn -2E-05 0.63731 -0.77061
vn 3E-05 -0.54302 -0.83972
vn 3E-05 -0.54302 -0.83972
vn 3E-05 -0.54302 -0.83972
vn 3E-05 -0.54302 -0.83972
vn 3E-05 -0.54301 -0.83972
vn 3E-05 -0.54302 -0.83972
vn 0.5865 0.20268 -0.78418
vn 0.51477 0.25149 -0.81961
vn 0.26845 0.39252 -0.87969
vn 0.47303 0.27958 -0.83551
vn 0.32024 0.36559 -0.87395
vn 0.38682 0.33098 -0.86071
vn 0.78333 0.02403 -0.62114
vn 0.82085 -0.01962 -0.5708
vn 0.68164 0.12398 -0.7211
vn 0.83803 -0.04338 -0.54389
vn 0.7138 0.0961 -0.69372
vn 0.88127 -0.11049 -0.45952
vn 0.89988 -0.14477 -0.41142
vn 0.98146 -0.14769 -0.12216
vn 0.98146 -0.14769 -0.12216
vn 0.92378 -0.20791 -0.32156
vn 2E-05 -0.54302 -0.83972
vn 3E-05 -0.54302 -0.83972
vn -4E-05 0.61568 0.788
vn -3E-05 0.61568 0.788
vn -0.00018 0.61568 0.78799
vn -3E-05 0.61568 0.788
vn -2E-05 0.61568 0.788
vn -3E-05 0.61568 0.788
vn -4E-05 0.61568 0.788
vn -2E-05 0.61568 0.788
vn 0.9208 -0.2747 -0.2769
vn 0.92378 -0.20791 -0.32156
vn 2E-05 -0.54302 -0.83972
vn 2E-05 -0.54302 -0.83972
vn 3E-05 -0.54302 -0.83972
vn 3E-05 -0.54302 -0.83972
vn 3E-05 -0.54302 -0.83972
vn 2E-05 -0.54301 -0.83972
vn 3E-05 -0.54302 -0.83972
vn 3E-05 -0.54302 -0.83972
vn 3E-05 -0.54301 -0.83973
vn 2E-05 -0.54302 -0.83972
vn -3E-05 0.63727 -0.77064
vn -3E-05 0.63727 -0.77064
vn -1E-05 0.63731 -0.77061
vn -1E-05 0.63731 -0.77061
vn -2E-05 0.63731 -0.77061
vn -0.1183 0.45628 -0.88194
vn -0.32042 0.36594 -0.87374
vn -0.02208 0.49169 -0.87049
vn -0.06637 0.47607 -0.8769
vn -0.19673 0.42511 -0.8835
vn -0.29726 0.37682 -0.8773
vn -0.42552 0.30936 -0.85043
vn -1E-05 0.49889 -0.86667
vn -0.10845 0.45984 -0.88136
vn -0.71609 0.09402 -0.69164
vn -0.51478 0.25146 -0.81962
vn -0.68164 0.12394 -0.72111
vn -0.58075 0.20696 -0.78734
vn -0.78331 0.02394 -0.62117
vn -0.92376 -0.20799 -0.32158
vn -0.91315 -0.17738 -0.367
vn -0.91266 -0.17606 -0.36885
vn -0.88314 -0.1138 -0.45509
vn -0.82298 -0.02255 -0.56762
vn -0.88125 -0.11056 -0.45954
vn -0.83802 -0.04344 -0.54391
vn -0.92375 -0.20798 -0.32159
vn -0.9223 -0.25475 -0.29062
vn -0.91178 -0.34428 -0.22387
vn -0.88762 -0.43236 -0.15872
vn -0.85344 -0.51349 -0.0893
vn -0.91777 -0.30235 -0.25747
vn -0.87124 -0.47568 -0.12115
vn -0.80847 -0.58824 -0.01879
vn -0.75332 -0.65561 0.05183
vn -0.78619 -0.61786 0.01261
vn -0.65296 -0.74113 0.15613
vn -0.6692 -0.72945 0.14168
vn -0.52337 -0.80959 0.2658
vn -2E-05 0.63731 -0.77061
vn -3E-05 0.61568 0.788
vn -0.98145 -0.14777 -0.12219
vn -0.92376 -0.20799 -0.32158
vn 3E-05 -0.54302 -0.83972
vn 5E-05 -0.54302 -0.83972
vn 2E-05 -0.54302 -0.83972
vn -0.91767 -0.30285 -0.25724
vn -0.92376 -0.20799 -0.32158
vn 3E-05 -0.54302 -0.83972
vn 3E-05 -0.54302 -0.83972
vn 3E-05 -0.54302 -0.83972
vn 3E-05 -0.54302 -0.83972
vn 3E-05 -0.54302 -0.83972
vn 3E-05 -0.54302 -0.83972
vn 3E-05 -0.54302 -0.83972
vn 3E-05 -0.54302 -0.83972
vn 3E-05 -0.54301 -0.83972
vn 4E-05 -0.54302 -0.83972
vn 2E-05 -0.54302 -0.83972
vn 3E-05 -0.54303 -0.83971
vn 3E-05 -0.5431 -0.83967
vn 3E-05 -0.54302 -0.83972
vn 2E-05 -0.54302 -0.83972
vn -1E-05 0.49889 -0.86667
vn 1E-05 -0.49889 0.86667
vn -3E-05 0.83972 -0.54302
vn 0.08771 0.46804 -0.87934
vn 0.04367 0.48423 -0.87385
vn 0.01454 0.49418 -0.86924
vn 0.15528 0.44217 -0.88339
vn 0.10842 0.45982 -0.88137
vn 0.92378 -0.20791 -0.32156
vn 0.91269 -0.17599 -0.36883
vn 0.92378 -0.20791 -0.32157
vn -3E-05 0.83972 -0.54302
vn 1E-05 -0.49889 0.86667
vn 0.92233 -0.25468 -0.2906
vn -0.49907 0.21553 -0.83933
vn -0.09261 0.34646 -0.93348
vn -0.10979 0.32836 -0.93815
vn -0.11248 0.46101 -0.88024
vn -0.31309 0.1158 -0.94264
vn -0.30608 0.33256 -0.89203
vn -0.35979 0.2041 -0.91044
vn -0.12064 0.48837 -0.86426
vn -0.11599 0.47473 -0.87245
vn -0.12643 0.12096 -0.98457
vn -0.11232 -0.11979 -0.98643
vn -0.12138 0.11614 -0.98579
vn -0 0.34796 -0.93751
vn 1E-05 0.11701 -0.99313
vn -1E-05 0.49202 -0.87059
vn -1E-05 0.49195 -0.87062
vn -1E-05 0.47796 -0.87838
vn -1E-05 0.47798 -0.87837
vn -1E-05 0.46395 -0.88586
vn -0 0.34796 -0.93751
vn 1E-05 0.11701 -0.99313
vn 2E-05 -0.12055 -0.99271
vn -0.56466 0.07218 -0.82216
vn -0.74416 -0.18323 -0.64238
vn -0.73016 -0.06538 -0.68014
vn -0.67313 0.10439 -0.73212
vn -0.7205 -0.09986 -0.68623
vn -0.5315 -0.00943 -0.847
vn -0.75051 -0.04632 -0.65924
vn -0.57484 -0.11782 -0.80974
vn -0.83202 -0.15217 -0.53348
vn -0.83627 -0.04752 -0.54625
vn -0.53149 -0.23234 -0.81457
vn -0.31307 -0.13674 -0.93983
vn -0.37513 -0.01031 -0.92691
vn -0.37512 -0.25426 -0.89142
vn -0.53149 -0.43881 -0.72454
vn -0.74415 -0.34607 -0.57137
vn -0.57482 -0.51319 -0.63735
vn -0.72049 -0.2772 -0.63566
vn -0.72049 -0.43492 -0.54013
vn -0.57482 -0.32708 -0.75006
vn -0.86707 -0.25811 -0.42612
vn -0.85055 -0.46332 -0.24881
vn -0.86415 -0.27304 -0.42272
vn -0.86324 -0.36606 -0.34758
vn -0.86919 -0.39281 -0.30037
vn -0.85397 -0.16896 -0.49212
vn -0.87486 -0.3081 -0.37375
vn -0.74416 -0.48441 -0.45997
vn -0.72048 -0.56191 -0.4064
vn -0.72048 -0.64915 -0.24394
vn -0.74415 -0.58852 -0.31605
vn -0.13458 -0.14266 -0.98058
vn -0.09331 -0.55977 -0.82338
vn -0.10115 -0.3495 -0.93146
vn -0.14421 -0.39552 -0.90706
vn -0.31306 -0.37962 -0.87056
vn -0.31306 -0.59564 -0.73974
vn -0.53148 -0.74627 -0.40076
vn -0.57482 -0.76598 -0.28785
vn -0.37511 -0.48021 -0.7929
vn -0.57481 -0.66304 -0.47955
vn -0.37511 -0.67221 -0.6383
vn -0.53148 -0.61426 -0.58328
vn -0.0888 -0.73849 -0.66839
vn -0.15269 -0.9251 -0.34766
vn -0.31305 -0.88903 -0.3341
vn -0.15325 -0.8007 -0.57913
vn -0.31305 -0.76955 -0.55659
vn -0.15043 -0.62002 -0.77003
vn -0.3751 -0.81667 -0.43857
vn -0.08767 -0.8754 -0.47538
vn -0.81536 -0.56422 -0.1298
vn -0.85597 -0.4692 -0.21718
vn -0.83099 -0.5404 -0.13199
vn -0.72692 -0.68141 -0.08529
vn -0.74415 -0.65101 -0.14977
vn -0.71309 -0.69806 -0.06494
vn -0.71707 -0.69682 -0.01596
vn -0.82163 -0.56995 0.00891
vn -0.9223 -0.25475 -0.29063
vn -0.14875 -0.98462 -0.09159
vn -0.53148 -0.84637 0.03437
vn -0.57481 -0.81477 -0.0758
vn -0.09548 -0.99521 -0.02117
vn -0.37511 -0.90339 -0.20781
vn -0.37512 -0.92621 0.03761
vn -0.31306 -0.94565 -0.08797
vn -0.53148 -0.82551 -0.1899
vn -0.08988 -0.96264 -0.25544
vn -0.07165 -0.89597 0.4383
vn -0.14142 -0.97501 0.17134
vn -0.31306 -0.9354 0.16438
vn -0.47805 -0.83835 0.26197
vn -0.12431 -0.92096 0.36931
vn -0.64672 -0.74908 0.14366
vn -0.55905 -0.82304 0.10031
vn -0.35325 -0.90461 0.23854
vn -0.29264 -0.87692 0.38127
vn -0.10441 -0.97124 0.21398
vn 0.08397 0.35546 -0.93091
vn 0.30795 0.24055 -0.92049
vn 0.15271 0.24987 -0.95616
vn 0.09261 0.34647 -0.93348
vn 0.12064 0.48843 -0.86423
vn 0.11597 0.47473 -0.87246
vn 0.11247 0.46101 -0.88024
vn 0.34205 0.41764 -0.84177
vn 0.08772 0.11656 -0.9893
vn 0.53386 0.29788 -0.79137
vn 0.3131 -0.01054 -0.94966
vn 0.37516 -0.13344 -0.91731
vn 0.15331 -0.01098 -0.98812
vn 0.52046 0.10415 -0.84751
vn 0.37515 0.11305 -0.92004
vn 0.31841 0.22991 -0.91965
vn 0.09329 -0.34976 -0.93218
vn 0.31311 -0.26046 -0.9133
vn 0.15053 -0.27114 -0.9507
vn 0.08882 -0.12007 -0.98878
vn 0.73881 -0.06876 -0.6704
vn 0.57486 -0.2244 -0.78688
vn 0.53153 -0.12193 -0.83822
vn 0.57486 -0.00907 -0.8182
vn 0.68987 -0.00802 -0.72389
vn 0.53941 0.0844 -0.8378
vn 0.71194 0.20198 -0.67256
vn 0.81932 -0.08475 -0.56703
vn 0.85596 -0.16501 -0.49
vn 0.74457 -0.09435 -0.66084
vn 0.7442 -0.26696 -0.6123
vn 0.72053 -0.19016 -0.66684
vn 0.85084 -0.20998 -0.48165
vn 0.86912 -0.31019 -0.38526
vn 0.7442 -0.4189 -0.52027
vn 0.72053 -0.35919 -0.59314
vn 0.87239 -0.25846 -0.41489
vn 0.53154 -0.68632 -0.49642
vn 0.37518 -0.58134 -0.722
vn 0.31312 -0.49197 -0.81236
vn 0.57487 -0.59334 -0.56345
vn 0.53154 -0.53122 -0.65976
vn 0.37517 -0.37049 -0.8497
vn 0.53153 -0.33854 -0.77644
vn 0.57487 -0.42386 -0.69991
vn 0.14434 -0.5126 -0.84641
vn 0.72054 -0.50282 -0.47749
vn 0.92233 -0.25468 -0.29061
vn 0.86438 -0.40742 -0.29471
vn 0.87026 -0.31251 -0.38076
vn 0.85887 -0.40271 -0.3165
vn 0.85682 -0.46828 -0.21581
vn 0.84313 -0.52641 -0.1096
vn 0.83513 -0.51489 -0.1935
vn 0.72053 -0.67577 -0.15546
vn 0.7442 -0.62526 -0.23498
vn 0.72054 -0.6109 -0.32806
vn 0.57488 -0.72087 -0.38712
vn 0.57489 -0.7974 -0.18344
vn 0.53155 -0.79288 -0.29797
vn 0.74421 -0.54121 -0.39147
vn 0.53155 -0.84339 -0.07844
vn 0.73736 -0.6692 -0.09199
vn 0.6094 -0.78938 0.07426
vn 0.58622 -0.8074 0.06671
vn 0.7834 -0.61794 -0.0665
vn 0.71657 -0.69731 -0.01688
vn 2E-05 -0.12054 -0.99271
vn 4E-05 -0.87878 -0.47722
vn 2E-05 -0.3513 -0.93626
vn 4E-05 -0.87878 -0.47723
vn 4E-05 -0.74142 -0.67104
vn 2E-05 -0.3513 -0.93626
vn 3E-05 -0.56222 -0.82699
vn 4E-05 -0.74143 -0.67103
vn 3E-05 -0.56222 -0.82699
vn 0.13475 -0.71854 -0.68231
vn 0.10111 -0.55934 -0.82275
vn 0.37518 -0.8677 -0.32609
vn 0.11223 -0.73674 -0.66679
vn 0.31313 -0.68868 -0.65396
vn 0.37518 -0.75108 -0.54325
vn 0.12634 -0.87394 -0.46933
vn 0.12158 -0.87226 -0.47369
vn 0.31313 -0.83669 -0.44933
vn 3E-05 -0.89827 0.43944
vn 3E-05 -0.89828 0.43943
vn 3E-05 -0.97658 0.21516
vn 4E-05 -0.99977 -0.02126
vn 4E-05 -0.96655 -0.25648
vn 4E-05 -0.96655 -0.25648
vn 0.31314 -0.94893 0.03855
vn 0.10825 -0.96087 -0.25498
vn 0.14675 -0.98836 0.04015
vn 0.0982 -0.99494 -0.02116
vn 0.13826 -0.96518 -0.22204
vn 0.31313 -0.92554 -0.21292
vn 0.37519 -0.92297 -0.08584
vn 0.07171 -0.89596 0.43831
vn 0.16346 -0.93483 0.31522
vn 0.09148 -0.97248 0.21426
vn 0.38984 -0.90084 0.19107
vn 0.26048 -0.91189 0.3172
vn 0.44362 -0.8744 0.19651
vn -2E-05 0.63731 -0.77061
vn -3E-05 0.61568 0.788
vn 3E-05 -0.61568 -0.788
vn 3E-05 -0.61568 -0.788
vn 3E-05 -0.83972 0.54302
vn 0.92127 -0.27131 -0.27866
vn 0.89627 -0.40564 -0.17934
vn 0.91063 -0.34577 -0.22628
vn 0.80854 -0.58815 -0.01873
vn 0.7534 -0.65551 0.05194
vn 0.71555 -0.69195 0.09592
vn 0.88766 -0.43228 -0.15872
vn 0.8535 -0.5134 -0.08924
vn 0.83313 -0.55047 -0.0537
vn 0.55568 -0.79548 0.24173
vn 0.6528 -0.74135 0.15573
vn 0.10345 -0.85772 0.5036
vn 0.30485 -0.86164 0.40577
vn 0.12305 -0.85944 0.49621
vn 0.35653 -0.85434 0.37815
vn 0.4911 -0.82215 0.28789
vn 3E-05 -0.54304 -0.83971
vn 2E-05 -0.54302 -0.83972
vn 4E-05 -0.54301 -0.83972
vn 3E-05 -0.54302 -0.83972
vn 3E-05 -0.83972 0.54302
vn -0.49114 -0.82207 0.28807
vn -0.30467 -0.86182 0.40553
vn -0.35825 -0.85435 0.37649
vn -0.10298 -0.85828 0.50275
vn -0.20289 -0.86462 0.45964
vn -0.06697 -0.85259 0.51826
vn 2E-05 -0.63731 0.77061
vn -2E-05 0.63731 -0.77061
vn 0.98146 -0.14769 -0.12217
vn -2E-05 0.63731 -0.77061
vn 0.98126 -0.16038 -0.10676
vn 0.97967 -0.18573 -0.07577
vn 0.97583 -0.21491 -0.03965
vn 0.97382 -0.2258 -0.02609
vn 0.98146 -0.14769 -0.12217
vn 0.95059 -0.30162 0.07353
vn 0.90293 -0.38571 0.18961
vn 0.91075 -0.37473 0.17353
vn 0.96751 -0.25267 0.00881
vn 0.78745 -0.49887 0.36202
vn 0.66514 -0.56872 0.48389
vn 0.55791 -0.6082 0.56465
vn 0.62809 -0.58446 0.51372
vn 0.42485 -0.63843 0.6418
vn 0.44641 -0.63491 0.63056
vn 0.79213 -0.49552 0.35636
vn -0.98146 0.14769 0.12217
vn -0.98146 0.14769 0.12217
vn 0.13765 -0.65173 0.74585
vn 0.08244 -0.64763 0.75748
vn 0.02741 -0.64118 0.7669
vn 0.08629 -0.64797 0.75676
vn 0.29307 -0.65234 0.69898
vn 2E-05 -0.63731 0.77061
vn 0.26104 -0.65381 0.71021
vn 0.202 -0.65405 0.72898
vn 2E-05 -0.63731 0.77061
vn 1E-05 -0.45685 0.88954
vn 2E-05 -0.63731 0.77061
vn 4E-05 -0.77061 -0.63731
vn 2E-05 -0.63731 0.77061
vn 2E-05 -0.63731 0.77061
vn 2E-05 -0.63731 0.77061
vn 1E-05 -0.63731 0.77061
vn -4E-05 0.77061 0.63731
f 1//1 2//1 3//1
f 4//1 1//1 3//1
f 5//2 6//2 7//2
f 5//3 3//3 6//3
f 5//4 4//4 3//4
f 8//5 9//5 10//5
f 11//6 12//6 13//6
f 3//7 12//7 6//7
f 9//8 12//8 3//8
f 6//9 11//9 7//9
f 12//10 11//10 6//10
f 13//11 12//11 8//11
f 2//12 9//12 3//12
f 12//5 9//5 8//5
f 14//13 15//13 16//13
f 14//13 17//13 15//13
f 18//14 9//14 2//14
f 19//15 18//15 16//15
f 16//16 18//16 2//16
f 18//17 19//17 20//17
f 1//18 16//18 2//18
f 1//18 14//18 16//18
f 20//19 19//19 21//19
f 15//20 19//20 16//20
f 22//21 17//21 14//21
f 23//22 22//22 14//22
f 23//23 24//23 25//23
f 24//24 23//24 14//24
f 26//25 24//25 1//25
f 1//26 24//26 14//26
f 27//27 26//27 1//27
f 4//28 28//28 1//28
f 28//29 27//29 1//29
f 10//30 18//30 20//30
f 9//30 18//30 10//30
f 29//31 30//31 10//31
f 31//32 29//32 10//32
f 31//33 10//33 20//33
f 25//34 32//34 20//34
f 21//35 25//35 20//35
f 21//36 33//36 25//36
f 25//37 24//37 32//37
f 32//38 26//38 34//38
f 24//39 26//39 32//39
f 34//40 31//40 20//40
f 32//41 34//41 20//41
f 35//42 36//42 4//42
f 35//43 4//43 5//43
f 37//44 38//44 5//44
f 38//45 39//45 5//45
f 40//46 35//46 5//46
f 39//47 40//47 5//47
f 10//48 41//48 8//48
f 37//49 5//49 7//49
f 42//50 43//50 13//50
f 41//51 44//51 8//51
f 44//52 45//52 8//52
f 43//53 46//53 13//53
f 47//54 13//54 8//54
f 47//55 42//55 13//55
f 45//56 47//56 8//56
f 46//57 48//57 13//57
f 49//58 38//58 37//58
f 37//59 50//59 51//59
f 51//60 52//60 37//60
f 52//61 53//61 37//61
f 53//62 49//62 37//62
f 40//63 39//63 45//63
f 49//64 53//64 43//64
f 45//65 39//65 47//65
f 47//66 39//66 42//66
f 35//67 40//67 44//67
f 44//68 40//68 45//68
f 42//39 49//39 43//39
f 38//38 49//38 42//38
f 39//69 38//69 42//69
f 48//70 54//70 55//70
f 48//71 55//71 13//71
f 48//72 51//72 54//72
f 52//73 51//73 48//73
f 53//74 52//74 46//74
f 46//75 52//75 48//75
f 43//76 53//76 46//76
f 56//77 57//77 58//77
f 50//78 59//78 60//78
f 51//79 50//79 54//79
f 58//80 57//80 61//80
f 60//81 59//81 62//81
f 54//82 50//82 60//82
f 59//83 56//83 62//83
f 62//84 56//84 58//84
f 61//85 63//85 64//85
f 57//86 63//86 61//86
f 65//87 66//87 7//87
f 11//88 65//88 7//88
f 66//89 65//89 55//89
f 65//90 11//90 55//90
f 55//90 11//90 13//90
f 58//91 67//91 62//91
f 58//92 68//92 67//92
f 61//93 69//93 68//93
f 64//94 69//94 61//94
f 64//95 70//95 69//95
f 62//96 55//96 60//96
f 62//97 67//97 55//97
f 60//98 55//98 54//98
f 61//99 68//99 58//99
f 67//100 66//100 55//100
f 71//101 66//101 67//101
f 72//102 66//102 71//102
f 73//103 28//103 74//103
f 10//104 75//104 41//104
f 74//105 28//105 36//105
f 36//106 28//106 4//106
f 30//107 75//107 10//107
f 30//108 76//108 75//108
f 77//109 73//109 74//109
f 26//76 27//76 34//76
f 31//110 28//110 29//110
f 27//111 28//111 31//111
f 29//112 73//112 30//112
f 34//64 27//64 31//64
f 28//113 73//113 29//113
f 30//114 78//114 79//114
f 80//115 81//115 82//115
f 78//116 83//116 79//116
f 83//117 81//117 80//117
f 79//118 83//118 80//118
f 73//114 78//114 30//114
f 79//119 84//119 76//119
f 79//120 76//120 30//120
f 80//121 84//121 79//121
f 80//122 85//122 84//122
f 86//123 83//123 78//123
f 82//124 85//124 80//124
f 86//125 78//125 77//125
f 77//126 78//126 73//126
f 74//127 36//127 75//127
f 41//128 35//128 44//128
f 75//127 36//127 41//127
f 77//129 74//129 76//129
f 76//130 74//130 75//130
f 36//128 35//128 41//128
f 84//131 77//131 76//131
f 87//132 86//132 85//132
f 86//133 77//133 84//133
f 88//134 89//134 90//134
f 91//135 89//135 88//135
f 90//136 87//136 85//136
f 89//136 87//136 90//136
f 85//137 86//137 84//137
f 92//138 81//138 87//138
f 87//139 81//139 83//139
f 89//140 92//140 87//140
f 87//141 83//141 86//141
f 93//142 92//142 89//142
f 91//143 93//143 89//143
f 94//144 93//144 91//144
f 95//145 93//145 94//145
f 96//146 95//146 94//146
f 97//147 95//147 96//147
f 82//148 98//148 85//148
f 98//149 90//149 85//149
f 98//150 99//150 90//150
f 99//151 100//151 88//151
f 99//152 88//152 90//152
f 101//153 102//153 103//153
f 63//154 104//154 64//154
f 104//155 105//155 106//155
f 64//154 104//154 106//154
f 106//156 105//156 101//156
f 105//153 102//153 101//153
f 103//157 97//157 107//157
f 97//158 96//158 107//158
f 96//159 94//159 108//159
f 102//160 97//160 103//160
f 107//161 96//161 108//161
f 94//162 91//162 100//162
f 100//163 91//163 88//163
f 108//164 94//164 100//164
f 109//165 110//165 106//165
f 111//166 109//166 101//166
f 111//167 101//167 103//167
f 106//168 70//168 64//168
f 106//169 110//169 70//169
f 109//170 106//170 101//170
f 99//171 112//171 100//171
f 93//172 95//172 99//172
f 95//173 113//173 112//173
f 99//174 95//174 112//174
f 112//175 108//175 100//175
f 112//173 113//173 111//173
f 112//176 107//176 108//176
f 112//177 111//177 107//177
f 111//178 103//178 107//178
f 114//179 72//179 71//179
f 37//180 7//180 115//180
f 66//181 115//181 7//181
f 116//182 114//182 71//182
f 117//183 115//183 118//183
f 118//184 115//184 114//184
f 114//185 115//185 72//185
f 72//186 115//186 66//186
f 119//187 115//187 117//187
f 120//188 37//188 115//188
f 121//189 37//189 120//189
f 122//190 37//190 121//190
f 122//191 123//191 37//191
f 123//192 124//192 37//192
f 124//193 50//193 37//193
f 125//194 59//194 124//194
f 124//195 59//195 50//195
f 125//196 56//196 59//196
f 126//197 56//197 125//197
f 127//198 63//198 57//198
f 128//199 63//199 127//199
f 126//200 57//200 56//200
f 127//201 57//201 126//201
f 129//202 104//202 128//202
f 128//203 104//203 63//203
f 130//204 131//204 67//204
f 68//205 130//205 67//205
f 132//206 133//206 71//206
f 131//207 134//207 71//207
f 131//208 71//208 67//208
f 134//209 132//209 71//209
f 123//210 122//210 134//210
f 134//211 122//211 132//211
f 131//212 123//212 134//212
f 130//213 124//213 131//213
f 125//214 124//214 130//214
f 124//215 123//215 131//215
f 122//110 121//110 132//110
f 132//216 121//216 133//216
f 135//217 136//217 137//217
f 138//218 136//218 135//218
f 136//118 139//118 137//118
f 133//112 138//112 135//112
f 121//112 138//112 133//112
f 137//219 116//219 135//219
f 133//220 116//220 71//220
f 137//116 139//116 140//116
f 133//221 135//221 116//221
f 140//222 116//222 137//222
f 127//223 126//223 69//223
f 68//224 125//224 130//224
f 70//225 127//225 69//225
f 128//225 127//225 70//225
f 126//226 125//226 68//226
f 69//227 126//227 68//227
f 141//228 129//228 142//228
f 143//229 144//229 145//229
f 146//230 144//230 143//230
f 145//231 141//231 142//231
f 144//232 141//232 145//232
f 142//233 129//233 110//233
f 129//234 128//234 110//234
f 110//235 128//235 70//235
f 140//236 147//236 148//236
f 139//237 147//237 140//237
f 148//238 149//238 150//238
f 147//239 149//239 148//239
f 149//240 151//240 150//240
f 150//240 151//240 152//240
f 152//241 153//241 154//241
f 151//242 153//242 152//242
f 155//243 156//243 157//243
f 154//244 158//244 159//244
f 160//243 156//243 155//243
f 156//245 161//245 157//245
f 157//246 161//246 162//246
f 158//247 160//247 159//247
f 159//248 160//248 155//248
f 153//244 158//244 154//244
f 113//249 95//249 97//249
f 129//250 163//250 104//250
f 163//251 164//251 109//251
f 113//252 163//252 111//252
f 111//253 163//253 109//253
f 102//254 113//254 97//254
f 105//255 113//255 102//255
f 104//256 163//256 105//256
f 163//257 113//257 105//257
f 165//258 166//258 164//258
f 164//259 163//259 144//259
f 144//260 163//260 141//260
f 141//261 163//261 129//261
f 165//262 164//262 146//262
f 146//263 164//263 144//263
f 109//264 167//264 145//264
f 109//265 145//265 142//265
f 168//162 169//162 170//162
f 167//266 143//266 145//266
f 109//267 142//267 110//267
f 167//268 171//268 143//268
f 165//269 146//269 171//269
f 171//270 146//270 143//270
f 170//271 165//271 171//271
f 169//272 165//272 170//272
f 172//273 157//273 162//273
f 109//274 164//274 167//274
f 172//275 162//275 173//275
f 173//276 171//276 167//276
f 173//277 162//277 168//277
f 173//278 168//278 170//278
f 173//279 170//279 171//279
f 167//280 166//280 173//280
f 164//281 166//281 167//281
f 161//282 174//282 166//282
f 161//283 166//283 175//283
f 175//284 166//284 169//284
f 169//285 166//285 165//285
f 175//286 169//286 168//286
f 162//159 175//159 168//159
f 161//159 175//159 162//159
f 156//287 174//287 161//287
f 147//288 176//288 149//288
f 147//289 177//289 176//289
f 153//290 178//290 158//290
f 176//291 179//291 149//291
f 178//292 180//292 158//292
f 181//293 178//293 153//293
f 151//294 181//294 153//294
f 149//295 179//295 151//295
f 158//296 180//296 160//296
f 179//297 181//297 151//297
f 180//298 182//298 160//298
f 182//299 183//299 156//299
f 160//300 182//300 156//300
f 183//301 174//301 156//301
f 184//302 185//302 174//302
f 173//303 174//303 172//303
f 166//304 174//304 173//304
f 184//305 174//305 183//305
f 186//306 185//306 184//306
f 154//307 187//307 152//307
f 152//308 188//308 150//308
f 152//309 187//309 188//309
f 150//310 188//310 148//310
f 148//311 188//311 140//311
f 140//312 188//312 116//312
f 188//313 114//313 116//313
f 187//314 117//314 188//314
f 118//315 114//315 188//315
f 119//316 117//316 187//316
f 117//317 118//317 188//317
f 189//316 119//316 187//316
f 190//318 154//318 159//318
f 172//319 191//319 157//319
f 192//320 193//320 155//320
f 190//321 187//321 154//321
f 193//322 159//322 155//322
f 191//322 192//322 157//322
f 192//320 155//320 157//320
f 193//323 190//323 159//323
f 194//324 195//324 172//324
f 194//325 196//325 195//325
f 172//326 195//326 191//326
f 197//327 198//327 187//327
f 199//328 189//328 200//328
f 198//329 189//329 187//329
f 198//330 201//330 189//330
f 190//331 197//331 187//331
f 200//332 189//332 201//332
f 197//75 179//75 198//75
f 190//76 181//76 197//76
f 181//74 179//74 197//74
f 193//39 178//39 190//39
f 182//333 180//333 193//333
f 183//65 182//65 191//65
f 191//65 182//65 192//65
f 180//38 178//38 193//38
f 178//64 181//64 190//64
f 192//334 182//334 193//334
f 184//335 183//335 195//335
f 195//336 183//336 191//336
f 186//337 184//337 196//337
f 196//337 184//337 195//337
f 202//338 186//338 203//338
f 203//127 186//127 196//127
f 204//236 205//236 199//236
f 206//77 207//77 208//77
f 179//73 176//73 198//73
f 200//81 204//81 199//81
f 199//237 205//237 206//237
f 177//78 204//78 200//78
f 198//72 176//72 201//72
f 201//339 177//339 200//339
f 205//80 207//80 206//80
f 176//340 177//340 201//340
f 207//341 209//341 208//341
f 210//154 211//154 212//154
f 208//341 209//341 210//341
f 211//342 213//342 212//342
f 212//343 213//343 214//343
f 209//154 211//154 210//154
f 206//344 215//344 199//344
f 216//345 119//345 215//345
f 199//346 215//346 189//346
f 215//347 119//347 189//347
f 217//348 216//348 215//348
f 214//349 218//349 212//349
f 218//350 217//350 215//350
f 210//351 215//351 208//351
f 210//352 218//352 215//352
f 212//353 218//353 210//353
f 208//354 215//354 206//354
f 17//355 219//355 220//355
f 219//356 221//356 220//356
f 219//356 222//356 221//356
f 17//355 220//355 15//355
f 19//357 223//357 21//357
f 224//358 225//358 226//358
f 223//358 225//358 224//358
f 21//359 223//359 224//359
f 220//360 225//360 223//360
f 221//361 225//361 220//361
f 15//362 223//362 19//362
f 220//363 223//363 15//363
f 227//364 228//364 21//364
f 228//365 33//365 21//365
f 229//366 219//366 17//366
f 224//367 227//367 21//367
f 230//368 17//368 231//368
f 224//369 232//369 227//369
f 231//370 17//370 22//370
f 224//371 233//371 232//371
f 224//372 234//372 233//372
f 229//373 17//373 230//373
f 226//374 235//374 234//374
f 226//375 234//375 224//375
f 236//376 222//376 237//376
f 237//377 222//377 219//377
f 237//378 219//378 238//378
f 238//379 219//379 229//379
f 222//380 239//380 221//380
f 222//380 240//380 239//380
f 239//381 241//381 242//381
f 221//382 242//382 225//382
f 239//383 242//383 221//383
f 226//384 242//384 243//384
f 225//384 242//384 226//384
f 243//385 241//385 244//385
f 242//385 241//385 243//385
f 245//386 246//386 226//386
f 247//387 245//387 226//387
f 246//388 235//388 226//388
f 248//389 222//389 236//389
f 248//390 249//390 222//390
f 243//391 247//391 226//391
f 249//392 250//392 222//392
f 251//393 240//393 252//393
f 252//394 240//394 250//394
f 250//395 240//395 222//395
f 244//396 253//396 243//396
f 243//397 254//397 247//397
f 243//398 255//398 254//398
f 243//399 253//399 255//399
f 22//224 23//224 33//224
f 33//224 23//224 25//224
f 231//400 22//400 228//400
f 228//401 22//401 33//401
f 230//402 231//402 227//402
f 227//402 231//402 228//402
f 232//403 230//403 227//403
f 229//403 230//403 232//403
f 238//129 229//129 233//129
f 233//129 229//129 232//129
f 237//404 238//404 234//404
f 234//405 238//405 233//405
f 235//406 237//406 234//406
f 236//407 237//407 235//407
f 256//408 257//408 258//408
f 259//269 236//269 235//269
f 260//409 256//409 258//409
f 258//135 257//135 259//135
f 257//270 236//270 259//270
f 261//410 262//410 263//410
f 264//411 262//411 261//411
f 265//241 264//241 266//241
f 266//241 264//241 261//241
f 82//412 267//412 268//412
f 81//412 267//412 82//412
f 268//86 265//86 266//86
f 267//86 265//86 268//86
f 262//248 269//248 263//248
f 270//160 271//160 272//160
f 263//247 269//247 270//247
f 272//246 273//246 274//246
f 269//160 271//160 270//160
f 274//159 275//159 260//159
f 271//246 273//246 272//246
f 275//286 256//286 260//286
f 273//159 275//159 274//159
f 261//413 276//413 266//413
f 277//414 263//414 270//414
f 277//415 270//415 272//415
f 268//416 98//416 82//416
f 277//417 276//417 263//417
f 266//418 98//418 268//418
f 263//419 276//419 261//419
f 276//420 98//420 266//420
f 256//421 278//421 257//421
f 275//422 279//422 256//422
f 279//422 278//422 256//422
f 278//423 280//423 257//423
f 281//421 279//421 275//421
f 280//424 248//424 236//424
f 257//425 280//425 236//425
f 282//426 283//426 260//426
f 284//427 282//427 260//427
f 284//428 260//428 258//428
f 246//429 285//429 259//429
f 246//430 259//430 235//430
f 283//431 274//431 260//431
f 283//432 277//432 274//432
f 277//433 272//433 274//433
f 285//434 258//434 259//434
f 285//435 284//435 258//435
f 286//436 287//436 262//436
f 286//437 262//437 264//437
f 286//438 264//438 265//438
f 92//439 286//439 265//439
f 92//440 267//440 81//440
f 92//441 265//441 267//441
f 262//442 287//442 269//442
f 92//443 93//443 99//443
f 286//444 92//444 276//444
f 276//445 92//445 98//445
f 98//446 92//446 99//446
f 273//447 288//447 275//447
f 287//448 288//448 273//448
f 283//449 287//449 277//449
f 288//450 281//450 275//450
f 269//451 287//451 271//451
f 271//452 287//452 273//452
f 288//453 287//453 283//453
f 287//454 286//454 277//454
f 277//455 286//455 276//455
f 248//212 280//212 245//212
f 245//215 280//215 246//215
f 249//213 248//213 247//213
f 278//456 279//456 285//456
f 280//211 278//211 246//211
f 247//457 248//457 245//457
f 246//210 278//210 285//210
f 285//74 279//74 284//74
f 250//65 249//65 254//65
f 254//63 249//63 247//63
f 255//458 250//458 254//458
f 252//227 250//227 255//227
f 281//459 289//459 282//459
f 282//217 289//217 290//217
f 290//78 291//78 292//78
f 279//460 281//460 284//460
f 284//460 281//460 282//460
f 289//461 291//461 290//461
f 292//462 293//462 294//462
f 291//463 293//463 292//463
f 294//239 295//239 296//239
f 293//238 295//238 294//238
f 296//464 297//464 298//464
f 295//464 297//464 296//464
f 299//228 300//228 301//228
f 302//465 303//465 299//465
f 251//466 252//466 253//466
f 253//467 252//467 255//467
f 304//468 303//468 302//468
f 300//469 251//469 301//469
f 301//469 251//469 253//469
f 303//233 300//233 299//233
f 305//470 306//470 307//470
f 308//471 309//471 310//471
f 307//472 306//472 308//472
f 306//471 309//471 308//471
f 311//473 305//473 312//473
f 312//473 305//473 307//473
f 297//474 311//474 298//474
f 298//474 311//474 312//474
f 294//475 313//475 292//475
f 290//476 313//476 283//476
f 290//477 283//477 282//477
f 312//478 314//478 298//478
f 296//479 313//479 294//479
f 296//480 314//480 313//480
f 298//481 314//481 296//481
f 292//482 313//482 290//482
f 288//483 289//483 281//483
f 315//484 289//484 288//484
f 315//485 291//485 289//485
f 315//486 293//486 291//486
f 315//487 295//487 293//487
f 316//488 305//488 311//488
f 317//489 311//489 297//489
f 316//490 311//490 317//490
f 317//491 295//491 315//491
f 317//492 297//492 295//492
f 314//493 315//493 313//493
f 317//494 315//494 314//494
f 313//495 288//495 283//495
f 315//495 288//495 313//495
f 312//496 318//496 314//496
f 316//497 317//497 318//497
f 318//498 317//498 314//498
f 319//499 316//499 318//499
f 307//326 318//326 312//326
f 320//500 321//500 322//500
f 240//501 320//501 239//501
f 240//502 321//502 320//502
f 323//503 320//503 322//503
f 244//504 301//504 253//504
f 244//354 299//354 301//354
f 304//505 321//505 303//505
f 303//506 321//506 300//506
f 300//507 321//507 251//507
f 251//508 321//508 240//508
f 304//509 322//509 321//509
f 323//510 324//510 241//510
f 320//511 323//511 241//511
f 241//512 324//512 244//512
f 320//513 241//513 239//513
f 325//514 326//514 327//514
f 327//515 328//515 329//515
f 327//516 326//516 328//516
f 327//346 302//346 244//346
f 327//517 329//517 302//517
f 244//344 302//344 299//344
f 244//518 324//518 327//518
f 323//519 322//519 330//519
f 331//520 330//520 332//520
f 324//521 333//521 327//521
f 327//522 333//522 325//522
f 331//523 323//523 330//523
f 334//524 331//524 332//524
f 323//525 331//525 324//525
f 328//526 335//526 329//526
f 326//272 336//272 328//272
f 337//527 338//527 339//527
f 339//286 338//286 326//286
f 340//528 337//528 341//528
f 336//529 335//529 328//529
f 341//530 337//530 339//530
f 338//271 336//271 326//271
f 335//531 304//531 329//531
f 329//229 304//229 302//229
f 336//532 330//532 322//532
f 338//533 330//533 336//533
f 337//534 330//534 338//534
f 335//535 322//535 304//535
f 336//536 322//536 335//536
f 342//537 330//537 337//537
f 340//538 342//538 337//538
f 343//539 344//539 341//539
f 344//322 345//322 310//322
f 345//540 308//540 310//540
f 310//541 309//541 341//541
f 309//542 340//542 341//542
f 344//323 310//323 341//323
f 325//543 343//543 341//543
f 325//544 341//544 339//544
f 325//545 339//545 326//545
f 346//546 307//546 308//546
f 346//547 318//547 307//547
f 345//540 346//540 308//540
f 316//301 347//301 305//301
f 306//298 348//298 309//298
f 347//548 348//548 306//548
f 309//292 349//292 340//292
f 348//296 349//296 309//296
f 349//549 342//549 340//549
f 305//299 347//299 306//299
f 350//550 342//550 343//550
f 351//550 342//550 350//550
f 344//224 348//224 345//224
f 343//227 349//227 344//227
f 346//39 347//39 352//39
f 345//551 347//551 346//551
f 342//458 349//458 343//458
f 349//226 348//226 344//226
f 348//552 347//552 345//552
f 334//553 332//553 353//553
f 354//554 350//554 325//554
f 351//555 330//555 342//555
f 325//556 350//556 343//556
f 354//557 355//557 350//557
f 354//558 356//558 355//558
f 354//559 357//559 356//559
f 351//560 332//560 330//560
f 358//561 357//561 354//561
f 359//562 332//562 351//562
f 360//230 361//230 357//230
f 362//563 363//563 360//563
f 359//403 351//403 355//403
f 355//403 351//403 350//403
f 364//129 359//129 356//129
f 356//129 359//129 355//129
f 361//231 364//231 357//231
f 363//229 361//229 360//229
f 357//232 364//232 356//232
f 365//564 366//564 353//564
f 361//565 353//565 364//565
f 363//566 353//566 361//566
f 365//567 353//567 363//567
f 364//568 353//568 332//568
f 364//569 332//569 359//569
f 367//570 368//570 319//570
f 346//571 352//571 318//571
f 352//572 319//572 318//572
f 352//277 369//277 319//277
f 369//573 367//573 319//573
f 331//574 333//574 324//574
f 325//575 370//575 354//575
f 371//576 372//576 370//576
f 334//577 371//577 370//577
f 334//578 370//578 333//578
f 331//579 334//579 333//579
f 333//580 370//580 325//580
f 371//581 373//581 372//581
f 370//582 372//582 354//582
f 373//583 371//583 366//583
f 358//584 360//584 357//584
f 358//585 372//585 374//585
f 371//553 334//553 353//553
f 371//583 353//583 366//583
f 358//586 375//586 362//586
f 354//582 372//582 358//582
f 358//587 374//587 375//587
f 358//588 362//588 360//588
f 376//589 377//589 378//589
f 373//590 376//590 378//590
f 373//591 378//591 372//591
f 372//585 378//585 374//585
f 379//499 316//499 319//499
f 380//592 379//592 381//592
f 381//593 379//593 319//593
f 382//594 380//594 383//594
f 384//595 382//595 383//595
f 383//596 380//596 381//596
f 385//597 382//597 384//597
f 386//598 387//598 388//598
f 389//599 385//599 384//599
f 390//600 385//600 389//600
f 388//601 387//601 391//601
f 387//602 392//602 391//602
f 391//603 390//603 389//603
f 392//604 390//604 391//604
f 172//605 185//605 194//605
f 174//606 185//606 172//606
f 393//129 202//129 203//129
f 394//607 395//607 185//607
f 185//608 395//608 194//608
f 394//609 185//609 202//609
f 202//610 185//610 186//610
f 194//611 395//611 396//611
f 397//612 398//612 399//612
f 400//612 398//612 397//612
f 395//613 400//613 396//613
f 396//613 400//613 397//613
f 401//614 400//614 395//614
f 402//465 394//465 403//465
f 404//615 400//615 401//615
f 402//616 395//616 394//616
f 394//130 202//130 393//130
f 403//617 394//617 393//617
f 401//618 395//618 402//618
f 405//425 406//425 407//425
f 407//619 408//619 409//619
f 405//620 407//620 409//620
f 408//422 410//422 411//422
f 400//448 412//448 398//448
f 409//621 408//621 411//621
f 404//622 410//622 400//622
f 413//424 406//424 405//424
f 410//623 412//623 400//623
f 411//624 410//624 404//624
f 414//625 415//625 416//625
f 399//626 414//626 416//626
f 416//627 415//627 387//627
f 398//628 414//628 399//628
f 417//629 418//629 414//629
f 418//630 415//630 414//630
f 419//451 420//451 398//451
f 421//631 415//631 418//631
f 422//632 414//632 398//632
f 417//633 414//633 422//633
f 420//442 422//442 398//442
f 412//452 419//452 398//452
f 415//634 392//634 387//634
f 423//635 424//635 425//635
f 415//636 424//636 426//636
f 415//637 426//637 392//637
f 425//638 415//638 421//638
f 425//639 424//639 415//639
f 396//640 203//640 194//640
f 396//641 427//641 403//641
f 396//642 403//642 393//642
f 396//643 393//643 203//643
f 194//644 203//644 196//644
f 397//645 428//645 427//645
f 401//132 402//132 427//132
f 427//137 402//137 403//137
f 428//646 401//646 427//646
f 397//647 427//647 396//647
f 429//435 430//435 431//435
f 432//648 428//648 397//648
f 432//649 429//649 431//649
f 433//650 397//650 399//650
f 432//651 431//651 428//651
f 433//652 432//652 397//652
f 411//135 404//135 431//135
f 434//653 409//653 430//653
f 430//163 411//163 431//163
f 404//654 401//654 428//654
f 409//162 411//162 430//162
f 431//408 404//408 428//408
f 413//161 405//161 435//161
f 405//653 409//653 434//653
f 435//158 405//158 434//158
f 436//655 413//655 435//655
f 214//247 437//247 436//247
f 437//655 413//655 436//655
f 213//248 437//248 214//248
f 438//656 434//656 439//656
f 429//657 439//657 430//657
f 213//658 440//658 441//658
f 437//659 442//659 413//659
f 413//660 442//660 406//660
f 213//661 441//661 437//661
f 437//662 441//662 442//662
f 211//663 440//663 213//663
f 439//664 434//664 430//664
f 443//665 436//665 435//665
f 443//666 435//666 434//666
f 443//667 218//667 436//667
f 444//668 217//668 218//668
f 443//669 444//669 218//669
f 436//670 218//670 214//670
f 445//671 446//671 443//671
f 445//374 443//374 438//374
f 438//672 443//672 434//672
f 447//673 444//673 443//673
f 446//673 447//673 443//673
f 448//674 449//674 416//674
f 450//675 433//675 399//675
f 416//417 451//417 399//417
f 451//414 452//414 399//414
f 416//676 449//676 451//676
f 387//677 448//677 416//677
f 452//678 450//678 399//678
f 387//679 453//679 448//679
f 418//680 417//680 448//680
f 449//401 422//401 451//401
f 448//681 417//681 449//681
f 453//469 418//469 448//469
f 417//400 422//400 449//400
f 387//682 454//682 453//682
f 386//683 455//683 454//683
f 386//684 454//684 387//684
f 450//685 412//685 433//685
f 410//686 408//686 432//686
f 422//224 420//224 451//224
f 451//226 420//226 452//226
f 432//686 408//686 429//686
f 412//76 410//76 433//76
f 433//64 410//64 432//64
f 452//687 420//687 450//687
f 420//688 419//688 450//688
f 419//215 412//215 450//215
f 421//469 418//469 453//469
f 445//117 441//117 456//117
f 456//689 440//689 457//689
f 441//689 440//689 456//689
f 429//112 407//112 439//112
f 406//118 442//118 438//118
f 442//115 441//115 445//115
f 438//116 442//116 445//116
f 407//114 406//114 439//114
f 439//690 406//690 438//690
f 408//112 407//112 429//112
f 458//691 459//691 460//691
f 460//691 459//691 461//691
f 462//692 458//692 463//692
f 457//693 462//693 463//693
f 463//692 458//692 460//692
f 440//693 462//693 457//693
f 425//694 421//694 454//694
f 454//694 421//694 453//694
f 423//232 425//232 455//232
f 455//231 425//231 454//231
f 464//407 423//407 455//407
f 465//406 423//406 464//406
f 466//162 467//162 468//162
f 469//269 465//269 470//269
f 468//271 469//271 470//271
f 467//272 469//272 468//272
f 470//270 465//270 464//270
f 471//527 467//527 466//527
f 472//530 471//530 466//530
f 473//530 471//530 472//530
f 474//695 475//695 476//695
f 477//696 475//696 474//696
f 475//697 473//697 476//697
f 476//698 473//698 472//698
f 461//699 477//699 474//699
f 459//472 477//472 461//472
f 478//700 476//700 472//700
f 478//701 472//701 466//701
f 478//702 474//702 476//702
f 479//703 446//703 463//703
f 463//704 446//704 457//704
f 456//705 446//705 445//705
f 479//706 463//706 460//706
f 457//707 446//707 456//707
f 479//708 480//708 446//708
f 480//709 447//709 446//709
f 481//710 480//710 479//710
f 474//711 479//711 461//711
f 478//712 479//712 474//712
f 478//713 481//713 479//713
f 461//714 479//714 460//714
f 380//715 482//715 379//715
f 379//716 483//716 316//716
f 484//717 483//717 379//717
f 380//718 485//718 482//718
f 482//285 486//285 379//285
f 483//719 347//719 316//719
f 486//720 484//720 379//720
f 483//721 484//721 352//721
f 369//110 486//110 367//110
f 352//721 484//721 369//721
f 347//39 483//39 352//39
f 484//216 486//216 369//216
f 367//73 482//73 368//73
f 482//217 485//217 368//217
f 487//118 488//118 489//118
f 485//116 488//116 487//116
f 486//73 482//73 367//73
f 368//218 485//218 487//218
f 490//241 491//241 492//241
f 492//241 491//241 493//241
f 494//722 490//722 495//722
f 495//722 490//722 492//722
f 496//412 494//412 497//412
f 489//237 496//237 497//237
f 497//412 494//412 495//412
f 488//462 496//462 489//462
f 491//244 498//244 493//244
f 493//244 498//244 499//244
f 499//723 500//723 501//723
f 498//724 500//724 499//724
f 501//695 502//695 503//695
f 500//696 502//696 501//696
f 503//246 504//246 505//246
f 502//246 504//246 503//246
f 380//725 488//725 485//725
f 506//250 494//250 382//250
f 382//261 494//261 496//261
f 382//726 488//726 380//726
f 382//260 496//260 488//260
f 507//727 491//727 490//727
f 508//201 498//201 491//201
f 509//728 498//728 508//728
f 510//729 500//729 509//729
f 508//730 491//730 507//730
f 509//731 500//731 498//731
f 507//732 490//732 506//732
f 506//733 490//733 494//733
f 489//734 381//734 487//734
f 487//735 381//735 368//735
f 489//736 383//736 381//736
f 497//737 383//737 489//737
f 495//738 383//738 497//738
f 368//739 381//739 319//739
f 511//740 512//740 384//740
f 513//741 514//741 389//741
f 515//742 511//742 383//742
f 514//743 391//743 389//743
f 516//744 513//744 389//744
f 495//165 515//165 383//165
f 516//745 389//745 384//745
f 512//746 516//746 384//746
f 511//747 384//747 383//747
f 499//748 517//748 493//748
f 499//749 518//749 517//749
f 493//750 517//750 519//750
f 493//751 519//751 492//751
f 492//752 519//752 515//752
f 492//753 515//753 495//753
f 520//754 366//754 521//754
f 521//408 365//408 375//408
f 521//755 366//755 365//755
f 374//756 522//756 375//756
f 504//159 520//159 505//159
f 505//159 520//159 522//159
f 522//409 521//409 375//409
f 520//286 521//286 522//286
f 375//757 365//757 362//757
f 365//563 363//563 362//563
f 523//758 524//758 500//758
f 500//759 524//759 502//759
f 502//760 524//760 504//760
f 510//761 523//761 500//761
f 373//762 366//762 524//762
f 504//763 524//763 520//763
f 524//764 366//764 520//764
f 525//205 499//205 501//205
f 525//765 501//765 503//765
f 374//766 505//766 522//766
f 374//767 503//767 505//767
f 374//768 525//768 503//768
f 374//769 378//769 525//769
f 526//770 376//770 524//770
f 376//762 373//762 524//762
f 525//771 518//771 499//771
f 526//772 524//772 523//772
f 525//773 527//773 528//773
f 525//774 528//774 518//774
f 529//775 530//775 390//775
f 531//256 506//256 382//256
f 532//776 529//776 390//776
f 390//777 530//777 385//777
f 530//778 533//778 385//778
f 426//143 534//143 392//143
f 533//779 531//779 385//779
f 385//257 531//257 382//257
f 392//780 532//780 390//780
f 534//144 532//144 392//144
f 513//781 532//781 514//781
f 529//781 532//781 513//781
f 530//685 529//685 516//685
f 511//65 533//65 512//65
f 512//66 533//66 516//66
f 516//215 529//215 513//215
f 531//63 533//63 511//63
f 533//69 530//69 516//69
f 515//68 531//68 511//68
f 506//68 531//68 515//68
f 517//403 507//403 519//403
f 508//782 507//782 517//782
f 519//680 506//680 515//680
f 507//681 506//681 519//681
f 534//783 426//783 535//783
f 536//784 537//784 538//784
f 538//784 537//784 539//784
f 424//118 536//118 386//118
f 386//116 536//116 538//116
f 388//690 424//690 386//690
f 535//112 426//112 388//112
f 532//75 534//75 514//75
f 426//114 424//114 388//114
f 514//74 534//74 535//74
f 467//785 540//785 469//785
f 469//786 540//786 537//786
f 537//787 540//787 539//787
f 467//788 541//788 540//788
f 465//123 536//123 423//123
f 423//141 536//141 424//141
f 465//789 537//789 536//789
f 469//790 537//790 465//790
f 542//407 510//407 528//407
f 543//407 510//407 542//407
f 528//465 509//465 518//465
f 510//468 509//468 528//468
f 518//694 508//694 517//694
f 544//563 543//563 542//563
f 509//791 508//791 518//791
f 545//792 546//792 544//792
f 547//286 548//286 549//286
f 549//286 548//286 545//286
f 550//159 547//159 549//159
f 548//792 546//792 545//792
f 546//563 543//563 544//563
f 527//793 542//793 528//793
f 551//794 523//794 543//794
f 543//795 523//795 510//795
f 552//158 553//158 550//158
f 554//796 553//796 552//796
f 555//797 554//797 556//797
f 556//798 554//798 552//798
f 553//164 547//164 550//164
f 557//799 551//799 547//799
f 546//800 551//800 543//800
f 548//801 551//801 546//801
f 547//802 551//802 548//802
f 553//803 557//803 547//803
f 554//804 557//804 553//804
f 555//805 557//805 554//805
f 558//806 557//806 559//806
f 559//807 557//807 555//807
f 514//808 535//808 391//808
f 377//809 560//809 525//809
f 526//810 561//810 560//810
f 526//811 560//811 377//811
f 376//812 526//812 377//812
f 378//813 377//813 525//813
f 561//814 526//814 523//814
f 527//815 545//815 544//815
f 562//816 561//816 551//816
f 527//817 544//817 542//817
f 561//818 523//818 551//818
f 525//819 560//819 527//819
f 561//820 563//820 560//820
f 560//821 563//821 527//821
f 561//822 562//822 563//822
f 539//823 464//823 538//823
f 535//824 388//824 391//824
f 564//825 470//825 539//825
f 539//826 470//826 464//826
f 538//827 455//827 386//827
f 538//828 464//828 455//828
f 558//156 559//156 565//156
f 566//470 555//470 556//470
f 567//241 558//241 565//241
f 565//155 559//155 566//155
f 540//829 541//829 564//829
f 564//693 541//693 567//693
f 539//239 540//239 564//239
f 541//242 558//242 567//242
f 559//699 555//699 566//699
f 568//830 567//830 565//830
f 568//52 565//52 566//52
f 567//104 569//104 564//104
f 471//831 541//831 467//831
f 471//832 558//832 541//832
f 564//833 569//833 470//833
f 471//834 557//834 558//834
f 473//835 557//835 471//835
f 475//836 557//836 473//836
f 477//837 557//837 475//837
f 568//48 569//48 567//48
f 570//838 481//838 478//838
f 569//838 570//838 478//838
f 569//839 478//839 466//839
f 569//840 466//840 468//840
f 569//841 468//841 470//841
f 527//842 571//842 545//842
f 568//56 566//56 556//56
f 527//821 563//821 571//821
f 571//843 549//843 545//843
f 571//844 550//844 549//844
f 562//845 551//845 557//845
f 571//846 568//846 556//846
f 571//847 556//847 552//847
f 571//848 552//848 550//848
f 568//849 572//849 569//849
f 562//850 570//850 572//850
f 571//851 572//851 568//851
f 572//849 570//849 569//849
f 563//852 572//852 571//852
f 562//853 572//853 563//853
f 573//854 574//854 575//854
f 575//855 576//855 577//855
f 578//856 579//856 575//856
f 574//857 578//857 575//857
f 577//858 573//858 575//858
f 580//859 581//859 582//859
f 582//860 583//860 580//860
f 581//861 584//861 582//861
f 575//862 579//862 582//862
f 584//863 585//863 582//863
f 582//864 579//864 583//864
f 575//865 586//865 576//865
f 575//866 587//866 586//866
f 575//867 582//867 588//867
f 589//868 588//868 590//868
f 591//869 588//869 589//869
f 115//870 575//870 591//870
f 588//871 591//871 575//871
f 590//872 592//872 593//872
f 588//873 592//873 590//873
f 593//874 594//874 590//874
f 595//875 596//875 597//875
f 588//876 595//876 592//876
f 596//877 598//877 599//877
f 595//878 597//878 592//878
f 596//879 599//879 597//879
f 598//880 600//880 601//880
f 598//881 601//881 599//881
f 602//882 603//882 594//882
f 600//883 604//883 601//883
f 605//884 606//884 607//884
f 600//885 605//885 604//885
f 606//886 608//886 607//886
f 605//887 607//887 604//887
f 606//888 609//888 608//888
f 609//889 610//889 611//889
f 610//890 612//890 611//890
f 610//891 603//891 612//891
f 609//892 611//892 608//892
f 603//893 602//893 612//893
f 613//894 588//894 582//894
f 614//895 613//895 582//895
f 613//896 595//896 588//896
f 603//897 615//897 594//897
f 616//898 590//898 615//898
f 615//899 590//899 594//899
f 606//900 613//900 609//900
f 605//901 613//901 606//901
f 603//902 613//902 615//902
f 595//903 613//903 596//903
f 596//904 613//904 598//904
f 598//905 613//905 600//905
f 600//906 613//906 605//906
f 609//907 613//907 610//907
f 610//908 613//908 603//908
f 617//909 618//909 619//909
f 617//910 620//910 618//910
f 619//911 618//911 621//911
f 617//912 622//912 623//912
f 620//913 617//913 624//913
f 624//914 617//914 623//914
f 625//915 623//915 626//915
f 623//912 622//912 627//912
f 619//916 621//916 628//916
f 626//917 623//917 627//917
f 629//49 630//49 579//49
f 629//918 628//918 630//918
f 629//918 619//918 628//918
f 620//919 631//919 618//919
f 620//920 632//920 631//920
f 632//921 633//921 631//921
f 632//922 620//922 634//922
f 634//923 620//923 624//923
f 631//924 635//924 636//924
f 618//18 631//18 636//18
f 618//925 636//925 621//925
f 631//926 633//926 635//926
f 637//927 632//927 634//927
f 633//928 638//928 639//928
f 633//928 639//928 635//928
f 640//927 632//927 637//927
f 640//929 638//929 633//929
f 632//930 640//930 633//930
f 621//931 641//931 642//931
f 636//932 643//932 621//932
f 636//933 644//933 643//933
f 621//934 645//934 628//934
f 621//935 643//935 641//935
f 621//936 642//936 645//936
f 646//937 634//937 624//937
f 636//938 647//938 644//938
f 648//939 635//939 649//939
f 649//940 635//940 650//940
f 635//941 639//941 650//941
f 647//942 635//942 648//942
f 636//943 635//943 647//943
f 651//944 634//944 646//944
f 652//945 653//945 634//945
f 654//946 637//946 653//946
f 655//947 637//947 654//947
f 653//948 637//948 634//948
f 651//949 652//949 634//949
f 654//127 653//127 650//127
f 649//950 652//950 648//950
f 652//951 651//951 648//951
f 650//127 653//127 649//127
f 648//952 651//952 647//952
f 656//953 654//953 650//953
f 653//954 652//954 649//954
f 625//955 657//955 623//955
f 657//956 658//956 623//956
f 659//957 646//957 624//957
f 660//958 659//958 624//958
f 661//959 660//959 624//959
f 623//960 661//960 624//960
f 658//961 661//961 623//961
f 651//962 646//962 647//962
f 644//69 659//69 643//69
f 659//963 660//963 641//963
f 643//38 659//38 641//38
f 647//964 646//964 644//964
f 646//69 659//69 644//69
f 642//965 661//965 645//965
f 660//210 661//210 641//210
f 641//210 661//210 642//210
f 645//966 658//966 662//966
f 661//967 658//967 645//967
f 662//968 657//968 663//968
f 664//969 665//969 666//969
f 658//970 657//970 662//970
f 657//968 667//968 663//968
f 668//969 664//969 666//969
f 663//78 664//78 668//78
f 667//971 664//971 663//971
f 665//77 669//77 670//77
f 669//972 671//972 672//972
f 670//973 669//973 672//973
f 666//77 665//77 670//77
f 673//974 655//974 656//974
f 674//974 655//974 673//974
f 655//975 654//975 656//975
f 672//154 675//154 676//154
f 677//797 678//797 679//797
f 680//976 677//976 681//976
f 671//977 675//977 672//977
f 682//978 680//978 681//978
f 675//979 680//979 682//979
f 681//797 677//797 679//797
f 676//980 675//980 682//980
f 622//981 617//981 619//981
f 683//982 684//982 578//982
f 684//983 629//983 578//983
f 622//984 619//984 629//984
f 684//985 622//985 629//985
f 622//986 684//986 627//986
f 685//987 683//987 686//987
f 627//988 684//988 685//988
f 684//989 683//989 685//989
f 686//990 687//990 685//990
f 578//49 629//49 579//49
f 688//991 626//991 627//991
f 689//992 688//992 627//992
f 690//993 689//993 627//993
f 687//994 691//994 685//994
f 692//995 690//995 685//995
f 691//996 693//996 685//996
f 685//997 690//997 627//997
f 693//998 692//998 685//998
f 683//999 578//999 574//999
f 686//1000 683//1000 694//1000
f 683//1001 574//1001 694//1001
f 695//1002 657//1002 625//1002
f 696//1003 667//1003 695//1003
f 695//1004 667//1004 657//1004
f 697//1005 664//1005 696//1005
f 697//1006 665//1006 664//1006
f 696//1007 664//1007 667//1007
f 698//1008 665//1008 697//1008
f 699//1009 680//1009 675//1009
f 698//440 669//440 665//440
f 699//1010 675//1010 671//1010
f 698//1011 699//1011 671//1011
f 698//1012 671//1012 669//1012
f 579//1013 700//1013 701//1013
f 579//1014 702//1014 700//1014
f 630//1015 702//1015 579//1015
f 630//1016 703//1016 702//1016
f 630//1017 704//1017 703//1017
f 630//1018 705//1018 704//1018
f 630//1019 628//1019 705//1019
f 706//1020 707//1020 579//1020
f 579//1021 708//1021 706//1021
f 579//1022 701//1022 708//1022
f 628//1023 709//1023 705//1023
f 628//1024 645//1024 709//1024
f 692//212 693//212 702//212
f 693//1025 691//1025 700//1025
f 700//1025 691//1025 701//1025
f 702//1026 693//1026 700//1026
f 691//1027 687//1027 708//1027
f 701//1028 691//1028 708//1028
f 708//783 710//783 706//783
f 706//1029 710//1029 707//1029
f 687//783 710//783 708//783
f 710//968 711//968 707//968
f 707//78 712//78 713//78
f 711//971 712//971 707//971
f 686//1030 712//1030 711//1030
f 710//1031 687//1031 686//1031
f 686//1032 711//1032 710//1032
f 579//1033 714//1033 715//1033
f 579//1034 715//1034 716//1034
f 583//1035 579//1035 716//1035
f 579//1036 707//1036 714//1036
f 705//67 689//67 704//67
f 704//962 690//962 703//962
f 689//964 690//964 704//964
f 703//1037 692//1037 702//1037
f 688//952 689//952 705//952
f 709//1038 688//1038 705//1038
f 626//1038 688//1038 709//1038
f 690//1039 692//1039 703//1039
f 717//239 718//239 719//239
f 712//84 718//84 713//84
f 719//1040 720//1040 721//1040
f 718//239 720//239 719//239
f 720//1040 722//1040 721//1040
f 721//474 723//474 724//474
f 722//474 723//474 721//474
f 713//83 718//83 717//83
f 725//1041 625//1041 726//1041
f 625//1042 626//1042 726//1042
f 726//1042 626//1042 709//1042
f 695//1041 625//1041 725//1041
f 727//1043 695//1043 725//1043
f 697//1044 696//1044 728//1044
f 729//1045 697//1045 728//1045
f 730//1046 731//1046 729//1046
f 696//1047 695//1047 727//1047
f 728//1048 696//1048 727//1048
f 731//1049 697//1049 729//1049
f 732//1050 731//1050 730//1050
f 733//1051 734//1051 735//1051
f 734//1052 732//1052 736//1052
f 735//1051 734//1051 736//1051
f 736//1053 732//1053 730//1053
f 737//542 733//542 735//542
f 738//1054 739//1054 740//1054
f 723//1055 741//1055 738//1055
f 741//1056 739//1056 738//1056
f 740//1057 737//1057 742//1057
f 742//1058 737//1058 735//1058
f 739//797 737//797 740//797
f 724//1059 723//1059 738//1059
f 726//825 662//825 725//825
f 727//828 668//828 728//828
f 663//1060 668//1060 727//1060
f 725//1061 663//1061 727//1061
f 668//823 666//823 728//823
f 728//1062 666//1062 743//1062
f 726//1063 645//1063 662//1063
f 709//1064 645//1064 726//1064
f 662//120 663//120 725//120
f 729//1065 743//1065 744//1065
f 728//1066 743//1066 729//1066
f 729//1067 744//1067 730//1067
f 676//1068 682//1068 745//1068
f 672//413 676//413 745//413
f 666//1069 670//1069 743//1069
f 670//1070 672//1070 743//1070
f 672//1071 745//1071 743//1071
f 731//1072 698//1072 697//1072
f 746//1073 747//1073 734//1073
f 747//1074 698//1074 731//1074
f 734//1075 747//1075 732//1075
f 732//1076 747//1076 731//1076
f 737//1077 746//1077 733//1077
f 733//1078 746//1078 734//1078
f 730//1079 744//1079 736//1079
f 736//171 744//171 748//171
f 735//1080 748//1080 742//1080
f 736//844 748//844 735//844
f 742//1081 748//1081 749//1081
f 748//1082 750//1082 749//1082
f 746//76 750//76 748//76
f 738//1083 749//1083 751//1083
f 740//1084 749//1084 738//1084
f 738//1085 751//1085 724//1085
f 742//1086 749//1086 740//1086
f 747//174 746//174 744//174
f 745//1087 698//1087 743//1087
f 699//1088 698//1088 745//1088
f 744//174 746//174 748//174
f 698//1089 747//1089 743//1089
f 743//1089 747//1089 744//1089
f 752//1090 753//1090 694//1090
f 753//1091 754//1091 694//1091
f 694//1092 712//1092 686//1092
f 694//1093 718//1093 712//1093
f 755//1094 752//1094 694//1094
f 694//1095 574//1095 755//1095
f 754//1096 718//1096 694//1096
f 756//1097 722//1097 720//1097
f 757//1098 722//1098 756//1098
f 758//1099 723//1099 757//1099
f 756//1100 720//1100 754//1100
f 754//1101 720//1101 718//1101
f 757//1102 723//1102 722//1102
f 713//1103 717//1103 759//1103
f 759//1104 717//1104 760//1104
f 717//1105 719//1105 760//1105
f 760//1106 719//1106 761//1106
f 719//1107 721//1107 761//1107
f 761//1108 721//1108 762//1108
f 707//1109 713//1109 714//1109
f 714//1110 713//1110 759//1110
f 721//168 724//168 762//168
f 762//1111 724//1111 763//1111
f 764//1112 765//1112 766//1112
f 766//1113 765//1113 755//1113
f 766//1114 767//1114 768//1114
f 765//1115 769//1115 755//1115
f 766//1116 768//1116 764//1116
f 574//1117 573//1117 755//1117
f 769//1118 770//1118 755//1118
f 770//1119 752//1119 755//1119
f 755//1120 573//1120 766//1120
f 714//1121 752//1121 715//1121
f 759//1122 752//1122 714//1122
f 761//335 754//335 760//335
f 753//1123 752//1123 759//1123
f 756//335 754//335 761//335
f 754//964 753//964 760//964
f 760//962 753//962 759//962
f 770//1124 769//1124 715//1124
f 716//1125 769//1125 583//1125
f 715//76 769//76 716//76
f 583//72 765//72 580//72
f 769//1126 765//1126 583//1126
f 752//1127 770//1127 715//1127
f 584//1128 767//1128 585//1128
f 581//971 767//971 584//971
f 768//78 767//78 581//78
f 764//339 768//339 581//339
f 765//1129 764//1129 580//1129
f 580//339 764//339 581//339
f 767//1128 771//1128 585//1128
f 585//1130 771//1130 772//1130
f 772//341 773//341 774//341
f 771//77 773//77 772//77
f 773//341 775//341 774//341
f 776//617 777//617 778//617
f 779//617 777//617 776//617
f 778//1131 758//1131 763//1131
f 777//1132 758//1132 778//1132
f 757//467 756//467 762//467
f 763//1133 757//1133 762//1133
f 762//1134 756//1134 761//1134
f 758//1135 757//1135 763//1135
f 775//154 780//154 774//154
f 781//1136 780//1136 782//1136
f 774//977 780//977 781//977
f 783//1137 784//1137 785//1137
f 786//978 783//978 787//978
f 787//1137 783//1137 785//1137
f 780//1136 786//1136 782//1136
f 782//976 786//976 787//976
f 758//1138 788//1138 723//1138
f 723//1139 788//1139 741//1139
f 741//1140 750//1140 739//1140
f 739//1141 750//1141 737//1141
f 750//1142 746//1142 737//1142
f 788//1143 750//1143 741//1143
f 724//1144 751//1144 763//1144
f 788//1145 789//1145 790//1145
f 750//1146 788//1146 751//1146
f 751//1147 788//1147 790//1147
f 749//1148 750//1148 751//1148
f 791//1149 789//1149 792//1149
f 792//1150 789//1150 779//1150
f 777//1151 788//1151 758//1151
f 789//1152 793//1152 790//1152
f 779//1153 788//1153 777//1153
f 789//1154 788//1154 779//1154
f 791//1155 793//1155 789//1155
f 794//720 793//720 795//720
f 796//717 793//717 794//717
f 795//1156 793//1156 791//1156
f 796//1157 797//1157 793//1157
f 784//1158 797//1158 796//1158
f 790//1159 798//1159 799//1159
f 776//1160 790//1160 800//1160
f 776//1161 751//1161 790//1161
f 778//1162 751//1162 776//1162
f 763//1163 751//1163 778//1163
f 800//1164 790//1164 799//1164
f 801//1165 802//1165 785//1165
f 803//1166 798//1166 801//1166
f 792//1167 779//1167 800//1167
f 800//1168 779//1168 776//1168
f 798//1169 802//1169 801//1169
f 791//526 792//526 799//526
f 799//1170 798//1170 804//1170
f 804//1171 798//1171 803//1171
f 799//526 792//526 800//526
f 804//1172 791//1172 799//1172
f 785//1173 796//1173 801//1173
f 796//1051 794//1051 801//1051
f 801//1051 794//1051 803//1051
f 803//1053 795//1053 804//1053
f 794//1052 795//1052 803//1052
f 784//1174 796//1174 785//1174
f 795//1175 791//1175 804//1175
f 772//1176 805//1176 585//1176
f 781//1177 806//1177 774//1177
f 787//1178 807//1178 782//1178
f 772//1179 808//1179 805//1179
f 774//1180 806//1180 808//1180
f 774//1181 808//1181 772//1181
f 782//1182 809//1182 781//1182
f 781//1183 809//1183 806//1183
f 805//1184 810//1184 585//1184
f 782//1185 807//1185 809//1185
f 785//1186 811//1186 787//1186
f 785//1187 802//1187 812//1187
f 787//1186 811//1186 807//1186
f 785//1188 812//1188 811//1188
f 793//1189 797//1189 802//1189
f 790//1190 793//1190 798//1190
f 802//1191 813//1191 814//1191
f 797//1192 813//1192 802//1192
f 814//1193 815//1193 816//1193
f 813//1194 815//1194 814//1194
f 798//1195 793//1195 802//1195
f 817//1196 816//1196 818//1196
f 812//1197 802//1197 819//1197
f 818//1198 816//1198 820//1198
f 820//1199 816//1199 821//1199
f 814//1200 816//1200 817//1200
f 822//1201 814//1201 817//1201
f 819//1202 814//1202 822//1202
f 802//1203 814//1203 819//1203
f 823//1204 767//1204 766//1204
f 823//1205 771//1205 767//1205
f 823//1206 773//1206 771//1206
f 824//1207 775//1207 823//1207
f 823//1208 775//1208 773//1208
f 576//1209 586//1209 824//1209
f 577//1210 576//1210 823//1210
f 823//1211 576//1211 824//1211
f 573//1120 577//1120 766//1120
f 766//1212 577//1212 823//1212
f 575//1213 825//1213 587//1213
f 824//1214 826//1214 780//1214
f 824//1215 780//1215 775//1215
f 780//1216 826//1216 786//1216
f 786//1217 827//1217 783//1217
f 826//1218 827//1218 786//1218
f 783//298 828//298 784//298
f 828//1219 829//1219 784//1219
f 827//298 828//298 783//298
f 830//1220 831//1220 832//1220
f 833//1221 834//1221 830//1221
f 830//1222 834//1222 824//1222
f 835//1223 826//1223 824//1223
f 830//1224 832//1224 833//1224
f 834//1225 835//1225 824//1225
f 836//1226 815//1226 813//1226
f 837//1227 815//1227 836//1227
f 838//1228 815//1228 837//1228
f 839//1229 813//1229 797//1229
f 840//1230 813//1230 839//1230
f 841//1231 813//1231 840//1231
f 836//1232 813//1232 841//1232
f 839//1233 797//1233 829//1233
f 829//1234 797//1234 784//1234
f 807//1235 827//1235 809//1235
f 828//333 827//333 811//333
f 811//333 827//333 807//333
f 827//1236 826//1236 809//1236
f 806//1028 835//1028 808//1028
f 826//1025 835//1025 809//1025
f 809//1025 835//1025 806//1025
f 822//1237 839//1237 819//1237
f 840//1238 839//1238 822//1238
f 839//1239 829//1239 819//1239
f 819//227 829//227 812//227
f 812//964 828//964 811//964
f 829//1240 828//1240 812//1240
f 835//1241 834//1241 808//1241
f 808//1129 834//1129 805//1129
f 805//1242 833//1242 810//1242
f 834//72 833//72 805//72
f 833//1242 832//1242 810//1242
f 842//464 843//464 844//464
f 845//1130 843//1130 842//1130
f 810//78 831//78 846//78
f 846//1243 831//1243 847//1243
f 843//464 848//464 844//464
f 831//1243 845//1243 847//1243
f 832//81 831//81 810//81
f 847//77 845//77 842//77
f 817//1244 840//1244 822//1244
f 836//1245 841//1245 818//1245
f 837//1246 836//1246 820//1246
f 818//1131 841//1131 817//1131
f 841//1244 840//1244 817//1244
f 820//1247 836//1247 818//1247
f 821//1048 837//1048 820//1048
f 849//1248 838//1248 821//1248
f 850//1248 838//1248 849//1248
f 851//1050 850//1050 852//1050
f 838//1048 837//1048 821//1048
f 852//1046 850//1046 849//1046
f 853//1053 851//1053 852//1053
f 844//154 854//154 855//154
f 855//1249 854//1249 856//1249
f 848//977 854//977 844//977
f 857//1250 858//1250 859//1250
f 856//1251 857//1251 859//1251
f 854//1249 857//1249 856//1249
f 859//1252 858//1252 860//1252
f 858//1253 861//1253 860//1253
f 860//1254 862//1254 863//1254
f 861//1255 862//1255 860//1255
f 864//1053 851//1053 853//1053
f 863//653 864//653 853//653
f 862//653 864//653 863//653
f 830//1256 587//1256 865//1256
f 824//1257 586//1257 830//1257
f 865//1258 831//1258 830//1258
f 586//1257 587//1257 830//1257
f 587//1259 825//1259 865//1259
f 866//1260 867//1260 858//1260
f 866//1261 858//1261 857//1261
f 866//1262 857//1262 854//1262
f 866//1263 854//1263 848//1263
f 865//1264 848//1264 843//1264
f 866//1265 848//1265 865//1265
f 865//1266 843//1266 845//1266
f 865//1267 845//1267 831//1267
f 861//1268 867//1268 862//1268
f 858//1269 867//1269 861//1269
f 866//1270 868//1270 867//1270
f 865//1271 868//1271 866//1271
f 825//1272 868//1272 865//1272
f 868//668 869//668 867//668
f 844//1273 855//1273 870//1273
f 842//1274 844//1274 870//1274
f 582//1275 842//1275 870//1275
f 847//1276 842//1276 582//1276
f 846//1277 847//1277 582//1277
f 810//1278 846//1278 582//1278
f 585//1279 810//1279 582//1279
f 640//1280 871//1280 638//1280
f 871//1281 872//1281 638//1281
f 871//1282 873//1282 872//1282
f 871//1283 640//1283 874//1283
f 874//1284 640//1284 637//1284
f 873//1285 871//1285 875//1285
f 638//1286 876//1286 639//1286
f 638//1287 872//1287 876//1287
f 875//1288 871//1288 874//1288
f 872//1289 877//1289 878//1289
f 872//1289 878//1289 876//1289
f 877//1290 879//1290 880//1290
f 881//1291 879//1291 877//1291
f 873//1292 881//1292 877//1292
f 873//1293 877//1293 872//1293
f 877//1294 880//1294 878//1294
f 881//1295 873//1295 882//1295
f 882//1295 873//1295 875//1295
f 650//1296 639//1296 656//1296
f 656//1297 639//1297 673//1297
f 674//1298 637//1298 655//1298
f 883//1299 874//1299 674//1299
f 674//1300 874//1300 637//1300
f 639//1301 876//1301 673//1301
f 883//1302 884//1302 874//1302
f 673//1303 876//1303 885//1303
f 886//136 883//136 885//136
f 886//1304 887//1304 888//1304
f 885//137 674//137 673//137
f 883//132 674//132 885//132
f 888//1305 887//1305 889//1305
f 888//1306 889//1306 890//1306
f 885//1307 876//1307 891//1307
f 885//1308 892//1308 886//1308
f 886//664 892//664 887//664
f 885//1309 891//1309 892//1309
f 678//1310 893//1310 679//1310
f 679//1311 893//1311 894//1311
f 895//136 883//136 886//136
f 896//1312 895//1312 888//1312
f 890//1313 896//1313 888//1313
f 894//653 897//653 890//653
f 893//653 897//653 894//653
f 888//1314 895//1314 886//1314
f 897//1315 896//1315 890//1315
f 699//1316 898//1316 680//1316
f 898//1317 899//1317 893//1317
f 893//1318 899//1318 897//1318
f 680//1319 898//1319 677//1319
f 678//1320 898//1320 893//1320
f 677//1321 898//1321 678//1321
f 900//1322 901//1322 899//1322
f 899//1323 901//1323 902//1323
f 899//1324 902//1324 897//1324
f 897//1325 903//1325 896//1325
f 902//1326 903//1326 897//1326
f 896//1327 904//1327 895//1327
f 903//1328 904//1328 896//1328
f 904//1329 884//1329 895//1329
f 895//1330 884//1330 883//1330
f 890//1331 889//1331 905//1331
f 876//1332 878//1332 906//1332
f 876//1333 907//1333 891//1333
f 876//1334 906//1334 907//1334
f 908//1335 875//1335 909//1335
f 884//1336 910//1336 874//1336
f 909//1337 875//1337 911//1337
f 910//1338 911//1338 874//1338
f 911//1339 875//1339 874//1339
f 892//76 904//76 887//76
f 907//1340 910//1340 891//1340
f 909//1341 911//1341 906//1341
f 906//1341 911//1341 907//1341
f 908//335 909//335 912//335
f 912//335 909//335 906//335
f 911//1342 910//1342 907//1342
f 884//76 904//76 892//76
f 910//1343 884//1343 891//1343
f 891//38 884//38 892//38
f 906//1344 878//1344 912//1344
f 912//1345 878//1345 913//1345
f 914//1346 880//1346 915//1346
f 916//1347 880//1347 914//1347
f 913//1348 880//1348 916//1348
f 878//1349 880//1349 913//1349
f 917//1350 882//1350 875//1350
f 917//1351 875//1351 908//1351
f 918//1352 882//1352 917//1352
f 919//1353 882//1353 918//1353
f 920//1354 882//1354 919//1354
f 913//337 908//337 912//337
f 914//953 918//953 916//953
f 918//127 917//127 916//127
f 917//337 908//337 913//337
f 916//127 917//127 913//127
f 919//953 918//953 914//953
f 921//529 922//529 923//529
f 923//1167 920//1167 915//1167
f 922//1168 920//1168 923//1168
f 920//465 919//465 915//465
f 915//617 919//617 914//617
f 887//1125 904//1125 889//1125
f 889//970 903//970 905//970
f 904//1126 903//1126 889//1126
f 905//1355 902//1355 924//1355
f 903//966 902//966 905//966
f 902//1355 901//1355 924//1355
f 924//1356 925//1356 926//1356
f 927//1357 928//1357 929//1357
f 930//1358 927//1358 931//1358
f 932//1357 927//1357 929//1357
f 931//1358 927//1358 932//1358
f 925//1359 930//1359 926//1359
f 901//1360 925//1360 924//1360
f 926//1361 930//1361 931//1361
f 933//1362 934//1362 935//1362
f 936//526 922//526 921//526
f 935//1363 937//1363 938//1363
f 937//1172 936//1172 938//1172
f 938//1172 936//1172 921//1172
f 934//1364 937//1364 935//1364
f 928//1365 939//1365 929//1365
f 929//1365 939//1365 940//1365
f 941//1366 942//1366 943//1366
f 943//1367 942//1367 944//1367
f 940//1368 941//1368 943//1368
f 939//1369 941//1369 940//1369
f 942//696 945//696 944//696
f 946//1362 934//1362 933//1362
f 945//1370 946//1370 933//1370
f 947//1311 945//1311 933//1311
f 944//696 945//696 947//696
f 948//1371 928//1371 927//1371
f 948//1372 927//1372 930//1372
f 948//1373 939//1373 928//1373
f 949//1374 939//1374 948//1374
f 948//1375 930//1375 900//1375
f 949//1376 950//1376 941//1376
f 949//1377 941//1377 939//1377
f 900//1378 930//1378 925//1378
f 900//1379 925//1379 901//1379
f 951//1380 952//1380 953//1380
f 954//1381 881//1381 882//1381
f 952//1382 879//1382 953//1382
f 952//1383 880//1383 879//1383
f 955//1384 956//1384 957//1384
f 957//1385 956//1385 953//1385
f 958//1386 957//1386 954//1386
f 955//1387 957//1387 958//1387
f 957//1388 953//1388 881//1388
f 957//1389 881//1389 954//1389
f 951//1390 953//1390 956//1390
f 881//1391 953//1391 879//1391
f 920//1392 954//1392 882//1392
f 922//1393 954//1393 920//1393
f 937//1394 958//1394 954//1394
f 936//1395 954//1395 922//1395
f 937//1396 954//1396 936//1396
f 938//1397 951//1397 935//1397
f 923//1398 952//1398 921//1398
f 921//1399 951//1399 938//1399
f 915//1400 952//1400 923//1400
f 880//1401 952//1401 915//1401
f 952//1402 951//1402 921//1402
f 959//1403 958//1403 960//1403
f 946//1404 958//1404 934//1404
f 934//1405 958//1405 937//1405
f 945//1406 961//1406 946//1406
f 961//1407 960//1407 946//1407
f 960//1408 958//1408 946//1408
f 941//1409 950//1409 942//1409
f 950//1410 962//1410 942//1410
f 942//1410 962//1410 945//1410
f 962//1409 961//1409 945//1409
f 963//1411 955//1411 958//1411
f 955//1412 964//1412 956//1412
f 965//1411 955//1411 963//1411
f 966//1413 956//1413 964//1413
f 966//1414 951//1414 956//1414
f 967//1415 968//1415 963//1415
f 969//1416 963//1416 959//1416
f 970//553 964//553 971//553
f 968//1417 965//1417 963//1417
f 970//553 966//553 964//553
f 972//1418 970//1418 971//1418
f 959//1419 963//1419 958//1419
f 967//1420 963//1420 973//1420
f 973//1421 963//1421 969//1421
f 965//1422 964//1422 955//1422
f 972//1418 971//1418 974//1418
f 975//1423 976//1423 968//1423
f 976//1424 971//1424 965//1424
f 965//1425 971//1425 964//1425
f 976//1426 965//1426 968//1426
f 976//1427 974//1427 971//1427
f 977//1428 974//1428 978//1428
f 978//1429 974//1429 976//1429
f 978//1430 976//1430 975//1430
f 979//1431 977//1431 980//1431
f 980//1432 977//1432 978//1432
f 681//1433 981//1433 682//1433
f 679//1434 981//1434 681//1434
f 898//1435 699//1435 981//1435
f 981//1436 699//1436 745//1436
f 890//1437 982//1437 894//1437
f 894//1438 982//1438 981//1438
f 894//1439 981//1439 679//1439
f 899//449 898//449 982//449
f 982//1440 898//1440 981//1440
f 682//1441 981//1441 745//1441
f 983//1442 899//1442 982//1442
f 900//1443 899//1443 983//1443
f 905//1444 924//1444 982//1444
f 982//1445 924//1445 983//1445
f 890//1446 905//1446 982//1446
f 929//1447 940//1447 984//1447
f 984//1448 940//1448 985//1448
f 924//1449 926//1449 983//1449
f 926//1450 931//1450 983//1450
f 931//1451 932//1451 983//1451
f 940//1452 943//1452 985//1452
f 932//1453 929//1453 984//1453
f 983//1454 932//1454 984//1454
f 984//1455 900//1455 983//1455
f 985//1456 948//1456 984//1456
f 948//1457 900//1457 984//1457
f 944//1458 986//1458 943//1458
f 943//1459 986//1459 985//1459
f 985//1460 986//1460 987//1460
f 988//1461 989//1461 990//1461
f 989//1462 991//1462 990//1462
f 992//1463 949//1463 985//1463
f 990//1464 949//1464 992//1464
f 991//1465 993//1465 990//1465
f 949//1466 948//1466 985//1466
f 993//717 994//717 990//717
f 990//1467 994//1467 949//1467
f 994//1468 950//1468 949//1468
f 992//1469 995//1469 996//1469
f 992//277 987//277 997//277
f 992//1170 998//1170 995//1170
f 999//1470 988//1470 996//1470
f 992//1471 997//1471 998//1471
f 996//1472 990//1472 992//1472
f 985//275 987//275 992//275
f 988//1473 990//1473 996//1473
f 815//1474 1000//1474 816//1474
f 1001//1475 1002//1475 849//1475
f 816//1474 1000//1474 1001//1474
f 821//1476 1001//1476 849//1476
f 816//1477 1001//1477 821//1477
f 1003//1478 1004//1478 1005//1478
f 1006//1479 1005//1479 1007//1479
f 1006//1480 1007//1480 1008//1480
f 1001//1481 1000//1481 1006//1481
f 1000//1482 1003//1482 1006//1482
f 1006//1483 1003//1483 1005//1483
f 1001//1437 1009//1437 1002//1437
f 1006//1484 1009//1484 1001//1484
f 1006//1485 1010//1485 1009//1485
f 1006//1486 1008//1486 1010//1486
f 1011//600 1012//600 1013//600
f 1013//1487 1012//1487 1014//1487
f 1015//1488 988//1488 999//1488
f 1012//1489 1015//1489 1014//1489
f 1014//1490 1015//1490 999//1490
f 1016//1491 1011//1491 1013//1491
f 1017//1492 1016//1492 1018//1492
f 1018//1491 1016//1491 1013//1491
f 1019//1492 1016//1492 1017//1492
f 1020//1493 1021//1493 1016//1493
f 1019//637 1022//637 1016//637
f 1016//1494 1021//1494 1011//1494
f 1019//636 1023//636 1022//636
f 1021//1495 1024//1495 1011//1495
f 1024//1496 1025//1496 1011//1496
f 1011//1497 1025//1497 1012//1497
f 1025//1498 1026//1498 1012//1498
f 1022//143 1020//143 1016//143
f 1005//625 1019//625 1017//625
f 1004//1499 1019//1499 1005//1499
f 1005//1500 1017//1500 1027//1500
f 1028//1501 1017//1501 1029//1501
f 1005//1502 1027//1502 1030//1502
f 1007//1503 1005//1503 1030//1503
f 1027//1504 1017//1504 1028//1504
f 1031//1505 1032//1505 1017//1505
f 1013//1506 1033//1506 1018//1506
f 1018//1079 1033//1079 1034//1079
f 1013//1507 1035//1507 1033//1507
f 1018//1508 1031//1508 1017//1508
f 1013//1509 1036//1509 1035//1509
f 1018//1510 1034//1510 1031//1510
f 1014//1511 1036//1511 1013//1511
f 1014//1512 1037//1512 1036//1512
f 1038//1513 1039//1513 1040//1513
f 1039//1514 1041//1514 1040//1514
f 1042//1515 1039//1515 1038//1515
f 1043//1516 1042//1516 1038//1516
f 1029//1517 1032//1517 1043//1517
f 1032//1518 1042//1518 1043//1518
f 1017//1519 1032//1519 1029//1519
f 944//1520 1044//1520 986//1520
f 933//1521 1045//1521 947//1521
f 947//1522 1045//1522 1044//1522
f 947//1520 1044//1520 944//1520
f 933//1523 1046//1523 1045//1523
f 935//1524 1046//1524 933//1524
f 1046//1525 951//1525 1047//1525
f 935//1526 951//1526 1046//1526
f 1044//1123 950//1123 986//1123
f 950//1527 994//1527 987//1527
f 962//1123 950//1123 1044//1123
f 1045//1528 962//1528 1044//1528
f 961//1529 962//1529 1045//1529
f 986//1530 950//1530 987//1530
f 994//210 993//210 987//210
f 997//1126 993//1126 998//1126
f 993//1125 991//1125 998//1125
f 998//783 991//783 995//783
f 987//210 993//210 997//210
f 989//1242 1048//1242 1049//1242
f 991//783 989//783 995//783
f 995//1531 989//1531 1049//1531
f 1050//1532 1051//1532 1052//1532
f 1051//1533 1053//1533 1054//1533
f 1049//78 1050//78 1055//78
f 1055//1243 1050//1243 1052//1243
f 1048//971 1050//971 1049//971
f 1052//1534 1051//1534 1054//1534
f 1049//1535 1055//1535 996//1535
f 995//1536 1049//1536 996//1536
f 996//1537 1055//1537 999//1537
f 1055//1162 1052//1162 999//1162
f 1052//1538 1054//1538 999//1538
f 959//467 960//467 1047//467
f 1047//467 960//467 1046//467
f 969//234 959//234 1056//234
f 1046//227 961//227 1045//227
f 960//227 961//227 1046//227
f 1056//234 959//234 1047//234
f 1057//1539 969//1539 1056//1539
f 967//617 973//617 1058//617
f 973//1539 969//1539 1057//1539
f 1059//1168 967//1168 1058//1168
f 1058//465 973//465 1057//465
f 1060//1540 1061//1540 1062//1540
f 1061//529 1063//529 1064//529
f 1064//526 1063//526 1059//526
f 1063//1167 967//1167 1059//1167
f 1062//1540 1061//1540 1064//1540
f 1065//1053 1060//1053 1062//1053
f 1054//1541 1053//1541 1066//1541
f 1067//1542 1068//1542 1069//1542
f 1053//464 1070//464 1066//464
f 1070//474 1067//474 1066//474
f 1071//1136 1067//1136 1069//1136
f 1066//474 1067//474 1071//474
f 1072//1052 1060//1052 1065//1052
f 1073//1543 1072//1543 1074//1543
f 1075//1253 1076//1253 1077//1253
f 1068//1544 1076//1544 1075//1544
f 1078//1545 1073//1545 1077//1545
f 1074//1546 1072//1546 1065//1546
f 1069//1547 1068//1547 1075//1547
f 1077//1548 1073//1548 1074//1548
f 1076//1252 1078//1252 1077//1252
f 1057//1549 970//1549 1058//1549
f 1058//1550 970//1550 1059//1550
f 1059//1551 970//1551 1064//1551
f 1064//1552 970//1552 972//1552
f 966//1553 970//1553 1057//1553
f 1047//1554 966//1554 1056//1554
f 1056//1555 966//1555 1057//1555
f 951//1556 966//1556 1047//1556
f 1079//762 972//762 974//762
f 1072//1557 975//1557 1060//1557
f 1060//1558 968//1558 1061//1558
f 1061//1559 968//1559 1063//1559
f 1063//1560 968//1560 967//1560
f 975//1561 968//1561 1060//1561
f 1077//1562 1079//1562 1075//1562
f 1064//1563 972//1563 1062//1563
f 1074//1564 1079//1564 1077//1564
f 1065//1565 1079//1565 1074//1565
f 1062//1566 972//1566 1065//1566
f 1065//1567 972//1567 1079//1567
f 988//1568 1050//1568 1048//1568
f 1015//1569 1050//1569 988//1569
f 1015//1570 1053//1570 1051//1570
f 1015//1571 1051//1571 1050//1571
f 988//1572 1048//1572 989//1572
f 1026//1573 1080//1573 1012//1573
f 1012//1574 1080//1574 1015//1574
f 1081//1575 1053//1575 1015//1575
f 1082//1576 1068//1576 1083//1576
f 1083//1577 1068//1577 1067//1577
f 1080//1578 1081//1578 1015//1578
f 1084//1579 1070//1579 1081//1579
f 1081//1580 1070//1580 1053//1580
f 1084//1579 1067//1579 1070//1579
f 1083//1097 1067//1097 1084//1097
f 999//1581 1054//1581 1085//1581
f 1014//1582 1086//1582 1037//1582
f 999//1583 1086//1583 1014//1583
f 999//1085 1085//1085 1086//1085
f 1066//1584 1071//1584 1087//1584
f 1054//1585 1066//1585 1085//1585
f 1087//1586 1071//1586 1088//1586
f 1089//1587 1075//1587 1090//1587
f 1088//1588 1069//1588 1089//1588
f 1085//1589 1066//1589 1087//1589
f 1071//1590 1069//1590 1088//1590
f 1069//1591 1075//1591 1089//1591
f 1026//1037 1025//1037 1037//1037
f 1036//1236 1025//1236 1035//1236
f 1037//1039 1025//1039 1036//1039
f 1035//76 1021//76 1033//76
f 1024//76 1021//76 1035//76
f 1033//1125 1021//1125 1034//1125
f 1025//1235 1024//1235 1035//1235
f 1085//401 1080//401 1086//401
f 1081//401 1080//401 1085//401
f 1084//950 1081//950 1087//950
f 1086//1592 1026//1592 1037//1592
f 1080//1341 1026//1341 1086//1341
f 1087//954 1081//954 1085//954
f 1022//1593 1023//1593 1032//1593
f 1021//1125 1020//1125 1034//1125
f 1031//1593 1022//1593 1032//1593
f 1020//1594 1022//1594 1031//1594
f 1034//1595 1020//1595 1031//1595
f 1091//1596 1092//1596 1039//1596
f 1041//1597 1093//1597 1094//1597
f 1039//1598 1092//1598 1041//1598
f 1092//1358 1093//1358 1041//1358
f 1023//1599 1091//1599 1032//1599
f 1093//1597 1095//1597 1094//1597
f 1042//1600 1091//1600 1039//1600
f 1032//1599 1091//1599 1042//1599
f 1090//617 1082//617 1089//617
f 1096//132 1097//132 1090//132
f 1097//617 1082//617 1090//617
f 1083//234 1084//234 1088//234
f 1088//234 1084//234 1087//234
f 1089//1601 1083//1601 1088//1601
f 1082//1602 1083//1602 1089//1602
f 1098//526 1099//526 1096//526
f 1100//1175 1101//1175 1102//1175
f 1099//137 1097//137 1096//137
f 1102//1172 1101//1172 1098//1172
f 1101//526 1099//526 1098//526
f 1103//1315 1100//1315 1102//1315
f 1104//1603 1105//1603 1106//1603
f 1094//1604 1105//1604 1104//1604
f 1095//1365 1105//1365 1094//1365
f 1105//1059 1107//1059 1106//1059
f 1107//978 1108//978 1109//978
f 1106//976 1107//976 1109//976
f 1108//1605 1110//1605 1111//1605
f 1112//1313 1100//1313 1103//1313
f 1111//1255 1113//1255 1114//1255
f 1110//1254 1113//1254 1111//1254
f 1109//1606 1108//1606 1111//1606
f 1113//1543 1112//1543 1114//1543
f 1114//1543 1112//1543 1103//1543
f 1079//762 974//762 977//762
f 1115//1607 978//1607 975//1607
f 1116//1608 1079//1608 977//1608
f 1082//1609 1115//1609 1068//1609
f 1115//1610 975//1610 1078//1610
f 1073//1611 975//1611 1072//1611
f 1078//1612 975//1612 1073//1612
f 1068//1613 1115//1613 1076//1613
f 1076//1614 1115//1614 1078//1614
f 1117//1615 1116//1615 979//1615
f 1118//1616 1115//1616 1097//1616
f 1117//1617 979//1617 1119//1617
f 1097//1618 1115//1618 1082//1618
f 980//1607 978//1607 1115//1607
f 1118//1619 980//1619 1115//1619
f 1116//1620 977//1620 979//1620
f 1090//1621 1116//1621 1096//1621
f 1075//1622 1079//1622 1116//1622
f 1075//1623 1116//1623 1090//1623
f 1096//1624 1116//1624 1117//1624
f 1101//1625 1118//1625 1099//1625
f 1099//1626 1118//1626 1097//1626
f 1120//1627 1118//1627 1100//1627
f 1121//1628 1117//1628 1119//1628
f 1100//1629 1118//1629 1101//1629
f 1109//1630 1121//1630 1106//1630
f 1111//1631 1121//1631 1109//1631
f 1106//1632 1121//1632 1104//1632
f 1102//1633 1117//1633 1103//1633
f 1098//1634 1117//1634 1102//1634
f 1096//1635 1117//1635 1098//1635
f 1114//1636 1121//1636 1111//1636
f 1103//1637 1117//1637 1121//1637
f 1103//1638 1121//1638 1114//1638
f 838//1639 1000//1639 815//1639
f 850//1640 1000//1640 838//1640
f 862//1641 1122//1641 864//1641
f 1123//1642 1124//1642 851//1642
f 862//1643 1125//1643 1122//1643
f 850//1644 1124//1644 1000//1644
f 851//1645 1124//1645 850//1645
f 1122//1646 1123//1646 864//1646
f 864//1647 1123//1647 851//1647
f 1126//1648 1127//1648 1003//1648
f 1128//69 1127//69 1008//69
f 1124//1649 1126//1649 1000//1649
f 1000//1650 1126//1650 1003//1650
f 1127//1651 1128//1651 1003//1651
f 1128//1652 1129//1652 1003//1652
f 1129//1653 1004//1653 1003//1653
f 860//1654 1130//1654 859//1654
f 849//1655 1002//1655 852//1655
f 852//1656 1002//1656 1131//1656
f 1132//1657 1130//1657 860//1657
f 853//664 1133//664 863//664
f 853//1658 1131//1658 1133//1658
f 863//1659 1132//1659 860//1659
f 1133//1308 1132//1308 863//1308
f 852//1660 1131//1660 853//1660
f 1127//38 1126//38 1010//38
f 1126//76 1124//76 1009//76
f 1009//76 1124//76 1002//76
f 1002//1241 1124//1241 1131//1241
f 1010//38 1126//38 1009//38
f 1008//69 1127//69 1010//69
f 1124//1028 1123//1028 1131//1028
f 1131//72 1122//72 1133//72
f 1125//78 1134//78 1132//78
f 1133//968 1122//968 1132//968
f 1123//1661 1122//1661 1131//1661
f 1122//1029 1125//1029 1132//1029
f 1132//971 1134//971 1130//971
f 869//1662 1135//1662 1136//1662
f 1136//1663 1137//1663 1138//1663
f 1136//1664 1138//1664 1134//1664
f 867//1665 1134//1665 1125//1665
f 1136//1666 1134//1666 867//1666
f 867//1667 1125//1667 862//1667
f 867//1662 869//1662 1136//1662
f 1139//1668 1004//1668 1129//1668
f 1139//438 1140//438 1004//438
f 1140//1669 1019//1669 1004//1669
f 1141//638 1019//638 1142//638
f 1142//631 1019//631 1140//631
f 1129//1670 1128//1670 1007//1670
f 1030//1671 1129//1671 1007//1671
f 1139//401 1129//401 1030//401
f 1007//964 1128//964 1008//964
f 1027//128 1139//128 1030//128
f 1140//128 1139//128 1027//128
f 1142//127 1140//127 1028//127
f 1029//1602 1142//1602 1028//1602
f 1028//127 1140//127 1027//127
f 1141//1602 1142//1602 1029//1602
f 1143//465 1141//465 1043//465
f 1043//617 1141//617 1029//617
f 1144//973 1137//973 1145//973
f 1137//973 1146//973 1145//973
f 1138//77 1137//77 1147//77
f 1147//77 1137//77 1144//77
f 1134//83 1138//83 1130//83
f 1130//84 1138//84 1147//84
f 1148//1672 1149//1672 1150//1672
f 1151//1251 1152//1251 1153//1251
f 1149//1673 1152//1673 1151//1673
f 1153//696 1154//696 1155//696
f 1152//696 1154//696 1153//696
f 1150//1369 1149//1369 1151//1369
f 1146//1674 1148//1674 1145//1674
f 1145//1674 1148//1674 1150//1674
f 1156//126 1092//126 1157//126
f 1143//1675 1023//1675 1141//1675
f 1141//639 1023//639 1019//639
f 1157//125 1092//125 1091//125
f 1157//1676 1091//1676 1143//1676
f 1143//1676 1091//1676 1023//1676
f 1158//1677 1156//1677 1040//1677
f 1038//137 1143//137 1043//137
f 1159//1313 1160//1313 1158//1313
f 1156//526 1157//526 1040//526
f 1157//132 1143//132 1038//132
f 1040//529 1157//529 1038//529
f 1160//1312 1156//1312 1158//1312
f 1154//1678 1161//1678 1155//1678
f 1161//653 1162//653 1163//653
f 1163//653 1162//653 1159//653
f 1155//1678 1161//1678 1163//1678
f 1162//1315 1160//1315 1159//1315
f 1136//1679 1146//1679 1137//1679
f 1146//1680 1164//1680 1148//1680
f 1136//1681 1164//1681 1146//1681
f 1164//1682 1149//1682 1148//1682
f 1164//1683 1152//1683 1149//1683
f 1152//1684 1165//1684 1154//1684
f 1164//1685 1165//1685 1152//1685
f 1154//1686 1165//1686 1161//1686
f 1161//959 1165//959 1162//959
f 1166//1687 1167//1687 1165//1687
f 1135//1688 1166//1688 1136//1688
f 1164//1689 1166//1689 1165//1689
f 1136//1690 1166//1690 1164//1690
f 1168//1619 980//1619 1118//1619
f 1120//1691 1168//1691 1118//1691
f 1169//1692 1168//1692 1120//1692
f 1169//1693 1119//1693 1168//1693
f 1168//1694 979//1694 980//1694
f 1119//1695 979//1695 1168//1695
f 1170//1696 1169//1696 1120//1696
f 1171//1697 1119//1697 1169//1697
f 1172//1698 1171//1698 1173//1698
f 1173//1699 1171//1699 1169//1699
f 1173//1700 1169//1700 1170//1700
f 1174//1701 1093//1701 1156//1701
f 1041//1064 1094//1064 1158//1064
f 1158//1702 1094//1702 1159//1702
f 1040//1703 1041//1703 1158//1703
f 1094//1704 1104//1704 1159//1704
f 1156//109 1093//109 1092//109
f 1155//1705 1121//1705 1153//1705
f 1105//1706 1170//1706 1107//1706
f 1095//1707 1170//1707 1105//1707
f 1174//1708 1170//1708 1095//1708
f 1163//1709 1121//1709 1155//1709
f 1159//1710 1121//1710 1163//1710
f 1104//1711 1121//1711 1159//1711
f 1174//1712 1095//1712 1093//1712
f 1107//1713 1170//1713 1108//1713
f 1174//1714 1172//1714 1170//1714
f 1165//1715 1172//1715 1174//1715
f 1167//1715 1172//1715 1165//1715
f 1172//1716 1173//1716 1170//1716
f 1160//1717 1174//1717 1156//1717
f 1162//1718 1174//1718 1160//1718
f 1165//1719 1174//1719 1162//1719
f 1121//1720 1119//1720 1171//1720
f 1108//1721 1120//1721 1110//1721
f 1110//1722 1120//1722 1113//1722
f 1113//146 1120//146 1112//146
f 1112//1723 1120//1723 1100//1723
f 1170//1724 1120//1724 1108//1724
f 1147//1725 1144//1725 856//1725
f 856//1726 1144//1726 855//1726
f 859//1727 1147//1727 856//1727
f 1130//1728 1147//1728 859//1728
f 1153//1729 1121//1729 870//1729
f 1121//1730 1171//1730 1175//1730
f 1121//1731 1175//1731 870//1731
f 855//1732 1144//1732 870//1732
f 1144//1733 1145//1733 870//1733
f 1145//1734 1150//1734 870//1734
f 1150//1735 1151//1735 870//1735
f 1151//1736 1153//1736 870//1736
f 1176//1737 1175//1737 115//1737
f 115//1737 1175//1737 575//1737
f 1175//1738 825//1738 575//1738
f 582//1739 870//1739 614//1739
f 1177//1740 1178//1740 1179//1740
f 1179//1741 1178//1741 1180//1741
f 1180//1742 1178//1742 1181//1742
f 1181//1743 1178//1743 1182//1743
f 614//1744 1183//1744 1184//1744
f 614//1745 1184//1745 1185//1745
f 614//1746 1185//1746 1186//1746
f 614//1747 1186//1747 1187//1747
f 614//1748 1187//1748 1188//1748
f 614//1749 870//1749 1183//1749
f 1175//1750 1135//1750 869//1750
f 1175//1751 869//1751 868//1751
f 1175//1752 868//1752 825//1752
f 1175//1753 1166//1753 1135//1753
f 1175//1754 1167//1754 1166//1754
f 1175//1755 1172//1755 1167//1755
f 1175//1756 1171//1756 1172//1756
f 870//1757 1175//1757 1189//1757
f 1189//1758 1175//1758 1190//1758
f 1175//1759 1178//1759 1177//1759
f 1190//1760 1175//1760 1177//1760
f 1191//1761 120//1761 1192//1761
f 120//1762 115//1762 1192//1762
f 1192//1763 115//1763 1193//1763
f 1193//1764 115//1764 591//1764
f 1194//1765 120//1765 1191//1765
f 1195//1766 120//1766 1194//1766
f 1196//1767 120//1767 1197//1767
f 1197//1768 120//1768 1198//1768
f 1198//1769 120//1769 1199//1769
f 1199//1770 120//1770 1195//1770
f 1200//1771 120//1771 1196//1771
f 1201//1772 120//1772 1200//1772
f 1202//1773 120//1773 1201//1773
f 1202//1774 1203//1774 120//1774
f 589//1775 1204//1775 591//1775
f 591//1776 1204//1776 1205//1776
f 1193//1777 591//1777 1205//1777
f 1192//1778 1205//1778 1206//1778
f 1192//1779 1193//1779 1205//1779
f 1191//1780 1192//1780 1206//1780
f 1194//1781 1191//1781 1206//1781
f 1195//1782 1194//1782 1206//1782
f 1199//1783 1206//1783 1207//1783
f 1199//1784 1195//1784 1206//1784
f 1198//1785 1199//1785 1207//1785
f 1197//1786 1198//1786 1207//1786
f 1197//1787 1207//1787 1208//1787
f 1196//1788 1197//1788 1208//1788
f 1209//1789 1204//1789 589//1789
f 1209//1790 1210//1790 1204//1790
f 1196//1791 1208//1791 1211//1791
f 1204//1792 1212//1792 1205//1792
f 1202//1793 1201//1793 1213//1793
f 1200//1794 1214//1794 1215//1794
f 1200//1795 1211//1795 1214//1795
f 1200//1796 1196//1796 1211//1796
f 1201//1797 1215//1797 1213//1797
f 1201//1798 1200//1798 1215//1798
f 1202//1799 1213//1799 1216//1799
f 1217//1800 1202//1800 1216//1800
f 1208//1801 1218//1801 1211//1801
f 1205//1802 1212//1802 1219//1802
f 1207//1803 1218//1803 1208//1803
f 1206//1804 1218//1804 1207//1804
f 1205//1805 1219//1805 1206//1805
f 1206//1806 1219//1806 1218//1806
f 1220//1807 1221//1807 1215//1807
f 1214//1808 1220//1808 1215//1808
f 1211//1809 1220//1809 1214//1809
f 1218//1810 1220//1810 1211//1810
f 1221//1811 1222//1811 1216//1811
f 1213//1812 1221//1812 1216//1812
f 1215//1813 1221//1813 1213//1813
f 1223//1814 1217//1814 1216//1814
f 1222//1815 1224//1815 1216//1815
f 1217//1816 1209//1816 1203//1816
f 1210//1817 1209//1817 1217//1817
f 1217//1818 1203//1818 1202//1818
f 1225//1819 1226//1819 1223//1819
f 1225//1820 1227//1820 1228//1820
f 1225//1821 1228//1821 1229//1821
f 1230//1822 1231//1822 1232//1822
f 1230//1823 1232//1823 1227//1823
f 1233//1824 1234//1824 1226//1824
f 1225//1825 1229//1825 1226//1825
f 1225//1826 1230//1826 1227//1826
f 1233//1827 1235//1827 1234//1827
f 1226//1828 1234//1828 1223//1828
f 120//1829 207//1829 205//1829
f 120//1830 205//1830 204//1830
f 120//1831 139//1831 136//1831
f 138//1832 121//1832 120//1832
f 120//1833 204//1833 177//1833
f 120//1834 177//1834 147//1834
f 120//1835 147//1835 139//1835
f 120//1836 136//1836 138//1836
f 1236//1837 207//1837 120//1837
f 216//1838 1176//1838 115//1838
f 216//1839 115//1839 119//1839
f 1229//1840 1236//1840 120//1840
f 1209//1841 1233//1841 1203//1841
f 1229//1842 120//1842 1203//1842
f 1226//1843 1229//1843 1203//1843
f 1203//1844 1233//1844 1226//1844
f 1227//1845 1232//1845 1229//1845
f 1228//1846 1227//1846 1229//1846
f 217//1847 1176//1847 216//1847
f 1236//1848 209//1848 207//1848
f 1236//1849 211//1849 209//1849
f 1236//1850 440//1850 211//1850
f 1236//1851 462//1851 440//1851
f 444//1852 1176//1852 217//1852
f 447//1853 1176//1853 444//1853
f 1236//1854 458//1854 462//1854
f 1236//1855 477//1855 459//1855
f 1236//1856 459//1856 458//1856
f 481//1857 1176//1857 480//1857
f 480//1858 1176//1858 447//1858
f 1236//1859 557//1859 477//1859
f 557//1860 1236//1860 1176//1860
f 562//1861 557//1861 1176//1861
f 570//1862 1176//1862 481//1862
f 562//1863 1176//1863 570//1863
f 1232//1864 1231//1864 1229//1864
f 1237//1865 1238//1865 1229//1865
f 1239//1866 1237//1866 1229//1866
f 1231//1867 1239//1867 1229//1867
f 1238//1868 1236//1868 1229//1868
f 1176//1869 1236//1869 1240//1869
f 1241//1870 1242//1870 1243//1870
f 1176//1871 1240//1871 1244//1871
f 1176//1872 1244//1872 1241//1872
f 1241//1873 1245//1873 1242//1873
f 1241//1874 1244//1874 1245//1874
f 1175//1875 1176//1875 1241//1875
f 1233//1876 1209//1876 589//1876
f 589//1877 1246//1877 1233//1877
f 590//1878 1246//1878 589//1878
f 616//1879 1241//1879 1246//1879
f 1247//1880 1248//1880 1238//1880
f 1230//1881 1247//1881 1237//1881
f 1230//1882 1239//1882 1231//1882
f 1230//1883 1237//1883 1239//1883
f 1247//1884 1238//1884 1237//1884
f 1249//1885 1240//1885 1236//1885
f 1249//1886 1250//1886 1240//1886
f 1248//1887 1236//1887 1238//1887
f 1248//1888 1249//1888 1236//1888
f 1250//1889 1251//1889 1240//1889
f 1251//1890 1244//1890 1240//1890
f 1235//1891 1246//1891 1241//1891
f 1252//1892 1242//1892 1245//1892
f 1252//1893 1245//1893 1244//1893
f 1253//1894 1235//1894 1241//1894
f 1246//1895 1235//1895 1233//1895
f 1253//1896 1243//1896 1242//1896
f 1251//1897 1252//1897 1244//1897
f 1252//1898 1253//1898 1242//1898
f 1253//1899 1241//1899 1243//1899
f 1254//1900 1255//1900 593//1900
f 1256//1901 594//1901 593//1901
f 1256//1902 593//1902 1204//1902
f 1257//1903 1258//1903 1259//1903
f 593//1904 1255//1904 1259//1904
f 1255//1905 1257//1905 1259//1905
f 1210//1906 602//1906 1256//1906
f 1217//1907 602//1907 1210//1907
f 1258//1908 1260//1908 1259//1908
f 1259//1909 1261//1909 1204//1909
f 1256//1910 1204//1910 1210//1910
f 593//1911 1259//1911 1204//1911
f 592//1912 1254//1912 593//1912
f 1262//1913 592//1913 1263//1913
f 1264//1914 592//1914 1262//1914
f 592//1915 1265//1915 1266//1915
f 592//1916 1266//1916 1267//1916
f 592//1917 1267//1917 1263//1917
f 1254//1918 592//1918 1264//1918
f 1268//1919 1262//1919 1263//1919
f 1268//1920 1269//1920 1262//1920
f 1270//1921 1255//1921 1254//1921
f 1269//1922 1264//1922 1262//1922
f 1269//1923 1270//1923 1254//1923
f 1269//1924 1254//1924 1264//1924
f 1271//1925 1272//1925 1267//1925
f 1271//1926 1267//1926 1266//1926
f 1272//1927 1268//1927 1263//1927
f 1273//1928 1271//1928 1266//1928
f 1272//1929 1263//1929 1267//1929
f 1274//1930 1273//1930 1266//1930
f 1274//1931 1266//1931 1265//1931
f 1275//1932 592//1932 597//1932
f 1275//1933 1276//1933 592//1933
f 1277//1934 1278//1934 1265//1934
f 592//1935 1276//1935 1277//1935
f 592//1936 1277//1936 1265//1936
f 1275//1937 599//1937 601//1937
f 1275//1938 611//1938 612//1938
f 1275//1939 597//1939 599//1939
f 1275//1940 601//1940 604//1940
f 1275//1941 604//1941 607//1941
f 1275//1942 607//1942 608//1942
f 1275//1943 608//1943 611//1943
f 1275//1944 612//1944 602//1944
f 1277//1945 1279//1945 1280//1945
f 1277//1946 1280//1946 1278//1946
f 1277//1947 1276//1947 1279//1947
f 1279//1948 1276//1948 1281//1948
f 1281//1949 1282//1949 1283//1949
f 1284//1950 1285//1950 1286//1950
f 1282//1951 1287//1951 1283//1951
f 1284//1952 1288//1952 1285//1952
f 1283//1953 1289//1953 1284//1953
f 1287//1954 1289//1954 1283//1954
f 1284//1955 1289//1955 1288//1955
f 1276//1956 1282//1956 1281//1956
f 1261//1957 1290//1957 1291//1957
f 1261//1958 1291//1958 1292//1958
f 1204//1959 1261//1959 1292//1959
f 1204//1960 1293//1960 1212//1960
f 1204//1961 1292//1961 1293//1961
f 1292//1962 1291//1962 1294//1962
f 1293//1963 1294//1963 1295//1963
f 1290//1964 1261//1964 1296//1964
f 1291//1965 1290//1965 1296//1965
f 1293//1966 1292//1966 1294//1966
f 1212//1967 1293//1967 1295//1967
f 1219//1968 1212//1968 1295//1968
f 1259//1969 1296//1969 1261//1969
f 1291//1970 1296//1970 1294//1970
f 1220//1971 1218//1971 1297//1971
f 1219//1972 1295//1972 1298//1972
f 1218//1973 1298//1973 1297//1973
f 1218//1974 1219//1974 1298//1974
f 1220//1975 1297//1975 1299//1975
f 1300//1976 1301//1976 1224//1976
f 1224//1977 1222//1977 1302//1977
f 1224//1978 1302//1978 1300//1978
f 1222//1979 1221//1979 1302//1979
f 1221//1980 1220//1980 1299//1980
f 1221//1981 1303//1981 1302//1981
f 1221//1982 1299//1982 1303//1982
f 1300//1983 1304//1983 1301//1983
f 1304//1984 1305//1984 1306//1984
f 1305//1985 1307//1985 1306//1985
f 1307//1986 1308//1986 1309//1986
f 1308//1987 1310//1987 1311//1987
f 1307//1988 1309//1988 1306//1988
f 1308//1989 1311//1989 1309//1989
f 1310//1990 1312//1990 1311//1990
f 1312//1991 1313//1991 1314//1991
f 1312//1992 1314//1992 1311//1992
f 1313//1993 1315//1993 1316//1993
f 1313//1994 1316//1994 1314//1994
f 1315//1995 1317//1995 1316//1995
f 1234//1996 1318//1996 1223//1996
f 1223//1997 602//1997 1217//1997
f 1225//1998 1223//1998 1216//1998
f 1319//1999 1224//1999 1301//1999
f 1224//2000 1319//2000 1216//2000
f 1319//2001 1225//2001 1216//2001
f 1309//2002 1225//2002 1319//2002
f 1306//2003 1309//2003 1319//2003
f 1306//2004 1319//2004 1301//2004
f 1309//2005 1311//2005 1225//2005
f 1314//2006 1249//2006 1248//2006
f 1311//2007 1314//2007 1247//2007
f 1314//2008 1316//2008 1249//2008
f 1316//2009 1250//2009 1249//2009
f 1247//2010 1314//2010 1248//2010
f 1225//2011 1311//2011 1230//2011
f 1311//2012 1247//2012 1230//2012
f 1317//2013 1252//2013 1251//2013
f 1317//2014 1253//2014 1252//2014
f 1317//2015 1320//2015 1253//2015
f 1320//2016 1321//2016 1253//2016
f 1321//2017 1322//2017 1253//2017
f 1316//2018 1317//2018 1251//2018
f 1316//2019 1251//2019 1250//2019
f 1259//2020 1323//2020 1296//2020
f 1304//2021 1278//2021 1301//2021
f 1306//2022 1280//2022 1304//2022
f 1323//2023 1258//2023 1257//2023
f 1323//2024 1260//2024 1258//2024
f 1323//2025 1259//2025 1260//2025
f 1270//2026 1257//2026 1255//2026
f 1270//2027 1323//2027 1257//2027
f 1265//2028 1278//2028 1324//2028
f 1324//2029 1274//2029 1265//2029
f 1278//2030 1325//2030 1324//2030
f 1280//2031 1325//2031 1304//2031
f 1325//2032 1278//2032 1304//2032
f 1280//2033 1326//2033 1325//2033
f 1327//2034 1298//2034 1295//2034
f 1328//2035 1329//2035 1294//2035
f 1330//2036 1294//2036 1329//2036
f 1331//2037 1328//2037 1294//2037
f 1330//2038 1332//2038 1327//2038
f 1330//2039 1295//2039 1294//2039
f 1330//2040 1327//2040 1295//2040
f 1296//2041 1333//2041 1294//2041
f 1333//2042 1331//2042 1294//2042
f 1330//2043 1329//2043 1332//2043
f 1332//2044 1334//2044 1335//2044
f 1332//2045 1329//2045 1334//2045
f 1336//2046 1337//2046 1328//2046
f 1337//2047 1338//2047 1329//2047
f 1323//2048 1339//2048 1333//2048
f 1323//2049 1333//2049 1296//2049
f 1339//2050 1340//2050 1331//2050
f 1339//2051 1331//2051 1333//2051
f 1340//2052 1328//2052 1331//2052
f 1340//2052 1336//2052 1328//2052
f 1337//2053 1329//2053 1328//2053
f 1338//2054 1334//2054 1329//2054
f 1338//2055 1335//2055 1334//2055
f 1327//2056 1341//2056 1298//2056
f 1342//2057 1343//2057 1344//2057
f 1341//2058 1344//2058 1297//2058
f 1341//2059 1297//2059 1298//2059
f 1341//2060 1342//2060 1344//2060
f 1327//2061 1345//2061 1341//2061
f 1344//2062 1299//2062 1297//2062
f 1345//2063 1342//2063 1341//2063
f 1344//2064 1343//2064 1303//2064
f 1344//2065 1303//2065 1299//2065
f 1345//2066 1346//2066 1342//2066
f 1332//2067 1347//2067 1345//2067
f 1332//2068 1345//2068 1327//2068
f 1347//2069 1346//2069 1345//2069
f 1346//2070 1348//2070 1349//2070
f 1349//2071 1350//2071 1343//2071
f 1348//2072 1351//2072 1349//2072
f 1342//2073 1349//2073 1343//2073
f 1349//2074 1351//2074 1350//2074
f 1346//2075 1349//2075 1342//2075
f 1343//2076 1350//2076 1300//2076
f 1352//2077 1353//2077 1307//2077
f 1343//2078 1300//2078 1302//2078
f 1350//2079 1352//2079 1305//2079
f 1352//2080 1307//2080 1305//2080
f 1343//2081 1302//2081 1303//2081
f 1350//2082 1305//2082 1300//2082
f 1351//2083 1352//2083 1350//2083
f 1351//2084 1354//2084 1352//2084
f 1354//2085 1355//2085 1353//2085
f 1354//2086 1353//2086 1352//2086
f 1332//2087 1335//2087 1347//2087
f 1356//2088 1357//2088 1358//2088
f 1347//2089 1335//2089 1357//2089
f 1347//2090 1357//2090 1356//2090
f 1347//2091 1356//2091 1346//2091
f 1356//2092 1359//2092 1348//2092
f 1360//2093 1361//2093 1354//2093
f 1361//2094 1355//2094 1354//2094
f 1356//2095 1348//2095 1346//2095
f 1360//2096 1354//2096 1351//2096
f 1359//2097 1360//2097 1348//2097
f 1348//2098 1360//2098 1351//2098
f 1359//2099 1358//2099 1362//2099
f 1363//2100 1364//2100 1365//2100
f 1363//2101 1365//2101 1361//2101
f 1359//2102 1362//2102 1363//2102
f 1359//2103 1363//2103 1360//2103
f 1356//2104 1358//2104 1359//2104
f 1363//2105 1361//2105 1360//2105
f 1363//2106 1362//2106 1364//2106
f 1353//2107 1366//2107 1310//2107
f 1353//2108 1308//2108 1307//2108
f 1353//2109 1310//2109 1308//2109
f 1355//2110 1312//2110 1366//2110
f 1355//2111 1366//2111 1353//2111
f 1355//2112 1367//2112 1312//2112
f 1367//2113 1313//2113 1312//2113
f 1366//2114 1312//2114 1310//2114
f 1300//2115 1305//2115 1304//2115
f 1365//2116 1368//2116 1369//2116
f 1370//2117 1371//2117 1367//2117
f 1370//2118 1367//2118 1355//2118
f 1369//2119 1368//2119 1372//2119
f 1365//2120 1370//2120 1361//2120
f 1369//2121 1371//2121 1370//2121
f 1365//2122 1369//2122 1370//2122
f 1361//2123 1370//2123 1355//2123
f 1365//2124 1364//2124 1368//2124
f 1373//2125 1374//2125 1375//2125
f 1369//2126 1372//2126 1376//2126
f 1369//2127 1376//2127 1371//2127
f 1371//2128 1377//2128 1315//2128
f 1376//2129 1373//2129 1375//2129
f 1367//2130 1315//2130 1313//2130
f 1371//2131 1315//2131 1367//2131
f 1376//2132 1377//2132 1371//2132
f 1376//2133 1375//2133 1377//2133
f 1376//2134 1372//2134 1373//2134
f 1378//2135 1337//2135 1270//2135
f 1378//2136 1269//2136 1379//2136
f 1378//2137 1379//2137 1337//2137
f 1270//2138 1337//2138 1336//2138
f 1270//2139 1339//2139 1323//2139
f 1270//2140 1340//2140 1339//2140
f 1270//2141 1336//2141 1340//2141
f 1378//2142 1270//2142 1269//2142
f 1379//2143 1338//2143 1337//2143
f 1380//2144 1269//2144 1268//2144
f 1381//2145 1382//2145 1379//2145
f 1381//2146 1383//2146 1382//2146
f 1379//2147 1382//2147 1338//2147
f 1380//2148 1268//2148 1381//2148
f 1380//2149 1381//2149 1379//2149
f 1380//2150 1379//2150 1269//2150
f 1384//2151 1385//2151 1386//2151
f 1383//2152 1384//2152 1382//2152
f 1382//2153 1384//2153 1386//2153
f 1382//2154 1386//2154 1338//2154
f 1387//2155 1272//2155 1271//2155
f 1387//2156 1388//2156 1383//2156
f 1387//2157 1383//2157 1381//2157
f 1389//2158 1387//2158 1381//2158
f 1389//2159 1272//2159 1387//2159
f 1389//2160 1381//2160 1268//2160
f 1389//2161 1268//2161 1272//2161
f 1390//2162 1271//2162 1273//2162
f 1390//2163 1273//2163 1274//2163
f 1390//2164 1387//2164 1271//2164
f 1390//2165 1391//2165 1388//2165
f 1390//2166 1388//2166 1387//2166
f 1390//2167 1274//2167 1391//2167
f 1391//2168 1324//2168 1392//2168
f 1391//2169 1392//2169 1393//2169
f 1391//2170 1393//2170 1388//2170
f 1391//2171 1274//2171 1324//2171
f 1394//2172 1395//2172 1396//2172
f 1397//2173 1396//2173 1398//2173
f 1397//2174 1398//2174 1384//2174
f 1393//2175 1394//2175 1396//2175
f 1393//2176 1396//2176 1397//2176
f 1383//2177 1397//2177 1384//2177
f 1388//2178 1397//2178 1383//2178
f 1388//2179 1393//2179 1397//2179
f 1384//2180 1398//2180 1385//2180
f 1392//2181 1394//2181 1393//2181
f 1325//2182 1326//2182 1324//2182
f 1392//2183 1326//2183 1399//2183
f 1392//2184 1324//2184 1326//2184
f 1399//2185 1326//2185 1400//2185
f 1399//2186 1400//2186 1401//2186
f 1402//2187 1401//2187 1403//2187
f 1399//2188 1401//2188 1402//2188
f 1402//2189 1404//2189 1405//2189
f 1399//2190 1402//2190 1405//2190
f 1399//2191 1405//2191 1394//2191
f 1394//2192 1405//2192 1395//2192
f 1405//2193 1404//2193 1406//2193
f 1405//2194 1406//2194 1395//2194
f 1392//2195 1399//2195 1394//2195
f 1404//2196 1407//2196 1406//2196
f 1402//2197 1408//2197 1404//2197
f 1404//2198 1409//2198 1410//2198
f 1404//2199 1410//2199 1407//2199
f 1402//2200 1403//2200 1408//2200
f 1404//2201 1408//2201 1409//2201
f 1338//2202 1386//2202 1335//2202
f 1411//2203 1364//2203 1362//2203
f 1386//2204 1385//2204 1357//2204
f 1411//2205 1412//2205 1364//2205
f 1413//2206 1362//2206 1358//2206
f 1386//2207 1357//2207 1335//2207
f 1385//2208 1413//2208 1358//2208
f 1413//2209 1411//2209 1362//2209
f 1385//2210 1358//2210 1357//2210
f 1398//2211 1414//2211 1413//2211
f 1398//2212 1413//2212 1385//2212
f 1395//2213 1406//2213 1415//2213
f 1414//2214 1411//2214 1413//2214
f 1396//2215 1414//2215 1398//2215
f 1396//2216 1395//2216 1414//2216
f 1414//2217 1415//2217 1412//2217
f 1414//2218 1412//2218 1411//2218
f 1395//2219 1415//2219 1414//2219
f 1416//2220 1417//2220 1374//2220
f 1416//2221 1374//2221 1373//2221
f 1418//2222 1373//2222 1372//2222
f 1418//2222 1416//2222 1373//2222
f 1419//2223 1372//2223 1368//2223
f 1419//2223 1418//2223 1372//2223
f 1412//2224 1368//2224 1364//2224
f 1412//2225 1419//2225 1368//2225
f 1407//2226 1420//2226 1421//2226
f 1415//2227 1419//2227 1412//2227
f 1421//2228 1420//2228 1418//2228
f 1421//2229 1418//2229 1419//2229
f 1415//2230 1421//2230 1419//2230
f 1406//2231 1421//2231 1415//2231
f 1406//2232 1407//2232 1421//2232
f 1422//2233 1417//2233 1416//2233
f 1420//2234 1422//2234 1416//2234
f 1420//2235 1416//2235 1418//2235
f 1407//2236 1423//2236 1420//2236
f 1420//2237 1423//2237 1422//2237
f 1407//2238 1410//2238 1423//2238
f 1318//2239 1275//2239 1223//2239
f 1275//2240 602//2240 1223//2240
f 1301//2241 1280//2241 1306//2241
f 1278//2242 1280//2242 1301//2242
f 1417//2243 1424//2243 1322//2243
f 1280//2244 1279//2244 1326//2244
f 1279//2245 1281//2245 1400//2245
f 1279//2246 1400//2246 1326//2246
f 1283//2247 1408//2247 1403//2247
f 1283//2248 1409//2248 1408//2248
f 1283//2249 1284//2249 1409//2249
f 1281//2250 1401//2250 1400//2250
f 1281//2251 1403//2251 1401//2251
f 1281//2252 1283//2252 1403//2252
f 1284//2253 1286//2253 1410//2253
f 1284//2254 1410//2254 1409//2254
f 1424//2255 1417//2255 1422//2255
f 1425//2256 1422//2256 1423//2256
f 1425//2257 1424//2257 1422//2257
f 1286//2258 1425//2258 1423//2258
f 1286//2259 1423//2259 1410//2259
f 1425//2260 1426//2260 1424//2260
f 1286//2261 1427//2261 1426//2261
f 1286//2262 1285//2262 1427//2262
f 1286//2263 1426//2263 1425//2263
f 1417//2264 1322//2264 1374//2264
f 1315//2265 1377//2265 1317//2265
f 1377//2266 1375//2266 1320//2266
f 1377//2267 1320//2267 1317//2267
f 1375//2268 1374//2268 1321//2268
f 1375//2269 1321//2269 1320//2269
f 1374//2270 1322//2270 1321//2270
f 602//2271 594//2271 1256//2271
f 613//2272 1318//2272 615//2272
f 614//2273 1276//2273 1275//2273
f 613//2274 1275//2274 1318//2274
f 614//2275 1188//2275 1276//2275
f 1188//2276 1187//2276 1276//2276
f 1187//2277 1186//2277 1276//2277
f 1186//2278 1282//2278 1276//2278
f 614//2279 1275//2279 613//2279
f 1185//2280 1184//2280 1282//2280
f 1184//2281 1183//2281 1287//2281
f 1184//2282 1287//2282 1282//2282
f 1186//2283 1185//2283 1282//2283
f 1183//2284 1289//2284 1287//2284
f 870//2285 1189//2285 1289//2285
f 1189//2286 1190//2286 1288//2286
f 1189//2287 1288//2287 1289//2287
f 1190//2288 1177//2288 1285//2288
f 1190//2289 1285//2289 1288//2289
f 1183//2290 870//2290 1289//2290
f 1428//2291 615//2291 1318//2291
f 1428//2292 616//2292 615//2292
f 1180//2293 1181//2293 1427//2293
f 1181//2294 1182//2294 1427//2294
f 1182//2295 1178//2295 1426//2295
f 1182//2296 1426//2296 1427//2296
f 1177//2297 1179//2297 1285//2297
f 1426//2298 1178//2298 616//2298
f 1179//2299 1427//2299 1285//2299
f 1179//2300 1180//2300 1427//2300
f 1426//2301 616//2301 1428//2301
f 1175//2302 1241//2302 1178//2302
f 1178//2303 1241//2303 616//2303
f 590//2304 616//2304 1246//2304
f 1428//2305 1235//2305 1322//2305
f 1424//2306 1428//2306 1322//2306
f 1426//2307 1428//2307 1424//2307
f 1322//2308 1235//2308 1253//2308
f 1428//2309 1234//2309 1235//2309
f 1428//2309 1318//2309 1234//2309
# Vertices: 1428, normals: 2309, texture coordinates: 0, faces: 2940

