# File generated by ImageToStl.com - Free Image and 3D model conversion tools

o obj1
v 0.00485567 -0.05586587 0.01682372
v 0.00691649 -0.05485449 0.01601338
v 0.00623581 -0.0564534 0.01682372
v 0.00424045 -0.05731102 0.01792351
v 0.00562059 -0.05789858 0.01792351
v 0.00659024 -0.05562086 0.02046524
v 0.00607102 -0.05684049 0.02116094
v 0.00465874 -0.06015798 0.02085
v 0.00508952 -0.05914605 0.01927934
v 0.00610451 -0.05676183 0.02093553
v 0.00615815 -0.05663583 0.02073713
v 0.00370937 -0.05855852 0.01927934
v 0.0032786 -0.05957042 0.02085
v 0.00649855 -0.05583622 0.02040754
v 0.00640413 -0.05605802 0.02040754
v 0.00631244 -0.0562734 0.02046524
v 0.00622883 -0.05646979 0.02057727
v 0.0049323 -0.05568585 0.02046524
v 0.00502398 -0.05547049 0.02040754
v 0.004778 -0.05604828 0.02073713
v 0.00484869 -0.05588226 0.02057727
v 0.00469088 -0.05625294 0.02116094
v 0.00472437 -0.05617429 0.02093553
v 0.00809694 -0.05208159 0.01868688
v 0.00764194 -0.05315038 0.01551711
v 0.0080433 -0.05220759 0.01888528
v 0.00553635 -0.05426694 0.01601338
v 0.00800982 -0.05228624 0.01911068
v 0.0062618 -0.05256285 0.01551711
v 0.0067168 -0.05149404 0.01868688
v 0.00678748 -0.05132802 0.01852702
v 0.00666315 -0.05162005 0.01888528
v 0.00687108 -0.05113161 0.01841498
v 0.00662967 -0.0516987 0.01911068
v 0.00825123 -0.05171916 0.01841498
v 0.00816762 -0.05191555 0.01852702
v 0.00839013 -0.05139289 0.01535
v 0.0080433 -0.05220759 0.01981472
v 0.00679816 -0.05513242 0.02093553
v 0.00800982 -0.05228624 0.01958932
v 0.00683165 -0.05505376 0.02116094
v 0.00674453 -0.05525843 0.02073713
v 0.00799843 -0.05231299 0.01935
v 0.00667385 -0.05542445 0.02057727
v 0.00809694 -0.05208159 0.02001312
v 0.00521009 -0.05503331 0.02046524
v 0.0052937 -0.05483691 0.02057727
v 0.00511841 -0.05524867 0.02040754
v 0.00536438 -0.05467088 0.02073713
v 0.00661828 -0.05172544 0.01935
v 0.0067168 -0.05149404 0.02001312
v 0.00666315 -0.05162005 0.01981472
v 0.00662967 -0.0516987 0.01958932
v 0.00678748 -0.05132802 0.02017298
v 0.00816762 -0.05191555 0.02017298
v 0.00545151 -0.05446622 0.02116094
v 0.00541803 -0.05454488 0.02093553
v 0.00296119 -0.06031602 0.02258778
v 0.00434134 -0.06090356 0.02258778
v 0.00610451 -0.05676183 0.02186497
v 0.0027668 -0.06077264 0.02443987
v 0.00414695 -0.06136017 0.02443987
v 0.00605965 -0.05686721 0.02140025
v 0.0046795 -0.05627968 0.02140025
v 0.00607102 -0.05684049 0.02163957
v 0.00472437 -0.05617429 0.02186497
v 0.00469088 -0.05625294 0.02163957
v 0.00560106 -0.05794446 0.02535729
v 0.00615815 -0.05663583 0.02206338
v 0.00422091 -0.05735692 0.02535729
v 0.004778 -0.05604828 0.02206338
v 0.00542576 -0.05835622 0.02552702
v 0.00404561 -0.05776869 0.02552702
v 0.00550937 -0.05815982 0.02541498
v 0.00526795 -0.05872691 0.02611068
v 0.00408149 -0.06151393 0.02635
v 0.00525658 -0.05875365 0.02635
v 0.00270135 -0.0609264 0.02635
v 0.0039213 -0.05806072 0.02588528
v 0.00397493 -0.05793471 0.02568688
v 0.00535508 -0.05852226 0.02568688
v 0.00388781 -0.05813937 0.02611068
v 0.00387643 -0.05816611 0.02635
v 0.00530144 -0.05864825 0.02588528
v 0.00587078 -0.05731088 0.02552702
v 0.00631244 -0.0562734 0.02233527
v 0.00640413 -0.05605802 0.02239296
v 0.00578716 -0.05750728 0.02541498
v 0.00622883 -0.05646979 0.02222324
v 0.00569548 -0.05772265 0.02535729
v 0.00412923 -0.05757228 0.02541498
v 0.00440702 -0.05691974 0.02541498
v 0.00431533 -0.0571351 0.02535729
v 0.00594146 -0.05714485 0.02568688
v 0.00599509 -0.05701884 0.02588528
v 0.00456131 -0.05655731 0.02568688
v 0.00461496 -0.05643131 0.02588528
v 0.00449063 -0.05672334 0.02552702
v 0.00602858 -0.0569402 0.02611068
v 0.00603996 -0.05691346 0.02635
v 0.00464844 -0.05635265 0.02611068
v 0.00465981 -0.05632591 0.02635
v 0.00546289 -0.05443948 0.02140025
v 0.00684303 -0.05502703 0.02140025
v 0.00683165 -0.05505376 0.02163957
v 0.00545151 -0.05446622 0.02163957
v 0.00679816 -0.05513242 0.02186497
v 0.00541803 -0.05454488 0.02186497
v 0.00674453 -0.05525843 0.02206338
v 0.00536438 -0.05467088 0.02206338
v 0.00700281 -0.0546517 0.02449111
v 0.00649855 -0.05583622 0.02239296
v 0.00659024 -0.05562086 0.02233527
v 0.0049323 -0.05568585 0.02233527
v 0.00521009 -0.05503331 0.02233527
v 0.00511841 -0.05524867 0.02239296
v 0.00502398 -0.05547049 0.02239296
v 0.00484869 -0.05588226 0.02222324
v 0.00750009 -0.05348358 0.02305806
v 0.00721738 -0.05414769 0.02369751
v 0.00667385 -0.05542445 0.02222324
v 0.0052937 -0.05483691 0.02222324
v 0.00562267 -0.05406416 0.02449111
v 0.00583724 -0.05356016 0.02369751
v 0.00783454 -0.05269797 0.02260994
v 0.0064544 -0.05211042 0.02260994
v 0.00682113 -0.05124897 0.02237916
v 0.00820127 -0.0518365 0.02237916
v 0.00825123 -0.05171916 0.02028502
v 0.00834291 -0.0515038 0.02034271
v 0.00611996 -0.05289605 0.02305806
v 0.00686887 -0.05496632 0.02539274
v 0.00548874 -0.05437878 0.02539274
v 0.00682335 -0.05507326 0.02635
v 0.00544321 -0.05448573 0.02635
v 0.00834291 -0.0515038 0.01835729
v 0.00843734 -0.05128198 0.01835729
v 0.00852902 -0.05106662 0.01841498
v 0.00861263 -0.05087021 0.01852702
v 0.00868331 -0.05070418 0.01868688
v 0.00714888 -0.05047907 0.01841498
v 0.00723249 -0.05028267 0.01852702
v 0.00700998 -0.05080534 0.01535
v 0.0070572 -0.05069443 0.01835729
v 0.00730317 -0.05011664 0.01868688
v 0.00696276 -0.05091625 0.01835729
v 0.0102817 -0.04694955 0.02040754
v 0.01037612 -0.04672774 0.02040754
v 0.0104678 -0.04651237 0.02046524
v 0.00890156 -0.046362 0.02040754
v 0.00899598 -0.0461402 0.02040754
v 0.00908766 -0.04592482 0.02046524
v 0.0099486 -0.047732 0.02116094
v 0.00868331 -0.05070418 0.02001312
v 0.00873695 -0.05057817 0.01981472
v 0.00873695 -0.05057817 0.01888528
v 0.00735681 -0.04999064 0.01888528
v 0.00739029 -0.04991198 0.01911068
v 0.00878182 -0.05047279 0.01935
v 0.00740168 -0.04988524 0.01935
v 0.00877044 -0.05049953 0.01911068
v 0.0070572 -0.05069443 0.02034271
v 0.00696276 -0.05091625 0.02034271
v 0.00843734 -0.05128198 0.02034271
v 0.00687108 -0.05113161 0.02028502
v 0.00852902 -0.05106662 0.02028502
v 0.00714888 -0.05047907 0.02028502
v 0.00723249 -0.05028267 0.02017298
v 0.00861263 -0.05087021 0.02017298
v 0.00877044 -0.05049953 0.01958932
v 0.00730317 -0.05011664 0.02001312
v 0.00739029 -0.04991198 0.01958932
v 0.00735681 -0.04999064 0.01981472
v 0.01003572 -0.04752735 0.02073713
v 0.00998208 -0.04765334 0.02093553
v 0.01019001 -0.04716491 0.02046524
v 0.0101064 -0.04736131 0.02057727
v 0.00860194 -0.04706581 0.02093553
v 0.00865558 -0.04693979 0.02073713
v 0.00856845 -0.04714447 0.02116094
v 0.00880987 -0.04657736 0.02046524
v 0.00872626 -0.04677378 0.02057727
v 0.01464801 -0.03286348 0.01535
v 0.00917128 -0.04572843 0.02057727
v 0.01055142 -0.04631596 0.02057727
v 0.0106221 -0.04614994 0.02073713
v 0.00924196 -0.04556239 0.02073713
v 0.00894571 -0.05008781 0.02260994
v 0.00928016 -0.04930219 0.02305806
v 0.00756557 -0.04950026 0.02260994
v 0.00857898 -0.05094926 0.02237916
v 0.00993722 -0.04775874 0.02140025
v 0.0099486 -0.047732 0.02163957
v 0.00998208 -0.04765334 0.02186497
v 0.01003572 -0.04752735 0.02206338
v 0.00956287 -0.04863808 0.02369751
v 0.0101064 -0.04736131 0.02222324
v 0.01019001 -0.04716491 0.02233527
v 0.00790001 -0.04871465 0.02305806
v 0.00818273 -0.04805053 0.02369751
v 0.00865558 -0.04693979 0.02206338
v 0.00860194 -0.04706581 0.02186497
v 0.00856845 -0.04714447 0.02163957
v 0.00855708 -0.04717119 0.02140025
v 0.00977744 -0.04813406 0.02449111
v 0.00839729 -0.04754653 0.02449111
v 0.00853123 -0.04723191 0.02539274
v 0.00991137 -0.04781944 0.02539274
v 0.00719883 -0.05036172 0.02237916
v 0.0102817 -0.04694955 0.02239296
v 0.01037612 -0.04672774 0.02239296
v 0.00880987 -0.04657736 0.02233527
v 0.00872626 -0.04677378 0.02222324
v 0.00917128 -0.04572843 0.02222324
v 0.0104678 -0.04651237 0.02233527
v 0.00908766 -0.04592482 0.02233527
v 0.00899598 -0.0461402 0.02239296
v 0.01055142 -0.04631596 0.02222324
v 0.00890156 -0.046362 0.02239296
v 0.01067574 -0.04602395 0.02093553
v 0.00929559 -0.0454364 0.02093553
v 0.00932908 -0.04535774 0.02116094
v 0.01070922 -0.04594529 0.02116094
v 0.00934046 -0.04533101 0.02140025
v 0.0107206 -0.04591855 0.02140025
v 0.00929559 -0.0454364 0.02186497
v 0.0106221 -0.04614994 0.02206338
v 0.00924196 -0.04556239 0.02206338
v 0.01070922 -0.04594529 0.02163957
v 0.01067574 -0.04602395 0.02186497
v 0.00932908 -0.04535774 0.02163957
v 0.01135449 -0.04442954 0.02552702
v 0.00997435 -0.043842 0.02552702
v 0.00989074 -0.0440384 0.02541498
v 0.01127088 -0.04462595 0.02541498
v 0.01108477 -0.04506313 0.02535729
v 0.01099308 -0.04527849 0.02541498
v 0.01090948 -0.04547488 0.02552702
v 0.00952933 -0.04488735 0.02552702
v 0.0108388 -0.04564092 0.02568688
v 0.01074029 -0.04587232 0.02635
v 0.0099569 -0.0477125 0.02635
v 0.01075167 -0.04584558 0.02611068
v 0.01078515 -0.04576692 0.02588528
v 0.00857676 -0.04712496 0.02635
v 0.00936015 -0.04528477 0.02635
v 0.00937152 -0.04525803 0.02611068
v 0.00940502 -0.04517938 0.02588528
v 0.00945865 -0.04505337 0.02568688
v 0.0111792 -0.04484131 0.02535729
v 0.01142517 -0.04426352 0.02568688
v 0.00979905 -0.04425376 0.02535729
v 0.00970463 -0.04447558 0.02535729
v 0.00961294 -0.04469094 0.02541498
v 0.01004503 -0.04367597 0.02568688
v 0.01147881 -0.0441375 0.02588528
v 0.01009867 -0.04354997 0.02588528
v 0.0115123 -0.04405886 0.02611068
v 0.01013215 -0.04347131 0.02611068
v 0.01152368 -0.04403212 0.02635
v 0.01014353 -0.04344457 0.02635
v 0.00095503 -0.02583976 -0.00093388
v 0.0010017 -0.02573014 -0.00112349
v 0.00091624 -0.02593089 -0.0005
v 0.00130794 -0.02501079 -0.0015
v 0.00106372 -0.02558446 -0.00128183
v 0.00122078 -0.02521553 -0.00147493
v 0.00113799 -0.02541 -0.00140097
v 0.00092606 -0.02590781 -0.00072252
v 0.00091624 -0.02593089 0.01335
v 0.00150378 -0.02455073 0.001
v 0.0015136 -0.02452767 0.00077748
v 0.00154258 -0.02445962 0.00056612
v 0.00150378 -0.02455073 0.01335
v 0.0166157 -0.03207088 0.01535
v 0.0147121 -0.03264891 0.01535
v 0.01472685 -0.03242548 0.01535
v 0.01464801 -0.03286348 0.03735
v 0.0147121 -0.03264891 0.03735
v 0.01472685 -0.03242548 0.03735
v 0.0166157 -0.03207088 0.03735
v 0.01665918 -0.03141175 0.01535
v 0.01644772 -0.03102016 0.01535
v 0.01657551 -0.03120404 0.01535
v 0.01669453 -0.03163288 0.01535
v 0.01667979 -0.03185631 0.01535
v 0.01608729 -0.03075909 0.01535
v 0.01628221 -0.03086932 0.01535
v 0.0146915 -0.03220435 0.01535
v 0.01460783 -0.03199665 0.01535
v 0.01448004 -0.03181276 0.01535
v 0.01431453 -0.03166191 0.01535
v 0.01411961 -0.03155168 0.01535
v 0.00334397 -0.02533413 0.01535
v 0.01665918 -0.03141175 0.03735
v 0.01669453 -0.03163288 0.03735
v 0.01667979 -0.03185631 0.03735
v 0.01608729 -0.03075909 0.03735
v 0.01628221 -0.03086932 0.03735
v 0.01644772 -0.03102016 0.03735
v 0.01657551 -0.03120404 0.03735
v 0.01431453 -0.03166191 0.03735
v 0.01411961 -0.03155168 0.03735
v 0.0146915 -0.03220435 0.03735
v 0.01448004 -0.03181276 0.03735
v 0.01460783 -0.03199665 0.03735
v 0.00334397 -0.02533413 0.03735
v 0.00275643 -0.02671427 0.01535
v 0.00096238 -0.02595052 0.01379504
v 0.00154992 -0.02457038 0.01379504
v 0.00109847 -0.02600846 0.01421777
v 0.00168602 -0.02462832 0.01421777
v 0.00131772 -0.0261018 0.01459698
v 0.00190526 -0.02472164 0.01459698
v 0.00160909 -0.02622584 0.01491366
v 0.00219663 -0.02484568 0.01491366
v 0.001958 -0.02637437 0.01515194
v 0.00254554 -0.02499423 0.01515194
v 0.00293449 -0.0251598 0.01529986
v 0.00234695 -0.02653994 0.01529986
v 0.00275643 -0.02671427 0.03735
v 0.00234695 -0.02653994 0.03740014
v 0.001958 -0.02637437 0.03754806
v 0.00160909 -0.02622584 0.03778634
v 0.00293449 -0.0251598 0.03740014
v 0.00254554 -0.02499423 0.03754806
v 0.00526795 -0.05872691 0.02658932
v 0.00414695 -0.06136017 0.02826013
v 0.0027668 -0.06077264 0.02826013
v 0.00388781 -0.05813937 0.02658932
v 0.00530144 -0.05864825 0.02681472
v 0.0039213 -0.05806072 0.02681472
v 0.00535508 -0.05852226 0.02701312
v 0.00542576 -0.05835622 0.02717298
v 0.00397493 -0.05793471 0.02701312
v 0.00404561 -0.05776869 0.02717298
v 0.00550937 -0.05815982 0.02728502
v 0.00434134 -0.06090356 0.03011222
v 0.00296119 -0.06031602 0.03011222
v 0.00610451 -0.05676183 0.03083503
v 0.00440702 -0.05691974 0.02728502
v 0.00569548 -0.05772265 0.02734271
v 0.00431533 -0.0571351 0.02734271
v 0.00560106 -0.05794446 0.02734271
v 0.00422091 -0.05735692 0.02734271
v 0.00578716 -0.05750728 0.02728502
v 0.00587078 -0.05731088 0.02717298
v 0.00449063 -0.05672334 0.02717298
v 0.00456131 -0.05655731 0.02701312
v 0.00602858 -0.0569402 0.02658932
v 0.00464844 -0.05635265 0.02658932
v 0.00599509 -0.05701884 0.02681472
v 0.00461496 -0.05643131 0.02681472
v 0.00594146 -0.05714485 0.02701312
v 0.00615815 -0.05663583 0.03063662
v 0.00622883 -0.05646979 0.03047676
v 0.00640413 -0.05605802 0.03030704
v 0.00631244 -0.0562734 0.03036473
v 0.00412923 -0.05757228 0.02728502
v 0.004778 -0.05604828 0.03063662
v 0.00472437 -0.05617429 0.03083503
v 0.00465874 -0.06015798 0.03185
v 0.0032786 -0.05957042 0.03185
v 0.0046795 -0.05627968 0.03129975
v 0.00469088 -0.05625294 0.03106043
v 0.00469088 -0.05625294 0.03153906
v 0.00607102 -0.05684049 0.03153906
v 0.00605965 -0.05686721 0.03129975
v 0.00607102 -0.05684049 0.03106043
v 0.00610451 -0.05676183 0.03176447
v 0.00472437 -0.05617429 0.03176447
v 0.00686887 -0.05496632 0.02730726
v 0.00548874 -0.05437878 0.02730726
v 0.00700281 -0.0546517 0.02820889
v 0.00562267 -0.05406416 0.02820889
v 0.00583724 -0.05356016 0.02900249
v 0.00721738 -0.05414769 0.02900249
v 0.0049323 -0.05568585 0.03036473
v 0.00484869 -0.05588226 0.03047676
v 0.00502398 -0.05547049 0.03030704
v 0.00659024 -0.05562086 0.03036473
v 0.00649855 -0.05583622 0.03030704
v 0.00667385 -0.05542445 0.03047676
v 0.00521009 -0.05503331 0.03036473
v 0.00511841 -0.05524867 0.03030704
v 0.00750009 -0.05348358 0.02964194
v 0.00684303 -0.05502703 0.03129975
v 0.00683165 -0.05505376 0.03106043
v 0.00679816 -0.05513242 0.03083503
v 0.00674453 -0.05525843 0.03063662
v 0.0052937 -0.05483691 0.03047676
v 0.00536438 -0.05467088 0.03063662
v 0.00615815 -0.05663583 0.03196287
v 0.004778 -0.05604828 0.03196287
v 0.00541803 -0.05454488 0.03083503
v 0.00545151 -0.05446622 0.03106043
v 0.00546289 -0.05443948 0.03129975
v 0.00545151 -0.05446622 0.03153906
v 0.00679816 -0.05513242 0.03176447
v 0.00541803 -0.05454488 0.03176447
v 0.00683165 -0.05505376 0.03153906
v 0.00674453 -0.05525843 0.03196287
v 0.00536438 -0.05467088 0.03196287
v 0.00783454 -0.05269797 0.03009007
v 0.00816762 -0.05191555 0.03252701
v 0.00809694 -0.05208159 0.03268688
v 0.00825123 -0.05171916 0.03241498
v 0.00820127 -0.0518365 0.03032083
v 0.00843734 -0.05128198 0.03235729
v 0.00834291 -0.0515038 0.03235729
v 0.00682113 -0.05124897 0.03032083
v 0.0064544 -0.05211042 0.03009007
v 0.00611996 -0.05289605 0.02964194
v 0.0067168 -0.05149404 0.03268688
v 0.00508952 -0.05914605 0.03342066
v 0.00370937 -0.05855852 0.03342066
v 0.00562059 -0.05789858 0.03477649
v 0.00424045 -0.05731102 0.03477649
v 0.00631244 -0.0562734 0.03223477
v 0.00640413 -0.05605802 0.03229246
v 0.00622883 -0.05646979 0.03212273
v 0.00484869 -0.05588226 0.03212273
v 0.0049323 -0.05568585 0.03223477
v 0.00502398 -0.05547049 0.03229246
v 0.00649855 -0.05583622 0.03229246
v 0.00511841 -0.05524867 0.03229246
v 0.00485567 -0.05586587 0.03587628
v 0.00623581 -0.0564534 0.03587628
v 0.00659024 -0.05562086 0.03223477
v 0.00691649 -0.05485449 0.03668662
v 0.00667385 -0.05542445 0.03212273
v 0.00800982 -0.05228624 0.03358932
v 0.00800982 -0.05228624 0.03311068
v 0.0080433 -0.05220759 0.03288528
v 0.00799843 -0.05231299 0.03335
v 0.0052937 -0.05483691 0.03212273
v 0.00521009 -0.05503331 0.03223477
v 0.00553635 -0.05426694 0.03668662
v 0.00666315 -0.05162005 0.03288528
v 0.00678748 -0.05132802 0.03252701
v 0.00662967 -0.0516987 0.03311068
v 0.00661828 -0.05172544 0.03335
v 0.00662967 -0.0516987 0.03358932
v 0.0080433 -0.05220759 0.03381472
v 0.00666315 -0.05162005 0.03381472
v 0.0067168 -0.05149404 0.03401312
v 0.00809694 -0.05208159 0.03401312
v 0.00816762 -0.05191555 0.03417299
v 0.00764194 -0.05315038 0.03718288
v 0.0062618 -0.05256285 0.03718288
v 0.00839013 -0.05139289 0.03735
v 0.00825123 -0.05171916 0.03428502
v 0.00834291 -0.0515038 0.03434271
v 0.00700998 -0.05080534 0.03735
v 0.00678748 -0.05132802 0.03417299
v 0.00687108 -0.05113161 0.03428502
v 0.00839729 -0.04754653 0.02820889
v 0.00956287 -0.04863808 0.02900249
v 0.00818273 -0.04805053 0.02900249
v 0.00977744 -0.04813406 0.02820889
v 0.00991137 -0.04781944 0.02730726
v 0.00853123 -0.04723191 0.02730726
v 0.00928016 -0.04930219 0.02964194
v 0.00790001 -0.04871465 0.02964194
v 0.01019001 -0.04716491 0.03036473
v 0.00852902 -0.05106662 0.03241498
v 0.00857898 -0.05094926 0.03032083
v 0.00861263 -0.05087021 0.03252701
v 0.00894571 -0.05008781 0.03009007
v 0.00756557 -0.04950026 0.03009007
v 0.00868331 -0.05070418 0.03268688
v 0.0101064 -0.04736131 0.03047676
v 0.00998208 -0.04765334 0.03083503
v 0.01003572 -0.04752735 0.03063662
v 0.0099486 -0.047732 0.03153906
v 0.00993722 -0.04775874 0.03129975
v 0.0099486 -0.047732 0.03106043
v 0.00856845 -0.04714447 0.03106043
v 0.00860194 -0.04706581 0.03083503
v 0.00856845 -0.04714447 0.03153906
v 0.00855708 -0.04717119 0.03129975
v 0.00865558 -0.04693979 0.03063662
v 0.00719883 -0.05036172 0.03032083
v 0.00687108 -0.05113161 0.03241498
v 0.00696276 -0.05091625 0.03235729
v 0.0070572 -0.05069443 0.03235729
v 0.00714888 -0.05047907 0.03241498
v 0.00723249 -0.05028267 0.03252701
v 0.00730317 -0.05011664 0.03268688
v 0.0108388 -0.04564092 0.02701312
v 0.01078515 -0.04576692 0.02681472
v 0.01090948 -0.04547488 0.02717298
v 0.01075167 -0.04584558 0.02658932
v 0.00945865 -0.04505337 0.02701312
v 0.00940502 -0.04517938 0.02681472
v 0.00937152 -0.04525803 0.02658932
v 0.00952933 -0.04488735 0.02717298
v 0.01055142 -0.04631596 0.03047676
v 0.01099308 -0.04527849 0.02728502
v 0.01108477 -0.04506313 0.02734271
v 0.0104678 -0.04651237 0.03036473
v 0.01037612 -0.04672774 0.03030704
v 0.0106221 -0.04614994 0.03063662
v 0.00899598 -0.0461402 0.03030704
v 0.00970463 -0.04447558 0.02734271
v 0.00961294 -0.04469094 0.02728502
v 0.0115123 -0.04405886 0.02658932
v 0.01147881 -0.0441375 0.02681472
v 0.01013215 -0.04347131 0.02658932
v 0.01009867 -0.04354997 0.02681472
v 0.00979905 -0.04425376 0.02734271
v 0.01142517 -0.04426352 0.02701312
v 0.01135449 -0.04442954 0.02717298
v 0.01004503 -0.04367597 0.02701312
v 0.01127088 -0.04462595 0.02728502
v 0.00997435 -0.043842 0.02717298
v 0.00989074 -0.0440384 0.02728502
v 0.0111792 -0.04484131 0.02734271
v 0.0107206 -0.04591855 0.03129975
v 0.01067574 -0.04602395 0.03083503
v 0.01070922 -0.04594529 0.03106043
v 0.00924196 -0.04556239 0.03063662
v 0.00929559 -0.0454364 0.03083503
v 0.00908766 -0.04592482 0.03036473
v 0.00917128 -0.04572843 0.03047676
v 0.00934046 -0.04533101 0.03129975
v 0.00932908 -0.04535774 0.03106043
v 0.0102817 -0.04694955 0.03030704
v 0.00872626 -0.04677378 0.03047676
v 0.00880987 -0.04657736 0.03036473
v 0.00890156 -0.046362 0.03030704
v 0.01003572 -0.04752735 0.03196287
v 0.00998208 -0.04765334 0.03176447
v 0.00865558 -0.04693979 0.03196287
v 0.00860194 -0.04706581 0.03176447
v 0.00932908 -0.04535774 0.03153906
v 0.01067574 -0.04602395 0.03176447
v 0.00929559 -0.0454364 0.03176447
v 0.01070922 -0.04594529 0.03153906
v 0.0106221 -0.04614994 0.03196287
v 0.00924196 -0.04556239 0.03196287
v 0.00873695 -0.05057817 0.03288528
v 0.00735681 -0.04999064 0.03288528
v 0.00877044 -0.05049953 0.03311068
v 0.00739029 -0.04991198 0.03311068
v 0.00740168 -0.04988524 0.03335
v 0.00878182 -0.05047279 0.03335
v 0.00877044 -0.05049953 0.03358932
v 0.00873695 -0.05057817 0.03381472
v 0.00739029 -0.04991198 0.03358932
v 0.00868331 -0.05070418 0.03401312
v 0.00735681 -0.04999064 0.03381472
v 0.00730317 -0.05011664 0.03401312
v 0.00696276 -0.05091625 0.03434271
v 0.00861263 -0.05087021 0.03417299
v 0.00723249 -0.05028267 0.03417299
v 0.00843734 -0.05128198 0.03434271
v 0.0070572 -0.05069443 0.03434271
v 0.00852902 -0.05106662 0.03428502
v 0.00714888 -0.05047907 0.03428502
v 0.01019001 -0.04716491 0.03223477
v 0.0101064 -0.04736131 0.03212273
v 0.0102817 -0.04694955 0.03229246
v 0.00872626 -0.04677378 0.03212273
v 0.00880987 -0.04657736 0.03223477
v 0.00890156 -0.046362 0.03229246
v 0.0104678 -0.04651237 0.03223477
v 0.01037612 -0.04672774 0.03229246
v 0.00899598 -0.0461402 0.03229246
v 0.00908766 -0.04592482 0.03223477
v 0.01055142 -0.04631596 0.03212273
v 0.00917128 -0.04572843 0.03212273
v 0.00190526 -0.02472164 0.03810302
v 0.00219663 -0.02484568 0.03778634
v 0.00131772 -0.0261018 0.03810302
v 0.00154992 -0.02457038 0.03890496
v 0.00109847 -0.02600846 0.03848223
v 0.00168602 -0.02462832 0.03848223
v 0.00091624 -0.02593089 0.03935
v 0.00096238 -0.02595052 0.03890496
v 0.00150378 -0.02455073 0.03935
v 0.00106372 -0.02558446 0.05398183
v 0.0010017 -0.02573014 0.05382349
v 0.00113799 -0.02541 0.05410097
v 0.00130794 -0.02501079 0.0542
v 0.00091624 -0.02593089 0.0532
v 0.00092606 -0.02590781 0.05342252
v 0.00095503 -0.02583976 0.05363388
v 0.00122078 -0.02521553 0.05417493
v 0.00150378 -0.02455073 0.0517
v 0.0015136 -0.02452767 0.05192252
v 0.00154258 -0.02445962 0.05213388
v -0.04371103 -0.03540601 0.02073713
v -0.04477966 -0.03791625 0.01927934
v -0.04424859 -0.03666876 0.01792351
v -0.04659058 -0.03834062 0.02085
v -0.0461598 -0.0373287 0.01927934
v -0.04376467 -0.03553201 0.02093553
v -0.04521044 -0.03892816 0.02085
v -0.04379815 -0.03561067 0.02116094
v -0.04562873 -0.03608121 0.01792351
v -0.04363338 -0.0352236 0.01682372
v -0.04501352 -0.03463605 0.01682372
v -0.0448452 -0.03424067 0.02040754
v -0.04346506 -0.03482822 0.02040754
v -0.04327895 -0.03439104 0.02046524
v -0.04337062 -0.0346064 0.02040754
v -0.04364035 -0.03523998 0.02057727
v -0.04355673 -0.03504358 0.02046524
v -0.04509117 -0.03481846 0.02073713
v -0.04502048 -0.03465244 0.02057727
v -0.04493689 -0.03445603 0.02046524
v -0.04517829 -0.03502313 0.02116094
v -0.04514481 -0.03494447 0.02093553
v -0.04433283 -0.03303713 0.01601338
v -0.04295269 -0.03362468 0.01601338
v -0.04222723 -0.03192056 0.01551711
v -0.04360739 -0.03133303 0.01551711
v -0.04147905 -0.03016307 0.01535
v -0.04177224 -0.03085177 0.01868688
v -0.04315238 -0.03026424 0.01868688
v -0.04170157 -0.03068575 0.01852702
v -0.04161796 -0.03048934 0.01841498
v -0.04182588 -0.03097777 0.01888528
v -0.04320603 -0.03039023 0.01888528
v -0.04185936 -0.03105642 0.01911068
v -0.04323952 -0.03046889 0.01911068
v -0.04319534 -0.03419463 0.02057727
v -0.04475076 -0.03401887 0.02040754
v -0.04465909 -0.03380349 0.02046524
v -0.04457548 -0.0336071 0.02057727
v -0.04312465 -0.03402861 0.02073713
v -0.0445048 -0.03344106 0.02073713
v -0.04177224 -0.03085177 0.02001312
v -0.04303753 -0.03382396 0.02116094
v -0.04182588 -0.03097777 0.01981472
v -0.04307101 -0.03390261 0.02093553
v -0.04185936 -0.03105642 0.01958932
v -0.04187075 -0.03108317 0.01935
v -0.04445115 -0.03331506 0.02093553
v -0.04320603 -0.03039023 0.01981472
v -0.04323952 -0.03046889 0.01958932
v -0.04325088 -0.03049562 0.01935
v -0.04441767 -0.03323641 0.02116094
v -0.04315238 -0.03026424 0.02001312
v -0.04710238 -0.03954282 0.02443987
v -0.04690799 -0.03908621 0.02258778
v -0.04552784 -0.03967375 0.02258778
v -0.04572222 -0.04013037 0.02443987
v -0.04380954 -0.03563741 0.02140025
v -0.04379815 -0.03561067 0.02163957
v -0.04514481 -0.03494447 0.02186497
v -0.04517829 -0.03502313 0.02163957
v -0.04518968 -0.03504986 0.02140025
v -0.04376467 -0.03553201 0.02186497
v -0.04716784 -0.03969658 0.02635
v -0.04578768 -0.04028411 0.02635
v -0.04460123 -0.0374971 0.02611068
v -0.04435981 -0.03693001 0.02541498
v -0.04444342 -0.03712642 0.02552702
v -0.04598137 -0.03690956 0.02611068
v -0.04594789 -0.0368309 0.02588528
v -0.04456773 -0.03741844 0.02588528
v -0.0445141 -0.03729244 0.02568688
v -0.04589425 -0.03670491 0.02568688
v -0.04582356 -0.03653887 0.02552702
v -0.04426812 -0.03671465 0.02535729
v -0.04371103 -0.03540601 0.02206338
v -0.0439984 -0.03608106 0.02552702
v -0.04408201 -0.03627747 0.02541498
v -0.04355673 -0.03504358 0.02233527
v -0.0441737 -0.03649283 0.02535729
v -0.04364035 -0.03523998 0.02222324
v -0.04573995 -0.03634248 0.02541498
v -0.04564828 -0.0361271 0.02535729
v -0.04555384 -0.0359053 0.02535729
v -0.04546217 -0.03568994 0.02541498
v -0.04537855 -0.03549352 0.02552702
v -0.04392773 -0.03591504 0.02568688
v -0.04530786 -0.03532751 0.02568688
v -0.04387409 -0.03578904 0.02588528
v -0.04509117 -0.03481846 0.02206338
v -0.04440628 -0.03320968 0.02140025
v -0.04302614 -0.03379721 0.02140025
v -0.04303753 -0.03382396 0.02163957
v -0.04307101 -0.03390261 0.02186497
v -0.04445115 -0.03331506 0.02186497
v -0.0445048 -0.03344106 0.02206338
v -0.04441767 -0.03323641 0.02163957
v -0.04312465 -0.03402861 0.02206338
v -0.04265181 -0.03291787 0.02369751
v -0.04319534 -0.03419463 0.02222324
v -0.04286636 -0.03342189 0.02449111
v -0.04327895 -0.03439104 0.02233527
v -0.04337062 -0.0346064 0.02239296
v -0.04236909 -0.03225376 0.02305806
v -0.04502048 -0.03465244 0.02222324
v -0.04475076 -0.03401887 0.02239296
v -0.0448452 -0.03424067 0.02239296
v -0.04493689 -0.03445603 0.02233527
v -0.04346506 -0.03482822 0.02239296
v -0.04457548 -0.0336071 0.02222324
v -0.04465909 -0.03380349 0.02233527
v -0.04424651 -0.03283434 0.02449111
v -0.04203464 -0.03146815 0.02260994
v -0.04170157 -0.03068575 0.02017298
v -0.04166791 -0.03060669 0.02237916
v -0.04341478 -0.03088062 0.02260994
v -0.04374923 -0.03166623 0.02305806
v -0.04403195 -0.03233034 0.02369751
v -0.0430003 -0.03373651 0.02539274
v -0.04384061 -0.03571038 0.02611068
v -0.04525423 -0.03520149 0.02588528
v -0.04522075 -0.03512283 0.02611068
v -0.04304583 -0.03384345 0.02635
v -0.04438044 -0.03314896 0.02539274
v -0.04442597 -0.03325591 0.02635
v -0.04460123 -0.0374971 0.02658932
v -0.04572222 -0.04013037 0.02826013
v -0.0446126 -0.03752384 0.02635
v -0.04710238 -0.03954282 0.02826013
v -0.04598137 -0.03690956 0.02658932
v -0.04599275 -0.03693629 0.02635
v -0.04594789 -0.0368309 0.02681472
v -0.04456773 -0.03741844 0.02681472
v -0.04435981 -0.03693001 0.02728502
v -0.04552784 -0.03967375 0.03011222
v -0.04444342 -0.03712642 0.02717298
v -0.0445141 -0.03729244 0.02701312
v -0.04589425 -0.03670491 0.02701312
v -0.04582356 -0.03653887 0.02717298
v -0.04690799 -0.03908621 0.03011222
v -0.04408201 -0.03627747 0.02728502
v -0.0441737 -0.03649283 0.02734271
v -0.04555384 -0.0359053 0.02734271
v -0.04426812 -0.03671465 0.02734271
v -0.04573995 -0.03634248 0.02728502
v -0.04564828 -0.0361271 0.02734271
v -0.04546217 -0.03568994 0.02728502
v -0.0439984 -0.03608106 0.02717298
v -0.04530786 -0.03532751 0.02701312
v -0.04392773 -0.03591504 0.02701312
v -0.04537855 -0.03549352 0.02717298
v -0.04387409 -0.03578904 0.02681472
v -0.04355673 -0.03504358 0.03036473
v -0.04364035 -0.03523998 0.03047676
v -0.04346506 -0.03482822 0.03030704
v -0.04521044 -0.03892816 0.03185
v -0.04659058 -0.03834062 0.03185
v -0.04371103 -0.03540601 0.03063662
v -0.04376467 -0.03553201 0.03083503
v -0.04514481 -0.03494447 0.03083503
v -0.04517829 -0.03502313 0.03106043
v -0.04518968 -0.03504986 0.03129975
v -0.04517829 -0.03502313 0.03153906
v -0.04379815 -0.03561067 0.03153906
v -0.04380954 -0.03563741 0.03129975
v -0.04379815 -0.03561067 0.03106043
v -0.04382922 -0.03568364 0.02635
v -0.04384061 -0.03571038 0.02658932
v -0.0430003 -0.03373651 0.02730726
v -0.04522075 -0.03512283 0.02658932
v -0.04525423 -0.03520149 0.02681472
v -0.04520936 -0.03509611 0.02635
v -0.04438044 -0.03314896 0.02730726
v -0.04424651 -0.03283434 0.02820889
v -0.04286636 -0.03342189 0.02820889
v -0.04265181 -0.03291787 0.02900249
v -0.04403195 -0.03233034 0.02900249
v -0.04493689 -0.03445603 0.03036473
v -0.0448452 -0.03424067 0.03030704
v -0.04312465 -0.03402861 0.03063662
v -0.04319534 -0.03419463 0.03047676
v -0.04327895 -0.03439104 0.03036473
v -0.04236909 -0.03225376 0.02964194
v -0.04337062 -0.0346064 0.03030704
v -0.04203464 -0.03146815 0.03009007
v -0.04303753 -0.03382396 0.03153906
v -0.04302614 -0.03379721 0.03129975
v -0.04307101 -0.03390261 0.03083503
v -0.04303753 -0.03382396 0.03106043
v -0.04170157 -0.03068575 0.03252701
v -0.04177224 -0.03085177 0.03268688
v -0.04166791 -0.03060669 0.03032083
v -0.04441767 -0.03323641 0.03153906
v -0.04315238 -0.03026424 0.03268688
v -0.04341478 -0.03088062 0.03009007
v -0.04374923 -0.03166623 0.02964194
v -0.04509117 -0.03481846 0.03063662
v -0.04502048 -0.03465244 0.03047676
v -0.04465909 -0.03380349 0.03036473
v -0.04457548 -0.0336071 0.03047676
v -0.0445048 -0.03344106 0.03063662
v -0.04475076 -0.03401887 0.03030704
v -0.04445115 -0.03331506 0.03083503
v -0.04440628 -0.03320968 0.03129975
v -0.04441767 -0.03323641 0.03106043
v -0.04424859 -0.03666876 0.03477649
v -0.04477966 -0.03791625 0.03342066
v -0.04371103 -0.03540601 0.03196287
v -0.04376467 -0.03553201 0.03176447
v -0.0461598 -0.0373287 0.03342066
v -0.04514481 -0.03494447 0.03176447
v -0.04493689 -0.03445603 0.03223477
v -0.04355673 -0.03504358 0.03223477
v -0.04502048 -0.03465244 0.03212273
v -0.04346506 -0.03482822 0.03229246
v -0.0448452 -0.03424067 0.03229246
v -0.04364035 -0.03523998 0.03212273
v -0.04509117 -0.03481846 0.03196287
v -0.04562873 -0.03608121 0.03477649
v -0.04501352 -0.03463605 0.03587628
v -0.04363338 -0.0352236 0.03587628
v -0.04337062 -0.0346064 0.03229246
v -0.04327895 -0.03439104 0.03223477
v -0.04185936 -0.03105642 0.03358932
v -0.04319534 -0.03419463 0.03212273
v -0.04187075 -0.03108317 0.03335
v -0.04312465 -0.03402861 0.03196287
v -0.04185936 -0.03105642 0.03311068
v -0.04307101 -0.03390261 0.03176447
v -0.04182588 -0.03097777 0.03288528
v -0.04445115 -0.03331506 0.03176447
v -0.04320603 -0.03039023 0.03288528
v -0.04323952 -0.03046889 0.03311068
v -0.04475076 -0.03401887 0.03229246
v -0.04465909 -0.03380349 0.03223477
v -0.04457548 -0.0336071 0.03212273
v -0.0445048 -0.03344106 0.03196287
v -0.04323952 -0.03046889 0.03358932
v -0.04325088 -0.03049562 0.03335
v -0.04433283 -0.03303713 0.03668662
v -0.04295269 -0.03362468 0.03668662
v -0.04177224 -0.03085177 0.03401312
v -0.04182588 -0.03097777 0.03381472
v -0.04222723 -0.03192056 0.03718288
v -0.04360739 -0.03133303 0.03718288
v -0.04315238 -0.03026424 0.03401312
v -0.04320603 -0.03039023 0.03381472
v -0.04170157 -0.03068575 0.03417299
v -0.04147905 -0.03016307 0.03735
v -0.04161796 -0.03048934 0.03428502
v 0.00269622 -0.00748976 -0.0015
v 0.00245533 -0.00748013 -0.0015
v 0.0029324 -0.00744147 -0.0015
v 0.00315017 -0.00733806 -0.0015
v 0.00333686 -0.00718554 -0.0015
v 0.00158924 -0.02435 0.00037651
v 0.00165126 -0.02420431 0.00021817
v 0.00172553 -0.02402986 9.903E-05
v 0.00180832 -0.02383539 2.507E-05
v 0.00189548 -0.02363064 0
v 0.01012105 -0.00430864 -0
v 0.01012105 -0.00430864 -0.0015
v 0.00333686 -0.00718554 -0
v 0.00315017 -0.00733806 -0
v 0.00245533 -0.00748013 0
v 0.00222376 -0.00741312 0
v -0.00242491 -0.00738911 0
v -0.00242491 -0.00738911 -0.0015
v 0.00269622 -0.00748976 0
v 0.0029324 -0.00744147 0
v -0.0026611 -0.0074374 -0.0015
v -0.00290198 -0.00742777 -0.0015
v -0.0026611 -0.0074374 0
v -0.00313355 -0.00736077 -0.0015
v -0.00290198 -0.00742777 0
v -0.00313355 -0.00736077 0
v 0.00357605 -0.00677096 -0
v 0.00348163 -0.00699277 -0.0015
v 0.00348163 -0.00699277 -0
v 0.00357605 -0.00677096 -0.0015
v 0.00184103 -0.0071257 0
v 0.00171213 -0.00692199 -0.0015
v 0.00171213 -0.00692199 0
v 0.00201495 -0.00729265 -0.0015
v 0.00184103 -0.0071257 -0.0015
v 0.00201495 -0.00729265 0
v 0.00222376 -0.00741312 -0.0015
v -0.00202045 -0.00713318 -0.0015
v -0.00220714 -0.0072857 -0.0015
v -0.00202045 -0.00713318 0
v -0.00220714 -0.0072857 0
v -0.01893417 -0.01639352 -0.0015
v -0.01902133 -0.01659826 -0.00147493
v -0.0192404 -0.01711288 -0.00112349
v -0.01917838 -0.01696719 -0.00128183
v -0.01910412 -0.01679273 -0.00140097
v -0.01928707 -0.01722249 -0.00093388
v -0.01931604 -0.01729054 -0.00072252
v -0.01932586 -0.01731362 -0.0005
v -0.01851658 -0.01541259 9.903E-05
v -0.01834663 -0.01501337 0
v -0.01843379 -0.01521812 2.507E-05
v -0.01859084 -0.01558704 0.00021817
v -0.01865287 -0.01573273 0.00037651
v -0.01869953 -0.01584235 0.00056612
v -0.0187285 -0.0159104 0.00077748
v -0.01873832 -0.01593347 0.001
v -0.01932586 -0.01731362 0.01335
v -0.01873832 -0.01593347 0.01335
v -0.00334236 -0.00724029 0
v -0.00351628 -0.00707335 0
v -0.00364519 -0.00686963 0
v -0.00334236 -0.00724029 -0.0015
v -0.00351628 -0.00707335 -0.0015
v -0.00364519 -0.00686963 -0.0015
v -0.00709353 -0.00341508 0
v -0.00726744 -0.00324813 0
v -0.00688472 -0.00353555 0
v -0.00709353 -0.00341508 -0.0015
v -0.00747276 -0.00281577 -0.0015
v -0.00749223 -0.00257549 -0.0015
v -0.00739635 -0.00304441 -0.0015
v -0.00726744 -0.00324813 -0.0015
v -0.00739635 -0.00304441 0
v -0.00747276 -0.00281577 0
v -0.019372 -0.01729397 0.01379504
v -0.01972733 -0.0171427 0.01459698
v -0.02001871 -0.01701866 0.01491366
v -0.0195081 -0.01723603 0.01421777
v -0.01878446 -0.01591383 0.01379504
v -0.01892056 -0.01585589 0.01421777
v -0.01913979 -0.01576256 0.01459698
v -0.01913979 -0.01576256 0.03810302
v 0.01071547 -0.00248567 -0
v 0.01071547 -0.00248567 -0.0015
v 0.01098431 -0.00058719 -0
v 0.01098431 -0.00058719 -0.0015
v 0.00730684 -0.00324161 -0.0015
v 0.00740127 -0.00301979 -0.0015
v 0.00716207 -0.00343437 -0.0015
v 0.00743987 -0.00278183 -0.0015
v 0.00675762 -0.0036903 -0.0015
v 0.00697538 -0.00358689 -0.0015
v 0.00730684 -0.00324161 -0
v 0.00740127 -0.00301979 -0
v 0.00697538 -0.00358689 -0
v 0.00716207 -0.00343437 -0
v 0.00743987 -0.00278183 -0
v 0.00675762 -0.0036903 -0
v 0.00734399 -0.0023129 -0.0015
v 0.0074204 -0.00254154 -0.0015
v 0.00704117 -0.00194224 -0
v 0.00721509 -0.00210919 -0
v 0.00734399 -0.0023129 -0
v 0.0074204 -0.00254154 -0
v 0.00721509 -0.00210919 -0.0015
v 0.00704117 -0.00194224 -0.0015
v 0.00652143 -0.00373859 -0.0015
v 0.00652143 -0.00373859 -0
v 0.00683236 -0.00182177 -0.0015
v 0.00683236 -0.00182177 -0
v 0.0063599 -0.00174513 -0.0015
v 0.00660079 -0.00175476 -0.0015
v 0.0063599 -0.00174513 -0
v 0.00660079 -0.00175476 -0
v 0.00628055 -0.00372896 -0.0015
v 0.00628055 -0.00372896 -0
v 0.00604897 -0.00366195 -0.0015
v 0.00604897 -0.00366195 -0
v 0.00553735 -0.00317082 -0.0015
v 0.00546093 -0.00294218 -0.0015
v 0.00553735 -0.00317082 -0
v 0.00584016 -0.00354148 -0.0015
v 0.00584016 -0.00354148 -0
v 0.00566625 -0.00337453 -0.0015
v 0.00566625 -0.00337453 -0
v 0.00546093 -0.00294218 -0
v 0.00548007 -0.00246393 -0.0015
v 0.00557449 -0.00224211 -0.0015
v 0.00548007 -0.00246393 -0
v 0.00544147 -0.00270189 -0.0015
v 0.00544147 -0.00270189 -0
v 0.00557449 -0.00224211 -0
v 0.00590595 -0.00189683 -0
v 0.00612372 -0.00179342 -0.0015
v 0.00612372 -0.00179342 -0
v 0.00590595 -0.00189683 -0.0015
v 0.00571926 -0.00204935 -0.0015
v 0.00571926 -0.00204935 -0
v 0.0109194 0.00132914 -0.0015
v 0.00745363 0.00233752 -0.0015
v 0.01052271 0.00320508 -0.0015
v 0.01052271 0.00320508 -0
v 0.0109194 0.00132914 -0
v 0.00745363 0.00233752 -0
v 0.00702774 0.00177042 -0.0015
v 0.00721444 0.00192294 -0.0015
v 0.00702774 0.00177042 -0
v 0.00721444 0.00192294 -0
v 0.0073592 0.00211571 -0
v 0.00747275 0.00281577 -0
v 0.00749223 0.00257549 -0.0015
v 0.00749223 0.00257549 -0
v 0.00747275 0.00281577 -0.0015
v 0.0073592 0.00211571 -0.0015
v 0.00680997 0.00166701 -0.0015
v 0.00657379 0.00161872 -0.0015
v 0.00633291 0.00162836 -0.0015
v 0.00680997 0.00166701 -0
v 0.00657379 0.00161872 -0
v 0.00633291 0.00162836 -0
v 0.0039968 -0.00015988 -0.0015
v 0.0038424 -0.00111173 -0
v 0.0039968 -0.00015988 -0
v 0.0038424 -0.00111173 -0.0015
v 0.00610133 0.00169536 -0
v 0.00589252 0.00181583 -0.0015
v 0.00589252 0.00181583 -0
v 0.00610133 0.00169536 -0.0015
v 0.00391892 0.00080126 -0.0015
v 0.0055897 0.00218649 -0.0015
v 0.00361329 0.00171584 -0.0015
v 0.00571861 0.00198278 -0.0015
v 0.00391892 0.00080126 -0
v 0.0055897 0.00218649 -0
v 0.00361329 0.00171584 -0
v 0.00571861 0.00198278 -0
v 0.00551329 0.00241514 -0.0015
v 0.00549383 0.00265542 -0.0015
v 0.00309767 0.0025307 -0.0015
v 0.00551329 0.00241514 -0
v 0.00549383 0.00265542 -0
v 0.00309767 0.0025307 -0
v 0.00361465 -0.006533 -0.0015
v 0.00359519 -0.00629271 -0.0015
v 0.00351877 -0.00606407 -0.0015
v 0.00338987 -0.00586035 -0.0015
v 0.00321596 -0.00569341 -0.0015
v 0.00361465 -0.006533 -0
v 0.00359519 -0.00629271 -0
v 0.00351877 -0.00606407 -0
v 0.00321596 -0.00569341 -0
v 0.00338987 -0.00586035 -0
v 0.00277557 -0.00550593 -0
v 0.00300715 -0.00557293 -0.0015
v 0.00300715 -0.00557293 -0
v 0.00277557 -0.00550593 -0.0015
v 0.00189405 -0.00580052 -0.0015
v 0.00208074 -0.005648 -0.0015
v 0.00189405 -0.00580052 0
v 0.00208074 -0.005648 0
v 0.0022985 -0.00554458 -0.0015
v 0.0022985 -0.00554458 -0
v 0.00253469 -0.00549629 -0.0015
v 0.00253469 -0.00549629 -0
v 0.00288563 -0.00277004 -0
v 0.00288563 -0.00277004 -0.0015
v 0.00346469 -0.00199898 -0.0015
v 0.00346469 -0.00199898 -0
v 0.00213886 -0.00338013 -0.0015
v 0.0012678 -0.00379377 -0.0015
v 0.00213886 -0.00338013 -0
v 0.0012678 -0.00379377 0
v 0.00165485 -0.00621509 0
v 0.00174928 -0.00599329 -0.0015
v 0.00174928 -0.00599329 0
v 0.00165485 -0.00621509 -0.0015
v 0.00161625 -0.00645306 -0.0015
v 0.00161625 -0.00645306 0
v 0.00163572 -0.00669334 -0.0015
v 0.00163572 -0.00669334 0
v -0.00176213 -0.00624036 -0.0015
v -0.00178126 -0.0067186 -0.0015
v -0.00174266 -0.00648064 -0.0015
v -0.00187569 -0.00694041 -0.0015
v -0.00187569 -0.00694041 0
v -0.00178126 -0.0067186 0
v -0.00174266 -0.00648064 0
v -0.00176213 -0.00624036 0
v 0.00032304 -0.00398694 -0.0015
v 0.00032304 -0.00398694 0
v -0.00183854 -0.00601171 -0.0015
v -0.00064048 -0.00394839 -0.0015
v -0.00196745 -0.00580799 -0.0015
v -0.00183854 -0.00601171 0
v -0.00064048 -0.00394839 0
v -0.00214136 -0.00564105 -0.0015
v -0.00214136 -0.00564105 0
v -0.00196745 -0.00580799 0
v -0.00156678 -0.00368038 -0.0015
v -0.00156678 -0.00368038 0
v 0.00739635 0.00304441 -0
v 0.00980629 0.00498364 -0
v 0.00980629 0.00498364 -0.0015
v 0.00739635 0.00304441 -0.0015
v 0.00879191 0.00661077 -0
v 0.00879191 0.00661077 -0.0015
v 0.00726744 0.00324813 -0
v 0.00709353 0.00341507 -0
v 0.00726744 0.00324813 -0.0015
v 0.00709353 0.00341507 -0.0015
v 0.00641226 0.00361219 -0
v 0.00751039 0.00803703 -0
v 0.00665314 0.00360255 -0
v 0.00688472 0.00353555 -0
v 0.00688472 0.00353555 -0.0015
v 0.00665314 0.00360255 -0.0015
v 0.00641226 0.00361219 -0.0015
v 0.00751039 0.00803703 -0.0015
v 0.00577162 0.00330796 -0.0015
v 0.00595831 0.00346048 -0.0015
v 0.00577162 0.00330796 -0
v 0.00595831 0.00346048 -0
v 0.00617608 0.0035639 -0.0015
v 0.00617608 0.0035639 -0
v 0.00562685 0.00311519 -0
v 0.00562685 0.00311519 -0.0015
v 0.00553243 0.00289339 -0.0015
v 0.00553243 0.00289339 -0
v 0.00327657 0.00559564 -0.0015
v 0.00327657 0.00559564 -0
v 0.00360803 0.00594093 -0
v 0.00374106 0.0064007 -0.0015
v 0.00370246 0.00616273 -0
v 0.00374106 0.0064007 -0
v 0.00370246 0.00616273 -0.0015
v 0.00360803 0.00594093 -0.0015
v 0.00346327 0.00574816 -0.0015
v 0.00346327 0.00574816 -0
v 0.00600067 0.0092191 -0
v 0.00600067 0.0092191 -0.0015
v 0.00372159 0.00664098 -0
v 0.00364518 0.00686963 -0
v 0.00372159 0.00664098 -0.0015
v 0.00364518 0.00686963 -0.0015
v 0.00334236 0.00724029 -0
v 0.00351627 0.00707335 -0
v 0.00351627 0.00707335 -0.0015
v 0.00334236 0.00724029 -0.0015
v 0.00290197 0.00742776 -0
v 0.00313355 0.00736076 -0
v 0.00430864 0.01012105 -0
v 0.00248567 0.01071547 -0
v 0.00430864 0.01012105 -0.0015
v 0.00313355 0.00736076 -0.0015
v 0.00290197 0.00742776 -0.0015
v 0.00248567 0.01071547 -0.0015
v 0.00240202 0.00319848 -0
v 0.00240202 0.00319848 -0.0015
v 0.00258174 0.00545357 -0.0015
v 0.00156677 0.00368038 -0.0015
v 0.00235016 0.00552057 -0.0015
v 0.00282261 0.00544393 -0.0015
v 0.0030588 0.00549222 -0.0015
v 0.00156677 0.00368038 -0
v 0.00258174 0.00545357 -0
v 0.00235016 0.00552057 -0
v 0.0030588 0.00549222 -0
v 0.00282261 0.00544393 -0
v 0.00064047 0.00394839 -0
v 0.00214135 0.00564105 -0.0015
v 0.00064047 0.00394839 -0.0015
v 0.00214135 0.00564105 -0
v 0.00196744 0.00580799 -0.0015
v 0.00196744 0.00580799 -0
v -0.00032305 0.00398693 -0.0015
v 0.00183853 0.0060117 -0.0015
v -0.00032305 0.00398693 -0
v 0.00183853 0.0060117 -0
v 0.00176213 0.00624036 -0
v 0.00176213 0.00624036 -0.0015
v 0.00174266 0.00648063 -0.0015
v 0.00174266 0.00648063 -0
v 0.00178125 0.0067186 -0.0015
v 0.00187568 0.00694041 -0.0015
v 0.00178125 0.0067186 -0
v 0.00187568 0.00694041 -0
v -0.0012678 0.00379377 -0
v -0.0012678 0.00379377 -0.0015
v -0.00213887 0.00338013 -0.0015
v -0.00213887 0.00338013 0
v -0.00288563 0.00277004 0
v -0.00288563 0.00277004 -0.0015
v -0.0022985 0.00554458 -0.0015
v -0.00300715 0.00557293 -0.0015
v -0.00253469 0.00549629 -0.0015
v -0.00277558 0.00550593 -0.0015
v -0.00208074 0.005648 -0.0015
v -0.00277558 0.00550593 0
v -0.00300715 0.00557293 0
v -0.0022985 0.00554458 0
v -0.00253469 0.00549629 0
v -0.00208074 0.005648 -0
v -0.00189405 0.00580051 -0.0015
v -0.00174928 0.00599328 -0.0015
v -0.00165486 0.00621509 -0.0015
v -0.00189405 0.00580051 -0
v -0.00174928 0.00599328 -0
v -0.00165486 0.00621509 -0
v -0.00163572 0.00669334 -0
v -0.00161626 0.00645305 -0
v -0.00161626 0.00645305 -0.0015
v -0.00163572 0.00669334 -0.0015
v 0.0026611 0.0074374 -0.0015
v 0.0026611 0.0074374 -0
v 0.00202045 0.00713318 -0.0015
v 0.00220714 0.0072857 -0.0015
v 0.00202045 0.00713318 -0
v 0.00220714 0.0072857 -0
v 0.00242491 0.00738911 -0.0015
v 0.00242491 0.00738911 -0
v 0.00058719 0.01098431 -0.0015
v 0.00058719 0.01098431 -0
v -0.00132914 0.0109194 -0.0015
v -0.00132914 0.0109194 -0
v -0.00171213 0.00692198 -0
v -0.00184104 0.0071257 -0.0015
v -0.00171213 0.00692198 -0.0015
v -0.00184104 0.0071257 -0
v -0.00201495 0.00729265 -0
v -0.00245534 0.00748012 -0
v -0.00222376 0.00741312 -0.0015
v -0.00222376 0.00741312 -0
v -0.00201495 0.00729265 -0.0015
v -0.00245534 0.00748012 -0.0015
v -0.00293241 0.00744147 -0.0015
v -0.00269622 0.00748976 -0.0015
v -0.00293241 0.00744147 -0
v -0.00269622 0.00748976 -0
v -0.00315017 0.00733806 -0.0015
v -0.00315017 0.00733806 0
v -0.00320508 0.01052271 -0
v -0.00320508 0.01052271 -0.0015
v -0.00258174 -0.00545357 0
v -0.00235017 -0.00552057 -0.0015
v -0.00235017 -0.00552057 0
v -0.00258174 -0.00545357 -0.0015
v -0.00372159 -0.00664098 -0.0015
v -0.00372159 -0.00664098 0
v -0.00374106 -0.0064007 -0.0015
v -0.00370246 -0.00616273 -0.0015
v -0.00374106 -0.0064007 0
v -0.00370246 -0.00616273 0
v -0.00360803 -0.00594093 -0.0015
v -0.00360803 -0.00594093 0
v -0.00346326 -0.00574816 -0.0015
v -0.00346326 -0.00574816 0
v -0.00327657 -0.00559564 -0.0015
v -0.00327657 -0.00559564 0
v -0.00305881 -0.00549222 -0.0015
v -0.00305881 -0.00549222 0
v -0.00282262 -0.00544393 -0.0015
v -0.00282262 -0.00544393 0
v -0.00240202 -0.00319848 -0.0015
v -0.00309767 -0.0025307 -0.0015
v -0.00240202 -0.00319848 0
v -0.00309767 -0.0025307 0
v -0.00577162 -0.00330796 -0.0015
v -0.00562685 -0.0031152 -0.0015
v -0.00617608 -0.0035639 -0.0015
v -0.00595831 -0.00346049 -0.0015
v -0.00641227 -0.00361219 -0.0015
v -0.00665314 -0.00360255 -0.0015
v -0.00577162 -0.00330796 0
v -0.00562685 -0.0031152 0
v -0.00595831 -0.00346049 0
v -0.00641227 -0.00361219 0
v -0.00617608 -0.0035639 0
v -0.00665314 -0.00360255 0
v -0.00688472 -0.00353555 -0.0015
v -0.00361329 -0.00171584 -0.0015
v -0.00391893 -0.00080126 -0.0015
v -0.00361329 -0.00171584 0
v -0.00391893 -0.00080126 0
v -0.00553243 -0.00289339 -0.0015
v -0.00549383 -0.00265542 -0.0015
v -0.00553243 -0.00289339 0
v -0.00549383 -0.00265542 0
v -0.0055133 -0.00241514 -0.0015
v -0.0055897 -0.00218649 -0.0015
v -0.0055133 -0.00241514 0
v -0.0055897 -0.00218649 0
v -0.00571861 -0.00198278 0
v -0.00571861 -0.00198278 -0.0015
v -0.00589252 -0.00181584 0
v -0.00589252 -0.00181584 -0.0015
v -0.00610134 -0.00169536 0
v -0.00610134 -0.00169536 -0.0015
v -0.0039968 0.00015988 -0.0015
v -0.0039968 0.00015988 0
v -0.00633291 -0.00162836 -0.0015
v -0.00633291 -0.00162836 0
v -0.00612372 0.00179341 -0.0015
v -0.00590596 0.00189682 -0.0015
v -0.0038424 0.00111173 -0.0015
v -0.00612372 0.00179341 0
v -0.00590596 0.00189682 0
v -0.0038424 0.00111173 0
v -0.00749223 -0.00257549 0
v -0.00745363 -0.00233752 -0.0015
v -0.00745363 -0.00233752 0
v -0.0073592 -0.00211572 -0.0015
v -0.0073592 -0.00211572 0
v -0.00702775 -0.00177043 0
v -0.00680997 -0.00166701 -0.0015
v -0.00680997 -0.00166701 0
v -0.00721444 -0.00192294 -0.0015
v -0.00721444 -0.00192294 0
v -0.00702775 -0.00177043 -0.0015
v -0.00657379 -0.00161872 -0.0015
v -0.00657379 -0.00161872 0
v -0.00660079 0.00175476 -0.0015
v -0.00683237 0.00182176 -0.0015
v -0.00635991 0.00174512 -0.0015
v -0.00721509 0.00210918 -0.0015
v -0.00734399 0.0023129 -0.0015
v -0.00704117 0.00194224 -0.0015
v -0.00635991 0.00174512 0
v -0.00660079 0.00175476 0
v -0.00683237 0.00182176 0
v -0.00704117 0.00194224 0
v -0.00721509 0.00210918 0
v -0.00734399 0.0023129 0
v -0.01012105 0.00430864 0
v -0.01012105 0.00430864 -0.0015
v -0.00346469 0.00199897 -0.0015
v -0.00546094 0.00294217 -0.0015
v -0.00553735 0.00317082 -0.0015
v -0.00346469 0.00199897 0
v -0.00546094 0.00294217 0
v -0.00553735 0.00317082 0
v -0.00557449 0.00224211 -0.0015
v -0.00548007 0.00246392 -0.0015
v -0.00544147 0.00270189 -0.0015
v -0.00571926 0.00204935 -0.0015
v -0.00557449 0.00224211 0
v -0.00548007 0.00246392 0
v -0.00571926 0.00204935 0
v -0.00544147 0.00270189 0
v -0.00566625 0.00337453 -0.0015
v -0.00566625 0.00337453 0
v -0.00321596 0.00569341 -0.0015
v -0.00338988 0.00586035 -0.0015
v -0.00321596 0.00569341 0
v -0.00338988 0.00586035 0
v -0.00604898 0.00366195 -0.0015
v -0.00628055 0.00372896 -0.0015
v -0.00359519 0.00629271 -0.0015
v -0.00584016 0.00354148 -0.0015
v -0.00351878 0.00606406 -0.0015
v -0.00628055 0.00372896 0
v -0.00604898 0.00366195 0
v -0.00359519 0.00629271 0
v -0.00584016 0.00354148 0
v -0.00351878 0.00606406 0
v -0.0074204 0.00254154 -0.0015
v -0.0074204 0.00254154 0
v -0.00743987 0.00278183 -0.0015
v -0.00740127 0.00301979 -0.0015
v -0.00743987 0.00278183 0
v -0.00740127 0.00301979 0
v -0.00652144 0.00373859 0
v -0.00652144 0.00373859 -0.0015
v -0.00730684 0.0032416 -0.0015
v -0.00716208 0.00343437 -0.0015
v -0.00730684 0.0032416 0
v -0.00716208 0.00343437 0
v -0.00697539 0.00358689 -0.0015
v -0.00697539 0.00358689 0
v -0.00675762 0.0036903 -0.0015
v -0.00675762 0.0036903 0
v -0.0092191 0.00600067 -0.0015
v -0.0092191 0.00600067 0
v -0.00361466 0.00653299 -0.0015
v -0.00361466 0.00653299 0
v -0.00333686 0.00718553 -0.0015
v -0.00333686 0.00718553 0
v -0.00357606 0.00677096 -0.0015
v -0.00357606 0.00677096 0
v -0.00348163 0.00699277 -0.0015
v -0.00348163 0.00699277 0
v -0.00661077 0.00879191 -0.0015
v -0.00661077 0.00879191 0
v -0.00803704 0.00751039 -0.0015
v -0.00803704 0.00751039 0
v -0.00498364 0.00980629 -0.0015
v -0.00498364 0.00980629 0
v -0.01972733 -0.0171427 0.03810302
v -0.01932586 -0.01731362 0.03935
v -0.019372 -0.01729397 0.03890496
v -0.0195081 -0.01723603 0.03848223
v -0.01878446 -0.01591383 0.03890496
v -0.01873832 -0.01593347 0.03935
v -0.01892056 -0.01585589 0.03848223
v 0.00158924 -0.02435 0.05232349
v 0.00333686 -0.00718554 0.0542
v 0.00315017 -0.00733806 0.0542
v 0.0029324 -0.00744147 0.0542
v 0.00269622 -0.00748976 0.0542
v 0.00245533 -0.00748013 0.0542
v 0.00180832 -0.02383539 0.05267493
v 0.00189548 -0.02363064 0.0527
v 0.00172553 -0.02402986 0.05260097
v 0.00165126 -0.02420431 0.05248183
v 0.01012105 -0.00430864 0.0542
v 0.01012105 -0.00430864 0.0527
v 0.00333686 -0.00718554 0.0527
v 0.00315017 -0.00733806 0.0527
v 0.00222376 -0.00741312 0.0527
v -0.00242491 -0.00738911 0.0527
v 0.0029324 -0.00744147 0.0527
v 0.00269622 -0.00748976 0.0527
v 0.00245533 -0.00748013 0.0527
v -0.00242491 -0.00738911 0.0542
v -0.0026611 -0.0074374 0.0527
v -0.00290198 -0.00742777 0.0527
v -0.0026611 -0.0074374 0.0542
v -0.00290198 -0.00742777 0.0542
v -0.00313355 -0.00736077 0.0542
v -0.00313355 -0.00736077 0.0527
v 0.00348163 -0.00699277 0.0527
v 0.00348163 -0.00699277 0.0542
v 0.00357605 -0.00677096 0.0527
v 0.00357605 -0.00677096 0.0542
v 0.00201495 -0.00729265 0.0527
v 0.00201495 -0.00729265 0.0542
v 0.00184103 -0.0071257 0.0542
v 0.00222376 -0.00741312 0.0542
v 0.00184103 -0.0071257 0.0527
v 0.00171213 -0.00692199 0.0542
v 0.00171213 -0.00692199 0.0527
v -0.00220714 -0.0072857 0.0542
v -0.00220714 -0.0072857 0.0527
v -0.00202045 -0.00713318 0.0527
v -0.00202045 -0.00713318 0.0542
v -0.01932586 -0.01731362 0.0532
v -0.01873832 -0.01593347 0.0517
v -0.0187285 -0.0159104 0.05192252
v -0.01869953 -0.01584235 0.05213388
v -0.01865287 -0.01573273 0.05232349
v -0.01859084 -0.01558704 0.05248183
v -0.01851658 -0.01541259 0.05260097
v -0.01843379 -0.01521812 0.05267493
v -0.01834663 -0.01501337 0.0527
v -0.01928707 -0.01722249 0.05363388
v -0.01931604 -0.01729054 0.05342252
v -0.0192404 -0.01711288 0.05382349
v -0.01910412 -0.01679273 0.05410097
v -0.01917838 -0.01696719 0.05398183
v -0.01893417 -0.01639352 0.0542
v -0.01902133 -0.01659826 0.05417493
v -0.00334236 -0.00724029 0.0527
v -0.00351628 -0.00707335 0.0527
v -0.00364519 -0.00686963 0.0527
v -0.00334236 -0.00724029 0.0542
v -0.00351628 -0.00707335 0.0542
v -0.00364519 -0.00686963 0.0542
v -0.00688472 -0.00353555 0.0527
v -0.00709353 -0.00341508 0.0527
v -0.00726744 -0.00324813 0.0527
v -0.00739635 -0.00304441 0.0527
v -0.00747276 -0.00281577 0.0527
v -0.00709353 -0.00341508 0.0542
v -0.00747276 -0.00281577 0.0542
v -0.00749223 -0.00257549 0.0542
v -0.00739635 -0.00304441 0.0542
v -0.00726744 -0.00324813 0.0542
v 0.01098431 -0.00058719 0.0542
v 0.01071547 -0.00248567 0.0542
v 0.01071547 -0.00248567 0.0527
v 0.01098431 -0.00058719 0.0527
v 0.00716207 -0.00343437 0.0527
v 0.00730684 -0.00324161 0.0527
v 0.00740127 -0.00301979 0.0527
v 0.00743987 -0.00278183 0.0527
v 0.00697538 -0.00358689 0.0527
v 0.00675762 -0.0036903 0.0527
v 0.00716207 -0.00343437 0.0542
v 0.00730684 -0.00324161 0.0542
v 0.00740127 -0.00301979 0.0542
v 0.00743987 -0.00278183 0.0542
v 0.00697538 -0.00358689 0.0542
v 0.00675762 -0.0036903 0.0542
v 0.00734399 -0.0023129 0.0542
v 0.0074204 -0.00254154 0.0527
v 0.00721509 -0.00210919 0.0527
v 0.00704117 -0.00194224 0.0527
v 0.00704117 -0.00194224 0.0542
v 0.00721509 -0.00210919 0.0542
v 0.0074204 -0.00254154 0.0542
v 0.00734399 -0.0023129 0.0527
v 0.00652143 -0.00373859 0.0527
v 0.00652143 -0.00373859 0.0542
v 0.00683236 -0.00182177 0.0527
v 0.00683236 -0.00182177 0.0542
v 0.0063599 -0.00174513 0.0542
v 0.0063599 -0.00174513 0.0527
v 0.00660079 -0.00175476 0.0542
v 0.00660079 -0.00175476 0.0527
v 0.00628055 -0.00372896 0.0527
v 0.00628055 -0.00372896 0.0542
v 0.00604897 -0.00366195 0.0527
v 0.00604897 -0.00366195 0.0542
v 0.00553735 -0.00317082 0.0542
v 0.00553735 -0.00317082 0.0527
v 0.00546093 -0.00294218 0.0542
v 0.00584016 -0.00354148 0.0527
v 0.00566625 -0.00337453 0.0527
v 0.00566625 -0.00337453 0.0542
v 0.00584016 -0.00354148 0.0542
v 0.00546093 -0.00294218 0.0527
v 0.00544147 -0.00270189 0.0527
v 0.00548007 -0.00246393 0.0527
v 0.00548007 -0.00246393 0.0542
v 0.00557449 -0.00224211 0.0542
v 0.00544147 -0.00270189 0.0542
v 0.00557449 -0.00224211 0.0527
v 0.00612372 -0.00179342 0.0542
v 0.00612372 -0.00179342 0.0527
v 0.00571926 -0.00204935 0.0542
v 0.00571926 -0.00204935 0.0527
v 0.00590595 -0.00189683 0.0542
v 0.00590595 -0.00189683 0.0527
v 0.0109194 0.00132914 0.0542
v 0.0109194 0.00132914 0.0527
v 0.00745363 0.00233752 0.0527
v 0.01052271 0.00320508 0.0527
v 0.01052271 0.00320508 0.0542
v 0.00745363 0.00233752 0.0542
v 0.00702774 0.00177042 0.0542
v 0.00702774 0.00177042 0.0527
v 0.00721444 0.00192294 0.0527
v 0.00721444 0.00192294 0.0542
v 0.0073592 0.00211571 0.0542
v 0.00749223 0.00257549 0.0527
v 0.0073592 0.00211571 0.0527
v 0.00747275 0.00281577 0.0527
v 0.00749223 0.00257549 0.0542
v 0.00747275 0.00281577 0.0542
v 0.00657379 0.00161872 0.0527
v 0.00633291 0.00162836 0.0527
v 0.00680997 0.00166701 0.0527
v 0.00657379 0.00161872 0.0542
v 0.00633291 0.00162836 0.0542
v 0.00680997 0.00166701 0.0542
v 0.0038424 -0.00111173 0.0527
v 0.0039968 -0.00015988 0.0527
v 0.0039968 -0.00015988 0.0542
v 0.0038424 -0.00111173 0.0542
v 0.00610133 0.00169536 0.0542
v 0.00610133 0.00169536 0.0527
v 0.00589252 0.00181583 0.0527
v 0.00589252 0.00181583 0.0542
v 0.0055897 0.00218649 0.0527
v 0.00391892 0.00080126 0.0527
v 0.00361329 0.00171584 0.0527
v 0.00571861 0.00198278 0.0527
v 0.00391892 0.00080126 0.0542
v 0.0055897 0.00218649 0.0542
v 0.00361329 0.00171584 0.0542
v 0.00571861 0.00198278 0.0542
v 0.00551329 0.00241514 0.0527
v 0.00309767 0.0025307 0.0527
v 0.00549383 0.00265542 0.0527
v 0.00551329 0.00241514 0.0542
v 0.00549383 0.00265542 0.0542
v 0.00309767 0.0025307 0.0542
v 0.00361465 -0.006533 0.0527
v 0.00359519 -0.00629271 0.0527
v 0.00351877 -0.00606407 0.0527
v 0.00338987 -0.00586035 0.0527
v 0.00321596 -0.00569341 0.0527
v 0.00359519 -0.00629271 0.0542
v 0.00351877 -0.00606407 0.0542
v 0.00361465 -0.006533 0.0542
v 0.00338987 -0.00586035 0.0542
v 0.00321596 -0.00569341 0.0542
v 0.00300715 -0.00557293 0.0527
v 0.00300715 -0.00557293 0.0542
v 0.00277557 -0.00550593 0.0527
v 0.00277557 -0.00550593 0.0542
v 0.0022985 -0.00554458 0.0527
v 0.00253469 -0.00549629 0.0527
v 0.00253469 -0.00549629 0.0542
v 0.00208074 -0.005648 0.0527
v 0.00208074 -0.005648 0.0542
v 0.0022985 -0.00554458 0.0542
v 0.00189405 -0.00580052 0.0527
v 0.00189405 -0.00580052 0.0542
v 0.00288563 -0.00277004 0.0542
v 0.00288563 -0.00277004 0.0527
v 0.00346469 -0.00199898 0.0527
v 0.00346469 -0.00199898 0.0542
v 0.0012678 -0.00379377 0.0527
v 0.00213886 -0.00338013 0.0527
v 0.00213886 -0.00338013 0.0542
v 0.0012678 -0.00379377 0.0542
v 0.00163572 -0.00669334 0.0542
v 0.00163572 -0.00669334 0.0527
v 0.00161625 -0.00645306 0.0542
v 0.00161625 -0.00645306 0.0527
v 0.00165485 -0.00621509 0.0542
v 0.00165485 -0.00621509 0.0527
v 0.00174928 -0.00599329 0.0542
v 0.00174928 -0.00599329 0.0527
v -0.00187569 -0.00694041 0.0527
v -0.00176213 -0.00624036 0.0527
v -0.00178126 -0.0067186 0.0527
v -0.00174266 -0.00648064 0.0527
v -0.00178126 -0.0067186 0.0542
v -0.00174266 -0.00648064 0.0542
v -0.00176213 -0.00624036 0.0542
v -0.00187569 -0.00694041 0.0542
v 0.00032304 -0.00398694 0.0527
v 0.00032304 -0.00398694 0.0542
v -0.00183854 -0.00601171 0.0527
v -0.00064048 -0.00394839 0.0527
v -0.00183854 -0.00601171 0.0542
v -0.00064048 -0.00394839 0.0542
v -0.00214136 -0.00564105 0.0542
v -0.00196745 -0.00580799 0.0542
v -0.00196745 -0.00580799 0.0527
v -0.00214136 -0.00564105 0.0527
v -0.00156678 -0.00368038 0.0527
v -0.00156678 -0.00368038 0.0542
v 0.00739635 0.00304441 0.0527
v 0.00980629 0.00498364 0.0527
v 0.00739635 0.00304441 0.0542
v 0.00980629 0.00498364 0.0542
v 0.00879191 0.00661077 0.0542
v 0.00879191 0.00661077 0.0527
v 0.00726744 0.00324813 0.0542
v 0.00726744 0.00324813 0.0527
v 0.00709353 0.00341507 0.0527
v 0.00709353 0.00341507 0.0542
v 0.00665314 0.00360255 0.0542
v 0.00688472 0.00353555 0.0542
v 0.00688472 0.00353555 0.0527
v 0.00665314 0.00360255 0.0527
v 0.00641226 0.00361219 0.0542
v 0.00751039 0.00803703 0.0542
v 0.00641226 0.00361219 0.0527
v 0.00751039 0.00803703 0.0527
v 0.00595831 0.00346048 0.0527
v 0.00617608 0.0035639 0.0527
v 0.00595831 0.00346048 0.0542
v 0.00562685 0.00311519 0.0527
v 0.00577162 0.00330796 0.0527
v 0.00577162 0.00330796 0.0542
v 0.00562685 0.00311519 0.0542
v 0.00617608 0.0035639 0.0542
v 0.00553243 0.00289339 0.0527
v 0.00553243 0.00289339 0.0542
v 0.00327657 0.00559564 0.0542
v 0.00327657 0.00559564 0.0527
v 0.00370246 0.00616273 0.0527
v 0.00374106 0.0064007 0.0527
v 0.00360803 0.00594093 0.0527
v 0.00360803 0.00594093 0.0542
v 0.00370246 0.00616273 0.0542
v 0.00374106 0.0064007 0.0542
v 0.00346327 0.00574816 0.0542
v 0.00346327 0.00574816 0.0527
v 0.00600067 0.0092191 0.0542
v 0.00600067 0.0092191 0.0527
v 0.00351627 0.00707335 0.0527
v 0.00334236 0.00724029 0.0527
v 0.00372159 0.00664098 0.0542
v 0.00364518 0.00686963 0.0542
v 0.00351627 0.00707335 0.0542
v 0.00372159 0.00664098 0.0527
v 0.00364518 0.00686963 0.0527
v 0.00334236 0.00724029 0.0542
v 0.00430864 0.01012105 0.0527
v 0.00430864 0.01012105 0.0542
v 0.00313355 0.00736076 0.0542
v 0.00313355 0.00736076 0.0527
v 0.00290197 0.00742776 0.0542
v 0.00248567 0.01071547 0.0542
v 0.00290197 0.00742776 0.0527
v 0.00248567 0.01071547 0.0527
v 0.00240202 0.00319848 0.0527
v 0.00240202 0.00319848 0.0542
v 0.0030588 0.00549222 0.0527
v 0.00282261 0.00544393 0.0527
v 0.00258174 0.00545357 0.0527
v 0.00156677 0.00368038 0.0527
v 0.00235016 0.00552057 0.0527
v 0.00156677 0.00368038 0.0542
v 0.00258174 0.00545357 0.0542
v 0.0030588 0.00549222 0.0542
v 0.00282261 0.00544393 0.0542
v 0.00235016 0.00552057 0.0542
v 0.00214135 0.00564105 0.0527
v 0.00064047 0.00394839 0.0542
v 0.00064047 0.00394839 0.0527
v 0.00214135 0.00564105 0.0542
v 0.00196744 0.00580799 0.0527
v 0.00196744 0.00580799 0.0542
v -0.00032305 0.00398693 0.0527
v 0.00183853 0.0060117 0.0527
v -0.00032305 0.00398693 0.0542
v 0.00183853 0.0060117 0.0542
v 0.00176213 0.00624036 0.0542
v 0.00176213 0.00624036 0.0527
v 0.00178125 0.0067186 0.0542
v 0.00178125 0.0067186 0.0527
v 0.00187568 0.00694041 0.0542
v 0.00174266 0.00648063 0.0527
v 0.00187568 0.00694041 0.0527
v 0.00174266 0.00648063 0.0542
v -0.0012678 0.00379377 0.0527
v -0.0012678 0.00379377 0.0542
v -0.00213887 0.00338013 0.0527
v -0.00288563 0.00277004 0.0527
v -0.00213887 0.00338013 0.0542
v -0.00288563 0.00277004 0.0542
v -0.00300715 0.00557293 0.0527
v -0.0022985 0.00554458 0.0527
v -0.00277558 0.00550593 0.0527
v -0.00253469 0.00549629 0.0527
v -0.00208074 0.005648 0.0527
v -0.0022985 0.00554458 0.0542
v -0.00208074 0.005648 0.0542
v -0.00253469 0.00549629 0.0542
v -0.00277558 0.00550593 0.0542
v -0.00300715 0.00557293 0.0542
v -0.00189405 0.00580051 0.0527
v -0.00189405 0.00580051 0.0542
v -0.00174928 0.00599328 0.0542
v -0.00174928 0.00599328 0.0527
v -0.00165486 0.00621509 0.0542
v -0.00165486 0.00621509 0.0527
v -0.00161626 0.00645305 0.0542
v -0.00163572 0.00669334 0.0542
v -0.00161626 0.00645305 0.0527
v -0.00163572 0.00669334 0.0527
v 0.0026611 0.0074374 0.0527
v 0.0026611 0.0074374 0.0542
v 0.00202045 0.00713318 0.0542
v 0.00220714 0.0072857 0.0527
v 0.00242491 0.00738911 0.0527
v 0.00220714 0.0072857 0.0542
v 0.00242491 0.00738911 0.0542
v 0.00202045 0.00713318 0.0527
v 0.00058719 0.01098431 0.0542
v 0.00058719 0.01098431 0.0527
v -0.00132914 0.0109194 0.0542
v -0.00132914 0.0109194 0.0527
v -0.00184104 0.0071257 0.0542
v -0.00171213 0.00692198 0.0542
v -0.00184104 0.0071257 0.0527
v -0.00171213 0.00692198 0.0527
v -0.00222376 0.00741312 0.0527
v -0.00201495 0.00729265 0.0527
v -0.00201495 0.00729265 0.0542
v -0.00222376 0.00741312 0.0542
v -0.00245534 0.00748012 0.0542
v -0.00245534 0.00748012 0.0527
v -0.00293241 0.00744147 0.0542
v -0.00293241 0.00744147 0.0527
v -0.00269622 0.00748976 0.0542
v -0.00315017 0.00733806 0.0527
v -0.00315017 0.00733806 0.0542
v -0.00269622 0.00748976 0.0527
v -0.00320508 0.01052271 0.0527
v -0.00320508 0.01052271 0.0542
v -0.00235017 -0.00552057 0.0542
v -0.00235017 -0.00552057 0.0527
v -0.00258174 -0.00545357 0.0542
v -0.00258174 -0.00545357 0.0527
v -0.00372159 -0.00664098 0.0527
v -0.00372159 -0.00664098 0.0542
v -0.00370246 -0.00616273 0.0527
v -0.00360803 -0.00594093 0.0527
v -0.00360803 -0.00594093 0.0542
v -0.00346326 -0.00574816 0.0527
v -0.00327657 -0.00559564 0.0527
v -0.00327657 -0.00559564 0.0542
v -0.00346326 -0.00574816 0.0542
v -0.00374106 -0.0064007 0.0542
v -0.00374106 -0.0064007 0.0527
v -0.00370246 -0.00616273 0.0542
v -0.00282262 -0.00544393 0.0527
v -0.00305881 -0.00549222 0.0527
v -0.00282262 -0.00544393 0.0542
v -0.00305881 -0.00549222 0.0542
v -0.00240202 -0.00319848 0.0527
v -0.00309767 -0.0025307 0.0527
v -0.00309767 -0.0025307 0.0542
v -0.00240202 -0.00319848 0.0542
v -0.00577162 -0.00330796 0.0527
v -0.00562685 -0.0031152 0.0527
v -0.00665314 -0.00360255 0.0527
v -0.00641227 -0.00361219 0.0527
v -0.00617608 -0.0035639 0.0527
v -0.00595831 -0.00346049 0.0527
v -0.00562685 -0.0031152 0.0542
v -0.00577162 -0.00330796 0.0542
v -0.00595831 -0.00346049 0.0542
v -0.00665314 -0.00360255 0.0542
v -0.00641227 -0.00361219 0.0542
v -0.00617608 -0.0035639 0.0542
v -0.00688472 -0.00353555 0.0542
v -0.00361329 -0.00171584 0.0527
v -0.00391893 -0.00080126 0.0527
v -0.00391893 -0.00080126 0.0542
v -0.00361329 -0.00171584 0.0542
v -0.0055133 -0.00241514 0.0527
v -0.0055897 -0.00218649 0.0527
v -0.00553243 -0.00289339 0.0527
v -0.00549383 -0.00265542 0.0527
v -0.0055133 -0.00241514 0.0542
v -0.0055897 -0.00218649 0.0542
v -0.00549383 -0.00265542 0.0542
v -0.00553243 -0.00289339 0.0542
v -0.00589252 -0.00181584 0.0542
v -0.00571861 -0.00198278 0.0542
v -0.00610134 -0.00169536 0.0542
v -0.00571861 -0.00198278 0.0527
v -0.00589252 -0.00181584 0.0527
v -0.00610134 -0.00169536 0.0527
v -0.0039968 0.00015988 0.0527
v -0.0039968 0.00015988 0.0542
v -0.00633291 -0.00162836 0.0527
v -0.00633291 -0.00162836 0.0542
v -0.00612372 0.00179341 0.0527
v -0.00590596 0.00189682 0.0527
v -0.00612372 0.00179341 0.0542
v -0.00590596 0.00189682 0.0542
v -0.0038424 0.00111173 0.0527
v -0.0038424 0.00111173 0.0542
v -0.00749223 -0.00257549 0.0527
v -0.00745363 -0.00233752 0.0542
v -0.00745363 -0.00233752 0.0527
v -0.00702775 -0.00177043 0.0527
v -0.00680997 -0.00166701 0.0527
v -0.00702775 -0.00177043 0.0542
v -0.0073592 -0.00211572 0.0542
v -0.0073592 -0.00211572 0.0527
v -0.00721444 -0.00192294 0.0542
v -0.00680997 -0.00166701 0.0542
v -0.00721444 -0.00192294 0.0527
v -0.00657379 -0.00161872 0.0527
v -0.00657379 -0.00161872 0.0542
v -0.00660079 0.00175476 0.0527
v -0.00683237 0.00182176 0.0527
v -0.00635991 0.00174512 0.0527
v -0.00704117 0.00194224 0.0527
v -0.00721509 0.00210918 0.0527
v -0.00734399 0.0023129 0.0527
v -0.00660079 0.00175476 0.0542
v -0.00683237 0.00182176 0.0542
v -0.00635991 0.00174512 0.0542
v -0.00721509 0.00210918 0.0542
v -0.00704117 0.00194224 0.0542
v -0.00734399 0.0023129 0.0542
v -0.01012105 0.00430864 0.0527
v -0.01012105 0.00430864 0.0542
v -0.00346469 0.00199897 0.0542
v -0.00346469 0.00199897 0.0527
v -0.00546094 0.00294217 0.0542
v -0.00553735 0.00317082 0.0542
v -0.00546094 0.00294217 0.0527
v -0.00553735 0.00317082 0.0527
v -0.00548007 0.00246392 0.0527
v -0.00544147 0.00270189 0.0527
v -0.00571926 0.00204935 0.0527
v -0.00557449 0.00224211 0.0527
v -0.00571926 0.00204935 0.0542
v -0.00557449 0.00224211 0.0542
v -0.00544147 0.00270189 0.0542
v -0.00548007 0.00246392 0.0542
v -0.00566625 0.00337453 0.0542
v -0.00566625 0.00337453 0.0527
v -0.00321596 0.00569341 0.0542
v -0.00321596 0.00569341 0.0527
v -0.00338988 0.00586035 0.0542
v -0.00338988 0.00586035 0.0527
v -0.00584016 0.00354148 0.0527
v -0.00351878 0.00606406 0.0527
v -0.00604898 0.00366195 0.0527
v -0.00359519 0.00629271 0.0527
v -0.00628055 0.00372896 0.0527
v -0.00584016 0.00354148 0.0542
v -0.00628055 0.00372896 0.0542
v -0.00604898 0.00366195 0.0542
v -0.00359519 0.00629271 0.0542
v -0.00351878 0.00606406 0.0542
v -0.00743987 0.00278183 0.0542
v -0.00743987 0.00278183 0.0527
v -0.00740127 0.00301979 0.0542
v -0.0074204 0.00254154 0.0527
v -0.0074204 0.00254154 0.0542
v -0.00740127 0.00301979 0.0527
v -0.00652144 0.00373859 0.0542
v -0.00652144 0.00373859 0.0527
v -0.00730684 0.0032416 0.0542
v -0.00716208 0.00343437 0.0527
v -0.00716208 0.00343437 0.0542
v -0.00697539 0.00358689 0.0542
v -0.00675762 0.0036903 0.0527
v -0.00675762 0.0036903 0.0542
v -0.00697539 0.00358689 0.0527
v -0.00730684 0.0032416 0.0527
v -0.0092191 0.00600067 0.0527
v -0.0092191 0.00600067 0.0542
v -0.00361466 0.00653299 0.0542
v -0.00361466 0.00653299 0.0527
v -0.00357606 0.00677096 0.0542
v -0.00333686 0.00718553 0.0527
v -0.00348163 0.00699277 0.0527
v -0.00333686 0.00718553 0.0542
v -0.00357606 0.00677096 0.0527
v -0.00348163 0.00699277 0.0542
v -0.00661077 0.00879191 0.0542
v -0.00803704 0.00751039 0.0542
v -0.00661077 0.00879191 0.0527
v -0.00803704 0.00751039 0.0527
v -0.00498364 0.00980629 0.0542
v -0.00498364 0.00980629 0.0527
v -0.02016903 -0.0153244 0.01529986
v -0.02116605 -0.01653022 0.01535
v -0.02057851 -0.01515008 0.01535
v -0.02036763 -0.01687012 0.01515194
v -0.02075657 -0.01670455 0.01529986
v -0.01978008 -0.01548999 0.01515194
v -0.01943117 -0.01563852 0.01491366
v -0.03252923 -0.01169281 0.01535
v -0.03332184 -0.00972512 0.01535
v -0.02057851 -0.01515008 0.03735
v -0.02016903 -0.0153244 0.03740014
v -0.01943117 -0.01563852 0.03778634
v -0.02036763 -0.01687012 0.03754806
v -0.04134016 -0.0298368 0.01841498
v -0.04143185 -0.03005216 0.01835729
v -0.04152627 -0.03027398 0.01835729
v -0.04125654 -0.02964039 0.01852702
v -0.04118587 -0.02947437 0.01868688
v -0.0427203 -0.02924926 0.01841498
v -0.04263668 -0.02905285 0.01852702
v -0.04285919 -0.02957553 0.01535
v -0.04281199 -0.02946463 0.01835729
v -0.04308171 -0.0300982 0.01852702
v -0.04299809 -0.02990181 0.01841498
v -0.04256601 -0.02888683 0.01868688
v -0.0429064 -0.02968643 0.01835729
v -0.04087319 -0.02491038 0.02040754
v -0.04078152 -0.02469501 0.02046524
v -0.04096763 -0.02513219 0.02040754
v -0.03958749 -0.02571974 0.02040754
v -0.03949305 -0.02549793 0.02040754
v -0.03940136 -0.02528256 0.02046524
v -0.04113222 -0.02934837 0.01888528
v -0.04251237 -0.02876082 0.01888528
v -0.04109874 -0.02926971 0.01911068
v -0.04108737 -0.02924297 0.01935
v -0.0424675 -0.02865543 0.01935
v -0.04247889 -0.02868217 0.01911068
v -0.04299809 -0.02990181 0.02028502
v -0.04161796 -0.03048934 0.02028502
v -0.04308171 -0.0300982 0.02017298
v -0.04143185 -0.03005216 0.02034271
v -0.04152627 -0.03027398 0.02034271
v -0.04281199 -0.02946463 0.02034271
v -0.0429064 -0.02968643 0.02034271
v -0.04109874 -0.02926971 0.01958932
v -0.04113222 -0.02934837 0.01981472
v -0.04251237 -0.02876082 0.01981472
v -0.04247889 -0.02868217 0.01958932
v -0.04125654 -0.02964039 0.02017298
v -0.04134016 -0.0298368 0.02028502
v -0.0427203 -0.02924926 0.02028502
v -0.04256601 -0.02888683 0.02001312
v -0.04118587 -0.02947437 0.02001312
v -0.04263668 -0.02905285 0.02017298
v -0.03967916 -0.0259351 0.02046524
v -0.03976278 -0.0261315 0.02057727
v -0.03992058 -0.02650219 0.02116094
v -0.0398871 -0.02642353 0.02093553
v -0.03983345 -0.02629753 0.02073713
v -0.0410593 -0.02534756 0.02046524
v -0.04114291 -0.02554397 0.02057727
v -0.04126724 -0.02583599 0.02093553
v -0.0412136 -0.02570999 0.02073713
v -0.04130072 -0.02591465 0.02116094
v -0.03384103 -0.01222121 0.01535
v -0.03931777 -0.02508616 0.02057727
v -0.04069791 -0.02449861 0.02057727
v -0.03924708 -0.02492013 0.02073713
v -0.04062722 -0.02433258 0.02073713
v -0.04092347 -0.02885799 0.02260994
v -0.0412902 -0.02971946 0.02237916
v -0.04267034 -0.0291319 0.02237916
v -0.04304805 -0.03001915 0.02237916
v -0.03967916 -0.0259351 0.02233527
v -0.0403063 -0.02740827 0.02369751
v -0.03976278 -0.0261315 0.02222324
v -0.03992058 -0.02650219 0.02163957
v -0.04058902 -0.02807238 0.02305806
v -0.03993197 -0.02652892 0.02140025
v -0.03983345 -0.02629753 0.02206338
v -0.0398871 -0.02642353 0.02186497
v -0.04230361 -0.02827045 0.02260994
v -0.04196916 -0.02748483 0.02305806
v -0.04131211 -0.02594138 0.02140025
v -0.04168644 -0.02682072 0.02369751
v -0.04147189 -0.02631671 0.02449111
v -0.04009174 -0.02690425 0.02449111
v -0.03995781 -0.02658963 0.02539274
v -0.03958749 -0.02571974 0.02239296
v -0.03949305 -0.02549793 0.02239296
v -0.03940136 -0.02528256 0.02233527
v -0.04087319 -0.02491038 0.02239296
v -0.04096763 -0.02513219 0.02239296
v -0.04078152 -0.02469501 0.02233527
v -0.03931777 -0.02508616 0.02222324
v -0.03919344 -0.02479413 0.02093553
v -0.03915996 -0.02471547 0.02116094
v -0.0405401 -0.02412793 0.02116094
v -0.04057358 -0.02420659 0.02093553
v -0.03914857 -0.02468874 0.02140025
v -0.04052871 -0.02410119 0.02140025
v -0.03915996 -0.02471547 0.02163957
v -0.03919344 -0.02479413 0.02186497
v -0.04057358 -0.02420659 0.02186497
v -0.04062722 -0.02433258 0.02206338
v -0.0405401 -0.02412793 0.02163957
v -0.03924708 -0.02492013 0.02206338
v -0.04069791 -0.02449861 0.02222324
v -0.03989483 -0.02261218 0.02552702
v -0.03997844 -0.02280859 0.02541498
v -0.03851469 -0.02319973 0.02552702
v -0.0385983 -0.02339613 0.02541498
v -0.0412136 -0.02570999 0.02206338
v -0.04126724 -0.02583599 0.02186497
v -0.04130072 -0.02591465 0.02163957
v -0.04114291 -0.02554397 0.02222324
v -0.0410593 -0.02534756 0.02233527
v -0.04133795 -0.02600209 0.02539274
v -0.03878441 -0.02383331 0.02535729
v -0.0388761 -0.02404867 0.02541498
v -0.04033985 -0.02365753 0.02552702
v -0.0389597 -0.02424507 0.02552702
v -0.03903038 -0.0244111 0.02568688
v -0.03908402 -0.02453711 0.02588528
v -0.0391175 -0.02461576 0.02611068
v -0.03991228 -0.02648269 0.02635
v -0.03912889 -0.0246425 0.02635
v -0.04049766 -0.02402822 0.02611068
v -0.04046416 -0.02394956 0.02588528
v -0.04041053 -0.02382356 0.02568688
v -0.04129242 -0.02589514 0.02635
v -0.04050903 -0.02405496 0.02635
v -0.03868998 -0.02361149 0.02535729
v -0.03844402 -0.0230337 0.02568688
v -0.04025624 -0.02346113 0.02541498
v -0.04016455 -0.02324576 0.02535729
v -0.04007013 -0.02302396 0.02535729
v -0.03982415 -0.02244616 0.02568688
v -0.03977052 -0.02232015 0.02588528
v -0.03839036 -0.02290769 0.02588528
v -0.03835688 -0.02282904 0.02611068
v -0.0383455 -0.0228023 0.02635
v -0.03973702 -0.0222415 0.02611068
v -0.03972565 -0.02221476 0.02635
v -0.03463363 -0.01025352 0.01535
v -0.03274379 -0.01162871 0.01535
v -0.03296724 -0.01161397 0.01535
v -0.03357996 -0.01186078 0.01535
v -0.03339607 -0.01173299 0.01535
v -0.03318835 -0.01164932 0.01535
v -0.03373079 -0.01202629 0.01535
v -0.0345234 -0.0100586 0.01535
v -0.03418868 -0.00976531 0.01535
v -0.03375984 -0.00964629 0.01535
v -0.0335364 -0.00966103 0.01535
v -0.03437256 -0.0098931 0.01535
v -0.03398096 -0.00968164 0.01535
v -0.02001871 -0.01701866 0.03778634
v -0.02075657 -0.01670455 0.03740014
v -0.02116605 -0.01653022 0.03735
v -0.01978008 -0.01548999 0.03754806
v -0.03252923 -0.01169281 0.03735
v -0.03332184 -0.00972512 0.03735
v -0.03274379 -0.01162871 0.03735
v -0.04134016 -0.0298368 0.03241498
v -0.04143185 -0.03005216 0.03235729
v -0.0412902 -0.02971946 0.03032083
v -0.04092347 -0.02885799 0.03009007
v -0.04267034 -0.0291319 0.03032083
v -0.04152627 -0.03027398 0.03235729
v -0.04118587 -0.02947437 0.03268688
v -0.04125654 -0.02964039 0.03252701
v -0.04161796 -0.03048934 0.03241498
v -0.04308171 -0.0300982 0.03252701
v -0.04304805 -0.03001915 0.03032083
v -0.04299809 -0.02990181 0.03241498
v -0.0429064 -0.02968643 0.03235729
v -0.04281199 -0.02946463 0.03235729
v -0.0427203 -0.02924926 0.03241498
v -0.04263668 -0.02905285 0.03252701
v -0.04147189 -0.02631671 0.02820889
v -0.04009174 -0.02690425 0.02820889
v -0.04168644 -0.02682072 0.02900249
v -0.03995781 -0.02658963 0.02730726
v -0.0403063 -0.02740827 0.02900249
v -0.04196916 -0.02748483 0.02964194
v -0.04058902 -0.02807238 0.02964194
v -0.03967916 -0.0259351 0.03036473
v -0.03976278 -0.0261315 0.03047676
v -0.0398871 -0.02642353 0.03083503
v -0.03983345 -0.02629753 0.03063662
v -0.03993197 -0.02652892 0.03129975
v -0.03992058 -0.02650219 0.03106043
v -0.03992058 -0.02650219 0.03153906
v -0.04256601 -0.02888683 0.03268688
v -0.04230361 -0.02827045 0.03009007
v -0.04130072 -0.02591465 0.03153906
v -0.04131211 -0.02594138 0.03129975
v -0.0391175 -0.02461576 0.02658932
v -0.04133795 -0.02600209 0.02730726
v -0.03908402 -0.02453711 0.02681472
v -0.03903038 -0.0244111 0.02701312
v -0.0389597 -0.02424507 0.02717298
v -0.04046416 -0.02394956 0.02681472
v -0.04049766 -0.02402822 0.02658932
v -0.04033985 -0.02365753 0.02717298
v -0.04041053 -0.02382356 0.02701312
v -0.03924708 -0.02492013 0.03063662
v -0.03931777 -0.02508616 0.03047676
v -0.03878441 -0.02383331 0.02734271
v -0.03949305 -0.02549793 0.03030704
v -0.03940136 -0.02528256 0.03036473
v -0.04087319 -0.02491038 0.03030704
v -0.0388761 -0.02404867 0.02728502
v -0.03868998 -0.02361149 0.02734271
v -0.04007013 -0.02302396 0.02734271
v -0.04016455 -0.02324576 0.02734271
v -0.04025624 -0.02346113 0.02728502
v -0.03973702 -0.0222415 0.02658932
v -0.03835688 -0.02282904 0.02658932
v -0.03977052 -0.02232015 0.02681472
v -0.03839036 -0.02290769 0.02681472
v -0.03982415 -0.02244616 0.02701312
v -0.03989483 -0.02261218 0.02717298
v -0.03851469 -0.02319973 0.02717298
v -0.03997844 -0.02280859 0.02728502
v -0.03844402 -0.0230337 0.02701312
v -0.0385983 -0.02339613 0.02728502
v -0.03919344 -0.02479413 0.03083503
v -0.03915996 -0.02471547 0.03106043
v -0.03914857 -0.02468874 0.03129975
v -0.04052871 -0.02410119 0.03129975
v -0.04062722 -0.02433258 0.03063662
v -0.04057358 -0.02420659 0.03083503
v -0.0405401 -0.02412793 0.03106043
v -0.04069791 -0.02449861 0.03047676
v -0.04078152 -0.02469501 0.03036473
v -0.03958749 -0.02571974 0.03030704
v -0.04096763 -0.02513219 0.03030704
v -0.04057358 -0.02420659 0.03176447
v -0.03919344 -0.02479413 0.03176447
v -0.04062722 -0.02433258 0.03196287
v -0.03915996 -0.02471547 0.03153906
v -0.0405401 -0.02412793 0.03153906
v -0.03924708 -0.02492013 0.03196287
v -0.0410593 -0.02534756 0.03036473
v -0.04114291 -0.02554397 0.03047676
v -0.0412136 -0.02570999 0.03063662
v -0.04130072 -0.02591465 0.03106043
v -0.04126724 -0.02583599 0.03083503
v -0.03983345 -0.02629753 0.03196287
v -0.0398871 -0.02642353 0.03176447
v -0.0412136 -0.02570999 0.03196287
v -0.04126724 -0.02583599 0.03176447
v -0.04113222 -0.02934837 0.03288528
v -0.04251237 -0.02876082 0.03288528
v -0.04109874 -0.02926971 0.03311068
v -0.04247889 -0.02868217 0.03311068
v -0.0424675 -0.02865543 0.03335
v -0.04108737 -0.02924297 0.03335
v -0.04299809 -0.02990181 0.03428502
v -0.04308171 -0.0300982 0.03417299
v -0.04152627 -0.03027398 0.03434271
v -0.04143185 -0.03005216 0.03434271
v -0.0429064 -0.02968643 0.03434271
v -0.04247889 -0.02868217 0.03358932
v -0.04109874 -0.02926971 0.03358932
v -0.04251237 -0.02876082 0.03381472
v -0.04113222 -0.02934837 0.03381472
v -0.04118587 -0.02947437 0.03401312
v -0.04125654 -0.02964039 0.03417299
v -0.04263668 -0.02905285 0.03417299
v -0.0427203 -0.02924926 0.03428502
v -0.04256601 -0.02888683 0.03401312
v -0.04134016 -0.0298368 0.03428502
v -0.04281199 -0.02946463 0.03434271
v -0.03976278 -0.0261315 0.03212273
v -0.03958749 -0.02571974 0.03229246
v -0.03967916 -0.0259351 0.03223477
v -0.04114291 -0.02554397 0.03212273
v -0.04096763 -0.02513219 0.03229246
v -0.0410593 -0.02534756 0.03223477
v -0.04285919 -0.02957553 0.03735
v -0.04087319 -0.02491038 0.03229246
v -0.04078152 -0.02469501 0.03223477
v -0.03949305 -0.02549793 0.03229246
v -0.03940136 -0.02528256 0.03223477
v -0.03931777 -0.02508616 0.03212273
v -0.04069791 -0.02449861 0.03212273
v -0.03384103 -0.01222121 0.03735
v -0.03463363 -0.01025352 0.03735
v -0.03318835 -0.01164932 0.03735
v -0.03296724 -0.01161397 0.03735
v -0.03339607 -0.01173299 0.03735
v -0.03357996 -0.01186078 0.03735
v -0.03373079 -0.01202629 0.03735
v -0.03398096 -0.00968164 0.03735
v -0.03375984 -0.00964629 0.03735
v -0.0335364 -0.00966103 0.03735
v -0.03418868 -0.00976531 0.03735
v -0.03437256 -0.0098931 0.03735
v -0.0345234 -0.0100586 0.03735
vn -0.16554 -0.38885 -0.90631
vn -0.22467 -0.52774 -0.81915
vn -0.22467 -0.52775 -0.81915
vn 0.92009 -0.3917 -0
vn 0.9201 -0.39169 -0
vn 0.92009 -0.3917 1E-05
vn 0.92009 -0.3917 0
vn 0.9201 -0.39169 -0
vn -0.27697 -0.65061 -0.7071
vn -0.27697 -0.6506 -0.70711
vn -0.32086 -0.75369 -0.57358
vn -0.32085 -0.7537 -0.57357
vn 0.92009 -0.3917 -0
vn 0.92011 -0.39167 -2E-05
vn 0.92009 -0.39171 0
vn 0.9201 -0.39168 -1E-05
vn 0.9201 -0.39169 -0
vn 0.92009 -0.39171 1E-05
vn 0.18203 0.4276 0.88545
vn 0.09374 0.2202 0.97094
vn 0.25975 0.61015 0.7485
vn 0.25973 0.61012 0.74852
vn 0.09373 0.22019 0.97094
vn 0.18202 0.42758 0.88546
vn -0.9201 0.39169 -0
vn -0.92009 0.39171 -1E-05
vn -0.92009 0.3917 -0
vn -0.9201 0.39169 -0
vn -0.92009 0.3917 -1E-05
vn -0.9201 0.39169 0
vn -0.9201 0.39169 0
vn -0.9201 0.39168 3E-05
vn 0.9201 -0.39169 -0
vn 0.9201 -0.39169 -0
vn -0.10138 -0.23814 -0.96593
vn -0.16554 -0.38885 -0.90631
vn 0.9201 -0.39168 -1E-05
vn -0.10138 -0.23814 -0.96593
vn -0.9201 0.39169 -0
vn -0.92009 0.39171 -1E-05
vn -0.9201 0.39169 0
vn -0.92011 0.39166 1E-05
vn -0.92009 0.39171 -1E-05
vn 0.92009 -0.39171 1E-05
vn 0.92009 -0.3917 0
vn 0.9201 -0.39168 -1E-05
vn -0.03414 -0.08019 -0.99619
vn 0.9201 -0.39169 1E-05
vn 0.9201 -0.39169 1E-05
vn 0.9201 -0.39168 3E-05
vn 0.9201 -0.39169 -0
vn 0.9201 -0.39169 0
vn 0.92009 -0.3917 -2E-05
vn 0.9201 -0.3917 0
vn 0.9201 -0.39169 0
vn 0.9201 -0.39169 0
vn -0.92009 0.39172 0
vn -0.92009 0.3917 -0
vn -0.9201 0.39169 -0
vn -0.9201 0.39168 0
vn -0.09374 -0.2202 0.97094
vn -0.18202 -0.42758 0.88546
vn -0.25974 -0.61012 0.74852
vn 0 0 1
vn -0.18203 -0.4276 0.88545
vn -0.25974 -0.61015 0.7485
vn 0 0 1
vn -0.9201 0.39169 -0
vn 0.36623 0.8603 0.35461
vn 0.38884 0.91338 0.12056
vn 0.32235 0.75721 0.56809
vn 0.25973 0.61012 0.74852
vn 0.32237 0.75723 0.56805
vn 0.36625 0.86032 0.35457
vn 0.25975 0.61015 0.7485
vn 0.32235 0.7572 -0.5681
vn 0.36625 0.86032 -0.35456
vn 0.38884 0.91338 -0.12056
vn 0.36623 0.8603 -0.35461
vn 0.32236 0.75723 -0.56805
vn 0.25975 0.61015 -0.7485
vn 0.25973 0.61012 -0.74852
vn -0.9201 0.39169 -1E-05
vn -0.92009 0.3917 2E-05
vn -0.9201 0.39169 -0
vn -0.9201 0.39169 0
vn -0.9201 0.39169 -2E-05
vn -0.92009 0.3917 3E-05
vn -0.9201 0.39169 -1E-05
vn -0.355 -0.83389 -0.42262
vn -0.355 -0.83389 -0.42262
vn 0.9201 -0.39169 -0
vn -0.37834 -0.88875 -0.25882
vn -0.37835 -0.88874 -0.25882
vn 0.9201 -0.39169 1E-05
vn -0.9201 0.39169 -0
vn 0.9201 -0.39169 -1E-05
vn 0.9201 -0.39169 -1E-05
vn -0.9201 0.39169 2E-05
vn -0.9201 0.39169 -0
vn -0.9201 0.39169 0
vn 0.38885 0.91339 -0.12049
vn 0.36625 0.86032 -0.35457
vn 0.36623 0.8603 0.35463
vn 0.38885 0.91339 0.12049
vn 0.36625 0.86032 0.35457
vn 0.38883 0.91339 0.12056
vn 0.36623 0.8603 -0.35463
vn 0.38883 0.91339 -0.12056
vn 0.9201 -0.39169 0
vn -0.92011 0.39166 -2E-05
vn 0.9201 -0.39169 0
vn -0.9201 0.39169 0
vn 0.9201 -0.39169 -0
vn 0.92009 -0.39171 2E-05
vn 0.9201 -0.39169 -0
vn 0.92009 -0.3917 -2E-05
vn -0.3902 -0.9166 -0.08716
vn -0.9201 0.39168 3E-05
vn -0.92009 0.3917 -2E-05
vn 0.9201 -0.39169 -2E-05
vn -0.9201 0.39169 0
vn -0.92009 0.3917 -2E-05
vn -0.9201 0.39169 -0
vn 0.9201 -0.39169 -0
vn 0.92009 -0.3917 1E-05
vn 0.92011 -0.39167 1E-05
vn 0.92009 -0.39172 -1E-05
vn 0.92009 -0.3917 -0
vn 0.9201 -0.39168 1E-05
vn 0.92009 -0.3917 -0
vn 0.9201 -0.39168 1E-05
vn 0.9201 -0.39169 0
vn 0.09374 0.22018 0.97094
vn -0.09374 -0.22018 0.97094
vn 0 0 1
vn 0 -0 1
vn -0.32235 -0.75721 0.56809
vn -0.25975 -0.61015 0.7485
vn -0.32236 -0.75723 0.56806
vn -0.18203 -0.42758 0.88546
vn -0.25973 -0.61013 0.74852
vn -0.18203 -0.4276 0.88545
vn -0.38884 -0.91338 0.12056
vn -0.38884 -0.91338 0.12054
vn -0.36624 -0.86032 0.35457
vn -0.36624 -0.8603 0.35461
vn -0.9201 0.3917 -0
vn -0.9201 0.39168 -1E-05
vn -0.9201 0.39169 1E-05
vn -0.92009 0.3917 -0
vn 0.38884 0.91338 0.12054
vn 0.32235 0.75721 0.56809
vn 0.25975 0.61015 0.7485
vn 0.18204 0.4276 0.88545
vn 0.32236 0.75723 0.56805
vn 0.25973 0.61013 0.74852
vn 0.18202 0.42758 0.88546
vn 0.38884 0.91338 0.12056
vn 0.32235 0.75721 0.56808
vn 0.32237 0.75723 0.56805
vn 0.32235 0.75721 -0.56808
vn 0.32237 0.75723 -0.56805
vn -0.32236 -0.75723 0.56806
vn -0.36624 -0.8603 0.35461
vn -0.32235 -0.75721 0.56808
vn -0.38884 -0.91339 0.12054
vn -0.38884 -0.91339 0.12051
vn -0.38884 -0.91339 -0.12051
vn -0.38884 -0.91339 -0.12054
vn -0.36624 -0.8603 -0.35461
vn -0.32236 -0.75723 -0.56806
vn -0.32235 -0.75721 -0.56808
vn 0.92009 -0.3917 1E-05
vn 0.92009 -0.39171 1E-05
vn 0.25974 0.61012 -0.74852
vn 0.18203 0.4276 -0.88545
vn -0.09374 -0.2202 -0.97094
vn -0 -0 -1
vn -0 -0 -1
vn 0.09374 0.2202 -0.97094
vn 0.18202 0.42758 -0.88546
vn 0.25974 0.61015 -0.7485
vn 0.09373 0.22019 -0.97094
vn 0.92008 -0.39172 3E-05
vn 0.9201 -0.39169 0
vn 0.92009 -0.3917 1E-05
vn 0.9201 -0.39169 -1E-05
vn 0.9201 -0.3917 0
vn 0.9201 -0.39168 -3E-05
vn 0.9201 -0.39169 -0
vn -0.18202 -0.42758 -0.88546
vn -0.25973 -0.61012 -0.74852
vn -0.92009 0.3917 0
vn -0.25975 -0.61015 -0.7485
vn -0.9201 0.39168 1E-05
vn -0.92009 0.39171 -2E-05
vn -0.92009 0.3917 -0
vn -0.18203 -0.4276 -0.88545
vn 0.9201 -0.39169 0
vn 0.09374 0.2202 0.97094
vn 0.9201 -0.39169 -0
vn 0.18203 0.42759 0.88546
vn 0.09374 0.22019 0.97094
vn 0.92008 -0.39172 0
vn 0.92009 -0.3917 0
vn 0.9201 -0.39168 -4E-05
vn 0.9201 -0.39168 0
vn 0.92009 -0.3917 -0
vn -0.92009 0.39171 -3E-05
vn -0.9201 0.39169 1E-05
vn -0.9201 0.39169 0
vn -0.9201 0.39168 2E-05
vn -0.9201 0.39169 1E-05
vn -0.9201 0.39168 1E-05
vn -0.92009 0.39171 -2E-05
vn 0.25974 0.61014 0.74851
vn -0.92009 0.3917 0
vn 0.18203 0.42758 0.88546
vn 0.32236 0.75723 0.56806
vn 0.9201 -0.39169 -0
vn 0.36624 0.86031 0.3546
vn -0.92009 0.39171 1E-05
vn -0.92009 0.3917 0
vn -0.9201 0.39169 -0
vn -0.9201 0.39169 0
vn -0.92009 0.39172 1E-05
vn -0.92009 0.3917 0
vn 0.9201 -0.39169 -0
vn 0.9201 -0.39169 0
vn 0.92009 -0.3917 -2E-05
vn 0.9201 -0.39169 3E-05
vn 0.38884 0.91339 0.12054
vn 0.92009 -0.3917 -2E-05
vn 0.9201 -0.39169 -0
vn -0.92009 0.3917 0
vn -0.9201 0.39169 -1E-05
vn -0.92009 0.3917 3E-05
vn -0.9201 0.39169 -2E-05
vn -0.92009 0.3917 0
vn -0.92009 0.3917 -3E-05
vn 0.92009 -0.3917 0
vn 0.9201 -0.39168 0
vn 0.92009 -0.3917 0
vn 0.9201 -0.39169 0
vn 0.92008 -0.39172 1E-05
vn -0.9201 0.39169 0
vn -0.92009 0.3917 0
vn -0.92011 0.39167 1E-05
vn -0.92009 0.39171 0
vn -0.9201 0.39169 -0
vn -0.92009 0.3917 -0
vn -0.03414 -0.08019 -0.99619
vn 0.9201 -0.39169 0
vn 0.9201 -0.39168 -1E-05
vn 0.92009 -0.3917 1E-05
vn -0.92009 0.3917 -0
vn -0.92009 0.39171 -2E-05
vn -0.92011 0.39166 4E-05
vn 0.9201 -0.39168 -3E-05
vn 0 -0 1
vn 0.18203 0.42758 0.88546
vn 0 0 1
vn -0.09374 -0.2202 0.97094
vn -0.25975 -0.61015 0.7485
vn -0.18203 -0.42758 0.88546
vn -0.18203 -0.42761 0.88545
vn -0.25973 -0.61012 0.74852
vn -0.32236 -0.75723 0.56806
vn -0.32236 -0.75721 0.56808
vn -0.38884 -0.91338 0.12056
vn -0.38884 -0.91338 0.12054
vn -0.36624 -0.8603 0.35461
vn -0.36624 -0.86031 0.35458
vn -0 0 -1
vn -0 -0 -1
vn 0.09374 0.22019 -0.97094
vn 0.18203 0.42759 -0.88546
vn 0.18204 0.4276 -0.88545
vn -0.09374 -0.22019 -0.97094
vn -0.18204 -0.42761 -0.88544
vn -0.18202 -0.42758 -0.88546
vn -0.38884 -0.91338 -0.12054
vn -0.36624 -0.8603 -0.35461
vn -0.38884 -0.91338 -0.12056
vn -0.36625 -0.86031 -0.35458
vn -0.32235 -0.75721 -0.56809
vn -0.32236 -0.75723 -0.56806
vn 0.9201 -0.39168 -2E-05
vn 0.9201 -0.39169 -1E-05
vn 0.92009 -0.3917 3E-05
vn 0.9201 -0.39167 -6E-05
vn 0.92009 -0.3917 3E-05
vn 0.92009 -0.3917 0
vn 0.92009 -0.39171 4E-05
vn 0.9201 -0.39169 -2E-05
vn 0.9201 -0.39169 0
vn 0.92009 -0.39172 6E-05
vn -0.9201 0.39168 3E-05
vn -0.9201 0.39169 1E-05
vn -0.92009 0.3917 -2E-05
vn -0.92009 0.3917 -2E-05
vn -0.9201 0.39169 -0
vn -0.9201 0.39169 0
vn -0.9201 0.39169 1E-05
vn -0.92009 0.3917 -1E-05
vn -0.9201 0.39168 4E-05
vn -0.92009 0.3917 -2E-05
vn 0.18204 0.4276 0.88545
vn -0.92009 0.3917 -1E-05
vn 0.18202 0.42758 0.88546
vn -0 -0 -1
vn -0.18204 -0.4276 0.88545
vn 0 -0 1
vn -0.09374 -0.22019 0.97094
vn 0.09374 0.2202 0.97094
vn 0 -0 1
vn -0.18202 -0.42758 0.88546
vn -0.25974 -0.61012 0.74852
vn -0.25974 -0.61015 0.7485
vn -0.18203 -0.42759 0.88546
vn 0.9201 -0.39168 -0
vn 0.92009 -0.39171 0
vn 0.9201 -0.39169 0
vn 0.92009 -0.3917 0
vn 0.92009 -0.3917 0
vn 0.9201 -0.39169 0
vn 0.9201 -0.39169 -0
vn 0.9201 -0.3917 -0
vn 0.9201 -0.39168 1E-05
vn 0.9201 -0.39169 -0
vn 0.9201 -0.39169 -0
vn 0.9201 -0.39168 1E-05
vn 0.9201 -0.39169 0
vn 0.92009 -0.39171 -2E-05
vn -0.9201 0.39169 0
vn -0.9201 0.39168 -3E-05
vn -0.92009 0.3917 1E-05
vn -0.92009 0.3917 1E-05
vn -0.9201 0.39169 0
vn -0.9201 0.39169 -1E-05
vn 0.9201 -0.39169 0
vn -0.32236 -0.75723 0.56806
vn -0.36624 -0.86031 0.3546
vn -0.25975 -0.61014 0.74851
vn -0.32236 -0.75722 0.56807
vn -0.09374 -0.2202 0.97094
vn 0.9201 -0.39169 0
vn 0 0 1
vn 0 0 1
vn -0.9201 0.39169 -0
vn -0.92009 0.3917 -0
vn -0.92009 0.39171 -0
vn -0.9201 0.39169 0
vn -0.92009 0.3917 0
vn -0.92009 0.3917 0
vn -0.92011 0.39166 0
vn -0.92009 0.39171 0
vn -0.9201 0.39168 1E-05
vn -0.92009 0.3917 -0
vn -0.9201 0.3917 0
vn -0.09374 -0.22019 0.97094
vn 0.32235 0.75721 0.56808
vn 0.36624 0.8603 0.35461
vn 0.36624 0.8603 -0.35461
vn 0.32235 0.75721 -0.56808
vn 0.38884 0.91338 -0.12056
vn 0.32237 0.75723 -0.56805
vn 0.38884 0.91339 -0.12049
vn 0.9201 -0.39168 1E-05
vn 0.92009 -0.3917 -0
vn 0.18202 0.42758 -0.88546
vn 0.18204 0.4276 -0.88545
vn -0.18204 -0.4276 -0.88545
vn -0 0 -1
vn -0.18202 -0.42758 -0.88546
vn -0 0 -1
vn 0.09374 0.2202 -0.97094
vn -0.09374 -0.2202 -0.97094
vn -0.09374 -0.22019 -0.97094
vn -0.9201 0.39169 -0
vn -0.92009 0.39171 1E-05
vn -0.92009 0.3917 0
vn -0.9201 0.39169 -0
vn -0.92009 0.3917 1E-05
vn -0.32236 -0.75723 0.56806
vn -0.32237 -0.75723 0.56805
vn -0.32237 -0.75723 -0.56805
vn -0.25973 -0.61012 -0.74852
vn -0.25975 -0.61015 -0.7485
vn -0.36624 -0.8603 -0.35461
vn 0.92011 -0.39165 -2E-05
vn -0.92007 0.39176 -3E-05
vn -0.9201 0.39168 1E-05
vn 0.9201 -0.39168 -1E-05
vn 0.92009 -0.3917 0
vn 0.92009 -0.39171 1E-05
vn 0.9201 -0.39169 -0
vn -0.9201 0.39169 -0
vn 0.9201 -0.39169 -0
vn 0.92009 -0.3917 0
vn 0.9201 -0.39169 -0
vn 0.92009 -0.3917 0
vn 0.92009 -0.3917 0
vn 0.9201 -0.39169 -1E-05
vn 0.9201 -0.39169 -2E-05
vn 0.92009 -0.3917 3E-05
vn 0.92009 -0.3917 0
vn -0.9201 0.39169 2E-05
vn -0.38883 -0.91339 0.12054
vn -0.92009 0.3917 -4E-05
vn -0.9201 0.39169 0
vn -0.92009 0.3917 -2E-05
vn -0.9201 0.39169 0
vn -0.38884 -0.91339 0.12054
vn -0.9201 0.39169 4E-05
vn 0.92009 -0.3917 0
vn 0.92008 -0.39172 1E-05
vn 0.92009 -0.39171 0
vn 0.92008 -0.39172 1E-05
vn 0.92011 -0.39165 -2E-05
vn -0.92009 0.3917 -0
vn -0.9201 0.39168 1E-05
vn -0.9201 0.39169 0
vn -0.92009 0.3917 -0
vn -0.9201 0.39168 1E-05
vn -0.92011 0.39167 1E-05
vn -0.92008 0.39173 -1E-05
vn -0.9201 0.39169 0
vn -0.92011 0.39166 1E-05
vn -0.92009 0.39172 -1E-05
vn 0.09374 0.22018 0.97094
vn 0.32235 0.75721 0.56809
vn 0.18204 0.42761 0.88544
vn 0.32236 0.75723 0.56806
vn 0.36625 0.86031 0.35458
vn -0.18203 -0.4276 0.88545
vn -0.18203 -0.42759 0.88546
vn -0.25974 -0.61012 0.74852
vn -0.25975 -0.61015 0.7485
vn -0.32236 -0.75723 0.56805
vn -0.32235 -0.7572 0.5681
vn 0 -0 1
vn 0 -0 1
vn -0.36624 -0.86032 0.35457
vn -0.38884 -0.91338 0.12056
vn 0.92012 -0.39164 1E-05
vn 0.92009 -0.39171 -1E-05
vn 0.92009 -0.3917 1E-05
vn 0.92009 -0.39171 -4E-05
vn 0.9201 -0.39169 2E-05
vn 0.92003 -0.39186 -4E-05
vn 0.9201 -0.39169 -0
vn 0.92009 -0.3917 1E-05
vn 0.92009 -0.3917 2E-05
vn 0.9201 -0.39169 -0
vn -0.9201 0.39169 -0
vn -0.92009 0.3917 3E-05
vn -0 -0 -1
vn 0.9201 -0.39169 0
vn 0.92009 -0.3917 -2E-05
vn 0.9201 -0.39169 1E-05
vn -0.9201 0.39169 -2E-05
vn -0.92009 0.39171 3E-05
vn -0.9201 0.39169 -1E-05
vn 0.9201 -0.39169 2E-05
vn -0.9201 0.39169 -0
vn 0.92009 -0.3917 -3E-05
vn 0.9201 -0.39169 1E-05
vn 0.92009 -0.3917 -1E-05
vn 0.9201 -0.39169 -0
vn 0.92009 -0.3917 -0
vn -0.9201 0.39169 -0
vn -0.92009 0.3917 0
vn 0.9201 -0.39169 0
vn -0.9201 0.39169 -0
vn -0.9201 0.39168 -1E-05
vn -0 0 -1
vn -0 -0 -1
vn -0.9201 0.39169 0
vn -0.99783 0.06586 0
vn -0.95817 0.28618 0
vn -0.99783 0.06586 0
vn -0.95817 0.28618 0
vn 0.9201 -0.39169 -0
vn -0 -0 -1
vn -0 0 -1
vn -0 -0 -1
vn -0 -0 -1
vn -0 -0 -1
vn -0 -0 -1
vn -0 -0 -1
vn -0 -0 -1
vn -0 -0 -1
vn -0 0 -1
vn -0 -0 -1
vn -0 -0 -1
vn -0 -0 -1
vn 0.98746 0.15786 -0
vn 0.98746 0.15786 -0
vn 0.99783 -0.06582 -0
vn 0.99783 -0.06582 -0
vn 0.95817 -0.28618 -0
vn 0.95817 -0.28618 -0
vn 0.49225 0.87045 -0
vn 0.49225 0.87045 -0
vn 0.67358 0.73911 -0
vn 0.67358 0.73911 -0
vn 0.92757 0.37365 -0
vn 0.82119 0.57065 -0
vn 0.92757 0.37365 -0
vn -0.98746 -0.15786 0
vn -0.49225 -0.87045 0
vn -0.92757 -0.37365 0
vn -0.98746 -0.15786 0
vn -0.49225 -0.87045 0
vn -0.67363 -0.73907 0
vn -0.82117 -0.57068 0
vn -0.92757 -0.37365 0
vn -0.82117 -0.57068 0
vn -0.67363 -0.73907 0
vn 0.39169 0.9201 -0
vn 0.39169 0.9201 -0
vn -0 -0 -1
vn 0.91431 -0.38923 -0.11197
vn 0.91431 -0.38923 -0.11198
vn 0.86847 -0.36972 -0.33026
vn 0.77906 -0.33165 -0.53205
vn 0.77907 -0.33166 -0.53203
vn 0.65061 -0.27697 -0.7071
vn 0.48952 -0.2084 -0.84672
vn 0.30389 -0.12937 -0.94388
vn 0.10302 -0.04386 -0.99371
vn 0.48952 -0.20839 -0.84673
vn -0.39171 -0.92009 0
vn -0.39171 -0.92009 0
vn -0.39168 -0.9201 0
vn -0.39168 -0.9201 0
vn -0.39168 -0.9201 0
vn 0.39171 0.92009 -0
vn 0.39171 0.92009 -0
vn 0.39168 0.9201 -0
vn -0.39169 -0.9201 0
vn -0.39169 -0.9201 0
vn 0.9201 -0.39169 0
vn 0.92009 -0.3917 2E-05
vn -0.3902 -0.9166 0.08716
vn -0.9201 0.39169 -0
vn 0.92009 -0.3917 -1E-05
vn -0.92009 0.3917 2E-05
vn 0.9201 -0.39169 0
vn 0.9201 -0.39169 2E-05
vn -0.9201 0.39168 -3E-05
vn -0.92009 0.3917 2E-05
vn -0.9201 0.39169 0
vn 0.92009 -0.39171 -2E-05
vn -0.9201 0.39169 -0
vn 0.9201 -0.39169 -0
vn 0.9201 -0.39169 0
vn -0 -0 -1
vn -0 0 -1
vn -0.18202 -0.42757 -0.88547
vn -0.25973 -0.61013 -0.74852
vn -0.38884 -0.91338 -0.12054
vn -0.18203 -0.42759 -0.88545
vn -0.38884 -0.91338 -0.12056
vn -0.25975 -0.61015 -0.7485
vn -0.36625 -0.86032 -0.35457
vn 0.9201 -0.39168 -1E-05
vn 0.9201 -0.39168 -1E-05
vn 0.92011 -0.39167 -1E-05
vn 0.92009 -0.3917 0
vn 0.9201 -0.39169 -0
vn 0.92009 -0.39172 1E-05
vn 0.92009 -0.3917 0
vn 0.38884 0.91338 -0.12054
vn 0.38884 0.91338 -0.12056
vn 0.18203 0.42759 -0.88545
vn 0.32236 0.75723 -0.56805
vn 0.32235 0.75721 -0.56809
vn 0.25974 0.61015 -0.7485
vn 0.18202 0.42757 -0.88547
vn 0.25974 0.61013 -0.74852
vn -0.9201 0.39169 -1E-05
vn -0.9201 0.39168 1E-05
vn -0.9201 0.3917 0
vn -0.92009 0.3917 0
vn -0.37835 -0.88874 0.25882
vn -0.37834 -0.88875 0.25882
vn -0.355 -0.83389 0.42262
vn -0.355 -0.83389 0.42262
vn 0.9201 -0.39169 0
vn -0.92011 0.39166 2E-05
vn 0.9201 -0.39169 -0
vn -0.9201 0.39169 0
vn -0.9201 0.39169 -0
vn -0.9201 0.39169 0
vn -0.9201 0.39169 -2E-05
vn 0.9201 -0.39169 -1E-05
vn 0.9201 -0.39169 1E-05
vn 0.9201 -0.39169 1E-05
vn 0.38883 0.91339 0.12056
vn 0.38885 0.91339 0.12049
vn 0.38884 0.91339 -0.12054
vn 0.9201 -0.39169 0
vn 0.9201 -0.39169 0
vn 0.9201 -0.39169 -3E-05
vn 0.92009 -0.3917 2E-05
vn 0.9201 -0.39169 -0
vn 0.92009 -0.3917 2E-05
vn -0.9201 0.39169 2E-05
vn -0.92009 0.3917 -0
vn -0.92009 0.3917 3E-05
vn -0.9201 0.39169 1E-05
vn -0.92009 0.3917 -3E-05
vn -0.92009 0.3917 -0
vn 0.32236 0.75723 -0.56806
vn 0.9201 -0.39169 0
vn 0.36624 0.86031 -0.3546
vn -0.92009 0.39172 -1E-05
vn -0.9201 0.39169 0
vn -0.92009 0.39171 -1E-05
vn -0.92009 0.3917 -0
vn -0.9201 0.39169 -0
vn -0.92009 0.3917 -0
vn 0.92009 -0.3917 -1E-05
vn 0.92009 -0.39171 -1E-05
vn 0.25975 0.61014 0.7485
vn 0.25973 0.61012 0.74853
vn 0 -0 1
vn 0 -0 1
vn 0.9201 -0.3917 -0
vn 0.92008 -0.39172 -3E-05
vn 0.9201 -0.39169 1E-05
vn 0.9201 -0.39168 3E-05
vn 0.9201 -0.39169 0
vn 0.9201 -0.39169 -0
vn 0.92009 -0.3917 -1E-05
vn -0.92009 0.3917 0
vn -0.9201 0.39168 -1E-05
vn -0.92009 0.39171 2E-05
vn -0.25974 -0.61014 0.7485
vn -0.9201 0.39168 -1E-05
vn -0.25974 -0.61012 0.74853
vn -0.92009 0.3917 -0
vn 0.32237 0.75724 0.56804
vn 0.32235 0.75722 0.56808
vn 0.32237 0.75724 -0.56804
vn 0.32235 0.75722 -0.56808
vn -0.32236 -0.75723 0.56805
vn -0.38884 -0.91339 0.12054
vn -0.38884 -0.91339 0.12051
vn -0.32235 -0.75722 0.56808
vn -0.32236 -0.75723 -0.56805
vn -0.32235 -0.75722 -0.56808
vn 0.9201 -0.39168 4E-05
vn 0.9201 -0.39168 -0
vn 0.92008 -0.39172 -0
vn 0.9201 -0.39168 -1E-05
vn 0.09374 0.22019 -0.97094
vn 0.92009 -0.3917 0
vn 0.09374 0.22019 -0.97094
vn 0.9201 -0.39169 0
vn 0.92009 -0.3917 -0
vn -0.92009 0.39171 2E-05
vn 0.25974 0.61014 -0.74851
vn -0.9201 0.39169 -1E-05
vn -0.92009 0.3917 -0
vn 0.18203 0.42759 -0.88546
vn 0.18203 0.42758 -0.88546
vn -0.9201 0.39169 -1E-05
vn -0.9201 0.39168 -2E-05
vn -0.92009 0.39171 3E-05
vn -0.9201 0.39169 -0
vn 0.9201 -0.39169 0
vn -0.32086 -0.7537 0.57357
vn -0.27697 -0.65061 0.7071
vn -0.27697 -0.65061 0.70711
vn -0.9201 0.39169 -0
vn -0.32085 -0.7537 0.57358
vn 0.92009 -0.3917 -0
vn 0.9201 -0.39169 0
vn 0.92009 -0.3917 -1E-05
vn 0.92011 -0.39167 2E-05
vn 0.92009 -0.39171 -1E-05
vn 0.9201 -0.39168 1E-05
vn 0.25973 0.61012 -0.74853
vn 0.18202 0.42758 -0.88546
vn 0.25975 0.61014 -0.7485
vn -0 0 -1
vn -0 0 -1
vn -0.9201 0.39169 0
vn -0.92009 0.39171 1E-05
vn -0.9201 0.39169 -0
vn -0.92009 0.3917 0
vn -0.9201 0.39168 -3E-05
vn -0.92009 0.3917 1E-05
vn -0.22467 -0.52774 0.81915
vn 0.92009 -0.3917 0
vn -0.22466 -0.52774 0.81915
vn 0.92009 -0.39171 -0
vn 0.9201 -0.39169 0
vn 0.92009 -0.3917 0
vn -0.9201 0.39169 0
vn 0.9201 -0.39169 -0
vn 0.9201 -0.39168 -3E-05
vn 0.9201 -0.3917 -0
vn 0.9201 -0.39169 -0
vn 0.9201 -0.39169 -1E-05
vn 0.9201 -0.39169 0
vn 0.92009 -0.3917 2E-05
vn 0.9201 -0.39169 -0
vn -0.25973 -0.61012 -0.74853
vn -0.25975 -0.61014 -0.7485
vn -0.18204 -0.4276 -0.88545
vn -0.92009 0.3917 0
vn -0.92009 0.39172 -0
vn -0.9201 0.39169 0
vn -0.9201 0.39168 -0
vn 0.32234 0.7572 0.5681
vn 0.25974 0.61013 0.74852
vn 0.25975 0.61015 0.7485
vn 0.32237 0.75723 0.56805
vn -0.92009 0.3917 -3E-05
vn -0.9201 0.39169 0
vn -0.92009 0.3917 -2E-05
vn -0.9201 0.39169 -0
vn -0.9201 0.39169 2E-05
vn -0.9201 0.39169 1E-05
vn -0.9201 0.39169 1E-05
vn 0.36623 0.8603 -0.35461
vn 0.36625 0.86032 -0.35457
vn -0.9201 0.39169 0
vn 0.32234 0.7572 -0.5681
vn 0.32237 0.75723 -0.56805
vn 0.25974 0.61012 -0.74852
vn 0.9201 -0.39169 0
vn -0.16554 -0.38885 0.90631
vn -0.16554 -0.38885 0.90631
vn 0.9201 -0.39168 1E-05
vn -0.10138 -0.23814 0.96593
vn -0.10138 -0.23814 0.96593
vn 0.9201 -0.39169 0
vn 0.92009 -0.3917 -0
vn 0.92009 -0.39171 -1E-05
vn -0.03414 -0.08019 0.99619
vn 0.9201 -0.39168 1E-05
vn 0.92009 -0.3917 -0
vn -0.92009 0.39171 1E-05
vn -0.92009 0.39171 1E-05
vn -0.9201 0.39169 -0
vn -0.03414 -0.08019 0.99619
vn -0.92011 0.39166 -1E-05
vn -0.9201 0.39169 0
vn -0.32236 -0.75722 -0.56806
vn -0.32235 -0.75722 -0.56807
vn -0.36624 -0.86031 -0.3546
vn -0.25975 -0.61014 -0.74851
vn 0.9201 -0.39169 -0
vn 0.92009 -0.3917 -0
vn 0.9201 -0.39169 -0
vn -0.09374 -0.22019 -0.97094
vn 0.92009 -0.39171 -0
vn 0.92009 -0.3917 -0
vn 0.92009 -0.39171 2E-05
vn 0.9201 -0.39169 0
vn 0.9201 -0.39169 -0
vn 0.9201 -0.39169 -0
vn 0.9201 -0.39168 -1E-05
vn 0.9201 -0.3917 0
vn 0.9201 -0.39168 -1E-05
vn 0.9201 -0.39169 0
vn -0.18203 -0.42759 -0.88546
vn -0.92009 0.3917 -1E-05
vn -0.9201 0.39169 1E-05
vn -0.92009 0.3917 -1E-05
vn -0.9201 0.39169 -0
vn -0.9201 0.39169 -0
vn -0.9201 0.39168 3E-05
vn 0.9201 -0.39169 -0
vn -0 -0 -1
vn -0.09374 -0.22019 -0.97094
vn -0 -0 -1
vn -0.92009 0.39171 -0
vn -0.92011 0.39166 -0
vn -0.92009 0.39171 -1E-05
vn -0.9201 0.39169 -0
vn -0.9201 0.39169 0
vn -0.92009 0.3917 -0
vn -0.92009 0.3917 -0
vn -0.92009 0.3917 0
vn -0.9201 0.3917 -0
vn -0.92009 0.3917 0
vn -0.9201 0.39168 -1E-05
vn 0.92009 -0.3917 -3E-05
vn 0.92009 -0.3917 -0
vn 0.9201 -0.39169 2E-05
vn 0.92009 -0.3917 -0
vn 0.9201 -0.39169 1E-05
vn 0.92009 -0.3917 -0
vn -0.38883 -0.91339 -0.12054
vn -0.9201 0.39169 -4E-05
vn -0.92009 0.3917 4E-05
vn -0.9201 0.39169 -0
vn -0.38884 -0.91339 -0.12054
vn -0.9201 0.39169 -0
vn -0.92009 0.3917 2E-05
vn -0.9201 0.39169 -2E-05
vn 0.92009 -0.3917 -0
vn 0.92009 -0.3917 -0
vn 0.9201 -0.39169 0
vn 0.92009 -0.39171 -1E-05
vn 0.9201 -0.39169 0
vn -0.9201 0.39169 0
vn 0.9201 -0.39169 0
vn 0.36625 0.86031 -0.35458
vn 0.18202 0.42757 -0.88547
vn 0.18203 0.4276 -0.88545
vn 0.32235 0.75721 -0.56809
vn 0.32236 0.75723 -0.56806
vn 0.25973 0.61013 -0.74852
vn 0.25975 0.61015 -0.7485
vn -0.36625 -0.86032 -0.35457
vn -0.36623 -0.8603 -0.35461
vn -0 0 -1
vn -0.25975 -0.61015 -0.7485
vn -0.18202 -0.42758 -0.88546
vn -0.25974 -0.61013 -0.74852
vn -0 0 -1
vn -0.32237 -0.75723 -0.56805
vn -0.32234 -0.7572 -0.5681
vn 0.92008 -0.39172 -1E-05
vn 0.92008 -0.39172 -1E-05
vn 0.92009 -0.3917 -0
vn 0.92011 -0.39165 2E-05
vn 0.92009 -0.39171 -0
vn -0.9201 0.39169 -0
vn -0.9201 0.39169 -0
vn -0.9201 0.39168 -1E-05
vn -0.9201 0.39168 -1E-05
vn -0.92009 0.3917 0
vn -0.92011 0.39167 -1E-05
vn -0.92009 0.39172 1E-05
vn -0.92009 0.3917 0
vn -0.92011 0.39166 -1E-05
vn -0.92008 0.39173 1E-05
vn 0.9201 -0.39168 -1E-05
vn 0.25975 0.61014 0.7485
vn 0.92009 -0.3917 0
vn 0.18203 0.42758 0.88546
vn 0.18204 0.4276 0.88545
vn 0.25973 0.61012 0.74853
vn 0 0 1
vn 0 -0 1
vn -0.18203 -0.42758 0.88546
vn -0.18204 -0.4276 0.88545
vn -0.92009 0.3917 -0
vn -0.92009 0.39171 -1E-05
vn -0.9201 0.39169 0
vn -0.9201 0.39169 0
vn -0.92009 0.3917 -1E-05
vn 0.32237 0.75724 0.56804
vn 0.32235 0.75722 0.56808
vn 0.32237 0.75724 -0.56804
vn 0.32235 0.75722 -0.56808
vn -0.9201 0.39168 -1E-05
vn 0.92011 -0.39165 2E-05
vn -0.92007 0.39176 3E-05
vn 0.9201 -0.39168 1E-05
vn -0.32237 -0.75723 0.56805
vn -0.32237 -0.75724 0.56804
vn -0.25974 -0.61014 0.7485
vn -0.25974 -0.61012 0.74853
vn -0.32237 -0.75724 -0.56804
vn 0.9201 -0.39168 3E-05
vn 0 0 1
vn -0.09374 -0.22018 0.97094
vn 0.18203 0.42759 0.88546
vn 0 -0 1
vn -0.25974 -0.61013 0.74852
vn -0.18204 -0.42761 0.88544
vn -0.25974 -0.61015 0.7485
vn -0.18203 -0.42758 0.88546
vn -0.38884 -0.91338 0.12054
vn -0.36625 -0.86031 -0.35458
vn -0 0 -1
vn -0 -0 -1
vn -0.18204 -0.4276 -0.88545
vn 0.92008 -0.39172 -1E-05
vn 0.9201 -0.39169 -0
vn 0.92009 -0.3917 -0
vn 0.9201 -0.39168 -0
vn -0.92009 0.39171 0
vn -0.9201 0.39169 -0
vn 0.25975 0.61015 -0.7485
vn 0.18202 0.42758 -0.88546
vn -0.92011 0.39167 -1E-05
vn -0.9201 0.39169 0
vn 0.9201 -0.39167 6E-05
vn 0.9201 -0.39169 2E-05
vn 0.92009 -0.3917 -3E-05
vn 0.9201 -0.39169 -0
vn 0.9201 -0.39168 2E-05
vn 0.92009 -0.3917 -3E-05
vn 0.9201 -0.39169 1E-05
vn 0.92009 -0.39171 -4E-05
vn 0.92009 -0.3917 -0
vn 0.92009 -0.39172 -6E-05
vn -0.92009 0.3917 2E-05
vn -0.9201 0.39169 -1E-05
vn -0.92009 0.3917 1E-05
vn -0.9201 0.39169 0
vn -0.9201 0.39168 -3E-05
vn -0.9201 0.39169 -0
vn -0.92009 0.3917 2E-05
vn -0.92009 0.3917 2E-05
vn -0.9201 0.39168 -4E-05
vn -0.9201 0.39169 -1E-05
vn 0.18203 0.42758 -0.88546
vn 0.18204 0.4276 -0.88545
vn 0.25975 0.61014 -0.7485
vn 0.25973 0.61012 -0.74853
vn -0.92009 0.3917 1E-05
vn 0.92009 -0.3917 -1E-05
vn 0.9201 -0.39168 1E-05
vn 0.9201 -0.39169 -0
vn -0.92009 0.3917 0
vn -0.92009 0.39171 2E-05
vn -0.92011 0.39166 -4E-05
vn -0.25975 -0.61014 -0.7485
vn -0.18204 -0.4276 -0.88545
vn -0.18203 -0.42758 -0.88546
vn -0.25973 -0.61012 -0.74853
vn -0 -0 -1
vn -0 0 -1
vn 0 0 1
vn 0.92009 -0.3917 1E-05
vn 0.9201 -0.39169 0
vn -0.9201 0.39169 0
vn 0.92009 -0.3917 0
vn -0.9201 0.39169 0
vn -0.9201 0.39168 1E-05
vn -0.92009 0.3917 -0
vn 0.9201 -0.39169 -0
vn 0.9201 -0.39169 -2E-05
vn -0.9201 0.39169 0
vn -0.9201 0.39169 1E-05
vn -0.92009 0.39171 -3E-05
vn 0.92009 -0.3917 3E-05
vn 0.9201 -0.39169 -1E-05
vn 0.9201 -0.39169 -1E-05
vn 0.92009 -0.3917 2E-05
vn -0.9201 0.39169 2E-05
vn -0.92009 0.3917 -3E-05
vn -0.9201 0.39169 0
vn 0 0 1
vn 0.9201 -0.39169 -0
vn 0 -0 1
vn 0 -0 1
vn 0 0 1
vn 0 0 1
vn 0 0 1
vn 0 0 1
vn 0 0 1
vn -0 0 1
vn 0 0 1
vn 0 0 1
vn 0 0 1
vn 0 -0 1
vn -0 0 1
vn 0 0 1
vn 0 0 1
vn -0.39168 -0.9201 0
vn 0.39168 0.9201 -0
vn 0 0 1
vn 0.10302 -0.04386 0.99371
vn 0.30389 -0.12937 0.94388
vn 0.48953 -0.2084 0.84672
vn 0.65061 -0.27697 0.7071
vn 0.48952 -0.20839 0.84672
vn 0.86847 -0.36972 0.33026
vn 0.77906 -0.33165 0.53205
vn 0.77907 -0.33165 0.53203
vn 0.91431 -0.38923 0.11197
vn 0.91431 -0.38923 0.11198
vn 0.9201 -0.39168 -3E-05
vn 0.92009 -0.3917 -0
vn 0.92009 -0.39171 1E-05
vn 0.92007 -0.39175 3E-05
vn 0.92016 -0.39155 -7E-05
vn 0.92009 -0.39172 7E-05
vn 0.9201 -0.39169 -0
vn 0.92009 -0.3917 -2E-05
vn 0.92009 -0.3917 -1E-05
vn 0.9201 -0.39169 -0
vn 0.9201 -0.39169 0
vn -0.32086 -0.75369 -0.57358
vn 0.9201 -0.39169 -0
vn -0.32086 -0.7537 -0.57357
vn 0.9201 -0.39169 -1E-05
vn 0.9201 -0.39169 -0
vn -0.22467 -0.52775 -0.81915
vn -0.9201 0.39169 0
vn 0.9201 -0.39169 -0
vn 0.92011 -0.39167 -1E-05
vn 0.92009 -0.39171 0
vn 0.92009 -0.3917 1E-05
vn 0.25974 0.61011 0.74853
vn 0.25974 0.61014 0.74851
vn 0.9201 -0.39168 -2E-05
vn 0.18203 0.4276 0.88545
vn -0.92012 0.39165 3E-05
vn -0.9201 0.39169 1E-05
vn -0.9201 0.39169 1E-05
vn -0.92008 0.39173 -2E-05
vn -0.92009 0.39172 -2E-05
vn -0.9201 0.39169 -0
vn -0.16554 -0.38885 -0.90631
vn -0.10138 -0.23814 -0.96593
vn -0.10138 -0.23814 -0.96593
vn -0.03414 -0.08019 -0.99619
vn 0.9201 -0.39169 0
vn -0.9201 0.39169 0
vn 0.9201 -0.39168 -0
vn 0.9201 -0.39169 0
vn 0.9201 -0.39169 -0
vn 0.9201 -0.39169 -0
vn -0.92008 0.39173 -4E-05
vn -0.9201 0.39168 1E-05
vn 0.9201 -0.39169 0
vn -0.92012 0.39164 2E-05
vn -0.92008 0.39174 -0
vn 0.92009 -0.3917 0
vn -0.92009 0.3917 -0
vn 0 0 1
vn 0 0 1
vn -0.09374 -0.2202 0.97094
vn 0.09374 0.2202 0.97094
vn 0.09374 0.22019 0.97094
vn 0.18203 0.42759 0.88546
vn -0.18203 -0.4276 0.88545
vn -0.25974 -0.61014 0.74851
vn -0.09374 -0.22019 0.97094
vn -0.25974 -0.61013 0.74852
vn 0.92009 -0.3917 0
vn -0.9201 0.39169 -0
vn 0.9201 -0.39169 0
vn 0.9201 -0.39169 1E-05
vn 0.9201 -0.39169 1E-05
vn 0.9201 -0.39169 0
vn 0.92009 -0.3917 0
vn 0.92009 -0.39171 -4E-05
vn -0.9201 0.39169 -1E-05
vn -0.9201 0.39169 -2E-05
vn -0.92009 0.39171 5E-05
vn -0.9201 0.39168 -5E-05
vn -0.92009 0.3917 2E-05
vn -0.92009 0.39171 5E-05
vn -0.9201 0.39169 -1E-05
vn -0.37834 -0.88875 -0.25882
vn -0.35499 -0.83389 -0.42262
vn -0.35499 -0.83389 -0.42262
vn -0.37835 -0.88874 -0.25882
vn 0.9201 -0.39169 0
vn 0.9201 -0.39169 -0
vn -0.92009 0.3917 -2E-05
vn -0.9201 0.39169 -1E-05
vn -0.9201 0.39169 4E-05
vn -0.92009 0.3917 -3E-05
vn 0.9201 -0.39169 -0
vn 0.92009 -0.3917 2E-05
vn -0.3902 -0.9166 -0.08715
vn 0.9201 -0.39169 0
vn -0.3902 -0.91659 -0.08716
vn 0.9201 -0.39169 -0
vn -0.92009 0.3917 0
vn -0.9201 0.39169 1E-05
vn 0.92009 -0.39171 4E-05
vn 0.9201 -0.39169 -0
vn 0.9201 -0.39169 -0
vn 0.9201 -0.39169 -1E-05
vn -0.92009 0.3917 -1E-05
vn -0.92009 0.3917 -0
vn -0.9201 0.39169 0
vn 0.9201 -0.39169 -0
vn 0.92008 -0.39173 -2E-05
vn 0.9201 -0.39169 0
vn 0.92008 -0.39172 -1E-05
vn 0.92011 -0.39166 2E-05
vn 0.92009 -0.3917 -0
vn 0.09373 0.22018 0.97095
vn 0.09373 0.22018 0.97095
vn 0 -0 1
vn -0.09373 -0.22018 0.97095
vn 0 0 1
vn -0.18202 -0.42758 0.88546
vn -0.25974 -0.61014 0.7485
vn -0.32236 -0.75723 0.56805
vn -0.09373 -0.22019 0.97094
vn -0.25975 -0.61016 0.74849
vn -0.9201 0.3917 0
vn -0.92009 0.39171 -2E-05
vn 0.25974 0.61012 0.74853
vn 0.32236 0.75724 0.56805
vn 0.36623 0.8603 0.35461
vn 0.25975 0.61016 0.74849
vn 0.18203 0.4276 0.88545
vn 0.36623 0.86029 0.35464
vn 0.18203 0.42758 0.88546
vn 0.38884 0.91339 0.12051
vn 0.32236 0.75724 0.56805
vn 0.32236 0.75721 0.56808
vn 0.38884 0.91338 0.12056
vn 0.38884 0.91339 -0.12051
vn -0.32236 -0.75724 0.56805
vn -0.32236 -0.75722 0.56807
vn -0.38885 -0.91339 0.12051
vn -0.38883 -0.91339 0.12056
vn -0.36624 -0.8603 -0.35461
vn -0.32236 -0.75722 -0.56807
vn -0.38884 -0.91338 -0.12056
vn -0.38884 -0.91339 -0.12051
vn -0.32236 -0.75724 -0.56805
vn 0.92008 -0.39172 3E-05
vn 0.9201 -0.39168 -1E-05
vn 0.9201 -0.39168 -2E-05
vn 0.9201 -0.39169 0
vn 0.9201 -0.39169 0
vn 0.25973 0.61012 -0.74853
vn -0 -0 -1
vn 0.25975 0.61014 -0.74851
vn 0.18203 0.4276 -0.88545
vn -0.09374 -0.2202 -0.97094
vn -0 -0 -1
vn 0.09374 0.2202 -0.97094
vn 0.18203 0.42759 -0.88546
vn -0.25974 -0.61013 -0.74852
vn -0.09374 -0.22019 -0.97094
vn -0.25974 -0.61014 -0.74851
vn -0.92012 0.39165 2E-05
vn 0.9201 -0.39168 0
vn 0.9201 -0.39169 -0
vn 0.92009 -0.3917 1E-05
vn 0.9201 -0.39169 -0
vn 0.9201 -0.39169 -0
vn 0.18203 0.42759 0.88546
vn 0.9201 -0.39169 0
vn 0.9201 -0.39168 -1E-05
vn -0.92009 0.3917 0
vn -0.92009 0.3917 -1E-05
vn -0.9201 0.39168 4E-05
vn -0.9201 0.39168 1E-05
vn -0.92009 0.39172 -3E-05
vn -0.92011 0.39166 3E-05
vn -0.92008 0.39172 -5E-05
vn -0.92009 0.3917 -0
vn -0.92009 0.39171 -2E-05
vn 0.92009 -0.3917 -0
vn 0.9201 -0.39167 1E-05
vn 0.92009 -0.39171 0
vn -0.92011 0.39166 -2E-05
vn -0.92008 0.39173 2E-05
vn -0.92008 0.39174 2E-05
vn -0.92012 0.39164 -2E-05
vn -0.92008 0.39172 1E-05
vn -0.9201 0.39167 -1E-05
vn -0.9201 0.39169 -0
vn -0.92012 0.39164 -3E-05
vn 0.9201 -0.39169 2E-05
vn 0.9201 -0.39169 1E-05
vn -0.32236 -0.75721 0.56809
vn 0.9201 -0.3917 1E-05
vn 0.92009 -0.3917 0
vn 0.92009 -0.3917 1E-05
vn -0.92008 0.39174 -3E-05
vn 0.32236 0.75722 0.56807
vn -0.9201 0.39169 -0
vn 0.36625 0.8603 0.35461
vn -0.92009 0.3917 0
vn -0.9201 0.39169 -2E-05
vn -0.9201 0.39169 1E-05
vn 0.36624 0.86031 0.3546
vn 0.38884 0.91339 0.12053
vn -0.92009 0.39171 5E-05
vn 0.38884 0.91338 0.12054
vn 0.9201 -0.39169 -0
vn 0.92009 -0.3917 5E-05
vn 0.92009 -0.3917 -5E-05
vn -0.3902 -0.9166 0.08716
vn -0.9201 0.39169 4E-05
vn -0.9201 0.39169 -1E-05
vn -0.3902 -0.91659 0.08715
vn 0.92009 -0.39171 -4E-05
vn -0.92009 0.3917 -0
vn -0.9201 0.39169 -4E-05
vn 0.9201 -0.39169 0
vn 0.9201 -0.39169 0
vn -0.9201 0.39169 -0
vn 0.9201 -0.39169 1E-05
vn -0.92009 0.3917 1E-05
vn -0.92009 0.3917 0
vn 0.9201 -0.39169 0
vn -0.09374 -0.2202 -0.97094
vn 0.09374 0.2202 -0.97094
vn 0.09374 0.22019 -0.97094
vn -0 -0 -1
vn -0 0 -1
vn -0.09374 -0.2202 -0.97094
vn -0.18202 -0.42757 -0.88547
vn -0.25974 -0.61014 -0.7485
vn -0.32236 -0.75723 -0.56805
vn -0.25975 -0.61016 -0.74849
vn 0.9201 -0.39169 -0
vn 0.92008 -0.39172 1E-05
vn 0.9201 -0.39167 -1E-05
vn 0.36623 0.86029 -0.35464
vn 0.38884 0.91339 -0.1205
vn 0.38884 0.91339 0.12051
vn 0.38884 0.91339 -0.12053
vn 0.36623 0.8603 -0.35461
vn 0.38884 0.91339 0.12053
vn 0.32236 0.75724 -0.56805
vn 0.25975 0.61016 -0.74849
vn 0.25973 0.61012 -0.74853
vn 0.18203 0.42759 -0.88545
vn -0.92009 0.39171 2E-05
vn -0.37834 -0.88875 0.25882
vn -0.37835 -0.88874 0.25882
vn -0.35499 -0.83389 0.42262
vn -0.35499 -0.83389 0.42262
vn 0.92011 -0.39166 -2E-05
vn 0.9201 -0.39169 0
vn 0.92008 -0.39173 2E-05
vn 0.92009 -0.3917 0
vn 0.9201 -0.39169 -0
vn -0.9201 0.3917 -0
vn -0.9201 0.39169 1E-05
vn -0.92009 0.3917 2E-05
vn -0.9201 0.39169 -4E-05
vn -0.92009 0.3917 3E-05
vn 0.9201 -0.39169 0
vn 0.9201 -0.39169 -0
vn 0.9201 -0.39169 0
vn 0.92009 -0.3917 -2E-05
vn 0.9201 -0.3917 -0
vn 0.9201 -0.3917 0
vn 0.92009 -0.3917 -1E-05
vn 0.92009 -0.3917 -0
vn 0.9201 -0.39169 -2E-05
vn -0.38884 -0.91339 -0.1205
vn -0.38884 -0.91339 0.12051
vn -0.38884 -0.91338 -0.12056
vn -0.32236 -0.75721 -0.56809
vn -0.9201 0.39169 2E-05
vn -0.92009 0.3917 -0
vn -0.9201 0.3917 4E-05
vn -0.9201 0.3917 -4E-05
vn 0.38884 0.91339 -0.12052
vn 0.38884 0.91338 -0.12054
vn 0.36625 0.8603 -0.3546
vn 0.36624 0.8603 -0.35461
vn 0.32236 0.75722 -0.56807
vn 0.32236 0.75722 -0.56806
vn 0.92009 -0.3917 0
vn 0.9201 -0.39169 -1E-05
vn 0.9201 -0.3917 -1E-05
vn -0.92009 0.39171 -5E-05
vn -0.9201 0.39169 -1E-05
vn -0.92008 0.39172 -1E-05
vn -0.9201 0.39169 0
vn -0.9201 0.39169 0
vn 0.92008 -0.39172 -3E-05
vn 0.9201 -0.39169 -0
vn 0.9201 -0.39168 1E-05
vn 0.92009 -0.39171 -0
vn 0.9201 -0.39168 2E-05
vn 0.9201 -0.39169 0
vn 0.92009 -0.3917 -1E-05
vn 0.9201 -0.39169 -0
vn 0.9201 -0.39169 -0
vn 0.9201 -0.39168 1E-05
vn 0.9201 -0.39168 -0
vn 0.9201 -0.39169 0
vn 0.9201 -0.39169 0
vn -0.92009 0.3917 -0
vn 0.18203 0.42759 -0.88546
vn -0.92012 0.39164 3E-05
vn -0.92008 0.39174 -2E-05
vn -0.92012 0.39164 2E-05
vn -0.92008 0.39173 -2E-05
vn -0.92011 0.39166 2E-05
vn -0.9201 0.39167 1E-05
vn 0.32236 0.75721 0.56808
vn 0.32236 0.75724 0.56804
vn 0.25974 0.61014 0.74851
vn 0.25973 0.61011 0.74854
vn 0.18203 0.4276 0.88545
vn 0.38885 0.91339 -0.12051
vn 0.38884 0.91338 0.12056
vn 0.38883 0.91339 -0.12056
vn -0.25974 -0.61013 0.74852
vn -0.25974 -0.61014 0.74851
vn 0 0 1
vn -0.32236 -0.75724 0.56804
vn -0.92009 0.3917 0
vn -0.92012 0.39165 -2E-05
vn -0.92008 0.39172 5E-05
vn -0.92009 0.3917 -0
vn -0.92008 0.39174 3E-05
vn -0.92011 0.39166 -3E-05
vn -0.92009 0.39171 2E-05
vn -0.32236 -0.75722 0.56806
vn -0.38883 -0.91339 0.12056
vn -0.38885 -0.91339 0.12051
vn -0.92009 0.39172 3E-05
vn -0.9201 0.39168 -4E-05
vn -0.9201 0.39168 -1E-05
vn -0.92009 0.3917 1E-05
vn 0.9201 -0.39169 -0
vn 0.9201 -0.39169 0
vn 0.9201 -0.39169 1E-05
vn -0.9201 0.39169 -1E-05
vn -0.32085 -0.7537 0.57358
vn 0.9201 -0.39169 0
vn 0.18203 0.4276 -0.88545
vn 0.09374 0.2202 -0.97094
vn 0.18203 0.4276 -0.88545
vn 0.09374 0.22019 -0.97094
vn 0.32236 0.75721 -0.56808
vn 0.25974 0.61013 -0.74851
vn 0.25973 0.61011 -0.74854
vn 0.32236 0.75724 -0.56804
vn -0.9201 0.39169 -1E-05
vn -0.92008 0.39173 2E-05
vn -0.92012 0.39165 -3E-05
vn 0.92009 -0.3917 -1E-05
vn -0.92009 0.39172 2E-05
vn -0.22467 -0.52774 0.81915
vn -0.9201 0.39169 -0
vn 0.9201 -0.39169 0
vn -0.27697 -0.6506 0.70711
vn 0.92011 -0.39167 1E-05
vn 0.92009 -0.39171 -0
vn 0.9201 -0.39168 2E-05
vn 0.92009 -0.3917 -0
vn 0.9201 -0.39169 0
vn 0.92009 -0.39171 4E-05
vn 0.9201 -0.39169 -1E-05
vn 0.9201 -0.39169 -0
vn 0.9201 -0.39169 -0
vn -0.9201 0.39169 1E-05
vn -0.92009 0.39171 -5E-05
vn -0 -0 -1
vn -0 0 -1
vn -0.18203 -0.42758 -0.88546
vn -0.25974 -0.61014 -0.74851
vn -0.18203 -0.4276 -0.88545
vn -0.32236 -0.75724 -0.56804
vn -0.25974 -0.61013 -0.74852
vn -0.32236 -0.75722 -0.56806
vn -0.92012 0.39164 -2E-05
vn -0.92008 0.39174 0
vn -0.92009 0.3917 -2E-05
vn -0.9201 0.39169 2E-05
vn -0.9201 0.39168 5E-05
vn -0.92009 0.39171 -5E-05
vn -0.16554 -0.38885 0.90631
vn 0.92009 -0.3917 -0
vn 0.9201 -0.39169 -0
vn -0.92009 0.3917 0
vn 0.9201 -0.39169 0
vn 0.9201 -0.39169 -0
vn -0.9201 0.39169 0
vn -0.9201 0.39169 -0
vn -0.92008 0.39173 4E-05
vn -0.9201 0.39168 -1E-05
vn 0.9201 -0.39168 0
vn 0.92009 -0.3917 -0
vn -0.10138 -0.23814 0.96593
vn -0.10138 -0.23814 0.96593
vn 0.9201 -0.39169 -0
vn 0.9201 -0.39169 0
vn -0 -0 -1
vn -0 -0 -1
vn -0 -0 -1
vn -0 -0 -1
vn 0.9201 -0.39169 0
vn 0.92011 -0.39167 -1E-05
vn 0.92008 -0.39172 2E-05
vn 0.9201 -0.39169 -0
vn 0.9201 -0.39168 -1E-05
vn 0.9201 -0.39168 -2E-05
vn 0.9201 -0.39169 -0
vn -0 -0 -1
vn 0.9201 -0.39169 0
vn 0 0 1
vn 0 0 1
vn 0 0 1
vn 0 0 1
vn -0 -0 -1
vn 0 0 1
vn 0 0 1
vn 0 0 1
vn -0 -0 -1
vn -0 -0 -1
vn 0 0 1
vn -0 -0 -1
vn 0 0 1
vn 0 0 1
vn -0.20032 0.97973 0
vn -0.20032 0.97973 -0
vn -0.42896 0.90332 -0
vn -0.42896 0.90332 0
vn -0.63267 0.77442 0
vn -0.92009 0.3917 0
vn -0.92009 0.3917 0
vn -0.63267 0.77442 0
vn -0.79963 0.60049 0
vn -0.79963 0.60049 0
vn 0.84503 0.53472 -0
vn 0.69251 0.72141 -0
vn 0.69251 0.72141 -0
vn 0.49974 0.86618 -0
vn 0.49974 0.86618 -0
vn 0.03996 0.9992 -0
vn 0.03996 0.9992 -0
vn 0.27794 0.9606 -0
vn 0.27794 0.9606 -0
vn 0.84503 0.53472 -0
vn -0 -0 -1
vn -0 -0 -1
vn -0 -0 -1
vn -0 -0 -1
vn -0 0 -1
vn 0 0 1
vn 0 0 1
vn 0 0 1
vn 0 0 1
vn -0.04386 -0.10302 -0.99371
vn -0.12937 -0.30389 -0.94388
vn -0.27697 -0.65061 -0.70711
vn -0.20839 -0.48951 -0.84673
vn -0.20839 -0.48952 -0.84673
vn -0.27698 -0.65062 -0.70709
vn -0.36971 -0.86846 -0.33029
vn -0.33166 -0.77907 -0.53203
vn -0.36971 -0.86846 -0.33028
vn -0.38923 -0.91431 -0.112
vn -0.33166 -0.77907 -0.53202
vn -0.38923 -0.91431 -0.11198
vn 0.2084 0.48953 0.84672
vn 0.04385 0.10301 0.99371
vn 0.12937 0.30389 0.94388
vn 0.04385 0.10302 0.99371
vn 0.27696 0.65059 0.70712
vn 0.2084 0.48953 0.84672
vn 0.27697 0.6506 0.70712
vn 0.33166 0.77907 0.53203
vn 0.36971 0.86846 0.33029
vn 0.38923 0.91431 0.11192
vn 0.36971 0.86846 0.33028
vn 0.38923 0.91431 0.11197
vn -0 -0 -1
vn 0 0 1
vn -0.39169 -0.9201 0
vn 0.39169 0.9201 -0
vn 0.39169 0.9201 -0
vn -0.39169 -0.9201 0
vn 0 0 1
vn 0 0 1
vn 0 0 1
vn -0 -0 -1
vn -0 -0 -1
vn -0 -0 -1
vn 0 0 1
vn 0 0 1
vn 0 0 1
vn -0 -0 -1
vn -0 -0 -1
vn -0 -0 -1
vn -0 -0 -1
vn -0 -0 -1
vn 0 0 1
vn 0 0 1
vn -0.39169 -0.9201 1E-05
vn -0.39169 -0.9201 -0
vn -0.39169 -0.9201 -1E-05
vn -0.39169 -0.9201 -1E-05
vn -0.39169 -0.9201 0
vn -0.39169 -0.9201 0
vn -0.39169 -0.9201 0
vn -0.39169 -0.9201 1E-05
vn 0.39169 0.9201 -1E-05
vn 0.39169 0.9201 1E-05
vn 0.39169 0.9201 2E-05
vn 0.39169 0.9201 -0
vn 0.39169 0.9201 -0
vn 0.39169 0.9201 0
vn 0.39169 0.9201 -2E-05
vn 0.39169 0.9201 -0
vn 0.39169 0.9201 -0
vn 0.39171 0.92009 -0
vn 0.39171 0.92009 -0
vn -0.39169 -0.9201 0
vn 0.95073 -0.31001 -0
vn 0.99012 -0.14021 -0
vn 0.99012 -0.14021 -0
vn 0.95073 -0.31001 -0
vn -0 -0 -1
vn -0 -0 -1
vn -0 -0 -1
vn -0 -0 -1
vn -0 -0 -1
vn -0 -0 -1
vn 0 0 1
vn 0 0 1
vn 0 0 1
vn 0 0 1
vn 0 0 1
vn 0 0 1
vn -0 -0 -1
vn -0 -0 -1
vn 0 0 1
vn 0 0 1
vn 0 0 1
vn -0 -0 -1
vn -0 -0 -1
vn 0 0 1
vn -0 -0 -1
vn 0 0 1
vn -0 -0 -1
vn -0 -0 -1
vn -0 -0 -1
vn 0 0 1
vn 0 0 1
vn 0 0 1
vn -0.63267 0.77442 0
vn -0.79962 0.60051 0
vn -0.79962 0.60051 0
vn -0.20032 0.97973 -0
vn -0.42897 0.90332 -0
vn -0.42897 0.90332 -0
vn -0.20032 0.97973 -0
vn -0.9871 0.16012 0
vn -0.9871 0.16012 0
vn -0.99673 -0.08078 0
vn -0.99673 -0.08078 0
vn -0.92009 0.39171 0
vn -0.92009 0.39171 0
vn -0.49972 -0.86619 0
vn -0.94845 -0.31694 0
vn -0.49972 -0.86619 0
vn -0.69252 -0.7214 0
vn -0.84503 -0.53472 0
vn -0.69252 -0.7214 0
vn -0.84503 -0.53472 0
vn -0.94845 -0.31694 0
vn -0.03996 -0.9992 0
vn -0.27794 -0.9606 0
vn -0.03996 -0.9992 0
vn -0.27794 -0.9606 0
vn 0.03997 0.9992 -0
vn 0.03997 0.9992 -0
vn 0.27793 0.9606 -0
vn 0.27793 0.9606 -0
vn 0.94844 0.31697 -0
vn 0.49974 0.86618 -0
vn 0.49974 0.86618 -0
vn 0.69252 0.7214 -0
vn 0.94844 0.31697 -0
vn 0.84503 0.53472 -0
vn 0.69252 0.7214 -0
vn 0.9201 -0.39168 -0
vn 0.99673 0.08074 -0
vn 0.99673 0.08074 -0
vn 0.9201 -0.39168 -0
vn 0.9871 -0.16012 -0
vn 0.9871 -0.16012 -0
vn 0.42896 -0.90332 0
vn 0.42896 -0.90332 -0
vn 0.20032 -0.97973 0
vn 0.20032 -0.97973 0
vn 0.63267 -0.77442 -0
vn 0.63267 -0.77442 -0
vn 0.79962 -0.60051 -0
vn 0.79962 -0.60051 -0
vn -0 -0 -1
vn 0.97836 0.20689 -0
vn 0 0 1
vn 0.99943 0.03385 -0
vn 0.99943 0.03385 -0
vn 0.97836 0.20689 -0
vn -0 -0 -1
vn -0 -0 -1
vn -0 -0 -1
vn 0 0 1
vn 0 0 1
vn 0 0 1
vn 0 0 1
vn 0 0 1
vn -0.99673 -0.08078 0
vn -0 -0 -1
vn -0 -0 -1
vn 0 0 1
vn 0 0 1
vn -0 -0 -1
vn -0 -0 -1
vn -0 -0 -1
vn -0 -0 -1
vn -0 -0 -1
vn -0 -0 -1
vn -0 -0 -1
vn -0 -0 -1
vn -0 -0 -1
vn 0 0 1
vn 0 0 1
vn 0 0 1
vn 0 0 1
vn 0 0 1
vn 0 0 1
vn 0 0 1
vn -0 -0 -1
vn -0 -0 -1
vn 0 0 1
vn 0 0 1
vn 0 0 1
vn -0 -0 -1
vn -0 -0 -1
vn 0 0 1
vn 0 0 1
vn -0 -0 -1
vn -0.63268 0.77442 0
vn -0.42894 0.90333 -0
vn -0.42894 0.90333 0
vn -0.63268 0.77442 0
vn -0.9871 0.16012 0
vn -0.9201 0.39168 0
vn -0.9201 0.39168 0
vn 0.49974 0.86618 -0
vn 0.49974 0.86618 -0
vn -0.20032 0.97973 -0
vn 0.27793 0.9606 -0
vn -0 -0 -1
vn -0 -0 -1
vn -0 -0 -1
vn -0 -0 -1
vn -0 -0 -1
vn -0 -0 -1
vn 0 0 1
vn 0 0 1
vn 0 0 1
vn 0 0 1
vn 0 0 1
vn 0 0 1
vn -0 -0 -1
vn -0 -0 -1
vn -0 -0 -1
vn 0.69252 0.7214 -0
vn 0.94844 0.31697 -0
vn 0.84503 0.53472 -0
vn 0.99673 0.08074 -0
vn 0 0 1
vn 0 0 1
vn 0 0 1
vn -0 -0 -1
vn -0 -0 -1
vn -0 -0 -1
vn -0 -0 -1
vn -0 -0 -1
vn -0 -0 -1
vn -0 -0 -1
vn -0 -0 -1
vn -0 -0 -1
vn -0 -0 -1
vn -0 -0 -1
vn 0 0 1
vn 0 0 1
vn 0 0 1
vn 0 0 1
vn 0 0 1
vn 0 0 1
vn 0 0 1
vn 0 0 1
vn 0 0 1
vn 0 0 1
vn 0 0 1
vn -0.99673 -0.08074 0
vn -0.94844 -0.31697 0
vn -0.94844 -0.31697 0
vn -0.99673 -0.08074 0
vn -0.2779 -0.96061 0
vn -0.69251 -0.72141 0
vn -0.84504 -0.53471 0
vn -0.49976 -0.86617 0
vn -0.2779 -0.96061 0
vn -0.84504 -0.53471 0
vn -0.49976 -0.86617 0
vn -0.69251 -0.72141 0
vn 0.63269 -0.77441 -0
vn 0.42897 -0.90332 0
vn -0.04 -0.9992 0
vn -0.04 -0.9992 0
vn 0.20032 -0.97973 0
vn 0.20032 -0.97973 -0
vn 0.63269 -0.77441 -0
vn 0.42897 -0.90332 0
vn 0 0 1
vn -0 -0 -1
vn -0 -0 -1
vn -0 -0 -1
vn -0 -0 -1
vn -0 -0 -1
vn -0 -0 -1
vn 0 0 1
vn -0.79962 0.60051 0
vn -0.79962 0.60051 0
vn 0 0 1
vn 0 0 1
vn 0 0 1
vn 0 0 1
vn -0 -0 -1
vn -0 -0 -1
vn -0 -0 -1
vn -0 -0 -1
vn -0 -0 -1
vn -0 -0 -1
vn 0 0 1
vn 0 0 1
vn 0 0 1
vn -0.63267 0.77442 0
vn -0.63267 0.77442 0
vn 0 0 1
vn 0 0 1
vn 0 0 1
vn -0.42896 0.90332 0
vn -0.42896 0.90332 -0
vn 0.92009 -0.3917 -0
vn 0.92009 -0.3917 -0
vn 0.7996 -0.60053 -0
vn 0.9871 -0.16011 -0
vn 0.9871 -0.16011 -0
vn 0.99673 0.08077 -0
vn 0.7996 -0.60053 -0
vn 0.99673 0.08077 -0
vn 0.94845 0.31693 -0
vn 0.94845 0.31693 -0
vn -0 -0 -1
vn -0 -0 -1
vn -0 -0 -1
vn -0 -0 -1
vn -0 -0 -1
vn -0 -0 -1
vn -0 -0 -1
vn -0 -0 -1
vn 0 0 1
vn 0 0 1
vn 0 0 1
vn 0 0 1
vn 0 0 1
vn 0 0 1
vn 0 0 1
vn 0 0 1
vn -0 -0 -1
vn -0 -0 -1
vn -0 -0 -1
vn -0 -0 -1
vn -0 -0 -1
vn -0.20032 0.97973 0
vn 0 0 1
vn 0 0 1
vn 0 0 1
vn 0 0 1
vn 0 0 1
vn -0 -0 -1
vn -0 -0 -1
vn -0 -0 -1
vn 0 0 1
vn -0 -0 -1
vn 0 0 1
vn -0 -0 -1
vn 0 0 1
vn 0 0 1
vn 0 0 1
vn -0 -0 -1
vn 0 0 1
vn 0.03997 0.9992 -0
vn 0.27793 0.9606 -0
vn 0.03997 0.9992 -0
vn 0.27793 0.9606 -0
vn -0 -0 -1
vn -0.9201 0.39169 0
vn -0.9201 0.39169 0
vn -0.9871 0.16012 0
vn -0.9871 0.16012 0
vn 0 0 1
vn -0.99673 -0.08077 0
vn -0.94844 -0.31694 0
vn -0.94844 -0.31694 0
vn -0.99673 -0.08077 0
vn -0.84503 -0.53472 0
vn -0.84503 -0.53472 0
vn 0 0 1
vn 0 0 1
vn 0.92758 0.37364 -0
vn -0 -0 -1
vn -0 -0 -1
vn 0.92758 0.37364 -0
vn 0.8486 0.52903 -0
vn 0.8486 0.52903 -0
vn 0 0 1
vn -0 -0 -1
vn 0 0 1
vn -0 -0 -1
vn 0 0 1
vn 0 0 1
vn -0 -0 -1
vn -0 -0 -1
vn 0 0 1
vn -0 -0 -1
vn 0 0 1
vn 0 0 1
vn -0 -0 -1
vn -0 -0 -1
vn -0.03996 -0.9992 0
vn -0.27794 -0.9606 0
vn -0.49974 -0.86618 0
vn -0.49974 -0.86618 0
vn -0.27794 -0.9606 0
vn 0.63267 -0.77442 -0
vn 0.79963 -0.60049 -0
vn 0.42896 -0.90332 0
vn 0.79963 -0.60049 -0
vn 0.9871 -0.16012 -0
vn 0 0 1
vn 0.92009 -0.3917 -0
vn 0 0 1
vn -0 -0 -1
vn -0 -0 -1
vn 0.9871 -0.16012 -0
vn -0 -0 -1
vn 0 0 1
vn 0 0 1
vn -0 -0 -1
vn 0 0 1
vn -0 -0 -1
vn 0 0 1
vn 0 0 1
vn 0 0 1
vn -0 -0 -1
vn -0 -0 -1
vn 0 0 1
vn -0 -0 -1
vn -0 -0 -1
vn -0 -0 -1
vn -0 -0 -1
vn -0 -0 -1
vn 0 0 1
vn 0 0 1
vn 0 0 1
vn -0.9871 0.16012 0
vn -0.92009 0.3917 0
vn 0.74384 0.66835 -0
vn 0.74384 0.66835 -0
vn 0.61649 0.78737 -0
vn 0.61649 0.78737 -0
vn 0 0 1
vn 0 0 1
vn -0 -0 -1
vn -0 -0 -1
vn 0 0 1
vn -0 -0 -1
vn 0 0 1
vn -0 -0 -1
vn 0 0 1
vn -0 -0 -1
vn -0.84504 -0.53471 0
vn -0.69251 -0.72141 0
vn -0.99673 -0.08074 0
vn -0.94844 -0.31697 0
vn -0.94844 -0.31697 0
vn -0.84504 -0.53471 0
vn 0 0 1
vn 0 0 1
vn 0 0 1
vn 0.4704 0.88245 -0
vn 0 0 1
vn 0.4704 0.88245 -0
vn -0 -0 -1
vn -0 -0 -1
vn -0 -0 -1
vn -0 -0 -1
vn 0.31001 0.95073 -0
vn 0.31001 0.95073 -0
vn -0.69251 -0.72141 0
vn -0.69251 -0.72141 0
vn -0 -0 -1
vn -0 -0 -1
vn -0 -0 -1
vn -0 -0 -1
vn -0 -0 -1
vn -0 -0 -1
vn 0 0 1
vn 0 0 1
vn 0 0 1
vn 0 0 1
vn 0 0 1
vn 0 0 1
vn -0.27793 -0.9606 0
vn -0 -0 -1
vn -0.27793 -0.9606 0
vn -0.49974 -0.86617 0
vn -0.49974 -0.86617 0
vn 0 0 1
vn -0.42896 0.90332 -0
vn -0.63267 0.77442 0
vn -0.42896 0.90332 0
vn 0.69251 0.72141 -0
vn 0.49976 0.86617 -0
vn 0.49976 0.86617 -0
vn -0 -0 -1
vn 0 0 1
vn 0 0 1
vn 0 0 1
vn 0 0 1
vn -0 -0 -1
vn -0 -0 -1
vn -0 -0 -1
vn 0.94845 0.31693 -0
vn 0.99673 0.08077 -0
vn 0.9871 -0.16011 -0
vn 0.92009 -0.3917 -0
vn 0.20032 -0.97973 0
vn 0.20032 -0.97973 0
vn -0.03997 -0.9992 0
vn -0.03997 -0.9992 0
vn 0.42896 -0.90332 0
vn 0.63268 -0.77441 -0
vn 0.63268 -0.77441 -0
vn 0.42896 -0.90332 0
vn -0 -0 -1
vn -0 -0 -1
vn -0 -0 -1
vn -0 -0 -1
vn -0 -0 -1
vn 0 0 1
vn 0 0 1
vn 0 0 1
vn 0 0 1
vn 0 0 1
vn -0 -0 -1
vn 0 0 1
vn -0 -0 -1
vn 0 0 1
vn -0 -0 -1
vn 0 0 1
vn 0 0 1
vn 0 0 1
vn 0 0 1
vn -0 -0 -1
vn -0 -0 -1
vn 0 0 1
vn -0 -0 -1
vn -0 -0 -1
vn 0 0 1
vn -0 -0 -1
vn -0.92009 0.3917 0
vn -0.79963 0.60049 0
vn -0.79963 0.60049 0
vn -0.27793 -0.9606 0
vn -0.27793 -0.9606 0
vn -0.03997 -0.9992 0
vn -0.03997 -0.9992 0
vn -0.49974 -0.86618 0
vn -0.49974 -0.86618 0
vn 0.63269 -0.77441 -0
vn 0.79962 -0.60051 -0
vn 0.79962 -0.60051 -0
vn 0.20032 -0.97973 -0
vn 0.42894 -0.90334 -0
vn 0.42894 -0.90334 0
vn 0.20032 -0.97973 0
vn -0 -0 -1
vn -0 -0 -1
vn -0 -0 -1
vn 0 0 1
vn -0 -0 -1
vn 0 0 1
vn 0 0 1
vn 0 0 1
vn 0.14021 0.99012 -0
vn -0.03385 0.99943 -0
vn -0.03385 0.99943 0
vn 0 0 1
vn -0 -0 -1
vn 0 0 1
vn 0 0 1
vn -0 -0 -1
vn -0 -0 -1
vn -0 -0 -1
vn 0 0 1
vn -0 -0 -1
vn 0 0 1
vn -0 -0 -1
vn 0 0 1
vn -0.2779 -0.96061 0
vn 0.42897 -0.90332 -0
vn 0.42897 -0.90332 0
vn -0.04 -0.9992 0
vn -0.04 -0.9992 0
vn 0 0 1
vn 0 0 1
vn 0 0 1
vn -0 -0 -1
vn -0 -0 -1
vn -0 -0 -1
vn -0.20689 0.97836 -0
vn -0 -0 -1
vn 0 0 1
vn -0.20689 0.97836 -0
vn 0 0 1
vn -0 -0 -1
vn -0 -0 -1
vn 0 0 1
vn 0 0 1
vn -0 -0 -1
vn -0.42897 0.90332 0
vn -0.9871 0.16012 0
vn -0.92009 0.3917 0
vn -0.27792 -0.96061 0
vn -0.27792 -0.96061 0
vn -0.69251 -0.72141 0
vn -0.49976 -0.86617 0
vn 0.03996 0.9992 -0
vn 0.27794 0.9606 -0
vn 0.27794 0.9606 -0
vn 0.69249 0.72143 -0
vn 0.69249 0.72143 -0
vn 0.49976 0.86617 -0
vn 0.98709 -0.16014 -0
vn 0.98709 -0.16014 -0
vn 0.42897 -0.90332 -0
vn -0 -0 -1
vn 0.20032 -0.97973 0
vn -0.03999 -0.9992 0
vn -0.03999 -0.9992 0
vn 0 0 1
vn -0 -0 -1
vn -0 -0 -1
vn -0 -0 -1
vn -0 -0 -1
vn -0 -0 -1
vn 0 0 1
vn 0 0 1
vn 0 0 1
vn 0 0 1
vn 0 0 1
vn 0.49975 0.86617 -0
vn 0.49975 0.86617 -0
vn -0 -0 -1
vn -0 -0 -1
vn -0 -0 -1
vn -0 -0 -1
vn -0 -0 -1
vn -0 -0 -1
vn -0 -0 -1
vn -0 -0 -1
vn -0 -0 -1
vn -0 -0 -1
vn 0 0 1
vn 0 0 1
vn 0 0 1
vn 0 0 1
vn 0 0 1
vn 0 0 1
vn 0 0 1
vn 0 0 1
vn 0 0 1
vn 0 0 1
vn -0 -0 -1
vn -0 -0 -1
vn -0 -0 -1
vn 0 0 1
vn 0 0 1
vn -0.20032 0.97973 0
vn -0.42894 0.90333 -0
vn 0.03997 0.9992 -0
vn 0.03997 0.9992 -0
vn 0.69251 0.72141 -0
vn 0.69251 0.72141 -0
vn 0.94844 0.31695 -0
vn 0.94844 0.31695 -0
vn 0.84503 0.53472 -0
vn 0.84503 0.53472 -0
vn -0 -0 -1
vn -0 -0 -1
vn -0 -0 -1
vn 0 0 1
vn 0 0 1
vn 0 0 1
vn 0 0 1
vn -0 -0 -1
vn -0 -0 -1
vn 0 0 1
vn -0 -0 -1
vn 0 0 1
vn -0 -0 -1
vn 0 0 1
vn 0.99673 0.08076 -0
vn 0.99673 0.08076 -0
vn 0 0 1
vn -0 -0 -1
vn -0 -0 -1
vn 0 0 1
vn -0 -0 -1
vn 0.9871 -0.16012 -0
vn 0 0 1
vn 0 0 1
vn 0 0 1
vn -0 -0 -1
vn 0.9871 -0.16012 -0
vn -0 -0 -1
vn -0.63268 0.77442 0
vn -0.9201 0.39168 0
vn -0.84503 -0.53472 0
vn -0.84503 -0.53472 0
vn -0.94845 -0.31694 0
vn 0.49974 0.86618 -0
vn 0.27793 0.9606 -0
vn 0.94844 0.31697 -0
vn 0.99673 0.08074 -0
vn 0.42896 -0.90332 -0
vn 0.79963 -0.60049 -0
vn -0.03996 -0.9992 0
vn 0.20032 -0.97973 -0
vn 0.20032 -0.97973 0
vn -0 -0 -1
vn -0 -0 -1
vn -0 -0 -1
vn -0 -0 -1
vn -0 -0 -1
vn -0 -0 -1
vn -0 -0 -1
vn -0 -0 -1
vn -0 -0 -1
vn -0 -0 -1
vn -0 -0 -1
vn 0 0 1
vn 0 0 1
vn 0 0 1
vn 0 0 1
vn 0 0 1
vn 0 0 1
vn 0 0 1
vn 0 0 1
vn 0 0 1
vn 0 0 1
vn 0 0 1
vn -0.9201 0.39169 0
vn -0 -0 -1
vn -0.9201 0.39169 -0
vn 0 0 1
vn 0 0 1
vn -0 -0 -1
vn -0 -0 -1
vn 0.92009 -0.3917 -0
vn 0.92009 -0.3917 -0
vn 0 0 1
vn 0.79962 -0.6005 -0
vn 0.79962 -0.6005 -0
vn 0 0 1
vn -0 -0 -1
vn -0 -0 -1
vn -0 -0 -1
vn -0 -0 -1
vn -0 -0 -1
vn 0 0 1
vn -0.79962 0.60051 0
vn 0 0 1
vn 0 0 1
vn 0 0 1
vn 0 0 1
vn -0.94845 -0.31693 0
vn -0.94845 -0.31693 0
vn -0.99673 -0.08077 0
vn -0.99673 -0.08077 0
vn -0.9871 0.16011 0
vn -0.9871 0.16011 0
vn 0 0 1
vn 0.27794 0.9606 -0
vn -0 -0 -1
vn -0 -0 -1
vn -0 -0 -1
vn -0 -0 -1
vn -0 -0 -1
vn -0 -0 -1
vn -0 -0 -1
vn -0 -0 -1
vn -0 -0 -1
vn 0 0 1
vn 0 0 1
vn 0 0 1
vn 0 0 1
vn 0 0 1
vn 0 0 1
vn 0 0 1
vn 0 0 1
vn 0.04 0.9992 -0
vn 0.04 0.9992 -0
vn -0.63268 0.77442 0
vn -0.42897 0.90332 0
vn -0.63268 0.77442 0
vn 0.84504 0.53471 -0
vn 0.84504 0.53471 -0
vn 0.2779 0.96061 -0
vn 0.49976 0.86617 -0
vn 0.2779 0.96061 -0
vn 0.69251 0.72141 -0
vn -0 -0 -1
vn -0 -0 -1
vn -0 -0 -1
vn 0 0 1
vn 0 0 1
vn 0 0 1
vn -0.49974 -0.86618 0
vn -0.49974 -0.86618 0
vn 0.63267 -0.77442 -0
vn 0.79963 -0.60049 -0
vn -0 -0 -1
vn -0 -0 -1
vn -0 -0 -1
vn -0 -0 -1
vn -0 -0 -1
vn 0 0 1
vn 0 0 1
vn 0 0 1
vn 0 0 1
vn 0 0 1
vn 0.92009 -0.3917 -0
vn -0 -0 -1
vn 0 0 1
vn -0 -0 -1
vn 0 0 1
vn 0 0 1
vn -0 -0 -1
vn 0.94845 0.31693 -0
vn 0.63269 -0.77441 -0
vn 0.92008 -0.39172 -0
vn 0.92008 -0.39172 -0
vn 0.79962 -0.60051 -0
vn 0.63269 -0.77441 -0
vn -0 -0 -1
vn 0 0 1
vn -0 -0 -1
vn -0 -0 -1
vn -0 -0 -1
vn 0 0 1
vn 0 0 1
vn 0 0 1
vn -0 -0 -1
vn 0 0 1
vn -0 -0 -1
vn -0 -0 -1
vn -0 -0 -1
vn -0.37364 0.92758 -0
vn -0.37364 0.92758 -0
vn 0 0 1
vn 0 0 1
vn -0 -0 -1
vn 0 0 1
vn 0 0 1
vn -0.52903 0.8486 0
vn -0 -0 -1
vn -0.52903 0.8486 0
vn 0 0 1
vn 0 0 1
vn 0 0 1
vn 0 0 1
vn -0.66835 0.74384 0
vn -0.66835 0.74384 0
vn -0 -0 -1
vn -0 -0 -1
vn -0 -0 -1
vn -0.78737 0.61648 0
vn -0.78737 0.61648 0
vn -0.88245 0.4704 0
vn -0.88245 0.4704 0
vn 0.3917 0.92009 -0
vn -0.39169 -0.9201 0
vn -0.39169 -0.9201 -1E-05
vn -0.39169 -0.9201 -1E-05
vn -0.39169 -0.9201 -0
vn -0.39169 -0.9201 -0
vn -0.39169 -0.9201 -0
vn -0.39169 -0.9201 0
vn -0.39169 -0.9201 1E-05
vn 0.39169 0.9201 2E-05
vn 0.39169 0.9201 -2E-05
vn 0.39169 0.9201 1E-05
vn 0.39169 0.9201 0
vn 0.39169 0.9201 -1E-05
vn 0.39169 0.9201 0
vn 0.9201 -0.39169 -0
vn -0 0 1
vn 0 0 1
vn 0 0 1
vn 0 0 1
vn 0.9201 -0.39168 1E-05
vn 0.9201 -0.39169 0
vn 0.92008 -0.39172 -2E-05
vn 0.92011 -0.39167 1E-05
vn 0.9201 -0.39168 2E-05
vn 0 0 1
vn 0.9201 -0.39169 -0
vn 0.9201 -0.39169 -0
vn 0 -0 -1
vn -0 -0 -1
vn -0 -0 -1
vn -0 -0 -1
vn -0 -0 -1
vn -0 -0 -1
vn -0 -0 -1
vn 0 0 1
vn -0 -0 -1
vn -0 0 1
vn 0 0 1
vn 0 0 1
vn -0 -0 -1
vn 0 -0 -1
vn -0.20032 0.97973 -0
vn -0.20032 0.97973 -0
vn 0.49974 0.86618 -0
vn 0 0 1
vn 0 -0 1
vn 0 -0 1
vn -0 -0 -1
vn -0 0 -1
vn -0 -0 -1
vn -0 -0 -1
vn 0 0 1
vn 0 0 1
vn -0.39169 -0.9201 0
vn -0.39169 -0.9201 0
vn 0.39169 0.9201 -0
vn 0.39169 0.9201 -0
vn 0.38923 0.91431 -0.11192
vn 0.38923 0.91431 -0.11197
vn 0.36971 0.86846 -0.33029
vn 0.36971 0.86846 -0.33028
vn 0.33166 0.77907 -0.53203
vn 0.27696 0.65059 -0.70713
vn 0.27696 0.65059 -0.70712
vn 0.2084 0.48953 -0.84672
vn 0.2084 0.48953 -0.84672
vn 0.12937 0.30389 -0.94388
vn 0.04386 0.10302 -0.99371
vn 0.04386 0.10302 -0.99371
vn -0.38923 -0.91431 0.11198
vn -0.36971 -0.86846 0.33029
vn -0.36971 -0.86846 0.33028
vn -0.38923 -0.91431 0.112
vn -0.33166 -0.77907 0.53203
vn -0.33166 -0.77907 0.53203
vn -0.20839 -0.48951 0.84673
vn -0.27697 -0.6506 0.70711
vn -0.27697 -0.65062 0.7071
vn -0.04386 -0.10303 0.99371
vn -0.12937 -0.30389 0.94388
vn -0.20839 -0.48951 0.84673
vn -0 -0 -1
vn 0 0 1
vn -0 -0 -1
vn -0 -0 -1
vn -0 -0 -1
vn 0 0 1
vn 0 0 1
vn 0 0 1
vn -0 0 -1
vn -0 -0 -1
vn -0 -0 -1
vn -0 -0 -1
vn -0 -0 -1
vn 0 0 1
vn 0 0 1
vn 0 0 1
vn 0 0 1
vn 0 0 1
vn 0.99012 -0.14021 -0
vn -0 0 -1
vn -0 0 -1
vn -0 -0 -1
vn -0 -0 -1
vn -0 -0 -1
vn -0 0 -1
vn 0 -0 1
vn 0 -0 1
vn 0 0 1
vn 0 0 1
vn 0 0 1
vn 0 -0 1
vn 0 0 1
vn -0 -0 -1
vn -0 -0 -1
vn 0 0 1
vn 0 0 1
vn -0 0 -1
vn 0 -0 1
vn -0 -0 -1
vn -0 -0 -1
vn 0 0 1
vn 0 0 1
vn -0 -0 -1
vn 0 -0 1
vn -0 0 -1
vn -0 -0 -1
vn 0 0 1
vn -0.63267 0.77442 0
vn -0.20032 0.97973 0
vn -0.92009 0.39171 0
vn -0.99673 -0.08078 0
vn -0.69252 -0.7214 0
vn -0.49972 -0.86619 0
vn -0.69252 -0.7214 0
vn -0.49972 -0.86619 0
vn -0.27794 -0.9606 0
vn 0.9871 -0.16012 -0
vn 0.9201 -0.39168 -0
vn 0.9201 -0.39168 -0
vn -0 -0 -1
vn 0.99943 0.03385 -0
vn 0.97836 0.20689 -0
vn 0 0 1
vn 0 0 1
vn -0 -0 -1
vn -0 -0 -1
vn -0 -0 -1
vn 0 0 1
vn 0 0 1
vn 0 0 1
vn -0 0 -1
vn -0 -0 -1
vn 0 -0 1
vn -0 -0 -1
vn -0.99673 -0.08078 0
vn 0 -0 1
vn -0 0 -1
vn 0 0 1
vn -0 -0 -1
vn -0 -0 -1
vn -0 -0 -1
vn 0 -0 -1
vn -0 -0 -1
vn 0 -0 -1
vn -0 -0 -1
vn 0 0 1
vn 0 0 1
vn 0 0 1
vn -0 0 1
vn -0 0 1
vn 0 0 1
vn 0 0 1
vn -0 -0 -1
vn -0 -0 -1
vn -0 0 -1
vn -0 -0 -1
vn -0 -0 -1
vn 0 0 1
vn 0 0 1
vn 0 -0 1
vn 0 0 1
vn 0 0 1
vn -0.9201 0.39168 0
vn -0 -0 -1
vn -0 0 -1
vn -0 -0 -1
vn -0 -0 -1
vn -0 -0 -1
vn -0 0 -1
vn 0 0 1
vn 0 -0 1
vn 0 0 1
vn 0 0 1
vn 0 0 1
vn 0 -0 1
vn -0 -0 -1
vn -0 -0 -1
vn -0 -0 -1
vn 0 0 1
vn 0 0 1
vn 0 0 1
vn -0 0 -1
vn -0 0 -1
vn -0 -0 -1
vn -0 0 -1
vn 0 -0 -1
vn -0 -0 -1
vn -0 0 -1
vn -0 0 -1
vn -0 0 -1
vn -0 -0 -1
vn -0 -0 -1
vn -0 0 1
vn 0 0 1
vn 0 -0 1
vn 0 -0 1
vn 0 -0 1
vn 0 0 1
vn 0 0 1
vn 0 0 1
vn 0 -0 1
vn 0 -0 1
vn 0 -0 1
vn -0.49976 -0.86617 0
vn -0.2779 -0.96061 0
vn 0 0 1
vn -0 -0 -1
vn -0 -0 -1
vn -0 -0 -1
vn -0 -0 -1
vn -0 -0 -1
vn -0.79962 0.60051 0
vn 0 -0 1
vn 0 0 1
vn 0 0 1
vn 0 0 1
vn 0 0 1
vn -0 -0 -1
vn -0 -0 -1
vn -0 -0 -1
vn -0 -0 -1
vn 0 -0 -1
vn -0 -0 -1
vn -0 0 1
vn 0 0 1
vn -0.42896 0.90332 -0
vn -0.63267 0.77442 0
vn 0 0 1
vn 0 0 1
vn 0 0 1
vn 0 0 1
vn 0.99673 0.08077 -0
vn 0.7996 -0.60053 -0
vn 0.7996 -0.60053 -0
vn -0 0 -1
vn -0 -0 -1
vn -0 -0 -1
vn -0 -0 -1
vn -0 -0 -1
vn -0 -0 -1
vn -0 -0 -1
vn 0 0 1
vn 0 0 1
vn 0 0 1
vn 0 -0 1
vn 0 0 1
vn 0 0 1
vn 0 0 1
vn -0 -0 -1
vn -0 -0 -1
vn -0 -0 -1
vn -0 0 -1
vn 0 0 1
vn 0 0 1
vn 0 0 1
vn 0 -0 1
vn 0 0 1
vn -0 -0 -1
vn 0 0 1
vn -0 -0 -1
vn 0 0 1
vn 0 -0 1
vn -0 -0 -1
vn 0 0 1
vn -0 -0 -1
vn -0 0 -1
vn -0 -0 -1
vn 0.27793 0.9606 -0
vn 0 0 1
vn -0.9201 0.39169 0
vn -0.9871 0.16012 0
vn -0.9201 0.39169 0
vn 0 0 1
vn -0.9871 0.16012 0
vn -0 0 -1
vn -0 -0 -1
vn -0.84503 -0.53472 0
vn -0.94844 -0.31694 0
vn -0.99673 -0.08077 0
vn -0 -0 -1
vn -0 -0 -1
vn 0 0 1
vn 0 0 1
vn 0.92758 0.37364 -0
vn 0.92758 0.37364 -0
vn 0.8486 0.52903 -0
vn 0.8486 0.52903 -0
vn -0 0 -1
vn 0 -0 1
vn 0 0 1
vn -0 -0 -1
vn 0 0 1
vn -0 -0 -1
vn -0 0 -1
vn 0 0 1
vn 0 -0 1
vn 0 0 1
vn 0 0 1
vn -0 -0 -1
vn -0 -0 -1
vn -0 -0 -1
vn -0.49974 -0.86618 0
vn -0 -0 -1
vn 0 -0 1
vn 0 0 1
vn -0 0 -1
vn 0 0 1
vn 0 -0 1
vn -0 -0 -1
vn -0 0 -1
vn -0 0 -1
vn -0 0 -1
vn -0 -0 -1
vn 0 0 1
vn -0 -0 -1
vn -0 -0 -1
vn 0 0 1
vn 0 0 1
vn 0 -0 1
vn 0 -0 1
vn -0 -0 -1
vn 0 0 1
vn 0.61649 0.78737 -0
vn 0.61649 0.78737 -0
vn 0.74384 0.66835 -0
vn 0.74384 0.66835 -0
vn -0 0 -1
vn 0 0 1
vn -0 0 1
vn 0 0 1
vn -0 -0 -1
vn -0 -0 -1
vn 0 -0 -1
vn 0 -0 1
vn -0 -0 -1
vn 0 0 1
vn -0 -0 -1
vn 0 0 1
vn 0 0 1
vn -0 -0 -1
vn 0 0 1
vn 0 0 1
vn -0 -0 -1
vn -0 -0 -1
vn 0.4704 0.88245 -0
vn 0.4704 0.88245 -0
vn 0.31001 0.95073 -0
vn 0.31001 0.95073 -0
vn -0.69251 -0.72141 0
vn 0 -0 -1
vn -0 -0 -1
vn -0 -0 -1
vn -0 -0 -1
vn -0 -0 -1
vn -0 -0 -1
vn 0 0 1
vn -0 0 1
vn 0 0 1
vn 0 0 1
vn 0 0 1
vn 0 0 1
vn -0 -0 -1
vn 0 0 1
vn -0.49974 -0.86617 0
vn 0.03997 0.9992 -0
vn 0.69251 0.72141 -0
vn -0 -0 -1
vn 0 0 1
vn -0 -0 -1
vn 0 0 1
vn -0 -0 -1
vn 0 0 1
vn -0 -0 -1
vn -0 -0 -1
vn -0 -0 -1
vn -0 -0 -1
vn 0 -0 -1
vn 0 0 1
vn -0 0 1
vn 0 0 1
vn 0 0 1
vn 0 0 1
vn -0 -0 -1
vn 0 0 1
vn 0 0 1
vn -0 -0 -1
vn 0 0 1
vn -0 -0 -1
vn -0 -0 -1
vn 0 0 1
vn 0 0 1
vn -0 -0 -1
vn 0 0 1
vn -0 -0 -1
vn -0 0 -1
vn 0 -0 1
vn -0.9871 0.16012 0
vn -0.42897 0.90332 -0
vn -0.03997 -0.9992 0
vn -0.27793 -0.9606 0
vn -0.49974 -0.86618 0
vn -0.27793 -0.9606 0
vn -0.03997 -0.9992 0
vn 0.42894 -0.90334 -0
vn 0.42894 -0.90334 0
vn 0.63269 -0.77441 -0
vn -0 -0 -1
vn 0 -0 -1
vn 0 0 1
vn -0 0 1
vn -0 -0 -1
vn 0 0 1
vn 0 0 1
vn 0.14021 0.99012 -0
vn -0.03385 0.99943 -0
vn -0.03385 0.99943 -0
vn -0 -0 -1
vn 0 0 1
vn 0 0 1
vn 0 -0 1
vn -0 -0 -1
vn -0 -0 -1
vn 0 -0 1
vn -0 -0 -1
vn -0 0 -1
vn -0 0 -1
vn 0 0 1
vn 0.42897 -0.90332 -0
vn 0 0 1
vn -0 -0 -1
vn -0 -0 -1
vn 0 0 1
vn -0 -0 -1
vn 0 0 1
vn -0 -0 -1
vn -0 -0 -1
vn 0 -0 -1
vn 0 0 1
vn -0 0 1
vn 0 0 1
vn 0 0 1
vn -0 -0 -1
vn -0.99673 -0.08074 0
vn 0.03996 0.9992 -0
vn 0.69249 0.72143 -0
vn 0.69249 0.72143 -0
vn 0.98709 -0.16014 -0
vn -0 -0 -1
vn 0 0 1
vn -0 -0 -1
vn -0 -0 -1
vn -0 -0 -1
vn -0 -0 -1
vn 0 0 1
vn 0 0 1
vn 0 0 1
vn 0 0 1
vn -0 -0 -1
vn -0 0 -1
vn -0 -0 -1
vn -0 -0 -1
vn -0 0 -1
vn -0 -0 -1
vn -0 0 -1
vn -0 -0 -1
vn -0 -0 -1
vn -0 0 -1
vn -0 -0 -1
vn 0 0 1
vn 0 -0 1
vn 0 0 1
vn 0 0 1
vn 0 0 1
vn 0 0 1
vn 0 -0 1
vn 0 0 1
vn 0 -0 1
vn 0 0 1
vn 0 -0 1
vn 0 0 -1
vn -0 -0 1
vn 0 0 1
vn -0.42894 0.90333 0
vn 0.94844 0.31695 -0
vn 0.84503 0.53472 -0
vn 0.94844 0.31695 -0
vn 0.69251 0.72141 -0
vn 0.84503 0.53472 -0
vn -0 -0 -1
vn -0 -0 -1
vn -0 -0 -1
vn -0 -0 -1
vn 0 0 1
vn -0 0 -1
vn 0 0 1
vn 0 0 1
vn 0 0 1
vn 0 -0 1
vn 0 0 1
vn -0 -0 -1
vn 0 -0 1
vn 0 -0 1
vn -0 -0 -1
vn 0 0 1
vn -0 0 -1
vn -0 0 -1
vn 0.99673 0.08076 -0
vn 0.99673 0.08076 -0
vn 0 -0 -1
vn -0 0 1
vn 0 0 1
vn -0 -0 -1
vn -0 0 -1
vn 0 0 1
vn -0 -0 -1
vn 0 -0 1
vn -0 -0 -1
vn 0 0 1
vn -0.9201 0.39168 0
vn -0.79962 0.60051 0
vn -0.27794 -0.9606 0
vn 0.69252 0.7214 -0
vn 0.79963 -0.60049 -0
vn 0 -0 -1
vn -0 -0 -1
vn -0 -0 -1
vn -0 -0 -1
vn -0 -0 -1
vn -0 -0 -1
vn 0 -0 -1
vn -0 -0 -1
vn -0 -0 -1
vn -0 -0 -1
vn -0 -0 -1
vn 0 0 1
vn -0 0 1
vn 0 0 1
vn 0 0 1
vn 0 0 1
vn -0 0 1
vn 0 0 1
vn 0 0 1
vn 0 0 1
vn 0 0 1
vn 0 0 1
vn -0 -0 -1
vn -0 -0 -1
vn 0 0 1
vn -0.9201 0.39169 0
vn -0.9201 0.39169 0
vn 0.92009 -0.3917 -0
vn 0 0 1
vn 0 0 1
vn -0 -0 -1
vn -0 -0 -1
vn -0 0 -1
vn -0 -0 -1
vn -0 -0 -1
vn -0 0 -1
vn -0 -0 -1
vn -0 -0 -1
vn 0 -0 1
vn 0 0 1
vn 0 0 1
vn 0 0 1
vn 0 0 1
vn 0 -0 1
vn -0.99673 -0.08077 0
vn -0.94845 -0.31693 0
vn -0.9871 0.16011 0
vn -0.9871 0.16011 0
vn 0 0 1
vn -0 -0 -1
vn 0.49974 0.86618 -0
vn 0.27794 0.9606 -0
vn 0 -0 -1
vn -0 -0 -1
vn -0 0 -1
vn -0 0 -1
vn -0 0 -1
vn -0 -0 -1
vn -0 -0 -1
vn -0 -0 -1
vn 0 0 1
vn 0 -0 1
vn 0 -0 1
vn 0 0 1
vn 0 0 1
vn -0 0 1
vn 0 0 1
vn 0 -0 1
vn 0.2779 0.96061 -0
vn 0.84504 0.53471 -0
vn 0 0 1
vn -0 -0 -1
vn 0 0 1
vn -0 -0 -1
vn 0.42896 -0.90332 0
vn -0 0 -1
vn -0 0 -1
vn -0 -0 -1
vn -0 -0 -1
vn -0 -0 -1
vn 0 -0 1
vn 0 -0 1
vn 0 0 1
vn 0 0 1
vn 0 0 1
vn -0 -0 -1
vn 0 0 1
vn -0 -0 -1
vn 0 0 1
vn -0 -0 -1
vn 0 0 1
vn 0.92008 -0.39172 -0
vn 0 0 1
vn 0 -0 1
vn 0 0 1
vn 0 0 1
vn 0 0 1
vn -0 0 -1
vn -0 -0 -1
vn -0 -0 -1
vn -0 -0 -1
vn -0 -0 -1
vn 0 0 1
vn 0 0 1
vn -0 -0 -1
vn -0 0 -1
vn 0 -0 1
vn -0 -0 -1
vn -0 -0 -1
vn 0 0 1
vn -0 -0 -1
vn -0.52903 0.8486 0
vn 0 0 1
vn -0.66835 0.74384 0
vn -0.66835 0.74384 0
vn 0 0 1
vn 0 0 1
vn -0 -0 -1
vn -0 -0 -1
vn -0.88245 0.4704 0
vn -0.88245 0.4704 0
vn -0.78737 0.61648 0
vn -0.78737 0.61648 0
vn -0.9201 0.39168 -1E-05
vn -0.92008 0.39173 0.0001
vn -0.92011 0.39167 -2E-05
vn -0.92009 0.3917 -1E-05
vn -0.92004 0.39184 6E-05
vn -0.92009 0.39171 2E-05
vn -0.9201 0.39169 0
vn -0.9201 0.39169 0
vn -0.9201 0.39169 0
vn -0.9201 0.39169 -0
vn -0.92009 0.39171 -1E-05
vn -0.92009 0.39171 -2E-05
vn -0.9201 0.39168 2E-05
vn -0.9201 0.39169 1E-05
vn -0.9201 0.39169 0
vn -0.9201 0.39169 0
vn -0.77907 0.33166 -0.53203
vn -0.86846 0.36971 -0.33029
vn -0.86846 0.36972 -0.33028
vn -0.91431 0.38923 -0.11196
vn -0.10302 0.04386 -0.99371
vn -0.30389 0.12937 -0.94388
vn -0.30389 0.12937 -0.94388
vn -0.48952 0.20839 -0.84672
vn -0.10302 0.04386 -0.99371
vn -0.6506 0.27697 -0.70711
vn -0 -0 -1
vn -0 -0 -1
vn 0.39169 0.9201 -0
vn 0.39171 0.92009 -0
vn 0.39168 0.9201 -0
vn -0.39169 -0.9201 0
vn 0.92008 -0.39172 0
vn 0.92011 -0.39166 -0
vn 0.92008 -0.39172 -0
vn 0.9201 -0.39169 -0
vn 0.9201 -0.39168 -0
vn -0.9201 0.39169 0
vn -0.92008 0.39172 -0
vn -0.92011 0.39166 2E-05
vn -0.92009 0.39171 -1E-05
vn -0.92009 0.3917 -0
vn -0.9201 0.39168 0
vn -0.9201 0.39169 -0
vn -0.9201 0.39169 -0
vn -0.92012 0.39164 5E-05
vn -0.92008 0.39172 -3E-05
vn -0.9201 0.39169 -0
vn 0.92008 -0.39172 3E-05
vn 0.92009 -0.39171 2E-05
vn 0.09374 0.22018 0.97094
vn 0.09374 0.2202 0.97094
vn 0.25974 0.61013 0.74852
vn 0 0 1
vn 0.25975 0.61016 0.74849
vn 0.32236 0.75724 0.56805
vn 0.32235 0.75722 0.56807
vn 0.18203 0.42758 0.88546
vn 0.38883 0.9134 0.12047
vn -0.32235 -0.75722 0.56807
vn 0 0 1
vn -0.09374 -0.2202 0.97094
vn -0.32235 -0.75721 0.56808
vn -0.25975 -0.61016 0.74849
vn -0.38884 -0.91339 0.12053
vn -0.36624 -0.8603 0.35461
vn -0.36624 -0.86031 0.35459
vn -0.38883 -0.91339 0.12056
vn 0.38885 0.91339 -0.12047
vn 0.38883 0.91339 -0.12056
vn 0.36623 0.86031 -0.35461
vn -0 -0 -1
vn -0 -0 -1
vn 0.09373 0.22018 -0.97095
vn 0.09374 0.22019 -0.97094
vn 0.32235 0.75722 -0.56807
vn 0.32236 0.75723 -0.56805
vn 0.25975 0.61015 -0.74849
vn 0.25974 0.61013 -0.74852
vn 0.18203 0.42758 -0.88546
vn -0.36624 -0.8603 -0.35461
vn -0.38884 -0.91339 -0.12053
vn -0.38884 -0.91338 -0.12056
vn -0.36624 -0.86031 -0.35459
vn -0.32235 -0.75721 -0.56809
vn -0.09374 -0.22019 -0.97094
vn -0.25975 -0.61016 -0.74849
vn -0.32235 -0.75722 -0.56807
vn 0.9201 -0.39168 -3E-05
vn 0.92011 -0.39166 -9E-05
vn 0.92009 -0.39171 5E-05
vn 0.92009 -0.3917 2E-05
vn 0.92009 -0.3917 1E-05
vn 0.9201 -0.39169 -1E-05
vn 0.92009 -0.39171 4E-05
vn 0.9201 -0.39169 -1E-05
vn 0.9201 -0.39168 -5E-05
vn 0.9201 -0.39169 -3E-05
vn 0.92009 -0.39171 5E-05
vn -0.92009 0.39171 -6E-05
vn -0.9201 0.39168 4E-05
vn -0.9201 0.39169 1E-05
vn -0.92009 0.3917 0
vn -0.92009 0.3917 0
vn -0.9201 0.3917 -0
vn -0.9201 0.39169 0
vn -0.92009 0.39171 -3E-05
vn -0.92009 0.3917 -0
vn -0.9201 0.39168 3E-05
vn -0.9201 0.39169 1E-05
vn 0.9201 -0.39169 -0
vn -0 -0 -1
vn 0 0 1
vn 0.09374 0.2202 0.97094
vn 0.18202 0.42758 0.88546
vn 0.25974 0.61013 0.74852
vn 0.25974 0.61014 0.74851
vn -0.09374 -0.22019 0.97094
vn -0.18203 -0.42759 0.88546
vn -0.18203 -0.4276 0.88545
vn -0.25974 -0.61013 0.74852
vn 0 0 1
vn -0.09374 -0.2202 0.97094
vn 0.9201 -0.39168 -0
vn 0.9201 -0.39169 0
vn 0.9201 -0.39169 -0
vn 0.92008 -0.39172 -0
vn -0.09374 -0.22019 0.97094
vn 0.92008 -0.39172 0
vn 0.92011 -0.39166 -1E-05
vn 0.92009 -0.3917 0
vn -0.92009 0.39172 0
vn -0.92011 0.39165 -1E-05
vn 0 0 1
vn -0.9201 0.39169 0
vn -0.9201 0.39169 0
vn 0 0 1
vn -0.9201 0.39169 -0
vn -0.9201 0.39169 0
vn -0.92008 0.39172 -1E-05
vn -0.9201 0.39168 -0
vn 0.92009 -0.3917 -1E-05
vn 0.92009 -0.39171 -2E-05
vn 0.9201 -0.39167 2E-05
vn 0.9201 -0.39169 0
vn 0.92009 -0.39171 -3E-05
vn 0.9201 -0.39168 1E-05
vn 0.9201 -0.39168 2E-05
vn 0.9201 -0.39169 0
vn -0.9201 0.39169 -0
vn -0.9201 0.39168 -2E-05
vn -0.09374 -0.22019 0.97094
vn -0.9201 0.39169 -0
vn -0.9201 0.39168 0
vn -0.32236 -0.75722 0.56806
vn -0.25974 -0.61014 0.74851
vn -0.32235 -0.75722 0.56807
vn -0.36624 -0.86031 0.3546
vn 0.9201 -0.39169 -0
vn 0.92008 -0.39172 -2E-05
vn 0.9201 -0.39167 1E-05
vn -0.09374 -0.22019 -0.97094
vn -0 -0 -1
vn -0 -0 -1
vn -0.09374 -0.2202 -0.97094
vn -0.18203 -0.4276 -0.88545
vn -0.36624 -0.8603 0.35461
vn -0.32236 -0.75723 0.56805
vn -0.38884 -0.91339 0.12053
vn -0.36624 -0.8603 -0.35461
vn -0.32236 -0.75723 -0.56805
vn -0.38884 -0.91339 -0.12053
vn -0.25974 -0.61013 -0.74852
vn -0.92008 0.39173 -1E-05
vn -0.18203 -0.42759 -0.88546
vn 0.92008 -0.39173 1E-05
vn 0.38884 0.91339 0.12053
vn 0.32235 0.75721 0.56809
vn 0.36624 0.8603 0.35461
vn 0.32236 0.75723 -0.56805
vn 0.32235 0.75721 -0.56809
vn 0.38884 0.91339 -0.12053
vn 0.36624 0.8603 -0.35461
vn 0.25973 0.61013 -0.74852
vn 0.25974 0.61014 -0.74851
vn 0.09374 0.2202 -0.97094
vn 0.18202 0.42758 -0.88546
vn -0.9201 0.39168 -1E-05
vn -0.92008 0.39172 2E-05
vn -0.9201 0.39168 -1E-05
vn -0.9201 0.39169 0
vn -0.9201 0.39169 0
vn -0.92009 0.39171 2E-05
vn -0.9201 0.39168 -1E-05
vn -0.92009 0.39171 2E-05
vn -0.36624 -0.8603 0.35461
vn 0.92008 -0.39172 1E-05
vn 0.92008 -0.39172 1E-05
vn -0.92009 0.3917 -0
vn 0.92009 -0.39171 1E-05
vn 0.92011 -0.39165 -2E-05
vn 0.92011 -0.39165 -2E-05
vn 0.92009 -0.3917 3E-05
vn 0.9201 -0.39169 -2E-05
vn 0.92009 -0.3917 0
vn 0.9201 -0.3917 1E-05
vn 0.92009 -0.3917 0
vn 0.92009 -0.3917 0
vn -0.92009 0.39171 -5E-05
vn -0.9201 0.39169 2E-05
vn -0.9201 0.39169 -0
vn -0.9201 0.39168 3E-05
vn -0.9201 0.39169 1E-05
vn -0.38884 -0.91339 0.12054
vn -0.92009 0.3917 5E-05
vn 0.9201 -0.39169 -0
vn 0.92011 -0.39167 -1E-05
vn 0.92009 -0.3917 0
vn 0.92012 -0.39164 -2E-05
vn -0.92008 0.39172 -1E-05
vn -0.92009 0.39171 -1E-05
vn -0.92011 0.39166 1E-05
vn -0.92011 0.39167 1E-05
vn -0.92009 0.3917 -0
vn -0.92009 0.3917 -0
vn -0.92012 0.39164 2E-05
vn -0.92008 0.39172 -1E-05
vn -0.92009 0.3917 -0
vn -0.9201 0.39169 -0
vn 0.09373 0.22018 0.97095
vn 0.32236 0.75722 0.56807
vn 0.18203 0.42761 0.88545
vn 0.18203 0.42759 0.88545
vn 0.25974 0.61013 0.74852
vn 0 -0 1
vn 0.25974 0.61015 0.7485
vn 0.38884 0.91338 0.12056
vn 0.38884 0.91339 0.12053
vn 0.36624 0.8603 0.35462
vn 0.36624 0.86031 0.35459
vn -0.18203 -0.42759 0.88545
vn -0.32236 -0.75722 0.56807
vn -0.25975 -0.61015 0.7485
vn -0.09373 -0.22018 0.97095
vn 0 0 1
vn -0.32235 -0.75721 0.56809
vn -0.38884 -0.91338 0.12056
vn -0.36624 -0.8603 0.35462
vn -0.38884 -0.91339 0.12053
vn -0.9201 0.39169 -0
vn -0 -0 -1
vn -0.92009 0.3917 3E-05
vn 0.9201 -0.39167 6E-05
vn 0.92009 -0.3917 -3E-05
vn -0.92009 0.3917 1E-05
vn -0.9201 0.39169 -0
vn 0.9201 -0.39169 0
vn 0.9201 -0.39169 1E-05
vn 0.92009 -0.3917 -2E-05
vn -0.9201 0.39169 -1E-05
vn -0.92009 0.3917 2E-05
vn 0.9201 -0.39169 -0
vn -0.9201 0.39169 -0
vn 0.92009 -0.39172 -3E-05
vn -0.9201 0.39168 -1E-05
vn -0.92008 0.39173 5E-05
vn 0.92009 -0.3917 -0
vn 0.9201 -0.39169 0
vn -0.92011 0.39166 -5E-05
vn -0 -0 -1
vn -0 -0 -1
vn -0 -0 -1
vn -0 -0 -1
vn -0 -0 -1
vn -0 -0 -1
vn -0 -0 -1
vn -0 -0 -1
vn -0 -0 -1
vn -0 -0 -1
vn -0 0 -1
vn -0 0 -1
vn 0 -0 -1
vn -0 -0 -1
vn -0.39168 -0.9201 0
vn -0.39169 -0.9201 0
vn -0.3917 -0.92009 0
vn -0.3917 -0.92009 0
vn -0.39169 -0.9201 0
vn -0.39169 -0.9201 0
vn 0.39169 0.9201 -0
vn 0.39171 0.92009 -0
vn 0.39169 0.9201 -0
vn 0.39169 0.9201 -0
vn 0.39168 0.9201 -0
vn -0.48952 0.2084 0.84672
vn -0.30389 0.12937 0.94388
vn -0.30389 0.12937 0.94388
vn -0.10302 0.04386 0.99371
vn -0.10302 0.04386 0.99371
vn -0.6506 0.27697 0.70711
vn -0.77907 0.33166 0.53203
vn -0.86846 0.36971 0.33028
vn -0.86846 0.36971 0.33029
vn -0.91431 0.38923 0.11196
vn -0.39169 -0.9201 0
vn 0.39169 0.9201 -0
vn 0.39169 0.9201 -0
vn -0.28624 -0.95816 0
vn -0.28624 -0.95816 0
vn 0 0 1
vn 0 0 1
vn 0.92008 -0.39172 -0
vn -0.09374 -0.22019 -0.97094
vn 0.92011 -0.39166 1E-05
vn 0.9201 -0.39168 0
vn 0.9201 -0.39169 -0
vn 0.92008 -0.39172 0
vn 0.92009 -0.3917 -0
vn -0.92011 0.39165 1E-05
vn -0 -0 -1
vn -0.9201 0.39169 -0
vn -0.92009 0.39172 -0
vn -0.9201 0.39169 -0
vn -0.9201 0.39169 0
vn -0.9201 0.39169 -0
vn -0.92008 0.39172 1E-05
vn -0.9201 0.39168 0
vn -0 -0 -1
vn -0.32236 -0.75723 -0.56806
vn -0.36624 -0.86031 -0.3546
vn -0.25974 -0.61014 -0.74851
vn -0.32236 -0.75722 -0.56807
vn 0.9201 -0.39169 0
vn 0.92009 -0.3917 1E-05
vn 0.92009 -0.39171 3E-05
vn 0.9201 -0.39167 -2E-05
vn 0.9201 -0.39169 -0
vn 0.92009 -0.39171 2E-05
vn 0.9201 -0.39168 -2E-05
vn 0.9201 -0.39169 -0
vn 0.9201 -0.39168 -1E-05
vn -0.9201 0.39168 -0
vn -0.09374 -0.22019 -0.97094
vn -0.9201 0.39168 2E-05
vn -0.9201 0.39169 0
vn -0.9201 0.39169 0
vn 0.92009 -0.3917 -0
vn 0.92009 -0.3917 -0
vn -0.38884 -0.91339 -0.12054
vn 0.92009 -0.3917 -0
vn 0.9201 -0.39169 2E-05
vn 0.92009 -0.3917 -3E-05
vn 0.9201 -0.3917 -1E-05
vn -0.92009 0.39171 5E-05
vn -0.9201 0.39168 -3E-05
vn -0.92009 0.3917 -5E-05
vn -0.9201 0.39169 0
vn -0.9201 0.39169 -1E-05
vn -0.9201 0.39169 -2E-05
vn -0.36624 -0.8603 -0.35461
vn 0.92008 -0.39172 -1E-05
vn 0.92009 -0.39171 -1E-05
vn -0.92009 0.3917 0
vn 0.92011 -0.39165 2E-05
vn 0.92011 -0.39165 2E-05
vn 0.92008 -0.39172 -1E-05
vn 0.36624 0.8603 -0.35462
vn 0.36624 0.86031 -0.35459
vn 0.38884 0.91339 -0.12053
vn 0.38883 0.91339 -0.12056
vn -0 0 -1
vn -0 -0 -1
vn 0.32236 0.75722 -0.56807
vn 0.09374 0.22019 -0.97094
vn 0.25974 0.61013 -0.74852
vn 0.18203 0.42758 -0.88546
vn 0.25975 0.61015 -0.7485
vn 0.18203 0.4276 -0.88545
vn -0.38884 -0.91339 -0.12053
vn -0.36624 -0.8603 -0.35462
vn -0.36624 -0.86031 -0.35459
vn -0.38884 -0.91338 -0.12056
vn -0.32235 -0.75722 -0.56807
vn -0.18203 -0.42758 -0.88546
vn -0.25975 -0.61015 -0.7485
vn -0.32235 -0.75721 -0.56809
vn 0.92011 -0.39167 1E-05
vn 0.9201 -0.39169 0
vn 0.92009 -0.3917 -0
vn 0.92012 -0.39164 2E-05
vn -0.92012 0.39164 -2E-05
vn -0.92011 0.39167 -1E-05
vn -0.92009 0.39171 1E-05
vn -0.9201 0.39169 0
vn -0.92009 0.3917 0
vn -0.92008 0.39172 1E-05
vn -0.92009 0.3917 0
vn -0.92008 0.39172 1E-05
vn -0.92009 0.3917 0
vn -0.92011 0.39166 -1E-05
vn 0.92008 -0.39172 2E-05
vn 0 -0 1
vn -0.18203 -0.42761 0.88545
vn 0.9201 -0.39167 -1E-05
vn 0.92008 -0.39173 -1E-05
vn -0.92008 0.39173 1E-05
vn -0.32237 -0.75724 0.56804
vn -0.25974 -0.61012 0.74852
vn -0.38884 -0.91339 0.12053
vn -0.32237 -0.75724 -0.56804
vn 0.18203 0.42759 0.88545
vn 0.18203 0.42758 0.88546
vn 0.25974 0.61014 0.74851
vn 0.25973 0.61012 0.74852
vn -0.9201 0.39168 1E-05
vn -0.92009 0.39171 -2E-05
vn -0.9201 0.39168 1E-05
vn -0.9201 0.39168 1E-05
vn -0.9201 0.39169 -0
vn -0.92009 0.39171 -2E-05
vn -0.9201 0.39169 -0
vn -0.92008 0.39172 -2E-05
vn 0.38884 0.91339 0.12053
vn 0.32235 0.75721 0.56808
vn 0.32236 0.75724 0.56804
vn 0.32235 0.75721 -0.56808
vn 0.32237 0.75724 -0.56804
vn 0.09373 0.22017 0.97095
vn 0 0 1
vn 0.25974 0.61013 0.74851
vn 0.32235 0.75722 0.56807
vn 0.25975 0.61016 0.74849
vn 0.38883 0.9134 0.12047
vn -0.32235 -0.75721 0.56809
vn -0.25975 -0.61016 0.74849
vn -0.32235 -0.75722 0.56807
vn 0 -0 1
vn -0.38883 -0.91339 0.12056
vn -0.38884 -0.91339 0.12053
vn 0.38884 0.91338 -0.12056
vn 0.38883 0.9134 -0.12047
vn 0.25975 0.61016 -0.74849
vn 0.18202 0.42757 -0.88547
vn 0.18203 0.42759 -0.88545
vn 0.25974 0.61013 -0.74851
vn -0 -0 -1
vn 0.09374 0.22018 -0.97094
vn -0.36624 -0.8603 -0.35461
vn -0.25975 -0.61016 -0.74849
vn -0.18202 -0.42757 -0.88547
vn -0 0 -1
vn 0.9201 -0.39169 1E-05
vn 0.9201 -0.39169 3E-05
vn 0.92009 -0.39171 -4E-05
vn 0.9201 -0.39168 5E-05
vn 0.92009 -0.39171 -5E-05
vn 0.9201 -0.39168 3E-05
vn 0.92011 -0.39166 9E-05
vn 0.92009 -0.3917 -1E-05
vn 0.92009 -0.3917 -2E-05
vn 0.92009 -0.39171 -5E-05
vn -0.92009 0.3917 0
vn -0.9201 0.39168 -3E-05
vn -0.9201 0.39169 -0
vn -0.9201 0.3917 0
vn -0.92009 0.39171 3E-05
vn -0.92009 0.39171 6E-05
vn -0.92009 0.3917 -0
vn -0.9201 0.39169 -1E-05
vn -0.9201 0.39168 -4E-05
vn -0.92009 0.3917 -0
vn 0.92011 -0.39166 -0
vn -0.03414 -0.08019 0.99619
vn 0.9201 -0.39169 0
vn 0.9201 -0.39168 0
vn -0.9201 0.39169 0
vn -0.9201 0.39169 0
vn -0.92008 0.39172 0
vn -0.03414 -0.08019 0.99619
vn -0.92009 0.3917 0
vn -0.9201 0.39168 -0
vn -0.9201 0.39169 -0
vn -0.92009 0.39171 1E-05
vn -0.92011 0.39166 -2E-05
vn -0.92008 0.39172 3E-05
vn -0.9201 0.39169 0
vn -0.92012 0.39164 -5E-05
vn 0.92008 -0.39172 -3E-05
vn 0.92009 -0.39171 -2E-05
vn 0.25974 0.61014 -0.74851
vn 0.18203 0.42759 -0.88545
vn 0.18203 0.42758 -0.88546
vn -0 0 -1
vn 0.25973 0.61013 -0.74852
vn -0.18203 -0.42761 -0.88545
vn -0.25974 -0.61012 -0.74852
vn -0.18203 -0.42759 -0.88545
vn 0.9201 -0.39169 0
vn 0 0 1
vn 0.9201 -0.39169 -0
vn -0.9201 0.39169 0
vn 0.15786 -0.98746 0
vn 0.15786 -0.98746 0
vn -0.06581 -0.99783 0
vn -0.06581 -0.99783 0
vn 0.37364 -0.92757 -0
vn 0.37364 -0.92757 0
vn 0.57068 -0.82117 -0
vn 0.87045 -0.49225 -0
vn 0.57068 -0.82117 -0
vn 0.7391 -0.6736 -0
vn 0.7391 -0.6736 -0
vn 0.87045 -0.49225 -0
vn 0.28621 0.95817 -0
vn -0.15789 0.98746 -0
vn 0.06584 0.99783 -0
vn 0.06584 0.99783 -0
vn -0.37361 0.92759 0
vn -0.37361 0.92759 0
vn -0.57068 0.82117 0
vn -0.57068 0.82117 0
vn -0.7391 0.6736 0
vn -0.7391 0.6736 0
vn -0.87045 0.49225 0
vn 0.92009 -0.3917 0
vn 0.9201 -0.39169 0
vn 0.9201 -0.39169 -0
vn 0.92009 -0.39172 3E-05
vn -0.9201 0.39168 1E-05
vn -0.92008 0.39173 -5E-05
vn -0.9201 0.39169 0
vn -0.92011 0.39166 5E-05
vn 0.9201 -0.39169 -1E-05
vn 0.92009 -0.3917 2E-05
vn -0.9201 0.39169 0
vn 0.9201 -0.39169 -0
vn -0.9201 0.39169 1E-05
vn -0.92009 0.3917 -2E-05
vn 0.9201 -0.39167 -6E-05
vn 0.92009 -0.3917 3E-05
vn -0.9201 0.39169 0
vn -0.92009 0.3917 -1E-05
vn -0.92009 0.3917 -3E-05
vn 0 0 1
vn 0 0 1
vn 0 -0 1
vn 0 0 1
vn 0 0 1
vn 0 0 1
vn 0 0 1
vn -0 0 1
vn 0 -0 1
vn 0 -0 1
vn 0 0 1
vn -0 -0 1
vn -0 0 1
vn 0 0 1
vn -0.9201 0.39169 0
vn -0.9201 0.39169 0
vn -0.9201 0.39169 -1E-05
vn -0.92009 0.39171 2E-05
vn -0.9201 0.39168 -2E-05
vn -0.9201 0.39169 0
vn -0.92009 0.39171 1E-05
vn -0.9201 0.39169 -0
vn -0.9201 0.39169 -0
vn -0.9201 0.39169 -0
vn -0.92008 0.39173 -0.0001
vn -0.92009 0.3917 1E-05
vn -0.92004 0.39184 -6E-05
vn -0.92009 0.39171 -6E-05
vn -0.9201 0.39168 1E-05
vn -0.9201 0.39168 1E-05
f 1//1 2//1 3//1
f 4//2 3//2 5//2
f 4//3 1//3 3//3
f 6//4 3//4 2//4
f 7//5 8//5 9//5
f 7//6 9//6 10//6
f 11//7 9//7 5//7
f 10//8 9//8 11//8
f 12//9 5//9 9//9
f 12//10 4//10 5//10
f 13//11 9//11 8//11
f 13//12 12//12 9//12
f 6//13 14//13 3//13
f 15//14 16//14 5//14
f 14//15 15//15 3//15
f 17//16 11//16 5//16
f 15//17 5//17 3//17
f 16//18 17//18 5//18
f 17//19 16//19 18//19
f 18//20 16//20 19//20
f 20//21 11//21 21//21
f 11//22 17//22 21//22
f 16//23 15//23 19//23
f 21//24 17//24 18//24
f 12//25 20//25 4//25
f 20//26 21//26 4//26
f 18//27 19//27 4//27
f 4//28 19//28 1//28
f 12//29 22//29 23//29
f 13//30 22//30 12//30
f 21//31 18//31 4//31
f 12//32 23//32 20//32
f 24//33 2//33 25//33
f 26//34 2//34 24//34
f 27//35 25//35 2//35
f 1//36 27//36 2//36
f 28//37 2//37 26//37
f 27//38 29//38 25//38
f 27//39 30//39 29//39
f 30//40 31//40 29//40
f 27//41 32//41 30//41
f 31//42 33//42 29//42
f 27//43 34//43 32//43
f 35//44 36//44 25//44
f 35//45 25//45 37//45
f 36//46 24//46 25//46
f 29//47 37//47 25//47
f 38//48 39//48 40//48
f 38//49 41//49 39//49
f 40//50 39//50 42//50
f 40//51 42//51 43//51
f 43//52 44//52 28//52
f 43//53 42//53 44//53
f 45//54 41//54 38//54
f 28//55 44//55 2//55
f 44//56 6//56 2//56
f 46//57 47//57 27//57
f 48//58 46//58 1//58
f 1//59 46//59 27//59
f 19//60 48//60 1//60
f 14//61 6//61 46//61
f 6//62 44//62 47//62
f 48//61 14//61 46//61
f 47//63 42//63 49//63
f 15//64 14//64 48//64
f 46//65 6//65 47//65
f 44//66 42//66 47//66
f 19//67 15//67 48//67
f 47//68 34//68 27//68
f 28//69 26//69 32//69
f 50//70 43//70 34//70
f 32//71 26//71 30//71
f 24//72 36//72 31//72
f 26//73 24//73 30//73
f 34//74 28//74 32//74
f 43//70 28//70 34//70
f 30//75 24//75 31//75
f 51//76 45//76 52//76
f 52//77 40//77 53//77
f 53//78 40//78 50//78
f 38//79 40//79 52//79
f 45//80 38//80 52//80
f 54//81 45//81 51//81
f 55//82 45//82 54//82
f 40//78 43//78 50//78
f 56//83 52//83 57//83
f 57//84 52//84 53//84
f 47//85 50//85 34//85
f 49//86 53//86 50//86
f 49//87 50//87 47//87
f 57//88 53//88 49//88
f 56//89 51//89 52//89
f 58//90 8//90 59//90
f 58//91 13//91 8//91
f 60//92 59//92 8//92
f 61//93 59//93 62//93
f 61//94 58//94 59//94
f 63//95 8//95 7//95
f 13//96 64//96 22//96
f 65//97 8//97 63//97
f 60//98 8//98 65//98
f 13//99 66//99 67//99
f 58//100 66//100 13//100
f 13//101 67//101 64//101
f 65//102 63//102 67//102
f 66//103 65//103 67//103
f 7//104 10//104 23//104
f 63//105 7//105 22//105
f 22//106 7//106 23//106
f 64//107 63//107 22//107
f 60//108 65//108 66//108
f 67//109 63//109 64//109
f 68//110 60//110 69//110
f 66//111 70//111 71//111
f 72//112 62//112 59//112
f 61//113 73//113 58//113
f 74//114 59//114 60//114
f 74//115 72//115 59//115
f 75//116 76//116 62//116
f 77//117 76//117 75//117
f 78//118 62//118 76//118
f 78//118 61//118 62//118
f 61//119 79//119 80//119
f 80//120 73//120 61//120
f 72//121 81//121 62//121
f 78//122 82//122 61//122
f 61//123 82//123 79//123
f 78//124 83//124 82//124
f 84//125 62//125 81//125
f 75//126 62//126 84//126
f 85//127 86//127 87//127
f 88//128 89//128 86//128
f 68//129 74//129 60//129
f 90//130 69//130 89//130
f 88//131 90//131 89//131
f 90//132 68//132 69//132
f 85//133 88//133 86//133
f 91//134 68//134 70//134
f 90//135 88//135 92//135
f 68//136 90//136 93//136
f 70//137 68//137 93//137
f 74//134 68//134 91//134
f 93//135 90//135 92//135
f 94//138 95//138 96//138
f 85//139 94//139 96//139
f 96//140 95//140 97//140
f 88//141 85//141 92//141
f 98//142 85//142 96//142
f 92//143 85//143 98//143
f 99//144 100//144 101//144
f 101//145 100//145 102//145
f 95//146 99//146 97//146
f 97//147 99//147 101//147
f 58//148 91//148 66//148
f 70//149 93//149 71//149
f 73//150 91//150 58//150
f 91//151 70//151 66//151
f 82//106 75//106 79//106
f 75//104 84//104 79//104
f 77//152 75//152 82//152
f 79//153 84//153 80//153
f 80//154 81//154 73//154
f 72//155 74//155 91//155
f 84//156 81//156 80//156
f 81//157 72//157 73//157
f 73//158 72//158 91//158
f 83//159 77//159 82//159
f 23//160 10//160 20//160
f 10//161 11//161 20//161
f 71//162 60//162 66//162
f 69//163 60//163 71//163
f 49//164 42//164 57//164
f 57//165 41//165 56//165
f 42//166 39//166 57//166
f 56//167 41//167 103//167
f 41//168 104//168 103//168
f 39//165 41//165 57//165
f 104//169 105//169 103//169
f 103//170 105//170 106//170
f 106//171 107//171 108//171
f 105//171 107//171 106//171
f 108//172 109//172 110//172
f 107//173 109//173 108//173
f 111//174 112//174 113//174
f 111//175 87//175 112//175
f 89//176 69//176 71//176
f 86//177 89//177 114//177
f 115//178 112//178 116//178
f 113//178 112//178 115//178
f 116//179 87//179 117//179
f 112//180 87//180 116//180
f 117//181 86//181 114//181
f 114//182 89//182 118//182
f 118//183 89//183 71//183
f 87//184 86//184 117//184
f 119//185 105//185 104//185
f 119//186 120//186 109//186
f 120//187 121//187 109//187
f 119//188 107//188 105//188
f 111//189 113//189 120//189
f 119//190 109//190 107//190
f 120//191 113//191 121//191
f 121//192 113//192 122//192
f 110//193 121//193 122//193
f 116//194 123//194 115//194
f 109//195 121//195 110//195
f 117//196 123//196 116//196
f 115//197 124//197 122//197
f 115//198 123//198 124//198
f 122//199 113//199 115//199
f 125//200 119//200 104//200
f 126//201 125//201 127//201
f 128//202 125//202 55//202
f 119//203 125//203 126//203
f 125//204 128//204 127//204
f 128//205 55//205 129//205
f 128//206 129//206 130//206
f 125//207 104//207 41//207
f 125//208 45//208 55//208
f 125//209 41//209 45//209
f 103//210 126//210 56//210
f 131//211 126//211 103//211
f 56//212 126//212 51//212
f 106//213 131//213 103//213
f 108//214 131//214 106//214
f 122//215 124//215 110//215
f 110//216 131//216 108//216
f 124//217 120//217 131//217
f 124//218 131//218 110//218
f 131//219 119//219 126//219
f 120//217 119//217 131//217
f 111//220 120//220 124//220
f 111//221 85//221 87//221
f 132//222 111//222 123//222
f 133//222 132//222 123//222
f 123//220 111//220 124//220
f 71//223 93//223 118//223
f 114//224 98//224 117//224
f 118//225 92//225 114//225
f 98//226 123//226 117//226
f 92//227 98//227 114//227
f 93//228 92//228 118//228
f 134//229 100//229 99//229
f 132//230 94//230 111//230
f 111//231 94//231 85//231
f 132//232 95//232 94//232
f 134//233 132//233 133//233
f 132//234 99//234 95//234
f 134//235 99//235 132//235
f 135//233 134//233 133//233
f 96//236 133//236 123//236
f 101//237 133//237 97//237
f 97//238 133//238 96//238
f 96//239 123//239 98//239
f 101//240 135//240 133//240
f 102//241 135//241 101//241
f 136//242 35//242 37//242
f 137//243 136//243 37//243
f 138//244 137//244 37//244
f 139//245 138//245 37//245
f 140//246 139//246 37//246
f 141//247 142//247 143//247
f 144//248 141//248 143//248
f 142//249 145//249 143//249
f 146//250 144//250 143//250
f 29//251 33//251 143//251
f 33//252 146//252 143//252
f 29//253 143//253 37//253
f 147//254 140//254 37//254
f 148//255 147//255 37//255
f 149//256 148//256 37//256
f 145//257 150//257 143//257
f 150//258 151//258 143//258
f 151//259 152//259 143//259
f 153//260 154//260 155//260
f 146//261 136//261 144//261
f 35//20 136//20 146//20
f 31//262 36//262 33//262
f 36//19 35//19 33//19
f 136//263 137//263 144//263
f 137//264 138//264 144//264
f 33//20 35//20 146//20
f 139//265 140//265 145//265
f 138//266 139//266 141//266
f 141//267 139//267 142//267
f 142//268 139//268 145//268
f 145//269 156//269 157//269
f 144//264 138//264 141//264
f 140//270 156//270 145//270
f 158//271 159//271 160//271
f 161//272 159//272 158//272
f 157//273 161//273 158//273
f 156//274 161//274 157//274
f 162//275 130//275 163//275
f 164//276 130//276 162//276
f 163//277 129//277 165//277
f 130//277 129//277 163//277
f 165//278 55//278 54//278
f 129//279 55//279 165//279
f 166//280 164//280 167//280
f 167//280 164//280 162//280
f 168//281 166//281 167//281
f 169//282 166//282 168//282
f 159//283 170//283 160//283
f 154//195 169//195 171//195
f 172//284 155//284 173//284
f 160//285 170//285 172//285
f 170//286 155//286 172//286
f 171//193 169//193 168//193
f 155//287 154//287 173//287
f 173//288 154//288 171//288
f 174//289 170//289 159//289
f 153//290 155//290 175//290
f 176//291 177//291 161//291
f 176//292 161//292 156//292
f 177//293 159//293 161//293
f 147//294 176//294 156//294
f 175//295 155//295 170//295
f 177//296 174//296 159//296
f 175//297 170//297 174//297
f 147//298 156//298 140//298
f 172//299 178//299 179//299
f 173//300 178//300 172//300
f 171//301 180//301 173//301
f 158//302 181//302 157//302
f 172//303 179//303 160//303
f 160//304 182//304 158//304
f 182//305 181//305 158//305
f 173//306 180//306 178//306
f 157//307 150//307 145//307
f 179//308 182//308 160//308
f 177//309 176//309 181//309
f 181//310 150//310 157//310
f 179//75 174//75 182//75
f 182//311 177//311 181//311
f 174//72 177//72 182//72
f 37//312 143//312 183//312
f 152//313 149//313 184//313
f 147//314 148//314 151//314
f 151//315 148//315 152//315
f 176//316 147//316 150//316
f 150//317 147//317 151//317
f 149//318 185//318 184//318
f 184//319 186//319 187//319
f 181//316 176//316 150//316
f 185//320 186//320 184//320
f 148//264 149//264 152//264
f 188//321 189//321 190//321
f 191//322 130//322 164//322
f 188//323 169//323 154//323
f 191//324 166//324 169//324
f 188//325 191//325 169//325
f 191//326 164//326 166//326
f 192//327 188//327 153//327
f 192//328 189//328 188//328
f 193//329 189//329 192//329
f 194//330 189//330 193//330
f 195//331 189//331 194//331
f 196//332 189//332 195//332
f 196//333 195//333 197//333
f 153//334 188//334 154//334
f 198//335 196//335 197//335
f 199//336 200//336 201//336
f 190//321 189//321 199//321
f 199//337 201//337 202//337
f 199//338 202//338 203//338
f 199//339 203//339 204//339
f 199//340 204//340 190//340
f 190//341 204//341 180//341
f 205//342 196//342 198//342
f 200//343 205//343 206//343
f 206//344 205//344 207//344
f 189//345 196//345 200//345
f 196//346 205//346 200//346
f 199//345 189//345 200//345
f 205//344 208//344 207//344
f 191//347 188//347 209//347
f 191//348 128//348 130//348
f 128//349 191//349 127//349
f 127//350 191//350 209//350
f 167//351 209//351 168//351
f 162//352 209//352 167//352
f 163//353 209//353 162//353
f 127//354 209//354 163//354
f 126//355 127//355 54//355
f 165//356 127//356 163//356
f 54//357 127//357 165//357
f 51//358 126//358 54//358
f 168//359 190//359 171//359
f 209//360 190//360 168//360
f 190//361 180//361 171//361
f 209//362 188//362 190//362
f 178//363 175//363 179//363
f 175//73 174//73 179//73
f 153//364 175//364 178//364
f 192//107 153//107 180//107
f 204//105 192//105 180//105
f 180//104 153//104 178//104
f 194//365 193//365 202//365
f 201//366 194//366 202//366
f 193//367 192//367 204//367
f 195//368 194//368 201//368
f 202//108 193//108 203//108
f 203//369 193//369 204//369
f 205//370 210//370 211//370
f 205//371 198//371 210//371
f 212//372 197//372 213//372
f 198//373 197//373 212//373
f 213//81 195//81 201//81
f 197//82 195//82 213//82
f 214//374 215//374 216//374
f 211//375 210//375 217//375
f 218//376 215//376 214//376
f 217//377 210//377 219//377
f 210//378 198//378 219//378
f 219//378 198//378 212//378
f 215//379 211//379 216//379
f 216//380 211//380 217//380
f 200//381 206//381 212//381
f 219//382 206//382 217//382
f 212//383 206//383 219//383
f 200//384 212//384 213//384
f 201//385 200//385 213//385
f 186//386 220//386 187//386
f 187//387 220//387 221//387
f 222//168 223//168 224//168
f 221//273 223//273 222//273
f 220//273 223//273 221//273
f 223//167 225//167 224//167
f 226//388 227//388 228//388
f 228//389 218//389 214//389
f 227//390 218//390 228//390
f 229//391 230//391 231//391
f 231//391 230//391 226//391
f 224//169 229//169 231//169
f 225//170 229//170 224//170
f 230//172 227//172 226//172
f 232//392 229//392 225//392
f 231//393 233//393 224//393
f 226//394 234//394 231//394
f 235//395 230//395 229//395
f 236//396 237//396 218//396
f 236//397 218//397 227//397
f 237//398 238//398 215//398
f 206//399 239//399 217//399
f 237//400 215//400 218//400
f 238//401 211//401 215//401
f 238//402 205//402 211//402
f 240//403 208//403 205//403
f 241//404 242//404 243//404
f 243//405 208//405 244//405
f 238//406 240//406 205//406
f 244//407 208//407 240//407
f 243//408 242//408 208//408
f 245//409 246//409 247//409
f 207//410 208//410 245//410
f 207//411 247//411 248//411
f 245//412 247//412 207//412
f 249//413 239//413 206//413
f 207//414 249//414 206//414
f 208//415 242//415 245//415
f 207//416 248//416 249//416
f 235//417 250//417 230//417
f 250//418 227//418 230//418
f 250//419 236//419 227//419
f 251//420 232//420 225//420
f 232//421 235//421 229//421
f 252//422 234//422 226//422
f 253//423 252//423 228//423
f 228//424 252//424 226//424
f 254//425 253//425 214//425
f 214//426 253//426 228//426
f 217//427 239//427 216//427
f 234//428 233//428 231//428
f 239//429 254//429 216//429
f 233//430 255//430 224//430
f 216//431 254//431 214//431
f 254//432 237//432 253//432
f 240//157 238//157 239//157
f 248//433 244//433 249//433
f 238//434 237//434 254//434
f 249//154 240//154 239//154
f 239//158 238//158 254//158
f 237//432 236//432 253//432
f 244//435 240//435 249//435
f 246//152 241//152 247//152
f 243//364 244//364 248//364
f 247//436 243//436 248//436
f 241//159 243//159 247//159
f 250//135 235//135 252//135
f 234//437 232//437 233//437
f 235//438 232//438 234//438
f 233//439 251//439 255//439
f 232//440 251//440 233//440
f 252//135 235//135 234//135
f 255//441 256//441 257//441
f 251//442 256//442 255//442
f 236//443 250//443 252//443
f 253//444 236//444 252//444
f 257//273 258//273 259//273
f 256//445 258//445 257//445
f 258//446 260//446 261//446
f 259//446 258//446 261//446
f 262//447 263//447 264//447
f 264//448 263//448 265//448
f 265//449 263//449 266//449
f 265//450 266//450 267//450
f 267//451 266//451 268//451
f 269//452 262//452 264//452
f 270//453 264//453 271//453
f 271//454 264//454 272//454
f 272//455 264//455 273//455
f 270//456 271//456 274//456
f 152//457 183//457 143//457
f 184//458 183//458 152//458
f 275//459 37//459 183//459
f 275//460 149//460 37//460
f 275//461 186//461 185//461
f 275//462 185//462 149//462
f 187//463 183//463 184//463
f 224//464 183//464 222//464
f 222//465 183//465 221//465
f 275//466 225//466 223//466
f 221//467 183//467 187//467
f 275//468 220//468 186//468
f 275//469 223//469 220//469
f 275//470 258//470 256//470
f 275//471 251//471 225//471
f 275//472 260//472 258//472
f 255//473 183//473 224//473
f 261//474 183//474 259//474
f 275//475 256//475 251//475
f 257//476 183//476 255//476
f 259//477 183//477 257//477
f 275//478 276//478 277//478
f 275//479 183//479 276//479
f 261//480 278//480 183//480
f 279//481 280//481 277//481
f 278//482 279//482 276//482
f 276//483 279//483 277//483
f 183//484 278//484 276//484
f 281//485 260//485 275//485
f 282//486 283//486 284//486
f 285//487 286//487 282//487
f 283//488 287//488 288//488
f 282//489 287//489 283//489
f 286//490 287//490 282//490
f 286//491 275//491 287//491
f 275//492 289//492 287//492
f 287//493 289//493 290//493
f 275//494 277//494 289//494
f 290//495 291//495 287//495
f 291//496 292//496 287//496
f 292//497 293//497 287//497
f 293//498 294//498 287//498
f 295//499 296//499 285//499
f 295//500 285//500 282//500
f 296//501 297//501 286//501
f 296//502 286//502 285//502
f 297//503 275//503 286//503
f 297//504 281//504 275//504
f 298//505 299//505 288//505
f 298//506 288//506 287//506
f 299//507 300//507 283//507
f 299//508 283//508 288//508
f 301//509 295//509 282//509
f 300//510 301//510 283//510
f 301//511 282//511 284//511
f 301//510 284//510 283//510
f 277//512 280//512 289//512
f 302//513 303//513 293//513
f 289//514 304//514 290//514
f 280//515 304//515 289//515
f 292//516 302//516 293//516
f 305//517 302//517 291//517
f 290//518 306//518 291//518
f 304//519 306//519 290//519
f 306//520 305//520 291//520
f 291//521 302//521 292//521
f 294//522 307//522 287//522
f 307//523 298//523 287//523
f 293//524 308//524 294//524
f 309//525 270//525 310//525
f 310//526 270//526 274//526
f 311//527 309//527 312//527
f 312//527 309//527 310//527
f 313//528 311//528 314//528
f 314//529 311//529 312//529
f 315//530 313//530 316//530
f 316//530 313//530 314//530
f 317//531 315//531 318//531
f 319//532 317//532 318//532
f 294//533 320//533 319//533
f 308//533 320//533 294//533
f 318//534 315//534 316//534
f 320//532 317//532 319//532
f 321//535 322//535 308//535
f 322//536 320//536 308//536
f 322//537 317//537 320//537
f 322//538 323//538 317//538
f 324//539 315//539 317//539
f 319//540 307//540 294//540
f 325//541 307//541 319//541
f 318//542 326//542 319//542
f 303//543 308//543 293//543
f 303//544 321//544 308//544
f 327//545 328//545 76//545
f 327//546 76//546 77//546
f 76//547 329//547 78//547
f 76//547 328//547 329//547
f 329//548 330//548 78//548
f 331//549 328//549 327//549
f 329//550 332//550 330//550
f 333//551 328//551 331//551
f 334//552 328//552 333//552
f 329//553 335//553 332//553
f 329//554 336//554 335//554
f 78//555 330//555 83//555
f 337//556 338//556 334//556
f 329//557 339//557 336//557
f 338//558 328//558 334//558
f 340//559 338//559 337//559
f 341//178 342//178 343//178
f 344//181 337//181 345//181
f 346//178 342//178 341//178
f 342//560 344//560 343//560
f 343//561 344//561 345//561
f 347//562 346//562 348//562
f 349//563 347//563 348//563
f 102//564 350//564 351//564
f 348//565 346//565 341//565
f 100//566 350//566 102//566
f 351//171 352//171 353//171
f 354//567 347//567 349//567
f 352//287 354//287 353//287
f 353//288 354//288 349//288
f 350//568 352//568 351//568
f 355//569 344//569 342//569
f 356//570 355//570 342//570
f 357//571 358//571 347//571
f 356//572 342//572 346//572
f 358//573 346//573 347//573
f 358//574 356//574 346//574
f 340//575 337//575 344//575
f 331//108 327//108 332//108
f 332//103 327//103 330//103
f 327//576 77//576 330//576
f 330//577 77//577 83//577
f 337//578 334//578 359//578
f 345//181 337//181 359//181
f 333//579 331//579 335//579
f 335//580 331//580 332//580
f 336//581 334//581 335//581
f 359//582 334//582 336//582
f 334//583 333//583 335//583
f 339//584 359//584 336//584
f 345//585 360//585 343//585
f 339//586 361//586 359//586
f 359//587 361//587 345//587
f 328//588 338//588 339//588
f 328//589 339//589 329//589
f 338//590 362//590 363//590
f 338//591 363//591 339//591
f 340//592 362//592 338//592
f 345//593 361//593 360//593
f 340//594 344//594 355//594
f 363//595 361//595 339//595
f 363//596 364//596 365//596
f 363//597 366//597 364//597
f 363//598 365//598 361//598
f 367//599 362//599 368//599
f 368//600 362//600 369//600
f 369//601 362//601 340//601
f 367//369 368//369 364//369
f 370//108 367//108 371//108
f 364//602 368//602 365//602
f 365//106 369//106 361//106
f 368//603 369//603 365//603
f 371//103 367//103 366//103
f 366//367 367//367 364//367
f 369//104 340//104 361//104
f 372//604 134//604 373//604
f 373//604 134//604 135//604
f 134//605 350//605 100//605
f 372//606 350//606 134//606
f 372//607 354//607 352//607
f 372//608 352//608 350//608
f 374//609 354//609 372//609
f 374//610 347//610 354//610
f 348//611 375//611 349//611
f 349//612 375//612 373//612
f 351//613 135//613 102//613
f 353//614 373//614 351//614
f 349//615 373//615 353//615
f 351//616 373//616 135//616
f 376//617 374//617 375//617
f 377//617 374//617 376//617
f 357//618 347//618 374//618
f 374//619 372//619 375//619
f 375//619 372//619 373//619
f 341//620 378//620 348//620
f 379//621 378//621 341//621
f 360//622 379//622 343//622
f 343//623 379//623 341//623
f 348//624 380//624 375//624
f 378//625 380//625 348//625
f 381//626 382//626 374//626
f 382//627 357//627 374//627
f 356//155 358//155 378//155
f 378//20 358//20 380//20
f 360//628 355//628 379//628
f 358//23 357//23 380//23
f 355//629 356//629 379//629
f 379//158 356//158 378//158
f 381//141 383//141 384//141
f 380//630 357//630 385//630
f 382//61 381//61 385//61
f 385//61 381//61 384//61
f 357//631 382//631 385//631
f 377//632 381//632 374//632
f 386//633 387//633 388//633
f 386//634 388//634 389//634
f 386//635 389//635 390//635
f 383//636 381//636 377//636
f 386//637 390//637 377//637
f 390//638 383//638 377//638
f 384//143 383//143 391//143
f 384//639 376//639 375//639
f 380//640 385//640 375//640
f 384//641 391//641 376//641
f 383//642 390//642 391//642
f 391//643 392//643 376//643
f 391//644 390//644 392//644
f 385//645 384//645 375//645
f 340//646 355//646 360//646
f 361//647 340//647 360//647
f 393//648 370//648 394//648
f 394//649 370//649 371//649
f 392//650 390//650 395//650
f 395//165 388//165 396//165
f 396//651 388//651 397//651
f 389//165 388//165 395//165
f 388//652 387//652 397//652
f 390//653 389//653 395//653
f 398//171 399//171 400//171
f 401//171 399//171 398//171
f 397//170 401//170 398//170
f 400//654 402//654 403//654
f 387//169 401//169 397//169
f 399//655 402//655 400//655
f 404//328 387//328 386//328
f 404//656 401//656 387//656
f 405//657 406//657 404//657
f 407//658 405//658 408//658
f 409//659 410//659 408//659
f 411//660 404//660 412//660
f 406//661 401//661 404//661
f 408//662 404//662 411//662
f 405//663 404//663 408//663
f 410//664 407//664 408//664
f 395//665 413//665 392//665
f 386//666 377//666 413//666
f 396//667 413//667 395//667
f 413//666 377//666 376//666
f 392//668 413//668 376//668
f 404//669 386//669 413//669
f 412//670 404//670 413//670
f 397//671 412//671 413//671
f 397//672 413//672 396//672
f 398//673 412//673 397//673
f 398//674 414//674 412//674
f 367//675 415//675 362//675
f 362//676 416//676 363//676
f 415//677 417//677 418//677
f 415//678 418//678 416//678
f 416//679 366//679 363//679
f 362//680 415//680 416//680
f 417//681 415//681 393//681
f 393//682 415//682 370//682
f 370//683 415//683 367//683
f 417//684 419//684 420//684
f 417//685 421//685 419//685
f 417//686 393//686 421//686
f 421//687 393//687 422//687
f 423//688 421//688 422//688
f 419//279 421//279 423//279
f 422//689 393//689 394//689
f 424//181 419//181 423//181
f 425//690 420//690 426//690
f 420//184 419//184 424//184
f 426//691 420//691 424//691
f 416//692 418//692 394//692
f 394//693 418//693 422//693
f 422//694 418//694 423//694
f 423//695 418//695 424//695
f 416//696 394//696 371//696
f 416//697 371//697 366//697
f 417//698 427//698 418//698
f 428//699 425//699 429//699
f 417//700 428//700 427//700
f 428//701 420//701 425//701
f 428//702 417//702 420//702
f 430//703 428//703 429//703
f 418//704 427//704 424//704
f 430//705 431//705 432//705
f 433//706 402//706 399//706
f 434//707 401//707 406//707
f 430//708 429//708 431//708
f 434//709 399//709 401//709
f 435//710 402//710 433//710
f 435//711 431//711 402//711
f 432//712 431//712 435//712
f 433//709 399//709 434//709
f 403//713 431//713 436//713
f 402//714 431//714 403//714
f 436//715 429//715 437//715
f 431//282 429//282 436//282
f 426//716 427//716 437//716
f 437//717 438//717 436//717
f 427//718 438//718 437//718
f 424//719 427//719 426//719
f 437//178 425//178 426//178
f 429//178 425//178 437//178
f 439//720 434//720 414//720
f 406//721 405//721 440//721
f 435//159 433//159 441//159
f 441//74 433//74 439//74
f 433//69 434//69 439//69
f 414//722 406//722 440//722
f 434//723 406//723 414//723
f 442//159 435//159 441//159
f 403//724 441//724 400//724
f 436//725 443//725 442//725
f 400//726 441//726 439//726
f 403//727 442//727 441//727
f 436//728 442//728 403//728
f 398//729 439//729 414//729
f 400//730 439//730 398//730
f 432//577 435//577 442//577
f 444//731 432//731 445//731
f 445//732 432//732 443//732
f 436//733 438//733 443//733
f 446//734 444//734 445//734
f 443//577 432//577 442//577
f 447//735 444//735 446//735
f 448//736 447//736 446//736
f 449//737 430//737 447//737
f 428//738 430//738 438//738
f 428//739 438//739 427//739
f 444//740 430//740 432//740
f 430//741 449//741 450//741
f 430//742 450//742 438//742
f 447//743 430//743 444//743
f 451//744 452//744 453//744
f 449//745 448//745 452//745
f 449//746 451//746 454//746
f 449//747 447//747 448//747
f 451//748 449//748 452//748
f 446//749 450//749 455//749
f 438//750 445//750 443//750
f 438//751 446//751 445//751
f 449//752 454//752 450//752
f 455//753 450//753 456//753
f 438//754 450//754 446//754
f 457//755 458//755 459//755
f 460//756 458//756 457//756
f 461//757 460//757 462//757
f 459//758 463//758 464//758
f 462//757 460//757 457//757
f 458//758 463//758 459//758
f 465//759 458//759 460//759
f 466//760 409//760 467//760
f 468//761 466//761 467//761
f 469//762 467//762 470//762
f 471//763 468//763 469//763
f 468//764 467//764 469//764
f 465//765 472//765 458//765
f 473//766 463//766 474//766
f 475//767 471//767 469//767
f 475//768 469//768 476//768
f 476//200 469//200 463//200
f 477//769 463//769 473//769
f 476//770 463//770 477//770
f 472//771 474//771 458//771
f 474//772 463//772 458//772
f 463//773 469//773 464//773
f 464//773 469//773 470//773
f 464//774 478//774 479//774
f 470//775 480//775 481//775
f 464//776 481//776 478//776
f 464//777 482//777 459//777
f 470//778 481//778 464//778
f 464//779 479//779 482//779
f 409//780 408//780 467//780
f 467//781 408//781 483//781
f 470//782 467//782 483//782
f 483//783 408//783 411//783
f 414//784 440//784 412//784
f 440//785 484//785 411//785
f 485//786 486//786 411//786
f 411//787 486//787 483//787
f 487//788 488//788 483//788
f 484//789 485//789 411//789
f 412//790 440//790 411//790
f 486//791 487//791 483//791
f 489//792 480//792 470//792
f 483//793 488//793 470//793
f 488//794 489//794 470//794
f 490//795 461//795 491//795
f 490//796 460//796 461//796
f 492//797 460//797 490//797
f 493//798 461//798 242//798
f 491//799 461//799 493//799
f 493//800 242//800 241//800
f 245//801 461//801 462//801
f 462//802 494//802 495//802
f 462//803 495//803 496//803
f 462//804 496//804 245//804
f 242//805 461//805 245//805
f 457//806 494//806 462//806
f 457//807 497//807 494//807
f 245//808 496//808 246//808
f 498//809 499//809 500//809
f 501//810 502//810 492//810
f 498//811 501//811 499//811
f 503//812 498//812 500//812
f 501//813 492//813 499//813
f 457//814 504//814 497//814
f 502//815 460//815 492//815
f 493//577 241//577 496//577
f 496//576 241//576 246//576
f 495//816 493//816 496//816
f 491//365 493//365 495//365
f 500//378 499//378 505//378
f 505//378 499//378 506//378
f 506//817 499//817 497//817
f 499//818 492//818 497//818
f 494//819 490//819 495//819
f 490//820 491//820 495//820
f 492//821 490//821 497//821
f 497//822 490//822 494//822
f 507//823 508//823 509//823
f 260//566 507//566 261//566
f 261//566 507//566 509//566
f 509//824 508//824 510//824
f 511//825 500//825 505//825
f 512//826 513//826 514//826
f 513//827 515//827 516//827
f 516//565 515//565 517//565
f 514//828 513//828 516//828
f 518//829 500//829 511//829
f 515//178 518//178 517//178
f 510//830 512//830 514//830
f 517//178 518//178 511//178
f 508//831 512//831 510//831
f 519//832 513//832 512//832
f 520//833 503//833 518//833
f 520//834 518//834 515//834
f 521//835 515//835 513//835
f 503//836 500//836 518//836
f 522//837 523//837 511//837
f 497//838 524//838 506//838
f 505//839 522//839 511//839
f 525//840 522//840 505//840
f 511//841 523//841 517//841
f 504//842 524//842 497//842
f 524//843 525//843 506//843
f 506//844 525//844 505//844
f 516//845 526//845 514//845
f 517//846 527//846 516//846
f 502//847 528//847 460//847
f 482//848 474//848 529//848
f 528//849 465//849 460//849
f 529//850 472//850 530//850
f 472//851 465//851 530//851
f 474//852 472//852 529//852
f 530//316 465//316 531//316
f 531//853 528//853 504//853
f 465//316 528//316 531//316
f 504//315 502//315 524//315
f 528//854 502//854 504//854
f 501//855 498//855 525//855
f 502//264 501//264 524//264
f 524//856 501//856 525//856
f 530//857 531//857 457//857
f 531//858 504//858 457//858
f 459//859 530//859 457//859
f 529//860 530//860 459//860
f 482//861 529//861 459//861
f 481//603 476//603 478//603
f 473//862 474//862 482//862
f 478//104 477//104 479//104
f 476//602 477//602 478//602
f 479//863 473//863 482//863
f 477//364 473//364 479//364
f 532//864 533//864 534//864
f 480//369 475//369 481//369
f 535//108 475//108 480//108
f 534//865 533//865 535//865
f 533//365 475//365 535//365
f 475//367 476//367 481//367
f 523//866 527//866 517//866
f 519//867 521//867 513//867
f 527//868 526//868 516//868
f 521//869 520//869 515//869
f 520//273 521//273 523//273
f 523//273 521//273 527//273
f 527//652 521//652 526//652
f 503//870 520//870 522//870
f 522//871 520//871 523//871
f 498//872 503//872 525//872
f 525//873 503//873 522//873
f 521//651 519//651 526//651
f 536//391 537//391 538//391
f 526//169 539//169 536//169
f 519//170 539//170 526//170
f 537//654 540//654 538//654
f 538//874 540//874 541//874
f 539//391 537//391 536//391
f 475//875 542//875 471//875
f 485//876 410//876 486//876
f 405//155 407//155 484//155
f 409//877 466//877 487//877
f 440//878 405//878 484//878
f 410//879 409//879 486//879
f 486//877 409//877 487//877
f 407//134 410//134 484//134
f 484//134 410//134 485//134
f 543//273 544//273 545//273
f 542//274 544//274 543//274
f 471//138 542//138 489//138
f 488//880 471//880 489//880
f 489//140 542//140 543//140
f 487//881 468//881 488//881
f 468//882 471//882 488//882
f 466//883 468//883 487//883
f 545//446 544//446 546//446
f 544//884 547//884 546//884
f 548//885 549//885 550//885
f 549//287 551//287 552//287
f 552//288 551//288 553//288
f 547//564 548//564 546//564
f 546//566 548//566 550//566
f 550//171 549//171 552//171
f 453//181 452//181 554//181
f 553//563 555//563 556//563
f 557//886 453//886 558//886
f 558//887 453//887 554//887
f 551//567 555//567 553//567
f 556//888 559//888 560//888
f 555//562 559//562 556//562
f 559//379 557//379 560//379
f 560//379 557//379 558//379
f 451//889 555//889 551//889
f 451//890 559//890 555//890
f 451//891 557//891 559//891
f 451//892 453//892 557//892
f 558//252 454//252 560//252
f 554//893 454//893 558//893
f 554//181 452//181 456//181
f 560//894 454//894 556//894
f 456//248 454//248 554//248
f 455//895 448//895 446//895
f 456//896 448//896 455//896
f 452//578 448//578 456//578
f 556//897 454//897 553//897
f 450//898 454//898 456//898
f 561//899 549//899 548//899
f 562//900 547//900 532//900
f 562//901 548//901 547//901
f 532//902 544//902 533//902
f 532//903 547//903 544//903
f 561//904 548//904 562//904
f 533//905 542//905 475//905
f 533//906 544//906 542//906
f 563//907 549//907 561//907
f 563//908 551//908 549//908
f 543//909 480//909 489//909
f 545//910 535//910 543//910
f 543//911 535//911 480//911
f 546//912 534//912 545//912
f 545//913 534//913 535//913
f 550//914 564//914 546//914
f 546//915 564//915 534//915
f 552//916 565//916 550//916
f 553//917 566//917 552//917
f 550//918 565//918 564//918
f 565//919 562//919 564//919
f 561//920 562//920 565//920
f 564//921 532//921 534//921
f 562//922 532//922 564//922
f 552//923 566//923 565//923
f 567//924 451//924 568//924
f 568//925 451//925 563//925
f 451//926 551//926 563//926
f 553//927 454//927 566//927
f 454//928 569//928 566//928
f 454//929 570//929 569//929
f 540//930 571//930 541//930
f 572//931 567//931 570//931
f 571//932 567//932 572//932
f 570//380 568//380 569//380
f 541//933 571//933 572//933
f 567//379 568//379 570//379
f 569//934 563//934 566//934
f 568//935 563//935 569//935
f 566//378 561//378 565//378
f 563//378 561//378 566//378
f 451//936 278//936 454//936
f 281//937 508//937 507//937
f 281//938 519//938 512//938
f 526//939 278//939 514//939
f 281//940 507//940 260//940
f 514//941 278//941 510//941
f 510//942 278//942 509//942
f 509//943 278//943 261//943
f 281//944 512//944 508//944
f 281//945 539//945 519//945
f 541//946 278//946 538//946
f 538//947 278//947 536//947
f 536//948 278//948 526//948
f 281//949 540//949 537//949
f 281//950 537//950 539//950
f 281//951 567//951 571//951
f 281//952 571//952 540//952
f 572//953 278//953 541//953
f 570//954 278//954 572//954
f 454//955 278//955 570//955
f 451//956 281//956 278//956
f 281//957 451//957 567//957
f 281//958 280//958 279//958
f 281//959 279//959 278//959
f 281//960 296//960 301//960
f 301//961 300//961 299//961
f 281//962 301//962 298//962
f 301//963 299//963 298//963
f 296//964 295//964 301//964
f 281//965 297//965 296//965
f 281//966 306//966 304//966
f 281//967 304//967 280//967
f 302//968 298//968 303//968
f 305//969 298//969 302//969
f 306//970 298//970 305//970
f 281//971 298//971 306//971
f 298//972 307//972 303//972
f 323//973 324//973 317//973
f 326//974 325//974 319//974
f 303//975 307//975 321//975
f 322//976 321//976 325//976
f 325//976 321//976 307//976
f 323//977 322//977 326//977
f 326//977 322//977 325//977
f 324//978 323//978 326//978
f 573//979 324//979 574//979
f 574//980 324//980 326//980
f 575//979 324//979 573//979
f 576//981 577//981 578//981
f 577//982 575//982 578//982
f 578//983 575//983 573//983
f 579//984 580//984 581//984
f 581//985 580//985 576//985
f 580//981 577//981 576//981
f 582//986 583//986 584//986
f 583//987 585//987 584//987
f 583//988 586//988 585//988
f 583//989 587//989 586//989
f 583//990 588//990 587//990
f 584//991 585//991 589//991
f 586//992 579//992 590//992
f 586//993 591//993 592//993
f 586//994 590//994 591//994
f 590//995 579//995 581//995
f 593//996 594//996 595//996
f 596//997 597//997 594//997
f 598//998 594//998 593//998
f 596//999 594//999 599//999
f 600//1000 594//1000 598//1000
f 600//1001 599//1001 594//1001
f 597//10 595//10 594//10
f 601//1002 602//1002 595//1002
f 601//1002 603//1002 602//1002
f 601//1003 604//1003 603//1003
f 597//10 601//10 595//10
f 605//1004 595//1004 602//1004
f 606//1005 607//1005 602//1005
f 607//1006 605//1006 602//1006
f 608//1007 593//1007 595//1007
f 609//18 608//18 595//18
f 593//1008 608//1008 610//1008
f 610//1009 608//1009 611//1009
f 605//1010 609//1010 595//1010
f 608//1011 609//1011 611//1011
f 611//1012 612//1012 601//1012
f 596//1013 613//1013 597//1013
f 597//1014 613//1014 614//1014
f 597//32 614//32 610//32
f 610//1015 611//1015 601//1015
f 612//1016 604//1016 601//1016
f 597//1017 610//1017 601//1017
f 603//1018 615//1018 616//1018
f 603//1018 616//1018 602//1018
f 615//1019 617//1019 616//1019
f 615//1020 618//1020 617//1020
f 618//1021 619//1021 617//1021
f 620//1022 616//1022 617//1022
f 615//1023 621//1023 618//1023
f 622//1024 620//1024 617//1024
f 623//1025 617//1025 619//1025
f 624//1026 616//1026 620//1026
f 623//1027 622//1027 617//1027
f 615//1028 625//1028 621//1028
f 626//37 616//37 624//37
f 615//1029 627//1029 625//1029
f 628//1030 606//1030 616//1030
f 629//1031 630//1031 603//1031
f 630//57 631//57 615//57
f 604//1032 629//1032 603//1032
f 606//1033 602//1033 616//1033
f 603//1034 630//1034 615//1034
f 605//1035 607//1035 604//1035
f 604//1036 607//1036 629//1036
f 607//1037 606//1037 629//1037
f 609//1038 605//1038 612//1038
f 612//1039 605//1039 604//1039
f 611//1040 609//1040 612//1040
f 630//1041 628//1041 631//1041
f 628//1042 632//1042 631//1042
f 629//1043 606//1043 630//1043
f 631//1044 632//1044 633//1044
f 606//266 628//266 630//266
f 626//1045 628//1045 616//1045
f 631//1046 627//1046 615//1046
f 634//1047 635//1047 636//1047
f 636//1048 635//1048 637//1048
f 636//1049 637//1049 638//1049
f 638//1050 637//1050 632//1050
f 638//51 632//51 639//51
f 639//1051 628//1051 626//1051
f 639//1052 632//1052 628//1052
f 640//1053 641//1053 642//1053
f 633//1054 642//1054 643//1054
f 640//1055 642//1055 633//1055
f 633//1056 643//1056 631//1056
f 631//1057 643//1057 627//1057
f 644//1058 645//1058 641//1058
f 644//1059 641//1059 640//1059
f 646//1060 647//1060 648//1060
f 647//1061 599//1061 648//1061
f 647//1062 596//1062 599//1062
f 646//1063 648//1063 649//1063
f 650//1064 599//1064 600//1064
f 651//1065 599//1065 650//1065
f 596//1066 652//1066 653//1066
f 647//1067 652//1067 596//1067
f 596//1068 653//1068 654//1068
f 596//1069 654//1069 613//1069
f 655//1070 648//1070 599//1070
f 655//1071 599//1071 651//1071
f 656//1072 649//1072 657//1072
f 658//1073 657//1073 649//1073
f 656//1074 646//1074 649//1074
f 659//1075 660//1075 648//1075
f 656//1076 661//1076 646//1076
f 646//1077 661//1077 662//1077
f 658//1078 649//1078 663//1078
f 663//1079 649//1079 664//1079
f 660//1080 649//1080 648//1080
f 660//1081 664//1081 649//1081
f 665//1082 666//1082 646//1082
f 646//1083 666//1083 647//1083
f 646//1084 662//1084 665//1084
f 667//1085 655//1085 668//1085
f 667//1086 659//1086 655//1086
f 669//133 670//133 671//133
f 659//1087 648//1087 655//1087
f 670//1088 672//1088 673//1088
f 670//128 673//128 671//128
f 672//1089 667//1089 668//1089
f 672//1090 668//1090 673//1090
f 674//1091 667//1091 675//1091
f 659//1092 667//1092 674//1092
f 675//1093 672//1093 676//1093
f 672//1094 670//1094 676//1094
f 667//1095 672//1095 675//1095
f 677//1096 669//1096 678//1096
f 670//1096 669//1096 677//1096
f 678//1097 679//1097 680//1097
f 679//1098 681//1098 680//1098
f 676//1099 670//1099 677//1099
f 669//1100 679//1100 678//1100
f 647//1101 674//1101 652//1101
f 666//1102 674//1102 647//1102
f 665//1103 660//1103 666//1103
f 663//1104 664//1104 662//1104
f 661//1105 663//1105 662//1105
f 664//1106 660//1106 665//1106
f 666//1107 659//1107 674//1107
f 658//1108 663//1108 661//1108
f 662//1104 664//1104 665//1104
f 660//1109 659//1109 666//1109
f 654//1110 600//1110 613//1110
f 613//364 598//364 614//364
f 598//1111 593//1111 614//1111
f 614//1112 593//1112 610//1112
f 650//1113 600//1113 654//1113
f 600//364 598//364 613//364
f 653//1114 651//1114 654//1114
f 651//367 650//367 654//367
f 655//365 651//365 652//365
f 682//366 655//366 652//366
f 668//368 655//368 682//368
f 652//365 651//365 653//365
f 637//147 635//147 640//147
f 632//1115 637//1115 633//1115
f 633//1116 637//1116 640//1116
f 644//1117 635//1117 683//1117
f 640//147 635//147 644//147
f 635//1118 684//1118 683//1118
f 685//1119 686//1119 687//1119
f 687//1120 686//1120 688//1120
f 689//1119 685//1119 687//1119
f 684//1121 685//1121 689//1121
f 683//1122 684//1122 689//1122
f 686//1123 690//1123 688//1123
f 691//1124 692//1124 690//1124
f 693//1125 694//1125 691//1125
f 691//191 694//191 692//191
f 693//1126 695//1126 694//1126
f 696//1127 691//1127 690//1127
f 696//1128 690//1128 686//1128
f 673//1129 668//1129 697//1129
f 698//1130 695//1130 699//1130
f 697//1131 668//1131 682//1131
f 671//1132 673//1132 700//1132
f 694//1133 695//1133 698//1133
f 699//660 701//660 700//660
f 695//1134 701//1134 699//1134
f 701//1135 671//1135 700//1135
f 700//1136 673//1136 697//1136
f 702//374 694//374 703//374
f 688//1137 690//1137 702//1137
f 703//1138 694//1138 698//1138
f 690//1139 692//1139 702//1139
f 698//1140 704//1140 703//1140
f 692//376 694//376 702//376
f 705//1141 634//1141 706//1141
f 705//1142 684//1142 635//1142
f 705//1143 696//1143 684//1143
f 705//1144 635//1144 634//1144
f 707//1145 705//1145 706//1145
f 705//204 707//204 708//204
f 709//1146 705//1146 708//1146
f 696//1146 705//1146 709//1146
f 696//1147 685//1147 684//1147
f 696//1148 686//1148 685//1148
f 644//1149 708//1149 645//1149
f 709//1150 708//1150 683//1150
f 683//1151 708//1151 644//1151
f 687//1152 709//1152 689//1152
f 689//1153 709//1153 683//1153
f 691//217 696//217 710//217
f 702//1154 710//1154 688//1154
f 710//218 709//218 688//218
f 710//217 696//217 709//217
f 688//1155 709//1155 687//1155
f 703//1156 704//1156 710//1156
f 703//1157 710//1157 702//1157
f 693//1158 669//1158 701//1158
f 669//1159 671//1159 701//1159
f 693//1160 701//1160 695//1160
f 652//1161 675//1161 682//1161
f 682//1162 676//1162 697//1162
f 675//1163 676//1163 682//1163
f 697//1164 677//1164 700//1164
f 700//1165 678//1165 699//1165
f 676//1166 677//1166 697//1166
f 677//1167 678//1167 700//1167
f 674//1168 675//1168 652//1168
f 711//1169 712//1169 681//1169
f 713//147 712//147 714//147
f 681//147 712//147 713//147
f 693//1170 679//1170 669//1170
f 680//1171 681//1171 713//1171
f 711//1172 679//1172 693//1172
f 711//1173 681//1173 679//1173
f 715//1174 712//1174 711//1174
f 713//802 716//802 680//802
f 699//1175 704//1175 698//1175
f 693//1176 691//1176 704//1176
f 678//1177 704//1177 699//1177
f 704//220 691//220 710//220
f 711//1178 693//1178 716//1178
f 714//1179 717//1179 716//1179
f 714//1180 716//1180 713//1180
f 680//1181 716//1181 704//1181
f 716//1182 693//1182 704//1182
f 715//1183 711//1183 717//1183
f 680//1184 704//1184 678//1184
f 717//1185 711//1185 716//1185
f 718//1186 719//1186 657//1186
f 718//1187 657//1187 720//1187
f 720//1188 657//1188 658//1188
f 657//1189 721//1189 656//1189
f 656//1190 722//1190 723//1190
f 721//1191 724//1191 722//1191
f 657//1192 719//1192 721//1192
f 725//1193 719//1193 718//1193
f 721//1194 722//1194 656//1194
f 656//1195 723//1195 661//1195
f 726//1196 727//1196 728//1196
f 729//1197 719//1197 725//1197
f 721//1198 730//1198 724//1198
f 728//1199 719//1199 729//1199
f 721//1200 731//1200 730//1200
f 721//1201 732//1201 731//1201
f 727//1202 719//1202 728//1202
f 733//1203 734//1203 735//1203
f 736//1204 726//1204 737//1204
f 738//1205 736//1205 737//1205
f 734//1206 736//1206 735//1206
f 735//1207 736//1207 738//1207
f 739//1208 733//1208 735//1208
f 740//1209 733//1209 739//1209
f 741//1210 742//1210 743//1210
f 744//1211 742//1211 741//1211
f 743//1209 740//1209 739//1209
f 742//1212 740//1212 743//1212
f 745//1213 733//1213 740//1213
f 745//574 746//574 733//574
f 746//1214 734//1214 733//1214
f 747//1215 745//1215 740//1215
f 725//1216 718//1216 722//1216
f 722//1217 720//1217 723//1217
f 723//1218 658//1218 661//1218
f 718//1219 720//1219 722//1219
f 724//1220 725//1220 722//1220
f 720//1221 658//1221 723//1221
f 729//1222 725//1222 730//1222
f 730//1222 725//1222 724//1222
f 728//1223 729//1223 731//1223
f 731//1224 729//1224 730//1224
f 737//1225 726//1225 731//1225
f 726//817 728//817 731//817
f 732//1226 737//1226 731//1226
f 719//1227 727//1227 732//1227
f 719//1228 732//1228 721//1228
f 727//1229 748//1229 749//1229
f 727//1230 749//1230 732//1230
f 750//1231 736//1231 734//1231
f 751//1232 736//1232 750//1232
f 751//1233 726//1233 736//1233
f 746//1234 750//1234 734//1234
f 751//1235 727//1235 726//1235
f 732//1236 752//1236 737//1236
f 749//1237 752//1237 732//1237
f 749//1238 753//1238 752//1238
f 749//1239 754//1239 753//1239
f 749//1240 755//1240 754//1240
f 751//1241 748//1241 727//1241
f 756//1242 748//1242 757//1242
f 757//1243 748//1243 758//1243
f 758//1244 748//1244 751//1244
f 715//1245 759//1245 712//1245
f 715//1246 760//1246 759//1246
f 761//1247 760//1247 715//1247
f 761//1248 742//1248 744//1248
f 761//1249 744//1249 760//1249
f 762//1119 760//1119 763//1119
f 764//1250 759//1250 762//1250
f 712//144 759//144 714//144
f 714//1251 759//1251 764//1251
f 759//1252 760//1252 762//1252
f 763//1253 744//1253 741//1253
f 760//1119 744//1119 763//1119
f 763//1254 765//1254 762//1254
f 741//416 765//416 763//416
f 762//1255 765//1255 717//1255
f 764//1256 717//1256 714//1256
f 762//1257 717//1257 764//1257
f 761//1258 715//1258 717//1258
f 765//1259 761//1259 717//1259
f 766//1260 761//1260 765//1260
f 767//1261 761//1261 766//1261
f 768//1262 767//1262 769//1262
f 769//1263 767//1263 766//1263
f 747//1264 740//1264 767//1264
f 767//1265 740//1265 742//1265
f 767//1266 742//1266 761//1266
f 743//1267 766//1267 741//1267
f 741//1268 766//1268 765//1268
f 770//1269 771//1269 743//1269
f 743//1270 771//1270 766//1270
f 739//1271 770//1271 743//1271
f 772//1272 773//1272 768//1272
f 773//636 774//636 768//636
f 775//1273 772//1273 768//1273
f 768//1274 774//1274 767//1274
f 776//1275 747//1275 767//1275
f 774//1276 776//1276 767//1276
f 777//1277 778//1277 779//1277
f 777//1278 779//1278 775//1278
f 775//1279 780//1279 772//1279
f 775//1280 779//1280 781//1280
f 775//1281 781//1281 780//1281
f 782//1282 783//1282 777//1282
f 782//1283 777//1283 784//1283
f 783//1284 778//1284 777//1284
f 785//1285 786//1285 787//1285
f 775//666 768//666 788//666
f 788//666 768//666 769//666
f 777//1286 775//1286 788//1286
f 784//662 777//662 787//662
f 787//1286 777//1286 788//1286
f 737//1287 752//1287 738//1287
f 738//1288 789//1288 735//1288
f 790//1289 770//1289 739//1289
f 789//1290 790//1290 735//1290
f 738//1291 752//1291 789//1291
f 735//1292 790//1292 739//1292
f 745//1038 747//1038 770//1038
f 752//1293 750//1293 789//1293
f 751//1294 750//1294 752//1294
f 789//1295 746//1295 790//1295
f 750//1296 746//1296 789//1296
f 790//1297 745//1297 770//1297
f 746//1107 745//1107 790//1107
f 755//1298 757//1298 754//1298
f 758//364 751//364 753//364
f 754//1218 758//1218 753//1218
f 757//1299 758//1299 754//1299
f 756//1300 757//1300 755//1300
f 753//364 751//364 752//364
f 791//437 773//437 792//437
f 774//883 773//883 791//883
f 792//1301 772//1301 793//1301
f 776//1037 774//1037 794//1037
f 773//1302 772//1302 792//1302
f 794//1043 774//1043 791//1043
f 747//1303 776//1303 771//1303
f 771//1093 776//1093 794//1093
f 770//1039 747//1039 771//1039
f 772//1304 780//1304 793//1304
f 791//1305 769//1305 766//1305
f 794//1306 791//1306 766//1306
f 795//1307 788//1307 793//1307
f 793//1308 788//1308 769//1308
f 771//1309 794//1309 766//1309
f 792//1310 793//1310 769//1310
f 791//1311 792//1311 769//1311
f 793//1312 780//1312 795//1312
f 796//1122 779//1122 785//1122
f 781//1313 779//1313 796//1313
f 780//147 781//147 795//147
f 797//1314 781//1314 796//1314
f 779//1121 778//1121 785//1121
f 795//147 781//147 797//147
f 796//1315 788//1315 797//1315
f 785//1316 787//1316 796//1316
f 797//1317 788//1317 795//1317
f 796//1318 787//1318 788//1318
f 798//1319 799//1319 800//1319
f 756//1320 799//1320 748//1320
f 801//1321 799//1321 756//1321
f 748//676 799//676 802//676
f 802//1322 755//1322 749//1322
f 748//1323 802//1323 749//1323
f 800//1324 799//1324 801//1324
f 803//365 756//365 755//365
f 804//1325 805//1325 806//1325
f 807//1326 805//1326 808//1326
f 805//1327 809//1327 806//1327
f 808//1328 805//1328 804//1328
f 810//1329 800//1329 803//1329
f 806//1330 800//1330 810//1330
f 809//1331 800//1331 806//1331
f 800//1332 801//1332 803//1332
f 801//365 756//365 803//365
f 802//1333 803//1333 755//1333
f 802//692 811//692 810//692
f 810//1334 811//1334 806//1334
f 806//1335 811//1335 804//1335
f 802//696 810//696 803//696
f 798//1336 800//1336 809//1336
f 798//685 809//685 805//685
f 804//1337 811//1337 808//1337
f 798//1338 812//1338 811//1338
f 811//1339 812//1339 808//1339
f 813//1340 798//1340 807//1340
f 798//1338 813//1338 812//1338
f 799//1341 811//1341 802//1341
f 799//1341 798//1341 811//1341
f 813//1342 814//1342 815//1342
f 813//1343 807//1343 814//1343
f 798//1344 805//1344 807//1344
f 816//1345 817//1345 818//1345
f 818//1346 819//1346 820//1346
f 818//1347 817//1347 819//1347
f 820//1348 821//1348 822//1348
f 820//1349 819//1349 821//1349
f 822//1350 778//1350 783//1350
f 822//1348 821//1348 778//1348
f 823//1351 824//1351 785//1351
f 785//1352 824//1352 786//1352
f 823//1351 825//1351 824//1351
f 815//1133 814//1133 826//1133
f 814//1353 807//1353 808//1353
f 827//1138 815//1138 826//1138
f 826//1354 814//1354 808//1354
f 817//1355 815//1355 827//1355
f 819//1356 817//1356 828//1356
f 828//1357 817//1357 827//1357
f 821//1358 819//1358 829//1358
f 829//1359 819//1359 828//1359
f 785//1119 778//1119 823//1119
f 823//1360 821//1360 829//1360
f 778//1119 821//1119 823//1119
f 826//1361 812//1361 827//1361
f 808//1362 812//1362 826//1362
f 828//1363 830//1363 831//1363
f 829//1364 831//1364 825//1364
f 828//1365 831//1365 829//1365
f 829//1366 825//1366 823//1366
f 827//717 832//717 828//717
f 813//1367 833//1367 832//1367
f 833//1368 813//1368 815//1368
f 833//1369 815//1369 817//1369
f 813//1367 832//1367 812//1367
f 812//1370 832//1370 827//1370
f 834//1371 833//1371 835//1371
f 836//1372 833//1372 834//1372
f 835//740 833//740 816//740
f 828//1373 832//1373 830//1373
f 832//1374 837//1374 838//1374
f 832//1375 838//1375 839//1375
f 832//1376 839//1376 830//1376
f 836//1377 834//1377 840//1377
f 833//1378 817//1378 816//1378
f 833//1379 836//1379 837//1379
f 833//1380 837//1380 832//1380
f 841//1381 836//1381 842//1381
f 836//1382 840//1382 842//1382
f 843//1383 265//1383 844//1383
f 845//1384 265//1384 843//1384
f 846//1385 265//1385 845//1385
f 847//1386 265//1386 846//1386
f 264//1387 265//1387 848//1387
f 848//1388 265//1388 849//1388
f 849//1389 265//1389 850//1389
f 850//1390 265//1390 851//1390
f 851//1391 265//1391 852//1391
f 273//1392 264//1392 848//1392
f 853//1393 852//1393 854//1393
f 854//1394 265//1394 847//1394
f 852//1395 265//1395 854//1395
f 852//1396 855//1396 856//1396
f 852//1397 853//1397 855//1397
f 852//1398 857//1398 858//1398
f 852//1399 858//1399 859//1399
f 844//1400 265//1400 860//1400
f 852//1401 861//1401 857//1401
f 852//1402 856//1402 862//1402
f 852//1403 862//1403 861//1403
f 860//1404 265//1404 863//1404
f 863//1405 265//1405 864//1405
f 852//1406 859//1406 865//1406
f 864//1407 265//1407 866//1407
f 852//1408 865//1408 867//1408
f 852//1409 867//1409 868//1409
f 845//1410 843//1410 862//1410
f 862//1411 843//1411 861//1411
f 846//1412 845//1412 856//1412
f 856//1413 845//1413 862//1413
f 847//1414 846//1414 856//1414
f 869//1415 870//1415 871//1415
f 872//1416 870//1416 869//1416
f 855//1417 847//1417 856//1417
f 871//1418 847//1418 855//1418
f 870//1419 847//1419 871//1419
f 873//1420 874//1420 875//1420
f 876//1421 877//1421 878//1421
f 878//1422 877//1422 873//1422
f 858//1423 876//1423 878//1423
f 879//1424 876//1424 858//1424
f 861//1425 844//1425 857//1425
f 843//1426 844//1426 861//1426
f 857//1427 879//1427 858//1427
f 844//1428 879//1428 857//1428
f 877//1429 874//1429 873//1429
f 876//1430 880//1430 877//1430
f 876//1431 881//1431 880//1431
f 879//1432 881//1432 876//1432
f 879//1433 860//1433 881//1433
f 844//1434 860//1434 879//1434
f 882//1435 878//1435 873//1435
f 883//1436 878//1436 882//1436
f 883//1437 858//1437 878//1437
f 859//1438 858//1438 883//1438
f 884//1439 265//1439 267//1439
f 885//1440 267//1440 268//1440
f 885//1439 884//1439 267//1439
f 886//1441 887//1441 263//1441
f 888//1442 268//1442 266//1442
f 888//1440 885//1440 268//1440
f 887//1443 888//1443 266//1443
f 887//1444 266//1444 263//1444
f 889//1445 262//1445 269//1445
f 886//1446 263//1446 262//1446
f 890//1447 889//1447 269//1447
f 891//1448 890//1448 264//1448
f 889//1449 886//1449 262//1449
f 890//1450 269//1450 264//1450
f 850//1451 892//1451 849//1451
f 852//1452 893//1452 851//1452
f 851//1453 894//1453 850//1453
f 893//1454 894//1454 851//1454
f 894//1453 892//1453 850//1453
f 849//1455 895//1455 848//1455
f 892//1456 895//1456 849//1456
f 895//1457 896//1457 848//1457
f 848//1458 896//1458 273//1458
f 273//1459 897//1459 272//1459
f 896//1458 897//1458 273//1458
f 272//1460 898//1460 271//1460
f 897//1461 898//1461 272//1461
f 898//1462 899//1462 271//1462
f 265//1463 884//1463 866//1463
f 893//1464 852//1464 868//1464
f 270//1465 900//1465 264//1465
f 901//1466 274//1466 271//1466
f 901//1467 271//1467 899//1467
f 264//1468 900//1468 891//1468
f 893//1469 868//1469 902//1469
f 893//1470 902//1470 903//1470
f 893//1471 903//1471 904//1471
f 866//1472 884//1472 905//1472
f 905//1473 884//1473 906//1473
f 906//1474 884//1474 907//1474
f 893//1475 908//1475 909//1475
f 893//1476 910//1476 908//1476
f 893//1477 904//1477 910//1477
f 907//1478 884//1478 911//1478
f 912//1479 884//1479 913//1479
f 914//1480 884//1480 912//1480
f 911//1481 884//1481 915//1481
f 915//1482 884//1482 914//1482
f 893//1483 916//1483 917//1483
f 893//1484 909//1484 916//1484
f 309//1485 918//1485 900//1485
f 315//1486 919//1486 313//1486
f 315//1487 920//1487 919//1487
f 313//1488 921//1488 311//1488
f 313//1489 919//1489 921//1489
f 311//1490 918//1490 309//1490
f 311//1491 921//1491 918//1491
f 309//1492 900//1492 270//1492
f 922//1493 310//1493 901//1493
f 923//1494 310//1494 922//1494
f 901//1495 310//1495 274//1495
f 923//1496 312//1496 310//1496
f 924//1497 314//1497 923//1497
f 924//1498 316//1498 314//1498
f 923//1499 314//1499 312//1499
f 924//1500 573//1500 316//1500
f 925//1501 573//1501 924//1501
f 574//1502 326//1502 316//1502
f 316//1503 326//1503 318//1503
f 324//1504 920//1504 315//1504
f 926//1505 854//1505 927//1505
f 928//1506 926//1506 927//1506
f 928//1507 927//1507 929//1507
f 926//1508 853//1508 854//1508
f 854//1509 930//1509 931//1509
f 854//1510 932//1510 930//1510
f 854//1511 931//1511 933//1511
f 854//1512 934//1512 935//1512
f 854//1513 933//1513 927//1513
f 854//1514 935//1514 932//1514
f 936//1515 853//1515 937//1515
f 938//1516 853//1516 939//1516
f 940//1517 853//1517 926//1517
f 937//1518 853//1518 940//1518
f 939//1519 853//1519 936//1519
f 941//1520 853//1520 938//1520
f 927//1521 942//1521 929//1521
f 927//1522 943//1522 942//1522
f 944//1523 945//1523 928//1523
f 946//1524 926//1524 928//1524
f 947//1525 926//1525 946//1525
f 942//1526 948//1526 929//1526
f 927//1527 933//1527 943//1527
f 940//1528 926//1528 947//1528
f 948//1529 949//1529 929//1529
f 945//1530 946//1530 928//1530
f 854//1531 872//1531 934//1531
f 854//1532 870//1532 872//1532
f 854//1533 847//1533 870//1533
f 855//1534 853//1534 871//1534
f 871//1535 853//1535 869//1535
f 869//1536 853//1536 941//1536
f 932//1537 935//1537 938//1537
f 930//1538 932//1538 936//1538
f 936//1539 932//1539 939//1539
f 939//1417 932//1417 938//1417
f 941//1540 950//1540 951//1540
f 938//1541 934//1541 941//1541
f 935//1542 934//1542 938//1542
f 934//1543 950//1543 941//1543
f 933//1544 931//1544 940//1544
f 940//1545 931//1545 937//1545
f 943//1546 933//1546 947//1546
f 947//1547 933//1547 940//1547
f 937//1548 930//1548 936//1548
f 931//1549 930//1549 937//1549
f 952//1550 949//1550 953//1550
f 946//1551 943//1551 947//1551
f 953//1552 949//1552 944//1552
f 944//1553 948//1553 945//1553
f 948//1554 942//1554 945//1554
f 949//1555 948//1555 944//1555
f 945//1556 942//1556 946//1556
f 942//1557 943//1557 946//1557
f 954//1558 955//1558 956//1558
f 957//1559 952//1559 953//1559
f 956//1560 955//1560 957//1560
f 955//1561 952//1561 957//1561
f 951//1562 958//1562 959//1562
f 950//1563 958//1563 951//1563
f 958//1564 960//1564 959//1564
f 959//1565 960//1565 961//1565
f 962//1566 963//1566 964//1566
f 961//1567 965//1567 966//1567
f 960//1568 965//1568 961//1568
f 966//1569 967//1569 968//1569
f 964//1570 963//1570 969//1570
f 967//1571 962//1571 968//1571
f 965//1572 967//1572 966//1572
f 968//1420 962//1420 964//1420
f 970//1573 971//1573 972//1573
f 969//1574 973//1574 974//1574
f 963//1575 973//1575 969//1575
f 972//1576 971//1576 975//1576
f 974//1577 970//1577 972//1577
f 973//1578 970//1578 974//1578
f 976//1579 977//1579 978//1579
f 979//1580 977//1580 976//1580
f 978//1581 954//1581 956//1581
f 977//1582 954//1582 978//1582
f 980//1583 979//1583 981//1583
f 981//1584 979//1584 976//1584
f 971//1585 980//1585 975//1585
f 975//1586 980//1586 981//1586
f 982//1587 983//1587 984//1587
f 985//1588 986//1588 982//1588
f 987//1589 986//1589 985//1589
f 986//1590 929//1590 982//1590
f 986//1591 928//1591 929//1591
f 985//1592 982//1592 984//1592
f 929//1593 949//1593 988//1593
f 929//1594 989//1594 982//1594
f 929//1595 988//1595 989//1595
f 944//1596 928//1596 990//1596
f 990//1597 928//1597 991//1597
f 991//1598 928//1598 986//1598
f 991//1599 986//1599 992//1599
f 992//1600 986//1600 987//1600
f 993//1601 994//1601 995//1601
f 984//1602 994//1602 996//1602
f 996//1546 994//1546 993//1546
f 982//1603 989//1603 997//1603
f 987//1604 985//1604 995//1604
f 995//1605 985//1605 993//1605
f 984//1606 983//1606 994//1606
f 982//1607 997//1607 983//1607
f 952//1608 955//1608 998//1608
f 998//1609 955//1609 999//1609
f 954//1610 977//1610 1000//1610
f 999//1611 954//1611 1000//1611
f 955//1612 954//1612 999//1612
f 988//1613 952//1613 998//1613
f 949//1614 952//1614 988//1614
f 953//1615 944//1615 990//1615
f 953//1616 990//1616 1001//1616
f 956//1617 1002//1617 1003//1617
f 978//1618 956//1618 1003//1618
f 956//1619 957//1619 1002//1619
f 957//1620 953//1620 1001//1620
f 957//1621 1001//1621 1002//1621
f 979//1622 1004//1622 977//1622
f 977//1623 1004//1623 1000//1623
f 1005//1624 981//1624 976//1624
f 1005//1625 975//1625 981//1625
f 1005//1626 976//1626 1006//1626
f 971//1627 1007//1627 980//1627
f 980//1628 1007//1628 979//1628
f 1006//1629 976//1629 978//1629
f 1006//1630 978//1630 1003//1630
f 979//1631 1007//1631 1004//1631
f 997//1538 989//1538 992//1538
f 989//1632 988//1632 990//1632
f 990//1633 998//1633 1001//1633
f 988//1634 998//1634 990//1634
f 995//1545 983//1545 987//1545
f 992//1539 989//1539 991//1539
f 991//1635 989//1635 990//1635
f 994//1636 983//1636 995//1636
f 987//1637 997//1637 992//1637
f 983//1638 997//1638 987//1638
f 1008//1639 1009//1639 1010//1639
f 1011//1640 1009//1640 1008//1640
f 1001//1641 999//1641 1002//1641
f 1003//1642 1011//1642 1008//1642
f 999//1563 1000//1563 1002//1563
f 1000//1564 1011//1564 1003//1564
f 1002//1562 1000//1562 1003//1562
f 998//1543 999//1543 1001//1543
f 1011//1643 1004//1643 1012//1643
f 1000//1644 1004//1644 1011//1644
f 1013//1645 1012//1645 1014//1645
f 1015//1646 1012//1646 1013//1646
f 1009//1647 1012//1647 1015//1647
f 1011//1648 1012//1648 1009//1648
f 1006//1649 1008//1649 1016//1649
f 1016//1650 1017//1650 1018//1650
f 1006//1651 1003//1651 1008//1651
f 1016//1652 1008//1652 1010//1652
f 1016//1653 1010//1653 1019//1653
f 1016//1654 1019//1654 1017//1654
f 1013//1655 1014//1655 1020//1655
f 1020//1656 1014//1656 1021//1656
f 1014//1657 1022//1657 1021//1657
f 1010//1569 1015//1569 1019//1569
f 1009//1658 1015//1658 1010//1658
f 1013//1659 1020//1659 1017//1659
f 1017//1570 1020//1570 1023//1570
f 1019//1660 1013//1660 1017//1660
f 1023//1661 1021//1661 1024//1661
f 1015//1571 1013//1571 1019//1571
f 1020//1575 1021//1575 1023//1575
f 1018//1662 1023//1662 1024//1662
f 1025//1663 1018//1663 1024//1663
f 1018//1664 1017//1664 1023//1664
f 950//1665 1026//1665 958//1665
f 958//1666 1026//1666 1027//1666
f 960//1667 1027//1667 1028//1667
f 958//1668 1027//1668 960//1668
f 950//1669 872//1669 1026//1669
f 934//1670 872//1670 950//1670
f 960//1671 1028//1671 965//1671
f 1029//1672 1030//1672 967//1672
f 967//1673 1030//1673 962//1673
f 1028//1674 1029//1674 965//1674
f 965//1675 1029//1675 967//1675
f 1031//1676 959//1676 1032//1676
f 1031//1677 951//1677 959//1677
f 869//1678 951//1678 1031//1678
f 1032//1679 959//1679 961//1679
f 1032//1680 961//1680 1033//1680
f 869//1681 941//1681 951//1681
f 1034//1682 1035//1682 968//1682
f 1035//1683 1033//1683 966//1683
f 1034//1684 968//1684 964//1684
f 1035//1685 966//1685 968//1685
f 1033//1686 961//1686 966//1686
f 1031//1545 872//1545 869//1545
f 1026//1544 872//1544 1031//1544
f 1027//1687 1026//1687 1032//1687
f 1033//1688 1027//1688 1032//1688
f 1028//1689 1027//1689 1033//1689
f 1032//1690 1026//1690 1031//1690
f 1036//1691 1037//1691 1038//1691
f 1030//1692 1029//1692 1034//1692
f 1029//1693 1028//1693 1035//1693
f 1038//1694 1030//1694 1034//1694
f 1039//1695 1037//1695 1036//1695
f 1035//1696 1028//1696 1033//1696
f 1037//1697 1030//1697 1038//1697
f 1034//1698 1029//1698 1035//1698
f 1040//1699 1041//1699 1042//1699
f 1043//1700 1044//1700 1045//1700
f 1046//1701 1039//1701 1047//1701
f 1047//1702 1039//1702 1036//1702
f 1044//1703 1046//1703 1045//1703
f 1045//1704 1046//1704 1047//1704
f 1042//1705 1041//1705 1043//1705
f 1041//1706 1044//1706 1043//1706
f 1034//1707 964//1707 1048//1707
f 962//1708 1030//1708 1049//1708
f 963//1709 1050//1709 973//1709
f 963//1710 1049//1710 1050//1710
f 970//1711 1050//1711 971//1711
f 962//1712 1049//1712 963//1712
f 973//1713 1050//1713 970//1713
f 1051//1714 969//1714 974//1714
f 1051//1715 1049//1715 1048//1715
f 1050//1716 1049//1716 1051//1716
f 1048//1717 969//1717 1051//1717
f 1051//1718 974//1718 972//1718
f 1048//1719 964//1719 969//1719
f 1051//1720 972//1720 975//1720
f 1037//1721 1039//1721 1052//1721
f 1030//1722 1037//1722 1049//1722
f 1039//1723 1046//1723 1052//1723
f 1044//1724 1053//1724 1052//1724
f 1049//1725 1037//1725 1052//1725
f 1046//1726 1044//1726 1052//1726
f 1045//1727 1047//1727 1054//1727
f 1038//1728 1034//1728 1048//1728
f 1038//1729 1048//1729 1054//1729
f 1048//1730 1052//1730 1054//1730
f 1049//1731 1052//1731 1048//1731
f 1055//1732 1045//1732 1054//1732
f 1047//1733 1036//1733 1054//1733
f 1036//1734 1038//1734 1054//1734
f 1054//1735 1053//1735 1055//1735
f 1052//1736 1053//1736 1054//1736
f 1056//1737 1057//1737 1058//1737
f 1059//1738 1057//1738 1056//1738
f 1058//1739 1040//1739 1042//1739
f 1060//1740 1059//1740 1061//1740
f 1061//1741 1059//1741 1056//1741
f 1062//1742 1060//1742 1063//1742
f 1057//1743 1040//1743 1058//1743
f 1063//1744 1060//1744 1061//1744
f 874//1745 1062//1745 875//1745
f 875//1746 1062//1746 1063//1746
f 1060//1747 1064//1747 1059//1747
f 874//1748 1065//1748 1062//1748
f 1062//1749 1065//1749 1066//1749
f 874//1750 1067//1750 1065//1750
f 1062//1751 1066//1751 1060//1751
f 877//1752 1067//1752 874//1752
f 877//1753 880//1753 1067//1753
f 1060//1754 1066//1754 1064//1754
f 1068//1755 873//1755 875//1755
f 1068//1756 875//1756 1069//1756
f 882//1757 873//1757 1068//1757
f 1069//1758 875//1758 1063//1758
f 1069//1759 1063//1759 1070//1759
f 1070//1760 1061//1760 1071//1760
f 1070//1761 1063//1761 1061//1761
f 1071//1762 1061//1762 1056//1762
f 1059//1763 1072//1763 1057//1763
f 1041//1764 1040//1764 1053//1764
f 1057//1765 1072//1765 1040//1765
f 1040//1766 1072//1766 1053//1766
f 1041//1767 1053//1767 1044//1767
f 1053//1641 1072//1641 1073//1641
f 1055//1768 1053//1768 1073//1768
f 1055//1769 1043//1769 1045//1769
f 1073//1770 1056//1770 1058//1770
f 1073//1771 1058//1771 1042//1771
f 1073//1772 1042//1772 1055//1772
f 1042//1773 1043//1773 1055//1773
f 1059//1774 1064//1774 1072//1774
f 1072//1775 1074//1775 1075//1775
f 1074//1776 1076//1776 1075//1776
f 1077//1777 1073//1777 1078//1777
f 1076//1778 1079//1778 1075//1778
f 1071//1779 1073//1779 1077//1779
f 1072//1780 1064//1780 1074//1780
f 1080//1781 1081//1781 1078//1781
f 1081//1782 1077//1782 1078//1782
f 1071//1783 1056//1783 1073//1783
f 1075//1784 1079//1784 1082//1784
f 1080//1785 1078//1785 1083//1785
f 1073//1786 1075//1786 1078//1786
f 1075//1787 1082//1787 1078//1787
f 1072//1788 1075//1788 1073//1788
f 1078//1789 1082//1789 1083//1789
f 971//1790 1050//1790 1007//1790
f 1007//1791 1050//1791 1005//1791
f 1005//1792 1050//1792 1051//1792
f 1004//1793 1007//1793 1006//1793
f 1006//1794 1007//1794 1005//1794
f 1051//1795 975//1795 1005//1795
f 1016//1796 1004//1796 1006//1796
f 1014//1797 1012//1797 1018//1797
f 1018//1798 1012//1798 1016//1798
f 1012//1799 1004//1799 1016//1799
f 1022//1800 1014//1800 1025//1800
f 1025//1801 1014//1801 1018//1801
f 1084//1802 985//1802 1085//1802
f 993//1803 985//1803 1084//1803
f 1085//1804 984//1804 1086//1804
f 984//1805 1087//1805 1086//1805
f 984//1806 996//1806 1087//1806
f 1085//1807 985//1807 984//1807
f 1088//1808 1086//1808 1089//1808
f 1088//1809 1085//1809 1086//1809
f 1090//1810 1084//1810 1085//1810
f 1087//1557 996//1557 1084//1557
f 1084//1551 996//1551 993//1551
f 1091//1698 1092//1698 1090//1698
f 1093//1692 1092//1692 1091//1692
f 1090//1556 1087//1556 1084//1556
f 1092//1554 1087//1554 1090//1554
f 1092//1811 1093//1811 1086//1811
f 1091//1812 1090//1812 1085//1812
f 1087//1813 1092//1813 1086//1813
f 1094//1814 1088//1814 1095//1814
f 1096//1815 1097//1815 1088//1815
f 1098//1816 1099//1816 1089//1816
f 1093//1817 1098//1817 1089//1817
f 1097//1818 1091//1818 1088//1818
f 1086//1819 1093//1819 1089//1819
f 1091//1820 1085//1820 1088//1820
f 1094//1821 1096//1821 1088//1821
f 1099//1822 1100//1822 1089//1822
f 1089//1823 1100//1823 1101//1823
f 1094//1824 1099//1824 1096//1824
f 1099//1825 1098//1825 1096//1825
f 1098//1826 1093//1826 1097//1826
f 1097//1827 1093//1827 1091//1827
f 1100//1558 1099//1558 1094//1558
f 1096//1828 1098//1828 1097//1828
f 1102//1583 1103//1583 1104//1583
f 1105//1579 1106//1579 1107//1579
f 1107//1581 1100//1581 1094//1581
f 1104//1829 1103//1829 1105//1829
f 1106//1582 1100//1582 1107//1582
f 1108//1830 1102//1830 1104//1830
f 1103//1831 1106//1831 1105//1831
f 1109//1832 1102//1832 1108//1832
f 1024//1833 1110//1833 1111//1833
f 1025//1834 1024//1834 1111//1834
f 1110//1835 1109//1835 1111//1835
f 1025//1836 1111//1836 1108//1836
f 1110//1837 1022//1837 1109//1837
f 1021//1838 1022//1838 1110//1838
f 1111//1737 1109//1737 1108//1737
f 1021//1839 1110//1839 1024//1839
f 1109//1840 1022//1840 1112//1840
f 1025//1841 1108//1841 1113//1841
f 1113//1842 1108//1842 1104//1842
f 1109//1843 1112//1843 1102//1843
f 1114//1844 1105//1844 1107//1844
f 1100//1845 1115//1845 1101//1845
f 1114//1846 1107//1846 1116//1846
f 1116//1847 1107//1847 1094//1847
f 1116//1848 1094//1848 1117//1848
f 1106//1849 1118//1849 1100//1849
f 1100//1850 1118//1850 1115//1850
f 1117//1851 1094//1851 1095//1851
f 1103//1852 1119//1852 1106//1852
f 1106//1853 1119//1853 1118//1853
f 1102//1854 1112//1854 1120//1854
f 1102//1855 1120//1855 1103//1855
f 1103//1856 1120//1856 1119//1856
f 1121//1857 1104//1857 1105//1857
f 1121//1858 1105//1858 1114//1858
f 1113//1859 1104//1859 1121//1859
f 1117//1860 1118//1860 1116//1860
f 1116//1861 1119//1861 1114//1861
f 1118//1416 1119//1416 1116//1416
f 1119//1419 1120//1419 1114//1419
f 1115//1544 1118//1544 1117//1544
f 1114//1418 1120//1418 1121//1418
f 1095//1862 1089//1862 1101//1862
f 1095//1863 1088//1863 1089//1863
f 1122//1864 1101//1864 1123//1864
f 1122//1865 1095//1865 1101//1865
f 1124//1866 1095//1866 1122//1866
f 1124//1867 1122//1867 1125//1867
f 1123//1868 1126//1868 1127//1868
f 1101//1869 1126//1869 1123//1869
f 1128//1870 1129//1870 1122//1870
f 1127//1871 1130//1871 1123//1871
f 1117//1872 1095//1872 1124//1872
f 1101//1873 1115//1873 1126//1873
f 1129//1874 1125//1874 1122//1874
f 1130//1875 1131//1875 1123//1875
f 1129//1876 1127//1876 1125//1876
f 1131//1692 1130//1692 1128//1692
f 1128//1877 1130//1877 1129//1877
f 1126//1878 1115//1878 1124//1878
f 1124//1690 1115//1690 1117//1690
f 1127//1879 1126//1879 1125//1879
f 1125//1880 1126//1880 1124//1880
f 1130//1881 1127//1881 1129//1881
f 1132//1882 1133//1882 1134//1882
f 1132//1883 1134//1883 1135//1883
f 1133//1884 1128//1884 1134//1884
f 1134//1885 1122//1885 1123//1885
f 1128//1886 1122//1886 1134//1886
f 1134//1887 1123//1887 1136//1887
f 1123//1888 1131//1888 1136//1888
f 1131//1889 1137//1889 1136//1889
f 1137//1890 1138//1890 1136//1890
f 1136//1891 1138//1891 1139//1891
f 1136//1892 1139//1892 1135//1892
f 1136//1893 1135//1893 1134//1893
f 1140//1894 1022//1894 1025//1894
f 1141//1895 1022//1895 1140//1895
f 1142//1896 1143//1896 1144//1896
f 1145//1897 1141//1897 1142//1897
f 1146//1898 1141//1898 1145//1898
f 1022//1899 1141//1899 1146//1899
f 1141//1900 1143//1900 1142//1900
f 1112//1901 1022//1901 1146//1901
f 1147//1902 1148//1902 1149//1902
f 1147//1903 1140//1903 1148//1903
f 1140//1904 1025//1904 1150//1904
f 1025//1905 1113//1905 1150//1905
f 1140//1906 1151//1906 1148//1906
f 1140//1907 1150//1907 1151//1907
f 1152//1908 1143//1908 1147//1908
f 1144//1909 1143//1909 1153//1909
f 1154//1910 1143//1910 1152//1910
f 1147//1911 1141//1911 1140//1911
f 1143//1784 1154//1784 1153//1784
f 1143//1912 1141//1912 1147//1912
f 1152//1785 1147//1785 1155//1785
f 1147//1913 1149//1913 1155//1913
f 1113//1914 1146//1914 1150//1914
f 1121//1417 1120//1417 1113//1417
f 1120//1915 1112//1915 1113//1915
f 1112//1916 1146//1916 1113//1916
f 1150//1540 1145//1540 1151//1540
f 1146//1543 1145//1543 1150//1543
f 1142//1564 1144//1564 1148//1564
f 1148//1565 1144//1565 1149//1565
f 1151//1562 1142//1562 1148//1562
f 1145//1563 1142//1563 1151//1563
f 1155//1917 1156//1917 1157//1917
f 1144//1918 1153//1918 1149//1918
f 1153//1421 1156//1421 1155//1421
f 1149//1919 1153//1919 1155//1919
f 1154//1920 1158//1920 1159//1920
f 1160//1921 1161//1921 1162//1921
f 1160//1922 1152//1922 1161//1922
f 1152//1923 1155//1923 1157//1923
f 1152//1924 1157//1924 1161//1924
f 1159//1925 1158//1925 1163//1925
f 1156//1926 1154//1926 1159//1926
f 1153//1927 1154//1927 1156//1927
f 1162//1744 1164//1744 1165//1744
f 1159//1745 1163//1745 1161//1745
f 1161//1928 1163//1928 1162//1928
f 1166//1835 1167//1835 1168//1835
f 1163//1929 1164//1929 1162//1929
f 1165//1930 1166//1930 1168//1930
f 1156//1571 1159//1571 1157//1571
f 1157//1420 1159//1420 1161//1420
f 1168//1931 1167//1931 1169//1931
f 1164//1740 1166//1740 1165//1740
f 1170//1932 1158//1932 1160//1932
f 1171//1933 1158//1933 1170//1933
f 1160//1934 1154//1934 1152//1934
f 1158//1935 1154//1935 1160//1935
f 1172//1936 1171//1936 1173//1936
f 1174//1937 1172//1937 1173//1937
f 1175//1938 1172//1938 1174//1938
f 1173//1939 1171//1939 1170//1939
f 1171//1940 1172//1940 1176//1940
f 1172//1941 1175//1941 1177//1941
f 1176//1942 1172//1942 1178//1942
f 1178//1943 1172//1943 1179//1943
f 1171//1767 1176//1767 1180//1767
f 1179//1944 1172//1944 1177//1944
f 1173//1945 1181//1945 1182//1945
f 1174//1946 1173//1946 1182//1946
f 1173//1947 1183//1947 1184//1947
f 1173//1948 1184//1948 1181//1948
f 1183//1769 1170//1769 1185//1769
f 1173//1949 1170//1949 1183//1949
f 1158//1950 1171//1950 1186//1950
f 1158//1763 1187//1763 1188//1763
f 1170//1951 1160//1951 1189//1951
f 1158//1952 1186//1952 1187//1952
f 1189//1953 1160//1953 1190//1953
f 1190//1770 1160//1770 1191//1770
f 1158//1954 1188//1954 1163//1954
f 1191//1955 1160//1955 1162//1955
f 1192//1956 1165//1956 1168//1956
f 1193//1957 1162//1957 1165//1957
f 1191//1958 1162//1958 1193//1958
f 1163//1959 1188//1959 1194//1959
f 1164//1960 1195//1960 1166//1960
f 1193//1961 1165//1961 1192//1961
f 1164//1962 1194//1962 1195//1962
f 1163//1963 1194//1963 1164//1963
f 1185//1964 1170//1964 1189//1964
f 1171//1965 1180//1965 1186//1965
f 1188//1416 1187//1416 1191//1416
f 1189//1417 1186//1417 1185//1417
f 1191//1966 1187//1966 1190//1966
f 1194//1544 1188//1544 1193//1544
f 1186//1537 1180//1537 1185//1537
f 1187//1967 1186//1967 1190//1967
f 1193//1860 1188//1860 1191//1860
f 1190//1968 1186//1968 1189//1968
f 1176//1543 1178//1543 1183//1543
f 1184//1425 1179//1425 1181//1425
f 1178//1426 1179//1426 1184//1426
f 1185//1541 1176//1541 1183//1541
f 1183//1540 1178//1540 1184//1540
f 1180//1542 1176//1542 1185//1542
f 1138//1969 1137//1969 1132//1969
f 1132//1970 1137//1970 1133//1970
f 1196//1971 1138//1971 1197//1971
f 1197//1972 1138//1972 1132//1972
f 1133//1973 1131//1973 1128//1973
f 1137//1974 1131//1974 1133//1974
f 1198//1699 1199//1699 1200//1699
f 1200//1975 1199//1975 1201//1975
f 1167//1976 1198//1976 1169//1976
f 1169//1977 1198//1977 1200//1977
f 1202//1978 1196//1978 1203//1978
f 1201//1979 1202//1979 1203//1979
f 1199//1980 1202//1980 1201//1980
f 1203//1981 1196//1981 1197//1981
f 1202//1982 1199//1982 1139//1982
f 1196//1983 1202//1983 1139//1983
f 1199//1984 1198//1984 1204//1984
f 1200//1985 1201//1985 1205//1985
f 1138//1986 1196//1986 1139//1986
f 1201//1987 1203//1987 1135//1987
f 1197//1988 1132//1988 1135//1988
f 1203//1989 1197//1989 1135//1989
f 1204//1990 1205//1990 1135//1990
f 1139//1990 1204//1990 1135//1990
f 1204//1991 1206//1991 1207//1991
f 1204//1992 1207//1992 1205//1992
f 1205//1993 1201//1993 1135//1993
f 1199//1994 1204//1994 1139//1994
f 1192//1995 1168//1995 1208//1995
f 1208//1996 1168//1996 1169//1996
f 1167//1997 1209//1997 1198//1997
f 1166//1998 1210//1998 1167//1998
f 1210//1999 1209//1999 1167//1999
f 1211//2000 1169//2000 1200//2000
f 1166//2001 1195//2001 1210//2001
f 1211//2002 1208//2002 1169//2002
f 1198//2003 1209//2003 1204//2003
f 1211//2004 1200//2004 1205//2004
f 1195//1878 1194//1878 1192//1878
f 1192//1690 1194//1690 1193//1690
f 1211//1696 1210//1696 1208//1696
f 1210//1689 1195//1689 1208//1689
f 1209//1693 1210//1693 1211//1693
f 1208//1880 1195//1880 1192//1880
f 1212//1698 1209//1698 1211//1698
f 1213//1691 1214//1691 1215//1691
f 1214//1697 1216//1697 1215//1697
f 1217//2005 1214//2005 1213//2005
f 1216//1692 1209//1692 1212//1692
f 1215//1694 1216//1694 1212//1694
f 1218//1703 1219//1703 1220//1703
f 1220//1981 1219//1981 1221//1981
f 1222//2006 1218//2006 1223//2006
f 1223//2007 1218//2007 1220//2007
f 1221//2008 1217//2008 1213//2008
f 1219//2009 1217//2009 1221//2009
f 1215//2010 1212//2010 1207//2010
f 1212//2011 1211//2011 1207//2011
f 1211//2012 1205//2012 1207//2012
f 1209//2013 1216//2013 1206//2013
f 1216//2014 1214//2014 1206//2014
f 1204//2015 1209//2015 1206//2015
f 1206//2016 1224//2016 1207//2016
f 1217//2017 1219//2017 1225//2017
f 1221//2018 1213//2018 1224//2018
f 1206//2019 1225//2019 1224//2019
f 1220//2020 1221//2020 1224//2020
f 1214//2021 1217//2021 1206//2021
f 1206//2022 1217//2022 1225//2022
f 1213//2023 1215//2023 1207//2023
f 1213//2024 1207//2024 1224//2024
f 1219//2025 1218//2025 1225//2025
f 860//1543 863//1543 859//1543
f 882//1417 880//1417 883//1417
f 859//1641 863//1641 865//1641
f 881//2026 860//2026 883//2026
f 883//1541 860//1541 859//1541
f 1068//1418 880//1418 882//1418
f 1067//1419 880//1419 1068//1419
f 880//1915 881//1915 883//1915
f 1066//1544 1065//1544 1070//1544
f 1070//2027 1065//2027 1069//2027
f 1064//1878 1066//1878 1071//1878
f 1071//1690 1066//1690 1070//1690
f 1069//1861 1067//1861 1068//1861
f 1065//2028 1067//2028 1069//2028
f 1076//1693 1074//1693 1081//1693
f 1226//2029 1227//2029 1228//2029
f 1229//2030 1227//2030 1226//2030
f 1077//1880 1064//1880 1071//1880
f 1074//1689 1064//1689 1077//1689
f 1079//2031 1076//2031 1080//2031
f 1080//1698 1076//1698 1081//1698
f 1228//2032 1079//2032 1080//2032
f 1227//1697 1079//1697 1228//1697
f 1081//1696 1074//1696 1077//1696
f 865//2033 864//2033 867//2033
f 863//1426 864//1426 865//1426
f 867//2034 866//2034 868//2034
f 864//2035 866//2035 867//2035
f 903//1420 907//1420 904//1420
f 906//1571 907//1571 903//1571
f 904//1928 1230//1928 1231//1928
f 905//2036 906//2036 902//2036
f 902//2037 906//2037 903//2037
f 868//1919 905//1919 902//1919
f 907//1745 1230//1745 904//1745
f 866//2038 905//2038 868//2038
f 1232//2039 1233//2039 1234//2039
f 1235//1737 1236//1737 1237//1737
f 1233//1835 1236//1835 1235//1835
f 1237//1586 1238//1586 1239//1586
f 1236//1585 1238//1585 1237//1585
f 1239//1975 1240//1975 1241//1975
f 1238//1699 1240//1699 1239//1699
f 1231//1744 1232//1744 1234//1744
f 1230//1929 1232//1929 1231//1929
f 1234//2040 1233//2040 1235//2040
f 1228//1913 1080//1913 1083//1913
f 1079//1909 1227//1909 1082//1909
f 1241//2041 1242//2041 1243//2041
f 1240//1706 1242//1706 1241//1706
f 1227//2042 1229//2042 1082//2042
f 1243//2043 1244//2043 1245//2043
f 1242//1978 1244//1978 1243//1978
f 1245//2044 1229//2044 1226//2044
f 1244//2045 1229//2045 1245//2045
f 1226//2046 1228//2046 1083//2046
f 1246//2047 1242//2047 1247//2047
f 1244//2048 1242//2048 1246//2048
f 1242//2049 1240//2049 1247//2049
f 1082//2050 1229//2050 1246//2050
f 1229//2051 1244//2051 1246//2051
f 1226//2052 1083//2052 1248//2052
f 1241//2053 1243//2053 1249//2053
f 1245//2054 1226//2054 1248//2054
f 1243//2055 1248//2055 1249//2055
f 1243//2056 1245//2056 1248//2056
f 1082//2057 1246//2057 1083//2057
f 1083//2058 1246//2058 1248//2058
f 1240//2059 1250//2059 1251//2059
f 1238//2060 1250//2060 1240//2060
f 1240//2061 1251//2061 1247//2061
f 1236//2062 1252//2062 1253//2062
f 1232//2063 1254//2063 1233//2063
f 1232//2064 1255//2064 1254//2064
f 1230//2065 1255//2065 1232//2065
f 1233//1853 1252//1853 1236//1853
f 1238//2066 1253//2066 1250//2066
f 1236//2067 1253//2067 1238//2067
f 1233//2068 1254//2068 1252//2068
f 1256//2069 1239//2069 1241//2069
f 1256//2070 1241//2070 1257//2070
f 1257//2071 1241//2071 1249//2071
f 1258//2072 1237//2072 1239//2072
f 1259//2073 1234//2073 1235//2073
f 1258//2074 1239//2074 1256//2074
f 1260//2075 1237//2075 1258//2075
f 1260//1846 1235//1846 1237//1846
f 1261//2076 1234//2076 1259//2076
f 1261//2077 1231//2077 1234//2077
f 1259//2078 1235//2078 1260//2078
f 1230//2079 1262//2079 1255//2079
f 907//2080 1262//2080 1230//2080
f 907//2081 911//2081 1262//2081
f 910//2082 904//2082 1231//2082
f 910//2083 1231//2083 1261//2083
f 1260//2084 1254//2084 1259//2084
f 1252//1543 1254//1543 1260//1543
f 1253//2085 1252//2085 1258//2085
f 1258//1633 1252//1633 1260//1633
f 1259//2086 1255//2086 1261//2086
f 1254//2087 1255//2087 1259//2087
f 1248//2088 1247//2088 1249//2088
f 1246//2089 1247//2089 1248//2089
f 1263//2090 1264//2090 1265//2090
f 1265//2091 1264//2091 1266//2091
f 1249//2092 1263//2092 1265//2092
f 1247//2093 1263//2093 1249//2093
f 1247//1838 1267//1838 1268//1838
f 1247//2094 1251//2094 1267//2094
f 1269//1834 1249//1834 1270//1834
f 1247//1657 1268//1657 1263//1657
f 1263//2095 1268//2095 1271//2095
f 1270//1663 1249//1663 1265//1663
f 1263//2096 1271//2096 1272//2096
f 1273//2097 1265//2097 1274//2097
f 1257//2098 1249//2098 1269//2098
f 1270//2099 1265//2099 1273//2099
f 1275//2100 1274//2100 1266//2100
f 1263//2101 1272//2101 1264//2101
f 1272//2102 1276//2102 1264//2102
f 1277//2103 1275//2103 1266//2103
f 1276//2104 1278//2104 1264//2104
f 1279//2105 1277//2105 1266//2105
f 1278//2106 1280//2106 1264//2106
f 1274//2107 1265//2107 1266//2107
f 1266//2108 1281//2108 1282//2108
f 1264//2109 1281//2109 1266//2109
f 1279//2110 1266//2110 1282//2110
f 1280//2111 1283//2111 1281//2111
f 1264//2112 1280//2112 1281//2112
f 1284//2113 1279//2113 1282//2113
f 1281//2114 1285//2114 1286//2114
f 1281//2115 1287//2115 1282//2115
f 1284//2116 1282//2116 1288//2116
f 1288//2117 1282//2117 1289//2117
f 1289//2118 1282//2118 1290//2118
f 1281//2119 1286//2119 1287//2119
f 1282//2120 1287//2120 1290//2120
f 1281//2121 1283//2121 1285//2121
f 1273//1547 1268//1547 1270//1547
f 1250//2122 1253//2122 1258//2122
f 1251//1538 1250//1538 1257//1538
f 1257//1539 1250//1539 1256//1539
f 1256//1635 1250//1635 1258//1635
f 1267//1638 1251//1638 1269//1638
f 1269//2123 1251//2123 1257//2123
f 1268//1544 1267//1544 1270//1544
f 1270//1860 1267//1860 1269//1860
f 1271//1546 1268//1546 1273//1546
f 1283//1825 1280//1825 1284//1825
f 1280//1826 1278//1826 1279//1826
f 1279//1827 1278//1827 1277//1827
f 1277//1877 1276//1877 1275//1877
f 1278//1692 1276//1692 1277//1692
f 1275//2124 1272//2124 1274//2124
f 1276//2125 1272//2125 1275//2125
f 1274//1551 1271//1551 1273//1551
f 1272//2126 1271//2126 1274//2126
f 1284//1828 1280//1828 1279//1828
f 1262//1568 911//1568 910//1568
f 910//2127 911//2127 908//2127
f 908//1569 915//1569 909//1569
f 911//1658 915//1658 908//1658
f 914//1566 912//1566 916//1566
f 1261//1565 1262//1565 910//1565
f 1255//2128 1262//2128 1261//2128
f 916//2129 912//2129 917//2129
f 909//1420 914//1420 916//1420
f 915//1571 914//1571 909//1571
f 917//1574 913//1574 1291//1574
f 912//2130 913//2130 917//2130
f 1291//1833 1292//1833 1293//1833
f 913//1578 1292//1578 1291//1578
f 1292//1835 1294//1835 1293//1835
f 1293//1931 1294//1931 1295//1931
f 1296//2131 1297//2131 1298//2131
f 1295//1830 1299//1830 1300//1830
f 1294//2132 1299//2132 1295//2132
f 1300//1829 1301//1829 1296//1829
f 1299//1583 1301//1583 1300//1583
f 1301//1831 1297//1831 1296//1831
f 1302//1558 1283//1558 1303//1558
f 1303//2133 1283//2133 1284//2133
f 1297//2134 1302//2134 1298//2134
f 1298//2135 1302//2135 1303//2135
f 1302//2136 1297//2136 1304//2136
f 1304//2137 1297//2137 1305//2137
f 1285//2138 1283//2138 1306//2138
f 1306//2139 1302//2139 1304//2139
f 1283//2140 1302//2140 1306//2140
f 1297//2141 1301//2141 1305//2141
f 1307//2142 1294//2142 1308//2142
f 1299//2143 1294//2143 1307//2143
f 1305//2144 1301//2144 1309//2144
f 1309//2145 1299//2145 1307//2145
f 1301//2146 1299//2146 1309//2146
f 1303//2147 1310//2147 1311//2147
f 1284//2148 1288//2148 1310//2148
f 1303//2149 1284//2149 1310//2149
f 1298//2150 1303//2150 1311//2150
f 1298//2151 1311//2151 1312//2151
f 1300//2152 1313//2152 1314//2152
f 1300//2153 1296//2153 1313//2153
f 1295//2154 1314//2154 1315//2154
f 1296//2155 1298//2155 1312//2155
f 1296//2156 1312//2156 1313//2156
f 1295//2157 1300//2157 1314//2157
f 893//2158 1316//2158 1317//2158
f 913//2159 884//2159 1317//2159
f 884//2160 893//2160 1317//2160
f 893//2161 917//2161 1291//2161
f 893//2162 1291//2162 1316//2162
f 1318//2163 1319//2163 1175//2163
f 1175//2164 1319//2164 1320//2164
f 1290//2165 1318//2165 1321//2165
f 1287//2166 1318//2166 1290//2166
f 1322//2167 1321//2167 1174//2167
f 1321//2168 1175//2168 1174//2168
f 1318//2169 1175//2169 1321//2169
f 1322//2170 1174//2170 1323//2170
f 1318//2171 1324//2171 1325//2171
f 1318//2172 1325//2172 1326//2172
f 1318//2173 1326//2173 1319//2173
f 1287//2174 1286//2174 1327//2174
f 1287//1627 1327//1627 1324//1627
f 1287//2175 1324//2175 1318//2175
f 1328//2176 1290//2176 1329//2176
f 1328//2177 1327//2177 1330//2177
f 1330//1625 1290//1625 1328//1625
f 1324//1538 1327//1538 1328//1538
f 1331//2178 1321//2178 1322//2178
f 1289//2179 1290//2179 1330//2179
f 1329//1415 1324//1415 1328//1415
f 1329//2180 1321//2180 1331//2180
f 1329//2181 1290//2181 1321//2181
f 1325//2028 1324//2028 1329//2028
f 1323//2182 1319//2182 1322//2182
f 1332//1554 1320//1554 1333//1554
f 1320//2183 1319//2183 1323//2183
f 1322//2184 1326//2184 1331//2184
f 1319//2185 1326//2185 1322//2185
f 1333//1556 1320//1556 1323//1556
f 1326//2186 1325//2186 1331//2186
f 1331//2187 1325//2187 1329//2187
f 1334//1421 1335//1421 1336//1421
f 1336//1422 1335//1422 1337//1422
f 1182//1423 1334//1423 1336//1423
f 1177//1424 1334//1424 1182//1424
f 1174//2188 1182//2188 1336//2188
f 1181//2189 1177//2189 1182//2189
f 1177//2190 1175//2190 1334//2190
f 1179//1428 1177//1428 1181//1428
f 1334//2191 1332//2191 1335//2191
f 1320//2192 1332//2192 1334//2192
f 1338//2193 1339//2193 1340//2193
f 1332//2194 1341//2194 1335//2194
f 1335//2195 1341//2195 1342//2195
f 1175//2196 1320//2196 1334//2196
f 1341//2197 1338//2197 1342//2197
f 1342//2198 1338//2198 1340//2198
f 1333//2199 1323//2199 1336//2199
f 1343//2200 1344//2200 1345//2200
f 1341//1692 1332//1692 1346//1692
f 1346//1698 1332//1698 1333//1698
f 1323//2201 1174//2201 1336//2201
f 1333//2202 1336//2202 1337//2202
f 1344//2203 1347//2203 1345//2203
f 1344//2204 1346//2204 1347//2204
f 1346//2205 1337//2205 1347//2205
f 1346//2206 1333//2206 1337//2206
f 1310//2207 1304//2207 1311//2207
f 1306//2208 1304//2208 1310//2208
f 1288//1540 1306//1540 1310//1540
f 1327//2209 1286//2209 1289//2209
f 1289//2210 1285//2210 1288//2210
f 1286//1542 1285//1542 1289//1542
f 1330//2211 1327//2211 1289//2211
f 1285//1768 1306//1768 1288//1768
f 1307//2212 1308//2212 1314//2212
f 1314//2213 1308//2213 1315//2213
f 1304//2214 1305//2214 1311//2214
f 1305//1918 1309//1918 1312//1918
f 1312//2215 1309//2215 1313//2215
f 1313//1422 1307//1422 1314//1422
f 1311//2216 1305//2216 1312//2216
f 1309//2217 1307//2217 1313//2217
f 1315//1570 1348//1570 1349//1570
f 1308//1566 1348//1566 1315//1566
f 1348//1575 1350//1575 1349//1575
f 1350//1578 1351//1578 1352//1578
f 1349//1574 1350//1574 1352//1574
f 1352//1577 1351//1577 1353//1577
f 1294//2218 1317//2218 1308//2218
f 1294//2219 1292//2219 1317//2219
f 1292//2220 913//2220 1317//2220
f 1316//2221 1295//2221 1315//2221
f 1293//2222 1295//2222 1316//2222
f 1291//2223 1293//2223 1316//2223
f 1344//2224 1341//2224 1346//2224
f 1339//1825 1338//1825 1343//1825
f 1343//1559 1338//1559 1344//1559
f 1354//1824 1339//1824 1343//1824
f 1355//1558 1339//1558 1354//1558
f 1338//2225 1341//2225 1344//2225
f 1356//1832 1357//1832 1358//1832
f 1359//1584 1360//1584 1361//1584
f 1357//2226 1360//2226 1359//2226
f 1358//2227 1357//2227 1359//2227
f 1362//1582 1355//1582 1363//1582
f 1363//1581 1355//1581 1354//1581
f 1361//1579 1362//1579 1363//1579
f 1360//1580 1362//1580 1361//1580
f 1308//2228 1317//2228 1348//2228
f 1356//2229 1317//2229 1357//2229
f 1351//2230 1317//2230 1356//2230
f 1348//2231 1317//2231 1350//2231
f 1350//2232 1317//2232 1351//2232
f 1316//2233 1352//2233 1353//2233
f 1316//2234 1358//2234 1359//2234
f 1316//2235 1349//2235 1352//2235
f 1316//2236 1353//2236 1358//2236
f 1316//2237 1315//2237 1349//2237
f 1353//2238 1356//2238 1358//2238
f 1351//1738 1356//1738 1353//1738
f 1360//2239 1364//2239 1362//2239
f 1316//2240 1359//2240 1365//2240
f 1357//2241 1364//2241 1360//2241
f 1365//2242 1359//2242 1361//2242
f 1365//2243 1361//2243 1363//2243
f 1357//2244 1317//2244 1364//2244
f 1337//1660 1342//1660 1347//1660
f 1340//1929 1366//1929 1345//1929
f 1345//1744 1366//1744 1367//1744
f 1342//2245 1340//2245 1347//2245
f 1347//1928 1340//1928 1345//1928
f 1335//1429 1342//1429 1337//1429
f 1368//2246 1222//2246 1369//2246
f 1367//1930 1370//1930 1371//1930
f 1366//1740 1370//1740 1367//1740
f 1371//2247 1372//2247 1373//2247
f 1370//2248 1372//2248 1371//2248
f 1373//2249 1368//2249 1369//2249
f 1372//1585 1368//1585 1373//1585
f 1369//2250 1222//2250 1223//2250
f 1370//2251 1374//2251 1372//2251
f 1375//2252 1371//2252 1373//2252
f 1339//2253 1376//2253 1340//2253
f 1340//2254 1376//2254 1366//2254
f 1366//2255 1376//2255 1374//2255
f 1377//2256 1367//2256 1375//2256
f 1377//2257 1345//2257 1367//2257
f 1377//2258 1343//2258 1345//2258
f 1366//2259 1374//2259 1370//2259
f 1375//2260 1367//2260 1371//2260
f 1368//2261 1378//2261 1222//2261
f 1222//2262 1378//2262 1218//2262
f 1372//2263 1378//2263 1368//2263
f 1225//2264 1378//2264 1379//2264
f 1225//2265 1379//2265 1224//2265
f 1379//2266 1220//2266 1224//2266
f 1379//2267 1223//2267 1220//2267
f 1218//2268 1378//2268 1225//2268
f 1379//2269 1369//2269 1223//2269
f 1379//2270 1373//2270 1369//2270
f 1378//2271 1375//2271 1379//2271
f 1372//2272 1374//2272 1378//2272
f 1378//2273 1374//2273 1375//2273
f 1375//2274 1373//2274 1379//2274
f 1365//2275 1363//2275 1377//2275
f 1363//2276 1354//2276 1377//2276
f 1354//2277 1343//2277 1377//2277
f 1374//2278 1376//2278 1377//2278
f 1374//2279 1377//2279 1375//2279
f 1339//2280 1355//2280 1376//2280
f 1355//2281 1362//2281 1376//2281
f 1362//2282 1364//2282 1376//2282
f 1376//2283 1364//2283 1365//2283
f 1376//2284 1365//2284 1377//2284
f 1364//2285 1316//2285 1365//2285
f 1364//2286 1317//2286 1316//2286
f 316//2287 573//2287 574//2287
f 324//2288 1380//2288 920//2288
f 579//2289 1381//2289 580//2289
f 580//2290 1381//2290 1382//2290
f 580//2291 1382//2291 577//2291
f 577//2292 1383//2292 1380//2292
f 577//2293 1382//2293 1383//2293
f 324//2294 575//2294 1380//2294
f 577//2295 1380//2295 575//2295
f 925//2296 578//2296 573//2296
f 1384//2297 581//2297 576//2297
f 1385//2298 581//2298 1384//2298
f 1384//2299 576//2299 578//2299
f 1384//2300 578//2300 1386//2300
f 1386//2301 578//2301 925//2301
f 585//2302 586//2302 1387//2302
f 585//2303 1388//2303 1389//2303
f 585//2304 1389//2304 1390//2304
f 585//2305 1390//2305 1391//2305
f 585//2306 1391//2306 1392//2306
f 585//2307 1393//2307 1394//2307
f 585//2308 1395//2308 1393//2308
f 585//2309 1396//2309 1395//2309
f 585//2310 1387//2310 1396//2310
f 586//2311 592//2311 1387//2311
f 585//2312 1397//2312 1388//2312
f 1394//2313 1398//2313 1397//2313
f 585//2314 1394//2314 1397//2314
f 1399//2315 1394//2315 1400//2315
f 1398//2316 1394//2316 1399//2316
f 1401//2317 1394//2317 1402//2317
f 1400//2318 1394//2318 1403//2318
f 1403//2319 1394//2319 1404//2319
f 1404//2320 1394//2320 1405//2320
f 1405//2321 1394//2321 1401//2321
f 585//2322 1392//2322 1406//2322
f 1407//2323 1394//2323 1408//2323
f 585//2324 1406//2324 1409//2324
f 585//2325 1409//2325 1410//2325
f 585//2326 1410//2326 1411//2326
f 1408//2327 1394//2327 1412//2327
f 1402//2328 1394//2328 1407//2328
f 1389//1916 1400//1916 1390//1916
f 1388//1915 1400//1915 1389//1915
f 1413//1419 1399//1419 1414//1419
f 1414//1968 1399//1968 1388//1968
f 1415//1415 1413//1415 1414//1415
f 1416//1416 1415//1416 1414//1416
f 1399//1417 1400//1417 1388//1417
f 1400//1914 1403//1914 1390//1914
f 1390//2329 1404//2329 1391//2329
f 1403//2330 1404//2330 1390//2330
f 1401//2331 1417//2331 1418//2331
f 1418//1421 1417//1421 1419//1421
f 1392//2035 1405//2035 1420//2035
f 1420//1424 1401//1424 1418//1424
f 1391//2033 1405//2033 1392//2033
f 1405//2189 1401//2189 1420//2189
f 1404//1426 1405//1426 1391//1426
f 1419//1571 1421//1571 1422//1571
f 1417//1917 1421//1917 1419//1917
f 1421//1420 1423//1420 1422//1420
f 1406//2332 1420//2332 1424//2332
f 1406//2333 1392//2333 1420//2333
f 1424//2334 1420//2334 1418//2334
f 1401//2335 1402//2335 1425//2335
f 1401//2336 1425//2336 1417//2336
f 1417//2337 1425//2337 1426//2337
f 1417//2338 1426//2338 1421//2338
f 1424//2339 1418//2339 1427//2339
f 1427//2340 1418//2340 1419//2340
f 586//2341 1381//2341 579//2341
f 586//2342 1428//2342 1381//2342
f 1429//2343 590//2343 1385//2343
f 1385//2344 590//2344 581//2344
f 591//2345 590//2345 1430//2345
f 1430//2346 590//2346 1429//2346
f 592//2347 591//2347 1431//2347
f 1431//2348 591//2348 1430//2348
f 1387//2349 592//2349 1432//2349
f 1432//2349 592//2349 1431//2349
f 1396//2350 1387//2350 1433//2350
f 1433//2351 1387//2351 1432//2351
f 1395//2352 1396//2352 1434//2352
f 1434//2353 1396//2353 1433//2353
f 1393//2354 1395//2354 1435//2354
f 1435//2354 1395//2354 1434//2354
f 1436//2355 1393//2355 1435//2355
f 1394//2356 1393//2356 1436//2356
f 586//2357 587//2357 1428//2357
f 587//2358 588//2358 1437//2358
f 587//2359 1437//2359 1438//2359
f 587//2360 1438//2360 1428//2360
f 588//2361 583//2361 1437//2361
f 583//2362 1439//2362 1437//2362
f 582//2363 584//2363 1440//2363
f 583//2364 1441//2364 1439//2364
f 583//2365 582//2365 1441//2365
f 589//2366 1442//2366 1443//2366
f 589//2366 585//2366 1442//2366
f 584//2367 1443//2367 1440//2367
f 584//2367 589//2367 1443//2367
f 582//2368 1440//2368 1441//2368
f 1394//2369 1436//2369 1412//2369
f 1442//2370 585//2370 1411//2370
f 1412//2371 1436//2371 1444//2371
f 1444//2372 1436//2372 1445//2372
f 1445//2373 1436//2373 1446//2373
f 1442//2374 1411//2374 1447//2374
f 1442//2375 1447//2375 1448//2375
f 1442//2376 1448//2376 1449//2376
f 1450//2377 1436//2377 1451//2377
f 1451//2378 1436//2378 1452//2378
f 1452//2379 1436//2379 1453//2379
f 1446//2380 1436//2380 1450//2380
f 1453//2381 1436//2381 1454//2381
f 1442//2382 1449//2382 1455//2382
f 1442//2383 1456//2383 1457//2383
f 1442//2384 1458//2384 1456//2384
f 1442//2385 1459//2385 1458//2385
f 1442//2386 1455//2386 1459//2386
f 1460//2387 1461//2387 1462//2387
f 1460//1507 1462//1507 1463//1507
f 1461//1505 1398//1505 1462//1505
f 1461//1508 1397//1508 1398//1508
f 1398//2388 1464//2388 1465//2388
f 1398//2389 1466//2389 1467//2389
f 1398//2390 1468//2390 1464//2390
f 1398//2391 1465//2391 1466//2391
f 1398//2392 1467//2392 1462//2392
f 1398//2393 1469//2393 1468//2393
f 1470//2394 1397//2394 1471//2394
f 1472//2395 1397//2395 1473//2395
f 1471//2396 1397//2396 1472//2396
f 1473//2397 1397//2397 1461//2397
f 1474//2398 1397//2398 1470//2398
f 1475//2399 1397//2399 1474//2399
f 1476//2400 1461//2400 1460//2400
f 1462//2401 1467//2401 1477//2401
f 1478//2402 1479//2402 1463//2402
f 1480//2403 1481//2403 1460//2403
f 1473//2404 1461//2404 1482//2404
f 1483//2405 1478//2405 1463//2405
f 1481//2406 1476//2406 1460//2406
f 1462//2407 1477//2407 1483//2407
f 1462//2408 1483//2408 1463//2408
f 1482//2409 1461//2409 1476//2409
f 1388//2410 1397//2410 1414//2410
f 1398//2411 1399//2411 1413//2411
f 1414//2412 1397//2412 1416//2412
f 1398//2413 1413//2413 1415//2413
f 1398//2414 1415//2414 1469//2414
f 1416//2415 1397//2415 1475//2415
f 1471//2177 1464//2177 1470//2177
f 1470//2416 1464//2416 1474//2416
f 1465//1538 1464//1538 1471//1538
f 1464//1915 1468//1915 1474//1915
f 1469//2417 1484//2417 1485//2417
f 1468//2026 1469//2026 1474//2026
f 1475//1543 1469//1543 1485//1543
f 1474//1541 1469//1541 1475//1541
f 1472//1549 1466//1549 1471//1549
f 1467//1860 1466//1860 1472//1860
f 1466//2418 1465//2418 1471//2418
f 1477//2419 1467//2419 1473//2419
f 1482//1546 1477//1546 1473//1546
f 1473//1636 1467//1636 1472//1636
f 1476//2126 1483//2126 1482//2126
f 1479//2420 1478//2420 1481//2420
f 1481//2125 1478//2125 1476//2125
f 1486//2421 1479//2421 1480//2421
f 1480//2422 1479//2422 1481//2422
f 1487//2423 1486//2423 1480//2423
f 1478//2124 1483//2124 1476//2124
f 1483//1551 1477//1551 1482//1551
f 1488//1558 1489//1558 1490//1558
f 1491//2424 1486//2424 1487//2424
f 1489//1824 1491//1824 1490//1824
f 1490//1825 1491//1825 1487//1825
f 1485//1562 1492//1562 1493//1562
f 1484//2087 1492//2087 1485//2087
f 1493//1565 1494//1565 1495//1565
f 1492//1564 1494//1564 1493//1564
f 1496//1566 1497//1566 1498//1566
f 1499//1569 1500//1569 1501//1569
f 1501//1571 1500//1571 1496//1571
f 1495//1568 1494//1568 1502//1568
f 1497//2129 1503//2129 1498//2129
f 1494//2127 1499//2127 1502//2127
f 1500//1420 1497//1420 1496//1420
f 1502//1658 1499//1658 1501//1658
f 1504//2425 1505//2425 1506//2425
f 1506//2426 1505//2426 1507//2426
f 1498//2130 1503//2130 1508//2130
f 1505//2427 1509//2427 1507//2427
f 1503//1661 1504//1661 1508//1661
f 1508//1839 1504//1839 1506//1839
f 1510//1582 1511//1582 1488//1582
f 1512//1583 1513//1583 1514//1583
f 1515//1831 1511//1831 1514//1831
f 1509//1977 1513//1977 1512//1977
f 1511//2135 1489//2135 1488//2135
f 1507//1976 1509//1976 1512//1976
f 1514//1579 1511//1579 1510//1579
f 1513//1829 1515//1829 1514//1829
f 1516//1590 1463//1590 1517//1590
f 1517//2428 1518//2428 1519//2428
f 1516//2429 1460//2429 1463//2429
f 1520//2430 1517//2430 1519//2430
f 1521//2431 1516//2431 1520//2431
f 1520//1588 1516//1588 1517//1588
f 1480//2432 1460//2432 1522//2432
f 1463//2433 1523//2433 1524//2433
f 1463//2434 1479//2434 1523//2434
f 1463//2435 1524//2435 1517//2435
f 1522//2436 1460//2436 1525//2436
f 1525//2437 1460//2437 1516//2437
f 1526//2438 1516//2438 1521//2438
f 1519//2439 1518//2439 1527//2439
f 1517//2440 1528//2440 1518//2440
f 1525//2441 1516//2441 1526//2441
f 1519//2442 1527//2442 1529//2442
f 1529//2443 1527//2443 1530//2443
f 1521//2444 1520//2444 1530//2444
f 1531//1546 1529//1546 1530//1546
f 1517//2445 1524//2445 1528//2445
f 1530//2446 1520//2446 1531//2446
f 1532//2447 1489//2447 1533//2447
f 1491//2448 1489//2448 1532//2448
f 1479//2449 1486//2449 1523//2449
f 1523//2450 1486//2450 1534//2450
f 1486//2451 1491//2451 1534//2451
f 1489//2452 1511//2452 1533//2452
f 1534//2453 1491//2453 1532//2453
f 1488//2454 1535//2454 1536//2454
f 1490//2455 1537//2455 1535//2455
f 1490//2456 1487//2456 1537//2456
f 1510//2457 1488//2457 1536//2457
f 1487//2458 1522//2458 1537//2458
f 1487//2459 1480//2459 1522//2459
f 1488//2460 1490//2460 1535//2460
f 1515//2461 1538//2461 1539//2461
f 1513//2462 1538//2462 1515//2462
f 1509//2463 1538//2463 1513//2463
f 1511//2464 1539//2464 1533//2464
f 1515//2465 1539//2465 1511//2465
f 1540//2466 1514//2466 1510//2466
f 1540//2467 1510//2467 1536//2467
f 1541//2468 1507//2468 1512//2468
f 1541//2469 1514//2469 1540//2469
f 1541//2470 1512//2470 1514//2470
f 1521//2471 1518//2471 1526//2471
f 1527//2027 1518//2027 1521//2027
f 1522//2085 1523//2085 1537//2085
f 1530//1544 1527//1544 1521//1544
f 1524//2211 1523//2211 1525//2211
f 1525//2122 1523//2122 1522//2122
f 1526//2177 1524//2177 1525//2177
f 1518//2123 1528//2123 1526//2123
f 1528//1538 1524//1538 1526//1538
f 1523//1633 1534//1633 1537//1633
f 1535//1562 1533//1562 1536//1562
f 1534//1543 1532//1543 1537//1543
f 1536//1564 1533//1564 1542//1564
f 1537//1641 1532//1641 1535//1641
f 1543//1567 1544//1567 1545//1567
f 1532//1563 1533//1563 1535//1563
f 1542//1568 1543//1568 1545//1568
f 1533//1565 1543//1565 1542//1565
f 1546//2472 1547//2472 1548//2472
f 1549//2473 1547//2473 1546//2473
f 1544//2474 1547//2474 1549//2474
f 1543//2475 1539//2475 1547//2475
f 1533//2476 1539//2476 1543//2476
f 1543//2477 1547//2477 1544//2477
f 1550//2478 1551//2478 1552//2478
f 1550//2479 1553//2479 1551//2479
f 1540//2480 1536//2480 1542//2480
f 1550//2481 1545//2481 1553//2481
f 1540//2482 1542//2482 1550//2482
f 1550//2483 1542//2483 1545//2483
f 1546//2484 1548//2484 1554//2484
f 1548//2485 1555//2485 1556//2485
f 1554//2486 1548//2486 1556//2486
f 1546//1570 1554//1570 1557//1570
f 1545//1572 1544//1572 1553//1572
f 1554//1574 1556//1574 1558//1574
f 1557//1575 1554//1575 1558//1575
f 1549//1420 1546//1420 1551//1420
f 1551//1566 1546//1566 1557//1566
f 1544//1569 1549//1569 1553//1569
f 1553//1571 1549//1571 1551//1571
f 1559//2487 1552//2487 1558//2487
f 1552//2488 1557//2488 1558//2488
f 1552//2489 1551//2489 1557//2489
f 1484//2490 1415//2490 1560//2490
f 1484//2491 1560//2491 1492//2491
f 1492//2492 1560//2492 1561//2492
f 1469//2493 1415//2493 1484//2493
f 1494//2494 1561//2494 1562//2494
f 1492//2495 1561//2495 1494//2495
f 1494//2496 1562//2496 1499//2496
f 1563//2497 1564//2497 1500//2497
f 1500//2498 1564//2498 1497//2498
f 1499//2499 1563//2499 1500//2499
f 1562//2500 1563//2500 1499//2500
f 1565//2501 1495//2501 1566//2501
f 1565//2502 1493//2502 1495//2502
f 1416//2503 1475//2503 1485//2503
f 1567//2504 1485//2504 1493//2504
f 1416//2505 1485//2505 1567//2505
f 1567//2506 1493//2506 1565//2506
f 1568//2507 1566//2507 1502//2507
f 1568//2508 1502//2508 1501//2508
f 1569//2509 1501//2509 1496//2509
f 1569//2510 1568//2510 1501//2510
f 1566//2511 1495//2511 1502//2511
f 1565//1878 1561//1878 1567//1878
f 1562//1880 1561//1880 1565//1880
f 1566//1879 1562//1879 1565//1879
f 1567//1544 1560//1544 1416//1544
f 1561//1690 1560//1690 1567//1690
f 1560//1545 1415//1545 1416//1545
f 1570//2512 1564//2512 1569//2512
f 1569//1692 1564//1692 1568//1692
f 1568//1881 1563//1881 1566//1881
f 1571//1697 1570//1697 1569//1697
f 1572//2513 1570//2513 1571//2513
f 1564//1877 1563//1877 1568//1877
f 1563//1876 1562//1876 1566//1876
f 1573//2005 1572//2005 1571//2005
f 1574//1981 1575//1981 1576//1981
f 1576//2009 1575//2009 1573//2009
f 1577//1706 1574//1706 1578//1706
f 1579//1978 1574//1978 1576//1978
f 1578//2041 1574//2041 1579//2041
f 1580//1975 1577//1975 1578//1975
f 1575//2008 1572//2008 1573//2008
f 1581//1699 1580//1699 1578//1699
f 1569//2514 1496//2514 1582//2514
f 1497//2515 1564//2515 1583//2515
f 1504//2516 1584//2516 1505//2516
f 1503//2517 1583//2517 1584//2517
f 1497//2518 1583//2518 1503//2518
f 1503//2519 1584//2519 1504//2519
f 1584//2520 1583//2520 1585//2520
f 1585//2521 1506//2521 1507//2521
f 1585//2522 1508//2522 1506//2522
f 1585//2523 1498//2523 1508//2523
f 1582//2524 1496//2524 1498//2524
f 1585//1715 1583//1715 1582//1715
f 1582//2525 1498//2525 1585//2525
f 1574//2526 1586//2526 1587//2526
f 1572//2527 1575//2527 1587//2527
f 1564//2528 1570//2528 1583//2528
f 1583//2529 1570//2529 1587//2529
f 1575//2530 1574//2530 1587//2530
f 1570//2531 1572//2531 1587//2531
f 1579//2532 1576//2532 1588//2532
f 1589//2533 1579//2533 1588//2533
f 1587//2534 1586//2534 1589//2534
f 1583//2535 1587//2535 1588//2535
f 1576//2536 1573//2536 1588//2536
f 1588//1736 1587//1736 1589//1736
f 1573//2537 1571//2537 1588//2537
f 1582//1731 1583//1731 1588//1731
f 1571//2538 1582//2538 1588//2538
f 1571//2539 1569//2539 1582//2539
f 1422//1745 1423//1745 1590//1745
f 1590//1929 1591//1929 1592//1929
f 1423//1928 1591//1928 1590//1928
f 1592//1740 1593//1740 1594//1740
f 1591//2540 1593//2540 1592//2540
f 1594//1835 1595//1835 1596//1835
f 1597//2541 1580//2541 1581//2541
f 1593//1930 1595//1930 1594//1930
f 1596//2542 1597//2542 1581//2542
f 1595//1931 1597//1931 1596//1931
f 1421//2543 1426//2543 1598//2543
f 1593//2544 1599//2544 1595//2544
f 1421//2545 1598//2545 1423//2545
f 1423//2546 1598//2546 1600//2546
f 1423//1748 1600//1748 1591//1748
f 1591//2547 1600//2547 1601//2547
f 1591//2548 1601//2548 1593//2548
f 1593//2549 1601//2549 1599//2549
f 1602//1758 1422//1758 1590//1758
f 1602//2550 1590//2550 1603//2550
f 1604//2551 1592//2551 1594//2551
f 1603//2552 1592//2552 1604//2552
f 1427//2553 1419//2553 1605//2553
f 1603//2554 1590//2554 1592//2554
f 1605//2555 1419//2555 1422//2555
f 1605//2556 1422//2556 1602//2556
f 1580//2557 1606//2557 1586//2557
f 1577//487 1580//487 1586//487
f 1577//2558 1586//2558 1574//2558
f 1597//2559 1606//2559 1580//2559
f 1595//2560 1606//2560 1597//2560
f 1607//2561 1596//2561 1581//2561
f 1586//1543 1606//1543 1589//1543
f 1581//961 1578//961 1589//961
f 1589//1641 1606//1641 1607//1641
f 1589//2562 1578//2562 1579//2562
f 1607//2563 1581//2563 1589//2563
f 1607//2564 1594//2564 1596//2564
f 1604//2565 1594//2565 1607//2565
f 1606//2566 1608//2566 1609//2566
f 1610//2567 1607//2567 1611//2567
f 1595//2568 1599//2568 1606//2568
f 1612//2569 1613//2569 1611//2569
f 1604//2570 1607//2570 1610//2570
f 1608//2571 1614//2571 1609//2571
f 1613//2572 1610//2572 1611//2572
f 1614//2573 1615//2573 1609//2573
f 1606//2574 1599//2574 1608//2574
f 1606//1788 1609//1788 1607//1788
f 1609//2575 1615//2575 1616//2575
f 1611//2576 1616//2576 1617//2576
f 1612//2577 1611//2577 1617//2577
f 1609//1787 1616//1787 1611//1787
f 1607//1786 1609//1786 1611//1786
f 1538//2578 1584//2578 1585//2578
f 1539//2579 1538//2579 1541//2579
f 1541//2580 1538//2580 1585//2580
f 1585//2581 1507//2581 1541//2581
f 1540//2582 1539//2582 1541//2582
f 1505//2583 1538//2583 1509//2583
f 1505//2584 1584//2584 1538//2584
f 1555//2585 1548//2585 1552//2585
f 1550//1799 1547//1799 1540//1799
f 1552//1797 1548//1797 1550//1797
f 1548//2586 1547//2586 1550//2586
f 1559//1800 1555//1800 1552//1800
f 1547//2587 1539//2587 1540//2587
f 1519//2588 1529//2588 1618//2588
f 1519//2589 1618//2589 1619//2589
f 1620//2590 1520//2590 1621//2590
f 1531//2591 1520//2591 1620//2591
f 1621//2592 1519//2592 1619//2592
f 1621//2593 1520//2593 1519//2593
f 1622//2594 1619//2594 1623//2594
f 1622//2595 1621//2595 1619//2595
f 1624//1554 1625//1554 1620//1554
f 1626//1698 1625//1698 1624//1698
f 1620//1557 1618//1557 1531//1557
f 1618//2596 1625//2596 1619//2596
f 1624//2597 1620//2597 1621//2597
f 1625//1556 1618//1556 1620//1556
f 1618//1551 1529//1551 1531//1551
f 1627//2598 1624//2598 1621//2598
f 1625//2599 1626//2599 1619//2599
f 1627//2031 1626//2031 1624//2031
f 1628//2600 1629//2600 1622//2600
f 1630//2601 1631//2601 1623//2601
f 1626//2602 1630//2602 1623//2602
f 1632//2603 1622//2603 1633//2603
f 1629//2604 1627//2604 1622//2604
f 1632//2605 1628//2605 1622//2605
f 1627//2606 1621//2606 1622//2606
f 1631//2607 1634//2607 1623//2607
f 1619//2608 1626//2608 1623//2608
f 1623//2609 1634//2609 1635//2609
f 1631//2424 1630//2424 1629//2424
f 1634//1824 1631//1824 1628//1824
f 1628//1825 1631//1825 1629//1825
f 1629//1826 1630//1826 1627//1826
f 1632//1558 1634//1558 1628//1558
f 1630//2610 1626//2610 1627//2610
f 1636//1580 1637//1580 1638//1580
f 1639//2227 1640//2227 1641//2227
f 1640//1584 1636//1584 1638//1584
f 1641//2226 1640//2226 1638//2226
f 1642//1832 1639//1832 1641//1832
f 1638//2131 1637//2131 1643//2131
f 1643//2134 1637//2134 1632//2134
f 1637//1581 1634//1581 1632//1581
f 1556//2611 1555//2611 1644//2611
f 1559//2612 1645//2612 1642//2612
f 1644//1737 1639//1737 1642//1737
f 1556//1577 1644//1577 1645//1577
f 1559//2613 1558//2613 1645//2613
f 1644//2614 1555//2614 1639//2614
f 1558//1578 1556//1578 1645//1578
f 1645//1738 1644//1738 1642//1738
f 1559//2615 1642//2615 1646//2615
f 1646//2616 1642//2616 1641//2616
f 1639//2617 1555//2617 1647//2617
f 1639//2618 1647//2618 1640//2618
f 1634//2619 1648//2619 1649//2619
f 1637//2620 1648//2620 1634//2620
f 1636//2621 1650//2621 1637//2621
f 1651//2622 1643//2622 1652//2622
f 1637//2623 1650//2623 1648//2623
f 1634//2624 1649//2624 1635//2624
f 1653//2625 1632//2625 1633//2625
f 1651//2626 1638//2626 1643//2626
f 1652//2627 1643//2627 1632//2627
f 1652//2628 1632//2628 1653//2628
f 1654//2616 1638//2616 1651//2616
f 1640//2629 1647//2629 1655//2629
f 1654//2630 1641//2630 1638//2630
f 1636//2618 1655//2618 1650//2618
f 1646//2630 1641//2630 1654//2630
f 1640//2629 1655//2629 1636//2629
f 1651//1418 1655//1418 1654//1418
f 1650//1419 1655//1419 1651//1419
f 1648//1861 1650//1861 1651//1861
f 1653//1544 1649//1544 1652//1544
f 1649//1545 1648//1545 1652//1545
f 1652//1416 1648//1416 1651//1416
f 1656//2631 1633//2631 1635//2631
f 1656//2632 1635//2632 1657//2632
f 1633//2633 1622//2633 1623//2633
f 1633//2634 1623//2634 1635//2634
f 1658//2635 1659//2635 1657//2635
f 1660//2636 1633//2636 1656//2636
f 1660//2637 1656//2637 1661//2637
f 1662//2638 1661//2638 1656//2638
f 1635//2639 1649//2639 1663//2639
f 1664//2640 1658//2640 1657//2640
f 1657//2641 1663//2641 1664//2641
f 1665//2642 1662//2642 1656//2642
f 1635//2643 1663//2643 1657//2643
f 1653//2644 1633//2644 1660//2644
f 1661//1689 1664//1689 1660//1689
f 1659//1698 1658//1698 1662//1698
f 1662//1693 1658//1693 1661//1693
f 1665//1692 1659//1692 1662//1692
f 1663//1690 1649//1690 1653//1690
f 1664//1688 1663//1688 1660//1688
f 1660//1687 1663//1687 1653//1687
f 1658//1696 1664//1696 1661//1696
f 1657//2645 1659//2645 1666//2645
f 1665//2646 1656//2646 1667//2646
f 1668//2647 1665//2647 1667//2647
f 1659//2648 1669//2648 1666//2648
f 1670//2649 1667//2649 1671//2649
f 1670//2650 1668//2650 1667//2650
f 1666//2651 1672//2651 1673//2651
f 1669//2652 1672//2652 1666//2652
f 1667//2653 1657//2653 1666//2653
f 1667//2654 1656//2654 1657//2654
f 1666//2655 1671//2655 1667//2655
f 1666//2656 1673//2656 1671//2656
f 1674//1894 1555//1894 1559//1894
f 1675//2657 1674//2657 1559//2657
f 1647//2658 1555//2658 1676//2658
f 1555//2659 1674//2659 1676//2659
f 1677//2660 1674//2660 1678//2660
f 1674//2661 1679//2661 1678//2661
f 1678//2662 1679//2662 1680//2662
f 1676//2663 1674//2663 1677//2663
f 1681//2664 1675//2664 1682//2664
f 1559//2665 1646//2665 1683//2665
f 1675//2666 1683//2666 1684//2666
f 1675//2667 1684//2667 1682//2667
f 1675//2668 1559//2668 1683//2668
f 1681//2669 1682//2669 1685//2669
f 1680//2670 1679//2670 1686//2670
f 1681//1912 1679//1912 1675//1912
f 1687//1910 1688//1910 1681//1910
f 1679//2575 1688//2575 1686//2575
f 1681//2671 1685//2671 1689//2671
f 1687//2577 1681//2577 1689//2577
f 1679//2672 1674//2672 1675//2672
f 1688//1908 1679//1908 1681//1908
f 1647//1413 1676//1413 1683//1413
f 1683//1540 1677//1540 1684//1540
f 1676//1768 1677//1768 1683//1768
f 1654//1414 1647//1414 1646//1414
f 1646//1412 1647//1412 1683//1412
f 1655//1417 1647//1417 1654//1417
f 1684//2673 1678//2673 1682//2673
f 1686//2674 1690//2674 1691//2674
f 1677//1563 1678//1563 1684//1563
f 1685//1918 1680//1918 1689//1918
f 1689//2217 1686//2217 1691//2217
f 1680//2215 1686//2215 1689//2215
f 1682//1565 1680//1565 1685//1565
f 1678//1564 1680//1564 1682//1564
f 1688//2675 1692//2675 1693//2675
f 1686//2573 1688//2573 1690//2573
f 1694//2676 1695//2676 1696//2676
f 1690//2677 1688//2677 1693//2677
f 1694//2678 1687//2678 1695//2678
f 1693//2679 1692//2679 1697//2679
f 1687//2680 1691//2680 1695//2680
f 1687//2569 1689//2569 1691//2569
f 1698//1835 1699//1835 1700//1835
f 1701//1930 1699//1930 1698//1930
f 1699//2238 1702//2238 1700//2238
f 1697//2540 1701//2540 1703//2540
f 1703//1740 1701//1740 1698//1740
f 1691//1429 1690//1429 1695//1429
f 1695//1745 1693//1745 1696//1745
f 1690//1420 1693//1420 1695//1420
f 1696//1929 1697//1929 1703//1929
f 1693//1928 1697//1928 1696//1928
f 1694//1934 1688//1934 1687//1934
f 1692//1935 1688//1935 1694//1935
f 1704//1933 1692//1933 1705//1933
f 1705//1932 1692//1932 1694//1932
f 1706//1939 1704//1939 1705//1939
f 1707//1937 1706//1937 1708//1937
f 1708//1936 1706//1936 1705//1936
f 1709//1938 1707//1938 1708//1938
f 1706//2681 1707//2681 1710//2681
f 1704//2682 1706//2682 1711//2682
f 1712//2683 1706//2683 1710//2683
f 1713//2684 1706//2684 1712//2684
f 1711//2685 1706//2685 1713//2685
f 1704//2558 1711//2558 1714//2558
f 1708//2686 1705//2686 1715//2686
f 1715//2562 1705//2562 1716//2562
f 1708//2687 1715//2687 1717//2687
f 1708//2688 1717//2688 1718//2688
f 1708//2689 1718//2689 1719//2689
f 1709//2690 1708//2690 1719//2690
f 1692//2691 1704//2691 1720//2691
f 1721//2692 1694//2692 1722//2692
f 1705//2693 1694//2693 1721//2693
f 1692//2694 1720//2694 1723//2694
f 1724//2695 1694//2695 1696//2695
f 1692//2696 1723//2696 1725//2696
f 1692//2697 1725//2697 1697//2697
f 1722//2698 1694//2698 1724//2698
f 1726//2699 1703//2699 1727//2699
f 1697//2700 1728//2700 1701//2700
f 1726//2701 1696//2701 1703//2701
f 1701//2702 1728//2702 1729//2702
f 1697//2703 1725//2703 1728//2703
f 1724//2704 1696//2704 1726//2704
f 1727//2551 1703//2551 1698//2551
f 1701//2544 1729//2544 1699//2544
f 1704//487 1714//487 1720//487
f 1716//961 1705//961 1721//961
f 1728//2705 1725//2705 1724//2705
f 1722//1968 1720//1968 1721//1968
f 1723//1419 1720//1419 1722//1419
f 1721//1915 1714//1915 1716//1915
f 1725//1861 1723//1861 1722//1861
f 1724//2028 1725//2028 1722//2028
f 1720//1417 1714//1417 1721//1417
f 1726//1544 1728//1544 1724//1544
f 1714//2706 1711//2706 1715//2706
f 1715//1540 1713//1540 1717//1540
f 1711//1543 1713//1543 1715//1543
f 1717//2033 1712//2033 1718//2033
f 1713//1426 1712//1426 1717//1426
f 1716//2026 1714//2026 1715//2026
f 1730//2707 1672//2707 1670//2707
f 1670//2708 1672//2708 1668//2708
f 1668//2709 1669//2709 1665//2709
f 1669//1973 1659//1973 1665//1973
f 1672//2710 1669//2710 1668//2710
f 1731//2711 1730//2711 1670//2711
f 1700//1585 1702//1585 1732//1585
f 1733//2712 1734//2712 1735//2712
f 1736//1703 1734//1703 1731//1703
f 1735//2713 1734//2713 1736//2713
f 1734//1704 1730//1704 1731//1704
f 1732//1699 1737//1699 1735//1699
f 1702//1586 1737//1586 1732//1586
f 1737//2714 1733//2714 1735//2714
f 1732//961 1735//961 1738//961
f 1734//2715 1733//2715 1673//2715
f 1730//2716 1734//2716 1673//2716
f 1735//2717 1736//2717 1671//2717
f 1736//2718 1731//2718 1671//2718
f 1672//2719 1730//2719 1673//2719
f 1731//2720 1670//2720 1671//2720
f 1733//487 1737//487 1739//487
f 1738//2721 1735//2721 1671//2721
f 1739//2722 1738//2722 1671//2722
f 1739//2723 1740//2723 1738//2723
f 1739//2724 1741//2724 1740//2724
f 1673//2722 1739//2722 1671//2722
f 1733//2725 1739//2725 1673//2725
f 1742//2726 1743//2726 1700//2726
f 1742//2727 1700//2727 1732//2727
f 1727//2728 1698//2728 1743//2728
f 1702//2729 1744//2729 1737//2729
f 1745//2730 1744//2730 1702//2730
f 1743//2731 1698//2731 1700//2731
f 1737//2732 1744//2732 1739//2732
f 1699//2733 1729//2733 1745//2733
f 1699//2734 1745//2734 1702//2734
f 1742//2735 1732//2735 1738//2735
f 1744//1696 1745//1696 1743//1696
f 1729//1690 1728//1690 1726//1690
f 1727//1878 1729//1878 1726//1878
f 1745//1880 1729//1880 1727//1880
f 1742//1881 1744//1881 1743//1881
f 1743//1689 1745//1689 1727//1689
f 1746//2032 1747//2032 1748//2032
f 1747//1877 1744//1877 1742//1877
f 1749//1697 1746//1697 1748//1697
f 1750//2005 1751//2005 1749//2005
f 1751//2513 1746//2513 1749//2513
f 1748//2031 1747//2031 1742//2031
f 1752//1978 1753//1978 1754//1978
f 1755//1706 1753//1706 1756//1706
f 1754//2009 1757//2009 1750//2009
f 1753//1981 1757//1981 1754//1981
f 1757//2008 1751//2008 1750//2008
f 1756//2736 1753//2736 1752//2736
f 1742//2737 1738//2737 1740//2737
f 1747//2738 1746//2738 1741//2738
f 1744//2739 1747//2739 1741//2739
f 1749//2740 1748//2740 1740//2740
f 1739//2741 1744//2741 1741//2741
f 1748//2742 1742//2742 1740//2742
f 1751//2743 1757//2743 1758//2743
f 1757//2744 1753//2744 1758//2744
f 1741//2016 1759//2016 1740//2016
f 1741//2019 1758//2019 1759//2019
f 1746//2745 1751//2745 1741//2745
f 1750//2746 1740//2746 1759//2746
f 1750//2747 1749//2747 1740//2747
f 1754//2748 1750//2748 1759//2748
f 1752//2749 1754//2749 1759//2749
f 1741//2750 1751//2750 1758//2750
f 1598//1967 1426//1967 1605//1967
f 1402//1768 1407//1768 1406//1768
f 1427//1537 1425//1537 1424//1537
f 1605//1418 1426//1418 1427//1418
f 1406//1540 1407//1540 1409//1540
f 1425//2210 1402//2210 1406//2210
f 1426//1417 1425//1417 1427//1417
f 1424//1542 1425//1542 1406//1542
f 1601//1545 1600//1545 1602//1545
f 1602//1416 1600//1416 1605//1416
f 1600//1966 1598//1966 1605//1966
f 1599//2751 1601//2751 1603//2751
f 1603//1636 1601//1636 1602//1636
f 1604//1878 1599//1878 1603//1878
f 1760//1697 1761//1697 1612//1697
f 1762//2030 1763//2030 1760//2030
f 1612//1692 1615//1692 1613//1692
f 1763//2029 1761//2029 1760//2029
f 1761//2512 1615//2512 1612//2512
f 1613//1693 1614//1693 1610//1693
f 1615//1698 1614//1698 1613//1698
f 1610//1689 1608//1689 1604//1689
f 1614//1696 1608//1696 1610//1696
f 1608//1880 1599//1880 1604//1880
f 1409//2752 1408//2752 1410//2752
f 1407//1426 1408//1426 1409//1426
f 1410//2189 1412//2189 1411//2189
f 1408//1428 1412//1428 1410//1428
f 1446//1928 1764//1928 1765//1928
f 1445//1660 1446//1660 1449//1660
f 1411//1918 1412//1918 1447//1918
f 1447//2753 1444//2753 1448//2753
f 1412//2215 1444//2215 1447//2215
f 1448//1429 1445//1429 1449//1429
f 1449//2245 1446//2245 1765//2245
f 1444//2754 1445//2754 1448//2754
f 1766//1737 1767//1737 1768//1737
f 1769//2250 1770//2250 1771//2250
f 1772//2246 1769//2246 1771//2246
f 1765//1929 1764//1929 1773//1929
f 1768//1585 1767//1585 1772//1585
f 1774//2755 1766//2755 1775//2755
f 1767//2249 1769//2249 1772//2249
f 1773//2039 1774//2039 1775//2039
f 1764//2540 1774//2540 1773//2540
f 1775//1738 1766//1738 1768//1738
f 1615//2670 1761//2670 1616//2670
f 1761//2756 1763//2756 1616//2756
f 1776//2044 1763//2044 1762//2044
f 1777//2043 1776//2043 1778//2043
f 1762//2757 1760//2757 1617//2757
f 1760//2671 1612//2671 1617//2671
f 1778//2045 1776//2045 1762//2045
f 1771//1700 1777//1700 1779//1700
f 1779//1703 1777//1703 1778//1703
f 1770//2006 1777//2006 1771//2006
f 1616//2758 1763//2758 1780//2758
f 1763//2759 1776//2759 1780//2759
f 1776//2760 1777//2760 1780//2760
f 1777//2761 1770//2761 1781//2761
f 1780//2047 1777//2047 1781//2047
f 1771//2762 1779//2762 1782//2762
f 1762//2763 1617//2763 1783//2763
f 1616//2058 1780//2058 1783//2058
f 1779//2055 1783//2055 1782//2055
f 1778//2764 1762//2764 1783//2764
f 1779//2765 1778//2765 1783//2765
f 1617//2057 1616//2057 1783//2057
f 1769//2766 1784//2766 1770//2766
f 1770//2767 1784//2767 1785//2767
f 1770//2768 1785//2768 1781//2768
f 1774//2769 1786//2769 1787//2769
f 1774//2770 1787//2770 1766//2770
f 1766//2771 1788//2771 1767//2771
f 1767//2772 1788//2772 1789//2772
f 1766//2773 1787//2773 1788//2773
f 1769//2774 1789//2774 1784//2774
f 1767//2775 1789//2775 1769//2775
f 1764//2776 1786//2776 1774//2776
f 1790//2777 1771//2777 1782//2777
f 1791//2778 1771//2778 1790//2778
f 1791//2779 1772//2779 1771//2779
f 1792//2780 1772//2780 1791//2780
f 1793//2781 1765//2781 1773//2781
f 1793//2782 1773//2782 1794//2782
f 1792//2783 1768//2783 1772//2783
f 1795//2784 1775//2784 1768//2784
f 1794//2785 1773//2785 1775//2785
f 1794//2786 1775//2786 1795//2786
f 1795//2787 1768//2787 1792//2787
f 1764//2788 1450//2788 1786//2788
f 1796//2789 1765//2789 1793//2789
f 1796//2082 1449//2082 1765//2082
f 1455//2790 1449//2790 1796//2790
f 1446//2080 1450//2080 1764//2080
f 1795//1641 1787//1641 1794//1641
f 1788//1768 1787//1768 1795//1768
f 1794//1562 1786//1562 1793//1562
f 1787//1563 1786//1563 1794//1563
f 1789//2791 1788//2791 1795//2791
f 1792//2085 1789//2085 1795//2085
f 1783//2089 1780//2089 1782//2089
f 1797//2792 1798//2792 1799//2792
f 1781//2793 1797//2793 1800//2793
f 1800//2794 1797//2794 1799//2794
f 1780//2795 1781//2795 1782//2795
f 1782//2796 1781//2796 1800//2796
f 1797//2797 1801//2797 1802//2797
f 1781//2798 1785//2798 1803//2798
f 1781//2799 1804//2799 1797//2799
f 1797//2800 1804//2800 1801//2800
f 1805//2801 1800//2801 1806//2801
f 1781//2802 1803//2802 1804//2802
f 1807//2803 1800//2803 1805//2803
f 1807//2804 1782//2804 1800//2804
f 1790//2805 1782//2805 1808//2805
f 1808//2806 1782//2806 1807//2806
f 1809//2807 1810//2807 1799//2807
f 1797//2808 1802//2808 1798//2808
f 1811//2809 1809//2809 1799//2809
f 1810//2810 1806//2810 1799//2810
f 1812//2811 1813//2811 1798//2811
f 1806//2812 1800//2812 1799//2812
f 1802//2813 1812//2813 1798//2813
f 1813//2814 1814//2814 1798//2814
f 1798//2815 1815//2815 1816//2815
f 1799//2816 1798//2816 1816//2816
f 1814//2817 1817//2817 1815//2817
f 1818//2818 1811//2818 1816//2818
f 1811//2819 1799//2819 1816//2819
f 1798//2820 1814//2820 1815//2820
f 1815//2821 1819//2821 1820//2821
f 1818//2822 1816//2822 1821//2822
f 1815//2823 1817//2823 1819//2823
f 1821//2824 1816//2824 1822//2824
f 1815//2825 1820//2825 1823//2825
f 1816//2115 1815//2115 1824//2115
f 1822//2826 1816//2826 1824//2826
f 1815//2120 1823//2120 1824//2120
f 1803//2827 1785//2827 1790//2827
f 1790//1539 1784//1539 1791//1539
f 1785//2828 1784//2828 1790//2828
f 1805//1546 1801//1546 1807//1546
f 1804//1545 1803//1545 1808//1545
f 1784//1635 1789//1635 1791//1635
f 1808//1638 1803//1638 1790//1638
f 1791//2209 1789//2209 1792//2209
f 1807//1544 1804//1544 1808//1544
f 1801//2443 1804//2443 1807//2443
f 1813//1698 1812//1698 1810//1698
f 1809//1692 1813//1692 1810//1692
f 1817//2829 1814//2829 1811//2829
f 1802//1551 1801//1551 1805//1551
f 1810//1554 1812//1554 1806//1554
f 1806//1557 1802//1557 1805//1557
f 1812//1556 1802//1556 1806//1556
f 1818//1561 1817//1561 1811//1561
f 1811//2225 1814//2225 1809//2225
f 1814//1827 1813//1827 1809//1827
f 1459//1429 1452//1429 1458//1429
f 1793//1564 1786//1564 1796//1564
f 1786//1565 1450//1565 1796//1565
f 1451//2830 1452//2830 1459//2830
f 1458//1566 1453//1566 1456//1566
f 1452//1420 1453//1420 1458//1420
f 1796//1568 1450//1568 1455//1568
f 1455//1658 1451//1658 1459//1658
f 1453//1570 1454//1570 1456//1570
f 1450//1639 1451//1639 1455//1639
f 1457//1578 1825//1578 1826//1578
f 1456//1575 1454//1575 1457//1575
f 1454//1574 1825//1574 1457//1574
f 1825//2425 1827//2425 1826//2425
f 1828//1831 1829//1831 1830//1831
f 1826//1835 1827//1835 1831//1835
f 1831//1832 1832//1832 1833//1832
f 1827//2238 1832//2238 1831//2238
f 1830//1579 1829//1579 1834//1579
f 1833//1583 1835//1583 1830//1583
f 1832//2831 1835//2831 1833//2831
f 1835//1829 1828//1829 1830//1829
f 1836//1560 1817//1560 1818//1560
f 1834//1582 1829//1582 1837//1582
f 1837//1558 1836//1558 1818//1558
f 1829//2135 1836//2135 1837//2135
f 1836//2832 1829//2832 1838//2832
f 1838//2833 1829//2833 1839//2833
f 1819//2834 1817//2834 1840//2834
f 1840//2835 1836//2835 1838//2835
f 1817//2836 1836//2836 1840//2836
f 1841//2837 1835//2837 1842//2837
f 1835//2838 1832//2838 1842//2838
f 1839//2839 1828//2839 1841//2839
f 1828//2840 1835//2840 1841//2840
f 1842//2841 1832//2841 1843//2841
f 1829//2842 1828//2842 1839//2842
f 1834//2843 1844//2843 1845//2843
f 1834//2844 1837//2844 1844//2844
f 1837//2845 1846//2845 1844//2845
f 1837//2846 1818//2846 1846//2846
f 1818//2847 1821//2847 1846//2847
f 1831//2848 1833//2848 1847//2848
f 1830//2849 1834//2849 1845//2849
f 1830//2850 1845//2850 1848//2850
f 1831//2851 1847//2851 1849//2851
f 1833//2852 1848//2852 1847//2852
f 1833//2853 1830//2853 1848//2853
f 1454//2854 1436//2854 1825//2854
f 1825//2855 1436//2855 1850//2855
f 1442//2856 1457//2856 1851//2856
f 1436//2857 1442//2857 1851//2857
f 1850//2858 1436//2858 1851//2858
f 1824//2166 1823//2166 1852//2166
f 1852//2169 1853//2169 1709//2169
f 1823//2859 1853//2859 1852//2859
f 1853//2168 1707//2168 1709//2168
f 1854//2860 1709//2860 1855//2860
f 1854//2861 1852//2861 1709//2861
f 1853//2862 1856//2862 1707//2862
f 1707//2863 1856//2863 1857//2863
f 1853//2864 1858//2864 1859//2864
f 1823//2865 1858//2865 1853//2865
f 1823//2866 1820//2866 1860//2866
f 1823//2867 1860//2867 1861//2867
f 1853//2868 1859//2868 1856//2868
f 1823//2869 1861//2869 1858//2869
f 1862//2870 1824//2870 1863//2870
f 1861//1538 1860//1538 1863//1538
f 1864//2871 1852//2871 1854//2871
f 1863//2872 1852//2872 1865//2872
f 1863//1539 1860//1539 1862//1539
f 1858//1415 1861//1415 1863//1415
f 1863//2873 1824//2873 1852//2873
f 1822//2874 1824//2874 1862//2874
f 1865//1416 1858//1416 1863//1416
f 1865//2875 1852//2875 1864//2875
f 1856//2876 1859//2876 1864//2876
f 1866//1554 1867//1554 1855//1554
f 1855//2877 1857//2877 1854//2877
f 1867//2124 1857//2124 1855//2124
f 1854//2185 1856//2185 1864//2185
f 1857//2182 1856//2182 1854//2182
f 1859//2878 1858//2878 1865//2878
f 1864//2879 1859//2879 1865//2879
f 1709//2880 1719//2880 1868//2880
f 1710//2881 1707//2881 1869//2881
f 1719//2882 1710//2882 1868//2882
f 1868//1421 1869//1421 1870//1421
f 1710//2331 1869//2331 1868//2331
f 1712//2883 1710//2883 1719//2883
f 1718//2035 1712//2035 1719//2035
f 1869//1917 1871//1917 1870//1917
f 1871//2884 1872//2884 1873//2884
f 1867//2885 1872//2885 1871//2885
f 1857//2886 1867//2886 1869//2886
f 1872//2887 1874//2887 1873//2887
f 1869//2888 1867//2888 1871//2888
f 1873//2889 1874//2889 1875//2889
f 1707//2890 1857//2890 1869//2890
f 1874//2891 1876//2891 1875//2891
f 1877//2892 1866//2892 1870//2892
f 1866//2893 1868//2893 1870//2893
f 1866//2894 1855//2894 1868//2894
f 1878//2895 1879//2895 1880//2895
f 1855//2896 1709//2896 1868//2896
f 1872//1698 1867//1698 1866//1698
f 1877//1692 1872//1692 1866//1692
f 1877//2897 1870//2897 1881//2897
f 1879//2898 1881//2898 1880//2898
f 1879//2899 1877//2899 1881//2899
f 1862//1635 1860//1635 1822//1635
f 1822//2026 1820//2026 1821//2026
f 1860//1632 1820//1632 1822//1632
f 1821//1543 1819//1543 1846//1543
f 1820//1541 1819//1541 1821//1541
f 1846//2208 1840//2208 1844//2208
f 1819//1641 1840//1641 1846//1641
f 1840//2207 1838//2207 1844//2207
f 1838//2214 1839//2214 1844//2214
f 1842//2213 1843//2213 1849//2213
f 1844//2900 1839//2900 1845//2900
f 1841//1917 1842//1917 1847//1917
f 1847//2901 1842//2901 1849//2901
f 1839//1919 1841//1919 1848//1919
f 1848//1421 1841//1421 1847//1421
f 1845//2038 1839//2038 1848//2038
f 1882//1839 1883//1839 1884//1839
f 1843//1570 1885//1570 1886//1570
f 1849//1566 1843//1566 1886//1566
f 1883//2425 1887//2425 1884//2425
f 1886//1575 1885//1575 1882//1575
f 1885//1661 1883//1661 1882//1661
f 1851//2902 1831//2902 1849//2902
f 1826//961 1831//961 1851//961
f 1827//2903 1825//2903 1850//2903
f 1457//2904 1826//2904 1851//2904
f 1832//487 1827//487 1850//487
f 1832//2905 1850//2905 1843//2905
f 1879//1826 1874//1826 1877//1826
f 1888//1558 1889//1558 1878//1558
f 1874//1827 1872//1827 1877//1827
f 1889//1824 1876//1824 1878//1824
f 1878//1828 1874//1828 1879//1828
f 1876//1825 1874//1825 1878//1825
f 1890//1830 1891//1830 1892//1830
f 1892//1583 1891//1583 1893//1583
f 1894//1582 1889//1582 1895//1582
f 1895//1581 1889//1581 1888//1581
f 1896//2906 1894//2906 1895//2906
f 1891//1829 1896//1829 1893//1829
f 1897//2132 1891//2132 1890//2132
f 1893//1831 1896//1831 1895//1831
f 1897//2907 1850//2907 1891//2907
f 1887//2908 1850//2908 1897//2908
f 1883//2909 1850//2909 1887//2909
f 1885//2910 1850//2910 1883//2910
f 1843//2911 1850//2911 1885//2911
f 1851//2912 1884//2912 1890//2912
f 1884//1835 1887//1835 1890//1835
f 1851//2913 1890//2913 1892//2913
f 1851//2914 1849//2914 1886//2914
f 1851//2915 1886//2915 1882//2915
f 1887//1931 1897//1931 1890//1931
f 1851//2916 1882//2916 1884//2916
f 1891//2917 1898//2917 1896//2917
f 1899//2918 1893//2918 1895//2918
f 1891//2919 1850//2919 1898//2919
f 1851//2920 1892//2920 1899//2920
f 1896//2921 1898//2921 1894//2921
f 1899//2922 1892//2922 1893//2922
f 1880//1929 1875//1929 1900//1929
f 1871//1420 1873//1420 1881//1420
f 1870//1571 1871//1571 1881//1571
f 1881//1745 1873//1745 1880//1745
f 1873//1928 1875//1928 1880//1928
f 1875//2540 1901//2540 1900//2540
f 1900//1740 1901//1740 1902//1740
f 1903//1975 1755//1975 1756//1975
f 1904//1977 1903//1977 1905//1977
f 1905//1699 1903//1699 1756//1699
f 1902//2248 1906//2248 1907//2248
f 1906//2923 1904//2923 1907//2923
f 1907//1976 1904//1976 1905//1976
f 1901//1930 1906//1930 1902//1930
f 1908//2924 1902//2924 1907//2924
f 1908//2925 1900//2925 1902//2925
f 1909//2926 1880//2926 1900//2926
f 1909//2927 1900//2927 1908//2927
f 1909//2928 1878//2928 1880//2928
f 1901//2929 1910//2929 1906//2929
f 1906//2930 1910//2930 1904//2930
f 1875//2931 1911//2931 1901//2931
f 1876//2932 1911//2932 1875//2932
f 1901//2933 1911//2933 1910//2933
f 1912//2934 1756//2934 1752//2934
f 1758//2265 1912//2265 1759//2265
f 1758//2264 1913//2264 1912//2264
f 1912//2935 1752//2935 1759//2935
f 1903//2936 1913//2936 1755//2936
f 1904//2937 1913//2937 1903//2937
f 1912//2938 1907//2938 1905//2938
f 1753//2939 1913//2939 1758//2939
f 1755//2940 1913//2940 1753//2940
f 1912//2941 1905//2941 1756//2941
f 1913//2271 1908//2271 1912//2271
f 1904//2942 1910//2942 1913//2942
f 1913//2943 1910//2943 1908//2943
f 1908//2944 1907//2944 1912//2944
f 1910//2945 1909//2945 1908//2945
f 1910//2946 1911//2946 1909//2946
f 1899//2947 1895//2947 1909//2947
f 1888//2948 1878//2948 1909//2948
f 1895//961 1888//961 1909//961
f 1894//2949 1898//2949 1911//2949
f 1876//2950 1889//2950 1911//2950
f 1889//487 1894//487 1911//487
f 1898//2951 1851//2951 1899//2951
f 1898//2952 1850//2952 1851//2952
f 1911//2953 1899//2953 1909//2953
f 1911//2954 1898//2954 1899//2954
f 887//2955 886//2955 885//2955
f 887//2956 885//2956 888//2956
f 886//2957 891//2957 885//2957
f 886//2958 890//2958 891//2958
f 886//2959 889//2959 890//2959
f 885//2960 891//2960 884//2960
f 884//2961 895//2961 892//2961
f 884//2962 894//2962 893//2962
f 884//2963 892//2963 894//2963
f 884//2964 891//2964 896//2964
f 884//2965 896//2965 895//2965
f 891//2966 899//2966 898//2966
f 891//2967 897//2967 896//2967
f 891//2968 898//2968 897//2968
f 891//2969 900//2969 899//2969
f 899//2970 900//2970 901//2970
f 921//2971 919//2971 923//2971
f 923//2971 919//2971 924//2971
f 918//2972 921//2972 922//2972
f 922//2973 921//2973 923//2973
f 901//2974 918//2974 922//2974
f 900//2974 918//2974 901//2974
f 1914//2975 1915//2975 1916//2975
f 1917//2976 1918//2976 1919//2976
f 1919//2977 1918//2977 1914//2977
f 920//2978 1917//2978 1920//2978
f 1920//2978 1917//2978 1919//2978
f 1918//2979 1915//2979 1914//2979
f 924//2980 920//2980 1920//2980
f 919//2980 920//2980 924//2980
f 1916//2981 1921//2981 1922//2981
f 1915//2982 1921//2982 1916//2982
f 1916//2983 1923//2983 1914//2983
f 1914//2984 1924//2984 1919//2984
f 1920//2985 1925//2985 924//2985
f 1926//2986 1917//2986 920//2986
f 1927//2987 1928//2987 619//2987
f 1928//2988 1929//2988 619//2988
f 1929//2989 623//2989 619//2989
f 1930//2990 1927//2990 619//2990
f 1931//2991 1930//2991 619//2991
f 1932//2992 1933//2992 1934//2992
f 1935//2993 1932//2993 1934//2993
f 621//2994 1936//2994 618//2994
f 618//47 1934//47 619//47
f 1936//2995 1937//2995 618//2995
f 618//2996 1937//2996 1934//2996
f 1933//2997 1938//2997 1934//2997
f 1939//2998 1935//2998 1934//2998
f 1937//2999 1939//2999 1934//2999
f 1940//3000 1941//3000 1934//3000
f 1942//3001 1940//3001 1934//3001
f 1943//254 1931//254 619//254
f 1938//3002 1942//3002 1934//3002
f 1944//3003 1943//3003 619//3003
f 1945//3004 1944//3004 619//3004
f 1937//3005 1929//3005 1939//3005
f 623//3006 1929//3006 1937//3006
f 621//3007 622//3007 1936//3007
f 1929//3008 1928//3008 1939//3008
f 620//3009 622//3009 621//3009
f 624//3010 620//3010 625//3010
f 625//3011 620//3011 621//3011
f 1936//1011 623//1011 1937//1011
f 622//3012 623//3012 1936//3012
f 626//1105 624//1105 627//1105
f 627//1105 624//1105 625//1105
f 643//3013 626//3013 627//3013
f 639//1113 626//1113 643//1113
f 1931//3014 1946//3014 1938//3014
f 1939//3015 1928//3015 1935//3015
f 1935//3016 1927//3016 1932//3016
f 1928//3016 1927//3016 1935//3016
f 1938//3017 1946//3017 1947//3017
f 1930//3018 1931//3018 1933//3018
f 1932//318 1930//318 1933//318
f 1933//3018 1931//3018 1938//3018
f 1927//318 1930//318 1932//318
f 1948//3019 1949//3019 1950//3019
f 1946//3020 1948//3020 1947//3020
f 1947//3021 1948//3021 1951//3021
f 1951//3022 1948//3022 1950//3022
f 642//3023 639//3023 643//3023
f 638//3024 639//3024 642//3024
f 636//3025 638//3025 642//3025
f 641//3025 636//3025 642//3025
f 1952//1327 1953//1327 1954//1327
f 1955//3026 1956//3026 1957//3026
f 1957//3027 1956//3027 1958//3027
f 1958//3028 1956//3028 1952//3028
f 1956//3029 1953//3029 1952//3029
f 645//3030 636//3030 641//3030
f 634//3031 636//3031 645//3031
f 706//3032 634//3032 1954//3032
f 1954//3033 634//3033 645//3033
f 1953//3034 706//3034 1954//3034
f 1959//3035 1960//3035 1961//3035
f 1949//3036 1959//3036 1962//3036
f 1950//3037 1949//3037 1962//3037
f 1962//3038 1959//3038 1961//3038
f 1963//932 1964//932 1965//932
f 1961//3039 1960//3039 1966//3039
f 1964//3040 1955//3040 1957//3040
f 1966//3041 1967//3041 1968//3041
f 1960//3042 1967//3042 1966//3042
f 1968//932 1963//932 1965//932
f 1967//3041 1963//3041 1968//3041
f 1965//3040 1964//3040 1957//3040
f 1943//3043 1969//3043 1946//3043
f 1943//3044 1946//3044 1931//3044
f 1970//3045 1949//3045 1948//3045
f 1969//3046 1948//3046 1946//3046
f 1969//3047 1970//3047 1948//3047
f 1971//3048 1960//3048 1972//3048
f 1972//3049 1959//3049 1973//3049
f 1972//3050 1960//3050 1959//3050
f 1973//3051 1959//3051 1949//3051
f 1970//3052 1973//3052 1949//3052
f 1971//3053 1967//3053 1960//3053
f 1947//3054 1942//3054 1938//3054
f 1974//3055 1942//3055 1947//3055
f 1975//3056 1974//3056 1951//3056
f 1951//3057 1974//3057 1947//3057
f 1950//3058 1975//3058 1951//3058
f 1961//3059 1976//3059 1962//3059
f 1962//3060 1976//3060 1977//3060
f 1977//3061 1975//3061 1950//3061
f 1962//3062 1977//3062 1950//3062
f 1966//3063 1978//3063 1961//3063
f 1961//3064 1978//3064 1976//3064
f 1979//3065 1945//3065 619//3065
f 619//3066 1934//3066 1979//3066
f 1943//3067 1944//3067 1942//3067
f 1969//3068 1943//3068 1974//3068
f 1974//3068 1943//3068 1942//3068
f 1970//1146 1969//1146 1975//1146
f 1975//3069 1969//3069 1974//3069
f 1977//3070 1970//3070 1975//3070
f 1973//3071 1970//3071 1977//3071
f 1944//3072 1945//3072 1940//3072
f 1941//3073 1980//3073 1981//3073
f 1945//3074 1980//3074 1941//3074
f 1981//3075 1982//3075 1983//3075
f 1942//3076 1944//3076 1940//3076
f 1980//3075 1982//3075 1981//3075
f 1940//3077 1945//3077 1941//3077
f 1984//1283 1985//1283 1963//1283
f 1984//3078 1963//3078 1967//3078
f 1985//3079 1964//3079 1963//3079
f 707//3080 706//3080 1953//3080
f 707//3081 1953//3081 1956//3081
f 1985//3082 1984//3082 1986//3082
f 1985//3083 1955//3083 1964//3083
f 1985//3084 1956//3084 1955//3084
f 1985//3085 707//3085 1956//3085
f 1954//3086 1987//3086 1952//3086
f 645//3087 708//3087 1954//3087
f 707//3088 1985//3088 1987//3088
f 1952//3089 1987//3089 1958//3089
f 708//3090 1987//3090 1954//3090
f 708//204 707//204 1987//204
f 1987//3091 1985//3091 1986//3091
f 1987//3092 1986//3092 1958//3092
f 1958//3093 1986//3093 1957//3093
f 1957//3094 1986//3094 1965//3094
f 1965//3095 1986//3095 1968//3095
f 1988//3096 1989//3096 1990//3096
f 1991//3097 1992//3097 1993//3097
f 1989//3098 1994//3098 1990//3098
f 1989//3099 1992//3099 1994//3099
f 1994//3100 1992//3100 1995//3100
f 1995//3101 1992//3101 1991//3101
f 1993//1278 1992//1278 1984//1278
f 1993//3102 1984//3102 1971//3102
f 1971//3103 1984//3103 1967//3103
f 1996//3073 1984//3073 1997//3073
f 1996//3104 1978//3104 1966//3104
f 1996//3105 1998//3105 1978//3105
f 1997//1318 1998//1318 1996//1318
f 1986//3106 1984//3106 1996//3106
f 1986//3107 1996//3107 1968//3107
f 1984//3073 1992//3073 1997//3073
f 1968//3108 1996//3108 1966//3108
f 1999//3109 1989//3109 2000//3109
f 1997//3110 1989//3110 1999//3110
f 1992//3110 1989//3110 1997//3110
f 1989//3111 2001//3111 2000//3111
f 2001//3112 2002//3112 2000//3112
f 2001//3113 1989//3113 1988//3113
f 2001//3114 2003//3114 2004//3114
f 2001//3115 1988//3115 2003//3115
f 2005//3116 2004//3116 2006//3116
f 2004//3117 2003//3117 2007//3117
f 2006//3118 2004//3118 2007//3118
f 2008//3119 2005//3119 2006//3119
f 2009//3120 2005//3120 2008//3120
f 2010//3121 2011//3121 2012//3121
f 2013//3121 2010//3121 2012//3121
f 1982//3122 2010//3122 1983//3122
f 2012//3123 2014//3123 2015//3123
f 2011//3123 2014//3123 2012//3123
f 1983//3122 2010//3122 2013//3122
f 2016//3124 2017//3124 2018//3124
f 2018//3125 2017//3125 2019//3125
f 2014//3126 2016//3126 2020//3126
f 2015//3126 2014//3126 2020//3126
f 2019//3127 2021//3127 2022//3127
f 2017//3125 2021//3125 2019//3125
f 2020//3124 2016//3124 2018//3124
f 2021//3127 2009//3127 2022//3127
f 2020//3128 2023//3128 2015//3128
f 2018//394 2024//394 2020//394
f 2022//3129 2009//3129 2008//3129
f 2025//3130 2016//3130 2014//3130
f 2026//395 2017//395 2016//395
f 1976//3010 1973//3010 1977//3010
f 1998//3131 1971//3131 1978//3131
f 1993//3131 1971//3131 1998//3131
f 1972//3132 1973//3132 1976//3132
f 1971//3133 1972//3133 1978//3133
f 1978//3133 1972//3133 1976//3133
f 2027//3134 1995//3134 2028//3134
f 1994//3135 1995//3135 2027//3135
f 2029//3136 1991//3136 1998//3136
f 2028//3137 1991//3137 2029//3137
f 1995//3137 1991//3137 2028//3137
f 1991//3136 1993//3136 1998//3136
f 2030//3138 1994//3138 2027//3138
f 1990//3139 1994//3139 2030//3139
f 2007//3140 2003//3140 2031//3140
f 1988//1286 1990//1286 2030//1286
f 2003//3140 1988//3140 2031//3140
f 2031//3141 1988//3141 2030//3141
f 1999//3142 2000//3142 2031//3142
f 2007//3143 2000//3143 2006//3143
f 2031//3144 2000//3144 2007//3144
f 1999//384 2031//384 2030//384
f 1997//3145 1999//3145 2027//3145
f 1997//3146 2027//3146 2028//3146
f 2027//3147 1999//3147 2030//3147
f 1997//3148 2028//3148 2029//3148
f 1997//3149 2029//3149 1998//3149
f 2000//3150 2002//3150 2032//3150
f 2033//3151 2034//3151 2009//3151
f 2033//3152 2009//3152 2021//3152
f 2000//3153 2035//3153 2006//3153
f 2036//3154 2004//3154 2005//3154
f 2034//3155 2036//3155 2005//3155
f 2034//3156 2005//3156 2009//3156
f 2036//402 2001//402 2004//402
f 2036//3157 2037//3157 2001//3157
f 2038//3158 2002//3158 2037//3158
f 2039//3159 2040//3159 2002//3159
f 2037//3160 2002//3160 2001//3160
f 2041//3161 2040//3161 2039//3161
f 2039//3162 2002//3162 2038//3162
f 2032//3163 2042//3163 2043//3163
f 2032//3164 2043//3164 2044//3164
f 2045//3165 2042//3165 2032//3165
f 2044//3166 2035//3166 2000//3166
f 2032//3167 2044//3167 2000//3167
f 2032//3168 2002//3168 2045//3168
f 2002//3168 2040//3168 2045//3168
f 2045//3169 2046//3169 2042//3169
f 2047//3170 2021//3170 2017//3170
f 2026//3171 2047//3171 2017//3171
f 2025//3172 2026//3172 2016//3172
f 2047//419 2033//419 2021//419
f 2048//3173 2025//3173 2014//3173
f 2049//3174 2050//3174 2022//3174
f 2051//3175 2024//3175 2018//3175
f 2006//3176 2035//3176 2008//3176
f 2050//3177 2051//3177 2019//3177
f 2024//3178 2023//3178 2020//3178
f 2008//3179 2049//3179 2022//3179
f 2023//3180 2052//3180 2015//3180
f 2022//3181 2050//3181 2019//3181
f 2035//3182 2049//3182 2008//3182
f 2019//3183 2051//3183 2018//3183
f 2049//3184 2033//3184 2050//3184
f 2043//3185 2037//3185 2044//3185
f 2038//3185 2037//3185 2043//3185
f 2034//3184 2033//3184 2049//3184
f 2036//3186 2034//3186 2035//3186
f 2035//3187 2034//3187 2049//3187
f 2037//3188 2036//3188 2044//3188
f 2033//3189 2047//3189 2050//3189
f 2044//3190 2036//3190 2035//3190
f 2041//3191 2039//3191 2046//3191
f 2046//3192 2039//3192 2042//3192
f 2042//3193 2038//3193 2043//3193
f 2039//3194 2038//3194 2042//3194
f 2024//3195 2025//3195 2023//3195
f 2026//3195 2025//3195 2024//3195
f 2052//3196 2048//3196 2053//3196
f 2023//3197 2048//3197 2052//3197
f 2051//3198 2026//3198 2024//3198
f 2047//1099 2026//1099 2051//1099
f 2050//3199 2047//3199 2051//3199
f 2025//3197 2048//3197 2023//3197
f 2048//3200 2054//3200 2053//3200
f 2054//3021 2055//3021 2053//3021
f 2055//3201 2056//3201 2057//3201
f 2053//3202 2055//3202 2057//3202
f 2057//3203 2056//3203 2058//3203
f 1941//3204 2059//3204 1934//3204
f 1934//3205 2059//3205 1979//3205
f 1983//3206 2059//3206 1981//3206
f 1979//3207 1980//3207 1945//3207
f 1979//3208 1982//3208 1980//3208
f 1981//3209 2059//3209 1941//3209
f 2013//3210 2059//3210 1983//3210
f 1979//3211 2010//3211 1982//3211
f 1979//3212 2011//3212 2010//3212
f 1979//3213 2014//3213 2011//3213
f 2012//3214 2059//3214 2013//3214
f 2015//3215 2059//3215 2012//3215
f 1979//3216 2055//3216 2054//3216
f 2052//3217 2059//3217 2015//3217
f 1979//3218 2054//3218 2048//3218
f 2053//3219 2059//3219 2052//3219
f 2057//3220 2059//3220 2053//3220
f 1979//3221 2056//3221 2055//3221
f 1979//3222 2048//3222 2014//3222
f 2058//3223 2059//3223 2057//3223
f 2060//3224 2061//3224 1922//3224
f 2062//3225 2059//3225 2063//3225
f 2061//3226 2064//3226 1922//3226
f 2063//3227 1922//3227 2064//3227
f 2065//3228 2059//3228 2062//3228
f 1921//3229 2060//3229 1922//3229
f 2063//3230 2059//3230 1922//3230
f 1979//3231 2059//3231 2065//3231
f 2059//3232 2066//3232 1922//3232
f 1922//3233 2066//3233 2067//3233
f 1922//3234 2067//3234 2068//3234
f 1922//3235 2068//3235 2069//3235
f 2066//3236 2070//3236 2067//3236
f 2068//3237 2067//3237 2071//3237
f 1380//3238 2072//3238 920//3238
f 2072//3239 1926//3239 920//3239
f 2073//3240 1915//3240 1918//3240
f 2073//3241 2074//3241 1915//3241
f 1926//3242 2073//3242 1918//3242
f 1926//3243 1918//3243 1917//3243
f 1919//3244 1925//3244 1920//3244
f 1924//3245 2075//3245 1919//3245
f 1923//3246 1924//3246 1914//3246
f 2075//3247 1925//3247 1919//3247
f 1925//3248 925//3248 924//3248
f 2075//3249 2072//3249 1925//3249
f 2073//3250 1926//3250 1924//3250
f 1924//3251 1926//3251 2075//3251
f 1923//3252 2073//3252 1924//3252
f 2074//3253 2073//3253 1923//3253
f 1926//3249 2072//3249 2075//3249
f 1925//3254 1380//3254 925//3254
f 2072//3254 1380//3254 1925//3254
f 925//3255 1383//3255 1386//3255
f 1380//3255 1383//3255 925//3255
f 1386//3256 1382//3256 1384//3256
f 1383//3257 1382//3257 1386//3257
f 1384//3258 1381//3258 1385//3258
f 1382//3258 1381//3258 1384//3258
f 2074//543 2076//543 1915//543
f 2076//3259 1921//3259 1915//3259
f 1922//3260 1923//3260 1916//3260
f 2077//3261 1923//3261 1922//3261
f 2078//3262 1921//3262 2076//3262
f 2060//3263 1921//3263 2078//3263
f 2076//3264 1923//3264 2077//3264
f 2076//3265 2074//3265 1923//3265
f 2079//3266 2080//3266 2081//3266
f 2082//3267 2081//3267 2083//3267
f 2080//3268 2084//3268 2081//3268
f 2085//3269 2086//3269 2082//3269
f 2087//3079 782//3079 784//3079
f 2086//3270 2081//3270 2082//3270
f 2086//3080 2079//3080 2081//3080
f 2084//3271 2087//3271 784//3271
f 2084//3272 784//3272 2081//3272
f 786//3273 2088//3273 787//3273
f 2081//3274 784//3274 2089//3274
f 787//3275 2088//3275 2089//3275
f 2088//3276 2090//3276 2089//3276
f 2090//3277 2091//3277 2089//3277
f 2089//662 784//662 787//662
f 2091//3278 2092//3278 2089//3278
f 2089//3279 2092//3279 2083//3279
f 2092//3280 2093//3280 2083//3280
f 2093//3281 2094//3281 2083//3281
f 2083//3282 2081//3282 2089//3282
f 2095//3283 2096//3283 2097//3283
f 2098//3284 2096//3284 2095//3284
f 2097//3285 2099//3285 2100//3285
f 2096//3286 2099//3286 2097//3286
f 2099//3285 2101//3285 2100//3285
f 2102//3287 2099//3287 2096//3287
f 2102//3288 2103//3288 2099//3288
f 2104//3289 2101//3289 2105//3289
f 2103//3290 2105//3290 2099//3290
f 2105//3291 2101//3291 2099//3291
f 2106//1143 2082//1143 2101//1143
f 2106//3292 2101//3292 2107//3292
f 2108//3293 2082//3293 2106//3293
f 2108//3294 2085//3294 2082//3294
f 2107//3295 2101//3295 2104//3295
f 2094//3296 2109//3296 2110//3296
f 2100//3129 2101//3129 2110//3129
f 2110//3297 2082//3297 2083//3297
f 2110//3298 2111//3298 2112//3298
f 2109//3299 2111//3299 2110//3299
f 2110//1150 2112//1150 2100//1150
f 2101//3129 2082//3129 2110//3129
f 2083//3300 2094//3300 2110//3300
f 2113//3301 2040//3301 2041//3301
f 2113//3302 2098//3302 2040//3302
f 2045//3303 2040//3303 2114//3303
f 2040//3303 2098//3303 2114//3303
f 2115//3304 2098//3304 2113//3304
f 2116//3305 2098//3305 2115//3305
f 2117//3306 2096//3306 2116//3306
f 2116//3307 2096//3307 2098//3307
f 2114//3308 2118//3308 2119//3308
f 2095//3309 2120//3309 2121//3309
f 2045//3310 2119//3310 2046//3310
f 2114//3311 2119//3311 2045//3311
f 2095//3312 2121//3312 2114//3312
f 2114//3313 2121//3313 2118//3313
f 2114//3314 2098//3314 2095//3314
f 2122//3315 2123//3315 2124//3315
f 2125//815 2096//815 2117//815
f 2126//3316 2125//3316 2117//3316
f 2095//3317 2127//3317 2120//3317
f 2126//3318 2117//3318 2128//3318
f 2123//3319 2126//3319 2128//3319
f 2123//3320 2128//3320 2124//3320
f 2118//3321 2115//3321 2119//3321
f 2115//3322 2113//3322 2119//3322
f 2119//3323 2041//3323 2046//3323
f 2113//3324 2041//3324 2119//3324
f 2129//3325 2124//3325 2130//3325
f 2130//3326 2124//3326 2131//3326
f 2116//3327 2115//3327 2121//3327
f 2121//3327 2115//3327 2118//3327
f 2131//3328 2124//3328 2132//3328
f 2117//3329 2116//3329 2120//3329
f 2132//3330 2128//3330 2120//3330
f 2120//3331 2116//3331 2121//3331
f 2128//3332 2117//3332 2120//3332
f 2124//3328 2128//3328 2132//3328
f 2058//3333 2056//3333 2133//3333
f 2133//3334 2134//3334 2135//3334
f 2134//3335 2136//3335 2135//3335
f 2056//3336 2134//3336 2133//3336
f 2135//3337 2136//3337 2137//3337
f 2138//3338 2139//3338 2140//3338
f 2141//3339 2139//3339 2138//3339
f 2136//3340 2141//3340 2137//3340
f 2140//3116 2142//3116 2130//3116
f 2139//3338 2142//3338 2140//3338
f 2137//3339 2141//3339 2138//3339
f 2142//1208 2129//1208 2130//1208
f 2143//3341 2129//3341 2142//3341
f 2122//836 2124//836 2129//836
f 2143//3342 2122//3342 2129//3342
f 2144//3343 2142//3343 2139//3343
f 2145//3344 2139//3344 2141//3344
f 2138//3345 2146//3345 2137//3345
f 2131//3346 2147//3346 2130//3346
f 2130//3347 2148//3347 2140//3347
f 2147//3348 2148//3348 2130//3348
f 2140//3349 2149//3349 2138//3349
f 2150//3350 2147//3350 2131//3350
f 2120//3351 2151//3351 2132//3351
f 2132//3352 2150//3352 2131//3352
f 2151//3353 2150//3353 2132//3353
f 2127//3354 2151//3354 2120//3354
f 2125//3355 2152//3355 2096//3355
f 2153//3356 2125//3356 2127//3356
f 2152//3356 2125//3356 2153//3356
f 2127//3077 2126//3077 2151//3077
f 2125//3072 2126//3072 2127//3072
f 2126//3357 2123//3357 2151//3357
f 2152//3358 2102//3358 2096//3358
f 2148//866 2149//866 2140//866
f 2151//3195 2123//3195 2150//3195
f 2144//869 2143//869 2142//869
f 2145//3359 2144//3359 2139//3359
f 2149//3360 2146//3360 2138//3360
f 2147//3361 2143//3361 2148//3361
f 2123//3362 2122//3362 2150//3362
f 2149//3363 2145//3363 2146//3363
f 2150//3362 2122//3362 2147//3362
f 2143//3121 2144//3121 2148//3121
f 2148//3121 2144//3121 2149//3121
f 2122//3361 2143//3361 2147//3361
f 2144//3363 2145//3363 2149//3363
f 2154//3364 2155//3364 2156//3364
f 2157//3124 2155//3124 2154//3124
f 2146//3126 2145//3126 2158//3126
f 2158//3124 2157//3124 2154//3124
f 2155//3364 2159//3364 2156//3364
f 2145//3126 2157//3126 2158//3126
f 2102//3068 2152//3068 2160//3068
f 2160//3068 2152//3068 2153//3068
f 2103//3365 2102//3365 2161//3365
f 2161//3366 2102//3366 2160//3366
f 2105//3367 2103//3367 2162//3367
f 2162//3368 2103//3368 2161//3368
f 2160//3369 2153//3369 2095//3369
f 2100//3370 2112//3370 2163//3370
f 2100//3371 2163//3371 2164//3371
f 2097//3372 2160//3372 2095//3372
f 2161//860 2160//860 2097//860
f 2100//3373 2164//3373 2162//3373
f 2162//3374 2161//3374 2097//3374
f 2100//3375 2162//3375 2097//3375
f 2153//3376 2127//3376 2095//3376
f 2163//3133 2104//3133 2164//3133
f 2112//3377 2107//3377 2163//3377
f 2106//3377 2107//3377 2112//3377
f 2107//3133 2104//3133 2163//3133
f 2104//3378 2105//3378 2164//3378
f 2164//3379 2105//3379 2162//3379
f 2165//3380 2166//3380 2167//3380
f 2167//3381 2166//3381 2168//3381
f 2108//3136 2106//3136 2112//3136
f 2166//3137 2108//3137 2168//3137
f 2168//3137 2108//3137 2111//3137
f 2111//3136 2108//3136 2112//3136
f 2087//1092 2084//1092 2090//1092
f 2090//3382 2084//3382 2091//3382
f 2084//3383 2080//3383 2091//3383
f 786//3384 782//3384 2088//3384
f 782//1109 2087//1109 2088//1109
f 822//1104 783//1104 824//1104
f 824//3385 783//3385 786//3385
f 783//3386 782//3386 786//3386
f 2088//1107 2087//1107 2090//1107
f 820//1105 822//1105 825//1105
f 825//1105 822//1105 824//1105
f 818//1299 820//1299 831//1299
f 831//3387 820//3387 825//3387
f 2109//3388 2169//3388 2170//3388
f 2092//1094 2079//1094 2093//1094
f 2094//3389 2085//3389 2109//3389
f 2086//3389 2085//3389 2094//3389
f 2080//1094 2079//1094 2092//1094
f 2085//3390 2169//3390 2109//3390
f 2091//3391 2080//3391 2092//3391
f 2093//855 2086//855 2094//855
f 2079//855 2086//855 2093//855
f 2170//3021 2171//3021 2172//3021
f 2169//3020 2171//3020 2170//3020
f 2172//3392 2171//3392 2173//3392
f 2171//3393 2174//3393 2173//3393
f 835//1220 816//1220 839//1220
f 816//3394 818//3394 831//3394
f 839//1220 816//1220 830//1220
f 830//3395 816//3395 831//3395
f 834//3031 835//3031 838//3031
f 838//3030 835//3030 839//3030
f 840//3396 834//3396 838//3396
f 842//3397 840//3397 2175//3397
f 2175//3398 840//3398 2176//3398
f 2176//3399 840//3399 838//3399
f 2177//1204 842//1204 2175//1204
f 2178//3400 2177//3400 2179//3400
f 2179//3401 2177//3401 2175//3401
f 2173//3336 2174//3336 2180//3336
f 2180//3335 2181//3335 2182//3335
f 2174//3333 2181//3333 2180//3333
f 2181//3402 2183//3402 2182//3402
f 2184//3403 2185//3403 2186//3403
f 2186//3404 2185//3404 2187//3404
f 2183//3042 2184//3042 2188//3042
f 2188//3403 2184//3403 2186//3403
f 2187//1203 2189//1203 2190//1203
f 2182//3039 2183//3039 2188//3039
f 2189//1203 2178//1203 2190//1203
f 2190//3405 2178//3405 2179//3405
f 2185//3404 2189//3404 2187//3404
f 2166//3406 2169//3406 2108//3406
f 2191//3407 2174//3407 2165//3407
f 2165//3408 2171//3408 2166//3408
f 2165//3409 2174//3409 2171//3409
f 2166//3406 2171//3406 2169//3406
f 2108//3410 2169//3410 2085//3410
f 2192//3411 2183//3411 2193//3411
f 2192//3412 2184//3412 2183//3412
f 2193//3413 2181//3413 2191//3413
f 2193//3414 2183//3414 2181//3414
f 2191//3415 2181//3415 2174//3415
f 2173//3416 2167//3416 2172//3416
f 2170//3417 2111//3417 2109//3417
f 2172//3418 2167//3418 2168//3418
f 2170//910 2168//910 2111//910
f 2172//3419 2168//3419 2170//3419
f 2173//3420 2194//3420 2167//3420
f 2188//3421 2195//3421 2182//3421
f 2182//3422 2196//3422 2180//3422
f 2180//3423 2196//3423 2194//3423
f 2182//3424 2195//3424 2196//3424
f 2180//3425 2194//3425 2173//3425
f 841//2987 842//2987 2177//2987
f 841//3426 2177//3426 2178//3426
f 836//3427 841//3427 2197//3427
f 841//2989 2178//2989 2189//2989
f 841//3428 2189//3428 2185//3428
f 841//3429 2185//3429 2184//3429
f 2175//3430 2197//3430 2179//3430
f 2179//3431 2197//3431 2190//3431
f 2190//3432 2197//3432 2187//3432
f 836//3433 2197//3433 837//3433
f 837//3434 2197//3434 2175//3434
f 2186//3435 2197//3435 2188//3435
f 2187//3436 2197//3436 2186//3436
f 2176//3437 837//3437 2175//3437
f 838//3438 837//3438 2176//3438
f 2197//3439 2198//3439 2195//3439
f 2188//3440 2197//3440 2195//3440
f 2197//3441 2199//3441 2198//3441
f 841//926 2184//926 2192//926
f 2200//3442 841//3442 2192//3442
f 2201//3443 841//3443 2200//3443
f 2191//3444 2165//3444 2194//3444
f 2193//3445 2191//3445 2194//3445
f 2192//3140 2193//3140 2196//3140
f 2196//3446 2193//3446 2194//3446
f 2200//3447 2192//3447 2195//3447
f 2195//3140 2192//3140 2196//3140
f 2194//3448 2165//3448 2167//3448
f 2198//3447 2200//3447 2195//3447
f 2201//3116 2200//3116 2198//3116
f 2202//3449 2201//3449 2199//3449
f 2199//3119 2201//3119 2198//3119
f 2159//3450 2202//3450 2203//3450
f 2203//3451 2202//3451 2199//3451
f 2156//3450 2159//3450 2203//3450
f 2204//3452 841//3452 2201//3452
f 2197//3453 841//3453 2204//3453
f 2204//3454 2056//3454 1979//3454
f 2058//3455 2205//3455 2059//3455
f 2206//3456 2061//3456 2207//3456
f 2064//3457 2061//3457 2206//3457
f 2207//3458 2060//3458 2078//3458
f 2061//3459 2060//3459 2207//3459
f 2208//3460 2063//3460 2206//3460
f 2063//3461 2064//3461 2206//3461
f 2062//3462 2063//3462 2209//3462
f 1979//3463 2065//3463 2204//3463
f 2209//3464 2063//3464 2208//3464
f 2065//3465 2062//3465 2210//3465
f 2210//3466 2062//3466 2209//3466
f 2204//3467 2065//3467 2210//3467
f 1922//3468 2069//3468 2077//3468
f 2071//3469 2211//3469 2212//3469
f 2068//3469 2071//3469 2212//3469
f 2069//3468 2213//3468 2077//3468
f 2069//3470 2212//3470 2213//3470
f 2069//3471 2068//3471 2212//3471
f 2071//3472 2067//3472 2214//3472
f 2071//3473 2214//3473 2211//3473
f 2067//3474 2070//3474 2215//3474
f 2067//3475 2215//3475 2214//3475
f 2070//3476 2066//3476 2216//3476
f 2070//3477 2216//3477 2215//3477
f 2066//3478 2059//3478 2216//3478
f 2059//3478 2205//3478 2216//3478
f 2204//3479 2134//3479 2056//3479
f 2204//3480 2136//3480 2134//3480
f 2204//3481 2145//3481 2141//3481
f 2204//3482 2141//3482 2136//3482
f 2137//3483 2205//3483 2135//3483
f 2135//3484 2205//3484 2133//3484
f 2146//3485 2205//3485 2137//3485
f 2133//3486 2205//3486 2058//3486
f 2204//3487 2155//3487 2157//3487
f 2204//3488 2157//3488 2145//3488
f 2156//3489 2205//3489 2154//3489
f 2204//3490 2159//3490 2155//3490
f 2154//3491 2205//3491 2158//3491
f 2158//3492 2205//3492 2146//3492
f 2204//3493 2201//3493 2202//3493
f 2204//3494 2202//3494 2159//3494
f 2197//3495 2205//3495 2199//3495
f 2199//3496 2205//3496 2203//3496
f 2203//3497 2205//3497 2156//3497
f 2205//3498 2197//3498 2204//3498
f 2205//3499 2204//3499 2210//3499
f 2078//961 2076//961 2077//961
f 2205//3500 2210//3500 2209//3500
f 2207//3501 2078//3501 2077//3501
f 2206//3502 2207//3502 2077//3502
f 2205//3503 2209//3503 2208//3503
f 2205//3504 2208//3504 2077//3504
f 2077//3505 2208//3505 2206//3505
f 2216//3506 2205//3506 2077//3506
f 2216//3507 2077//3507 2214//3507
f 2214//3508 2077//3508 2212//3508
f 2212//3509 2077//3509 2213//3509
f 2215//3510 2216//3510 2214//3510
f 2214//3511 2212//3511 2211//3511
f 1381//3512 1429//3512 1385//3512
f 1381//3513 1428//3513 1429//3513
f 1430//3514 1428//3514 1431//3514
f 1429//3515 1428//3515 1430//3515
f 1431//3516 1428//3516 1432//3516
f 1428//3517 1442//3517 1432//3517
f 1432//3518 1442//3518 1433//3518
f 1433//3519 1442//3519 1434//3519
f 1434//3520 1442//3520 1435//3520
f 1435//3521 1442//3521 1436//3521
f 1443//3522 1441//3522 1440//3522
f 1438//3523 1439//3523 1428//3523
f 1437//3524 1439//3524 1438//3524
f 1442//3525 1439//3525 1443//3525
f 1428//3526 1439//3526 1442//3526
f 1443//3527 1439//3527 1441//3527
# Vertices: 2216, normals: 3527, texture coordinates: 0, faces: 4572

