# File generated by ImageToStl.com - Free Image and 3D model conversion tools

o obj1
v 0.03627798 0.04381257 -0.09579454
v 0.04439608 0.03337319 -0.07690548
v 0.0469992 0.02873035 -0.07094083
v 0.04686202 0.02752015 -0.07102688
v 0.03571954 0.04231261 -0.09646387
v 0.03596463 0.04280306 -0.09627198
v 0.04696557 0.02812202 -0.07098408
v 0.03615162 0.0433053 -0.09604786
v 0.04651556 0.02653697 -0.07109679
v 0.03541962 0.04184058 -0.09662095
v 0.04596651 0.02567409 -0.07115814
v 0.03467228 0.04097687 -0.09682269
v 0.04524869 0.02498256 -0.07120731
v 0.03707177 0.04367677 -0.09388459
v 0.04441383 0.02449146 -0.07124223
v 0.03376278 0.04025844 -0.09686633
v 0.04350053 0.02486312 -0.07218163
v 0.04268941 0.02511241 -0.07281178
v 0.0327401 0.03972396 -0.09674953
v 0.0422704 0.02519905 -0.07303079
v 0.04198354 0.02523552 -0.07312299
v 0.03165926 0.03940213 -0.09647857
v 0.04172102 0.02524763 -0.07315361
v 0.04473233 0.04236636 -0.07545228
v 0.04685663 0.04311423 -0.06991806
v 0.04699882 0.04197865 -0.06999881
v 0.03570355 0.04340706 -0.09681207
v 0.03490577 0.04188066 -0.09723629
v 0.03490574 0.04282754 -0.09759116
v 0.03570357 0.04264504 -0.09663749
v 0.03490571 0.04383447 -0.09768392
v 0.03490568 0.04483026 -0.097508
v 0.03570353 0.04418818 -0.09677964
v 0.0357035 0.04493313 -0.09654248
v 0.0339286 0.04326801 -0.0983211
v 0.03392855 0.04445176 -0.09827195
v 0.03616214 0.04491895 -0.09566774
v 0.03624892 0.04437011 -0.09574282
v 0.03392865 0.04106888 -0.09749693
v 0.03392861 0.04211316 -0.09805653
v 0.03282615 0.04138025 -0.09817
v 0.03282618 0.04033197 -0.09741323
v 0.03282611 0.04259093 -0.09862373
v 0.03282608 0.04387838 -0.09874232
v 0.03490565 0.04574447 -0.09707586
v 0.03392852 0.04558069 -0.09791254
v 0.03570349 0.04558922 -0.09611736
v 0.0358205 0.04596306 -0.09545153
v 0.03601873 0.04545217 -0.09557023
v 0.03570347 0.04611008 -0.09553436
v 0.03556994 0.04644518 -0.09531312
v 0.03490563 0.04651246 -0.09641803
v 0.03282601 0.04632044 -0.09796487
v 0.03282598 0.04730237 -0.09712379
v 0.03392849 0.04657499 -0.0972683
v 0.03392847 0.04736435 -0.09638477
v 0.03490562 0.04707992 -0.09558106
v 0.03527021 0.04689251 -0.09515674
v 0.03453884 0.04766069 -0.09479816
v 0.03392845 0.04789291 -0.09532444
v 0.03165911 0.04473401 -0.09877151
v 0.03282605 0.04515155 -0.0985174
v 0.03165914 0.0435515 -0.09888303
v 0.03165908 0.04585687 -0.0983842
v 0.03165926 0.03944406 -0.09654643
v 0.03165926 0.03948707 -0.09661362
v 0.03165926 0.03953114 -0.09668011
v 0.03165924 0.04030749 -0.09757904
v 0.03165918 0.04237603 -0.09871247
v 0.03165921 0.04127397 -0.09826948
v 0.02533853 0.03948689 -0.09661362
v 0.02533853 0.03944388 -0.09654643
v 0.02533852 0.03953096 -0.09668011
v 0.0253385 0.04030732 -0.09757904
v 0.02533853 0.03940196 -0.09647857
v 0.02533842 0.04355131 -0.09888303
v 0.02533845 0.04237586 -0.09871247
v 0.02533848 0.0412738 -0.09826948
v 0.03165905 0.04685668 -0.09774299
v 0.03165903 0.04767704 -0.09688403
v 0.03282597 0.0480279 -0.09605366
v 0.03165902 0.04827165 -0.09585582
v 0.03282595 0.04844575 -0.09483014
v 0.031659 0.04860696 -0.09471636
v 0.031659 0.04866403 -0.09352996
v 0.03268679 0.04856923 -0.09396385
v 0.03366305 0.04822911 -0.09439377
v 0.02533833 0.04685651 -0.09774299
v 0.0253383 0.04767687 -0.09688403
v 0.02533829 0.04827148 -0.09585582
v 0.02533828 0.04860678 -0.09471636
v 0.02533827 0.04866386 -0.09352996
v 0.02533835 0.04585668 -0.0983842
v 0.02533838 0.04473384 -0.09877151
v 0.02417145 0.04452223 -0.09867237
v 0.02417141 0.0457542 -0.09828016
v 0.02306895 0.04502792 -0.09812994
v 0.02417149 0.04323044 -0.09872601
v 0.02417138 0.04683925 -0.09757712
v 0.02417135 0.04770063 -0.09661295
v 0.02306892 0.04609906 -0.09762362
v 0.02306889 0.04699887 -0.09685289
v 0.02209175 0.04682377 -0.0960185
v 0.02306887 0.04766373 -0.09587225
v 0.02417134 0.04827744 -0.09545586
v 0.02431048 0.048569 -0.09396385
v 0.02333425 0.04822881 -0.09439377
v 0.0224585 0.04766036 -0.09479816
v 0.04645922 0.04414932 -0.06984446
v 0.04587441 0.04502176 -0.06978242
v 0.04509692 0.04577452 -0.0697289
v 0.04417517 0.04635839 -0.06968738
v 0.04317385 0.04674654 -0.06965978
v 0.04236922 0.04691346 -0.06964791
v 0.04158607 0.04696592 -0.06964418
v 0.01226531 0.04236545 -0.07545228
v 0.0154113 0.04696517 -0.06964418
v 0.02417158 0.03989225 -0.09693719
v 0.02425767 0.03972371 -0.09674953
v 0.02417156 0.0408306 -0.09782661
v 0.02417152 0.04197019 -0.09843729
v 0.02306907 0.04061142 -0.09711812
v 0.02323497 0.04025815 -0.09686633
v 0.02232543 0.04097654 -0.09682269
v 0.02306901 0.04268144 -0.09822738
v 0.02306904 0.04157204 -0.0978116
v 0.0220919 0.04145059 -0.09696773
v 0.02157803 0.04184019 -0.09662095
v 0.02209188 0.04234189 -0.09744535
v 0.0212781 0.0423122 -0.09646387
v 0.02209182 0.04433789 -0.0976292
v 0.02306898 0.04386123 -0.09833605
v 0.02209179 0.04530144 -0.09732245
v 0.02209185 0.04332756 -0.09767116
v 0.02129399 0.04456816 -0.09668593
v 0.02129404 0.04301982 -0.09675022
v 0.02103297 0.04280264 -0.09627198
v 0.02129401 0.04379831 -0.09682193
v 0.02084595 0.04330488 -0.09604786
v 0.02071957 0.04381213 -0.09579454
v 0.02209177 0.04615007 -0.09677259
v 0.02129397 0.04527496 -0.09635182
v 0.02129395 0.04586871 -0.09584326
v 0.02117692 0.04596264 -0.09545153
v 0.02142746 0.04644478 -0.09531312
v 0.02172717 0.04689213 -0.09515674
v 0.0199258 0.04367629 -0.09388459
v 0.0207486 0.04436969 -0.09574282
v 0.02097872 0.04545175 -0.09557023
v 0.02083535 0.04491852 -0.09566774
v 0.01260205 0.03337229 -0.07690548
v 0.01492608 0.02522577 -0.07310027
v 0.01453261 0.02516218 -0.07293958
v 0.01510717 0.02524162 -0.07314031
v 0.01527757 0.02524689 -0.07315361
v 0.01169623 0.02502288 -0.07120437
v 0.01102522 0.02568151 -0.07115754
v 0.01258482 0.02449056 -0.07124223
v 0.01212768 0.0247272 -0.0712254
v 0.01394614 0.02501142 -0.07255857
v 0.012698 0.04629318 -0.06969196
v 0.01398258 0.04678825 -0.06965675
v 0.01083976 0.04464772 -0.06980895
v 0.01166218 0.04557485 -0.06974303
v 0.01029168 0.04359604 -0.06988373
v 0.01006867 0.04277637 -0.06994201
v 0.01050452 0.02649201 -0.07109991
v 0.01013657 0.02751857 -0.07102691
v 0.0099992 0.0287293 -0.07094083
v 0.00999882 0.04197763 -0.06999881
v 0.04733373 0.02536687 -0.07117999
v 0.04771934 0.02587372 -0.07114395
v 0.04813907 0.02762957 -0.0710191
v 0.04811998 0.02704453 -0.07106069
v 0.04798333 0.02644663 -0.07110322
v 0.0468489 0.02496157 -0.0712088
v 0.04578007 0.0245364 -0.07123903
v 0.04629981 0.02468003 -0.07122882
v 0.04526745 0.02449149 -0.07124223
v 0.04080145 0.02330762 -0.06825041
v 0.04870765 0.02841833 -0.06757644
v 0.05341262 0.01769744 -0.0459157
v 0.04718375 0.04382807 -0.06986731
v 0.04821375 0.04002857 -0.06570035
v 0.01619711 0.02795626 -0.06641088
v 0.04080133 0.02795695 -0.06641088
v 0.05398889 0.01571498 -0.0429759
v 0.05434183 0.01373366 -0.04003776
v 0.0537648 0.01019902 -0.03479626
v 0.0552911 0.01601915 -0.03623758
v 0.05395589 0.01043608 -0.03514779
v 0.04713992 0.01601892 -0.03623758
v 0.05438503 0.01194267 -0.03738191
v 0.05418693 0.0109243 -0.03587179
v 0.05301972 0.00989095 -0.03433946
v 0.05314771 0.00989806 -0.03435
v 0.04769206 0.01032995 -0.03544939
v 0.05351112 0.01001014 -0.03451618
v 0.05339399 0.00995702 -0.03443742
v 0.05327267 0.00991987 -0.03438232
v 0.05362347 0.01007975 -0.03461941
v 0.05578442 0.02577006 -0.02966204
v 0.0569993 0.02534161 -0.02314288
v 0.0471026 0.04438411 -0.06982777
v 0.05699928 0.02571619 -0.0227743
v 0.05699928 0.02563654 -0.02290282
v 0.05699928 0.02580683 -0.02256499
v 0.05699928 0.02590819 -0.02217044
v 0.04691409 0.04495336 -0.06978729
v 0.05699929 0.02544886 -0.0230869
v 0.05699928 0.02554731 -0.02300697
v 0.04660016 0.04552211 -0.06974684
v 0.05699928 0.02596193 -0.02058783
v 0.0461738 0.04603115 -0.06971065
v 0.05699928 0.02568521 -0.01841199
v 0.05591021 0.02700312 -0.02036637
v 0.0445062 0.04691268 -0.06964797
v 0.05454613 0.02799961 -0.02184412
v 0.05495376 0.02778933 -0.02153228
v 0.04509004 0.04674174 -0.06966012
v 0.04394199 0.04696598 -0.06964418
v 0.05394252 0.02813113 -0.02203916
v 0.05409763 0.02812149 -0.02202488
v 0.0542604 0.02809226 -0.02198153
v 0.0408009 0.04328685 -0.06034554
v 0.04565878 0.04644544 -0.06968119
v 0.0476915 0.03030917 -0.02754452
v 0.04763324 0.02576984 -0.02966204
v 0.04080103 0.03863753 -0.06218506
v 0.01134746 0.02841727 -0.06757644
v 0.00878402 0.04002747 -0.06570035
v 0.01619669 0.04328615 -0.06034554
v 0.01619681 0.03863684 -0.06218506
v 0.01619725 0.02330694 -0.06825041
v 0.00867449 0.02449046 -0.07124223
v 0.01134462 0.04644839 -0.06968091
v 0.01195995 0.04676135 -0.06965866
v 0.01305538 0.04696512 -0.06964418
v 0.01251727 0.04691661 -0.06964763
v 0.00981379 0.04382703 -0.06986731
v 0.00995321 0.04459897 -0.06981242
v 0.01030172 0.04537324 -0.06975736
v 0.01079135 0.04599809 -0.06971293
v 0.00971779 0.0279623 -0.06764995
v 0.01029473 0.02823455 -0.06760596
v 0.0108296 0.02837374 -0.06758347
v 0.00843578 0.02652743 -0.06788181
v 0.00875681 0.02708087 -0.06779238
v 0.00816193 0.02538478 -0.06806645
v 0.00823948 0.02594987 -0.06797513
v 0.00919278 0.02757059 -0.06771325
v 0.00985919 0.01601788 -0.03623758
v 0.004199 0.01597337 -0.03626749
v 0.0047647 0.01601773 -0.03623758
v 0.00930736 0.01032887 -0.03544939
v 0.00092303 0.00988949 -0.03433946
v 0.00183699 0.01347088 -0.03795501
v 0.00362569 0.01583111 -0.03636342
v 0.00308159 0.01558466 -0.03652959
v 0.00260596 0.01524064 -0.03676157
v 0.00223217 0.01481912 -0.03704582
v 0.00185974 0.013905 -0.03766226
v 0.00198031 0.01434991 -0.03736223
v 0.0030559 0.02812969 -0.02203916
v 0.00930681 0.03030808 -0.02754452
v 0.00288119 0.02811752 -0.02202112
v 0.00269686 0.02808058 -0.02196635
v 0.00250355 0.02801834 -0.02187408
v 0.00223318 0.02789561 -0.02169208
v 0.00936533 0.02576876 -0.02966204
v 0.00121415 0.02576853 -0.02966204
v -7.2E-07 0.02568361 -0.01841199
v 0.00055983 0.02641542 -0.01949716
v -7.2E-07 0.02597065 -0.02078486
v 0.00180486 0.02762669 -0.0212933
v 0.00112766 0.02704116 -0.02042506
v -7.1E-07 0.02534002 -0.02314288
v -7.2E-07 0.0259066 -0.02217037
v -7.2E-07 0.02578573 -0.02261764
v -7.2E-07 0.025659 -0.02286815
v -7.1E-07 0.02554472 -0.02300795
v -7.1E-07 0.02544672 -0.02308726
v 0.0569998 0.00718499 -0.03032662
v 0.05199981 0.00709539 -0.03019397
v 0.05200015 -0.00551882 -0.00833827
v 0.05200026 -0.00911863 -0.00615015
v 0.05700003 -0.00110605 -0.00784473
v 0.05700004 -0.00134566 -0.00787119
v 0.05700005 -0.00158464 -0.00783953
v 0.05700003 -0.00087972 -0.00776169
v 0.05700005 -0.00180911 -0.00775161
v 0.05700026 -0.00911848 -0.00615015
v 0.05699989 0.00390447 -0.00680362
v 0.05200006 -0.00190769 -0.00981607
v 0.05200011 -0.00378603 -0.009255
v 0.052 4.401E-05 -0.00999991
v 0.05699988 0.0043704 -0.00669413
v 0.05699988 0.00414408 -0.00677716
v 0.05199995 0.00199407 -0.00979946
v 0.05199989 0.00386757 -0.00922242
v 0.05199984 0.00559249 -0.00829097
v 0.05699987 0.00457028 -0.00655934
v 0.05199929 0.02533554 -0.01789368
v 0.0049993 0.02533422 -0.01789368
v 0.00499981 0.00709408 -0.03019397
v 0.05500018 -0.00627645 -0.00479409
v 0.05500017 -0.00605199 -0.00488202
v 0.0550002 -0.00703938 -0.0071011
v 0.05700006 -0.00200602 -0.00761252
v 0.05700006 -0.00216391 -0.00743035
v 0.05700007 -0.00227363 -0.00721569
v 0.05700017 -0.00581295 -0.00491367
v 0.05700019 -0.0066312 -0.00447283
v 0.05700019 -0.0067409 -0.00425817
v 0.05700018 -0.00647329 -0.004655
v 0.05700018 -0.0062764 -0.00479409
v 0.05700028 -0.01004789 -0.00447303
v 0.05700018 -0.00605193 -0.00488202
v 0.05700019 -0.00679605 -0.00402349
v 0.05500019 -0.00663125 -0.00447283
v 0.05500019 -0.00647336 -0.004655
v 0.0550002 -0.00674096 -0.00425817
v 0.05500016 -0.00557338 -0.00488721
v 0.05500016 -0.00551873 -0.00833827
v 0.05500006 -0.00227368 -0.00721569
v 0.05500011 -0.00378595 -0.009255
v 0.05500007 -0.00232883 -0.00698101
v 0.05500007 -0.00232621 -0.00673995
v 0.05500015 -0.00534706 -0.00480417
v 0.05700007 -0.00226592 -0.00650652
v 0.05700014 -0.00498532 -0.00449069
v 0.05700015 -0.00514713 -0.00466939
v 0.05700006 -0.00215158 -0.00629429
v 0.05700014 -0.00487098 -0.00427845
v 0.05700007 -0.00232616 -0.00673995
v 0.05700016 -0.00534701 -0.00480417
v 0.05700006 -0.00198978 -0.00611559
v 0.05700015 -0.00557332 -0.00488721
v 0.05700007 -0.00232878 -0.00698101
v 0.05700013 -0.00481075 -0.00404503
v 0.05500013 -0.00487103 -0.00427845
v 0.05700005 -0.00189561 -0.00352145
v 0.05500014 -0.00481081 -0.00404503
v 0.05500017 -0.005813 -0.00491367
v 0.05500014 -0.00498537 -0.00449069
v 0.05500015 -0.00514719 -0.00466939
v 0.05500005 -0.00198983 -0.00611559
v 0.05500007 -0.00215165 -0.00629429
v 0.05500007 -0.00226599 -0.00650652
v 0.05500006 -0.00189568 -0.00352145
v 0.0520002 -0.00703946 -0.0071011
v 0.05200023 -0.00828952 -0.00559104
v 0.05500023 -0.00828944 -0.00559104
v 0.0550002 -0.00679612 -0.00402349
v 0.05500026 -0.0092209 -0.00386612
v 0.05200028 -0.01004804 -0.00447303
v 0.05200026 -0.00922098 -0.00386612
v 0.05700019 -0.00673321 -0.003549
v 0.05700019 -0.00661887 -0.00333677
v 0.0570003 -0.01067195 -0.00266
v 0.05700019 -0.00679343 -0.00378243
v 0.0550002 -0.0067935 -0.00378243
v 0.05500019 -0.00673327 -0.003549
v 0.05500019 -0.00661892 -0.00333677
v 0.05700019 -0.00645707 -0.00315807
v 0.05500019 -0.00645712 -0.00315807
v 0.05700018 -0.00625718 -0.00302328
v 0.05500018 -0.00625725 -0.00302328
v 0.05700022 -0.00769875 0.00077729
v 0.05700022 -0.00780847 0.00099195
v 0.05700031 -0.0109717 -0.00076615
v 0.05700031 -0.01093803 0.00115098
v 0.05700021 -0.00734397 0.00045604
v 0.05700021 -0.00754086 0.00059512
v 0.05700017 -0.00579125 -0.00291379
v 0.05700019 -0.00641458 0.00044595
v 0.05700019 -0.00664089 0.00036292
v 0.0570002 -0.00688051 0.00033646
v 0.0570002 -0.0071195 0.00036811
v 0.05700017 -0.00603086 -0.00294025
v 0.05500019 -0.00664096 0.00036292
v 0.05500019 -0.00641463 0.00044595
v 0.05500019 -0.00688057 0.00033646
v 0.0550002 -0.00711955 0.00036811
v 0.05700018 -0.0062147 0.00058074
v 0.05500021 -0.00734402 0.00045604
v 0.05700015 -0.00486329 -0.00356929
v 0.0570001 -0.00331481 -0.00223642
v 0.05700014 -0.004973 -0.00335463
v 0.05700015 -0.00513089 -0.00317245
v 0.05700011 -0.00375365 -0.00137777
v 0.05700015 -0.0053278 -0.00303337
v 0.05700016 -0.00555226 -0.00294544
v 0.05500017 -0.00603093 -0.00294025
v 0.05500015 -0.00555231 -0.00294544
v 0.05500016 -0.0057913 -0.00291379
v 0.05700014 -0.00480814 -0.00380397
v 0.05500014 -0.00480819 -0.00380397
v 0.05500014 -0.00486335 -0.00356929
v 0.05500014 -0.00497306 -0.00335463
v 0.05500015 -0.00532784 -0.00303337
v 0.05500015 -0.00513095 -0.00317245
v 0.05700007 -0.00268323 -0.0029651
v 0.05500011 -0.00375369 -0.00137777
v 0.05500009 -0.00331486 -0.00223642
v 0.05500008 -0.00268329 -0.0029651
v 0.05700012 -0.00397425 -0.00043904
v 0.05500012 -0.0039743 -0.00043904
v 0.05500012 -0.00396385 0.00052519
v 0.05700011 -0.00396378 0.00052519
v 0.05700018 -0.00605289 0.00075944
v 0.05500017 -0.00605294 0.00075944
v 0.05500017 -0.00621475 0.00058074
v 0.05500028 -0.00979793 -0.00199263
v 0.0520003 -0.0106721 -0.00266
v 0.05200028 -0.00979802 -0.00199263
v 0.05500022 -0.00780852 0.00099195
v 0.05500022 -0.00769882 0.00077729
v 0.05500029 -0.00999838 -4.256E-05
v 0.05500022 -0.00754092 0.00059512
v 0.05200032 -0.01097185 -0.00076615
v 0.05200031 -0.01093818 0.00115098
v 0.05200029 -0.00999846 -4.256E-05
v 0.05500005 -0.00158471 -0.00783953
v 0.05500004 -0.00134572 -0.00787119
v 0.05500006 -0.00200607 -0.00761252
v 0.05500006 -0.00180918 -0.00775161
v 0.05500003 -0.0011061 -0.00784473
v 0.05500002 -0.00087977 -0.00776169
v 0.05700002 -0.00067985 -0.00762691
v 0.05500002 -0.0006799 -0.00762691
v 0.05700001 -0.00051803 -0.0074482
v 0.05500002 -0.0005181 -0.0074482
v 0.05700001 -0.00034347 -0.00700254
v 0.05700001 -0.00034085 -0.00676149
v 0.05500001 -0.00034352 -0.00700254
v 0.05700001 -0.00040369 -0.00723597
v 0.05500001 -0.00040376 -0.00723597
v 0.05500002 -0.00034092 -0.00676149
v 0.05499995 0.00199416 -0.00979946
v 0.055 4.409E-05 -0.00999991
v 0.0569999 0.00366548 -0.00677197
v 0.05699991 0.00344101 -0.00668404
v 0.05699991 0.00324411 -0.00654496
v 0.05699992 0.00297651 -0.00614812
v 0.05699992 0.00292136 -0.00591344
v 0.05700001 -0.00039601 -0.00652681
v 0.05699993 0.00292397 -0.00567238
v 0.05699992 0.00308622 -0.00636279
v 0.05700002 -0.00050572 -0.00631214
v 0.057 -4.181E-05 -0.00399976
v 0.05700002 -0.00066361 -0.00612997
v 0.05699997 0.00091666 -0.00389392
v 0.05700003 -0.00086051 -0.00599088
v 0.05700004 -0.00108498 -0.00590296
v 0.05700005 -0.00156359 -0.00589777
v 0.05700006 -0.00178991 -0.0059808
v 0.05500005 -0.00156364 -0.00589777
v 0.05500005 -0.00178996 -0.0059808
v 0.05700003 -0.00132396 -0.00587131
v 0.05500004 -0.00132403 -0.00587131
v 0.05500002 -0.00066367 -0.00612997
v 0.05500003 -0.00086057 -0.00599088
v 0.05500003 -0.00108504 -0.00590296
v 0.05500001 -0.00039606 -0.00652681
v 0.05500002 -0.00050577 -0.00631214
v 0.05499997 0.00091661 -0.00389392
v 0.055 -4.186E-05 -0.00399976
v 0.05499989 0.00386765 -0.00922242
v 0.05499991 0.00308616 -0.00636279
v 0.05499991 0.00324406 -0.00654496
v 0.05499991 0.00344096 -0.00668404
v 0.05499989 0.00414403 -0.00677716
v 0.05499989 0.00390442 -0.00680362
v 0.0549999 0.00366543 -0.00677197
v 0.05499992 0.00297645 -0.00614812
v 0.05499992 0.0029213 -0.00591344
v 0.05499987 0.00437035 -0.00669413
v 0.05699986 0.00473209 -0.00638064
v 0.05499987 0.00457022 -0.00655934
v 0.05499988 0.00473203 -0.00638064
v 0.05699987 0.00484644 -0.00616841
v 0.05499987 0.00484637 -0.00616841
v 0.05699986 0.00490665 -0.00593498
v 0.05499987 0.0049066 -0.00593498
v 0.05499992 0.00292392 -0.00567238
v 0.05699991 0.00326035 -0.00504802
v 0.05699992 0.00309854 -0.00522672
v 0.05499991 0.0032603 -0.00504802
v 0.05499991 0.00309849 -0.00522672
v 0.05699992 0.0029842 -0.00543895
v 0.05499992 0.00298415 -0.00543895
v 0.0569999 0.00346023 -0.00491323
v 0.05499991 0.00346016 -0.00491323
v 0.05699986 0.00490927 -0.00569392
v 0.05699987 0.00485412 -0.00545924
v 0.05499987 0.00490922 -0.00569392
v 0.05499987 0.00485407 -0.00545924
v 0.05499988 0.00458646 -0.00506241
v 0.05699987 0.00438962 -0.00492332
v 0.05499989 0.00438956 -0.00492332
v 0.05699987 0.00458651 -0.00506241
v 0.05499987 0.00474436 -0.00524458
v 0.05699987 0.00474442 -0.00524458
v 0.05500006 -0.00190761 -0.00981607
v 0.05500006 -0.00216396 -0.00743035
v 0.05700003 -0.00099775 -0.00387315
v 0.05500004 -0.00099781 -0.00387315
v 0.05699995 0.00182195 -0.00356178
v 0.05699989 0.00392616 -0.00480374
v 0.05699993 0.00262145 -0.00302264
v 0.0569999 0.00368654 -0.0048302
v 0.05699988 0.00416515 -0.00483539
v 0.05699991 0.00326867 -0.00230783
v 0.05699983 0.00639854 -0.00221676
v 0.05699984 0.00620163 -0.00207767
v 0.0549999 0.0039261 -0.00480374
v 0.0549999 0.00368649 -0.0048302
v 0.0549999 0.00416509 -0.00483539
v 0.05499995 0.0018219 -0.00356178
v 0.05499993 0.00262138 -0.00302264
v 0.05499991 0.00326862 -0.00230783
v 0.05699983 0.00604373 -0.0018955
v 0.0569999 0.00372605 -0.0014589
v 0.05699984 0.00593402 -0.00168084
v 0.05699983 0.00587888 -0.00144616
v 0.05699984 0.00588148 -0.0012051
v 0.0549999 0.00372599 -0.0014589
v 0.05699989 0.00396695 -0.00052519
v 0.05499989 0.0039669 -0.00052519
v 0.05699983 0.00621787 -0.00058074
v 0.05699988 0.00397742 0.00043904
v 0.05699983 0.00605606 -0.00075944
v 0.05699983 0.00594172 -0.00097167
v 0.05499989 0.00397735 0.00043904
v 0.05699983 0.00641774 -0.00044595
v 0.05700022 -0.007861 0.0014677
v 0.0570003 -0.01057197 0.00303314
v 0.05700022 -0.00780078 0.00170113
v 0.05700022 -0.00768644 0.00191336
v 0.05700023 -0.00786362 0.00122663
v 0.05500022 -0.00786107 0.0014677
v 0.05500022 -0.00786367 0.00122663
v 0.0550002 -0.0070985 0.00230988
v 0.05700021 -0.00732476 0.00222684
v 0.05500021 -0.0073248 0.00222684
v 0.0570002 -0.00709843 0.00230988
v 0.05500022 -0.00780083 0.00170113
v 0.05700021 -0.00752462 0.00209206
v 0.05500022 -0.00752469 0.00209206
v 0.05500022 -0.00768649 0.00191336
v 0.0550002 -0.00685887 0.00233634
v 0.05700019 -0.00661983 0.00230469
v 0.0570002 -0.00685882 0.00233634
v 0.05500019 -0.00661988 0.00230469
v 0.05500018 -0.00619852 0.00207767
v 0.05700019 -0.00639536 0.00221676
v 0.05500018 -0.00639542 0.00221676
v 0.05700018 -0.00619846 0.00207767
v 0.05700014 -0.00474125 0.00524458
v 0.05700014 -0.00485095 0.00545924
v 0.05700028 -0.00988463 0.00482314
v 0.05700025 -0.0088969 0.00646659
v 0.05700017 -0.00587832 0.0012051
v 0.05700017 -0.00593855 0.00097167
v 0.05700012 -0.00372288 0.0014589
v 0.05700017 -0.00604056 0.0018955
v 0.05700009 -0.0032655 0.00230783
v 0.05700017 -0.00587571 0.00144616
v 0.05700016 -0.00593085 0.00168084
v 0.05500017 -0.00587838 0.0012051
v 0.05500017 -0.00587576 0.00144616
v 0.05500017 -0.0059386 0.00097167
v 0.05500017 -0.00604061 0.0018955
v 0.05500017 -0.00593091 0.00168084
v 0.05500011 -0.00372293 0.0014589
v 0.05500008 -0.00261833 0.00302264
v 0.05500009 -0.00326557 0.00230783
v 0.05700008 -0.00261828 0.00302264
v 0.05700013 -0.00458334 0.00506241
v 0.05700013 -0.00438645 0.00492332
v 0.05700012 -0.00416198 0.00483539
v 0.05700012 -0.00392299 0.00480374
v 0.05700005 -0.00181878 0.00356178
v 0.05700009 -0.00309537 0.00522672
v 0.05700009 -0.00325718 0.00504802
v 0.0570001 -0.00368337 0.0048302
v 0.05700009 -0.00298103 0.00543896
v 0.0570001 -0.00345706 0.00491324
v 0.05500013 -0.00458341 0.00506241
v 0.05500013 -0.0043865 0.00492332
v 0.05500012 -0.00416203 0.00483539
v 0.05500011 -0.00392305 0.00480374
v 0.0550001 -0.00368344 0.0048302
v 0.0550001 -0.00345711 0.00491324
v 0.05500009 -0.00309542 0.00522672
v 0.0550001 -0.00325724 0.00504802
v 0.05500009 -0.00298108 0.00543896
v 0.05500013 -0.0047413 0.00524458
v 0.05500023 -0.00833674 0.00552026
v 0.05500014 -0.00485102 0.00545924
v 0.05500028 -0.00981454 0.00190914
v 0.0520003 -0.01057212 0.00303314
v 0.05200028 -0.00981463 0.00190914
v 0.05500026 -0.00925347 0.00378748
v 0.05200024 -0.00833683 0.00552026
v 0.05200028 -0.00988478 0.00482314
v 0.05200026 -0.00925355 0.00378748
v 0.05700014 -0.00472892 0.00638064
v 0.05700022 -0.00763882 0.00791356
v 0.05700014 -0.00484326 0.00616841
v 0.05700014 -0.0049061 0.00569392
v 0.05700014 -0.00490348 0.00593498
v 0.05700012 -0.00436724 0.00669413
v 0.05700018 -0.00614856 0.00912007
v 0.05700014 -0.00456711 0.00655934
v 0.05700012 -0.00414091 0.00677716
v 0.0550002 -0.00709958 0.00704091
v 0.05500014 -0.00484331 0.00616841
v 0.05500014 -0.00490355 0.00593498
v 0.05500013 -0.00490615 0.00569392
v 0.05500017 -0.00558952 0.00829097
v 0.05500013 -0.00472897 0.00638064
v 0.05500012 -0.00414098 0.00677716
v 0.05500013 -0.00456717 0.00655934
v 0.05500013 -0.0043673 0.00669413
v 0.05700008 -0.0029208 0.00567239
v 0.05500009 -0.00292086 0.00567239
v 0.05700009 -0.00291819 0.00591344
v 0.05700009 -0.00297334 0.00614812
v 0.05500009 -0.00291824 0.00591344
v 0.05500009 -0.00297339 0.00614812
v 0.05700009 -0.00308305 0.00636279
v 0.05700009 -0.00324094 0.00654496
v 0.0550001 -0.00308311 0.00636279
v 0.0550001 -0.003241 0.00654496
v 0.0570001 -0.00343784 0.00668404
v 0.0570001 -0.00366231 0.00677197
v 0.0550001 -0.0034379 0.00668404
v 0.0550001 -0.00366236 0.00677197
v 0.05700011 -0.0039013 0.00680362
v 0.05500011 -0.00390135 0.00680362
v 0.05500012 -0.0038646 0.00922242
v 0.05700007 -0.00265841 0.01067354
v 0.05700013 -0.00447145 0.01004948
v 0.05200012 -0.00386468 0.00922242
v 0.05200013 -0.00447158 0.01004948
v 0.05200017 -0.0061487 0.00912007
v 0.05200022 -0.00763895 0.00791356
v 0.05200025 -0.00889705 0.00646659
v 0.0520002 -0.00709966 0.00704091
v 0.05200016 -0.0055896 0.00829097
v 0.05700003 -0.0009135 0.00389392
v 0.057 4.497E-05 0.00399977
v 0.05699998 0.00050889 0.00631215
v 0.05699999 0.00039917 0.00652681
v 0.05699997 0.00100091 0.00387316
v 0.05699997 0.00108814 0.00590296
v 0.055 4.491E-05 0.00399977
v 0.05699996 0.00189878 0.00352145
v 0.05699996 0.00179308 0.0059808
v 0.05699996 0.00156676 0.00589777
v 0.05499997 0.00100086 0.00387316
v 0.05699997 0.00132713 0.00587131
v 0.05699998 0.00086367 0.00599089
v 0.05699999 0.00066678 0.00612997
v 0.05499998 0.00108809 0.00590296
v 0.05500005 -0.00181883 0.00356178
v 0.05500003 -0.00091355 0.00389392
v 0.05499999 0.00039912 0.00652681
v 0.05499999 0.00050883 0.00631215
v 0.05499998 0.00066672 0.00612997
v 0.05499998 0.00086362 0.00599089
v 0.05699984 0.00555543 0.00294544
v 0.05699985 0.00533096 0.00303337
v 0.0569999 0.00375682 0.00137777
v 0.05699985 0.00579442 0.00291379
v 0.05699986 0.00513406 0.00317246
v 0.0569999 0.00331797 0.00223642
v 0.05699986 0.00486646 0.00356929
v 0.05699986 0.00481131 0.00380397
v 0.05699993 0.0026864 0.0029651
v 0.05699986 0.00497617 0.00335463
v 0.05499989 0.00375676 0.00137777
v 0.05499992 0.00331791 0.00223642
v 0.05499986 0.00497611 0.00335463
v 0.05499987 0.00513401 0.00317246
v 0.05499987 0.00481124 0.00380397
v 0.05499987 0.0048664 0.00356929
v 0.05499993 0.00268634 0.0029651
v 0.05499995 0.00189873 0.00352145
v 0.05699986 0.00498849 0.00449069
v 0.05699994 0.00226909 0.00650652
v 0.05699995 0.00215475 0.00629429
v 0.05699987 0.00487415 0.00427846
v 0.05699987 0.00481392 0.00404503
v 0.05699994 0.00199294 0.00611559
v 0.05499986 0.00481386 0.00404503
v 0.05499986 0.0048741 0.00427846
v 0.05699987 0.0051503 0.00466939
v 0.05699994 0.00232933 0.00673995
v 0.05699985 0.00557649 0.00488721
v 0.05699994 0.00233195 0.00698101
v 0.05699984 0.00535018 0.00480418
v 0.05499996 0.00156669 0.00589777
v 0.05499997 0.00132708 0.00587131
v 0.05499994 0.00199289 0.00611559
v 0.05499995 0.00179302 0.0059808
v 0.05499994 0.0021547 0.00629429
v 0.05499985 0.00498844 0.00449069
v 0.05499994 0.00232926 0.00673995
v 0.05499986 0.00535012 0.00480418
v 0.05499986 0.00515025 0.00466939
v 0.05499994 0.00226904 0.00650652
v 0.057 0.00034664 0.00700254
v 0.05699999 0.00040686 0.00723597
v 0.05699999 0.00034402 0.00676149
v 0.05499999 0.00034397 0.00676149
v 0.055 0.00034658 0.00700254
v 0.05699999 0.0005212 0.00744821
v 0.05499999 0.00052115 0.00744821
v 0.05499999 0.00040681 0.00723597
v 0.05699997 0.00110921 0.00784473
v 0.05699999 0.00088289 0.00776169
v 0.05499997 0.00110915 0.00784473
v 0.05499998 0.00088284 0.00776169
v 0.05699998 0.00068302 0.00762691
v 0.05499999 0.00068296 0.00762691
v 0.05699996 0.00134882 0.00787119
v 0.05499996 0.00134877 0.00787119
v 0.05699997 0.00115257 0.01093962
v 0.05700002 -0.00076457 0.01097329
v 0.05699997 0.00158782 0.00783954
v 0.05500001 -4.104E-05 0.00999991
v 0.05500006 -0.0019911 0.00979946
v 0.05200002 -0.0007647 0.01097329
v 0.05699994 0.0022768 0.00721569
v 0.05499994 0.00233188 0.00698101
v 0.05499994 0.00227673 0.00721569
v 0.05699988 0.00482472 0.00988622
v 0.05699994 0.00216708 0.00743035
v 0.05699995 0.00200919 0.00761252
v 0.05499994 0.00216703 0.00743035
v 0.05499995 0.00200912 0.00761252
v 0.05699996 0.00181228 0.00775161
v 0.05499995 0.00181223 0.00775161
v 0.05499996 0.00158776 0.00783954
v 0.0549999 0.003789 0.009255
v 0.05499985 0.00552178 0.00833827
v 0.05699983 0.00646818 0.00889849
v 0.05699992 0.00303473 0.01057355
v 0.05499995 0.00191067 0.00981607
v 0.05199995 0.00191058 0.00981607
v 0.05199997 0.00115242 0.01093962
v 0.05199992 0.00303458 0.01057355
v 0.05200001 -4.112E-05 0.00999991
v 0.05200008 -0.00265856 0.01067354
v 0.05200006 -0.00199119 0.00979946
v 0.05499984 0.00559257 -0.00829097
v 0.0549998 0.00710263 -0.0070409
v 0.0519998 0.00710254 -0.0070409
v 0.05199977 0.00833971 -0.00552026
v 0.05499977 0.00833979 -0.00552026
v 0.05699981 0.00686199 -0.00233634
v 0.05699982 0.006623 -0.00230468
v 0.05699981 0.0071016 -0.00230988
v 0.0569998 0.00732793 -0.00222684
v 0.0569998 0.00752779 -0.00209206
v 0.05499983 0.00639847 -0.00221676
v 0.05499981 0.00662295 -0.00230468
v 0.05499981 0.00686192 -0.00233634
v 0.05499983 0.00620158 -0.00207767
v 0.05499984 0.00604369 -0.0018955
v 0.05499984 0.00593397 -0.00168084
v 0.05499984 0.00588144 -0.0012051
v 0.05499984 0.00587882 -0.00144616
v 0.05699978 0.00768961 -0.00191336
v 0.05499979 0.00752774 -0.00209206
v 0.0549998 0.00710155 -0.00230988
v 0.05499979 0.00732787 -0.00222684
v 0.05499978 0.00768954 -0.00191336
v 0.05499978 0.00786412 -0.00146769
v 0.05699978 0.00786679 -0.00122663
v 0.05499978 0.00786674 -0.00122663
v 0.05699978 0.00786417 -0.00146769
v 0.05699978 0.00780395 -0.00170112
v 0.05499978 0.00780388 -0.00170112
v 0.05499974 0.00925652 -0.00378748
v 0.05199975 0.00925644 -0.00378748
v 0.05499972 0.0098176 -0.00190914
v 0.05199973 0.00981752 -0.00190914
v 0.05199975 0.00912152 0.00615015
v 0.05199973 0.0098009 0.00199263
v 0.05699975 0.00912165 0.00615015
v 0.05199972 0.01000135 4.256E-05
v 0.05499982 0.00641768 -0.00044595
v 0.05499982 0.00621781 -0.00058074
v 0.05699981 0.00664406 -0.00036292
v 0.05499982 0.00664401 -0.00036292
v 0.05499984 0.006056 -0.00075944
v 0.05699981 0.00688369 -0.00033646
v 0.05499981 0.00688362 -0.00033646
v 0.05699978 0.00781164 -0.00099195
v 0.05499978 0.00781159 -0.00099195
v 0.05699979 0.00770192 -0.00077729
v 0.05499978 0.00770187 -0.00077729
v 0.0569998 0.00754403 -0.00059512
v 0.05499979 0.00754398 -0.00059512
v 0.0569998 0.00734714 -0.00045603
v 0.0549998 0.00734707 -0.00045603
v 0.0569998 0.00712267 -0.00036811
v 0.05499981 0.00712261 -0.00036811
v 0.05699984 0.00603403 0.00294025
v 0.05699982 0.00626035 0.00302328
v 0.05699981 0.00646023 0.00315807
v 0.05699982 0.00662204 0.00333677
v 0.05699981 0.00673638 0.003549
v 0.05499985 0.00594166 -0.00097167
v 0.05499984 0.00603398 0.00294025
v 0.05499984 0.00579437 0.00291379
v 0.05499983 0.00646017 0.00315807
v 0.05499983 0.00626031 0.00302328
v 0.05499982 0.00662198 0.00333677
v 0.05499981 0.00673632 0.003549
v 0.05699982 0.0067966 0.00378243
v 0.05499981 0.00679655 0.00378243
v 0.05699982 0.00679922 0.00402349
v 0.05499981 0.00679917 0.00402349
v 0.05699982 0.00674407 0.00425817
v 0.05499981 0.00674402 0.00425817
v 0.05699982 0.00663437 0.00447284
v 0.05499982 0.0066343 0.00447284
v 0.05499985 0.00555538 0.00294544
v 0.05499985 0.00533092 0.00303337
v 0.05499973 0.01000144 4.256E-05
v 0.05499974 0.00980099 0.00199263
v 0.05199975 0.00922387 0.00386612
v 0.05499974 0.00922395 0.00386612
v 0.05699983 0.00647647 0.004655
v 0.05699979 0.00791514 0.0076404
v 0.05699983 0.00627957 0.00479409
v 0.05699982 0.0060551 0.00488202
v 0.05699984 0.00581611 0.00491367
v 0.05499985 0.00557644 0.00488721
v 0.05499985 0.00581605 0.00491367
v 0.05499983 0.00627951 0.00479409
v 0.05499984 0.00605504 0.00488202
v 0.05499982 0.00647641 0.004655
v 0.05499981 0.00704243 0.0071011
v 0.05199977 0.00829242 0.00559105
v 0.05499977 0.00829251 0.00559105
v 0.05199979 0.00791499 0.0076404
v 0.05199982 0.00646804 0.00889849
v 0.05199981 0.00704235 0.0071011
v 0.0519999 0.00378892 0.009255
v 0.05199985 0.0055217 0.00833827
v 0.05199986 0.00482459 0.00988622
v -1.9E-07 0.00718339 -0.03032662
v 0.00500025 -0.00911994 -0.00615015
v 2.6E-07 -0.00912009 -0.00615015
v 0.00500005 -0.00190901 -0.00981607
v 0.00500011 -0.00378735 -0.009255
v 0.00500001 4.269E-05 -0.00999991
v 6E-08 -0.00181072 -0.00775161
v 0.00500016 -0.00552014 -0.00833827
v 0.00499995 0.00199276 -0.00979946
v 0.0049999 0.00386625 -0.00922242
v 3E-08 -0.00088133 -0.00776169
v -1E-07 0.00390286 -0.00680362
v -1.2E-07 0.00414249 -0.00677716
v 0.00499985 0.00559117 -0.00829097
v 5E-08 -0.00158625 -0.00783953
v 5E-08 -0.00134726 -0.00787119
v 3E-08 -0.00110764 -0.00784473
v -1.2E-07 0.00436881 -0.00669413
v -1.2E-07 0.00456868 -0.00655934
v 0.00499981 0.00710122 -0.0070409
v -1.2E-07 0.00473049 -0.00638064
v -1.3E-07 0.00484483 -0.00616841
v 0.00200024 -0.00829093 -0.00559104
v 0.0050002 -0.00704079 -0.0071011
v 0.0020002 -0.00704087 -0.0071011
v 0.00500024 -0.00829085 -0.00559104
v 0.00500026 -0.00922229 -0.00386612
v 0.00500028 -0.01004935 -0.00447303
v 0.00200019 -0.0067976 -0.00402349
v 0.00200026 -0.00922237 -0.00386612
v 2.9E-07 -0.01004949 -0.00447303
v 0.00200016 -0.00552022 -0.00833827
v 0.00200016 -0.00534855 -0.00480417
v 0.00200015 -0.00557486 -0.00488721
v 0.00200011 -0.00378744 -0.009255
v 0.00200017 -0.00581449 -0.00491367
v 0.00200018 -0.00605347 -0.00488202
v 0.00200018 -0.00627794 -0.00479409
v 0.00200019 -0.00674244 -0.00425817
v 0.00200019 -0.00663274 -0.00447283
v 0.00200018 -0.00647483 -0.004655
v 2E-07 -0.00674251 -0.00425817
v 1.9E-07 -0.00663279 -0.00447283
v 1.8E-07 -0.0064749 -0.004655
v 1.8E-07 -0.00627799 -0.00479409
v 1.7E-07 -0.00605353 -0.00488202
v 1.7E-07 -0.00581454 -0.00491367
v 1.6E-07 -0.0053486 -0.00480417
v 1.5E-07 -0.00514874 -0.00466939
v 1.6E-07 -0.00557493 -0.00488721
v 0.00200015 -0.00514867 -0.00466939
v 2E-07 -0.00679766 -0.00402349
v 0.0050003 -0.01067341 -0.00266
v 3E-07 -0.01067355 -0.00266
v 3.2E-07 -0.01097331 -0.00076615
v 0.00500031 -0.01097316 -0.00076615
v 0.00200028 -0.00979943 -0.00199263
v 0.00500027 -0.00979933 -0.00199263
v 3.1E-07 -0.01093963 0.00115098
v 0.00500031 -0.01093949 0.00115098
v 0.00500028 -0.00999978 -4.256E-05
v 0.00200028 -0.00999986 -4.256E-05
v 0.00200021 -0.0075424 0.00059512
v 0.00200022 -0.0077003 0.00077729
v 0.00200023 -0.00781001 0.00099195
v 0.0020002 -0.00712105 0.00036811
v 0.00200021 -0.00734551 0.00045604
v 0.0020002 -0.00679499 -0.00378243
v 0.00200019 -0.00662042 -0.00333677
v 0.00200019 -0.00673476 -0.003549
v 0.00200019 -0.00645861 -0.00315807
v 0.00200015 -0.00532934 -0.00303337
v 0.00200011 -0.00375519 -0.00137777
v 0.00200016 -0.0055538 -0.00294544
v 1.8E-07 -0.00625879 -0.00302328
v 1.9E-07 -0.00645866 -0.00315807
v 0.00200018 -0.00625873 -0.00302328
v 1.9E-07 -0.00662047 -0.00333677
v 0.00200017 -0.0060324 -0.00294025
v 1.7E-07 -0.00603247 -0.00294025
v 0.00200017 -0.00579279 -0.00291379
v 1.6E-07 -0.00579284 -0.00291379
v 1.7E-07 -0.00555387 -0.00294544
v 0.00200014 -0.00513243 -0.00317245
v 1.5E-07 -0.00513249 -0.00317245
v 1.5E-07 -0.00532939 -0.00303337
v 2E-07 -0.00679504 -0.00378243
v 1.9E-07 -0.0067348 -0.003549
v 0.00200019 -0.00664243 0.00036292
v 0.0020002 -0.00688205 0.00033646
v 1.9E-07 -0.00688211 0.00033646
v 0.00200018 -0.00641612 0.00044595
v 0.00200012 -0.00397579 -0.00043904
v 0.00200011 -0.00396533 0.00052519
v 0.00200017 -0.00605443 0.00075944
v 1.8E-07 -0.00641617 0.00044595
v 0.00200018 -0.00621624 0.00058074
v 1.8E-07 -0.0062163 0.00058074
v 1.9E-07 -0.0066425 0.00036292
v 2.2E-07 -0.00770036 0.00077729
v 2.2E-07 -0.00754247 0.00059512
v 2.1E-07 -0.00734556 0.00045604
v 2E-07 -0.00712109 0.00036811
v 2.2E-07 -0.00781006 0.00099195
v 0.00200006 -0.0019091 -0.00981607
v 0.00200001 4.26E-05 -0.00999991
v 0.00200002 -0.0006814 -0.00762691
v 0.00200003 -0.00088126 -0.00776169
v 0.00200003 -0.00110759 -0.00784473
v 0.00200004 -0.00108653 -0.00590296
v 0.00200003 -0.00099929 -0.00387315
v 0.00200003 -0.0013255 -0.00587131
v 0.00200005 -0.00156513 -0.00589777
v 0.002 -4.335E-05 -0.00399976
v 0.00200003 -0.00086206 -0.00599088
v 0.00200002 -0.00066515 -0.00612997
v 0.00199994 0.00199268 -0.00979946
v 0.0019999 0.00386616 -0.00922242
v 0.00199991 0.00343947 -0.00668404
v 0.00199991 0.00324256 -0.00654496
v 0.00199992 0.00308467 -0.00636279
v 0.00200001 -0.00040523 -0.00723597
v 0.00200002 -0.00051959 -0.0074482
v 0.00199992 0.00292243 -0.00567238
v 0.00199997 0.00091512 -0.00389392
v 0.00200002 -0.00039754 -0.00652681
v 0.00200002 -0.00050726 -0.00631214
v 0.00199992 0.00291982 -0.00591344
v 0.00199992 0.00297497 -0.00614812
v 0.00200001 -0.0003424 -0.00676149
v 0.00200001 -0.00034502 -0.00700254
v 0.00200007 -0.00227517 -0.00721569
v 0.00200005 -0.00181065 -0.00775161
v 0.00200006 -0.00200756 -0.00761252
v 0.00200006 -0.00216545 -0.00743035
v 0.00200007 -0.00233032 -0.00698101
v 0.00200007 -0.0023277 -0.00673995
v 0.00200004 -0.0013472 -0.00787119
v 0.00200005 -0.00158618 -0.00783953
v 6E-08 -0.0021655 -0.00743035
v 6E-08 -0.00200761 -0.00761252
v 6E-08 -0.00227522 -0.00721569
v 7E-08 -0.00233037 -0.00698101
v 0.00200006 -0.00215313 -0.00629429
v 0.00200014 -0.00487252 -0.00427845
v 0.00200015 -0.00498686 -0.00449069
v 0.00200006 -0.00199132 -0.00611559
v 0.00200007 -0.00226747 -0.00650652
v 7E-08 -0.00215319 -0.00629429
v 7E-08 -0.00226753 -0.00650652
v 7E-08 -0.00232775 -0.00673995
v 6E-08 -0.00199137 -0.00611559
v 5E-08 -0.0017915 -0.0059808
v 0.00200006 -0.00179145 -0.0059808
v 5E-08 -0.00156518 -0.00589777
v 1.3E-07 -0.00487258 -0.00427845
v 1.4E-07 -0.00498692 -0.00449069
v 2E-08 -0.00068145 -0.00762691
v 2E-08 -0.00051964 -0.0074482
v 1E-08 -0.0004053 -0.00723597
v 1E-08 -0.00034507 -0.00700254
v 2E-08 -0.00034246 -0.00676149
v 1E-08 -0.0003976 -0.00652681
v 2E-08 -0.00050731 -0.00631214
v 3E-08 -0.00086211 -0.00599088
v 3E-08 -0.00108658 -0.00590296
v 4E-08 -0.00132557 -0.00587131
v 2E-08 -0.0006652 -0.00612997
v 4E-08 -0.00099935 -0.00387315
v 0 -4.34E-05 -0.00399976
v -1E-07 0.00366389 -0.00677197
v -9E-08 0.00324252 -0.00654496
v -9E-08 0.00343942 -0.00668404
v -8E-08 0.00297491 -0.00614812
v -9E-08 0.00308462 -0.00636279
v -8E-08 0.00291975 -0.00591344
v -3E-08 0.00091507 -0.00389392
v -8E-08 0.00292237 -0.00567238
v 1.4E-07 -0.00481236 -0.00404503
v 0.00200014 -0.00480969 -0.00380397
v 1.4E-07 -0.00480974 -0.00380397
v 0.00200013 -0.00481229 -0.00404503
v 0.00200005 -0.00189715 -0.00352145
v 0.00200007 -0.00268477 -0.0029651
v 0.00200014 -0.00497454 -0.00335463
v 0.0020001 -0.00331635 -0.00223642
v 0.00200014 -0.00486483 -0.00356929
v 9E-08 -0.0033164 -0.00223642
v 1.4E-07 -0.0049746 -0.00335463
v 1.4E-07 -0.00486489 -0.00356929
v 8E-08 -0.00268483 -0.0029651
v 6E-08 -0.00189722 -0.00352145
v 1.1E-07 -0.00375524 -0.00137777
v 1.1E-07 -0.00397584 -0.00043904
v 1.7E-07 -0.00605448 0.00075944
v 1.2E-07 -0.00396539 0.00052519
v 0.0019999 0.003685 -0.0048302
v 0.00199992 0.0026199 -0.00302264
v 0.0019999 0.00345869 -0.00491323
v 0.00199992 0.00298266 -0.00543895
v 0.00199995 0.00182041 -0.00356178
v 0.00199992 0.003097 -0.00522672
v 0.00199992 0.00325881 -0.00504802
v -5E-08 0.00182036 -0.00356178
v -8E-08 0.00298261 -0.00543895
v 0.00500028 -0.00981594 0.00190914
v 0.00200028 -0.00981602 0.00190914
v 2.9E-07 -0.01057356 0.00303314
v 0.0050003 -0.01057343 0.00303314
v 0.00200023 -0.00786516 0.00122663
v 0.00200022 -0.00786254 0.0014677
v 0.00200022 -0.00780233 0.00170113
v 0.00200022 -0.00768798 0.00191336
v 0.00500026 -0.00925488 0.00378748
v 0.00500023 -0.00833814 0.00552026
v 0.00500028 -0.00988609 0.00482314
v 0.00200026 -0.00925496 0.00378748
v 0.00200023 -0.00833822 0.00552026
v 0.00200021 -0.00752616 0.00209206
v 2.8E-07 -0.00988624 0.00482314
v 0.00200017 -0.00604211 0.0018955
v 0.0020001 -0.00326706 0.00230783
v 0.00200018 -0.0062 0.00207767
v 0.00200017 -0.0059324 0.00168084
v 0.00200011 -0.00372442 0.0014589
v 0.00200017 -0.00587725 0.00144616
v 0.00200017 -0.00587986 0.0012051
v 0.00200017 -0.00594009 0.00097167
v 1.7E-07 -0.0058773 0.00144616
v 1.7E-07 -0.00594014 0.00097167
v 1.7E-07 -0.00587992 0.0012051
v 1.7E-07 -0.00593245 0.00168084
v 1.7E-07 -0.00604216 0.0018955
v 0.00200019 -0.0063969 0.00221676
v 0.00200019 -0.00662137 0.00230469
v 1.8E-07 -0.00639696 0.00221676
v 1.9E-07 -0.00662142 0.00230469
v 1.8E-07 -0.00620006 0.00207767
v 0.0020002 -0.00709997 0.00230988
v 0.00200021 -0.0073263 0.00222684
v 0.0020002 -0.00686036 0.00233634
v 0.00200014 -0.00474279 0.00524458
v 2E-07 -0.00686041 0.00233634
v 0.00200013 -0.00438799 0.00492332
v 0.00200013 -0.00458489 0.00506241
v 0.00200012 -0.00416353 0.00483539
v 2.2E-07 -0.00786522 0.00122663
v 2.2E-07 -0.00786261 0.0014677
v 2.2E-07 -0.00780238 0.00170113
v 2.2E-07 -0.00768804 0.00191336
v 2.1E-07 -0.00752623 0.00209206
v 2.1E-07 -0.00732635 0.00222684
v 2E-07 -0.00710004 0.00230988
v 1.3E-07 -0.00474284 0.00524458
v 2.6E-07 -0.00889851 0.00646659
v 1.4E-07 -0.00485256 0.00545924
v 0.00500016 -0.00559091 0.00829097
v 0.00500018 -0.00615002 0.00912007
v 0.00500022 -0.00764028 0.00791356
v 0.0050002 -0.00710097 0.00704091
v 0.00500025 -0.00889836 0.00646659
v 0.00200016 -0.005591 0.00829097
v 0.00500011 -0.00386599 0.00922242
v 0.00200011 -0.00386608 0.00922242
v 1.3E-07 -0.00447304 0.01004948
v 0.00500013 -0.0044729 0.01004948
v 0.00500008 -0.00265987 0.01067354
v 0.00500006 -0.00199251 0.00979946
v 0.0020002 -0.00710105 0.00704091
v 2.2E-07 -0.00764041 0.00791356
v 0.00200014 -0.00485249 0.00545924
v 0.00200014 -0.00490764 0.00569392
v 0.00200014 -0.00490502 0.00593498
v 0.00200012 -0.00436878 0.00669413
v 0.00200014 -0.00456866 0.00655934
v 0.00200014 -0.00473046 0.00638064
v 0.00200014 -0.00484481 0.00616841
v 1.4E-07 -0.00490509 0.00593498
v 1.4E-07 -0.00484486 0.00616841
v 1.3E-07 -0.00473052 0.00638064
v 1.3E-07 -0.0049077 0.00569392
v 1.7E-07 -0.00615016 0.00912007
v 0.00200012 -0.00414245 0.00677716
v 1.1E-07 -0.00372447 0.0014589
v 8E-08 -0.00261987 0.00302264
v 1E-07 -0.00326711 0.00230783
v 0.00200008 -0.00261982 0.00302264
v 0.00200012 -0.00392454 0.00480374
v 0.00200005 -0.00182032 0.00356178
v 0.00200009 -0.00325872 0.00504802
v 0.0020001 -0.0034586 0.00491324
v 0.0020001 -0.00368491 0.0048302
v 0.00200009 -0.00309691 0.00522672
v 0.00200008 -0.00298257 0.00543896
v 1E-07 -0.00325878 0.00504802
v 9E-08 -0.00309696 0.00522672
v 8E-08 -0.00298262 0.00543896
v 0.00200008 -0.00292234 0.00567239
v 9E-08 -0.0029224 0.00567239
v 1E-07 -0.00345865 0.00491324
v 0.00200009 -0.00291973 0.00591344
v 9E-08 -0.00291978 0.00591344
v 0.00200003 -0.00091503 0.00389392
v 0.00199999 0.00039763 0.00652681
v 3E-08 -0.00091509 0.00389392
v 5E-08 -0.00182037 0.00356178
v 1.3E-07 -0.00438804 0.00492332
v 1.2E-07 -0.00416358 0.00483539
v 1.3E-07 -0.00458495 0.00506241
v 1.1E-07 -0.00392459 0.00480374
v 1E-07 -0.00368498 0.0048302
v 0.00199998 0.0010866 0.00590296
v 0.00199998 0.00086213 0.00599089
v 0.002 4.344E-05 0.00399977
v 0.00199998 0.00099937 0.00387316
v 0.00199997 0.00132559 0.00587131
v -3E-08 0.00099932 0.00387316
v 0.00199996 0.00156521 0.00589777
v 0.00199998 0.00050735 0.00631215
v 0.00199998 0.00066524 0.00612997
v -5E-08 0.00189719 0.00352145
v 0.00199993 0.00268485 0.0029651
v 0.00199995 0.00189724 0.00352145
v -7E-08 0.0026848 0.0029651
v 0.00199995 0.00179154 0.0059808
v 0.00199995 0.00199141 0.00611559
v 0 4.337E-05 0.00399977
v -1E-08 0.00039758 0.00652681
v -1E-08 0.00050728 0.00631215
v -2E-08 0.00086208 0.00599089
v -2E-08 0.00108655 0.00590296
v -4E-08 0.00179147 0.0059808
v -6E-08 0.00199135 0.00611559
v -2E-08 0.00066517 0.00612997
v -4E-08 0.00156515 0.00589777
v -3E-08 0.00132554 0.00587131
v 0.005 -4.244E-05 0.00999991
v 0.00500003 -0.00076602 0.01097329
v 0.00499995 0.00190926 0.00981607
v 0.00499997 0.00115111 0.01093962
v 0.00200006 -0.00199259 0.00979946
v 0.002 -4.252E-05 0.00999991
v 0.00499985 0.00552039 0.00833827
v 0.00499987 0.00482326 0.00988622
v 0.0049999 0.00378761 0.009255
v 0.00199989 0.00378752 0.009255
v 0.00499992 0.00303327 0.01057355
v 0.00199994 0.00233039 0.00698101
v 0.00199994 0.00227525 0.00721569
v -6E-08 0.00227519 0.00721569
v 0.00199994 0.00232779 0.00673995
v -6E-08 0.00233034 0.00698101
v 0.00199995 0.00215321 0.00629429
v 0.00199994 0.00226755 0.00650652
v -6E-08 0.00215316 0.00629429
v -6E-08 0.0022675 0.00650652
v -6E-08 0.00232772 0.00673995
v 0.00199994 0.00216554 0.00743035
v 0.00199994 0.00200764 0.00761252
v 0.00199995 0.00181074 0.00775161
v -3E-08 0.00115096 0.01093962
v 0.00199997 0.00110767 0.00784473
v 0.00199995 0.00190918 0.00981607
v 0.00199998 0.00088135 0.00776169
v -8E-08 0.00303312 0.01057355
v 0.00199997 0.00134728 0.00787119
v 0.00199996 0.00158627 0.00783954
v 0.00200009 -0.00324248 0.00654496
v 0.0020001 -0.00343939 0.00668404
v 0.00200011 -0.00390284 0.00680362
v 0.0020001 -0.00366385 0.00677197
v 9E-08 -0.00324255 0.00654496
v 0.00200009 -0.00297489 0.00614812
v 0.00199999 0.0003451 0.00700254
v 0.00200009 -0.00308459 0.00636279
v 0.00199999 0.00040532 0.00723597
v 0.002 0.00034248 0.00676149
v 9E-08 -0.00297494 0.00614812
v 1E-07 -0.00308465 0.00636279
v 1.3E-07 -0.00436884 0.00669413
v 1.3E-07 -0.00456871 0.00655934
v 1.2E-07 -0.00414251 0.00677716
v 1E-07 -0.0036639 0.00677197
v 1.1E-07 -0.00390289 0.00680362
v 9E-08 -0.00343944 0.00668404
v 8E-08 -0.00266002 0.01067354
v 2E-08 -0.00076616 0.01097329
v -1E-08 0.00034243 0.00676149
v -0 0.00034504 0.00700254
v -1E-08 0.00051961 0.00744821
v -1E-08 0.00040527 0.00723597
v 0.00199999 0.00051966 0.00744821
v -1E-08 0.00068142 0.00762691
v 0.00199998 0.00068148 0.00762691
v -2E-08 0.0008813 0.00776169
v -4E-08 0.00134723 0.00787119
v -3E-08 0.00110761 0.00784473
v -5E-08 0.00200758 0.00761252
v -6E-08 0.00216548 0.00743035
v -5E-08 0.00181069 0.00775161
v -4E-08 0.00158622 0.00783954
v 0.00199987 0.00485258 -0.00545924
v 0.00199977 0.00833831 -0.00552026
v 0.00199987 0.00474288 -0.00524458
v 0.00199987 0.00490773 -0.00569392
v 0.00199981 0.00710114 -0.0070409
v 0.00199985 0.00559108 -0.00829097
v 0.00499977 0.00833839 -0.00552026
v 0.00199988 0.00436886 -0.00669413
v 0.00199989 0.00414254 -0.00677716
v 0.0019999 0.00390293 -0.00680362
v 0.00199988 0.00456873 -0.00655934
v 0.0019999 0.00366394 -0.00677197
v 0.00199987 0.00490511 -0.00593498
v 0.00199986 0.00484489 -0.00616841
v 0.00199987 0.00473055 -0.00638064
v -9E-08 0.00345862 -0.00491323
v -9E-08 0.00325875 -0.00504802
v -9E-08 0.00309695 -0.00522672
v -1E-07 0.00368495 -0.0048302
v 0.00199989 0.00392462 -0.00480374
v -1E-07 0.00392456 -0.00480374
v -1.3E-07 0.00490506 -0.00593498
v -1.3E-07 0.00490768 -0.00569392
v -1.3E-07 0.00485253 -0.00545924
v -1.3E-07 0.00474281 -0.00524458
v 0.00199988 0.00458497 -0.00506241
v -1.3E-07 0.00458492 -0.00506241
v 0.00199988 0.00438808 -0.00492332
v -1.2E-07 0.00438801 -0.00492332
v 0.00199989 0.00416361 -0.00483539
v -1.1E-07 0.00416355 -0.00483539
v 0.00499974 0.00925513 -0.00378748
v 0.00499973 0.00981619 -0.00190914
v 0.00199974 0.00925505 -0.00378748
v 0.00199973 0.00981611 -0.00190914
v 0.00199981 0.00710006 -0.00230988
v 0.00199981 0.00686045 -0.00233634
v 0.0019998 0.00732638 -0.00222684
v 0.00199979 0.00752625 -0.00209206
v 0.00199978 0.00768807 -0.00191336
v 0.00199973 0.00999995 4.256E-05
v 0.00499973 0.01000003 4.256E-05
v 0.00199978 0.00780241 -0.00170112
v 0.00199978 0.00786263 -0.00146769
v 0.00199978 0.00786525 -0.00122663
v -2.1E-07 0.00780235 -0.00170112
v -2.1E-07 0.0075262 -0.00209206
v -2.1E-07 0.00768801 -0.00191336
v -2.2E-07 0.00786258 -0.00146769
v -2.2E-07 0.00781005 -0.00099195
v 0.00199979 0.00770038 -0.00077729
v -2.1E-07 0.00770033 -0.00077729
v 0.00199978 0.0078101 -0.00099195
v -2.2E-07 0.0078652 -0.00122663
v 0.00199982 0.00639699 -0.00221676
v 0.00199983 0.00620008 -0.00207767
v 0.00199992 0.00326713 -0.00230783
v 0.00199981 0.00662146 -0.00230468
v -7E-08 0.00261984 -0.00302264
v -9E-08 0.00326708 -0.00230783
v 0.00199984 0.00604219 -0.0018955
v 0.00199989 0.00372451 -0.0014589
v 0.00199984 0.00593248 -0.00168084
v 0.00199984 0.00587733 -0.00144616
v 0.00199984 0.00587995 -0.0012051
v 0.00199984 0.00594018 -0.00097167
v 0.0019999 0.00396541 -0.00052519
v 0.00199983 0.00605452 -0.00075944
v -1.1E-07 0.00396536 -0.00052519
v -1E-07 0.00372444 -0.0014589
v -1.7E-07 0.00620003 -0.00207767
v -1.7E-07 0.00639693 -0.00221676
v -1.9E-07 0.00686038 -0.00233634
v -1.8E-07 0.00662139 -0.00230468
v -1.9E-07 0.00710001 -0.00230988
v -2.1E-07 0.00732633 -0.00222684
v -1.7E-07 0.00604214 -0.0018955
v -1.6E-07 0.00593242 -0.00168084
v -1.6E-07 0.00587727 -0.00144616
v -1.6E-07 0.00594011 -0.00097167
v -1.7E-07 0.00605445 -0.00075944
v -1.7E-07 0.00587989 -0.0012051
v -2.5E-07 0.00912006 0.00615015
v 0.00499973 0.00979959 0.00199263
v 0.00499975 0.0091202 0.00615015
v 0.0019998 0.0073456 -0.00045603
v 0.00199973 0.0097995 0.00199263
v 0.0019998 0.00712113 -0.00036811
v 0.0019998 0.00754249 -0.00059512
v 0.00199982 0.0064587 0.00315807
v 0.00499975 0.00922254 0.00386612
v 0.00199975 0.00922246 0.00386612
v 0.00499977 0.0082911 0.00559105
v 0.00199982 0.00679506 0.00378243
v 0.00199982 0.00679768 0.00402349
v 0.00199981 0.00673484 0.003549
v 0.00199982 0.0066205 0.00333677
v 0.00199977 0.00829102 0.00559105
v 0.00199989 0.00397588 0.00043904
v 0.00199985 0.00555389 0.00294544
v 0.0019999 0.00375527 0.00137777
v 0.00199983 0.00621633 -0.00058074
v 0.00199984 0.00579288 0.00291379
v 0.00199982 0.00641619 -0.00044595
v -1.6E-07 0.00555384 0.00294544
v -1.6E-07 0.00579283 0.00291379
v -1.1E-07 0.00397581 0.00043904
v 0.00199991 0.00331643 0.00223642
v -8E-08 0.00331637 0.00223642
v -1.1E-07 0.00375522 0.00137777
v -1.9E-07 0.00688208 -0.00033646
v 0.00199982 0.00664252 -0.00036292
v -1.8E-07 0.00664247 -0.00036292
v 0.00199981 0.00688214 -0.00033646
v -1.8E-07 0.00641614 -0.00044595
v -1.8E-07 0.00621627 -0.00058074
v -2.1E-07 0.00754244 -0.00059512
v -2E-07 0.00734553 -0.00045603
v -2E-07 0.00712107 -0.00036811
v 0.00199983 0.00603249 0.00294025
v 0.00199983 0.00625881 0.00302328
v -1.8E-07 0.00662044 0.00333677
v -1.8E-07 0.00645863 0.00315807
v -1.7E-07 0.00625876 0.00302328
v -1.7E-07 0.00603244 0.00294025
v -1.8E-07 0.00673478 0.003549
v 0.00199986 0.00513252 0.00317246
v 0.00199986 0.00480977 0.00380397
v 0.00199987 0.00481238 0.00404503
v 0.00199986 0.00532942 0.00303337
v 0.00199987 0.00487261 0.00427846
v 0.00199986 0.00486492 0.00356929
v 0.00199986 0.00497462 0.00335463
v -1.3E-07 0.00487256 0.00427846
v -1.3E-07 0.00481233 0.00404503
v -1.4E-07 0.00497457 0.00335463
v -1.3E-07 0.00486486 0.00356929
v -1.4E-07 0.00513246 0.00317246
v -1.5E-07 0.00532937 0.00303337
v -1.3E-07 0.00480971 0.00380397
v -1.4E-07 0.0049869 0.00449069
v -1.4E-07 0.00534858 0.00480418
v 0.00199986 0.00514876 0.00466939
v -1.4E-07 0.00514871 0.00466939
v 0.00199986 0.00498695 0.00449069
v 0.00199985 0.00534864 0.00480418
v -1.9E-07 0.00679501 0.00378243
v -1.9E-07 0.00679763 0.00402349
v -1.9E-07 0.00674248 0.00425817
v 0.00199982 0.00674253 0.00425817
v 0.00199982 0.00663283 0.00447284
v -1.8E-07 0.00663276 0.00447284
v 0.00199982 0.00647492 0.004655
v -1.8E-07 0.00647487 0.004655
v 0.00199982 0.00627803 0.00479409
v -1.7E-07 0.00627796 0.00479409
v 0.00499978 0.00791368 0.0076404
v 0.0049998 0.00704104 0.0071011
v 0.0019998 0.00704096 0.0071011
v 0.00199985 0.00552031 0.00833827
v 0.00199985 0.00557495 0.00488721
v -2.1E-07 0.00791354 0.0076404
v 0.00199984 0.00581457 0.00491367
v 0.00199983 0.00605356 0.00488202
v 0.00499982 0.00646671 0.00889849
v -1.8E-07 0.00646658 0.00889849
v -1.5E-07 0.0055749 0.00488721
v -1.6E-07 0.00581451 0.00491367
v -1.6E-07 0.0060535 0.00488202
v -1.3E-07 0.00482313 0.00988622
vn 0.92377 0.0272 -0.38199
vn 0.83803 -0.22416 -0.49745
vn 0.91316 -0.02153 -0.40703
vn 0.91267 -0.02359 -0.40802
vn 0.88315 -0.1197 -0.45356
vn 0.823 -0.25388 -0.50815
vn 0.88127 -0.12467 -0.45588
vn 0.78332 -0.32044 -0.53266
vn 0.71612 -0.4158 -0.56061
vn 0.68166 -0.45623 -0.57201
vn 0.58076 -0.56089 -0.59001
vn 0.92377 0.02718 -0.38199
vn 0.42553 -0.68102 -0.59593
vn 0.51479 -0.61545 -0.59684
vn 0.29726 -0.75308 -0.58695
vn 0.19675 -0.79838 -0.5691
vn 0.32043 -0.74183 -0.58907
vn 0.11833 -0.82493 -0.55271
vn 0.06637 -0.83984 -0.53876
vn 0.10846 -0.82777 -0.55049
vn 0.02209 -0.85044 -0.52561
vn 0.91768 0.14132 -0.37134
vn 5E-05 -0.92982 -0.36801
vn 1E-05 -0.92988 -0.36787
vn 0.92377 0.02719 -0.38199
vn 0.92377 0.02719 -0.38199
vn 0.85399 -0.08921 -0.51258
vn 0.72052 -0.24334 -0.64934
vn 0.73018 -0.27062 -0.62738
vn 0.74418 -0.14916 -0.65112
vn 0.83203 -0.12386 -0.54073
vn 0.75053 -0.27724 -0.59987
vn 0.83629 -0.22172 -0.50146
vn 0.7205 0.12066 -0.68287
vn 0.74417 0.20267 -0.63651
vn 0.72051 -0.06359 -0.69052
vn 0.57485 -0.07504 -0.81481
vn 0.57484 0.14237 -0.80578
vn 0.74417 0.02773 -0.66741
vn 0.53151 0.03516 -0.84632
vn 0.86708 0.02069 -0.49774
vn 0.86417 0.03541 -0.50196
vn 0.8692 0.19934 -0.4525
vn 0.92231 0.08308 -0.37741
vn 0.86326 0.15316 -0.48097
vn 0.87488 0.08974 -0.47596
vn 0.49909 -0.59347 -0.63143
vn 0.53153 -0.40007 -0.74661
vn 0.67315 -0.44441 -0.59108
vn 0.56468 -0.45959 -0.6855
vn 0.37515 -0.43782 -0.81705
vn 0.57486 -0.28714 -0.76622
vn 0.35981 -0.61773 -0.69925
vn 0.3131 -0.55589 -0.77003
vn 0.53152 -0.18915 -0.82566
vn 0.31309 -0.08711 -0.94572
vn 0.37515 -0.207 -0.90356
vn 0.3131 -0.33329 -0.88932
vn 0.37514 0.03847 -0.92617
vn 0.7205 0.29637 -0.62693
vn 0.5315 0.25698 -0.80713
vn 0.57483 0.34971 -0.73978
vn 0.831 0.40983 -0.37614
vn 0.85056 0.28597 -0.44133
vn 0.82164 0.50364 -0.26693
vn 0.72049 0.45113 -0.52666
vn 0.74416 0.36325 -0.5606
vn 0.85598 0.30637 -0.41645
vn 0.81538 0.43174 -0.38569
vn 0.72693 0.55588 -0.40321
vn 0.74416 0.49816 -0.44504
vn 0.31307 0.61783 -0.7213
vn 0.37513 0.50407 -0.77794
vn 0.57483 0.53232 -0.62145
vn 0.5315 0.46062 -0.71088
vn 0.5315 0.63169 -0.56434
vn 0.37512 0.69128 -0.61759
vn 0.71708 0.6028 -0.3499
vn 0.64672 0.72554 -0.23524
vn 0.57483 0.67729 -0.45919
vn 0.53149 0.7581 -0.37789
vn 0.55905 0.76945 -0.30888
vn 0.7131 0.58027 -0.39341
vn 0.15045 0.17199 -0.97354
vn 0.14424 -0.09076 -0.98537
vn 0.08883 0.32478 -0.94161
vn 0.37514 0.28121 -0.88328
vn 0.15328 0.42231 -0.8934
vn 0.09333 0.09349 -0.99124
vn 0.31309 0.16523 -0.93524
vn 0.31308 0.40588 -0.85863
vn 0.12067 -0.84454 -0.52172
vn 0.11598 -0.83647 -0.53559
vn 0.1125 -0.82827 -0.54891
vn 0.10982 -0.73996 -0.66363
vn 0.09263 -0.75357 -0.65081
vn 0.1346 -0.34774 -0.92788
vn 0.11235 -0.3706 -0.92197
vn 0.30609 -0.72141 -0.62119
vn 0.12646 -0.58062 -0.80429
vn 0.12141 -0.57699 -0.80767
vn 2E-05 -0.83357 -0.55242
vn 2E-05 -0.84216 -0.53923
vn 2E-05 -0.75682 -0.65362
vn 2E-05 -0.84224 -0.53911
vn 2E-05 -0.83349 -0.55253
vn 2E-05 -0.85075 -0.52556
vn -0 0.09389 -0.99558
vn 0 -0.14359 -0.98964
vn 0 -0.14359 -0.98964
vn 2E-05 -0.58129 -0.81369
vn 2E-05 -0.5813 -0.81369
vn 1E-05 -0.37296 -0.92785
vn 0.10118 -0.14285 -0.98456
vn 0.08769 0.53778 -0.83852
vn 0.14878 0.81849 -0.55492
vn 0.08991 0.72024 -0.68788
vn 0.31306 0.7861 -0.53295
vn 0.15272 0.6429 -0.75057
vn 0.09551 0.86172 -0.49832
vn 0.31307 0.89876 -0.30694
vn 0.37512 0.82962 -0.41355
vn 0.14144 0.93682 -0.31994
vn 0.07166 0.99628 -0.04792
vn 0.10443 0.95408 -0.28076
vn 0.29264 0.9521 -0.0887
vn 0.35326 0.90754 -0.22711
vn 0.12432 0.98491 -0.12042
vn 0.47806 0.86079 -0.17463
vn -2E-05 0.72317 -0.69067
vn -2E-05 0.72317 -0.69068
vn -2E-05 0.86567 -0.50061
vn -3E-05 0.99885 -0.04805
vn -3E-05 0.99884 -0.04806
vn -3E-05 0.95933 -0.2823
vn -3E-05 0.95933 -0.28229
vn -2E-05 0.53985 -0.84176
vn -1E-05 0.53985 -0.84176
vn -1E-05 0.32607 -0.94535
vn -1E-05 0.32607 -0.94534
vn -0 0.09389 -0.99558
vn -0.10108 0.09341 -0.99048
vn -0.13472 0.30059 -0.94419
vn -0.11221 0.32401 -0.93938
vn -0.3131 0.28809 -0.90497
vn -0.09327 -0.14297 -0.98532
vn -0.14432 0.04105 -0.98868
vn -0.12155 0.53584 -0.83552
vn -0.13824 0.73858 -0.65984
vn -0.10823 0.71892 -0.68662
vn -0.12631 0.53941 -0.83251
vn -0.09819 0.86149 -0.49819
vn -0.37516 0.39614 -0.83805
vn -0.31311 0.70824 -0.63274
vn -0.53153 0.70109 -0.47534
vn -0.31311 0.51642 -0.79704
vn -0.37517 0.60301 -0.70401
vn -0.37517 0.76724 -0.52019
vn -0.14673 0.88528 -0.44131
vn -0.07171 0.99627 -0.04793
vn -0.26048 0.95184 -0.16172
vn -0.09147 0.95531 -0.28111
vn -0.44361 0.86083 -0.24939
vn -0.31311 0.84996 -0.4237
vn -0.16345 0.97099 -0.17451
vn -0.38982 0.88137 -0.26689
vn -0.58622 0.73954 -0.33081
vn 0.92231 0.08309 -0.37741
vn 0.91179 0.19371 -0.36209
vn 0.91778 0.14077 -0.37131
vn 0.88763 0.30227 -0.34747
vn 0.85345 0.40683 -0.32576
vn 0.87124 0.35835 -0.33544
vn 0.80848 0.5063 -0.30003
vn 0.75333 0.59938 -0.27064
vn 0.7862 0.5474 -0.2868
vn 0.65296 0.72459 -0.22048
vn 0.66921 0.70738 -0.22752
vn 0.52338 0.83743 -0.15742
vn 0.49114 0.85911 -0.14392
vn 0.30467 0.95056 -0.06018
vn 0.35825 0.93002 -0.08201
vn 0.10298 0.99432 0.0267
vn 0.2029 0.9791 -0.01412
vn 0.06698 0.99683 0.04303
vn -3E-05 0.99748 0.07093
vn -0 0.15952 -0.98719
vn -3E-05 0.99748 0.07093
vn 3E-05 -0.99748 -0.07093
vn -0.08394 -0.76021 -0.64423
vn -0.15269 -0.67987 -0.71726
vn -0.08879 -0.37149 -0.92418
vn -0.09258 -0.75357 -0.65081
vn -0.15329 -0.46675 -0.87101
vn -0.08769 -0.57906 -0.81056
vn -0.53385 -0.64251 -0.54971
vn -0.34205 -0.77172 -0.53615
vn -0.12061 -0.84454 -0.52173
vn -0.31838 -0.6448 -0.69489
vn -0.11596 -0.83655 -0.53547
vn -0.30794 -0.65451 -0.6905
vn -0.11243 -0.82821 -0.54902
vn -0.31308 -0.2121 -0.92574
vn -0.31308 -0.44859 -0.83711
vn -0.37513 -0.32532 -0.86801
vn -0.1505 -0.22077 -0.96364
vn -0.37513 -0.54259 -0.75158
vn -0.71193 -0.50121 -0.49187
vn -0.52045 -0.49981 -0.69233
vn -0.53939 -0.47785 -0.69334
vn -0.68986 -0.34195 -0.6381
vn -0.5315 -0.29728 -0.79318
vn -0.73879 -0.26295 -0.62052
vn -0.57483 -0.3865 -0.72124
vn -0.53151 0.14734 -0.83414
vn -0.37514 -0.08504 -0.92306
vn -0.57485 0.24821 -0.77971
vn -0.37515 0.16125 -0.91283
vn -0.31309 0.03939 -0.94891
vn -0.53151 -0.07771 -0.84348
vn -0.57484 0.03393 -0.81756
vn -0.72052 0.21034 -0.66077
vn -0.81931 -0.19913 -0.53767
vn -0.7205 -0.15488 -0.67593
vn -0.74455 -0.23594 -0.62448
vn -0.57484 -0.18275 -0.7976
vn -0.72051 0.02875 -0.69285
vn -0.74417 -0.0613 -0.66517
vn -0.85595 -0.09165 -0.50887
vn -0.8691 0.08603 -0.48709
vn -0.74418 0.11619 -0.6578
vn -0.85083 -0.04823 -0.52323
vn -0.87238 0.02641 -0.48812
vn -0.57485 0.44494 -0.68671
vn -0.53152 0.55102 -0.64332
vn -0.74419 0.28545 -0.60391
vn -0.72052 0.37706 -0.58196
vn -0.53152 0.36198 -0.76581
vn -0.74419 0.43452 -0.50732
vn -0.78341 0.50933 -0.35617
vn -0.71657 0.60277 -0.35098
vn -0.60939 0.72739 -0.31552
vn -0.73735 0.54196 -0.40322
vn -0.57486 0.61019 -0.54516
vn -0.72052 0.51711 -0.462
vn -0.92232 0.08302 -0.37741
vn -0.84313 0.40838 -0.3498
vn -0.87025 0.09023 -0.48427
vn -0.86437 0.21488 -0.45464
vn -0.83512 0.35781 -0.41778
vn -0.8568 0.30624 -0.41486
vn -0.85885 0.20024 -0.47146
vn -0.92377 0.02714 -0.38199
vn -0.08769 -0.83399 -0.54477
vn -0.04365 -0.84552 -0.53215
vn -0.01452 -0.85201 -0.52332
vn 2E-05 -0.8549 -0.5188
vn 2E-05 -0.8549 -0.5188
vn -0 0.15952 -0.98719
vn -2E-05 0.8549 0.5188
vn -0.1084 -0.82776 -0.55051
vn -0.58649 -0.55561 -0.58934
vn -0.32024 -0.74162 -0.58945
vn -0.38679 -0.70493 -0.59453
vn -0.47301 -0.64773 -0.59724
vn -0.51476 -0.61546 -0.59685
vn -0.15528 -0.81327 -0.56079
vn -0.26843 -0.76799 -0.58149
vn 6E-05 -0.92989 -0.36784
vn 4E-05 -0.92987 -0.36788
vn 1E-05 -0.9298 -0.36806
vn -2E-05 0.8549 0.5188
vn 3E-05 -0.99748 -0.07093
vn -0.35652 0.93081 -0.08057
vn -0.10346 0.99425 0.02771
vn -0.49109 0.8591 -0.14414
vn -0.12304 0.99219 0.02041
vn -0.30486 0.95051 -0.0599
vn -0.92232 0.08302 -0.37741
vn -0.71554 0.65247 -0.24957
vn -0.7534 0.59933 -0.27053
vn -0.80853 0.50625 -0.29998
vn -0.55567 0.81347 -0.17173
vn -0.6528 0.72459 -0.22098
vn -0.85348 0.40679 -0.32571
vn -0.83312 0.45639 -0.31245
vn -0.91061 0.19386 -0.36497
vn -0.89626 0.26893 -0.35271
vn -0.92126 0.10335 -0.37496
vn -0.88765 0.30221 -0.34748
vn -0.78332 -0.3205 -0.53262
vn -0.83802 -0.22421 -0.49745
vn -0.89986 -0.07151 -0.43027
vn -0.92377 0.02714 -0.38199
vn -0.82084 -0.25798 -0.50957
vn -0.68162 -0.45626 -0.57202
vn -0.71379 -0.41864 -0.56147
vn -0.91267 -0.02363 -0.40801
vn -0.88126 -0.12472 -0.45588
vn -0.92377 0.02714 -0.38199
vn -0.92078 0.10719 -0.37506
vn -0.92377 0.02714 -0.38199
vn -0 0.07093 -0.99748
vn -0 0.07092 -0.99748
vn -0 0.07093 -0.99748
vn -0 0.07092 -0.99748
vn -0 0.07093 -0.99748
vn -0 0.07093 -0.99748
vn -0 0.07093 -0.99748
vn -0 0.07093 -0.99748
vn -0 0.07093 -0.99748
vn -0 0.07093 -0.99748
vn -0 0.07093 -0.99748
vn -0 0.07093 -0.99748
vn -0 0.07093 -0.99748
vn -0 0.07093 -0.99748
vn 3E-05 -0.92986 -0.3679
vn 0.98145 0.07056 -0.17826
vn 0.97714 -0.01682 -0.21192
vn -0 0.07093 -0.99748
vn -0 0.07093 -0.99748
vn 0.98145 0.07056 -0.17826
vn 0.98145 0.07056 -0.17826
vn 1E-05 -0.3679 0.92986
vn 3E-05 -0.92986 -0.36791
vn 2E-05 -0.92986 -0.36791
vn 3E-05 -0.92986 -0.3679
vn 0.97387 -0.04654 -0.22228
vn 0.90756 -0.28946 -0.30422
vn 0.94119 -0.19552 -0.27556
vn 0.86579 -0.37542 -0.33085
vn 0.75113 -0.54495 -0.3726
vn 0.25127 -0.8807 -0.40154
vn 0.98145 0.07056 -0.17826
vn 0.31712 -0.85723 -0.4057
vn -3E-05 0.92986 0.3679
vn 0.5797 -0.7088 -0.40194
vn 0.42811 -0.80587 -0.40902
vn 0.42493 -0.80757 -0.40898
vn 0.60168 -0.6913 -0.4001
vn 0.76333 -0.52978 -0.36968
vn -3E-05 0.92986 0.3679
vn 3E-05 -0.92986 -0.36791
vn 0.02095 -0.92815 -0.37162
vn -0.98145 -0.07056 0.17826
vn 0.1492 -0.90834 -0.39072
vn 0.10585 -0.91679 -0.3851
vn 0.06319 -0.92334 -0.37874
vn 0.08303 -0.92046 -0.38191
vn 0.24373 -0.88313 -0.40084
vn 0.19266 -0.89792 -0.39575
vn 3E-05 -0.92986 -0.3679
vn -0.98145 -0.07056 0.17826
vn 0.98145 0.07056 -0.17826
vn 0.98145 0.07056 -0.17826
vn 0.97162 0.20105 -0.12459
vn 0.96391 0.24431 -0.10581
vn 0.94888 0.30573 -0.07852
vn 0.94522 0.31818 -0.07293
vn 0.98125 0.08924 -0.17083
vn 0.97643 0.1639 -0.14045
vn 0.97752 0.15299 -0.14507
vn 0.97964 0.1266 -0.15581
vn 0.87567 0.48286 0.00689
vn 0.89856 0.43859 -0.01489
vn 0.76664 0.63569 0.09034
vn 0.78556 0.61384 0.07807
vn 0.61611 0.76806 0.17461
vn 0.23366 0.91992 0.31488
vn 0.40011 0.87773 0.26364
vn 0.27356 0.91276 0.30337
vn 0.02441 0.93133 0.36335
vn 0.07335 0.93259 0.35341
vn -3E-05 0.92986 0.3679
vn 0.09044 0.9325 0.34967
vn 0.62346 0.76289 0.17116
vn 0.13869 0.9305 0.33901
vn 0.45524 0.85655 0.24306
vn -0.98145 -0.07056 0.17826
vn -0.98145 -0.07056 0.17826
vn 3E-05 -0.92986 -0.3679
vn 3E-05 -0.92986 -0.3679
vn -0 0.07093 -0.99748
vn -0 0.07093 -0.99748
vn -0 0.07093 -0.99748
vn -0 0.07093 -0.99748
vn -0 0.07093 -0.99748
vn -0 0.07093 -0.99748
vn -0 0.07093 -0.99748
vn -0 0.07093 -0.99748
vn -0 0.07093 -0.99748
vn -0 0.07093 -0.99748
vn -0 0.07093 -0.99748
vn -0 0.07093 -0.99748
vn 0 0.07093 -0.99748
vn -0 0.07093 -0.99748
vn -0 0.07092 -0.99748
vn -0 0.07091 -0.99748
vn -3E-05 0.92986 0.3679
vn 0 -0.15952 0.98719
vn 0 -0.15952 0.98719
vn 1E-05 -0.36791 0.92986
vn -3E-05 0.92986 0.36791
vn 3E-05 -0.92986 -0.3679
vn 3E-05 -0.92986 -0.3679
vn -3E-05 0.92986 0.3679
vn -3E-05 0.92986 0.3679
vn 1E-05 -0.3679 0.92986
vn 3E-05 -0.92986 -0.36791
vn 3E-05 -0.92986 -0.36791
vn 1E-05 -0.3679 0.92986
vn -3E-05 0.92987 0.3679
vn -0 0.07092 -0.99748
vn -0 0.07093 -0.99748
vn -0 0.07093 -0.99748
vn -0 0.07093 -0.99748
vn 0 0.07093 -0.99748
vn -0 0.07093 -0.99748
vn 3E-05 -0.92986 -0.36791
vn 2E-05 -0.92986 -0.3679
vn 3E-05 -0.92986 -0.36791
vn -0 0.07093 -0.99748
vn -0 0.07093 -0.99748
vn -2E-05 0.92986 0.3679
vn -0 0.07092 -0.99748
vn -1E-05 0.07093 -0.99748
vn -0 0.07093 -0.99748
vn -0 0.07093 -0.99748
vn 0 0.07093 -0.99748
vn -0 0.07093 -0.99748
vn -0 0.07093 -0.99748
vn -0 0.07092 -0.99748
vn 1E-05 0.07093 -0.99748
vn -0 0.07093 -0.99748
vn -0 0.07093 -0.99748
vn -0 0.07093 -0.99748
vn -0 0.07093 -0.99748
vn -0 0.07093 -0.99748
vn 0 -0.15952 0.98719
vn 0 -0.15952 0.98719
vn 1E-05 -0.15952 0.98719
vn 1E-05 -0.15952 0.98719
vn -2E-05 -0.15952 0.98719
vn 2E-05 -0.15952 0.98719
vn -0.98145 0.0705 -0.17826
vn 0 -0.15952 0.98719
vn -0.98145 0.0705 -0.17826
vn 0 -0.15952 0.98719
vn -3E-05 0.92986 0.3679
vn -0.25163 0.9169 0.30979
vn -0.0916 0.93234 0.34979
vn 0.98145 -0.0705 0.17826
vn -0.08317 0.93249 0.35148
vn 0.98145 -0.0705 0.17826
vn -3E-05 0.92986 0.3679
vn 3E-05 -0.92986 -0.3679
vn 3E-05 -0.92986 -0.3679
vn -0.98145 0.0705 -0.17826
vn -0.42859 0.86739 0.25287
vn -0.27696 0.91189 0.30291
vn -0.60204 0.7777 0.18094
vn -0.63019 0.75807 0.16788
vn -0.75113 0.65252 0.10009
vn -0.46063 0.85411 0.24148
vn -0.77356 0.62783 0.08622
vn -0.86599 0.49982 0.01556
vn -0.98145 0.07051 -0.17826
vn -0.97713 0.15723 -0.14317
vn -0.94804 0.30874 -0.07685
vn -0.94132 0.33078 -0.06712
vn -0.97786 0.1498 -0.14613
vn -0.88161 0.47197 0.00184
vn -3E-05 0.92986 0.3679
vn -0.08631 0.93253 0.35062
vn -0.02742 0.93147 0.36279
vn -0.08249 0.93258 0.35142
vn -0.13764 0.93057 0.33926
vn -0.26104 0.9152 0.30702
vn -0.20199 0.92447 0.32336
vn 0.98145 -0.0705 0.17826
vn 0.98145 -0.0705 0.17826
vn -2E-05 0.92986 0.36791
vn 3E-05 -0.92986 -0.3679
vn -0.66514 0.73155 0.14976
vn -0.79214 0.60593 0.0733
vn 3E-05 -0.92986 -0.3679
vn -0.29306 0.9085 0.29789
vn -0.55794 0.80505 0.20147
vn -0.44643 0.86024 0.24634
vn -0.42485 0.86875 0.2545
vn -0.78745 0.6116 0.07665
vn -0.62808 0.75973 0.1683
vn -0.98145 0.0705 -0.17826
vn -0.90292 0.42935 -0.01984
vn -0.91074 0.41198 -0.02864
vn -0.98145 0.0705 -0.17826
vn -0.95058 0.29972 -0.08101
vn -0.97382 0.18525 -0.13175
vn -0.96751 0.22562 -0.11412
vn -0.97582 0.16919 -0.13837
vn -0.97967 0.12622 -0.15594
vn -0.98126 0.08902 -0.17089
vn 0.98145 0.07056 -0.17826
vn 0.00012 -0.82909 -0.55912
vn -1E-05 -0.8291 -0.5591
vn -4E-05 -0.82912 -0.55907
vn 6E-05 -0.82908 -0.55912
vn 3E-05 -0.8291 -0.55911
vn 1E-05 -0.8291 -0.5591
vn 3E-05 -0.8291 -0.55911
vn 3E-05 -0.8291 -0.55911
vn 3E-05 -0.82909 -0.55911
vn -1E-05 -0.82911 -0.55909
vn 9E-05 -0.82911 -0.55909
vn 2E-05 -0.8291 -0.55911
vn 0 -0.82909 -0.55911
vn 0.98145 0.07056 -0.17826
vn 0.98145 0.07056 -0.17826
vn -1 -3E-05 -0
vn 1 2E-05 -0
vn 1 4E-05 0
vn 1 2E-05 -0
vn 1 3E-05 -0
vn 1 3E-05 0
vn 2E-05 -0.8291 -0.5591
vn 2E-05 -0.8291 -0.5591
vn 1 -0 -1E-05
vn -1 -3E-05 0
vn -1 -3E-05 0
vn -1 -3E-05 -0
vn 1 2E-05 -0
vn 1 2E-05 -0
vn -1 -3E-05 0
vn -1 -3E-05 -0
vn -1 -3E-05 -0
vn 1 4E-05 0
vn -1 -3E-05 -0
vn 1 3E-05 -0
vn 1 3E-05 0
vn -3E-05 0.92986 0.3679
vn -0.98145 -0.07055 0.17825
vn -2E-05 0.5591 -0.8291
vn -2E-05 0.5591 -0.8291
vn -0.98145 -0.07056 0.17826
vn 1 0.00026 -0.00025
vn 1 0.00012 -7E-05
vn 1 8E-05 -4E-05
vn 1 2E-05 1E-05
vn 1 4E-05 8E-05
vn 1 4E-05 -0
vn 0 0.82912 0.55908
vn 4E-05 0.82917 0.559
vn 5E-05 0.82918 0.55898
vn -2E-05 0.8291 0.55911
vn -3E-05 0.8291 0.5591
vn -2E-05 0.8291 0.55911
vn 1 2E-05 0
vn -2E-05 0.8291 0.55911
vn -2E-05 0.8291 0.55911
vn 2E-05 -0.5591 0.8291
vn -3E-05 0.92986 0.3679
vn -1E-05 0.3679 -0.92986
vn -1E-05 0.3679 -0.92986
vn -3E-05 0.92986 0.3679
vn 2E-05 -0.8291 -0.55911
vn -1 -3E-05 -0
vn 1 2E-05 -3E-05
vn 1 3E-05 -1E-05
vn 1 2E-05 -2E-05
vn 1 3E-05 -0
vn 1 2E-05 1E-05
vn 1 3E-05 -1E-05
vn 1 2E-05 2E-05
vn 1 3E-05 -0
vn 1 3E-05 -1E-05
vn 1 3E-05 1E-05
vn 1 4E-05 -3E-05
vn -2E-05 0.75564 0.65499
vn -2E-05 0.57697 0.81676
vn -3E-05 0.89046 0.45507
vn -0 0.13129 0.99134
vn -2E-05 0.57695 0.81678
vn -3E-05 0.75567 0.65495
vn -2E-05 0.89043 0.45511
vn -1E-05 0.36474 0.93111
vn -1 -3E-05 0
vn -1 -3E-05 -0
vn -1 -4E-05 2E-05
vn -1 -2E-05 -1E-05
vn -1 -3E-05 -0
vn -1 -5E-05 0
vn 1 4E-05 1E-05
vn 1 2E-05 -2E-05
vn 1 3E-05 0
vn 1 3E-05 1E-05
vn 1 2E-05 -1E-05
vn 1 5E-05 3E-05
vn 1 4E-05 1E-05
vn 1 0 -4E-05
vn 1 3E-05 1E-05
vn 1 3E-05 1E-05
vn 3E-05 -0.96829 0.24985
vn 1 3E-05 0
vn 3E-05 -0.9683 0.24981
vn 1E-05 -0.34446 0.9388
vn 1E-05 -0.55909 0.82911
vn 0 -0.10976 0.99396
vn 1E-05 -0.34445 0.9388
vn 0 -0.10975 0.99396
vn -0 0.13129 0.99134
vn 2E-05 -0.88037 0.47429
vn 2E-05 -0.55911 0.82909
vn 2E-05 -0.74128 0.67119
vn 2E-05 -0.88036 0.4743
vn 2E-05 -0.74125 0.67123
vn -1 -1E-05 -1E-05
vn -1 -2E-05 -1E-05
vn -1 -6E-05 -4E-05
vn -1 -4E-05 -2E-05
vn -1 -3E-05 0
vn -1 -3E-05 0
vn -1 -1E-05 2E-05
vn -1 -3E-05 -1E-05
vn -1 -2E-05 1E-05
vn -1 -3E-05 0
vn -1E-05 0.46764 0.88392
vn -2E-05 0.6311 0.7757
vn -2E-05 0.7703 0.63768
vn -1 -4E-05 2E-05
vn -1 -3E-05 1E-05
vn -1 -3E-05 1E-05
vn 3E-05 -0.87467 -0.48472
vn -1 -3E-05 1E-05
vn -1 -2E-05 -0
vn -1 -3E-05 -0
vn -1 -4E-05 -1E-05
vn -2E-05 0.8799 0.47515
vn -1 -3E-05 0
vn -1 -3E-05 -1E-05
vn 3E-05 -0.87467 -0.48472
vn 1 3E-05 1E-05
vn 1 3E-05 1E-05
vn 1 3E-05 -0
vn 1 4E-05 -3E-05
vn -3E-05 0.97348 0.22878
vn -3E-05 0.99994 -0.01087
vn -3E-05 0.9683 -0.24981
vn -3E-05 0.96829 -0.24984
vn -2E-05 0.88037 -0.47429
vn -2E-05 0.88036 -0.4743
vn -2E-05 0.74127 -0.6712
vn -2E-05 0.55909 -0.82911
vn -1E-05 0.55912 -0.82909
vn 1 2E-05 1E-05
vn 1 3E-05 0
vn 1 3E-05 -0
vn 1 3E-05 0
vn 1 3E-05 -0
vn 1 2E-05 2E-05
vn 1 2E-05 -0
vn 1 2E-05 -0
vn 1 1E-05 -0
vn 1 5E-05 0
vn 1 3E-05 0
vn 1 4E-05 0
vn 1 5E-05 0
vn 1 -1E-05 -1E-05
vn 1E-05 -0.34443 0.93881
vn 1E-05 -0.34445 0.9388
vn 0 -0.10977 0.99396
vn 0 -0.10977 0.99396
vn -0 0.13131 0.99134
vn -0 0.1313 0.99134
vn 1E-05 -0.55909 0.82911
vn -1E-05 0.36473 0.93112
vn 1 0 3E-05
vn 1 3E-05 -1E-05
vn 1 2E-05 0
vn 1 4E-05 -1E-05
vn 1 3E-05 -0
vn -1E-05 0.34444 -0.93881
vn -1E-05 0.34443 -0.93881
vn 0 -0.13131 -0.99134
vn -0 0.10977 -0.99396
vn -0 0.10977 -0.99396
vn 2E-05 -0.97348 -0.22876
vn 3E-05 -0.97348 -0.22878
vn 2E-05 -0.99994 0.01087
vn 3E-05 -0.99994 0.01081
vn 3E-05 -0.89043 -0.45511
vn 2E-05 -0.89045 -0.45508
vn 1E-05 -0.36472 -0.93112
vn 2E-05 -0.75567 -0.65495
vn 1E-05 -0.36473 -0.93112
vn 2E-05 -0.57695 -0.81678
vn 1E-05 -0.57697 -0.81676
vn 1 3E-05 -0
vn -2E-05 0.89045 0.45509
vn -2E-05 0.89045 0.45509
vn -2E-05 0.75566 0.65496
vn -2E-05 0.57695 0.81678
vn -2E-05 0.75566 0.65496
vn 1 4E-05 -2E-05
vn 1 4E-05 -2E-05
vn 1 3E-05 -0
vn 1 2E-05 3E-05
vn -1 -2E-05 -1E-05
vn -1 -1E-05 -2E-05
vn -1 -1E-05 -1E-05
vn -1 -3E-05 3E-05
vn -1 -2E-05 -1E-05
vn -1 -2E-05 -0
vn -1 -3E-05 0
vn -1 -3E-05 0
vn -1 -4E-05 1E-05
vn -1 -3E-05 0
vn 1 4E-05 -1E-05
vn 1 3E-05 -0
vn -2E-05 0.97348 0.22877
vn 1 3E-05 0
vn -2E-05 0.99994 -0.01084
vn 1 3E-05 0
vn -3E-05 0.99994 -0.01085
vn 1 2E-05 -1E-05
vn 1 3E-05 1E-05
vn -1 -3E-05 -0
vn -1 -4E-05 1E-05
vn -1 -3E-05 0
vn -1 -3E-05 0
vn -1 -2E-05 0
vn -1 -4E-05 -0
vn -1 -2E-05 0
vn -1 -2E-05 -0
vn -1 -5E-05 -0
vn -1 -3E-05 0
vn -1 -2E-05 1E-05
vn -1 -3E-05 -1E-05
vn -1 -2E-05 1E-05
vn -1 -3E-05 0
vn -1 -3E-05 2E-05
vn -1 -3E-05 -3E-05
vn -1 -3E-05 -1E-05
vn 3E-05 -0.94555 -0.32547
vn -3E-05 0.9557 0.29435
vn -1 -3E-05 0
vn -1 -3E-05 0
vn -1 -2E-05 -1E-05
vn -1 -3E-05 0
vn -1 -3E-05 -0
vn -1 -4E-05 1E-05
vn -1 -2E-05 -2E-05
vn 3E-05 -0.9877 -0.15633
vn -1 -3E-05 0
vn 3E-05 -0.99985 0.01756
vn 3E-05 -0.9877 -0.15633
vn -1 -3E-05 -0
vn -3E-05 0.99476 0.10225
vn -1 -3E-05 0
vn -1 -3E-05 -0
vn -0 0.13131 0.99134
vn -2E-05 0.57697 0.81676
vn -1E-05 0.36472 0.93112
vn -1E-05 0.57695 0.81678
vn -1E-05 0.36473 0.93112
vn 1E-05 -0.34444 0.93881
vn 0 -0.10977 0.99396
vn 1E-05 -0.55911 0.82909
vn 1E-05 -0.55912 0.82909
vn 2E-05 -0.74128 0.67119
vn 2E-05 -0.74125 0.67122
vn 2E-05 -0.99994 0.01087
vn 3E-05 -0.88036 0.4743
vn 3E-05 -0.88036 0.47431
vn 2E-05 -0.96828 0.24986
vn 3E-05 -0.9683 0.24979
vn 3E-05 -0.99994 0.01081
vn -1 -3E-05 0
vn -1 -3E-05 -1E-05
vn 1 4E-05 -4E-05
vn 1 3E-05 1E-05
vn 1 3E-05 -1E-05
vn 1 3E-05 -2E-05
vn 1 3E-05 -2E-05
vn 1 2E-05 4E-05
vn 1 3E-05 1E-05
vn 1 3E-05 1E-05
vn 1 3E-05 -2E-05
vn 1 2E-05 1E-05
vn 1 3E-05 -0
vn 1 3E-05 -1E-05
vn 1 4E-05 -0
vn 1 5E-05 -1E-05
vn 1 1E-05 1E-05
vn 1 6E-05 -1E-05
vn 1 3E-05 0
vn 1 3E-05 0
vn -2E-05 0.74128 -0.67119
vn -1E-05 0.34444 -0.93881
vn -1E-05 0.55911 -0.82909
vn -1E-05 0.34443 -0.93881
vn -0 0.10975 -0.99396
vn -0 0.10976 -0.99396
vn 2E-05 -0.57698 -0.81676
vn 1E-05 -0.36473 -0.93112
vn 1E-05 -0.36471 -0.93112
vn 0 -0.13129 -0.99134
vn 0 -0.13129 -0.99134
vn 2E-05 -0.57696 -0.81678
vn 2E-05 -0.97349 -0.22873
vn 3E-05 -0.97348 -0.22878
vn 2E-05 -0.89044 -0.4551
vn 2E-05 -0.75566 -0.65497
vn 2E-05 -0.75566 -0.65496
vn -1 -5E-05 1E-05
vn -1 -3E-05 -0
vn 1E-05 -0.29435 0.9557
vn -1 -3E-05 -0
vn -1 -1E-05 -1E-05
vn -1 -4E-05 0
vn -1 1E-05 -0
vn -1 -4E-05 -0
vn -1 -3E-05 -0
vn -1 -3E-05 -0
vn -3E-05 0.89046 0.45506
vn -3E-05 0.97348 0.22878
vn -2E-05 0.89044 0.4551
vn -2E-05 0.75566 0.65496
vn -2E-05 0.75567 0.65495
vn 0 -0.10977 0.99396
vn -0 0.13131 0.99134
vn 2E-05 -0.74129 0.67118
vn 0 -0.10977 0.99396
vn 2E-05 -0.74127 0.6712
vn 1E-05 -0.34443 0.93881
vn 1E-05 -0.34444 0.93881
vn 3E-05 -0.9683 0.24978
vn 2E-05 -0.96828 0.24986
vn 3E-05 -0.88035 0.47432
vn -3E-05 0.99994 -0.01087
vn -2E-05 0.74129 -0.67118
vn -3E-05 0.99994 -0.01081
vn -2E-05 0.88036 -0.4743
vn -3E-05 0.96828 -0.24986
vn -2E-05 0.55909 -0.82911
vn -1E-05 0.55911 -0.82909
vn 2E-05 -0.97349 -0.22875
vn 2E-05 -0.99994 0.01087
vn 2E-05 -0.57696 -0.81678
vn 1E-05 -0.57698 -0.81676
vn 2E-05 -0.75566 -0.65496
vn 2E-05 -0.89046 -0.45506
vn 3E-05 -0.89044 -0.4551
vn 3E-05 -0.75562 -0.65501
vn -1 -3E-05 0
vn -1 -3E-05 -0
vn -1 -2E-05 -1E-05
vn -1 -2E-05 -4E-05
vn -1 -3E-05 -1E-05
vn -1 -3E-05 2E-05
vn -1 -3E-05 2E-05
vn -1 -2E-05 -0
vn -1 -1E-05 1E-05
vn -1 -3E-05 -0
vn -1 -5E-05 -1E-05
vn -0 0.09378 0.99559
vn -1 -3E-05 -0
vn -1 -4E-05 0
vn -1 -3E-05 0
vn -1 -2E-05 0
vn -2E-05 0.75567 0.65495
vn -1 -2E-05 -1E-05
vn -1 -1E-05 -2E-05
vn -1 -3E-05 0
vn -1E-05 0.28621 0.95817
vn -2E-05 0.99994 -0.01087
vn -3E-05 0.97348 0.22876
vn -2E-05 0.89043 0.45512
vn -2E-05 0.97348 0.22878
vn -2E-05 0.9683 -0.24979
vn -3E-05 0.88036 -0.47431
vn -3E-05 0.88036 -0.4743
vn -2E-05 0.74126 -0.67121
vn -3E-05 0.96828 -0.24986
vn -1 -0 -1E-05
vn -1 -4E-05 0
vn -1 -3E-05 0
vn 0 -0.10225 0.99476
vn 1 -2E-05 1E-05
vn 1 5E-05 -1E-05
vn 1 3E-05 0
vn 1 2E-05 0
vn 1 5E-05 1E-05
vn 1 -0 0
vn -0 0.1313 0.99134
vn -1E-05 0.36473 0.93111
vn -1 -2E-05 0
vn -1 -2E-05 0
vn -1 -0 0
vn -1 -3E-05 0
vn -1 -4E-05 0
vn -1 -2E-05 0
vn -0 0.1313 0.99134
vn 0 -0.10976 0.99396
vn 1E-05 -0.34444 0.93881
vn 1 4E-05 1E-05
vn 1 5E-05 1E-05
vn 1 4E-05 1E-05
vn 1 -0 -2E-05
vn 1 2E-05 -1E-05
vn 1 4E-05 0
vn 1 3E-05 0
vn 1 3E-05 1E-05
vn 1 3E-05 -1E-05
vn 1 3E-05 -0
vn 1 3E-05 -1E-05
vn 1 1E-05 1E-05
vn -1E-05 0.34445 -0.93881
vn 0 -0.13131 -0.99134
vn 1E-05 -0.36473 -0.93112
vn 1E-05 -0.36473 -0.93112
vn 0 -0.1313 -0.99134
vn -1 -3E-05 -0
vn 1 3E-05 0
vn 1 3E-05 0
vn -1 -3E-05 -0
vn 2E-05 -0.74128 0.67119
vn 1E-05 -0.5591 0.8291
vn 2E-05 -0.55911 0.82909
vn -1 -2E-05 1E-05
vn -1 -1E-05 1E-05
vn -1 -5E-05 -1E-05
vn -1 0 2E-05
vn -1 -1E-05 0
vn -1 -4E-05 -1E-05
vn -1 -3E-05 -0
vn -1 -2E-05 0
vn 2E-05 -0.74127 0.6712
vn 1 2E-05 6E-05
vn 1 3E-05 0
vn 1 2E-05 -2E-05
vn 1 3E-05 4E-05
vn 1 3E-05 -2E-05
vn 3E-05 -0.88036 0.4743
vn 2E-05 -0.88036 0.47431
vn 2E-05 -0.96829 0.24984
vn 1 1E-05 -3E-05
vn 3E-05 -0.96829 0.24982
vn 1 3E-05 0
vn 3E-05 -0.99994 0.01084
vn 2E-05 -0.99994 0.01085
vn 1 3E-05 -0
vn 1 3E-05 1E-05
vn 1 3E-05 0
vn 1 2E-05 -2E-05
vn 1 3E-05 -0
vn 1 3E-05 -0
vn 1 2E-05 -2E-05
vn 1 3E-05 1E-05
vn 1 3E-05 -2E-05
vn -3E-05 0.99994 -0.01081
vn -3E-05 0.89046 0.45507
vn -3E-05 0.99994 -0.01087
vn -2E-05 0.89043 0.45512
vn -2E-05 0.75566 0.65496
vn -1E-05 0.34445 -0.9388
vn -2E-05 0.5591 -0.8291
vn -2E-05 0.88036 -0.47431
vn -1E-05 0.55913 -0.82908
vn -2E-05 0.74127 -0.6712
vn -2E-05 0.88036 -0.4743
vn -2E-05 0.74125 -0.67123
vn -0 0.10975 -0.99396
vn 0 -0.13129 -0.99134
vn 1 4E-05 -1E-05
vn 1 2E-05 1E-05
vn 1 3E-05 0
vn 1 2E-05 -0
vn 1 4E-05 2E-05
vn 1 2E-05 -0
vn 1 3E-05 0
vn 1 3E-05 0
vn 1 3E-05 0
vn 1 3E-05 0
vn 1 3E-05 -1E-05
vn 1 3E-05 -1E-05
vn 1 3E-05 1E-05
vn 1 3E-05 -2E-05
vn 1 2E-05 -3E-05
vn 1 3E-05 4E-05
vn 1 3E-05 1E-05
vn 3E-05 -0.99994 0.01087
vn 3E-05 -0.99994 0.01081
vn 2E-05 -0.74128 0.67119
vn 2E-05 -0.88036 0.4743
vn 3E-05 -0.75563 -0.655
vn 3E-05 -0.97349 -0.22873
vn 2E-05 -0.89046 -0.45506
vn 3E-05 -0.89044 -0.4551
vn 3E-05 -0.97348 -0.22876
vn -3E-05 0.96829 -0.24984
vn -2E-05 0.74127 -0.67121
vn -2E-05 0.74128 -0.6712
vn -3E-05 0.88036 -0.47431
vn -3E-05 0.96829 -0.24983
vn -2E-05 0.88036 -0.4743
vn -1 -3E-05 2E-05
vn -1 -3E-05 -1E-05
vn -1 -3E-05 -2E-05
vn -1 -3E-05 -1E-05
vn -1 -3E-05 -0
vn -1 -3E-05 1E-05
vn -1 -2E-05 0
vn -1 -3E-05 -1E-05
vn 1 1E-05 2E-05
vn 1 4E-05 -1E-05
vn 1 1E-05 1E-05
vn 1 6E-05 -2E-05
vn 1 3E-05 -0
vn 1 3E-05 -0
vn 1 3E-05 -0
vn 1 1E-05 -1E-05
vn 1 2E-05 -1E-05
vn 1 5E-05 1E-05
vn 1 3E-05 0
vn 1 4E-05 1E-05
vn 1 4E-05 0
vn 1 2E-05 -0
vn -1E-05 0.36474 0.93111
vn 0 -0.10975 0.99396
vn 0 -0.10976 0.99396
vn 2E-05 -0.88037 0.47429
vn 2E-05 -0.74127 0.6712
vn 1E-05 -0.34444 0.93881
vn 1E-05 -0.34447 0.9388
vn 2E-05 -0.55911 0.82909
vn -1 -3E-05 0
vn -1 -4E-05 1E-05
vn -1 -1E-05 -1E-05
vn -1 -3E-05 0
vn -1 -1E-05 -1E-05
vn -1 -3E-05 -0
vn -1 -4E-05 1E-05
vn -2E-05 0.75564 0.65498
vn -1 -3E-05 2E-05
vn -2E-05 0.89043 0.45511
vn -1 -3E-05 0
vn -1 -3E-05 0
vn -1 -4E-05 -0
vn -1 -2E-05 0
vn -1 -2E-05 0
vn -1 -3E-05 -1E-05
vn -1 -3E-05 0
vn -1 -3E-05 2E-05
vn -1 -3E-05 -0
vn -1 -3E-05 -1E-05
vn 3E-05 -0.98161 0.19091
vn 3E-05 -0.98161 0.19092
vn -1 -3E-05 -0
vn -1 -3E-05 0
vn -3E-05 0.99559 -0.09378
vn -1 -2E-05 1E-05
vn -1 -3E-05 0
vn -1 -3E-05 -0
vn -1 -3E-05 -0
vn -1 -2E-05 1E-05
vn -1 -4E-05 -1E-05
vn -2E-05 0.88392 -0.46764
vn 3E-05 -0.93354 0.35847
vn -3E-05 0.95817 -0.28621
vn -3E-05 0.95817 -0.28621
vn -1 -4E-05 0
vn -1 -3E-05 -0
vn 3E-05 -0.93354 0.35847
vn -1 -3E-05 0
vn -3E-05 0.88392 -0.46764
vn 1 2E-05 -2E-05
vn 1 3E-05 1E-05
vn 1 6E-05 2E-05
vn 1 3E-05 1E-05
vn 1 3E-05 -0
vn 1 2E-05 -0
vn 1 3E-05 0
vn 1 3E-05 -1E-05
vn 1 3E-05 -0
vn -1 -3E-05 -0
vn -1 -2E-05 2E-05
vn -1 -3E-05 0
vn -1 -3E-05 0
vn -1 -3E-05 -4E-05
vn -1 -3E-05 -1E-05
vn -3E-05 0.97349 0.22873
vn -3E-05 0.97348 0.22878
vn -1E-05 0.34444 -0.93881
vn -2E-05 0.55909 -0.8291
vn -1E-05 0.34445 -0.9388
vn 3E-05 -0.9683 0.24981
vn 2E-05 -0.97348 -0.22878
vn 3E-05 -0.75566 -0.65496
vn 1E-05 -0.36473 -0.93111
vn 1E-05 -0.36474 -0.93111
vn 3E-05 -0.89046 -0.45507
vn 2E-05 -0.89043 -0.45511
vn 2E-05 -0.57695 -0.81678
vn 2E-05 -0.57697 -0.81676
vn -1 -5E-05 -1E-05
vn -1 -3E-05 0
vn -1 -2E-05 1E-05
vn -1 -1E-05 1E-05
vn 1 0 1E-05
vn 1 4E-05 -0
vn 1 3E-05 0
vn 1 2E-05 -0
vn 1 4E-05 0
vn 1 3E-05 -0
vn -1E-05 0.47515 -0.87991
vn 1E-05 -0.48472 0.87467
vn -1 -3E-05 0
vn -1 -4E-05 0
vn -1 -3E-05 0
vn 1E-05 -0.32547 0.94555
vn 1E-05 -0.48472 0.87467
vn 2E-05 -0.75464 0.65614
vn 2E-05 -0.62924 0.77721
vn -2E-05 0.7757 -0.6311
vn 2E-05 -0.75464 0.65614
vn 2E-05 -0.85711 0.51513
vn 3E-05 -0.85711 0.51513
vn -1 -3E-05 -0
vn -1 -3E-05 -0
vn -1 -3E-05 -0
vn -1E-05 0.47515 -0.87991
vn -1 -3E-05 -0
vn -2E-05 0.63768 -0.7703
vn -2E-05 0.63768 -0.7703
vn -1 -3E-05 -0
vn -1 -3E-05 -0
vn 1 3E-05 0
vn 1 3E-05 0
vn 1 5E-05 -1E-05
vn 1 3E-05 -0
vn 1 3E-05 0
vn -0 0.10976 -0.99396
vn 1 2E-05 0
vn 0 -0.1313 -0.99134
vn 1 2E-05 0
vn 1 5E-05 -1E-05
vn 1 -1E-05 0
vn 0 -0.1313 -0.99134
vn 1 3E-05 -0
vn 1 3E-05 -0
vn -0 0.13129 0.99134
vn 1 0 1E-05
vn -1E-05 0.5591 -0.8291
vn -1E-05 0.34444 -0.93881
vn -1 -3E-05 0
vn -1 -1E-05 3E-05
vn -1 -3E-05 -0
vn -1 -4E-05 -1E-05
vn -1 -3E-05 0
vn -1 -5E-05 -1E-05
vn -1 -4E-05 0
vn -1 -2E-05 -0
vn -1 -1E-05 -1E-05
vn -1 -3E-05 0
vn -0 0.10976 -0.99396
vn -1 -1E-05 -1E-05
vn -1 -4E-05 0
vn 1 3E-05 0
vn 1 2E-05 -0
vn 1 -1E-05 2E-05
vn 1 4E-05 -1E-05
vn 1 4E-05 -1E-05
vn 1 2E-05 1E-05
vn 1 3E-05 1E-05
vn 1 3E-05 -1E-05
vn 1 3E-05 -1E-05
vn 1 2E-05 1E-05
vn 3E-05 -0.97348 -0.22877
vn 3E-05 -0.97348 -0.22876
vn 2E-05 -0.89044 -0.45509
vn 3E-05 -0.89044 -0.4551
vn -1 -1E-05 -5E-05
vn -1 -3E-05 -1E-05
vn -1 -3E-05 1E-05
vn 2E-05 -0.57696 -0.81677
vn -1 -4E-05 1E-05
vn -1 -3E-05 -1E-05
vn 2E-05 -0.75566 -0.65496
vn 2E-05 -0.75566 -0.65496
vn 1 3E-05 1E-05
vn 1 3E-05 1E-05
vn 1 3E-05 -0
vn 1 1E-05 -3E-05
vn 1 3E-05 1E-05
vn 1 3E-05 0
vn 1 7E-05 0
vn 1 4E-05 -2E-05
vn 1 3E-05 0
vn 1 0 -4E-05
vn 1 7E-05 6E-05
vn 1 4E-05 1E-05
vn 1 1E-05 -3E-05
vn -1 -2E-05 0
vn -1 -2E-05 0
vn 1E-05 -0.36473 -0.93111
vn 1E-05 -0.36473 -0.93111
vn -1 -4E-05 0
vn -1 -7E-05 -0
vn -1 -2E-05 0
vn -1 -3E-05 -1E-05
vn -1 -3E-05 -0
vn -1 -2E-05 1E-05
vn -1 -2E-05 2E-05
vn -1 -3E-05 -0
vn -1 -1E-05 3E-05
vn -1 -3E-05 0
vn -1 -2E-05 -1E-05
vn 1 3E-05 -2E-05
vn 1 2E-05 1E-05
vn 1 3E-05 1E-05
vn 1 3E-05 -2E-05
vn -1E-05 0.36473 0.93111
vn -2E-05 0.57698 0.81676
vn -2E-05 0.89046 0.45507
vn -3E-05 0.99994 -0.01088
vn -3E-05 0.89043 0.45511
vn -2E-05 0.99994 -0.01081
vn -1E-05 0.34446 -0.9388
vn -1E-05 0.34447 -0.9388
vn -1E-05 0.5591 -0.8291
vn -2E-05 0.74125 -0.67123
vn 1 8E-05 -0
vn 1 5E-05 1E-05
vn 1 -2E-05 -2E-05
vn 1 2E-05 -0
vn 1 -1E-05 -0
vn 1 3E-05 0
vn 1 3E-05 1E-05
vn 1 3E-05 0
vn -1 -2E-05 1E-05
vn -1 -3E-05 0
vn -1 -4E-05 -0
vn 1 3E-05 0
vn -1 -2E-05 0
vn -0 0.01756 0.99985
vn -1 -3E-05 -1E-05
vn 2E-05 -0.74127 0.6712
vn 2E-05 -0.74127 0.67121
vn 2E-05 -0.55913 0.82908
vn 1E-05 -0.55909 0.8291
vn 1E-05 -0.34444 0.93881
vn 3E-05 -0.97348 -0.22878
vn 3E-05 -0.99994 0.01087
vn 1 2E-05 0
vn 2E-05 -0.75567 -0.65495
vn 3E-05 -0.75564 -0.65498
vn 1E-05 -0.36474 -0.93111
vn 0 -0.13129 -0.99134
vn 0 -0.13129 -0.99134
vn -1 -3E-05 0
vn 1 3E-05 -0
vn -1 -3E-05 -0
vn -1 -4E-05 2E-05
vn -1 -2E-05 -1E-05
vn -1 -5E-05 3E-05
vn 1 3E-05 -0
vn -1 1E-05 -3E-05
vn 1 3E-05 -0
vn 1 4E-05 -0
vn 1 3E-05 0
vn 1 3E-05 0
vn 1 4E-05 -2E-05
vn 1 3E-05 -0
vn -1 -5E-05 1E-05
vn -1 -1E-05 -0
vn -1 -3E-05 -0
vn -1 -3E-05 0
vn 1E-05 -0.28621 -0.95817
vn -1E-05 0.19091 0.98161
vn -0 0.01756 0.99985
vn -1E-05 0.35847 0.93354
vn 0 -0.09378 -0.99559
vn -1 -3E-05 -1E-05
vn -1 -3E-05 2E-05
vn -1 -3E-05 -1E-05
vn -1 -3E-05 2E-05
vn -1 -3E-05 -0
vn -1 -1E-05 -1E-05
vn -1 -1E-05 -1E-05
vn -1 -3E-05 -0
vn -1 -3E-05 0
vn -0 0.10225 -0.99476
vn 0 -0.15633 0.98771
vn -1E-05 0.29436 -0.9557
vn 0 -0.15633 0.98771
vn 1E-05 -0.32547 0.94555
vn -1 -3E-05 0
vn -1 -3E-05 0
vn -1 -2E-05 -0
vn -1 -2E-05 -0
vn -1 -3E-05 0
vn -1 -3E-05 0
vn -1 -3E-05 -0
vn -1 -3E-05 -0
vn -1 -3E-05 0
vn -1 -7E-05 -3E-05
vn 2E-05 -0.63768 0.7703
vn 1E-05 -0.47515 0.87991
vn -1 -1E-05 1E-05
vn -1 1E-05 2E-05
vn -1 -3E-05 0
vn -1 -3E-05 -1E-05
vn -1 -3E-05 0
vn -1 -4E-05 -1E-05
vn 2E-05 -0.7757 0.6311
vn -1 -3E-05 0
vn -1 -3E-05 2E-05
vn -1 -3E-05 -1E-05
vn 1 2E-05 1E-05
vn 1 3E-05 -0
vn 1 2E-05 1E-05
vn 1 8E-05 -4E-05
vn 1 1E-05 1E-05
vn 1 2E-05 0
vn 1 1E-05 1E-05
vn 1 4E-05 -1E-05
vn 1 -4E-05 4E-05
vn 1 -2E-05 3E-05
vn -1 -4E-05 1E-05
vn -1 -6E-05 2E-05
vn -1 -1E-05 -1E-05
vn -1 -3E-05 0
vn -1 -1E-05 -1E-05
vn -1 -3E-05 0
vn -1 -3E-05 -0
vn -1 -3E-05 -0
vn -0 0.13131 0.99134
vn -2E-05 0.75565 0.65497
vn -1E-05 0.36471 0.93112
vn -2E-05 0.89043 0.45511
vn -2E-05 0.97349 0.22873
vn -2E-05 0.99994 -0.01081
vn -3E-05 0.97348 0.22878
vn -3E-05 0.99994 -0.01087
vn 2E-05 -0.74126 0.67122
vn 1E-05 -0.34443 0.93881
vn 1E-05 -0.55911 0.82909
vn 3E-05 -0.9683 0.24981
vn 3E-05 -0.96828 0.24986
vn 3E-05 -0.88037 0.47429
vn -1 -3E-05 -1E-05
vn -1 -2E-05 2E-05
vn -1 -3E-05 1E-05
vn -1 -3E-05 1E-05
vn -1 -3E-05 -1E-05
vn 2E-05 -0.88392 0.46764
vn -1 -5E-05 -1E-05
vn -1 -3E-05 0
vn 2E-05 -0.88392 0.46764
vn -1 -3E-05 -1E-05
vn -1 -1E-05 2E-05
vn -1 -3E-05 -0
vn -1 -3E-05 -1E-05
vn -1 -4E-05 -1E-05
vn 3E-05 -0.95817 0.28621
vn -1 -3E-05 -0
vn -1 -2E-05 0
vn 1 4E-05 2E-05
vn 1 0 -4E-05
vn 1 3E-05 -0
vn 1 4E-05 1E-05
vn 1 6E-05 4E-05
vn 1 3E-05 1E-05
vn 1 0 -3E-05
vn -1 -3E-05 0
vn -1 -3E-05 0
vn -1 -3E-05 0
vn -1 -3E-05 -0
vn -1 -3E-05 -0
vn 1 3E-05 -0
vn -2E-05 0.8291 0.5591
vn -2E-05 0.8291 0.5591
vn -1 -3E-05 -0
vn -1 -3E-05 0
vn -1E-05 0.34446 -0.9388
vn -2E-05 0.74126 -0.67122
vn -2E-05 0.74127 -0.67121
vn -1E-05 0.34444 -0.93881
vn -3E-05 0.88037 -0.47429
vn -0 0.10975 -0.99396
vn -0 0.10976 -0.99396
vn 2E-05 -0.89043 -0.45511
vn 1E-05 -0.36473 -0.93112
vn 0 -0.13129 -0.99134
vn 1 8E-05 1E-05
vn 1 -0 -1E-05
vn 1 2E-05 -0
vn 1 8E-05 1E-05
vn 1 4E-05 0
vn 1 4E-05 0
vn 1 3E-05 0
vn 1 -2E-05 -1E-05
vn 1 -0 -1E-05
vn 1 4E-05 0
vn -1 -2E-05 3E-05
vn -1 -2E-05 0
vn -2E-05 0.9683 -0.24981
vn -1 -5E-05 -5E-05
vn -3E-05 0.96828 -0.24986
vn -1 -3E-05 -1E-05
vn -1 -2E-05 -1E-05
vn -1 -2E-05 3E-05
vn -1 -2E-05 0
vn -1 -2E-05 0
vn -1 -1E-05 1E-05
vn -1 -2E-05 -0
vn -1 -4E-05 -0
vn -1 -2E-05 -0
vn -1 -3E-05 -0
vn 1 3E-05 0
vn 1 3E-05 -0
vn 1 6E-05 -1E-05
vn 1 1E-05 0
vn -0 0.1313 0.99134
vn 0 -0.10977 0.99396
vn -1E-05 0.36473 0.93112
vn -1 -4E-05 1E-05
vn -1 -2E-05 -0
vn -1 -3E-05 1E-05
vn -1 -3E-05 1E-05
vn -1E-05 0.57696 0.81678
vn 1E-05 -0.55909 0.82911
vn -2E-05 0.75565 0.65498
vn 2E-05 -0.55911 0.82909
vn -2E-05 0.75566 0.65496
vn -1 -3E-05 1E-05
vn -1 -3E-05 0
vn -1 -2E-05 0
vn -1 -2E-05 -0
vn -1 -3E-05 2E-05
vn -1 -3E-05 0
vn -1 -3E-05 1E-05
vn -1 -2E-05 0
vn 3E-05 -0.99559 0.09378
vn 3E-05 -0.99559 0.09378
vn 3E-05 -0.99476 -0.10225
vn -1 -4E-05 -0
vn -1 -3E-05 -2E-05
vn -1 -3E-05 -1E-05
vn -1 -3E-05 -1E-05
vn -1 -3E-05 -0
vn -1 -3E-05 -1E-05
vn 3E-05 -0.9557 -0.29436
vn 3E-05 -0.9557 -0.29435
vn 1 7E-05 -4E-05
vn 1 2E-05 1E-05
vn 1 2E-05 0
vn 1 2E-05 1E-05
vn 1 5E-05 -3E-05
vn 1 1E-05 1E-05
vn 1 -2E-05 3E-05
vn 1 4E-05 -1E-05
vn 1 3E-05 0
vn 1 5E-05 -1E-05
vn 1 3E-05 -0
vn -1E-05 0.34445 -0.93881
vn -0 0.10977 -0.99396
vn -1E-05 0.34443 -0.93881
vn -0 0.10977 -0.99396
vn -2E-05 0.5591 -0.8291
vn -2E-05 0.74127 -0.6712
vn 1E-05 -0.36471 -0.93112
vn 2E-05 -0.75566 -0.65496
vn 3E-05 -0.75564 -0.65499
vn -1 -2E-05 -1E-05
vn -1 -4E-05 1E-05
vn -1 -3E-05 0
vn -1 -2E-05 -0
vn -1 -2E-05 -0
vn 3E-05 -0.87991 -0.47515
vn 2E-05 -0.87991 -0.47514
vn -1 -4E-05 2E-05
vn -1 -3E-05 0
vn -1 -3E-05 1E-05
vn -1 -3E-05 0
vn -1 -2E-05 -0
vn -2E-05 0.77721 0.62924
vn -2E-05 0.77721 0.62924
vn -1 -3E-05 0
vn 2E-05 -0.7703 -0.63768
vn -1E-05 0.51513 0.85711
vn -2E-05 0.65614 0.75464
vn -2E-05 0.65614 0.75464
vn -1 -2E-05 -0
vn -1 -3E-05 1E-05
vn -1 -3E-05 1E-05
vn -1 -3E-05 0
vn 1E-05 -0.46764 -0.88392
vn -1E-05 0.35847 0.93354
vn -1 -3E-05 -0
vn -1 -3E-05 -1E-05
vn -1E-05 0.51513 0.85711
vn -1 -2E-05 0
vn -1 -3E-05 -0
vn -1 -3E-05 -0
vn 2E-05 -0.6311 -0.7757
vn 2E-05 -0.6311 -0.7757
vn 3E-05 -0.92987 -0.3679
vn 3E-05 -0.92986 -0.3679
vn 2E-05 -0.8291 -0.5591
vn 2E-05 -0.5591 0.8291
vn 0.98146 -0.0705 0.17825
vn 0.98145 -0.0705 0.17826
vn -2E-05 0.5591 -0.8291
vn -2E-05 0.5591 -0.8291
vn -2E-05 0.82908 0.55913
vn -1E-05 0.82907 0.55915
vn -2E-05 0.8291 0.55911
vn -2E-05 0.8291 0.55911
vn -4E-05 0.82912 0.55908
vn -4E-05 0.82911 0.55909
vn -2E-05 0.8291 0.5591
vn -2E-05 0.8291 0.55911
vn 2E-05 -0.8291 -0.5591
vn 2E-05 -0.8291 -0.5591
vn 2E-05 -0.8291 -0.5591
vn 1 3E-05 0
vn 1 2E-05 -0
vn -1 -3E-05 -0
vn 1 3E-05 -0
vn 1 3E-05 -0
vn 1 3E-05 0
vn 1 3E-05 -0
vn -1 -3E-05 -0
vn -1 -5E-05 -0
vn 1 3E-05 0
vn -1 -3E-05 -0
vn -1 -5E-05 -1E-05
vn -1 -1E-05 1E-05
vn -1 -2E-05 0
vn -1 -0 0
vn -1 -2E-05 0
vn -0.98145 0.0705 -0.17826
vn -0.98145 0.0705 -0.17826
vn -1E-05 0.5591 -0.8291
vn -1E-05 0.5591 -0.8291
vn -1E-05 0.5591 -0.8291
vn -2E-05 0.5591 -0.8291
vn -2E-05 0.5591 -0.8291
vn 3E-05 0.55911 -0.8291
vn -2E-05 0.5591 -0.8291
vn -1E-05 0.5591 -0.8291
vn -0.98145 0.0705 -0.17826
vn -1 -0.00015 0.00018
vn -1 -3E-05 0
vn 1 3E-05 -0
vn -1 -2E-05 1E-05
vn -1 -3E-05 -0
vn -1 -2E-05 0
vn -1 -3E-05 -1E-05
vn -1 -3E-05 0
vn -1 -2E-05 -0
vn -1 -9E-05 6E-05
vn -1 3E-05 -8E-05
vn 1 3E-05 -0
vn -2E-05 0.7703 0.63768
vn 1 2E-05 -0
vn 1 2E-05 -0
vn 1 3E-05 -0
vn 1 3E-05 -0
vn 1 3E-05 0
vn -2E-05 0.87991 0.47514
vn 1 -1E-05 0
vn -2E-05 0.6311 0.7757
vn -1E-05 0.46764 0.88392
vn -1E-05 0.46764 0.88392
vn 1 5E-05 -1E-05
vn 1 3E-05 0
vn 1 4E-05 -1E-05
vn 1 3E-05 -0
vn 1 3E-05 0
vn 1 2E-05 1E-05
vn 1 3E-05 -0
vn 1 2E-05 2E-05
vn 1 3E-05 -1E-05
vn -2E-05 0.57695 0.81678
vn -2E-05 0.57697 0.81676
vn 1E-05 -0.55912 0.82909
vn -0 0.13129 0.99134
vn -0 0.13129 0.99134
vn 2E-05 -0.55909 0.82911
vn -1 -3E-05 0
vn -1 -3E-05 1E-05
vn -1 -2E-05 -3E-05
vn -1 -3E-05 0
vn -1 -4E-05 2E-05
vn -1 -3E-05 0
vn -1 -3E-05 -1E-05
vn 3E-05 -0.94555 -0.32547
vn 3E-05 -0.9877 -0.15633
vn 3E-05 -0.9877 -0.15633
vn -3E-05 0.95569 0.29436
vn 1 3E-05 0
vn 1 3E-05 0
vn 1 3E-05 -0
vn -3E-05 0.9557 0.29436
vn 3E-05 -0.99985 0.01757
vn 3E-05 -0.99985 0.01756
vn 1 3E-05 -0
vn -3E-05 0.99476 0.10225
vn 1 3E-05 0
vn 1 3E-05 0
vn 1 3E-05 -2E-05
vn 1 3E-05 -0
vn 1 3E-05 -1E-05
vn 1 1E-05 2E-05
vn 1 3E-05 -2E-05
vn 1 3E-05 -0
vn 1 3E-05 0
vn 1 3E-05 1E-05
vn 1 2E-05 -1E-05
vn 0 -0.13131 -0.99134
vn 0 -0.13131 -0.99134
vn 1E-05 -0.36471 -0.93112
vn -2E-05 0.96828 -0.24986
vn -1 -3E-05 -1E-05
vn -1 -3E-05 -0
vn -1 -3E-05 -1E-05
vn -1 -3E-05 -0
vn 1 3E-05 0
vn -0 0.1313 0.99134
vn 1E-05 -0.34445 0.9388
vn 2E-05 -0.55909 0.82911
vn 1E-05 -0.34443 0.93881
vn -1 -2E-05 -2E-05
vn -1 -2E-05 -1E-05
vn -1 -3E-05 1E-05
vn -1 -3E-05 -1E-05
vn -1 -3E-05 0
vn -1 -3E-05 0
vn -1 -3E-05 -0
vn -1 -2E-05 0
vn -1 -2E-05 0
vn -1E-05 0.28621 0.95817
vn 1 3E-05 0
vn 1 2E-05 -0
vn 1 3E-05 0
vn -1E-05 0.28621 0.95817
vn -0 0.09378 0.99559
vn -0 0.09378 0.99559
vn 1 3E-05 0
vn 1 4E-05 -0
vn 1E-05 -0.29435 0.9557
vn 0 -0.10225 0.99476
vn 1E-05 -0.29436 0.9557
vn 1 4E-05 -1E-05
vn 1 3E-05 -0
vn 1 3E-05 -0
vn 1 2E-05 0
vn 1 4E-05 1E-05
vn 0 -0.10225 0.99476
vn 1 2E-05 -0
vn 1 3E-05 0
vn 1 3E-05 0
vn 1 2E-05 1E-05
vn 1 3E-05 -2E-05
vn 1 3E-05 -2E-05
vn 1 3E-05 -0
vn 1 3E-05 0
vn 1 4E-05 -1E-05
vn 1 3E-05 -0
vn 1 2E-05 1E-05
vn 1 4E-05 -1E-05
vn 1 3E-05 1E-05
vn 1 4E-05 -0
vn 1 0 0
vn 1 2E-05 1E-05
vn -1E-05 0.36472 0.93112
vn -2E-05 0.57695 0.81678
vn -2E-05 0.89044 0.4551
vn -2E-05 0.89043 0.45512
vn -1E-05 0.57697 0.81676
vn -1E-05 0.36473 0.93112
vn 1 3E-05 0
vn 1 2E-05 -1E-05
vn 1 3E-05 0
vn -2E-05 0.74128 -0.67119
vn -2E-05 0.74125 -0.67122
vn -1 -4E-05 -5E-05
vn -1 -3E-05 1E-05
vn -1 -3E-05 -1E-05
vn -1 -3E-05 -0
vn -1 -3E-05 -0
vn -1 -4E-05 -2E-05
vn -1 -1E-05 3E-05
vn -1 -4E-05 -1E-05
vn -1 -2E-05 1E-05
vn -1 -3E-05 0
vn -0 0.1313 0.99134
vn 0 -0.10977 0.99396
vn 0 -0.10977 0.99396
vn -0 0.13131 0.99134
vn 2E-05 -0.88034 0.47435
vn 2E-05 -0.99994 0.01081
vn 3E-05 -0.97349 -0.22873
vn 3E-05 -0.96828 0.24986
vn 3E-05 -0.99994 0.01087
vn 3E-05 -0.97348 -0.22876
vn 2E-05 -0.9683 0.24979
vn 2E-05 -0.89043 -0.45512
vn 1E-05 -0.57696 -0.81678
vn -1 -4E-05 0
vn -1 -4E-05 0
vn -1 -1E-05 -1E-05
vn -1 -2E-05 -3E-05
vn -1 -2E-05 -6E-05
vn -1 -3E-05 -1E-05
vn -1 -3E-05 2E-05
vn -1 -3E-05 1E-05
vn -1 -3E-05 1E-05
vn -1 -2E-05 -2E-05
vn 3E-05 -0.9683 0.24981
vn 2E-05 -0.74125 0.67123
vn 3E-05 -0.96829 0.24985
vn 1 2E-05 2E-05
vn 3E-05 -0.89046 -0.45507
vn -1 -2E-05 -0
vn -1 -3E-05 0
vn -1 -4E-05 0
vn -1 1E-05 -3E-05
vn -1 -3E-05 0
vn -1 -6E-05 3E-05
vn -1 -4E-05 -2E-05
vn 1 -0 -1E-05
vn 1 5E-05 2E-05
vn 1 4E-05 0
vn 1 1E-05 -1E-05
vn 1 2E-05 -1E-05
vn 1 6E-05 3E-05
vn 1 2E-05 -1E-05
vn 1E-05 -0.55911 0.8291
vn 1E-05 -0.34444 0.93881
vn 1E-05 -0.34444 0.93881
vn 1 3E-05 -0
vn 3E-05 -0.98161 0.19091
vn 1 3E-05 -0
vn 1 3E-05 -0
vn 1 3E-05 1E-05
vn 1 2E-05 0
vn 1 3E-05 -0
vn 1 2E-05 -2E-05
vn 1 3E-05 0
vn -3E-05 0.95817 -0.28621
vn 1 3E-05 -0
vn 1 3E-05 0
vn -2E-05 0.88392 -0.46764
vn 1 2E-05 -0
vn 1 4E-05 2E-05
vn 3E-05 -0.93354 0.35846
vn 1 3E-05 -1E-05
vn 1 3E-05 1E-05
vn 1 3E-05 1E-05
vn 1 3E-05 0
vn 2E-05 -0.9683 0.24981
vn 2E-05 -0.74125 0.67122
vn 3E-05 -0.96828 0.24986
vn 2E-05 -0.89046 -0.45506
vn 1 3E-05 0
vn 1 3E-05 -1E-05
vn 1 3E-05 0
vn 1 2E-05 -0
vn 1 3E-05 0
vn 1 3E-05 0
vn -3E-05 0.89043 0.45511
vn -2E-05 0.89046 0.45507
vn -1 -3E-05 2E-05
vn -1 -3E-05 -0
vn -1 -3E-05 -1E-05
vn -1 -3E-05 -0
vn -1 -3E-05 -1E-05
vn -1 -3E-05 0
vn -1 -3E-05 0
vn -1 -3E-05 0
vn -1 -2E-05 1E-05
vn -1 -3E-05 0
vn -1 -5E-05 1E-05
vn -1 -2E-05 1E-05
vn -1 -4E-05 -1E-05
vn 1 3E-05 -0
vn 1 3E-05 -1E-05
vn 1 3E-05 -1E-05
vn 1 3E-05 0
vn 1 3E-05 0
vn 1E-05 -0.48472 0.87467
vn 1 3E-05 -0
vn 1 3E-05 -0
vn 1 3E-05 -0
vn 1 2E-05 -0
vn 2E-05 -0.75464 0.65614
vn 2E-05 -0.85711 0.51513
vn 1 3E-05 1E-05
vn 1 3E-05 1E-05
vn 1 3E-05 0
vn 1 3E-05 1E-05
vn 1 6E-05 2E-05
vn 1 2E-05 -0
vn 1 3E-05 0
vn 1 3E-05 -0
vn 1 2E-05 -2E-05
vn -1 -3E-05 -0
vn -1 -3E-05 -0
vn -1 -3E-05 -1E-05
vn -1 -3E-05 2E-05
vn -1 -4E-05 -4E-05
vn -1 -3E-05 -0
vn 1 3E-05 0
vn 1 3E-05 -0
vn 1E-05 -0.48472 0.87467
vn -2E-05 0.74127 -0.6712
vn -2E-05 0.88036 -0.4743
vn -2E-05 0.88036 -0.4743
vn -1 -3E-05 -1E-05
vn -1 -3E-05 -1E-05
vn -1 -3E-05 1E-05
vn -1 -3E-05 -1E-05
vn -1 -2E-05 3E-05
vn -1 -3E-05 1E-05
vn 1 1E-05 -0
vn 1 3E-05 0
vn 1 4E-05 1E-05
vn 1 3E-05 0
vn 2E-05 -0.74125 0.67123
vn 2E-05 -0.74127 0.6712
vn 1 3E-05 0
vn 1 2E-05 -0
vn -1E-05 0.34444 -0.93881
vn -1 -3E-05 0
vn -1 -3E-05 -0
vn -1 -4E-05 -1E-05
vn -1 -3E-05 -0
vn 1 4E-05 -0
vn 0 -0.1313 -0.99134
vn 1 3E-05 0
vn 1 5E-05 -1E-05
vn 1 1E-05 1E-05
vn 1 3E-05 0
vn 1 0 1E-05
vn 1E-05 -0.36473 -0.93111
vn 1E-05 -0.57696 -0.81677
vn 1 5E-05 0
vn 1 0 0
vn 1 3E-05 0
vn 1E-05 -0.36473 -0.93111
vn -0 0.10976 -0.99396
vn -0 0.10976 -0.99396
vn 0 -0.1313 -0.99134
vn 1 3E-05 -0
vn 1 3E-05 0
vn 1 2E-05 0
vn 1 3E-05 -1E-05
vn -1E-05 0.29436 -0.9557
vn -0 0.10225 -0.99476
vn -0 0.10225 -0.99476
vn 1 3E-05 -0
vn 1E-05 -0.28621 -0.95817
vn 1 3E-05 0
vn 1 3E-05 0
vn 1 3E-05 0
vn 3E-05 -0.99994 0.01081
vn 1 1E-05 2E-05
vn 1 5E-05 -1E-05
vn -0 0.01756 0.99985
vn 1 2E-05 -0
vn 1 2E-05 -0
vn 0 -0.09378 -0.99559
vn 1E-05 -0.28621 -0.95817
vn 1 2E-05 0
vn 1 4E-05 -0
vn 1 3E-05 -0
vn 1 3E-05 -0
vn 1 4E-05 -0
vn 1 2E-05 0
vn 1 4E-05 0
vn 1 3E-05 0
vn 1 0 -0
vn 1 3E-05 1E-05
vn 1 3E-05 1E-05
vn 1 3E-05 -2E-05
vn 1 3E-05 -0
vn 1 3E-05 0
vn -1E-05 0.34444 -0.93881
vn -1 -4E-05 -0
vn -1 -5E-05 -0
vn -1 -3E-05 -0
vn -1 -1E-05 1E-05
vn -1 -2E-05 -0
vn -1 -2E-05 0
vn -1E-05 0.29436 -0.9557
vn -1 -3E-05 0
vn -1 -3E-05 0
vn -1 -0 -0
vn 0 -0.15633 0.98771
vn 0 -0.15633 0.98771
vn 1E-05 -0.32547 0.94555
vn 1E-05 -0.32547 0.94555
vn -1E-05 0.36473 0.93111
vn 0 -0.10975 0.99396
vn 2E-05 -0.55909 0.8291
vn 1E-05 -0.34445 0.9388
vn -0 0.10975 -0.99396
vn -2E-05 0.74126 -0.67122
vn -1E-05 0.34447 -0.9388
vn -0 0.10976 -0.99396
vn 2E-05 -0.75564 -0.65498
vn 2E-05 -0.75566 -0.65496
vn 0 -0.13129 -0.99134
vn -1 -3E-05 -0
vn 1 1E-05 -1E-05
vn 1 3E-05 0
vn 1 8E-05 2E-05
vn -0 0.01756 0.99985
vn -1 -3E-05 0
vn -1 -3E-05 -1E-05
vn 1 1E-05 -1E-05
vn -1 -3E-05 -0
vn -1 -4E-05 -1E-05
vn -1 -3E-05 0
vn -1 -2E-05 0
vn -1 -1E-05 0
vn -1 -5E-05 0
vn -1 -2E-05 0
vn 1 3E-05 1E-05
vn 1 3E-05 1E-05
vn 1 3E-05 0
vn 1 5E-05 2E-05
vn 1 2E-05 0
vn 1 3E-05 0
vn 1 1E-05 -1E-05
vn 1 1E-05 0
vn 1 1E-05 -3E-05
vn 1 3E-05 1E-05
vn 1 5E-05 1E-05
vn 1 3E-05 0
vn 1 3E-05 0
vn -0 0.13131 0.99134
vn 1E-05 -0.34444 0.93881
vn 1 3E-05 1E-05
vn -2E-05 0.96829 -0.24984
vn -2E-05 0.89046 0.45506
vn -3E-05 0.89044 0.4551
vn -1E-05 0.34445 -0.93881
vn -1E-05 0.34443 -0.93881
vn -0 0.10977 -0.99396
vn 3E-05 -0.88036 0.4743
vn 2E-05 -0.75564 -0.65499
vn 0 -0.1313 -0.99134
vn 3E-05 -0.95817 0.28621
vn 2E-05 -0.88392 0.46764
vn 1 2E-05 -0
vn 1 3E-05 0
vn 1 3E-05 -1E-05
vn 1 3E-05 0
vn 1 3E-05 0
vn 1 2E-05 -0
vn 3E-05 -0.99559 0.09378
vn 1 2E-05 1E-05
vn 1 2E-05 -3E-05
vn 1 3E-05 1E-05
vn 1 3E-05 -0
vn 3E-05 -0.88037 0.47429
vn 1 4E-05 -1E-05
vn 1 3E-05 -0
vn 1 1E-05 -1E-05
vn 1 3E-05 -0
vn 1 2E-05 -1E-05
vn 1 5E-05 2E-05
vn 1 6E-05 -2E-05
vn 1 3E-05 0
vn 1 1E-05 1E-05
vn -1 -2E-05 0
vn -1 -2E-05 0
vn 2E-05 -0.74127 0.6712
vn 2E-05 -0.55911 0.82909
vn 2E-05 -0.74128 0.6712
vn -1 -4E-05 -1E-05
vn 1 3E-05 -1E-05
vn 1 3E-05 1E-05
vn 1 2E-05 -3E-05
vn 1 2E-05 0
vn 1 2E-05 1E-05
vn 1 3E-05 0
vn 1 3E-05 -1E-05
vn 3E-05 -0.96829 0.24983
vn 3E-05 -0.88036 0.47431
vn 3E-05 -0.96829 0.24984
vn 2E-05 -0.88036 0.4743
vn 1 1E-05 1E-05
vn -1 -3E-05 0
vn -1 -3E-05 -0
vn -1 -1E-05 -1E-05
vn -1 -4E-05 1E-05
vn -1 -5E-05 1E-05
vn -1 -1E-05 -1E-05
vn -1 -6E-05 2E-05
vn -1 -1E-05 -1E-05
vn -1 2E-05 -3E-05
vn -1 -3E-05 0
vn -1 -4E-05 1E-05
vn -1 -3E-05 -0
vn -1 -2E-05 -0
vn -1 -3E-05 -0
vn -3E-05 0.96828 -0.24986
vn -3E-05 0.88037 -0.47429
vn -3E-05 0.9683 -0.24981
vn -3E-05 0.99994 -0.01087
vn -1 -3E-05 -1E-05
vn -1 -3E-05 -3E-05
vn -1 -3E-05 2E-05
vn -1 -3E-05 1E-05
vn -1 -3E-05 -1E-05
vn -1 -2E-05 3E-05
vn -1 -3E-05 -1E-05
vn -1 -4E-05 -1E-05
vn -1 -3E-05 -0
vn -1 -3E-05 -1E-05
vn -1 -2E-05 1E-05
vn 1 3E-05 -0
vn 1 3E-05 -0
vn 1 3E-05 0
vn 1 3E-05 -0
vn -1 -3E-05 -0
vn -1 -3E-05 -0
vn 1 3E-05 0
vn 1 3E-05 -0
vn -2E-05 0.8291 0.5591
vn 1 3E-05 -0
vn 1 1E-05 1E-05
vn 1 3E-05 -0
vn 3E-05 -0.99476 -0.10225
vn 3E-05 -0.99476 -0.10225
vn 1 3E-05 -0
vn 1 3E-05 -0
vn 3E-05 -0.9557 -0.29436
vn 2E-05 -0.87991 -0.47514
vn 3E-05 -0.95569 -0.29436
vn 1 3E-05 1E-05
vn 1 3E-05 -3E-05
vn 1 3E-05 1E-05
vn 1 3E-05 0
vn 1 3E-05 0
vn 1 2E-05 -1E-05
vn 1 3E-05 -0
vn 1 2E-05 -1E-05
vn 1 3E-05 0
vn 1 3E-05 1E-05
vn -1 -2E-05 -1E-05
vn 3E-05 -0.89045 -0.45509
vn 3E-05 -0.97348 -0.22877
vn 2E-05 -0.89044 -0.4551
vn 3E-05 -0.99994 0.01085
vn 3E-05 -0.99994 0.01084
vn -1 -2E-05 -1E-05
vn -1E-05 0.34444 -0.93881
vn 0 -0.13129 -0.99134
vn 2E-05 -0.75567 -0.65495
vn 1 5E-05 0
vn 1 4E-05 0
vn 1 2E-05 -0
vn 1 2E-05 0
vn 1 1E-05 -0
vn 1 2E-05 -0
vn -1 -4E-05 -2E-05
vn -1 -3E-05 0
vn -1 -4E-05 -0
vn -1 -2E-05 0
vn -1 -4E-05 -0
vn -1 -3E-05 -0
vn -1 -0 1E-05
vn -1 -3E-05 -0
vn -1 -2E-05 -0
vn 1 4E-05 -2E-05
vn 1 3E-05 -0
vn 1 4E-05 -1E-05
vn 1 3E-05 -0
vn 1 3E-05 0
vn 1 3E-05 1E-05
vn 1 2E-05 1E-05
vn 1 3E-05 0
vn 1 2E-05 2E-05
vn -1 -3E-05 -0
vn -1 -3E-05 0
vn 2E-05 -0.75566 -0.65496
vn 2E-05 -0.75566 -0.65497
vn -2E-05 0.89046 0.45506
vn -2E-05 0.75566 0.65497
vn -3E-05 0.89044 0.4551
vn -2E-05 0.57696 0.81678
vn -1E-05 0.36473 0.93112
vn -1 -3E-05 0
vn -1 -3E-05 0
vn -1 -2E-05 -0
vn -1 -4E-05 1E-05
vn -1 -4E-05 1E-05
vn -1 -2E-05 -1E-05
vn -1 -4E-05 1E-05
vn -1 -2E-05 -1E-05
vn 2E-05 -0.74128 0.67119
vn 3E-05 -0.96829 0.24984
vn 3E-05 -0.9683 0.24981
vn 1E-05 -0.57698 -0.81676
vn 2E-05 -0.57696 -0.81678
vn -1 -6E-05 1E-05
vn -1 -0 -1E-05
vn -1 -1E-05 -0
vn -1 -3E-05 0
vn 1 3E-05 0
vn 1 2E-05 0
vn 1 2E-05 -0
vn 2E-05 -0.7703 -0.63768
vn 1 3E-05 0
vn 1 2E-05 1E-05
vn 1 3E-05 -1E-05
vn 1 2E-05 2E-05
vn 1 3E-05 0
vn -2E-05 0.77721 0.62924
vn -2E-05 0.77721 0.62924
vn 1 3E-05 -0
vn 1 3E-05 0
vn 1 4E-05 -1E-05
vn 1 3E-05 -0
vn 1 3E-05 -0
vn 1 3E-05 0
vn 1 3E-05 -0
vn -1E-05 0.51513 0.85711
vn -2E-05 0.65614 0.75464
vn -2E-05 0.65614 0.75464
vn 1E-05 -0.46764 -0.88392
vn 1 3E-05 0
vn 1 3E-05 0
vn 1 3E-05 0
vn 1 2E-05 -1E-05
vn 1 2E-05 0
vn -1 -2E-05 1E-05
vn -1 -2E-05 2E-05
vn -1 -2E-05 1E-05
vn -1 -3E-05 -1E-05
vn -1 -3E-05 -0
vn -1 -3E-05 -0
vn -1 -3E-05 -1E-05
vn -1 -4E-05 -2E-05
vn 1E-05 -0.36473 -0.93112
vn -0 0.10977 -0.99396
vn -1 -2E-05 -0
vn -1 -2E-05 -0
vn -1 -2E-05 -1E-05
vn -1 -4E-05 1E-05
vn -1 -4E-05 2E-05
vn -1 1E-05 -4E-05
vn -1 -2E-05 -0
vn -1 -3E-05 0
vn -1 -3E-05 0
vn -1 -1E-05 -1E-05
vn -1 -3E-05 0
vn 1 4E-05 -2E-05
vn 1 2E-05 4E-05
vn 1 3E-05 0
vn -1E-05 0.35847 0.93354
vn -1E-05 0.35847 0.93354
vn -1 -3E-05 0
vn -1 -5E-05 2E-05
vn -1 0 -3E-05
vn -1 -5E-05 3E-05
vn -1 -3E-05 -0
vn -1 -3E-05 0
vn -1 -3E-05 0
vn -1 -1E-05 -1E-05
f 1//1 2//1 3//1
f 4//2 5//2 6//2
f 3//3 7//3 8//3
f 3//4 8//4 1//4
f 7//5 4//5 8//5
f 4//6 9//6 5//6
f 4//7 6//7 8//7
f 9//8 10//8 5//8
f 9//9 11//9 10//9
f 11//10 12//10 10//10
f 11//11 13//11 12//11
f 1//12 14//12 2//12
f 13//13 15//13 16//13
f 13//14 16//14 12//14
f 15//15 17//15 16//15
f 17//16 18//16 19//16
f 17//17 19//17 16//17
f 18//18 20//18 19//18
f 20//19 21//19 22//19
f 20//20 22//20 19//20
f 21//21 23//21 22//21
f 24//22 25//22 26//22
f 23//23 21//23 20//23
f 23//24 20//24 18//24
f 24//25 26//25 2//25
f 26//26 3//26 2//26
f 27//27 8//27 6//27
f 28//28 29//28 30//28
f 28//29 30//29 10//29
f 29//30 27//30 30//30
f 30//31 27//31 6//31
f 30//32 5//32 10//32
f 30//33 6//33 5//33
f 31//34 32//34 33//34
f 32//35 34//35 33//35
f 29//36 31//36 27//36
f 35//37 31//37 29//37
f 36//38 32//38 31//38
f 31//39 33//39 27//39
f 35//40 36//40 31//40
f 27//41 33//41 1//41
f 27//42 1//42 8//42
f 34//43 37//43 38//43
f 1//44 38//44 14//44
f 33//45 34//45 38//45
f 33//46 38//46 1//46
f 39//47 12//47 16//47
f 39//48 40//48 28//48
f 28//49 10//49 12//49
f 39//50 28//50 12//50
f 41//51 40//51 39//51
f 40//52 29//52 28//52
f 42//53 39//53 16//53
f 42//54 41//54 39//54
f 40//55 35//55 29//55
f 43//56 44//56 35//56
f 43//57 35//57 40//57
f 41//58 43//58 40//58
f 44//59 36//59 35//59
f 32//60 45//60 34//60
f 36//61 46//61 32//61
f 46//62 45//62 32//62
f 47//63 48//63 49//63
f 34//64 47//64 37//64
f 50//65 51//65 48//65
f 45//66 52//66 47//66
f 45//67 47//67 34//67
f 47//68 49//68 37//68
f 47//69 50//69 48//69
f 52//70 51//70 50//70
f 52//71 50//71 47//71
f 53//72 54//72 55//72
f 53//73 55//73 46//73
f 55//74 52//74 45//74
f 46//75 55//75 45//75
f 55//76 56//76 52//76
f 54//77 56//77 55//77
f 57//78 58//78 51//78
f 57//79 59//79 58//79
f 56//80 57//80 52//80
f 56//81 60//81 57//81
f 60//82 59//82 57//82
f 52//83 57//83 51//83
f 44//84 61//84 62//84
f 43//85 63//85 44//85
f 62//86 61//86 64//86
f 62//87 46//87 36//87
f 62//88 64//88 53//88
f 44//89 63//89 61//89
f 44//90 62//90 36//90
f 62//91 53//91 46//91
f 22//92 65//92 19//92
f 65//93 66//93 19//93
f 66//94 67//94 19//94
f 42//95 19//95 68//95
f 67//96 68//96 19//96
f 41//97 69//97 43//97
f 41//98 70//98 69//98
f 42//99 16//99 19//99
f 42//100 68//100 41//100
f 41//101 68//101 70//101
f 71//102 67//102 66//102
f 72//103 66//103 65//103
f 73//104 74//104 67//104
f 72//105 71//105 66//105
f 74//104 68//104 67//104
f 71//106 73//106 67//106
f 75//107 65//107 22//107
f 75//107 72//107 65//107
f 76//108 61//108 63//108
f 77//109 63//109 69//109
f 77//110 76//110 63//110
f 74//111 78//111 68//111
f 78//112 70//112 68//112
f 78//113 69//113 70//113
f 78//113 77//113 69//113
f 43//114 69//114 63//114
f 53//115 64//115 79//115
f 54//116 80//116 81//116
f 54//117 79//117 80//117
f 54//118 81//118 56//118
f 53//119 79//119 54//119
f 81//120 80//120 82//120
f 81//121 83//121 60//121
f 81//122 60//122 56//122
f 81//123 82//123 83//123
f 84//124 85//124 86//124
f 83//125 82//125 84//125
f 83//126 86//126 87//126
f 83//127 87//127 60//127
f 83//128 84//128 86//128
f 60//129 87//129 59//129
f 88//130 89//130 80//130
f 88//131 80//131 79//131
f 89//132 90//132 82//132
f 89//132 82//132 80//132
f 91//133 85//133 84//133
f 91//134 92//134 85//134
f 90//135 84//135 82//135
f 90//136 91//136 84//136
f 93//137 79//137 64//137
f 93//138 88//138 79//138
f 94//139 64//139 61//139
f 94//140 93//140 64//140
f 76//141 94//141 61//141
f 95//142 94//142 76//142
f 95//143 96//143 94//143
f 96//144 93//144 94//144
f 97//145 96//145 95//145
f 98//146 76//146 77//146
f 98//147 95//147 76//147
f 96//148 88//148 93//148
f 99//149 100//149 89//149
f 99//150 89//150 88//150
f 96//151 99//151 88//151
f 100//152 90//152 89//152
f 97//153 101//153 96//153
f 102//154 100//154 99//154
f 103//155 104//155 102//155
f 101//156 99//156 96//156
f 101//157 102//157 99//157
f 102//158 104//158 100//158
f 100//159 105//159 90//159
f 106//160 92//160 91//160
f 105//161 107//161 106//161
f 105//162 91//162 90//162
f 104//163 108//163 107//163
f 104//164 105//164 100//164
f 105//165 106//165 91//165
f 104//166 107//166 105//166
f 103//167 108//167 104//167
f 14//168 38//168 24//168
f 38//169 37//169 24//169
f 37//170 25//170 24//170
f 37//171 49//171 25//171
f 49//172 48//172 109//172
f 49//173 109//173 25//173
f 48//174 51//174 109//174
f 51//175 58//175 110//175
f 51//176 110//176 109//176
f 58//177 59//177 111//177
f 58//178 111//178 110//178
f 59//179 112//179 111//179
f 59//180 87//180 112//180
f 87//181 86//181 113//181
f 87//182 113//182 112//182
f 86//183 85//183 114//183
f 86//184 114//184 113//184
f 85//185 115//185 114//185
f 92//186 115//186 85//186
f 2//187 116//187 24//187
f 92//188 117//188 115//188
f 24//189 116//189 14//189
f 118//190 74//190 119//190
f 118//191 120//191 74//191
f 121//192 77//192 78//192
f 119//193 74//193 73//193
f 120//194 121//194 78//194
f 120//195 78//195 74//195
f 122//196 123//196 124//196
f 118//197 119//197 123//197
f 119//198 72//198 75//198
f 122//199 120//199 123//199
f 119//200 71//200 72//200
f 118//201 123//201 120//201
f 119//202 73//202 71//202
f 125//203 98//203 121//203
f 126//204 121//204 120//204
f 126//205 125//205 121//205
f 121//206 98//206 77//206
f 122//207 126//207 120//207
f 127//208 124//208 128//208
f 122//209 124//209 126//209
f 127//210 126//210 124//210
f 127//211 128//211 129//211
f 129//212 125//212 126//212
f 129//213 128//213 130//213
f 127//214 129//214 126//214
f 131//215 97//215 132//215
f 125//216 132//216 98//216
f 131//217 133//217 97//217
f 132//218 97//218 95//218
f 132//219 95//219 98//219
f 134//220 132//220 125//220
f 134//221 131//221 132//221
f 135//222 133//222 131//222
f 136//223 130//223 137//223
f 136//224 134//224 129//224
f 136//225 129//225 130//225
f 129//226 134//226 125//226
f 138//227 131//227 134//227
f 136//228 138//228 134//228
f 136//229 137//229 139//229
f 138//230 140//230 135//230
f 138//231 135//231 131//231
f 136//232 139//232 138//232
f 138//233 139//233 140//233
f 133//234 141//234 101//234
f 141//235 102//235 101//235
f 135//236 142//236 133//236
f 142//237 141//237 133//237
f 133//238 101//238 97//238
f 142//239 143//239 141//239
f 143//240 144//240 145//240
f 103//241 145//241 146//241
f 103//242 146//242 108//242
f 143//243 145//243 103//243
f 141//244 103//244 102//244
f 143//245 103//245 141//245
f 147//246 148//246 140//246
f 143//247 149//247 144//247
f 135//248 140//248 148//248
f 135//249 148//249 142//249
f 142//250 149//250 143//250
f 142//251 150//251 149//251
f 142//252 148//252 150//252
f 151//253 147//253 140//253
f 75//254 152//254 153//254
f 75//255 154//255 152//255
f 75//256 155//256 154//256
f 155//257 75//257 22//257
f 155//258 22//258 23//258
f 151//259 116//259 2//259
f 14//260 151//260 2//260
f 119//261 75//261 153//261
f 124//262 156//262 157//262
f 123//263 119//263 158//263
f 123//264 158//264 159//264
f 123//265 159//265 156//265
f 124//266 123//266 156//266
f 119//267 153//267 160//267
f 119//268 160//268 158//268
f 160//269 153//269 155//269
f 153//270 152//270 155//270
f 152//271 154//271 155//271
f 147//272 151//272 14//272
f 116//273 147//273 14//273
f 161//274 162//274 107//274
f 117//275 92//275 106//275
f 161//276 107//276 108//276
f 162//277 117//277 106//277
f 162//278 106//278 107//278
f 116//279 148//279 147//279
f 163//280 164//280 146//280
f 163//281 146//281 145//281
f 163//282 145//282 144//282
f 164//283 161//283 108//283
f 164//284 108//284 146//284
f 165//285 144//285 149//285
f 165//286 163//286 144//286
f 166//287 150//287 148//287
f 166//288 165//288 150//288
f 116//289 166//289 148//289
f 165//290 149//290 150//290
f 130//291 128//291 167//291
f 137//292 130//292 168//292
f 139//293 168//293 169//293
f 169//294 151//294 140//294
f 130//295 167//295 168//295
f 128//296 124//296 157//296
f 128//297 157//297 167//297
f 140//298 139//298 169//298
f 139//299 137//299 168//299
f 170//300 151//300 169//300
f 170//301 166//301 116//301
f 170//302 116//302 151//302
f 171//303 9//303 172//303
f 7//304 3//304 173//304
f 4//305 7//305 173//305
f 174//306 4//306 173//306
f 175//307 4//307 174//307
f 9//308 4//308 175//308
f 172//309 9//309 175//309
f 11//310 9//310 171//310
f 176//311 11//311 171//311
f 177//312 11//312 178//312
f 178//313 11//313 176//313
f 179//314 13//314 177//314
f 177//315 13//315 11//315
f 179//316 15//316 13//316
f 180//317 15//317 179//317
f 181//318 182//318 173//318
f 182//319 174//319 173//319
f 3//320 26//320 173//320
f 26//321 183//321 173//321
f 183//322 184//322 173//322
f 184//323 181//323 173//323
f 185//324 180//324 186//324
f 180//325 23//325 18//325
f 180//326 17//326 15//326
f 180//327 18//327 17//327
f 182//328 187//328 174//328
f 187//329 188//329 175//329
f 187//330 175//330 174//330
f 188//331 172//331 175//331
f 188//332 171//332 172//332
f 189//333 177//333 178//333
f 181//334 190//334 182//334
f 191//335 189//335 178//335
f 181//336 192//336 190//336
f 193//337 194//337 176//337
f 194//338 178//338 176//338
f 194//339 191//339 178//339
f 193//340 176//340 171//340
f 188//341 193//341 171//341
f 186//342 192//342 181//342
f 195//343 180//343 179//343
f 196//344 195//344 179//344
f 192//345 180//345 197//345
f 198//346 199//346 177//346
f 199//347 200//347 177//347
f 200//348 196//348 179//348
f 200//349 179//349 177//349
f 189//350 201//350 177//350
f 201//351 198//351 177//351
f 197//352 180//352 195//352
f 192//353 186//353 180//353
f 183//354 202//354 184//354
f 183//355 203//355 202//355
f 204//356 205//356 206//356
f 204//357 207//357 205//357
f 204//358 208//358 207//358
f 204//359 209//359 208//359
f 183//360 210//360 203//360
f 204//361 206//361 211//361
f 183//362 204//362 211//362
f 183//363 211//363 210//363
f 209//364 212//364 213//364
f 209//365 213//365 208//365
f 212//366 214//366 215//366
f 212//367 215//367 213//367
f 214//368 216//368 215//368
f 217//369 218//369 219//369
f 220//370 219//370 216//370
f 220//371 217//371 219//371
f 221//372 222//372 223//372
f 221//373 223//373 224//373
f 221//374 225//374 222//374
f 217//375 221//375 224//375
f 214//376 226//376 216//376
f 217//377 224//377 218//377
f 226//378 220//378 216//378
f 227//379 225//379 228//379
f 228//380 225//380 229//380
f 202//381 229//381 184//381
f 228//382 229//382 202//382
f 25//383 109//383 183//383
f 25//384 183//384 26//384
f 183//385 109//385 204//385
f 109//386 209//386 204//386
f 209//387 110//387 212//387
f 109//388 110//388 209//388
f 110//389 214//389 212//389
f 112//390 217//390 220//390
f 111//391 112//391 220//391
f 111//392 220//392 226//392
f 111//393 226//393 214//393
f 110//394 111//394 214//394
f 112//395 221//395 217//395
f 112//396 113//396 221//396
f 113//397 114//397 221//397
f 114//398 115//398 221//398
f 115//399 225//399 221//399
f 184//400 230//400 181//400
f 231//401 230//401 184//401
f 232//402 233//402 229//402
f 181//403 230//403 186//403
f 233//404 231//404 184//404
f 229//405 233//405 184//405
f 117//406 232//406 115//406
f 232//407 225//407 115//407
f 232//408 229//408 225//408
f 155//409 23//409 180//409
f 234//410 155//410 180//410
f 185//411 234//411 180//411
f 186//412 230//412 185//412
f 159//413 235//413 156//413
f 158//414 235//414 159//414
f 235//415 167//415 157//415
f 235//416 168//416 167//416
f 235//417 169//417 168//417
f 156//418 235//418 157//418
f 234//419 160//419 155//419
f 235//420 158//420 234//420
f 158//421 160//421 234//421
f 164//422 236//422 237//422
f 161//423 238//423 162//423
f 238//424 232//424 117//424
f 162//425 238//425 117//425
f 161//426 239//426 238//426
f 161//427 237//427 239//427
f 164//428 237//428 161//428
f 240//429 241//429 165//429
f 165//430 241//430 163//430
f 241//431 242//431 163//431
f 166//432 240//432 165//432
f 170//433 240//433 166//433
f 164//434 243//434 236//434
f 242//435 243//435 163//435
f 163//436 243//436 164//436
f 235//437 240//437 170//437
f 235//438 170//438 169//438
f 231//439 244//439 245//439
f 231//440 245//440 246//440
f 231//441 246//441 230//441
f 231//442 247//442 248//442
f 231//443 249//443 250//443
f 231//444 250//444 247//444
f 231//445 235//445 249//445
f 231//446 251//446 244//446
f 231//447 240//447 235//447
f 231//448 248//448 251//448
f 230//449 252//449 185//449
f 253//450 246//450 245//450
f 253//451 254//451 246//451
f 185//452 252//452 234//452
f 254//453 230//453 246//453
f 234//454 252//454 255//454
f 230//455 254//455 252//455
f 255//456 235//456 234//456
f 256//457 235//457 255//457
f 256//458 257//458 235//458
f 258//459 245//459 244//459
f 258//460 253//460 245//460
f 259//461 244//461 251//461
f 260//462 259//462 251//462
f 260//463 251//463 248//463
f 259//464 258//464 244//464
f 261//465 260//465 248//465
f 261//466 248//466 247//466
f 257//467 249//467 235//467
f 262//468 250//468 249//468
f 262//469 263//469 250//469
f 263//470 247//470 250//470
f 257//471 262//471 249//471
f 263//472 261//472 247//472
f 238//473 264//473 265//473
f 266//474 238//474 239//474
f 266//475 264//475 238//475
f 267//476 266//476 239//476
f 268//477 267//477 239//477
f 269//478 239//478 237//478
f 269//479 268//479 239//479
f 232//480 265//480 270//480
f 232//481 270//481 233//481
f 238//482 265//482 232//482
f 271//483 233//483 270//483
f 272//484 273//484 243//484
f 274//485 272//485 243//485
f 271//486 231//486 233//486
f 275//487 269//487 237//487
f 273//488 276//488 236//488
f 276//489 237//489 236//489
f 276//490 275//490 237//490
f 274//491 243//491 242//491
f 273//492 236//492 243//492
f 277//493 231//493 271//493
f 278//494 274//494 242//494
f 278//495 242//495 241//495
f 277//496 240//496 231//496
f 279//497 278//497 241//497
f 280//498 241//498 240//498
f 280//499 279//499 241//499
f 281//500 280//500 240//500
f 282//501 281//501 240//501
f 277//502 282//502 240//502
f 182//503 190//503 283//503
f 182//504 283//504 187//504
f 187//505 283//505 188//505
f 201//506 283//506 198//506
f 189//507 283//507 201//507
f 191//508 283//508 189//508
f 194//509 283//509 191//509
f 193//510 283//510 194//510
f 188//511 283//511 193//511
f 198//512 283//512 199//512
f 199//513 283//513 200//513
f 200//514 284//514 196//514
f 283//515 284//515 200//515
f 196//516 284//516 195//516
f 203//517 283//517 190//517
f 202//518 203//518 190//518
f 285//519 284//519 286//519
f 283//520 287//520 288//520
f 283//521 288//521 289//521
f 283//522 290//522 287//522
f 291//523 292//523 283//523
f 283//524 293//524 290//524
f 292//525 286//525 284//525
f 283//526 292//526 284//526
f 289//527 291//527 283//527
f 294//528 284//528 295//528
f 295//529 284//529 285//529
f 296//530 284//530 294//530
f 283//531 297//531 298//531
f 283//532 298//532 293//532
f 299//533 284//533 296//533
f 300//534 284//534 299//534
f 301//535 284//535 300//535
f 283//536 302//536 297//536
f 301//537 303//537 284//537
f 215//538 302//538 283//538
f 203//539 215//539 283//539
f 225//540 227//540 222//540
f 197//541 227//541 228//541
f 192//542 228//542 190//542
f 190//543 228//543 202//543
f 228//544 192//544 197//544
f 211//545 206//545 203//545
f 206//546 205//546 203//546
f 205//547 207//547 203//547
f 207//548 208//548 203//548
f 210//549 211//549 203//549
f 208//550 213//550 203//550
f 222//551 219//551 218//551
f 222//552 218//552 224//552
f 222//553 224//553 223//553
f 303//554 215//554 216//554
f 303//555 216//555 219//555
f 303//556 219//556 222//556
f 213//557 215//557 203//557
f 304//558 222//558 264//558
f 304//559 303//559 222//559
f 303//560 304//560 284//560
f 264//561 222//561 265//561
f 255//562 227//562 197//562
f 255//563 265//563 227//563
f 265//564 222//564 227//564
f 284//565 305//565 195//565
f 306//566 307//566 308//566
f 309//567 292//567 291//567
f 309//568 310//568 292//568
f 310//569 311//569 292//569
f 311//570 312//570 292//570
f 313//571 314//571 292//571
f 315//572 313//572 292//572
f 316//573 315//573 292//573
f 292//574 314//574 317//574
f 318//575 316//575 292//575
f 314//576 319//576 317//576
f 292//577 312//577 318//577
f 313//578 315//578 320//578
f 315//579 316//579 321//579
f 314//580 313//580 322//580
f 318//581 312//581 307//581
f 321//582 316//582 306//582
f 320//583 315//583 321//583
f 322//584 313//584 320//584
f 316//585 318//585 306//585
f 306//585 318//585 307//585
f 323//586 324//586 308//586
f 325//587 326//587 324//587
f 327//588 325//588 324//588
f 328//589 327//589 324//589
f 329//590 328//590 324//590
f 329//591 324//591 323//591
f 330//592 331//592 332//592
f 333//593 334//593 331//593
f 330//594 332//594 335//594
f 335//595 332//595 336//595
f 337//596 334//596 333//596
f 311//597 338//597 312//597
f 335//598 336//598 339//598
f 339//599 336//599 338//599
f 339//600 338//600 311//600
f 333//601 331//601 330//601
f 334//602 340//602 341//602
f 337//603 342//603 334//603
f 341//604 340//604 343//604
f 338//605 336//605 323//605
f 336//606 332//606 329//606
f 344//607 338//607 323//607
f 323//608 336//608 329//608
f 312//609 338//609 344//609
f 307//610 312//610 344//610
f 345//611 334//611 341//611
f 329//612 332//612 346//612
f 332//613 331//613 346//613
f 331//614 334//614 345//614
f 346//615 331//615 345//615
f 344//616 308//616 307//616
f 323//617 308//617 344//617
f 341//618 347//618 348//618
f 345//619 349//619 346//619
f 350//620 347//620 341//620
f 346//621 349//621 328//621
f 346//622 328//622 329//622
f 341//623 348//623 345//623
f 345//624 348//624 349//624
f 351//625 285//625 286//625
f 326//626 285//626 324//626
f 285//627 351//627 308//627
f 324//627 285//627 308//627
f 351//628 352//628 308//628
f 322//629 320//629 353//629
f 320//630 321//630 353//630
f 308//628 352//628 353//628
f 321//631 306//631 353//631
f 292//632 317//632 286//632
f 354//633 353//633 355//633
f 354//634 322//634 353//634
f 306//635 308//635 353//635
f 356//636 352//636 286//636
f 353//637 357//637 355//637
f 352//637 357//637 353//637
f 357//638 352//638 356//638
f 352//639 351//639 286//639
f 317//640 356//640 286//640
f 358//641 359//641 360//641
f 319//642 361//642 317//642
f 358//643 360//643 317//643
f 361//644 358//644 317//644
f 319//645 314//645 322//645
f 361//646 319//646 362//646
f 362//646 319//646 354//646
f 354//645 319//645 322//645
f 358//647 361//647 363//647
f 363//648 361//648 362//648
f 359//649 358//649 364//649
f 364//650 358//650 363//650
f 365//651 359//651 366//651
f 366//651 359//651 364//651
f 367//652 365//652 368//652
f 368//653 365//653 366//653
f 369//654 370//654 371//654
f 371//655 370//655 372//655
f 359//656 373//656 360//656
f 360//657 373//657 371//657
f 374//658 369//658 371//658
f 373//659 374//659 371//659
f 375//660 376//660 377//660
f 365//661 373//661 359//661
f 367//662 378//662 379//662
f 380//663 378//663 367//663
f 379//664 373//664 365//664
f 367//665 379//665 365//665
f 380//666 377//666 378//666
f 375//667 377//667 380//667
f 381//668 376//668 382//668
f 377//669 376//669 381//669
f 378//670 377//670 383//670
f 383//671 377//671 381//671
f 384//672 378//672 383//672
f 379//673 378//673 384//673
f 376//674 385//674 382//674
f 373//675 379//675 386//675
f 386//675 379//675 384//675
f 387//676 388//676 389//676
f 389//677 388//677 390//677
f 388//678 391//678 390//678
f 390//679 391//679 392//679
f 392//680 391//680 393//680
f 380//681 367//681 394//681
f 394//682 367//682 368//682
f 395//683 375//683 396//683
f 393//683 375//683 395//683
f 375//684 380//684 396//684
f 396//685 380//685 394//685
f 397//686 387//686 398//686
f 398//687 387//687 399//687
f 343//688 397//688 398//688
f 340//689 397//689 343//689
f 399//690 389//690 400//690
f 387//691 389//691 399//691
f 401//692 393//692 395//692
f 389//693 390//693 400//693
f 392//694 393//694 401//694
f 390//695 392//695 402//695
f 400//693 390//693 402//693
f 402//696 392//696 401//696
f 403//697 388//697 387//697
f 391//698 388//698 404//698
f 404//699 388//699 405//699
f 388//700 403//700 405//700
f 403//701 342//701 406//701
f 405//702 403//702 406//702
f 397//703 403//703 387//703
f 340//704 403//704 397//704
f 342//705 403//705 340//705
f 334//706 342//706 340//706
f 406//707 343//707 398//707
f 404//708 401//708 395//708
f 404//709 402//709 401//709
f 350//710 341//710 343//710
f 405//711 406//711 399//711
f 406//712 398//712 399//712
f 406//713 350//713 343//713
f 404//714 405//714 402//714
f 405//715 399//715 400//715
f 405//716 400//716 402//716
f 393//717 407//717 375//717
f 391//718 407//718 393//718
f 408//719 407//719 404//719
f 407//720 376//720 375//720
f 409//721 407//721 408//721
f 407//722 410//722 411//722
f 410//723 407//723 409//723
f 407//719 391//719 404//719
f 407//724 411//724 385//724
f 407//725 385//725 376//725
f 384//726 368//726 366//726
f 408//727 395//727 396//727
f 408//728 404//728 395//728
f 382//729 408//729 396//729
f 382//730 396//730 381//730
f 383//731 368//731 384//731
f 381//732 394//732 383//732
f 383//733 394//733 368//733
f 381//734 396//734 394//734
f 409//735 408//735 412//735
f 412//736 408//736 413//736
f 382//674 385//674 413//674
f 413//737 408//737 382//737
f 414//738 366//738 364//738
f 414//739 364//739 355//739
f 364//740 363//740 355//740
f 363//741 362//741 355//741
f 362//742 354//742 355//742
f 317//743 415//743 356//743
f 317//743 360//743 415//743
f 355//744 416//744 414//744
f 415//745 357//745 356//745
f 357//744 416//744 355//744
f 416//746 357//746 415//746
f 417//747 418//747 419//747
f 420//748 414//748 419//748
f 384//749 366//749 414//749
f 420//750 386//750 414//750
f 418//751 420//751 419//751
f 371//752 421//752 415//752
f 386//753 384//753 414//753
f 371//754 422//754 421//754
f 371//754 372//754 422//754
f 360//755 371//755 415//755
f 423//756 416//756 421//756
f 414//757 423//757 419//757
f 416//757 423//757 414//757
f 421//758 416//758 415//758
f 422//759 423//759 421//759
f 289//760 288//760 424//760
f 424//760 288//760 425//760
f 426//761 291//761 427//761
f 291//762 289//762 427//762
f 309//763 291//763 426//763
f 427//764 289//764 424//764
f 288//671 287//671 425//671
f 428//765 290//765 429//765
f 287//668 290//668 428//668
f 425//766 287//766 428//766
f 429//767 430//767 431//767
f 290//768 430//768 429//768
f 431//769 432//769 433//769
f 430//770 432//770 431//770
f 434//771 435//771 436//771
f 433//772 437//772 438//772
f 432//773 437//773 433//773
f 438//774 434//774 436//774
f 437//775 434//775 438//775
f 436//776 435//776 439//776
f 433//777 440//777 441//777
f 438//778 440//778 433//778
f 290//779 293//779 442//779
f 290//780 442//780 430//780
f 442//781 443//781 430//781
f 443//782 444//782 432//782
f 432//783 444//783 437//783
f 430//784 443//784 432//784
f 434//785 445//785 435//785
f 435//786 446//786 447//786
f 445//786 446//786 435//786
f 446//787 448//787 447//787
f 449//788 445//788 434//788
f 437//789 449//789 434//789
f 444//790 449//790 437//790
f 450//791 451//791 452//791
f 447//792 453//792 450//792
f 452//793 451//793 454//793
f 454//794 451//794 455//794
f 448//795 453//795 447//795
f 450//796 453//796 451//796
f 337//797 333//797 347//797
f 456//798 457//798 458//798
f 457//799 337//799 459//799
f 459//799 337//799 347//799
f 458//800 457//800 459//800
f 460//801 456//801 461//801
f 461//802 456//802 458//802
f 452//803 454//803 462//803
f 463//804 455//804 464//804
f 454//805 455//805 463//805
f 464//806 460//806 461//806
f 455//807 460//807 464//807
f 462//808 454//808 463//808
f 439//809 447//809 465//809
f 435//810 447//810 439//810
f 465//811 450//811 466//811
f 466//812 452//812 462//812
f 450//813 452//813 466//813
f 467//814 465//814 466//814
f 467//815 466//815 468//815
f 447//811 450//811 465//811
f 469//816 300//816 440//816
f 470//817 440//817 438//817
f 470//818 471//818 440//818
f 471//819 472//819 440//819
f 473//820 469//820 474//820
f 474//821 469//821 475//821
f 472//822 469//822 440//822
f 472//823 475//823 469//823
f 445//824 449//824 476//824
f 446//825 445//825 476//825
f 476//826 449//826 470//826
f 444//763 443//763 471//763
f 470//827 444//827 471//827
f 449//828 444//828 470//828
f 477//825 446//825 476//825
f 472//675 442//675 475//675
f 293//829 298//829 474//829
f 442//830 293//830 475//830
f 471//763 443//763 472//763
f 475//830 293//830 474//830
f 443//675 442//675 472//675
f 297//606 302//606 478//606
f 302//831 479//831 480//831
f 474//832 298//832 473//832
f 480//833 479//833 481//833
f 478//612 302//612 480//612
f 298//834 297//834 473//834
f 473//835 297//835 478//835
f 481//772 482//772 483//772
f 482//836 484//836 483//836
f 483//837 484//837 485//837
f 479//838 482//838 481//838
f 486//839 446//839 477//839
f 487//840 488//840 489//840
f 448//841 446//841 486//841
f 490//842 491//842 492//842
f 488//842 491//842 490//842
f 489//797 488//797 490//797
f 491//843 448//843 492//843
f 493//844 487//844 494//844
f 494//845 487//845 489//845
f 492//843 448//843 486//843
f 495//846 496//846 497//846
f 497//687 496//687 498//687
f 484//847 495//847 485//847
f 485//847 495//847 497//847
f 499//848 500//848 501//848
f 502//849 500//849 499//849
f 503//850 502//850 499//850
f 496//851 504//851 498//851
f 498//852 504//852 503//852
f 504//853 502//853 503//853
f 467//854 486//854 465//854
f 470//855 438//855 436//855
f 486//856 477//856 465//856
f 477//857 439//857 465//857
f 477//858 476//858 439//858
f 476//859 436//859 439//859
f 476//860 470//860 436//860
f 428//861 505//861 425//861
f 431//862 441//862 429//862
f 428//863 441//863 505//863
f 429//864 441//864 428//864
f 441//865 294//865 505//865
f 427//866 505//866 326//866
f 425//867 505//867 424//867
f 427//868 424//868 505//868
f 433//869 441//869 431//869
f 310//870 309//870 506//870
f 506//870 309//870 426//870
f 325//871 506//871 326//871
f 426//872 427//872 326//872
f 506//873 426//873 326//873
f 505//874 294//874 326//874
f 294//874 295//874 326//874
f 295//626 285//626 326//626
f 328//875 339//875 327//875
f 335//875 339//875 328//875
f 327//876 311//876 325//876
f 311//826 310//826 325//826
f 325//877 310//877 506//877
f 339//878 311//878 327//878
f 349//879 335//879 328//879
f 348//880 330//880 349//880
f 333//881 330//881 348//881
f 347//882 333//882 348//882
f 330//883 335//883 349//883
f 468//884 466//884 462//884
f 468//885 462//885 463//885
f 468//886 463//886 464//886
f 440//887 299//887 441//887
f 300//816 299//816 440//816
f 299//887 296//887 441//887
f 296//865 294//865 441//865
f 455//888 507//888 460//888
f 460//889 507//889 456//889
f 455//890 451//890 507//890
f 507//891 342//891 456//891
f 456//892 342//892 457//892
f 457//893 342//893 337//893
f 507//894 451//894 508//894
f 350//895 507//895 508//895
f 350//896 508//896 458//896
f 350//897 458//897 459//897
f 350//898 459//898 347//898
f 342//895 507//895 350//895
f 406//701 342//701 350//701
f 468//899 464//899 508//899
f 508//900 464//900 461//900
f 508//901 461//901 458//901
f 508//902 451//902 468//902
f 468//903 453//903 467//903
f 451//903 453//903 468//903
f 453//904 509//904 467//904
f 493//905 509//905 487//905
f 510//906 511//906 512//906
f 487//907 509//907 488//907
f 512//908 511//908 493//908
f 493//909 511//909 509//909
f 513//910 514//910 510//910
f 510//911 514//911 511//911
f 488//912 509//912 491//912
f 515//913 516//913 500//913
f 513//914 516//914 514//914
f 500//915 516//915 513//915
f 502//916 515//916 500//916
f 517//684 512//684 518//684
f 512//917 493//917 518//917
f 510//685 512//685 517//685
f 513//918 510//918 519//918
f 501//919 513//919 519//919
f 500//920 513//920 501//920
f 519//921 510//921 517//921
f 520//922 492//922 467//922
f 491//923 453//923 448//923
f 467//904 509//904 520//904
f 491//924 509//924 453//924
f 467//925 492//925 486//925
f 511//926 514//926 521//926
f 509//927 511//927 520//927
f 520//928 511//928 521//928
f 520//929 489//929 490//929
f 521//930 494//930 489//930
f 521//931 518//931 494//931
f 521//932 517//932 518//932
f 522//933 519//933 517//933
f 520//934 490//934 492//934
f 522//935 517//935 521//935
f 521//936 489//936 520//936
f 521//937 514//937 522//937
f 518//681 493//681 494//681
f 516//938 523//938 514//938
f 514//939 523//939 524//939
f 523//940 525//940 524//940
f 525//941 526//941 524//941
f 526//942 527//942 524//942
f 522//943 524//943 528//943
f 514//944 524//944 522//944
f 528//945 529//945 530//945
f 531//946 532//946 533//946
f 524//947 529//947 528//947
f 534//948 529//948 527//948
f 530//949 532//949 535//949
f 529//950 532//950 530//950
f 527//951 529//951 524//951
f 534//952 533//952 529//952
f 533//953 532//953 529//953
f 536//954 532//954 531//954
f 537//955 538//955 372//955
f 539//956 538//956 537//956
f 540//957 538//957 539//957
f 541//958 537//958 372//958
f 370//959 541//959 372//959
f 542//960 541//960 543//960
f 417//961 369//961 418//961
f 541//876 370//876 543//876
f 543//878 370//878 417//878
f 537//962 541//962 542//962
f 370//963 369//963 417//963
f 374//761 373//761 420//761
f 420//763 373//763 386//763
f 418//964 374//964 420//964
f 369//583 374//583 418//583
f 544//965 545//965 546//965
f 547//682 545//682 544//682
f 539//879 537//879 548//879
f 546//966 549//966 550//966
f 548//883 537//883 542//883
f 540//967 539//967 551//967
f 545//968 549//968 546//968
f 550//969 540//969 551//969
f 551//970 539//970 548//970
f 549//971 540//971 550//971
f 552//972 547//972 544//972
f 553//973 554//973 555//973
f 556//803 557//803 558//803
f 559//808 557//808 556//808
f 554//802 547//802 552//802
f 558//694 553//694 555//694
f 557//692 553//692 558//692
f 555//973 554//973 552//973
f 553//974 560//974 554//974
f 560//975 561//975 554//975
f 545//976 562//976 549//976
f 547//977 562//977 545//977
f 549//978 538//978 540//978
f 554//979 563//979 547//979
f 547//980 563//980 562//980
f 561//981 563//981 554//981
f 549//982 562//982 538//982
f 410//983 564//983 565//983
f 410//984 566//984 564//984
f 567//985 568//985 559//985
f 566//986 568//986 567//986
f 564//987 566//987 569//987
f 570//988 566//988 567//988
f 569//989 566//989 570//989
f 410//990 565//990 411//990
f 571//991 569//991 572//991
f 564//992 569//992 571//992
f 385//993 411//993 413//993
f 413//993 411//993 412//993
f 412//994 565//994 573//994
f 565//774 564//774 573//774
f 411//994 565//994 412//994
f 573//775 564//775 571//775
f 567//813 559//813 574//813
f 574//995 559//995 556//995
f 569//996 570//996 572//996
f 575//997 567//997 574//997
f 570//998 567//998 575//998
f 572//999 570//999 575//999
f 576//1000 410//1000 409//1000
f 577//1001 568//1001 578//1001
f 579//1002 568//1002 577//1002
f 568//1003 566//1003 578//1003
f 566//1004 410//1004 576//1004
f 578//1005 566//1005 576//1005
f 576//1006 572//1006 575//1006
f 576//1007 571//1007 572//1007
f 576//1008 575//1008 574//1008
f 576//1009 409//1009 571//1009
f 578//1010 576//1010 574//1010
f 578//1011 574//1011 556//1011
f 571//1012 409//1012 573//1012
f 573//1013 409//1013 412//1013
f 557//1014 580//1014 553//1014
f 559//1015 581//1015 557//1015
f 581//1016 580//1016 557//1016
f 580//1017 560//1017 553//1017
f 582//1018 581//1018 559//1018
f 568//1019 582//1019 559//1019
f 579//1020 583//1020 568//1020
f 568//1021 583//1021 582//1021
f 584//1022 585//1022 586//1022
f 579//1023 587//1023 583//1023
f 584//1024 586//1024 579//1024
f 584//1025 588//1025 585//1025
f 579//1026 586//1026 589//1026
f 579//1027 589//1027 587//1027
f 580//761 581//761 590//761
f 590//763 581//763 591//763
f 591//1028 582//1028 592//1028
f 581//1028 582//1028 591//1028
f 583//1029 587//1029 593//1029
f 592//581 583//581 593//581
f 582//610 583//610 592//610
f 593//1030 587//1030 594//1030
f 589//674 586//674 595//674
f 585//1031 588//1031 596//1031
f 586//1032 585//1032 597//1032
f 594//1033 589//1033 595//1033
f 587//1034 589//1034 594//1034
f 597//615 585//615 596//615
f 595//1035 586//1035 597//1035
f 596//1031 588//1031 598//1031
f 591//1036 592//1036 556//1036
f 590//1037 591//1037 558//1037
f 591//1038 556//1038 558//1038
f 590//1039 558//1039 555//1039
f 599//1040 590//1040 555//1040
f 599//1041 552//1041 600//1041
f 599//1042 555//1042 552//1042
f 560//1043 580//1043 599//1043
f 599//964 580//964 590//964
f 601//1044 599//1044 600//1044
f 561//961 560//961 601//961
f 601//1045 560//1045 599//1045
f 592//1046 578//1046 556//1046
f 593//1047 577//1047 578//1047
f 593//1048 578//1048 592//1048
f 595//1049 577//1049 594//1049
f 594//1050 577//1050 593//1050
f 543//1051 417//1051 419//1051
f 602//1052 543//1052 419//1052
f 602//1053 542//1053 543//1053
f 548//1054 542//1054 602//1054
f 551//1055 548//1055 602//1055
f 372//1056 603//1056 422//1056
f 372//1057 538//1057 603//1057
f 603//1058 604//1058 422//1058
f 604//1059 423//1059 422//1059
f 423//1060 604//1060 419//1060
f 419//1060 604//1060 602//1060
f 605//1061 544//1061 546//1061
f 600//1062 552//1062 544//1062
f 600//1063 544//1063 605//1063
f 605//1064 551//1064 602//1064
f 605//1065 550//1065 551//1065
f 605//1066 546//1066 550//1066
f 605//1067 606//1067 600//1067
f 538//1068 562//1068 607//1068
f 604//1069 608//1069 602//1069
f 602//1070 608//1070 605//1070
f 607//1071 608//1071 603//1071
f 603//1072 608//1072 604//1072
f 538//1073 607//1073 603//1073
f 607//1074 606//1074 608//1074
f 608//1075 606//1075 605//1075
f 609//1076 610//1076 611//1076
f 612//1077 613//1077 563//1077
f 614//1078 615//1078 616//1078
f 561//1079 612//1079 563//1079
f 611//1080 610//1080 613//1080
f 616//1081 615//1081 609//1081
f 609//1082 615//1082 610//1082
f 613//1083 610//1083 563//1083
f 617//1084 615//1084 614//1084
f 618//1085 619//1085 620//1085
f 618//1086 620//1086 621//1086
f 618//1087 621//1087 600//1087
f 622//1088 623//1088 618//1088
f 621//1089 601//1089 600//1089
f 618//1090 623//1090 619//1090
f 613//839 612//839 620//839
f 611//879 613//879 619//879
f 621//1091 561//1091 601//1091
f 612//1092 561//1092 621//1092
f 620//841 612//841 621//841
f 619//883 613//883 620//883
f 623//649 611//649 619//649
f 609//650 611//650 623//650
f 617//1093 614//1093 624//1093
f 616//969 609//969 625//969
f 625//969 609//969 623//969
f 626//799 616//799 625//799
f 614//1094 616//1094 626//1094
f 624//1095 614//1095 626//1095
f 598//1096 627//1096 628//1096
f 627//776 629//776 628//776
f 629//1097 630//1097 631//1097
f 628//771 629//771 631//771
f 588//774 627//774 598//774
f 631//1097 630//1097 632//1097
f 633//693 634//693 635//693
f 635//1098 634//1098 636//1098
f 637//1099 638//1099 639//1099
f 639//1100 638//1100 640//1100
f 630//1101 633//1101 635//1101
f 632//1102 630//1102 635//1102
f 634//1103 637//1103 636//1103
f 636//1104 637//1104 639//1104
f 640//973 641//973 642//973
f 638//973 641//973 640//973
f 642//972 617//972 624//972
f 641//802 617//802 642//802
f 622//1105 624//1105 626//1105
f 643//1106 639//1106 640//1106
f 622//1107 625//1107 623//1107
f 622//1108 626//1108 625//1108
f 637//1109 644//1109 638//1109
f 634//1110 644//1110 637//1110
f 617//1111 645//1111 615//1111
f 641//1112 645//1112 617//1112
f 638//1113 645//1113 641//1113
f 638//1114 644//1114 645//1114
f 622//1115 646//1115 643//1115
f 647//1116 648//1116 645//1116
f 643//1117 624//1117 622//1117
f 643//1118 640//1118 642//1118
f 643//1119 642//1119 624//1119
f 647//1120 645//1120 644//1120
f 648//1121 615//1121 645//1121
f 563//1122 649//1122 650//1122
f 610//1123 615//1123 648//1123
f 610//1123 648//1123 649//1123
f 600//1124 651//1124 618//1124
f 563//1125 610//1125 649//1125
f 562//1126 650//1126 607//1126
f 562//1127 563//1127 650//1127
f 606//1124 651//1124 600//1124
f 650//1128 606//1128 607//1128
f 650//1129 651//1129 606//1129
f 649//1130 651//1130 650//1130
f 652//1131 646//1131 622//1131
f 648//1132 652//1132 649//1132
f 651//1133 652//1133 618//1133
f 618//1134 652//1134 622//1134
f 649//1135 652//1135 651//1135
f 648//1136 647//1136 652//1136
f 653//1137 627//1137 588//1137
f 653//1138 588//1138 584//1138
f 654//796 655//796 653//796
f 655//1139 656//1139 653//1139
f 653//1140 656//1140 627//1140
f 657//1141 658//1141 654//1141
f 654//1142 653//1142 659//1142
f 660//1143 661//1143 662//1143
f 663//1144 654//1144 659//1144
f 660//1145 662//1145 657//1145
f 657//1146 662//1146 664//1146
f 657//1147 664//1147 658//1147
f 657//1148 654//1148 663//1148
f 658//1149 665//1149 654//1149
f 665//1150 666//1150 654//1150
f 658//1151 664//1151 667//1151
f 666//1152 655//1152 654//1152
f 584//1153 579//1153 668//1153
f 668//1153 579//1153 577//1153
f 653//1154 584//1154 669//1154
f 669//1154 584//1154 668//1154
f 670//1155 669//1155 628//1155
f 628//1156 669//1156 598//1156
f 598//1157 669//1157 668//1157
f 598//1158 668//1158 596//1158
f 597//1159 668//1159 577//1159
f 597//930 577//930 595//930
f 596//1160 668//1160 597//1160
f 671//1161 672//1161 659//1161
f 671//1162 659//1162 669//1162
f 670//1163 671//1163 669//1163
f 667//1164 663//1164 659//1164
f 659//1165 653//1165 669//1165
f 673//1166 667//1166 659//1166
f 672//1167 673//1167 659//1167
f 674//1168 675//1168 676//1168
f 536//1169 677//1169 532//1169
f 532//1170 677//1170 674//1170
f 532//1171 674//1171 676//1171
f 675//1172 678//1172 676//1172
f 676//1173 678//1173 679//1173
f 680//1174 681//1174 682//1174
f 678//1175 683//1175 679//1175
f 679//1176 680//1176 682//1176
f 683//1177 680//1177 679//1177
f 532//1178 676//1178 535//1178
f 535//1179 676//1179 684//1179
f 676//1180 679//1180 684//1180
f 684//1181 679//1181 685//1181
f 686//1182 687//1182 685//1182
f 688//1183 689//1183 690//1183
f 687//1184 684//1184 685//1184
f 682//1185 660//1185 690//1185
f 690//1185 660//1185 691//1185
f 689//1186 686//1186 685//1186
f 689//1187 685//1187 690//1187
f 685//1188 682//1188 690//1188
f 679//1189 682//1189 685//1189
f 692//1190 693//1190 694//1190
f 692//1191 694//1191 695//1191
f 682//1192 696//1192 660//1192
f 695//1193 694//1193 697//1193
f 695//1194 697//1194 660//1194
f 696//1195 695//1195 660//1195
f 660//1196 697//1196 661//1196
f 698//839 681//839 688//839
f 696//841 681//841 698//841
f 688//825 681//825 689//825
f 681//825 680//825 689//825
f 681//1197 696//1197 682//1197
f 680//824 683//824 689//824
f 699//843 696//843 698//843
f 695//843 696//843 699//843
f 700//1198 701//1198 693//1198
f 702//1199 703//1199 704//1199
f 704//1200 701//1200 700//1200
f 704//1201 703//1201 701//1201
f 700//1202 693//1202 692//1202
f 705//1203 691//1203 663//1203
f 667//581 664//581 706//581
f 705//1204 663//1204 706//1204
f 706//1030 662//1030 705//1030
f 691//1205 657//1205 663//1205
f 660//1206 657//1206 691//1206
f 706//1207 663//1207 667//1207
f 707//1208 691//1208 708//1208
f 708//1209 691//1209 705//1209
f 664//1029 662//1029 706//1029
f 709//1210 710//1210 699//1210
f 711//622 712//622 713//622
f 711//621 713//621 714//621
f 707//1211 699//1211 691//1211
f 709//1212 699//1212 707//1212
f 714//1213 710//1213 709//1213
f 699//1214 698//1214 691//1214
f 714//1215 713//1215 710//1215
f 698//1216 690//1216 691//1216
f 698//1217 688//1217 690//1217
f 715//789 716//789 633//789
f 633//790 716//790 634//790
f 717//1218 715//1218 630//1218
f 630//1219 715//1219 633//1219
f 656//1220 717//1220 629//1220
f 629//1220 717//1220 630//1220
f 627//1221 656//1221 629//1221
f 673//1222 658//1222 667//1222
f 666//1223 665//1223 672//1223
f 665//1028 658//1028 673//1028
f 672//763 665//763 673//763
f 655//964 666//964 671//964
f 671//583 666//583 672//583
f 718//878 656//878 670//878
f 717//878 656//878 718//878
f 670//1224 656//1224 671//1224
f 715//1225 717//1225 719//1225
f 656//1226 655//1226 671//1226
f 719//1227 717//1227 718//1227
f 720//649 716//649 721//649
f 722//883 715//883 719//883
f 716//879 715//879 722//879
f 721//649 716//649 722//649
f 723//1228 724//1228 725//1228
f 725//1229 724//1229 726//1229
f 726//844 727//844 728//844
f 729//802 723//802 730//802
f 730//801 723//801 725//801
f 724//1230 727//1230 726//1230
f 727//1231 720//1231 728//1231
f 728//651 720//651 721//651
f 723//1232 731//1232 724//1232
f 727//1233 732//1233 720//1233
f 724//1234 732//1234 727//1234
f 729//1235 731//1235 723//1235
f 733//1236 731//1236 729//1236
f 724//1237 731//1237 732//1237
f 720//1238 644//1238 716//1238
f 720//1239 732//1239 644//1239
f 734//1240 725//1240 726//1240
f 734//1241 721//1241 735//1241
f 734//1242 726//1242 728//1242
f 716//1243 644//1243 634//1243
f 734//1244 728//1244 721//1244
f 736//1245 732//1245 731//1245
f 735//1246 721//1246 722//1246
f 707//1247 694//1247 709//1247
f 697//1248 694//1248 707//1248
f 694//611 693//611 709//611
f 661//1249 697//1249 708//1249
f 708//1250 697//1250 707//1250
f 662//1251 661//1251 705//1251
f 705//1251 661//1251 708//1251
f 709//614 693//614 714//614
f 714//775 701//775 711//775
f 693//774 701//774 714//774
f 703//1252 737//1252 738//1252
f 711//1253 703//1253 738//1253
f 738//999 737//999 739//999
f 701//1253 703//1253 711//1253
f 703//1254 740//1254 737//1254
f 741//1255 742//1255 743//1255
f 743//1256 742//1256 744//1256
f 744//1104 745//1104 746//1104
f 742//1103 745//1103 744//1103
f 746//1257 733//1257 747//1257
f 733//1258 729//1258 747//1258
f 747//1259 729//1259 730//1259
f 739//691 741//691 743//691
f 737//690 741//690 739//690
f 745//1257 733//1257 746//1257
f 748//1260 749//1260 739//1260
f 750//1261 740//1261 703//1261
f 749//1262 712//1262 711//1262
f 749//1263 738//1263 739//1263
f 749//1264 711//1264 738//1264
f 748//872 744//872 746//872
f 748//1265 743//1265 744//1265
f 702//1266 750//1266 703//1266
f 748//1267 739//1267 743//1267
f 745//1268 751//1268 733//1268
f 742//1269 751//1269 745//1269
f 740//1270 751//1270 742//1270
f 733//1271 751//1271 731//1271
f 737//1272 740//1272 741//1272
f 741//1273 740//1273 742//1273
f 752//1274 730//1274 725//1274
f 752//1275 747//1275 730//1275
f 752//866 748//866 746//866
f 752//1276 725//1276 734//1276
f 752//1277 746//1277 747//1277
f 752//1278 753//1278 748//1278
f 754//1279 731//1279 751//1279
f 754//1280 736//1280 731//1280
f 755//1281 751//1281 740//1281
f 734//1282 753//1282 752//1282
f 755//1279 754//1279 751//1279
f 718//1283 670//1283 631//1283
f 718//1283 631//1283 632//1283
f 719//1284 632//1284 635//1284
f 670//1285 628//1285 631//1285
f 719//1286 718//1286 632//1286
f 722//1287 719//1287 635//1287
f 735//1288 636//1288 639//1288
f 735//1289 635//1289 636//1289
f 735//1290 722//1290 635//1290
f 735//1291 639//1291 643//1291
f 735//1292 756//1292 734//1292
f 757//1293 644//1293 732//1293
f 643//1294 758//1294 735//1294
f 758//1292 756//1292 735//1292
f 736//1295 757//1295 732//1295
f 757//1296 647//1296 644//1296
f 757//1297 736//1297 758//1297
f 646//1294 758//1294 643//1294
f 757//1298 758//1298 646//1298
f 647//1299 757//1299 646//1299
f 647//1300 646//1300 652//1300
f 754//1301 755//1301 753//1301
f 756//1282 753//1282 734//1282
f 754//1302 753//1302 756//1302
f 736//1303 754//1303 756//1303
f 736//1304 756//1304 758//1304
f 473//1305 759//1305 469//1305
f 478//1306 759//1306 473//1306
f 760//1307 761//1307 759//1307
f 761//1307 301//1307 759//1307
f 759//1308 300//1308 469//1308
f 480//1309 759//1309 478//1309
f 481//1310 759//1310 480//1310
f 481//1311 760//1311 759//1311
f 301//1308 300//1308 759//1308
f 483//1312 760//1312 481//1312
f 485//1313 760//1313 483//1313
f 497//1314 760//1314 485//1314
f 762//1315 761//1315 760//1315
f 763//1316 760//1316 497//1316
f 763//1315 762//1315 760//1315
f 763//1317 498//1317 503//1317
f 763//1318 497//1318 498//1318
f 496//1319 764//1319 504//1319
f 765//1320 515//1320 502//1320
f 496//1321 766//1321 764//1321
f 495//1322 766//1322 496//1322
f 484//1323 767//1323 495//1323
f 495//1324 767//1324 766//1324
f 504//1325 765//1325 502//1325
f 504//1326 764//1326 765//1326
f 482//1327 768//1327 484//1327
f 484//1328 768//1328 767//1328
f 769//1329 499//1329 501//1329
f 769//1330 770//1330 499//1330
f 771//1331 503//1331 770//1331
f 771//1332 763//1332 503//1332
f 772//1333 769//1333 501//1333
f 770//1334 503//1334 499//1334
f 772//1335 501//1335 519//1335
f 772//1336 519//1336 522//1336
f 764//671 766//671 771//671
f 765//672 764//672 770//672
f 770//1337 764//1337 771//1337
f 515//764 765//764 769//764
f 516//582 515//582 772//582
f 772//579 515//579 769//579
f 523//1338 516//1338 773//1338
f 769//1339 765//1339 770//1339
f 773//828 516//828 772//828
f 774//1340 523//1340 773//1340
f 526//1341 525//1341 774//1341
f 527//1342 526//1342 775//1342
f 525//1340 523//1340 774//1340
f 776//1343 526//1343 774//1343
f 775//1344 526//1344 776//1344
f 768//1345 777//1345 778//1345
f 779//1346 767//1346 780//1346
f 780//1347 768//1347 778//1347
f 766//1346 767//1346 779//1346
f 771//670 766//670 779//670
f 767//1347 768//1347 780//1347
f 778//613 777//613 781//613
f 782//991 783//991 784//991
f 785//991 783//991 782//991
f 786//1348 785//1348 787//1348
f 787//1349 785//1349 782//1349
f 777//1350 786//1350 781//1350
f 781//1350 786//1350 787//1350
f 775//1351 776//1351 528//1351
f 774//1352 773//1352 528//1352
f 773//1353 522//1353 528//1353
f 773//1354 772//1354 522//1354
f 776//1355 774//1355 528//1355
f 788//1356 789//1356 763//1356
f 779//1357 763//1357 771//1357
f 779//1358 788//1358 763//1358
f 789//1359 762//1359 763//1359
f 784//1360 790//1360 782//1360
f 778//1361 788//1361 780//1361
f 782//1362 790//1362 787//1362
f 790//1363 781//1363 787//1363
f 781//1364 788//1364 778//1364
f 791//1365 789//1365 788//1365
f 790//1366 788//1366 781//1366
f 780//1367 788//1367 779//1367
f 790//1365 791//1365 788//1365
f 215//1368 479//1368 302//1368
f 215//1369 482//1369 479//1369
f 215//1370 768//1370 482//1370
f 215//1371 783//1371 785//1371
f 215//1372 777//1372 768//1372
f 215//1373 786//1373 777//1373
f 215//1374 785//1374 786//1374
f 761//1375 303//1375 301//1375
f 762//1376 303//1376 761//1376
f 789//1377 303//1377 762//1377
f 791//1378 303//1378 789//1378
f 792//1379 303//1379 793//1379
f 215//1380 794//1380 783//1380
f 794//1381 215//1381 303//1381
f 792//1382 794//1382 303//1382
f 795//1383 303//1383 791//1383
f 793//1384 303//1384 795//1384
f 796//799 531//799 797//799
f 798//1385 536//1385 799//1385
f 536//799 531//799 796//799
f 797//1386 533//1386 800//1386
f 531//1387 533//1387 797//1387
f 799//1388 536//1388 796//1388
f 533//1389 534//1389 800//1389
f 801//1390 798//1390 802//1390
f 802//1391 798//1391 799//1391
f 783//687 803//687 784//687
f 804//1392 805//1392 806//1392
f 803//1392 805//1392 804//1392
f 784//687 803//687 804//687
f 806//1255 807//1255 808//1255
f 808//808 809//808 810//808
f 807//803 809//803 808//803
f 810//1393 811//1393 812//1393
f 809//1393 811//1393 810//1393
f 812//1394 801//1394 802//1394
f 811//1394 801//1394 812//1394
f 805//1255 807//1255 806//1255
f 798//1395 677//1395 536//1395
f 801//1396 813//1396 798//1396
f 798//1397 813//1397 677//1397
f 801//1398 814//1398 813//1398
f 811//1399 814//1399 801//1399
f 811//1400 815//1400 814//1400
f 809//1401 815//1401 811//1401
f 809//1402 816//1402 815//1402
f 807//1403 816//1403 809//1403
f 807//1404 817//1404 816//1404
f 535//1405 796//1405 797//1405
f 535//1406 800//1406 530//1406
f 800//1389 534//1389 818//1389
f 818//1407 527//1407 775//1407
f 535//1408 797//1408 800//1408
f 534//1409 527//1409 818//1409
f 530//1410 775//1410 528//1410
f 800//1411 818//1411 530//1411
f 530//1412 818//1412 775//1412
f 819//1413 802//1413 799//1413
f 819//1414 799//1414 820//1414
f 821//1415 812//1415 822//1415
f 820//1416 799//1416 796//1416
f 822//1417 812//1417 802//1417
f 822//1418 802//1418 819//1418
f 820//1419 796//1419 535//1419
f 807//1420 794//1420 817//1420
f 805//1421 794//1421 807//1421
f 803//1422 794//1422 805//1422
f 783//1423 794//1423 803//1423
f 821//831 816//831 823//831
f 815//833 816//833 821//833
f 823//772 817//772 824//772
f 816//772 817//772 823//772
f 824//1349 825//1349 826//1349
f 817//1348 825//1348 824//1348
f 826//991 827//991 828//991
f 825//991 827//991 826//991
f 828//687 829//687 830//687
f 827//687 829//687 828//687
f 830//852 831//852 832//852
f 829//851 831//851 830//851
f 819//834 814//834 822//834
f 813//835 814//835 819//835
f 833//672 677//672 820//672
f 674//1424 677//1424 833//1424
f 820//1425 813//1425 819//1425
f 677//1425 813//1425 820//1425
f 675//1426 674//1426 834//1426
f 834//1426 674//1426 833//1426
f 820//1427 535//1427 833//1427
f 833//1428 535//1428 684//1428
f 687//1429 834//1429 684//1429
f 834//1430 833//1430 684//1430
f 678//1431 675//1431 687//1431
f 687//1431 675//1431 834//1431
f 814//1432 815//1432 822//1432
f 686//1433 678//1433 687//1433
f 822//1434 815//1434 821//1434
f 689//826 683//826 686//826
f 710//842 695//842 699//842
f 692//842 695//842 710//842
f 683//1435 678//1435 686//1435
f 835//1436 806//1436 808//1436
f 821//1437 836//1437 812//1437
f 835//1438 790//1438 784//1438
f 835//1439 784//1439 804//1439
f 835//1440 804//1440 806//1440
f 836//1441 810//1441 812//1441
f 836//1442 808//1442 810//1442
f 836//1443 835//1443 808//1443
f 795//1444 791//1444 790//1444
f 835//1445 795//1445 790//1445
f 836//1446 793//1446 835//1446
f 793//1446 795//1446 835//1446
f 792//1447 793//1447 837//1447
f 823//1448 836//1448 821//1448
f 838//1449 836//1449 823//1449
f 838//1450 826//1450 828//1450
f 838//1451 824//1451 826//1451
f 838//1452 823//1452 824//1452
f 838//1453 837//1453 836//1453
f 837//1454 793//1454 836//1454
f 817//1455 794//1455 825//1455
f 825//1456 794//1456 827//1456
f 827//1457 794//1457 829//1457
f 829//1458 794//1458 831//1458
f 831//1459 794//1459 839//1459
f 839//1460 840//1460 841//1460
f 841//1461 840//1461 842//1461
f 842//1462 840//1462 843//1462
f 794//1463 840//1463 839//1463
f 843//1464 750//1464 702//1464
f 840//1465 750//1465 843//1465
f 702//1466 704//1466 844//1466
f 843//1467 702//1467 845//1467
f 844//1468 704//1468 712//1468
f 845//1469 702//1469 844//1469
f 712//799 700//799 713//799
f 704//1470 700//1470 712//1470
f 700//1471 692//1471 713//1471
f 713//1471 692//1471 710//1471
f 841//1472 842//1472 846//1472
f 846//919 842//919 847//919
f 847//918 843//918 845//918
f 842//918 843//918 847//918
f 839//803 841//803 848//803
f 848//808 841//808 846//808
f 832//1473 839//1473 848//1473
f 831//1474 839//1474 832//1474
f 849//1475 845//1475 844//1475
f 849//1476 847//1476 845//1476
f 849//1477 846//1477 847//1477
f 749//1478 849//1478 844//1478
f 749//1479 844//1479 712//1479
f 850//1480 837//1480 851//1480
f 851//1481 837//1481 838//1481
f 851//1482 830//1482 832//1482
f 851//1483 838//1483 828//1483
f 851//1484 848//1484 846//1484
f 851//1485 832//1485 848//1485
f 851//1486 828//1486 830//1486
f 792//1487 840//1487 794//1487
f 792//1488 852//1488 840//1488
f 849//1489 851//1489 846//1489
f 849//1490 850//1490 851//1490
f 853//1491 740//1491 750//1491
f 852//1492 750//1492 840//1492
f 852//1493 853//1493 750//1493
f 854//1490 850//1490 849//1490
f 792//1494 837//1494 850//1494
f 852//1495 792//1495 850//1495
f 852//1496 850//1496 854//1496
f 755//1497 855//1497 753//1497
f 855//1498 856//1498 749//1498
f 857//1499 755//1499 740//1499
f 755//1500 857//1500 855//1500
f 857//1501 856//1501 855//1501
f 853//1502 857//1502 740//1502
f 748//1498 855//1498 749//1498
f 753//1278 855//1278 748//1278
f 853//1503 852//1503 854//1503
f 853//1504 854//1504 856//1504
f 857//1505 853//1505 856//1505
f 856//1506 854//1506 749//1506
f 749//1507 854//1507 849//1507
f 195//1508 256//1508 197//1508
f 197//1509 256//1509 255//1509
f 256//1510 195//1510 305//1510
f 284//1511 304//1511 305//1511
f 265//1512 255//1512 270//1512
f 270//1513 255//1513 252//1513
f 254//1514 271//1514 270//1514
f 254//1515 270//1515 252//1515
f 268//1516 264//1516 267//1516
f 267//1517 264//1517 266//1517
f 273//1518 304//1518 276//1518
f 272//1519 304//1519 273//1519
f 269//1520 264//1520 268//1520
f 275//1521 264//1521 269//1521
f 304//1522 264//1522 275//1522
f 276//1523 304//1523 275//1523
f 305//1524 858//1524 256//1524
f 859//1525 860//1525 305//1525
f 305//1526 860//1526 858//1526
f 861//1527 862//1527 305//1527
f 305//1528 863//1528 861//1528
f 858//1529 860//1529 864//1529
f 862//1530 865//1530 305//1530
f 865//1531 859//1531 305//1531
f 305//1532 866//1532 863//1532
f 305//1533 867//1533 866//1533
f 868//1534 869//1534 858//1534
f 869//1535 870//1535 858//1535
f 305//1536 871//1536 867//1536
f 858//1537 864//1537 872//1537
f 873//1538 874//1538 858//1538
f 872//1539 873//1539 858//1539
f 874//1540 868//1540 858//1540
f 875//1541 876//1541 858//1541
f 870//1542 875//1542 858//1542
f 271//1543 256//1543 858//1543
f 271//1544 257//1544 256//1544
f 261//1545 271//1545 260//1545
f 253//1546 271//1546 254//1546
f 258//1547 271//1547 253//1547
f 259//1548 271//1548 258//1548
f 260//1549 271//1549 259//1549
f 257//1550 271//1550 262//1550
f 262//1551 271//1551 263//1551
f 263//1552 271//1552 261//1552
f 277//1553 271//1553 858//1553
f 277//1554 281//1554 282//1554
f 858//1555 272//1555 277//1555
f 304//1556 877//1556 871//1556
f 876//1557 878//1557 272//1557
f 858//1558 876//1558 272//1558
f 277//1559 272//1559 274//1559
f 878//1560 879//1560 272//1560
f 277//1561 274//1561 278//1561
f 277//1562 278//1562 279//1562
f 277//1563 279//1563 280//1563
f 277//1564 280//1564 281//1564
f 304//1565 871//1565 305//1565
f 880//1566 881//1566 882//1566
f 881//1567 859//1567 865//1567
f 883//1566 881//1566 880//1566
f 881//1568 883//1568 859//1568
f 883//1569 884//1569 885//1569
f 883//1570 885//1570 859//1570
f 880//1571 886//1571 887//1571
f 859//632 885//632 860//632
f 885//632 888//632 860//632
f 884//1572 883//1572 887//1572
f 887//1572 883//1572 880//1572
f 889//1573 890//1573 891//1573
f 881//1574 865//1574 889//1574
f 889//1575 865//1575 892//1575
f 882//1574 881//1574 889//1574
f 865//1576 862//1576 892//1576
f 882//1577 891//1577 893//1577
f 889//1578 891//1578 882//1578
f 882//1579 893//1579 894//1579
f 882//1580 895//1580 880//1580
f 896//1581 886//1581 880//1581
f 897//1582 896//1582 880//1582
f 894//1583 895//1583 882//1583
f 895//1584 898//1584 880//1584
f 898//1585 897//1585 880//1585
f 896//580 897//580 899//580
f 899//584 897//584 900//584
f 897//578 898//578 900//578
f 900//583 898//583 901//583
f 901//1586 898//1586 902//1586
f 895//585 894//585 902//585
f 902//585 894//585 903//585
f 898//1587 895//1587 902//1587
f 893//609 891//609 904//609
f 905//1588 890//1588 906//1588
f 907//1033 890//1033 905//1033
f 894//1589 893//1589 904//1589
f 903//1590 894//1590 904//1590
f 890//1591 908//1591 906//1591
f 904//607 891//607 907//607
f 891//605 890//605 907//605
f 860//1592 902//1592 903//1592
f 860//1593 901//1593 902//1593
f 903//1594 904//1594 860//1594
f 860//1595 900//1595 901//1595
f 860//1596 899//1596 900//1596
f 888//1597 899//1597 860//1597
f 888//1598 909//1598 899//1598
f 885//743 910//743 911//743
f 885//1599 911//1599 888//1599
f 910//1600 912//1600 911//1600
f 910//1601 913//1601 912//1601
f 914//1602 884//1602 887//1602
f 915//1603 913//1603 910//1603
f 884//1604 915//1604 910//1604
f 884//1605 910//1605 885//1605
f 915//1606 884//1606 914//1606
f 913//1607 916//1607 912//1607
f 913//1608 917//1608 916//1608
f 918//1609 917//1609 913//1609
f 919//1610 915//1610 914//1610
f 915//1611 918//1611 913//1611
f 918//757 915//757 919//757
f 914//1612 920//1612 919//1612
f 921//1613 922//1613 919//1613
f 923//1614 924//1614 914//1614
f 920//1615 921//1615 919//1615
f 924//1616 920//1616 914//1616
f 886//1617 925//1617 887//1617
f 926//1618 914//1618 887//1618
f 925//1619 927//1619 887//1619
f 927//1620 926//1620 887//1620
f 928//1621 914//1621 926//1621
f 929//680 930//680 931//680
f 932//653 928//653 933//653
f 934//652 928//652 932//652
f 933//651 926//651 935//651
f 928//651 926//651 933//651
f 926//649 927//649 935//649
f 936//681 934//681 937//681
f 937//682 934//682 932//682
f 938//684 936//684 939//684
f 939//685 936//685 937//685
f 931//1622 938//1622 940//1622
f 941//695 929//695 942//695
f 940//1623 938//1623 939//1623
f 942//696 929//696 943//696
f 929//694 931//694 943//694
f 943//1624 931//1624 940//1624
f 944//646 886//646 909//646
f 927//1625 925//1625 945//1625
f 945//1625 925//1625 944//1625
f 886//645 896//645 909//645
f 925//1227 886//1227 944//1227
f 909//645 896//645 899//645
f 935//649 927//649 945//649
f 888//1626 944//1626 909//1626
f 888//1627 945//1627 944//1627
f 911//1628 935//1628 945//1628
f 888//1629 911//1629 945//1629
f 936//666 946//666 947//666
f 928//1630 923//1630 914//1630
f 934//665 923//665 928//665
f 936//663 947//663 934//663
f 934//662 947//662 923//662
f 923//1631 947//1631 948//1631
f 938//660 949//660 946//660
f 931//717 950//717 938//717
f 938//667 946//667 936//667
f 950//720 949//720 938//720
f 930//718 950//718 931//718
f 950//722 951//722 952//722
f 946//1632 949//1632 953//1632
f 949//1633 954//1633 955//1633
f 953//767 949//767 955//767
f 950//724 952//724 954//724
f 956//1634 946//1634 953//1634
f 947//670 946//670 948//670
f 950//725 954//725 949//725
f 948//671 946//671 956//671
f 912//1635 957//1635 958//1635
f 959//675 924//675 960//675
f 924//675 923//675 960//675
f 912//1636 961//1636 957//1636
f 912//1637 958//1637 959//1637
f 916//1638 961//1638 912//1638
f 911//1639 959//1639 935//1639
f 912//1640 959//1640 911//1640
f 932//1418 948//1418 937//1418
f 960//731 948//731 932//731
f 933//1641 959//1641 960//1641
f 935//1642 959//1642 933//1642
f 933//726 960//726 932//726
f 948//1643 956//1643 937//1643
f 960//830 923//830 948//830
f 937//734 956//734 939//734
f 956//730 953//730 939//730
f 862//1644 861//1644 962//1644
f 963//1645 964//1645 965//1645
f 963//1646 965//1646 966//1646
f 963//1647 966//1647 962//1647
f 892//1648 862//1648 962//1648
f 861//1649 863//1649 963//1649
f 962//1650 861//1650 963//1650
f 967//888 968//888 969//888
f 969//889 968//889 970//889
f 967//890 971//890 968//890
f 972//1651 971//1651 967//1651
f 973//1652 971//1652 972//1652
f 974//1653 866//1653 975//1653
f 863//1654 866//1654 974//1654
f 866//1655 867//1655 975//1655
f 976//1656 977//1656 974//1656
f 974//1657 978//1657 979//1657
f 977//1658 978//1658 974//1658
f 975//1659 976//1659 974//1659
f 974//1660 979//1660 980//1660
f 963//1661 863//1661 974//1661
f 963//1662 980//1662 964//1662
f 974//1663 980//1663 963//1663
f 981//1664 982//1664 983//1664
f 983//1665 982//1665 984//1665
f 984//796 982//796 971//796
f 985//1666 981//1666 983//1666
f 986//786 985//786 987//786
f 987//1667 985//1667 983//1667
f 988//785 986//785 987//785
f 978//788 986//788 988//788
f 979//789 978//789 988//789
f 984//791 971//791 973//791
f 892//1668 989//1668 889//1668
f 962//1669 990//1669 892//1669
f 990//1670 991//1670 892//1670
f 991//1671 992//1671 892//1671
f 993//1672 994//1672 889//1672
f 992//1673 989//1673 892//1673
f 989//1674 993//1674 889//1674
f 962//1675 995//1675 996//1675
f 996//1676 990//1676 962//1676
f 962//1677 966//1677 995//1677
f 990//1678 996//1678 872//1678
f 991//1679 990//1679 864//1679
f 989//1680 992//1680 997//1680
f 997//870 991//870 998//870
f 999//1681 989//1681 997//1681
f 998//1682 991//1682 864//1682
f 992//870 991//870 997//870
f 864//1683 990//1683 872//1683
f 993//878 989//878 1000//878
f 1000//876 989//876 999//876
f 1001//1190 1002//1190 1003//1190
f 994//1684 890//1684 889//1684
f 1004//596 1002//596 1001//596
f 1001//1191 1003//1191 1005//1191
f 1005//1685 1003//1685 908//1685
f 1005//1686 908//1686 994//1686
f 994//595 908//595 890//595
f 1006//880 1005//880 1007//880
f 1005//883 994//883 1007//883
f 994//875 993//875 1008//875
f 1008//875 993//875 1000//875
f 1007//879 994//879 1008//879
f 1001//881 1005//881 1006//881
f 1004//1687 1001//1687 1009//1687
f 1010//653 1004//653 1009//653
f 1011//799 1004//799 1010//799
f 1009//1688 1001//1688 1006//1688
f 970//798 1011//798 1012//798
f 1012//800 1011//800 1010//800
f 864//1689 860//1689 998//1689
f 860//1690 997//1690 998//1690
f 860//1691 999//1691 997//1691
f 860//1692 904//1692 999//1692
f 905//1693 906//1693 1008//1693
f 1006//1694 1013//1694 1009//1694
f 999//1695 907//1695 1000//1695
f 1014//623 1013//623 1006//623
f 1008//621 906//621 1007//621
f 906//619 1014//619 1007//619
f 1007//624 1014//624 1006//624
f 1000//1696 905//1696 1008//1696
f 904//1697 907//1697 999//1697
f 907//1698 905//1698 1000//1698
f 872//1699 996//1699 873//1699
f 966//1634 965//1634 868//1634
f 873//1700 966//1700 874//1700
f 874//1632 966//1632 868//1632
f 995//1701 966//1701 873//1701
f 996//1702 995//1702 873//1702
f 868//1591 965//1591 1015//1591
f 965//1588 964//1588 1015//1588
f 980//1703 979//1703 1016//1703
f 1016//772 979//772 1017//772
f 964//993 980//993 1016//993
f 1015//993 964//993 1016//993
f 1018//1704 988//1704 1019//1704
f 1019//1705 987//1705 1020//1705
f 1017//1706 979//1706 1018//1706
f 988//1707 987//1707 1019//1707
f 987//1708 983//1708 1020//1708
f 979//1709 988//1709 1018//1709
f 1020//811 984//811 1021//811
f 983//1710 984//1710 1020//1710
f 972//694 967//694 1022//694
f 1023//806 969//806 1024//806
f 967//807 969//807 1023//807
f 1024//802 970//802 1012//802
f 1022//692 967//692 1023//692
f 973//1711 972//1711 1025//1711
f 969//801 970//801 1024//801
f 1012//901 1026//901 1024//901
f 1025//1711 972//1711 1022//1711
f 1024//900 1026//900 1023//900
f 1026//899 1027//899 1023//899
f 1025//1712 1027//1712 1021//1712
f 1022//1713 1027//1713 1025//1713
f 984//813 973//813 1021//813
f 1023//1714 1027//1714 1022//1714
f 1021//813 973//813 1025//813
f 1015//1715 1028//1715 868//1715
f 1028//1716 869//1716 868//1716
f 1017//1717 1029//1717 1016//1717
f 1016//1718 1030//1718 1015//1718
f 1016//1719 1029//1719 1030//1719
f 1015//1720 1030//1720 1028//1720
f 1018//860 1031//860 1032//860
f 1019//859 1031//859 1018//859
f 1018//855 1032//855 1017//855
f 1019//858 1033//858 1031//858
f 1020//857 1033//857 1019//857
f 1017//1721 1032//1721 1029//1721
f 1021//814 1034//814 1020//814
f 1027//815 1034//815 1021//815
f 1020//856 1035//856 1033//856
f 1020//854 1034//854 1035//854
f 1036//688 1037//688 1038//688
f 1039//689 1037//689 1036//689
f 1004//603 1040//603 1002//603
f 1013//1722 1002//1722 1036//1722
f 1014//611 1002//611 1013//611
f 1002//706 1040//706 1039//706
f 906//1723 908//1723 1014//1723
f 1002//1724 1039//1724 1036//1724
f 908//1247 1003//1247 1014//1247
f 1003//611 1002//611 1014//611
f 1039//704 1041//704 1037//704
f 1042//1725 1043//1725 941//1725
f 1044//1582 1043//1582 1042//1582
f 1043//700 1041//700 1045//700
f 1040//705 1041//705 1039//705
f 1037//703 1041//703 1044//703
f 1041//697 1043//697 1044//697
f 942//716 1045//716 1046//716
f 1047//711 1045//711 1048//711
f 1046//715 1045//715 1047//715
f 1044//1726 1042//1726 1046//1726
f 1037//686 1044//686 1038//686
f 1047//1392 1044//1392 1046//1392
f 1038//687 1044//687 1047//687
f 1046//693 941//693 942//693
f 1042//1098 941//1098 1046//1098
f 1047//1727 1048//1727 1038//1727
f 1049//895 1040//895 1026//895
f 968//891 1040//891 970//891
f 1041//701 1040//701 1049//701
f 970//892 1040//892 1011//892
f 1040//895 968//895 1026//895
f 1011//893 1040//893 1004//893
f 1013//1728 1049//1728 1009//1728
f 1038//707 1048//707 1036//707
f 1036//713 1048//713 1049//713
f 1045//702 1041//702 1048//702
f 1009//1729 1049//1729 1010//1729
f 1048//701 1041//701 1049//701
f 1036//710 1049//710 1013//710
f 930//698 1043//698 1050//698
f 941//679 930//679 929//679
f 1050//699 1043//699 1045//699
f 939//729 953//729 1051//729
f 1043//678 930//678 941//678
f 939//1730 1051//1730 940//1730
f 940//1731 1051//1731 1050//1731
f 940//1732 1050//1732 943//1732
f 943//709 1050//709 942//709
f 942//714 1050//714 1045//714
f 955//1733 1052//1733 1051//1733
f 1052//735 1053//735 1051//735
f 1053//721 950//721 1051//721
f 951//723 950//723 1053//723
f 1051//719 930//719 1050//719
f 950//719 930//719 1051//719
f 953//1405 955//1405 1051//1405
f 1054//1734 1055//1734 1056//1734
f 1057//1735 982//1735 981//1735
f 1056//1736 1055//1736 1058//1736
f 1059//1737 1058//1737 1057//1737
f 1060//1738 1058//1738 1059//1738
f 1056//1739 1058//1739 1060//1739
f 1057//1740 1058//1740 982//1740
f 971//903 982//903 1034//903
f 1058//1741 1055//1741 1061//1741
f 982//1742 1058//1742 1034//1742
f 1034//1743 1058//1743 1061//1743
f 1027//903 971//903 1034//903
f 1026//902 971//902 1027//902
f 968//894 971//894 1026//894
f 1034//922 1061//922 1062//922
f 1035//925 1034//925 1062//925
f 1010//897 1049//897 1012//897
f 1012//896 1049//896 1026//896
f 1063//1060 918//1060 1064//1060
f 918//1744 1063//1744 917//1744
f 917//1745 1065//1745 916//1745
f 917//1745 1066//1745 1065//1745
f 1064//1060 918//1060 919//1060
f 1063//1746 1066//1746 917//1746
f 1067//1747 1064//1747 919//1747
f 1068//1748 1064//1748 1067//1748
f 922//1749 1067//1749 919//1749
f 1068//1750 1069//1750 1064//1750
f 1069//1751 1070//1751 1064//1751
f 1071//1752 1072//1752 1073//1752
f 1071//1753 1063//1753 1074//1753
f 1063//1754 1071//1754 1066//1754
f 1071//1755 1073//1755 1066//1755
f 1075//1756 1071//1756 1074//1756
f 1072//1756 1071//1756 1075//1756
f 1074//1753 1063//1753 1064//1753
f 1070//1757 1074//1757 1064//1757
f 1076//1758 1074//1758 1070//1758
f 1066//1068 1073//1068 1077//1068
f 1066//1759 1077//1759 1065//1759
f 1078//1760 1079//1760 1080//1760
f 1081//1761 1082//1761 1078//1761
f 1083//1762 1082//1762 1081//1762
f 1084//987 1082//987 1083//987
f 951//984 1082//984 1084//984
f 951//983 1084//983 1085//983
f 1082//1763 1079//1763 1078//1763
f 951//990 1085//990 952//990
f 1084//1704 1083//1704 1086//1704
f 1087//1764 1085//1764 1088//1764
f 955//1765 954//1765 1052//1765
f 952//994 1085//994 1052//994
f 1088//1707 1084//1707 1086//1707
f 1085//1766 1084//1766 1088//1766
f 954//993 952//993 1052//993
f 1052//994 1085//994 1087//994
f 1089//1767 1078//1767 1090//1767
f 1091//692 1092//692 1093//692
f 1093//694 1092//694 1094//694
f 1083//1097 1081//1097 1089//1097
f 1081//997 1078//997 1089//997
f 1078//813 1080//813 1090//813
f 1086//1097 1083//1097 1089//1097
f 1080//808 1091//808 1095//808
f 1090//995 1080//995 1095//995
f 1095//803 1091//803 1093//803
f 1096//1768 1075//1768 1074//1768
f 1096//1769 1074//1769 1097//1769
f 1097//1770 1074//1770 1076//1770
f 1098//1771 1075//1771 1096//1771
f 1098//1772 1099//1772 1075//1772
f 1098//802 1096//802 1100//802
f 1101//1016 1102//1016 1091//1016
f 1102//1017 1099//1017 1092//1017
f 1092//974 1099//974 1098//974
f 1092//973 1098//973 1094//973
f 1094//973 1098//973 1100//973
f 1079//1773 1103//1773 1080//1773
f 1080//1015 1101//1015 1091//1015
f 1103//1018 1101//1018 1080//1018
f 1091//1014 1102//1014 1092//1014
f 921//583 920//583 957//583
f 922//1774 921//1774 957//1774
f 1067//1092 922//1092 1104//1092
f 920//1682 924//1682 959//1682
f 957//964 920//964 958//964
f 958//1679 920//1679 959//1679
f 961//1775 922//1775 957//1775
f 1104//1092 922//1092 961//1092
f 1068//962 1067//962 1105//962
f 1105//960 1067//960 1104//960
f 1069//879 1068//879 1106//879
f 1106//883 1068//883 1105//883
f 1070//967 1069//967 1107//967
f 1107//970 1069//970 1106//970
f 1108//969 1070//969 1107//969
f 1097//968 1076//968 1109//968
f 1109//966 1076//966 1108//966
f 1096//682 1097//682 1110//682
f 1100//972 1096//972 1110//972
f 1110//965 1097//965 1109//965
f 1076//971 1070//971 1108//971
f 916//1776 1105//1776 1104//1776
f 1105//1777 1065//1777 1106//1777
f 1106//1778 1065//1778 1107//1778
f 916//1779 1065//1779 1105//1779
f 916//1780 1104//1780 961//1780
f 1100//1042 1111//1042 1094//1042
f 1110//1781 1112//1781 1100//1781
f 1077//1782 1112//1782 1110//1782
f 1065//1783 1077//1783 1108//1783
f 1109//1784 1077//1784 1110//1784
f 1100//1785 1112//1785 1113//1785
f 1100//1786 1113//1786 1111//1786
f 1107//1787 1065//1787 1108//1787
f 1108//1788 1077//1788 1109//1788
f 1114//1789 1115//1789 1116//1789
f 1117//1790 1114//1790 1116//1790
f 1117//1791 1116//1791 1118//1791
f 1072//1792 1118//1792 1073//1792
f 1072//1793 1117//1793 1118//1793
f 1114//1133 1117//1133 1119//1133
f 1120//1115 1114//1115 1121//1115
f 1121//1115 1114//1115 1119//1115
f 1122//1794 1115//1794 1123//1794
f 1114//1795 1123//1795 1115//1795
f 1120//1796 1123//1796 1114//1796
f 1120//1797 1124//1797 1123//1797
f 1125//1798 1124//1798 1120//1798
f 1119//1133 1117//1133 1126//1133
f 1118//1799 1127//1799 1112//1799
f 1126//1124 1072//1124 1075//1124
f 1117//1124 1072//1124 1126//1124
f 1118//1125 1116//1125 1127//1125
f 1073//1800 1112//1800 1077//1800
f 1073//1800 1118//1800 1112//1800
f 1128//1801 1129//1801 1075//1801
f 1099//1802 1128//1802 1075//1802
f 1129//1803 1126//1803 1075//1803
f 1130//1804 1126//1804 1129//1804
f 1131//1805 1119//1805 1132//1805
f 1132//1806 1119//1806 1133//1806
f 1133//1807 1119//1807 1126//1807
f 1134//1808 1126//1808 1130//1808
f 1133//1809 1126//1809 1134//1809
f 1112//1810 1127//1810 1135//1810
f 1135//1811 1127//1811 1136//1811
f 1136//1812 1127//1812 1137//1812
f 1112//1813 1135//1813 1138//1813
f 1112//1814 1138//1814 1113//1814
f 1127//1815 1139//1815 1137//1815
f 1140//1816 1121//1816 1119//1816
f 1140//1817 1119//1817 1131//1817
f 1122//1818 1139//1818 1115//1818
f 1116//1123 1115//1123 1139//1123
f 1116//1123 1139//1123 1127//1123
f 1082//1004 951//1004 1141//1004
f 1141//1000 951//1000 1053//1000
f 1142//1819 1079//1819 1143//1819
f 1144//1819 1079//1819 1142//1819
f 1143//1820 1082//1820 1141//1820
f 1079//1821 1082//1821 1143//1821
f 1090//1008 1141//1008 1089//1008
f 1089//1822 1141//1822 1086//1822
f 1086//1823 1141//1823 1088//1823
f 1052//1013 1087//1013 1053//1013
f 1095//1824 1143//1824 1090//1824
f 1088//1825 1141//1825 1053//1825
f 1087//1826 1088//1826 1053//1826
f 1090//1827 1143//1827 1141//1827
f 1079//1828 1145//1828 1103//1828
f 1144//1829 1145//1829 1079//1829
f 1146//1830 1147//1830 1148//1830
f 1144//1023 1149//1023 1145//1023
f 1146//1022 1150//1022 1147//1022
f 1146//1831 1148//1831 1144//1831
f 1144//1027 1148//1027 1149//1027
f 1146//1025 1151//1025 1150//1025
f 1152//1832 1147//1832 1153//1832
f 1154//1096 1155//1096 1156//1096
f 1148//674 1147//674 1157//674
f 1150//1031 1151//1031 1153//1031
f 1157//1035 1147//1035 1152//1035
f 1153//1031 1151//1031 1154//1031
f 1147//1833 1150//1833 1153//1833
f 1155//776 1158//776 1156//776
f 1156//771 1158//771 1159//771
f 1151//774 1155//774 1154//774
f 1160//1834 1161//1834 1155//1834
f 1160//1835 1151//1835 1146//1835
f 1162//1154 1146//1154 1163//1154
f 1160//1836 1146//1836 1162//1836
f 1160//923 1155//923 1151//923
f 1163//1153 1144//1153 1142//1153
f 1146//1153 1144//1153 1163//1153
f 1093//1038 1164//1038 1095//1038
f 1095//1837 1164//1837 1165//1837
f 1093//1037 1166//1037 1164//1037
f 1094//1039 1166//1039 1093//1039
f 1095//1838 1165//1838 1143//1838
f 1094//1040 1111//1040 1166//1040
f 1102//1682 1101//1682 1164//1682
f 1164//1028 1101//1028 1165//1028
f 1101//1028 1103//1028 1165//1028
f 1099//1043 1102//1043 1111//1043
f 1166//1679 1102//1679 1164//1679
f 1111//964 1102//964 1166//964
f 1113//1045 1099//1045 1111//1045
f 1129//1092 1128//1092 1138//1092
f 1130//839 1129//839 1135//839
f 1135//841 1129//841 1138//841
f 1128//961 1099//961 1113//961
f 1138//1091 1128//1091 1113//1091
f 1145//1029 1149//1029 1167//1029
f 1165//1589 1103//1589 1167//1589
f 1168//1033 1148//1033 1157//1033
f 1167//1030 1149//1030 1168//1030
f 1149//1034 1148//1034 1168//1034
f 1103//1590 1145//1590 1167//1590
f 1165//1839 1167//1839 1143//1839
f 1167//1050 1168//1050 1142//1050
f 1154//1156 1156//1156 1162//1156
f 1168//1049 1157//1049 1142//1049
f 1153//1158 1154//1158 1163//1158
f 1143//1840 1167//1840 1142//1840
f 1163//1157 1154//1157 1162//1157
f 1152//1160 1153//1160 1163//1160
f 1157//930 1152//930 1142//930
f 1142//1159 1152//1159 1163//1159
f 1169//1149 1170//1149 1171//1149
f 1172//1841 1173//1841 1169//1841
f 1172//1842 1171//1842 1174//1842
f 1172//1141 1169//1141 1171//1141
f 1172//1843 1175//1843 1173//1843
f 1176//1844 1161//1844 1160//1844
f 1170//1845 1177//1845 1171//1845
f 1171//1846 1176//1846 1160//1846
f 1177//1847 1176//1847 1171//1847
f 1178//1848 1172//1848 1174//1848
f 1179//1849 1180//1849 1181//1849
f 1180//1850 1182//1850 1175//1850
f 1180//1851 1183//1851 1182//1851
f 1181//1849 1180//1849 1178//1849
f 1180//1852 1175//1852 1172//1852
f 1180//1853 1172//1853 1178//1853
f 1171//1854 1160//1854 1184//1854
f 1184//1855 1160//1855 1162//1855
f 1174//1856 1171//1856 1184//1856
f 1162//1163 1185//1163 1186//1163
f 1162//1162 1186//1162 1184//1162
f 1156//1155 1185//1155 1162//1155
f 1184//1166 1187//1166 1188//1166
f 1189//1208 1190//1208 1178//1208
f 1184//1161 1186//1161 1191//1161
f 1192//1209 1189//1209 1178//1209
f 1188//1207 1193//1207 1174//1207
f 1184//1164 1188//1164 1174//1164
f 1193//1204 1192//1204 1174//1204
f 1174//1203 1192//1203 1178//1203
f 1184//1167 1191//1167 1187//1167
f 1194//1857 1195//1857 1125//1857
f 1125//1858 1195//1858 1124//1858
f 1196//1859 1197//1859 1194//1859
f 1194//1860 1197//1860 1195//1860
f 1125//1861 1120//1861 1198//1861
f 1199//1862 1125//1862 1198//1862
f 1194//1863 1125//1863 1199//1863
f 1200//1864 1201//1864 1202//1864
f 1202//1865 1196//1865 1203//1865
f 1202//1866 1204//1866 1196//1866
f 1201//1867 1204//1867 1202//1867
f 1196//1868 1204//1868 1197//1868
f 1205//1705 1206//1705 1207//1705
f 1208//1869 1205//1869 1209//1869
f 1210//611 1211//611 1212//611
f 1213//1709 1211//1709 1214//1709
f 1212//614 1211//614 1213//614
f 1206//690 1215//690 1207//690
f 1214//1253 1208//1253 1209//1253
f 1211//1706 1208//1706 1214//1706
f 1209//1708 1205//1708 1207//1708
f 1216//1670 1203//1670 1217//1670
f 1215//1870 1203//1870 1216//1870
f 1206//1871 1203//1871 1215//1871
f 1218//1872 1195//1872 1197//1872
f 1219//1873 1220//1873 1199//1873
f 1219//1874 1199//1874 1221//1874
f 1196//1875 1194//1875 1220//1875
f 1220//1875 1194//1875 1199//1875
f 1222//1279 1197//1279 1204//1279
f 1222//1279 1218//1279 1197//1279
f 1203//1876 1196//1876 1220//1876
f 1223//1877 1220//1877 1219//1877
f 1224//1878 1220//1878 1223//1878
f 1217//1879 1220//1879 1224//1879
f 1203//1880 1220//1880 1217//1880
f 1225//1881 1198//1881 1226//1881
f 1227//1882 1121//1882 1140//1882
f 1228//1883 1121//1883 1227//1883
f 1226//1884 1198//1884 1121//1884
f 1225//1103 1226//1103 1229//1103
f 1226//1885 1121//1885 1228//1885
f 1230//1219 1231//1219 1232//1219
f 1231//789 1233//789 1232//789
f 1158//1886 1234//1886 1230//1886
f 1234//1887 1231//1887 1230//1887
f 1155//1221 1161//1221 1158//1221
f 1161//1888 1234//1888 1158//1888
f 1159//1097 1230//1097 1235//1097
f 1235//1102 1230//1102 1236//1102
f 1236//1098 1225//1098 1229//1098
f 1232//693 1225//693 1236//693
f 1230//1101 1232//1101 1236//1101
f 1158//1097 1230//1097 1159//1097
f 1232//1889 1198//1889 1225//1889
f 1233//1890 1198//1890 1232//1890
f 1131//1094 1132//1094 1237//1094
f 1238//969 1133//969 1137//969
f 1237//799 1132//799 1238//799
f 1140//1891 1131//1891 1239//1891
f 1132//969 1133//969 1238//969
f 1137//649 1134//649 1136//649
f 1133//650 1134//650 1137//650
f 1239//1891 1131//1891 1237//1891
f 1134//879 1130//879 1136//879
f 1136//883 1130//883 1135//883
f 1228//973 1227//973 1240//973
f 1240//973 1227//973 1241//973
f 1226//1099 1228//1099 1242//1099
f 1241//801 1140//801 1239//801
f 1242//1100 1228//1100 1240//1100
f 1227//802 1140//802 1241//802
f 1229//1104 1226//1104 1242//1104
f 1241//1892 1122//1892 1240//1892
f 1239//1893 1122//1893 1241//1893
f 1139//1894 1122//1894 1239//1894
f 1238//1895 1139//1895 1237//1895
f 1237//1896 1139//1896 1239//1896
f 1137//1897 1139//1897 1238//1897
f 1198//1898 1120//1898 1121//1898
f 1122//1899 1243//1899 1240//1899
f 1240//1900 1243//1900 1242//1900
f 1242//1901 1243//1901 1229//1901
f 1244//1902 1243//1902 1124//1902
f 1244//1903 1124//1903 1195//1903
f 1243//1904 1122//1904 1123//1904
f 1243//1905 1123//1905 1124//1905
f 1176//964 1177//964 1186//964
f 1186//583 1177//583 1191//583
f 1169//1589 1173//1589 1193//1589
f 1177//1587 1170//1587 1187//1587
f 1187//1906 1170//1906 1188//1906
f 1170//1028 1169//1028 1188//1028
f 1188//1589 1169//1589 1193//1589
f 1191//1586 1177//1586 1187//1586
f 1234//876 1161//876 1245//876
f 1245//878 1161//878 1185//878
f 1185//1224 1161//1224 1186//1224
f 1161//1226 1176//1226 1186//1226
f 1173//1907 1175//1907 1193//1907
f 1190//1247 1183//1247 1212//1247
f 1189//1908 1182//1908 1190//1908
f 1182//1347 1183//1347 1190//1347
f 1183//1247 1210//1247 1212//1247
f 1192//1251 1175//1251 1189//1251
f 1175//1909 1182//1909 1189//1909
f 1193//1030 1175//1030 1192//1030
f 1231//839 1234//839 1246//839
f 1247//649 1233//649 1248//649
f 1246//841 1234//841 1245//841
f 1249//650 1233//650 1247//650
f 1248//883 1231//883 1246//883
f 1233//879 1231//879 1248//879
f 1250//969 1249//969 1247//969
f 1221//845 1251//845 1252//845
f 1252//844 1251//844 1250//844
f 1253//1910 1219//1910 1254//1910
f 1251//1911 1249//1911 1250//1911
f 1254//1912 1221//1912 1252//1912
f 1223//1913 1219//1913 1253//1913
f 1219//1093 1221//1093 1254//1093
f 1216//695 1217//695 1255//695
f 1207//691 1215//691 1256//691
f 1256//1914 1216//1914 1255//1914
f 1217//1100 1224//1100 1257//1100
f 1257//1100 1224//1100 1258//1100
f 1215//1915 1216//1915 1256//1915
f 1224//973 1223//973 1258//973
f 1255//696 1217//696 1257//696
f 1258//1916 1223//1916 1253//1916
f 1235//1283 1245//1283 1159//1283
f 1159//1285 1185//1285 1156//1285
f 1236//1284 1246//1284 1235//1284
f 1235//1286 1246//1286 1245//1286
f 1159//1283 1245//1283 1185//1283
f 1229//1721 1248//1721 1236//1721
f 1236//1917 1248//1917 1246//1917
f 1221//1918 1199//1918 1251//1918
f 1249//1919 1199//1919 1198//1919
f 1251//1920 1199//1920 1249//1920
f 1218//1921 1244//1921 1195//1921
f 1229//1922 1243//1922 1248//1922
f 1248//1923 1243//1923 1247//1923
f 1249//1924 1198//1924 1233//1924
f 1243//1925 1244//1925 1247//1925
f 1250//1926 1244//1926 1252//1926
f 1244//1927 1218//1927 1252//1927
f 1247//1928 1244//1928 1250//1928
f 1253//1929 1218//1929 1258//1929
f 1254//1930 1218//1930 1253//1930
f 1252//1931 1218//1931 1254//1931
f 1259//1932 1260//1932 1261//1932
f 1262//1933 1260//1933 1259//1933
f 1263//1934 1260//1934 1262//1934
f 1264//1307 877//1307 1263//1307
f 867//1308 871//1308 1264//1308
f 975//1308 867//1308 1264//1308
f 1263//1315 877//1315 1260//1315
f 871//1307 877//1307 1264//1307
f 877//1315 1265//1315 1260//1315
f 1264//1935 1266//1935 1267//1935
f 975//1936 1267//1936 1268//1936
f 1264//1937 1267//1937 975//1937
f 1264//1938 1269//1938 1266//1938
f 975//1939 1268//1939 1270//1939
f 1263//1940 1271//1940 1272//1940
f 1263//1941 1272//1941 1273//1941
f 1264//1942 1273//1942 1269//1942
f 1263//1943 1273//1943 1264//1943
f 1270//1944 976//1944 975//1944
f 978//828 977//828 1032//828
f 1032//827 977//827 1029//827
f 1029//763 977//763 1030//763
f 1030//675 976//675 1028//675
f 977//763 976//763 1030//763
f 1028//1945 1270//1945 869//1945
f 976//675 1270//675 1028//675
f 1270//1699 1268//1699 869//1699
f 869//670 1267//670 870//670
f 870//1346 1267//1346 875//1346
f 1268//671 1267//671 869//671
f 875//767 1266//767 876//767
f 1269//1765 1273//1765 878//1765
f 1267//1946 1266//1946 875//1946
f 1266//767 1269//767 876//767
f 876//993 1269//993 878//993
f 1263//1947 1262//1947 1271//1947
f 1062//843 981//843 1035//843
f 1057//1948 981//1948 1062//1948
f 986//1949 978//1949 1032//1949
f 985//825 986//825 1033//825
f 1035//839 985//839 1033//839
f 981//841 985//841 1035//841
f 1033//825 986//825 1031//825
f 1031//1950 986//1950 1032//1950
f 1056//1094 1060//1094 1274//1094
f 1274//799 1060//799 1275//799
f 1275//797 1059//797 1276//797
f 1060//797 1059//797 1275//797
f 1054//1951 1056//1951 1277//1951
f 1277//1952 1056//1952 1274//1952
f 1276//970 1057//970 1062//970
f 1278//685 1054//685 1279//685
f 1059//967 1057//967 1276//967
f 1279//1953 1054//1953 1277//1953
f 1272//1764 1271//1764 1280//1764
f 1281//1097 1262//1097 1282//1097
f 1280//771 1271//771 1281//771
f 1262//1097 1259//1097 1282//1097
f 1273//1954 1272//1954 878//1954
f 878//1954 1272//1954 879//1954
f 1271//771 1262//771 1281//771
f 879//1766 1272//1766 1280//1766
f 1283//812 1284//812 1285//812
f 1285//808 1286//808 1287//808
f 1286//1393 1288//1393 1287//1393
f 1289//1622 1278//1622 1279//1622
f 1284//803 1286//803 1285//803
f 1287//1393 1288//1393 1289//1393
f 1261//1955 1284//1955 1283//1955
f 1282//998 1261//998 1283//998
f 1259//1767 1261//1767 1282//1767
f 1288//1956 1278//1956 1289//1956
f 1290//1957 1291//1957 1292//1957
f 1292//1957 1291//1957 1293//1957
f 1260//1958 1265//1958 1292//1958
f 1265//1958 1290//1958 1292//1958
f 1260//1959 1294//1959 1295//1959
f 1292//1960 1294//1960 1260//1960
f 1292//1961 1296//1961 1294//1961
f 1260//1962 1295//1962 1261//1962
f 1292//1963 1297//1963 1296//1963
f 1292//1964 1293//1964 1298//1964
f 1292//1758 1298//1758 1297//1758
f 1293//1965 1291//1965 1299//1965
f 1291//1965 1300//1965 1299//1965
f 1298//1966 1293//1966 1301//1966
f 1293//1967 1302//1967 1301//1967
f 1293//1968 1303//1968 1302//1968
f 1293//1969 1299//1969 1303//1969
f 1301//1096 1302//1096 1304//1096
f 1305//1833 1297//1833 1306//1833
f 1304//774 1302//774 1307//774
f 1298//1970 1301//1970 1306//1970
f 1297//1832 1298//1832 1306//1832
f 1306//1970 1301//1970 1304//1970
f 1308//1102 1309//1102 1310//1102
f 1311//1102 1309//1102 1308//1102
f 1307//771 1303//771 1312//771
f 1303//1097 1311//1097 1312//1097
f 1312//1097 1311//1097 1308//1097
f 1302//771 1303//771 1307//771
f 1313//1971 1314//1971 1286//1971
f 1288//1972 1314//1972 1315//1972
f 1288//1973 1315//1973 1278//1973
f 1286//1974 1314//1974 1288//1974
f 1278//1975 1315//1975 1055//1975
f 1278//1976 1055//1976 1054//1976
f 1261//1977 1316//1977 1284//1977
f 1316//1978 1313//1978 1284//1978
f 1284//1979 1313//1979 1286//1979
f 1062//934 1061//934 1276//934
f 1276//929 1061//929 1275//929
f 1275//930 1317//930 1274//930
f 1061//936 1317//936 1275//936
f 1277//1980 1317//1980 1279//1980
f 1274//1981 1317//1981 1277//1981
f 1317//1982 1315//1982 1318//1982
f 1061//1983 1055//1983 1317//1983
f 1055//1984 1315//1984 1317//1984
f 1279//1985 1318//1985 1289//1985
f 1317//1840 1318//1840 1279//1840
f 1314//1986 1319//1986 1315//1986
f 1315//1987 1319//1987 1320//1987
f 1319//1988 1321//1988 1320//1988
f 1321//1989 1322//1989 1320//1989
f 1322//1990 1323//1990 1320//1990
f 1324//1991 1325//1991 1323//1991
f 1323//1992 1325//1992 1320//1992
f 1324//952 1326//952 1325//952
f 1320//1993 1325//1993 1327//1993
f 1315//1994 1320//1994 1328//1994
f 1328//1995 1320//1995 1327//1995
f 1318//1996 1315//1996 1328//1996
f 1261//1997 1295//1997 1316//1997
f 1289//1998 1329//1998 1287//1998
f 1318//1999 1329//1999 1289//1999
f 1287//2000 1329//2000 1330//2000
f 1287//2001 1330//2001 1285//2001
f 1283//2002 1331//2002 1282//2002
f 1285//2003 1332//2003 1283//2003
f 1333//2004 1334//2004 1281//2004
f 1281//2005 1334//2005 1280//2005
f 1334//2006 1305//2006 1280//2006
f 1285//2007 1330//2007 1332//2007
f 1332//2008 1331//2008 1283//2008
f 1280//2009 1305//2009 879//2009
f 1282//2010 1333//2010 1281//2010
f 1331//2011 1333//2011 1282//2011
f 1329//1682 1314//1682 1330//1682
f 1335//827 1314//827 1329//827
f 1319//828 1314//828 1335//828
f 1336//1045 1319//1045 1335//1045
f 1321//1045 1319//1045 1336//1045
f 1313//1683 1316//1683 1330//1683
f 1314//1679 1313//1679 1330//1679
f 1330//1683 1316//1683 1332//1683
f 1334//767 1297//767 1305//767
f 1296//768 1297//768 1334//768
f 1332//1702 1316//1702 1331//1702
f 1294//668 1296//668 1333//668
f 1316//1699 1295//1699 1331//1699
f 1331//766 1294//766 1333//766
f 1295//671 1294//671 1331//671
f 1333//765 1296//765 1334//765
f 1322//1092 1321//1092 1337//1092
f 1324//2012 1323//2012 1338//2012
f 1326//2013 1324//2013 1339//2013
f 1339//2013 1324//2013 1338//2013
f 1338//2014 1323//2014 1340//2014
f 1340//2015 1322//2015 1337//2015
f 1337//1092 1321//1092 1336//1092
f 1323//2015 1322//2015 1340//2015
f 1327//2016 1339//2016 1338//2016
f 1328//1822 1337//1822 1336//1822
f 1318//2017 1335//2017 1329//2017
f 1328//2018 1336//2018 1335//2018
f 1328//2019 1335//2019 1318//2019
f 1328//2020 1340//2020 1337//2020
f 1340//2021 1327//2021 1338//2021
f 1328//2022 1327//2022 1340//2022
f 1307//2023 1312//2023 272//2023
f 1304//2024 1307//2024 272//2024
f 1306//2025 1304//2025 272//2025
f 1305//2026 1306//2026 272//2026
f 304//2027 1300//2027 1291//2027
f 304//2028 1291//2028 1290//2028
f 304//2029 1290//2029 1265//2029
f 304//2030 1265//2030 877//2030
f 879//2031 1305//2031 272//2031
f 1312//2032 1341//2032 272//2032
f 304//2033 1342//2033 1300//2033
f 304//2034 1343//2034 1342//2034
f 1341//1382 1343//1382 304//1382
f 1341//2035 304//2035 272//2035
f 1344//2036 1345//2036 1346//2036
f 1347//2037 1345//2037 1344//2037
f 1299//2038 1345//2038 1347//2038
f 1300//2039 1342//2039 1299//2039
f 1309//1615 1299//1615 1347//1615
f 1311//1613 1299//1613 1309//1613
f 1299//2040 1342//2040 1345//2040
f 1345//2041 1348//2041 1346//2041
f 1303//1749 1299//1749 1311//1749
f 1342//2042 1343//2042 1349//2042
f 1345//2043 1342//2043 1350//2043
f 1349//2044 1351//2044 1350//2044
f 1342//2045 1349//2045 1350//2045
f 1352//2046 1350//2046 1353//2046
f 1354//2047 1350//2047 1352//2047
f 1355//2048 1350//2048 1354//2048
f 1345//2049 1350//2049 1355//2049
f 1350//2050 1356//2050 1353//2050
f 1345//2051 1355//2051 1348//2051
f 1350//2044 1351//2044 1356//2044
f 1357//2052 1358//2052 1359//2052
f 1360//2053 1357//2053 1326//2053
f 1357//717 1361//717 1358//717
f 1362//2054 1361//2054 1357//2054
f 1362//2055 1357//2055 1360//2055
f 1326//953 1357//953 1325//953
f 1363//2056 1364//2056 1365//2056
f 1359//2057 1366//2057 1367//2057
f 1357//2058 1359//2058 1365//2058
f 1368//2059 1359//2059 1367//2059
f 1365//1179 1359//1179 1368//1179
f 1325//2060 1357//2060 1327//2060
f 1327//2061 1357//2061 1365//2061
f 1368//2062 1363//2062 1365//2062
f 1369//802 1370//802 1371//802
f 1372//801 1370//801 1369//801
f 1371//2063 1362//2063 1373//2063
f 1370//2063 1362//2063 1371//2063
f 1360//969 1326//969 1374//969
f 1374//971 1326//971 1339//971
f 1362//653 1360//653 1373//653
f 1373//799 1360//799 1374//799
f 1375//808 1344//808 1376//808
f 1347//803 1344//803 1375//803
f 1376//1393 1346//1393 1377//1393
f 1344//1393 1346//1393 1376//1393
f 1377//806 1372//806 1369//806
f 1310//1915 1347//1915 1375//1915
f 1346//2064 1372//2064 1377//2064
f 1309//2065 1347//2065 1310//2065
f 1372//2066 1378//2066 1370//2066
f 1346//2067 1348//2067 1379//2067
f 1370//2068 1378//2068 1361//2068
f 1370//2069 1361//2069 1362//2069
f 1346//2070 1379//2070 1372//2070
f 1372//2071 1379//2071 1378//2071
f 1365//1419 1364//1419 1373//1419
f 1339//2072 1365//2072 1374//2072
f 1374//1405 1365//1405 1373//1405
f 1327//2073 1365//2073 1339//2073
f 1376//2074 1380//2074 1375//2074
f 1381//2075 1380//2075 1376//2075
f 1369//2076 1382//2076 1377//2076
f 1364//1414 1383//1414 1371//1414
f 1383//733 1382//733 1369//733
f 1377//2077 1381//2077 1376//2077
f 1380//2078 1384//2078 1375//2078
f 1382//2079 1381//2079 1377//2079
f 1371//1413 1383//1413 1369//1413
f 1373//2080 1364//2080 1371//2080
f 1359//678 1385//678 1366//678
f 1386//2081 1387//2081 1179//2081
f 1179//2082 1387//2082 1180//2082
f 1388//2083 1385//2083 1359//2083
f 1358//2084 1388//2084 1359//2084
f 1387//2085 1389//2085 1180//2085
f 1390//2086 1386//2086 1179//2086
f 1391//2087 1390//2087 1366//2087
f 1366//2088 1390//2088 1179//2088
f 1385//2089 1391//2089 1366//2089
f 1178//2090 1392//2090 1393//2090
f 1178//2091 1393//2091 1181//2091
f 1367//2092 1179//2092 1181//2092
f 1366//2093 1179//2093 1367//2093
f 1390//2094 1391//2094 1394//2094
f 1391//2095 1385//2095 1394//2095
f 1395//2096 1390//2096 1394//2096
f 1396//2097 1385//2097 1397//2097
f 1394//1435 1385//1435 1396//1435
f 1385//2097 1388//2097 1397//2097
f 1361//829 1378//829 1364//829
f 1397//2098 1388//2098 1363//2098
f 1358//830 1361//830 1364//830
f 1388//2098 1358//2098 1363//2098
f 1363//1631 1358//1631 1364//1631
f 1368//2099 1397//2099 1363//2099
f 1367//2100 1394//2100 1396//2100
f 1181//2101 1398//2101 1395//2101
f 1368//2102 1396//2102 1397//2102
f 1367//2103 1396//2103 1368//2103
f 1181//2104 1395//2104 1367//2104
f 1367//2105 1395//2105 1394//2105
f 1389//1625 1387//1625 1392//1625
f 1393//646 1386//646 1398//646
f 1387//1227 1386//1227 1393//1227
f 1392//1625 1387//1625 1393//1625
f 1398//645 1390//645 1395//645
f 1386//645 1390//645 1398//645
f 1399//970 1389//970 1392//970
f 1400//845 1401//845 1402//845
f 1403//970 1389//970 1399//970
f 1402//1687 1403//1687 1399//1687
f 1401//1687 1403//1687 1402//1687
f 1404//844 1401//844 1400//844
f 1181//2106 1393//2106 1398//2106
f 1364//829 1378//829 1383//829
f 1383//668 1378//668 1382//668
f 1382//1588 1379//1588 1381//1588
f 1378//668 1379//668 1382//668
f 1381//2107 1348//2107 1380//2107
f 1379//1591 1348//1591 1381//1591
f 1348//2107 1355//2107 1380//2107
f 1380//773 1354//773 1384//773
f 1384//2108 1354//2108 1405//2108
f 1354//2109 1352//2109 1405//2109
f 1355//772 1354//772 1380//772
f 1405//991 1352//991 1406//991
f 1406//687 1353//687 1407//687
f 1352//991 1353//991 1406//991
f 1353//687 1408//687 1407//687
f 1407//852 1409//852 1410//852
f 1408//851 1409//851 1407//851
f 1409//995 1411//995 1410//995
f 1410//813 1411//813 1412//813
f 1411//2110 1413//2110 1412//2110
f 1412//2111 1413//2111 1414//2111
f 1310//2112 1341//2112 1308//2112
f 1375//2113 1341//2113 1310//2113
f 1308//2114 1341//2114 1312//2114
f 1384//2115 1341//2115 1375//2115
f 1351//2116 1415//2116 1416//2116
f 1343//2117 1415//2117 1351//2117
f 1349//2118 1343//2118 1351//2118
f 1351//2119 1416//2119 1356//2119
f 1353//2120 1356//2120 1408//2120
f 1408//2121 1356//2121 1409//2121
f 1409//2122 1356//2122 1411//2122
f 1411//2123 1356//2123 1413//2123
f 1417//2124 1418//2124 1419//2124
f 1341//2125 1420//2125 1415//2125
f 1341//2126 1415//2126 1343//2126
f 1356//2119 1416//2119 1417//2119
f 1356//2127 1417//2127 1413//2127
f 1421//2128 1417//2128 1419//2128
f 1422//2129 1417//2129 1421//2129
f 1413//2130 1417//2130 1422//2130
f 1416//2131 1423//2131 1200//2131
f 1415//2132 1423//2132 1416//2132
f 1423//2133 1201//2133 1200//2133
f 1424//2134 1201//2134 1423//2134
f 1420//2135 1423//2135 1415//2135
f 1420//2136 1424//2136 1423//2136
f 1417//1506 1200//1506 1418//1506
f 1200//1498 1202//1498 1418//1498
f 1418//2137 1202//2137 1203//2137
f 1416//1506 1200//1506 1417//1506
f 1404//2138 1418//2138 1208//2138
f 1403//1191 1210//1191 1389//1191
f 1389//2139 1183//2139 1180//2139
f 1404//595 1208//595 1401//595
f 1401//2140 1208//2140 1211//2140
f 1403//1190 1211//1190 1210//1190
f 1389//1685 1210//1685 1183//1685
f 1401//2141 1211//2141 1403//2141
f 1419//965 1404//965 1425//965
f 1419//2142 1418//2142 1404//2142
f 1425//681 1404//681 1400//681
f 1402//622 1214//622 1400//622
f 1213//621 1214//621 1402//621
f 1399//2143 1213//2143 1402//2143
f 1212//2144 1213//2144 1399//2144
f 1190//2145 1212//2145 1392//2145
f 1392//2146 1212//2146 1399//2146
f 1178//2147 1190//2147 1392//2147
f 1209//2148 1424//2148 1425//2148
f 1214//2149 1209//2149 1400//2149
f 1400//2150 1209//2150 1425//2150
f 1426//1953 1419//1953 1425//1953
f 1413//2151 1422//2151 1414//2151
f 1421//2152 1419//2152 1426//2152
f 1427//1956 1421//1956 1426//1956
f 1414//2151 1422//2151 1427//2151
f 1422//1622 1421//1622 1427//1622
f 1425//2153 1424//2153 1426//2153
f 1407//2154 1341//2154 1406//2154
f 1406//2155 1341//2155 1405//2155
f 1414//2156 1420//2156 1412//2156
f 1410//2157 1341//2157 1407//2157
f 1405//2158 1341//2158 1384//2158
f 1426//2159 1424//2159 1420//2159
f 1427//2160 1420//2160 1414//2160
f 1412//2161 1341//2161 1410//2161
f 1426//2162 1420//2162 1427//2162
f 1412//2163 1420//2163 1341//2163
f 1208//2164 1418//2164 1205//2164
f 1205//2165 1418//2165 1206//2165
f 1418//2166 1203//2166 1206//2166
f 1424//2134 1428//2134 1201//2134
f 1428//2167 1222//2167 1204//2167
f 1428//2168 1204//2168 1201//2168
f 1209//2169 1428//2169 1424//2169
f 1207//2170 1428//2170 1209//2170
f 1256//2171 1428//2171 1207//2171
f 1255//2172 1428//2172 1256//2172
f 1255//2173 1222//2173 1428//2173
f 1258//2174 1218//2174 1222//2174
f 1258//2175 1222//2175 1257//2175
f 1257//2176 1222//2176 1255//2176
# Vertices: 1428, normals: 2176, texture coordinates: 0, faces: 2940

