# File generated by ImageToStl.com - Free Image and 3D model conversion tools

o obj1
v 0.03732871 -0.04615979 0.01927934
v 0.03666875 -0.04424858 0.01792351
v 0.03791624 -0.04477965 0.01927934
v 0.03834062 -0.04659059 0.02085
v 0.03892815 -0.04521043 0.02085
v 0.03561067 -0.04379814 0.02116094
v 0.03553201 -0.04376466 0.02093553
v 0.03540601 -0.04371103 0.02073713
v 0.03608122 -0.04562874 0.01792351
v 0.03424067 -0.04484519 0.02040754
v 0.03463605 -0.04501351 0.01682372
v 0.0352236 -0.04363337 0.01682372
v 0.0346064 -0.04337062 0.02040754
v 0.03482822 -0.04346505 0.02040754
v 0.03439104 -0.04327894 0.02046524
v 0.03445604 -0.04493688 0.02046524
v 0.03502313 -0.0451783 0.02116094
v 0.03494447 -0.0451448 0.02093553
v 0.03465244 -0.04502049 0.02057727
v 0.03481847 -0.04509116 0.02073713
v 0.03523998 -0.04364034 0.02057727
v 0.03504358 -0.04355674 0.02046524
v 0.03303713 -0.04433284 0.01601338
v 0.03192057 -0.04222724 0.01551711
v 0.03362467 -0.04295268 0.01601338
v 0.03133303 -0.04360738 0.01551711
v 0.03016307 -0.04147905 0.01535
v 0.03085177 -0.04177223 0.01868688
v 0.03105643 -0.04185937 0.01911068
v 0.03097777 -0.04182587 0.01888528
v 0.03048934 -0.04161795 0.01841498
v 0.03068574 -0.04170156 0.01852702
v 0.03046889 -0.04323951 0.01911068
v 0.03039023 -0.04320602 0.01888528
v 0.03026423 -0.04315239 0.01868688
v 0.03401886 -0.04475077 0.02040754
v 0.0338035 -0.04465908 0.02046524
v 0.03360709 -0.04457547 0.02057727
v 0.03419463 -0.04319533 0.02057727
v 0.03402861 -0.04312466 0.02073713
v 0.03344107 -0.0445048 0.02073713
v 0.03331507 -0.04445116 0.02093553
v 0.03039023 -0.04320602 0.01981472
v 0.03046889 -0.04323951 0.01958932
v 0.03049562 -0.04325089 0.01935
v 0.03323641 -0.04441766 0.02116094
v 0.03026423 -0.04315239 0.02001312
v 0.03108316 -0.04187074 0.01935
v 0.03105643 -0.04185937 0.01958932
v 0.0339026 -0.043071 0.02093553
v 0.03085177 -0.04177223 0.02001312
v 0.03382395 -0.04303752 0.02116094
v 0.03097777 -0.04182587 0.01981472
v 0.0390862 -0.04690799 0.02258778
v 0.03967375 -0.04552785 0.02258778
v 0.03954282 -0.04710237 0.02443987
v 0.04013035 -0.04572222 0.02443987
v 0.03494447 -0.0451448 0.02186497
v 0.03502313 -0.0451783 0.02163957
v 0.03504986 -0.04518967 0.02140025
v 0.0356374 -0.04380953 0.02140025
v 0.03561067 -0.04379814 0.02163957
v 0.03553201 -0.04376466 0.02186497
v 0.0374971 -0.04460122 0.02611068
v 0.04028412 -0.04578768 0.02635
v 0.03969658 -0.04716783 0.02635
v 0.03712641 -0.04444342 0.02552702
v 0.03729244 -0.04451409 0.02568688
v 0.03741844 -0.04456774 0.02588528
v 0.0367049 -0.04589424 0.02568688
v 0.03653887 -0.04582356 0.02552702
v 0.03693001 -0.0443598 0.02541498
v 0.0368309 -0.04594788 0.02588528
v 0.03690956 -0.04598136 0.02611068
v 0.03634246 -0.04573994 0.02541498
v 0.03608106 -0.04399841 0.02552702
v 0.03627747 -0.044082 0.02541498
v 0.03504358 -0.04355674 0.02233527
v 0.03649284 -0.0441737 0.02535729
v 0.03523998 -0.04364034 0.02222324
v 0.03671464 -0.04426813 0.02535729
v 0.03540601 -0.04371103 0.02206338
v 0.03590529 -0.04555383 0.02535729
v 0.0361271 -0.04564827 0.02535729
v 0.03549352 -0.04537855 0.02552702
v 0.03591504 -0.04392772 0.02568688
v 0.03532749 -0.04530786 0.02568688
v 0.03568993 -0.04546216 0.02541498
v 0.03578903 -0.04387408 0.02588528
v 0.03481847 -0.04509116 0.02206338
v 0.03320967 -0.04440629 0.02140025
v 0.03379721 -0.04302613 0.02140025
v 0.03382395 -0.04303752 0.02163957
v 0.03323641 -0.04441766 0.02163957
v 0.03331507 -0.04445116 0.02186497
v 0.0339026 -0.043071 0.02186497
v 0.03344107 -0.0445048 0.02206338
v 0.03402861 -0.04312466 0.02206338
v 0.0346064 -0.04337062 0.02239296
v 0.03482822 -0.04346505 0.02239296
v 0.03424067 -0.04484519 0.02239296
v 0.03465244 -0.04502049 0.02222324
v 0.03445604 -0.04493688 0.02233527
v 0.03439104 -0.04327894 0.02233527
v 0.03401886 -0.04475077 0.02239296
v 0.03419463 -0.04319533 0.02222324
v 0.03360709 -0.04457547 0.02222324
v 0.0338035 -0.04465908 0.02233527
v 0.03283434 -0.04424651 0.02449111
v 0.03291788 -0.0426518 0.02369751
v 0.03225376 -0.04236908 0.02305806
v 0.03342189 -0.04286637 0.02449111
v 0.03166622 -0.04374922 0.02305806
v 0.03088061 -0.04341479 0.02260994
v 0.03233033 -0.04403194 0.02369751
v 0.03146815 -0.04203463 0.02260994
v 0.03068574 -0.04170156 0.02017298
v 0.03060669 -0.0416679 0.02237916
v 0.0337365 -0.0430003 0.02539274
v 0.03571038 -0.0438406 0.02611068
v 0.03520149 -0.04525422 0.02588528
v 0.03512283 -0.04522074 0.02611068
v 0.03384345 -0.04304582 0.02635
v 0.03314896 -0.04438043 0.02539274
v 0.03325591 -0.04442598 0.02635
v 0.03693629 -0.04599275 0.02635
v 0.0374971 -0.04460122 0.02658932
v 0.03752383 -0.04461261 0.02635
v 0.04013035 -0.04572222 0.02826013
v 0.03954282 -0.04710237 0.02826013
v 0.0368309 -0.04594788 0.02681472
v 0.03690956 -0.04598136 0.02658932
v 0.03741844 -0.04456774 0.02681472
v 0.03712641 -0.04444342 0.02717298
v 0.03729244 -0.04451409 0.02701312
v 0.03967375 -0.04552785 0.03011222
v 0.03693001 -0.0443598 0.02728502
v 0.0367049 -0.04589424 0.02701312
v 0.03653887 -0.04582356 0.02717298
v 0.0390862 -0.04690799 0.03011222
v 0.03634246 -0.04573994 0.02728502
v 0.03671464 -0.04426813 0.02734271
v 0.0361271 -0.04564827 0.02734271
v 0.03590529 -0.04555383 0.02734271
v 0.03649284 -0.0441737 0.02734271
v 0.03627747 -0.044082 0.02728502
v 0.03578903 -0.04387408 0.02681472
v 0.03591504 -0.04392772 0.02701312
v 0.03532749 -0.04530786 0.02701312
v 0.03549352 -0.04537855 0.02717298
v 0.03608106 -0.04399841 0.02717298
v 0.03568993 -0.04546216 0.02728502
v 0.03482822 -0.04346505 0.03030704
v 0.03504358 -0.04355674 0.03036473
v 0.03523998 -0.04364034 0.03047676
v 0.03892815 -0.04521043 0.03185
v 0.03834062 -0.04659059 0.03185
v 0.03553201 -0.04376466 0.03083503
v 0.03540601 -0.04371103 0.03063662
v 0.03494447 -0.0451448 0.03083503
v 0.03502313 -0.0451783 0.03106043
v 0.03502313 -0.0451783 0.03153906
v 0.03504986 -0.04518967 0.03129975
v 0.0356374 -0.04380953 0.03129975
v 0.03561067 -0.04379814 0.03106043
v 0.03561067 -0.04379814 0.03153906
v 0.03571038 -0.0438406 0.02658932
v 0.03520149 -0.04525422 0.02681472
v 0.03568364 -0.04382921 0.02635
v 0.03512283 -0.04522074 0.02658932
v 0.0350961 -0.04520935 0.02635
v 0.0337365 -0.0430003 0.02730726
v 0.03314896 -0.04438043 0.02730726
v 0.03283434 -0.04424651 0.02820889
v 0.03445604 -0.04493688 0.03036473
v 0.03424067 -0.04484519 0.03030704
v 0.03342189 -0.04286637 0.02820889
v 0.03233033 -0.04403194 0.02900249
v 0.03291788 -0.0426518 0.02900249
v 0.03481847 -0.04509116 0.03063662
v 0.03465244 -0.04502049 0.03047676
v 0.0346064 -0.04337062 0.03030704
v 0.03360709 -0.04457547 0.03047676
v 0.03402861 -0.04312466 0.03063662
v 0.03344107 -0.0445048 0.03063662
v 0.03401886 -0.04475077 0.03030704
v 0.0338035 -0.04465908 0.03036473
v 0.03419463 -0.04319533 0.03047676
v 0.03439104 -0.04327894 0.03036473
v 0.0339026 -0.043071 0.03083503
v 0.03166622 -0.04374922 0.02964194
v 0.03331507 -0.04445116 0.03083503
v 0.03382395 -0.04303752 0.03106043
v 0.03379721 -0.04302613 0.03129975
v 0.03320967 -0.04440629 0.03129975
v 0.03323641 -0.04441766 0.03153906
v 0.03323641 -0.04441766 0.03106043
v 0.03382395 -0.04303752 0.03153906
v 0.03088061 -0.04341479 0.03009007
v 0.03225376 -0.04236908 0.02964194
v 0.03146815 -0.04203463 0.03009007
v 0.03026423 -0.04315239 0.03268688
v 0.03060669 -0.0416679 0.03032083
v 0.03085177 -0.04177223 0.03268688
v 0.03068574 -0.04170156 0.03252701
v 0.03666875 -0.04424858 0.03477649
v 0.03791624 -0.04477965 0.03342066
v 0.03540601 -0.04371103 0.03196287
v 0.03732871 -0.04615979 0.03342066
v 0.03553201 -0.04376466 0.03176447
v 0.03494447 -0.0451448 0.03176447
v 0.03504358 -0.04355674 0.03223477
v 0.03523998 -0.04364034 0.03212273
v 0.03465244 -0.04502049 0.03212273
v 0.03424067 -0.04484519 0.03229246
v 0.03445604 -0.04493688 0.03223477
v 0.03481847 -0.04509116 0.03196287
v 0.03482822 -0.04346505 0.03229246
v 0.03608122 -0.04562874 0.03477649
v 0.0352236 -0.04363337 0.03587628
v 0.03463605 -0.04501351 0.03587628
v 0.0346064 -0.04337062 0.03229246
v 0.03439104 -0.04327894 0.03223477
v 0.0338035 -0.04465908 0.03223477
v 0.03401886 -0.04475077 0.03229246
v 0.03419463 -0.04319533 0.03212273
v 0.03360709 -0.04457547 0.03212273
v 0.03402861 -0.04312466 0.03196287
v 0.03331507 -0.04445116 0.03176447
v 0.0339026 -0.043071 0.03176447
v 0.03344107 -0.0445048 0.03196287
v 0.03046889 -0.04323951 0.03358932
v 0.03049562 -0.04325089 0.03335
v 0.03046889 -0.04323951 0.03311068
v 0.03105643 -0.04185937 0.03358932
v 0.03108316 -0.04187074 0.03335
v 0.03105643 -0.04185937 0.03311068
v 0.03097777 -0.04182587 0.03288528
v 0.03039023 -0.04320602 0.03288528
v 0.03362467 -0.04295268 0.03668662
v 0.03303713 -0.04433284 0.03668662
v 0.03133303 -0.04360738 0.03718288
v 0.03026423 -0.04315239 0.03401312
v 0.03039023 -0.04320602 0.03381472
v 0.03192057 -0.04222724 0.03718288
v 0.03085177 -0.04177223 0.03401312
v 0.03097777 -0.04182587 0.03381472
v 0.03068574 -0.04170156 0.03417299
v 0.03048934 -0.04161795 0.03428502
v 0.03016307 -0.04147905 0.03735
v 0.05731103 0.00424045 0.01792351
v 0.05586587 0.00485567 0.01682372
v 0.05645341 0.00623581 0.01682372
v 0.05789857 0.00562059 0.01792351
v 0.05485448 0.00691649 0.01601338
v 0.05562085 0.00659024 0.02046524
v 0.05684048 0.00607103 0.02116094
v 0.06015797 0.00465875 0.02085
v 0.05914606 0.00508952 0.01927934
v 0.05676182 0.00610451 0.02093553
v 0.05957043 0.0032786 0.02085
v 0.05855851 0.00370938 0.01927934
v 0.05663583 0.00615816 0.02073713
v 0.05604829 0.00477801 0.02073713
v 0.05588226 0.00484869 0.02057727
v 0.05568586 0.00493231 0.02046524
v 0.05547049 0.00502399 0.02040754
v 0.05625294 0.00469089 0.02116094
v 0.05617428 0.00472437 0.02093553
v 0.05583622 0.00649856 0.02040754
v 0.0562734 0.00631244 0.02046524
v 0.0564698 0.00622884 0.02057727
v 0.05605803 0.00640413 0.02040754
v 0.05228624 0.00800982 0.01911068
v 0.05220759 0.0080433 0.01888528
v 0.05426695 0.00553635 0.01601338
v 0.05315039 0.00764194 0.01551711
v 0.05208158 0.00809694 0.01868688
v 0.0516987 0.00662968 0.01911068
v 0.05162005 0.00666316 0.01888528
v 0.05132801 0.00678748 0.01852702
v 0.05113161 0.00687109 0.01841498
v 0.05256284 0.0062618 0.01551711
v 0.05191556 0.00816762 0.01852702
v 0.05149404 0.0067168 0.01868688
v 0.05171915 0.00825124 0.01841498
v 0.05139288 0.00839013 0.01535
v 0.05524868 0.00511841 0.02040754
v 0.05503331 0.0052101 0.02046524
v 0.05483691 0.00529371 0.02057727
v 0.05542445 0.00667385 0.02057727
v 0.05525842 0.00674453 0.02073713
v 0.05467088 0.00536439 0.02073713
v 0.05228624 0.00800982 0.01958932
v 0.05231298 0.00799844 0.01935
v 0.05513242 0.00679817 0.02093553
v 0.05220759 0.0080433 0.01981472
v 0.05505376 0.00683165 0.02116094
v 0.05208158 0.00809694 0.02001312
v 0.05172544 0.00661829 0.01935
v 0.05446622 0.00545152 0.02116094
v 0.05162005 0.00666316 0.01981472
v 0.05454488 0.00541803 0.02093553
v 0.0516987 0.00662968 0.01958932
v 0.05149404 0.0067168 0.02001312
v 0.05132801 0.00678748 0.02017298
v 0.05191556 0.00816762 0.02017298
v 0.06031602 0.0029612 0.02258778
v 0.06090356 0.00434134 0.02258778
v 0.06077263 0.00276681 0.02443987
v 0.06136017 0.00414695 0.02443987
v 0.05676182 0.00610451 0.02186497
v 0.05684048 0.00607103 0.02163957
v 0.05686722 0.00605965 0.02140025
v 0.05625294 0.00469089 0.02163957
v 0.05627967 0.00467951 0.02140025
v 0.05617428 0.00472437 0.02186497
v 0.05794446 0.00560106 0.02535729
v 0.05663583 0.00615816 0.02206338
v 0.05735692 0.00422092 0.02535729
v 0.05604829 0.00477801 0.02206338
v 0.05835623 0.00542577 0.02552702
v 0.05815982 0.00550937 0.02541498
v 0.05776868 0.00404562 0.02552702
v 0.06092639 0.00270135 0.02635
v 0.06151393 0.00408149 0.02635
v 0.05875365 0.00525658 0.02635
v 0.05872691 0.00526796 0.02611068
v 0.05813937 0.00388781 0.02611068
v 0.05806072 0.0039213 0.02588528
v 0.05852225 0.00535509 0.02568688
v 0.05816611 0.00387644 0.02635
v 0.05864826 0.00530144 0.02588528
v 0.05793471 0.00397494 0.02568688
v 0.0571351 0.00431534 0.02535729
v 0.05757228 0.00412923 0.02541498
v 0.05731088 0.00587078 0.02552702
v 0.05750728 0.00578717 0.02541498
v 0.0562734 0.00631244 0.02233527
v 0.05605803 0.00640413 0.02239296
v 0.0564698 0.00622884 0.02222324
v 0.05772264 0.00569549 0.02535729
v 0.05691974 0.00440702 0.02541498
v 0.0564313 0.00461495 0.02588528
v 0.05694019 0.00602858 0.02611068
v 0.05635265 0.00464844 0.02611068
v 0.05701885 0.0059951 0.02588528
v 0.05714485 0.00594146 0.02568688
v 0.05655731 0.00456132 0.02568688
v 0.05691345 0.00603997 0.02635
v 0.05632591 0.00465982 0.02635
v 0.05672334 0.00449064 0.02552702
v 0.05443949 0.00546289 0.02140025
v 0.05502703 0.00684304 0.02140025
v 0.05454488 0.00541803 0.02186497
v 0.05525842 0.00674453 0.02206338
v 0.05467088 0.00536439 0.02206338
v 0.05513242 0.00679817 0.02186497
v 0.05505376 0.00683165 0.02163957
v 0.05446622 0.00545152 0.02163957
v 0.05568586 0.00493231 0.02233527
v 0.05503331 0.0052101 0.02233527
v 0.05583622 0.00649856 0.02239296
v 0.05524868 0.00511841 0.02239296
v 0.05562085 0.00659024 0.02233527
v 0.05588226 0.00484869 0.02222324
v 0.05547049 0.00502399 0.02239296
v 0.0546517 0.00700282 0.02449111
v 0.05542445 0.00667385 0.02222324
v 0.05483691 0.00529371 0.02222324
v 0.05356015 0.00583724 0.02369751
v 0.05406416 0.00562268 0.02449111
v 0.05348358 0.0075001 0.02305806
v 0.05414768 0.00721738 0.02369751
v 0.05289603 0.00611995 0.02305806
v 0.05211042 0.0064544 0.02260994
v 0.05269796 0.00783455 0.02260994
v 0.05183651 0.00820128 0.02237916
v 0.05124896 0.00682113 0.02237916
v 0.05171915 0.00825124 0.02028502
v 0.05150379 0.00834292 0.02034271
v 0.05496632 0.00686888 0.02539274
v 0.05437878 0.00548873 0.02539274
v 0.05448572 0.00544321 0.02635
v 0.05507326 0.00682336 0.02635
v 0.05080534 0.00700999 0.01535
v 0.05047907 0.00714888 0.01841498
v 0.05028267 0.00723249 0.01852702
v 0.05069443 0.0070572 0.01835729
v 0.05011664 0.00730317 0.01868688
v 0.05091625 0.00696277 0.01835729
v 0.05106661 0.00852903 0.01841498
v 0.05128197 0.00843734 0.01835729
v 0.05087021 0.00861264 0.01852702
v 0.05070418 0.00868332 0.01868688
v 0.05150379 0.00834292 0.01835729
v 0.04651237 0.01046781 0.02046524
v 0.04672773 0.01037613 0.02040754
v 0.04694955 0.0102817 0.02040754
v 0.04636201 0.00890156 0.02040754
v 0.0461402 0.00899599 0.02040754
v 0.04592483 0.00908767 0.02046524
v 0.05057818 0.00873696 0.01888528
v 0.04999064 0.00735681 0.01888528
v 0.05049952 0.00877044 0.01911068
v 0.04991198 0.0073903 0.01911068
v 0.05047278 0.00878182 0.01935
v 0.04988524 0.00740168 0.01935
v 0.05069443 0.0070572 0.02034271
v 0.05091625 0.00696277 0.02034271
v 0.05106661 0.00852903 0.02028502
v 0.05128197 0.00843734 0.02034271
v 0.05047907 0.00714888 0.02028502
v 0.05113161 0.00687109 0.02028502
v 0.05087021 0.00861264 0.02017298
v 0.05028267 0.00723249 0.02017298
v 0.05070418 0.00868332 0.02001312
v 0.05011664 0.00730317 0.02001312
v 0.05057818 0.00873696 0.01981472
v 0.04999064 0.00735681 0.01981472
v 0.05049952 0.00877044 0.01958932
v 0.04991198 0.0073903 0.01958932
v 0.047732 0.0099486 0.02116094
v 0.04677377 0.00872627 0.02057727
v 0.04657737 0.00880987 0.02046524
v 0.04714446 0.00856846 0.02116094
v 0.04706581 0.00860194 0.02093553
v 0.0469398 0.00865559 0.02073713
v 0.04716491 0.01019002 0.02046524
v 0.04752734 0.01003573 0.02073713
v 0.04736131 0.01010641 0.02057727
v 0.04765335 0.00998209 0.02093553
v 0.03286348 0.01464802 0.01535
v 0.04572843 0.00917128 0.02057727
v 0.04631597 0.01055142 0.02057727
v 0.04614994 0.0106221 0.02073713
v 0.0455624 0.00924196 0.02073713
v 0.05036172 0.00719884 0.02237916
v 0.05094926 0.00857899 0.02237916
v 0.0500878 0.00894572 0.02260994
v 0.04950026 0.00756557 0.02260994
v 0.04930218 0.00928016 0.02305806
v 0.04871465 0.00790002 0.02305806
v 0.0469398 0.00865559 0.02206338
v 0.04706581 0.00860194 0.02186497
v 0.04714446 0.00856846 0.02163957
v 0.0471712 0.00855708 0.02140025
v 0.04805054 0.00818273 0.02369751
v 0.04775874 0.00993722 0.02140025
v 0.04716491 0.01019002 0.02233527
v 0.04863807 0.00956288 0.02369751
v 0.04736131 0.01010641 0.02222324
v 0.047732 0.0099486 0.02163957
v 0.04765335 0.00998209 0.02186497
v 0.04752734 0.01003573 0.02206338
v 0.04754652 0.0083973 0.02449111
v 0.04813407 0.00977744 0.02449111
v 0.04723191 0.00853124 0.02539274
v 0.04781945 0.00991138 0.02539274
v 0.04636201 0.00890156 0.02239296
v 0.0461402 0.00899599 0.02239296
v 0.04657737 0.00880987 0.02233527
v 0.04677377 0.00872627 0.02222324
v 0.04694955 0.0102817 0.02239296
v 0.04672773 0.01037613 0.02239296
v 0.04651237 0.01046781 0.02233527
v 0.04592483 0.00908767 0.02233527
v 0.04631597 0.01055142 0.02222324
v 0.04572843 0.00917128 0.02222324
v 0.04594528 0.01070923 0.02116094
v 0.04591854 0.01072061 0.02140025
v 0.04533101 0.00934047 0.02140025
v 0.04602394 0.01067574 0.02093553
v 0.0454364 0.0092956 0.02093553
v 0.04535774 0.00932908 0.02116094
v 0.0455624 0.00924196 0.02206338
v 0.04614994 0.0106221 0.02206338
v 0.04535774 0.00932908 0.02163957
v 0.04602394 0.01067574 0.02186497
v 0.0454364 0.0092956 0.02186497
v 0.04594528 0.01070923 0.02163957
v 0.04442954 0.0113545 0.02552702
v 0.0440384 0.00989074 0.02541498
v 0.04462594 0.01127088 0.02541498
v 0.043842 0.00997435 0.02552702
v 0.04488735 0.00952934 0.02552702
v 0.04547489 0.01090948 0.02552702
v 0.04527848 0.01099309 0.02541498
v 0.04506312 0.01108477 0.02535729
v 0.04517938 0.00940502 0.02588528
v 0.04505337 0.00945866 0.02568688
v 0.04712496 0.00857676 0.02635
v 0.04525803 0.00937153 0.02611068
v 0.0477125 0.00995691 0.02635
v 0.04528477 0.00936015 0.02635
v 0.04564092 0.0108388 0.02568688
v 0.04576692 0.01078516 0.02588528
v 0.04584557 0.01075167 0.02611068
v 0.04587231 0.01074029 0.02635
v 0.04447558 0.00970463 0.02535729
v 0.04425376 0.00979906 0.02535729
v 0.04469094 0.00961294 0.02541498
v 0.04367597 0.01004503 0.02568688
v 0.0448413 0.0111792 0.02535729
v 0.04426351 0.01142517 0.02568688
v 0.04413751 0.01147881 0.02588528
v 0.04354997 0.01009867 0.02588528
v 0.04405886 0.0115123 0.02611068
v 0.04403212 0.01152368 0.02635
v 0.04344457 0.01014354 0.02635
v 0.04347131 0.01013216 0.02611068
v 0.02583976 0.00095503 -0.00093388
v 0.02573014 0.0010017 -0.00112349
v 0.02593088 0.00091625 -0.0005
v 0.02501079 0.00130794 -0.0015
v 0.02558446 0.00106372 -0.00128183
v 0.02521552 0.00122078 -0.00147493
v 0.02541 0.00113799 -0.00140097
v 0.02590781 0.00092607 -0.00072252
v 0.02593088 0.00091625 0.01335
v 0.02455074 0.00150379 0.001
v 0.02452767 0.00151361 0.00077748
v 0.02445962 0.00154258 0.00056612
v 0.02455074 0.00150379 0.01335
v 0.03207088 0.0166157 0.01535
v 0.03264892 0.01471211 0.01535
v 0.03242547 0.01472685 0.01535
v 0.03264892 0.01471211 0.03735
v 0.03242547 0.01472685 0.03735
v 0.03286348 0.01464802 0.03735
v 0.03207088 0.0166157 0.03735
v 0.02600846 0.00109848 0.01421777
v 0.02595052 0.00096238 0.01379504
v 0.02462832 0.00168602 0.01421777
v 0.02457038 0.00154992 0.01379504
v 0.02610179 0.00131771 0.01459698
v 0.02472165 0.00190526 0.01459698
v 0.02637437 0.00195801 0.01515194
v 0.02622583 0.0016091 0.01491366
v 0.02499423 0.00254555 0.01515194
v 0.02484569 0.00219664 0.01491366
v 0.02653995 0.00234695 0.01529986
v 0.02515981 0.00293449 0.01529986
v 0.02533412 0.00334398 0.01535
v 0.02671427 0.00275644 0.01535
v 0.03155169 0.01411962 0.01535
v 0.02515981 0.00293449 0.03740014
v 0.02533412 0.00334398 0.03735
v 0.02671427 0.00275644 0.03735
v 0.02653995 0.00234695 0.03740014
v 0.02499423 0.00254555 0.03754806
v 0.03155169 0.01411962 0.03735
v 0.02622583 0.0016091 0.03778634
v 0.02637437 0.00195801 0.03754806
v 0.03075908 0.0160873 0.01535
v 0.03181276 0.01448004 0.01535
v 0.03166192 0.01431454 0.01535
v 0.03199664 0.01460784 0.01535
v 0.03220435 0.0146915 0.01535
v 0.03185631 0.0166798 0.01535
v 0.03141175 0.01665919 0.01535
v 0.03102016 0.01644772 0.01535
v 0.03120404 0.01657552 0.01535
v 0.03086931 0.01628222 0.01535
v 0.03163287 0.01669453 0.01535
v 0.03075908 0.0160873 0.03735
v 0.03220435 0.0146915 0.03735
v 0.03199664 0.01460784 0.03735
v 0.03181276 0.01448004 0.03735
v 0.03166192 0.01431454 0.03735
v 0.03185631 0.0166798 0.03735
v 0.03163287 0.01669453 0.03735
v 0.03141175 0.01665919 0.03735
v 0.03120404 0.01657552 0.03735
v 0.03102016 0.01644772 0.03735
v 0.03086931 0.01628222 0.03735
v 0.06077263 0.00276681 0.02826013
v 0.06136017 0.00414695 0.02826013
v 0.05872691 0.00526796 0.02658932
v 0.05793471 0.00397494 0.02701312
v 0.05806072 0.0039213 0.02681472
v 0.05776868 0.00404562 0.02717298
v 0.05852225 0.00535509 0.02701312
v 0.05864826 0.00530144 0.02681472
v 0.05813937 0.00388781 0.02658932
v 0.05835623 0.00542577 0.02717298
v 0.06090356 0.00434134 0.03011222
v 0.05815982 0.00550937 0.02728502
v 0.05676182 0.00610451 0.03083503
v 0.06031602 0.0029612 0.03011222
v 0.05757228 0.00412923 0.02728502
v 0.05735692 0.00422092 0.02734271
v 0.05604829 0.00477801 0.03063662
v 0.0571351 0.00431534 0.02734271
v 0.05617428 0.00472437 0.03083503
v 0.05772264 0.00569549 0.02734271
v 0.05794446 0.00560106 0.02734271
v 0.05750728 0.00578717 0.02728502
v 0.05691974 0.00440702 0.02728502
v 0.05672334 0.00449064 0.02717298
v 0.05694019 0.00602858 0.02658932
v 0.05701885 0.0059951 0.02681472
v 0.05635265 0.00464844 0.02658932
v 0.0564313 0.00461495 0.02681472
v 0.05714485 0.00594146 0.02701312
v 0.05655731 0.00456132 0.02701312
v 0.05731088 0.00587078 0.02717298
v 0.0562734 0.00631244 0.03036473
v 0.0564698 0.00622884 0.03047676
v 0.05605803 0.00640413 0.03030704
v 0.05663583 0.00615816 0.03063662
v 0.05957043 0.0032786 0.03185
v 0.06015797 0.00465875 0.03185
v 0.05686722 0.00605965 0.03129975
v 0.05684048 0.00607103 0.03106043
v 0.05684048 0.00607103 0.03153906
v 0.05627967 0.00467951 0.03129975
v 0.05625294 0.00469089 0.03106043
v 0.05625294 0.00469089 0.03153906
v 0.05676182 0.00610451 0.03176447
v 0.05617428 0.00472437 0.03176447
v 0.05437878 0.00548873 0.02730726
v 0.05406416 0.00562268 0.02820889
v 0.05496632 0.00686888 0.02730726
v 0.0546517 0.00700282 0.02820889
v 0.05568586 0.00493231 0.03036473
v 0.05547049 0.00502399 0.03030704
v 0.05588226 0.00484869 0.03047676
v 0.05356015 0.00583724 0.02900249
v 0.05414768 0.00721738 0.02900249
v 0.05562085 0.00659024 0.03036473
v 0.05542445 0.00667385 0.03047676
v 0.05503331 0.0052101 0.03036473
v 0.05583622 0.00649856 0.03030704
v 0.05524868 0.00511841 0.03030704
v 0.05483691 0.00529371 0.03047676
v 0.05525842 0.00674453 0.03063662
v 0.05467088 0.00536439 0.03063662
v 0.05348358 0.0075001 0.02964194
v 0.05505376 0.00683165 0.03106043
v 0.05513242 0.00679817 0.03083503
v 0.05502703 0.00684304 0.03129975
v 0.05604829 0.00477801 0.03196287
v 0.05663583 0.00615816 0.03196287
v 0.05446622 0.00545152 0.03106043
v 0.05443949 0.00546289 0.03129975
v 0.05454488 0.00541803 0.03083503
v 0.05505376 0.00683165 0.03153906
v 0.05446622 0.00545152 0.03153906
v 0.05513242 0.00679817 0.03176447
v 0.05454488 0.00541803 0.03176447
v 0.05525842 0.00674453 0.03196287
v 0.05467088 0.00536439 0.03196287
v 0.05289603 0.00611995 0.02964194
v 0.05269796 0.00783455 0.03009007
v 0.05211042 0.0064544 0.03009007
v 0.05149404 0.0067168 0.03268688
v 0.05208158 0.00809694 0.03268688
v 0.05191556 0.00816762 0.03252701
v 0.05183651 0.00820128 0.03032083
v 0.05124896 0.00682113 0.03032083
v 0.05171915 0.00825124 0.03241498
v 0.05150379 0.00834292 0.03235729
v 0.05128197 0.00843734 0.03235729
v 0.05914606 0.00508952 0.03342066
v 0.05855851 0.00370938 0.03342066
v 0.05789857 0.00562059 0.03477649
v 0.05731103 0.00424045 0.03477649
v 0.05568586 0.00493231 0.03223477
v 0.05547049 0.00502399 0.03229246
v 0.05588226 0.00484869 0.03212273
v 0.0564698 0.00622884 0.03212273
v 0.0562734 0.00631244 0.03223477
v 0.05605803 0.00640413 0.03229246
v 0.05583622 0.00649856 0.03229246
v 0.05524868 0.00511841 0.03229246
v 0.05645341 0.00623581 0.03587628
v 0.05562085 0.00659024 0.03223477
v 0.05586587 0.00485567 0.03587628
v 0.05485448 0.00691649 0.03668662
v 0.05542445 0.00667385 0.03212273
v 0.05483691 0.00529371 0.03212273
v 0.05503331 0.0052101 0.03223477
v 0.05426695 0.00553635 0.03668662
v 0.05220759 0.0080433 0.03288528
v 0.05228624 0.00800982 0.03311068
v 0.05231298 0.00799844 0.03335
v 0.05228624 0.00800982 0.03358932
v 0.05162005 0.00666316 0.03288528
v 0.0516987 0.00662968 0.03358932
v 0.05172544 0.00661829 0.03335
v 0.0516987 0.00662968 0.03311068
v 0.05132801 0.00678748 0.03252701
v 0.05220759 0.0080433 0.03381472
v 0.05162005 0.00666316 0.03381472
v 0.05191556 0.00816762 0.03417299
v 0.05208158 0.00809694 0.03401312
v 0.05149404 0.0067168 0.03401312
v 0.05315039 0.00764194 0.03718288
v 0.05256284 0.0062618 0.03718288
v 0.05080534 0.00700999 0.03735
v 0.05132801 0.00678748 0.03417299
v 0.05113161 0.00687109 0.03428502
v 0.05171915 0.00825124 0.03428502
v 0.05139288 0.00839013 0.03735
v 0.05150379 0.00834292 0.03434271
v 0.05069443 0.0070572 0.03235729
v 0.05036172 0.00719884 0.03032083
v 0.05091625 0.00696277 0.03235729
v 0.05047907 0.00714888 0.03241498
v 0.05028267 0.00723249 0.03252701
v 0.05113161 0.00687109 0.03241498
v 0.05094926 0.00857899 0.03032083
v 0.04950026 0.00756557 0.03009007
v 0.05011664 0.00730317 0.03268688
v 0.04714446 0.00856846 0.03153906
v 0.04813407 0.00977744 0.02820889
v 0.04863807 0.00956288 0.02900249
v 0.04754652 0.0083973 0.02820889
v 0.04805054 0.00818273 0.02900249
v 0.04930218 0.00928016 0.02964194
v 0.04871465 0.00790002 0.02964194
v 0.04716491 0.01019002 0.03036473
v 0.04723191 0.00853124 0.02730726
v 0.04781945 0.00991138 0.02730726
v 0.0500878 0.00894572 0.03009007
v 0.05106661 0.00852903 0.03241498
v 0.05070418 0.00868332 0.03268688
v 0.05087021 0.00861264 0.03252701
v 0.0469398 0.00865559 0.03063662
v 0.0471712 0.00855708 0.03129975
v 0.04714446 0.00856846 0.03106043
v 0.04706581 0.00860194 0.03083503
v 0.04775874 0.00993722 0.03129975
v 0.047732 0.0099486 0.03106043
v 0.047732 0.0099486 0.03153906
v 0.04765335 0.00998209 0.03083503
v 0.04736131 0.01010641 0.03047676
v 0.04752734 0.01003573 0.03063662
v 0.04505337 0.00945866 0.02701312
v 0.04517938 0.00940502 0.02681472
v 0.04525803 0.00937153 0.02658932
v 0.04488735 0.00952934 0.02717298
v 0.04576692 0.01078516 0.02681472
v 0.04584557 0.01075167 0.02658932
v 0.04564092 0.0108388 0.02701312
v 0.04547489 0.01090948 0.02717298
v 0.04614994 0.0106221 0.03063662
v 0.04631597 0.01055142 0.03047676
v 0.04506312 0.01108477 0.02734271
v 0.0461402 0.00899599 0.03030704
v 0.04651237 0.01046781 0.03036473
v 0.04527848 0.01099309 0.02728502
v 0.04672773 0.01037613 0.03030704
v 0.0448413 0.0111792 0.02734271
v 0.04425376 0.00979906 0.02734271
v 0.04469094 0.00961294 0.02728502
v 0.04447558 0.00970463 0.02734271
v 0.04405886 0.0115123 0.02658932
v 0.04413751 0.01147881 0.02681472
v 0.04347131 0.01013216 0.02658932
v 0.04354997 0.01009867 0.02681472
v 0.0440384 0.00989074 0.02728502
v 0.04367597 0.01004503 0.02701312
v 0.04442954 0.0113545 0.02717298
v 0.043842 0.00997435 0.02717298
v 0.04462594 0.01127088 0.02728502
v 0.04426351 0.01142517 0.02701312
v 0.04533101 0.00934047 0.03129975
v 0.04592483 0.00908767 0.03036473
v 0.0454364 0.0092956 0.03083503
v 0.0455624 0.00924196 0.03063662
v 0.04572843 0.00917128 0.03047676
v 0.04535774 0.00932908 0.03106043
v 0.04594528 0.01070923 0.03106043
v 0.04591854 0.01072061 0.03129975
v 0.04602394 0.01067574 0.03083503
v 0.04657737 0.00880987 0.03036473
v 0.04636201 0.00890156 0.03030704
v 0.04677377 0.00872627 0.03047676
v 0.04694955 0.0102817 0.03030704
v 0.0469398 0.00865559 0.03196287
v 0.04765335 0.00998209 0.03176447
v 0.04706581 0.00860194 0.03176447
v 0.04752734 0.01003573 0.03196287
v 0.04602394 0.01067574 0.03176447
v 0.04614994 0.0106221 0.03196287
v 0.0454364 0.0092956 0.03176447
v 0.0455624 0.00924196 0.03196287
v 0.04594528 0.01070923 0.03153906
v 0.04535774 0.00932908 0.03153906
v 0.05057818 0.00873696 0.03288528
v 0.04999064 0.00735681 0.03288528
v 0.05049952 0.00877044 0.03311068
v 0.04991198 0.0073903 0.03311068
v 0.05057818 0.00873696 0.03381472
v 0.05070418 0.00868332 0.03401312
v 0.04999064 0.00735681 0.03381472
v 0.05047278 0.00878182 0.03335
v 0.05049952 0.00877044 0.03358932
v 0.04988524 0.00740168 0.03335
v 0.04991198 0.0073903 0.03358932
v 0.05011664 0.00730317 0.03401312
v 0.05091625 0.00696277 0.03434271
v 0.05069443 0.0070572 0.03434271
v 0.05028267 0.00723249 0.03417299
v 0.05047907 0.00714888 0.03428502
v 0.05128197 0.00843734 0.03434271
v 0.05106661 0.00852903 0.03428502
v 0.05087021 0.00861264 0.03417299
v 0.04636201 0.00890156 0.03229246
v 0.04657737 0.00880987 0.03223477
v 0.04677377 0.00872627 0.03212273
v 0.04736131 0.01010641 0.03212273
v 0.04716491 0.01019002 0.03223477
v 0.04694955 0.0102817 0.03229246
v 0.04651237 0.01046781 0.03223477
v 0.04672773 0.01037613 0.03229246
v 0.0461402 0.00899599 0.03229246
v 0.04592483 0.00908767 0.03223477
v 0.04631597 0.01055142 0.03212273
v 0.04572843 0.00917128 0.03212273
v 0.02472165 0.00190526 0.03810302
v 0.02484569 0.00219664 0.03778634
v 0.02610179 0.00131771 0.03810302
v 0.02600846 0.00109848 0.03848223
v 0.02462832 0.00168602 0.03848223
v 0.02455074 0.00150379 0.03935
v 0.02595052 0.00096238 0.03890496
v 0.02457038 0.00154992 0.03890496
v 0.02593088 0.00091625 0.03935
v 0.02573014 0.0010017 0.05382349
v 0.02593088 0.00091625 0.0532
v 0.02501079 0.00130794 0.0542
v 0.02590781 0.00092607 0.05342252
v 0.02583976 0.00095503 0.05363388
v 0.02541 0.00113799 0.05410097
v 0.02521552 0.00122078 0.05417493
v 0.02455074 0.00150379 0.0517
v 0.02452767 0.00151361 0.05192252
v 0.02445962 0.00154258 0.05213388
v 0.02558446 0.00106372 0.05398183
v 0.01696719 -0.01917837 -0.00128183
v 0.01711288 -0.01924039 -0.00112349
v 0.01659826 -0.01902132 -0.00147493
v 0.01731361 -0.01932586 -0.0005
v 0.01729054 -0.01931604 -0.00072252
v 0.0172225 -0.01928706 -0.00093388
v 0.01679273 -0.01910411 -0.00140097
v 0.01639352 -0.01893417 -0.0015
v 0.01558704 -0.01859084 0.00021817
v 0.01541259 -0.01851658 9.903E-05
v 0.01521811 -0.01843379 2.507E-05
v 0.01501337 -0.01834662 0
v 0.01573273 -0.01865286 0.00037651
v 0.01584235 -0.01869953 0.00056612
v 0.0159104 -0.01872849 0.00077748
v 0.01593347 -0.01873831 0.001
v 0.01731361 -0.01932586 0.01335
v 0.01593347 -0.01873831 0.01335
v 0.02946462 -0.04281198 0.01835729
v 0.02924926 -0.0427203 0.01841498
v 0.02957553 -0.04285919 0.01535
v 0.02968644 -0.04290641 0.01835729
v 0.0299018 -0.04299809 0.01841498
v 0.02905286 -0.04263669 0.01852702
v 0.02888683 -0.042566 0.01868688
v 0.0300982 -0.0430817 0.01852702
v 0.0296404 -0.04125654 0.01852702
v 0.0298368 -0.04134015 0.01841498
v 0.03027397 -0.04152626 0.01835729
v 0.03005216 -0.04143184 0.01835729
v 0.02947437 -0.04118586 0.01868688
v 0.02528256 -0.03940137 0.02046524
v 0.02549792 -0.03949305 0.02040754
v 0.02491038 -0.04087319 0.02040754
v 0.02469502 -0.04078151 0.02046524
v 0.02513219 -0.04096762 0.02040754
v 0.02571973 -0.03958748 0.02040754
v 0.02934836 -0.04113223 0.01888528
v 0.02876082 -0.04251236 0.01888528
v 0.02868217 -0.04247888 0.01911068
v 0.02926971 -0.04109874 0.01911068
v 0.02865543 -0.0424675 0.01935
v 0.02924298 -0.04108736 0.01935
v 0.03027397 -0.04152626 0.02034271
v 0.03048934 -0.04161795 0.02028502
v 0.0299018 -0.04299809 0.02028502
v 0.0300982 -0.0430817 0.02017298
v 0.03005216 -0.04143184 0.02034271
v 0.02946462 -0.04281198 0.02034271
v 0.02968644 -0.04290641 0.02034271
v 0.02926971 -0.04109874 0.01958932
v 0.02934836 -0.04113223 0.01981472
v 0.02876082 -0.04251236 0.01981472
v 0.02868217 -0.04247888 0.01958932
v 0.0298368 -0.04134015 0.02028502
v 0.02947437 -0.04118586 0.02001312
v 0.02888683 -0.042566 0.02001312
v 0.0296404 -0.04125654 0.02017298
v 0.02924926 -0.0427203 0.02028502
v 0.02905286 -0.04263669 0.02017298
v 0.02534756 -0.04105931 0.02046524
v 0.02554396 -0.04114291 0.02057727
v 0.02591464 -0.04130071 0.02116094
v 0.02583599 -0.04126723 0.02093553
v 0.02570999 -0.04121359 0.02073713
v 0.0259351 -0.03967915 0.02046524
v 0.0261315 -0.03976277 0.02057727
v 0.02650219 -0.03992058 0.02116094
v 0.02642353 -0.03988709 0.02093553
v 0.02629753 -0.03983346 0.02073713
v 0.0122212 -0.03384102 0.01535
v 0.02508615 -0.03931776 0.02057727
v 0.02492012 -0.03924707 0.02073713
v 0.02449861 -0.0406979 0.02057727
v 0.02433258 -0.04062723 0.02073713
v 0.02971945 -0.0412902 0.02237916
v 0.03001915 -0.04304805 0.02237916
v 0.02913191 -0.04267034 0.02237916
v 0.02885799 -0.04092347 0.02260994
v 0.02748483 -0.04196917 0.02305806
v 0.02594138 -0.0413121 0.02140025
v 0.02827045 -0.04230361 0.02260994
v 0.02807237 -0.04058902 0.02305806
v 0.02650219 -0.03992058 0.02163957
v 0.02652892 -0.03993196 0.02140025
v 0.0259351 -0.03967915 0.02233527
v 0.02740826 -0.0403063 0.02369751
v 0.0261315 -0.03976277 0.02222324
v 0.02629753 -0.03983346 0.02206338
v 0.02642353 -0.03988709 0.02186497
v 0.02690425 -0.04009173 0.02449111
v 0.02682072 -0.04168645 0.02369751
v 0.02631671 -0.04147188 0.02449111
v 0.02658963 -0.0399578 0.02539274
v 0.02570999 -0.04121359 0.02206338
v 0.02583599 -0.04126723 0.02186497
v 0.02591464 -0.04130071 0.02163957
v 0.02534756 -0.04105931 0.02233527
v 0.02513219 -0.04096762 0.02239296
v 0.02491038 -0.04087319 0.02239296
v 0.02554396 -0.04114291 0.02222324
v 0.02571973 -0.03958748 0.02239296
v 0.02549792 -0.03949305 0.02239296
v 0.02528256 -0.03940137 0.02233527
v 0.02508615 -0.03931776 0.02222324
v 0.02469502 -0.04078151 0.02233527
v 0.02420658 -0.04057357 0.02093553
v 0.02479412 -0.03919344 0.02093553
v 0.02412793 -0.04054009 0.02116094
v 0.02471547 -0.03915995 0.02116094
v 0.02468873 -0.03914857 0.02140025
v 0.02410119 -0.04052871 0.02140025
v 0.02471547 -0.03915995 0.02163957
v 0.02479412 -0.03919344 0.02186497
v 0.02420658 -0.04057357 0.02186497
v 0.02433258 -0.04062723 0.02206338
v 0.02492012 -0.03924707 0.02206338
v 0.02449861 -0.0406979 0.02222324
v 0.02412793 -0.04054009 0.02163957
v 0.02261218 -0.03989482 0.02552702
v 0.02280859 -0.03997843 0.02541498
v 0.02319973 -0.03851468 0.02552702
v 0.02339613 -0.0385983 0.02541498
v 0.02365753 -0.04033985 0.02552702
v 0.0238333 -0.0387844 0.02535729
v 0.02404867 -0.03887609 0.02541498
v 0.02424507 -0.0389597 0.02552702
v 0.02600209 -0.04133794 0.02539274
v 0.02589514 -0.04129241 0.02635
v 0.02394957 -0.04046417 0.02588528
v 0.02382356 -0.04041052 0.02568688
v 0.02402822 -0.04049765 0.02611068
v 0.02648268 -0.03991228 0.02635
v 0.02405495 -0.04050902 0.02635
v 0.0244111 -0.03903038 0.02568688
v 0.02461576 -0.0391175 0.02611068
v 0.02453711 -0.03908401 0.02588528
v 0.02464249 -0.03912888 0.02635
v 0.02346113 -0.04025623 0.02541498
v 0.02244616 -0.03982415 0.02568688
v 0.02302395 -0.04007012 0.02535729
v 0.02324576 -0.04016454 0.02535729
v 0.0236115 -0.03868998 0.02535729
v 0.0230337 -0.03844401 0.02568688
v 0.02232016 -0.03977051 0.02588528
v 0.0229077 -0.03839037 0.02588528
v 0.02282904 -0.03835687 0.02611068
v 0.0222415 -0.03973703 0.02611068
v 0.02280231 -0.0383455 0.02635
v 0.02221476 -0.03972564 0.02635
v 0.01025352 -0.03463362 0.01535
v 0.01202628 -0.03373079 0.01535
v 0.0116928 -0.03252923 0.01535
v 0.01162871 -0.03274379 0.01535
v 0.00972512 -0.03332184 0.01535
v 0.01186078 -0.03357995 0.01535
v 0.01161397 -0.03296723 0.01535
v 0.01173299 -0.03339607 0.01535
v 0.01164932 -0.03318835 0.01535
v 0.0100586 -0.03452339 0.01535
v 0.0097653 -0.03418867 0.01535
v 0.00964629 -0.03375984 0.01535
v 0.00966103 -0.03353639 0.01535
v 0.0098931 -0.03437255 0.01535
v 0.00968164 -0.03398095 0.01535
v 0.01515008 -0.0205785 0.01535
v 0.01653022 -0.02116605 0.01535
v 0.01729397 -0.01937199 0.01379504
v 0.01591383 -0.01878446 0.01379504
v 0.01723603 -0.01950809 0.01421777
v 0.01585589 -0.01892056 0.01421777
v 0.0171427 -0.01972733 0.01459698
v 0.01576256 -0.01913978 0.01459698
v 0.01701866 -0.02001871 0.01491366
v 0.01563852 -0.01943116 0.01491366
v 0.01687012 -0.02036762 0.01515194
v 0.01548998 -0.01978008 0.01515194
v 0.01670454 -0.02075656 0.01529986
v 0.0153244 -0.02016903 0.01529986
v 0.01563852 -0.01943116 0.03778634
v 0.01687012 -0.02036762 0.03754806
v 0.0153244 -0.02016903 0.03740014
v 0.01515008 -0.0205785 0.03735
v 0.0300982 -0.0430817 0.03252701
v 0.0299018 -0.04299809 0.03241498
v 0.03001915 -0.04304805 0.03032083
v 0.02968644 -0.04290641 0.03235729
v 0.02971945 -0.0412902 0.03032083
v 0.02946462 -0.04281198 0.03235729
v 0.02924926 -0.0427203 0.03241498
v 0.02913191 -0.04267034 0.03032083
v 0.02905286 -0.04263669 0.03252701
v 0.03005216 -0.04143184 0.03235729
v 0.03027397 -0.04152626 0.03235729
v 0.02885799 -0.04092347 0.03009007
v 0.02947437 -0.04118586 0.03268688
v 0.0296404 -0.04125654 0.03252701
v 0.03048934 -0.04161795 0.03241498
v 0.0298368 -0.04134015 0.03241498
v 0.02690425 -0.04009173 0.02820889
v 0.02740826 -0.0403063 0.02900249
v 0.02682072 -0.04168645 0.02900249
v 0.0259351 -0.03967915 0.03036473
v 0.02631671 -0.04147188 0.02820889
v 0.02807237 -0.04058902 0.02964194
v 0.02748483 -0.04196917 0.02964194
v 0.02658963 -0.0399578 0.02730726
v 0.02827045 -0.04230361 0.03009007
v 0.02594138 -0.0413121 0.03129975
v 0.02591464 -0.04130071 0.03153906
v 0.02888683 -0.042566 0.03268688
v 0.02650219 -0.03992058 0.03106043
v 0.02642353 -0.03988709 0.03083503
v 0.02652892 -0.03993196 0.03129975
v 0.0261315 -0.03976277 0.03047676
v 0.02629753 -0.03983346 0.03063662
v 0.02650219 -0.03992058 0.03153906
v 0.0244111 -0.03903038 0.02701312
v 0.02453711 -0.03908401 0.02681472
v 0.02424507 -0.0389597 0.02717298
v 0.02600209 -0.04133794 0.02730726
v 0.02461576 -0.0391175 0.02658932
v 0.02394957 -0.04046417 0.02681472
v 0.02402822 -0.04049765 0.02658932
v 0.02382356 -0.04041052 0.02701312
v 0.02365753 -0.04033985 0.02717298
v 0.02549792 -0.03949305 0.03030704
v 0.02528256 -0.03940137 0.03036473
v 0.02404867 -0.03887609 0.02728502
v 0.02492012 -0.03924707 0.03063662
v 0.02508615 -0.03931776 0.03047676
v 0.0238333 -0.0387844 0.02734271
v 0.02491038 -0.04087319 0.03030704
v 0.02346113 -0.04025623 0.02728502
v 0.02302395 -0.04007012 0.02734271
v 0.02324576 -0.04016454 0.02734271
v 0.0236115 -0.03868998 0.02734271
v 0.0222415 -0.03973703 0.02658932
v 0.02282904 -0.03835687 0.02658932
v 0.02232016 -0.03977051 0.02681472
v 0.0229077 -0.03839037 0.02681472
v 0.02244616 -0.03982415 0.02701312
v 0.02261218 -0.03989482 0.02717298
v 0.02319973 -0.03851468 0.02717298
v 0.02280859 -0.03997843 0.02728502
v 0.02339613 -0.0385983 0.02728502
v 0.0230337 -0.03844401 0.02701312
v 0.02433258 -0.04062723 0.03063662
v 0.02449861 -0.0406979 0.03047676
v 0.02469502 -0.04078151 0.03036473
v 0.02410119 -0.04052871 0.03129975
v 0.02420658 -0.04057357 0.03083503
v 0.02412793 -0.04054009 0.03106043
v 0.02479412 -0.03919344 0.03083503
v 0.02468873 -0.03914857 0.03129975
v 0.02471547 -0.03915995 0.03106043
v 0.02554396 -0.04114291 0.03047676
v 0.02534756 -0.04105931 0.03036473
v 0.02583599 -0.04126723 0.03083503
v 0.02570999 -0.04121359 0.03063662
v 0.02591464 -0.04130071 0.03106043
v 0.02513219 -0.04096762 0.03030704
v 0.02571973 -0.03958748 0.03030704
v 0.02570999 -0.04121359 0.03196287
v 0.02642353 -0.03988709 0.03176447
v 0.02583599 -0.04126723 0.03176447
v 0.02629753 -0.03983346 0.03196287
v 0.02471547 -0.03915995 0.03153906
v 0.02412793 -0.04054009 0.03153906
v 0.02479412 -0.03919344 0.03176447
v 0.02420658 -0.04057357 0.03176447
v 0.02492012 -0.03924707 0.03196287
v 0.02433258 -0.04062723 0.03196287
v 0.02934836 -0.04113223 0.03288528
v 0.02876082 -0.04251236 0.03288528
v 0.02926971 -0.04109874 0.03311068
v 0.02924298 -0.04108736 0.03335
v 0.02865543 -0.0424675 0.03335
v 0.02868217 -0.04247888 0.03311068
v 0.0299018 -0.04299809 0.03428502
v 0.0300982 -0.0430817 0.03417299
v 0.03027397 -0.04152626 0.03434271
v 0.03005216 -0.04143184 0.03434271
v 0.02968644 -0.04290641 0.03434271
v 0.02926971 -0.04109874 0.03358932
v 0.02868217 -0.04247888 0.03358932
v 0.02934836 -0.04113223 0.03381472
v 0.02876082 -0.04251236 0.03381472
v 0.02947437 -0.04118586 0.03401312
v 0.0296404 -0.04125654 0.03417299
v 0.02905286 -0.04263669 0.03417299
v 0.02924926 -0.0427203 0.03428502
v 0.02888683 -0.042566 0.03401312
v 0.0298368 -0.04134015 0.03428502
v 0.02946462 -0.04281198 0.03434271
v 0.02554396 -0.04114291 0.03212273
v 0.02534756 -0.04105931 0.03223477
v 0.02513219 -0.04096762 0.03229246
v 0.0261315 -0.03976277 0.03212273
v 0.0259351 -0.03967915 0.03223477
v 0.02571973 -0.03958748 0.03229246
v 0.02957553 -0.04285919 0.03735
v 0.02549792 -0.03949305 0.03229246
v 0.02528256 -0.03940137 0.03223477
v 0.02469502 -0.04078151 0.03223477
v 0.02491038 -0.04087319 0.03229246
v 0.02449861 -0.0406979 0.03212273
v 0.02508615 -0.03931776 0.03212273
v 0.0122212 -0.03384102 0.03735
v 0.01025352 -0.03463362 0.03735
v 0.01202628 -0.03373079 0.03735
v 0.01186078 -0.03357995 0.03735
v 0.01173299 -0.03339607 0.03735
v 0.01164932 -0.03318835 0.03735
v 0.01161397 -0.03296723 0.03735
v 0.01162871 -0.03274379 0.03735
v 0.0100586 -0.03452339 0.03735
v 0.0098931 -0.03437255 0.03735
v 0.0097653 -0.03418867 0.03735
v 0.00968164 -0.03398095 0.03735
v 0.00964629 -0.03375984 0.03735
v 0.00966103 -0.03353639 0.03735
v 0.00972512 -0.03332184 0.03735
v 0.0116928 -0.03252923 0.03735
v 0.01653022 -0.02116605 0.03735
v 0.01670454 -0.02075656 0.03740014
v 0.01701866 -0.02001871 0.03778634
v 0.0171427 -0.01972733 0.03810302
v 0.01548998 -0.01978008 0.03754806
v 0.01576256 -0.01913978 0.03810302
v 0.01585589 -0.01892056 0.03848223
v 0.01729397 -0.01937199 0.03890496
v 0.01591383 -0.01878446 0.03890496
v 0.01723603 -0.01950809 0.03848223
v 0.01731361 -0.01932586 0.03935
v 0.01593347 -0.01873831 0.03935
v 0.01593347 -0.01873831 0.0517
v 0.01731361 -0.01932586 0.0532
v 0.01584235 -0.01869953 0.05213388
v 0.01573273 -0.01865286 0.05232349
v 0.0159104 -0.01872849 0.05192252
v 0.01639352 -0.01893417 0.0542
v 0.01558704 -0.01859084 0.05248183
v 0.01659826 -0.01902132 0.05417493
v 0.01696719 -0.01917837 0.05398183
v 0.01679273 -0.01910411 0.05410097
v 0.01541259 -0.01851658 0.05260097
v 0.01521811 -0.01843379 0.05267493
v 0.01501337 -0.01834662 0.0527
v 0.01711288 -0.01924039 0.05382349
v 0.01729054 -0.01931604 0.05342252
v 0.0172225 -0.01928706 0.05363388
v 0.02402986 0.00172553 9.903E-05
v 0.02420431 0.00165126 0.00021817
v 0.02435 0.00158924 0.00037651
v 0.02363064 0.00189548 -0
v 0.02383538 0.00180832 2.507E-05
v 0.00736077 -0.00313355 -0
v 0.00736077 -0.00313355 -0.0015
v 0.00724029 -0.00334236 -0
v 0.00707335 -0.00351627 -0
v 0.00686963 -0.00364518 -0
v 0.00707335 -0.00351627 -0.0015
v 0.00686963 -0.00364518 -0.0015
v 0.00724029 -0.00334236 -0.0015
v 0.00341508 -0.00709353 -0.0015
v 0.00281577 -0.00747276 -0.0015
v 0.00257549 -0.00749223 -0.0015
v 0.00304441 -0.00739635 0
v 0.00281577 -0.00747276 0
v 0.00324813 -0.00726744 0
v 0.00341508 -0.00709353 0
v 0.00353555 -0.00688472 0
v 0.00304441 -0.00739635 -0.0015
v 0.00324813 -0.00726744 -0.0015
v 0.00748976 0.00269622 -0.0015
v 0.00748012 0.00245534 -0.0015
v 0.00744147 0.00293241 -0.0015
v 0.00733806 0.00315018 -0.0015
v 0.00718554 0.00333687 -0.0015
v 0.00742777 -0.00290197 -0.0015
v 0.0074374 -0.00266109 -0.0015
v 0.00738911 -0.00242491 -0.0015
v 0.00742777 -0.00290197 -0
v 0.0074374 -0.00266109 -0
v 0.00738911 -0.00242491 -0
v 0.00741312 0.00222376 -0
v 0.00748012 0.00245534 -0
v 0.00748976 0.00269622 -0
v 0.00733806 0.00315018 -0
v 0.00744147 0.00293241 -0
v 0.00718554 0.00333687 -0
v 0.00430864 0.01012105 -0
v 0.00430864 0.01012105 -0.0015
v 0.0072857 -0.00220714 -0
v 0.00729265 0.00201495 -0
v 0.00713318 -0.00202045 -0
v 0.0071257 0.00184104 -0
v 0.00729265 0.00201495 -0.0015
v 0.00713318 -0.00202045 -0.0015
v 0.0071257 0.00184104 -0.0015
v 0.00741312 0.00222376 -0.0015
v 0.0072857 -0.00220714 -0.0015
v 0.00692199 0.00171213 -0.0015
v 0.00692199 0.00171213 -0
v 0.00677096 0.00357606 -0
v 0.00699277 0.00348163 -0.0015
v 0.00699277 0.00348163 -0
v 0.00677096 0.00357606 -0.0015
v 0.00257549 -0.00749223 0
v -0.00430863 -0.01012105 0
v -0.00430863 -0.01012105 -0.0015
v 0.00664099 -0.00372158 -0
v 0.00360255 -0.00665314 0
v 0.00353555 -0.00688472 -0.0015
v 0.00664099 -0.00372158 -0.0015
v 0.00360255 -0.00665314 -0.0015
v 0.00361219 -0.00641226 -0.0015
v 0.00361219 -0.00641226 0
v 0.0035639 -0.00617607 -0.0015
v 0.0035639 -0.00617607 0
v 0.00346049 -0.00595831 -0.0015
v 0.00346049 -0.00595831 0
v 0.0064007 -0.00374106 -0.0015
v 0.00594093 -0.00360803 -0.0015
v 0.00574816 -0.00346327 -0.0015
v 0.00330797 -0.00577162 -0.0015
v 0.00616274 -0.00370246 -0.0015
v 0.00559564 -0.00327657 -0.0015
v 0.0031152 -0.00562685 -0.0015
v 0.0025307 -0.00309767 -0.0015
v 0.00616274 -0.00370246 -0
v 0.00594093 -0.00360803 -0
v 0.00574816 -0.00346327 -0
v 0.0064007 -0.00374106 -0
v 0.00330797 -0.00577162 0
v 0.00559564 -0.00327657 -0
v 0.0031152 -0.00562685 0
v 0.0025307 -0.00309767 0
v 0.00694041 -0.00187568 -0
v 0.00694041 -0.00187568 -0.0015
v 0.0067186 -0.00178125 -0.0015
v 0.0067186 -0.00178125 -0
v 0.00624035 -0.00176212 -0
v 0.00648064 -0.00174265 -0.0015
v 0.00648064 -0.00174265 -0
v 0.00624035 -0.00176212 -0.0015
v 0.00552057 -0.00235016 -0.0015
v 0.00564105 -0.00214135 -0.0015
v 0.00552057 -0.00235016 -0
v 0.00545357 -0.00258174 -0
v 0.00545357 -0.00258174 -0.0015
v 0.00564105 -0.00214135 -0
v 0.005808 -0.00196744 -0.0015
v 0.005808 -0.00196744 -0
v 0.00601171 -0.00183853 -0.0015
v 0.00601171 -0.00183853 -0
v 0.00368038 -0.00156677 -0.0015
v 0.00549223 -0.0030588 -0.0015
v 0.00544393 -0.00282261 -0.0015
v 0.00549223 -0.0030588 -0
v 0.00368038 -0.00156677 -0
v 0.00544393 -0.00282261 -0
v 0.00319848 -0.00240201 -0.0015
v 0.00319848 -0.00240201 -0
v 0.00233752 -0.00745363 -0.0015
v 0.00233752 -0.00745363 0
v 0.00177042 -0.00702774 0
v 0.00166701 -0.00680997 -0.0015
v 0.00166701 -0.00680997 0
v 0.00192294 -0.00721443 -0.0015
v 0.00177042 -0.00702774 -0.0015
v 0.00192294 -0.00721443 0
v 0.00211571 -0.00735919 -0.0015
v 0.00211571 -0.00735919 0
v 0.00289339 -0.00553243 -0.0015
v 0.00289339 -0.00553243 0
v 0.00265543 -0.00549383 -0.0015
v 0.00265543 -0.00549383 0
v 0.00241514 -0.00551329 -0.0015
v 0.00241514 -0.00551329 0
v 0.00218649 -0.0055897 -0.0015
v 0.00218649 -0.0055897 0
v 0.00169536 -0.00610133 -0.0015
v 0.00181583 -0.00589252 -0.0015
v 0.00169536 -0.00610133 0
v 0.00181583 -0.00589252 0
v 0.00198278 -0.00571861 -0.0015
v 0.00198278 -0.00571861 0
v 0.00162836 -0.0063329 -0.0015
v 0.00162836 -0.0063329 0
v 0.00161872 -0.00657379 -0.0015
v 0.00161872 -0.00657379 0
v -0.00182176 -0.00683236 -0.0015
v -0.00194224 -0.00704117 -0.0015
v -0.00210918 -0.00721509 -0.0015
v -0.0023129 -0.00734399 -0.0015
v -0.00179342 -0.00612371 -0.0015
v -0.00174512 -0.0063599 -0.0015
v -0.00175476 -0.00660079 -0.0015
v -0.00182176 -0.00683236 0
v -0.00194224 -0.00704117 0
v -0.00210918 -0.00721509 0
v -0.0023129 -0.00734399 0
v -0.00179342 -0.00612371 0
v -0.00174512 -0.0063599 0
v -0.00175476 -0.00660079 0
v 0.00171584 -0.00361329 -0.0015
v 0.00171584 -0.00361329 0
v 0.00080127 -0.00391892 0
v 0.00080127 -0.00391892 -0.0015
v -0.00015988 -0.0039968 0
v -0.00015988 -0.0039968 -0.0015
v -0.00111173 -0.0038424 -0.0015
v -0.00111173 -0.0038424 0
v -0.00189683 -0.00590595 0
v -0.00189683 -0.00590595 -0.0015
v -0.00254154 -0.0074204 -0.0015
v -0.00278183 -0.00743987 -0.0015
v -0.00254154 -0.0074204 0
v -0.00278183 -0.00743987 0
v -0.00301979 -0.00740126 -0.0015
v -0.00301979 -0.00740126 0
v -0.00204935 -0.00571926 0
v -0.00204935 -0.00571926 -0.0015
v -0.0032416 -0.00730684 -0.0015
v -0.00343437 -0.00716207 -0.0015
v -0.0032416 -0.00730684 0
v -0.00343437 -0.00716207 0
v -0.00358689 -0.00697538 -0.0015
v -0.00600068 -0.0092191 -0.0015
v -0.0036903 -0.00675762 -0.0015
v -0.00600068 -0.0092191 0
v -0.00358689 -0.00697538 0
v -0.0036903 -0.00675762 0
v -0.00373859 -0.00652143 -0.0015
v -0.00373859 -0.00652143 0
v -0.00366195 -0.00604897 -0.0015
v -0.00354148 -0.00584016 -0.0015
v -0.00366195 -0.00604897 0
v -0.00354148 -0.00584016 0
v -0.00372896 -0.00628054 -0.0015
v -0.00372896 -0.00628054 0
v -0.00199897 -0.00346469 -0.0015
v -0.00270189 -0.00544147 -0.0015
v -0.00294217 -0.00546093 -0.0015
v -0.00224211 -0.00557449 -0.0015
v -0.00246392 -0.00548007 -0.0015
v -0.00246392 -0.00548007 0
v -0.00224211 -0.00557449 0
v -0.00270189 -0.00544147 0
v -0.00199897 -0.00346469 0
v -0.00294217 -0.00546093 0
v -0.00337453 -0.00566625 -0.0015
v -0.00317082 -0.00553735 -0.0015
v -0.00337453 -0.00566625 0
v -0.00317082 -0.00553735 0
v -0.00277004 -0.00288563 -0.0015
v -0.00277004 -0.00288563 0
v -0.00606407 -0.00351877 -0.0015
v -0.00629271 -0.00359518 -0.0015
v -0.00586035 -0.00338987 -0.0015
v -0.00569341 -0.00321596 -0.0015
v -0.00629271 -0.00359518 0
v -0.00606407 -0.00351877 0
v -0.00569341 -0.00321596 0
v -0.00586035 -0.00338987 0
v -0.00557293 -0.00300715 -0.0015
v -0.00557293 -0.00300715 0
v -0.00550593 -0.00277557 0
v -0.00550593 -0.00277557 -0.0015
v -0.00751039 -0.00803703 -0.0015
v -0.00751039 -0.00803703 0
v -0.00879191 -0.00661077 -0.0015
v -0.00879191 -0.00661077 0
v -0.00677096 -0.00357605 0
v -0.00699277 -0.00348163 0
v -0.006533 -0.00361465 0
v -0.006533 -0.00361465 -0.0015
v -0.00677096 -0.00357605 -0.0015
v -0.00699277 -0.00348163 -0.0015
v -0.00718554 -0.00333686 -0.0015
v -0.00733806 -0.00315017 -0.0015
v -0.00718554 -0.00333686 0
v -0.00733806 -0.00315017 0
v -0.00980629 -0.00498363 0
v -0.00980629 -0.00498363 -0.0015
v -0.01052271 -0.00320508 -0.0015
v -0.01052271 -0.00320508 0
v -0.00744147 -0.0029324 -0.0015
v -0.00744147 -0.0029324 0
v 0.00669335 0.00163572 -0.0015
v 0.00645306 0.00161626 -0.0015
v 0.0062151 0.00165486 -0.0015
v 0.00645306 0.00161626 -0
v 0.00669335 0.00163572 -0
v 0.0062151 0.00165486 -0
v 0.00599328 0.00174928 -0.0015
v 0.00580052 0.00189405 -0.0015
v 0.00599328 0.00174928 -0
v 0.00580052 0.00189405 -0
v 0.00398693 0.00032305 -0.0015
v 0.00394839 -0.00064047 -0
v 0.00398693 0.00032305 -0
v 0.00394839 -0.00064047 -0.0015
v 0.005648 0.00208074 -0.0015
v 0.00379377 0.0012678 -0.0015
v 0.00554459 0.00229851 -0.0015
v 0.00379377 0.0012678 -0
v 0.005648 0.00208074 -0
v 0.00554459 0.00229851 -0
v 0.0054963 0.00253469 -0.0015
v 0.0054963 0.00253469 -0
v 0.00550593 0.00277558 -0.0015
v 0.00550593 0.00277558 -0
v 0.006533 0.00361466 -0.0015
v 0.006533 0.00361466 -0
v 0.00629271 0.00359519 -0.0015
v 0.00629271 0.00359519 -0
v 0.00606407 0.00351878 -0
v 0.00606407 0.00351878 -0.0015
v 0.00557293 0.00300716 -0
v 0.00569341 0.00321596 -0.0015
v 0.00569341 0.00321596 -0
v 0.00557293 0.00300716 -0.0015
v 0.00586035 0.00338988 -0.0015
v 0.00586035 0.00338988 -0
v 0.00372896 0.00628055 -0.0015
v 0.00373859 0.00652144 -0.0015
v 0.00366195 0.00604898 -0.0015
v 0.0036903 0.00675762 -0.0015
v 0.00337453 0.00566625 -0.0015
v 0.00317082 0.00553735 -0.0015
v 0.00354148 0.00584016 -0.0015
v 0.00366195 0.00604898 -0
v 0.00372896 0.00628055 -0
v 0.00373859 0.00652144 -0
v 0.0036903 0.00675762 -0
v 0.00354148 0.00584016 -0
v 0.00337453 0.00566625 -0
v 0.00317082 0.00553735 -0
v 0.00277004 0.00288563 -0.0015
v 0.00338013 0.00213887 -0.0015
v 0.00277004 0.00288563 -0
v 0.00338013 0.00213887 -0
v 0.00294217 0.00546094 -0.0015
v 0.00199897 0.00346469 -0.0015
v 0.00270189 0.00544147 -0.0015
v 0.00246393 0.00548007 -0.0015
v 0.00224211 0.0055745 -0.0015
v 0.00199897 0.00346469 -0
v 0.00270189 0.00544147 -0
v 0.00246393 0.00548007 -0
v 0.00224211 0.0055745 -0
v 0.00294217 0.00546094 -0
v 0.00111173 0.0038424 -0.0015
v 0.00111173 0.0038424 -0
v 0.00015988 0.0039968 -0.0015
v 0.00015988 0.0039968 -0
v -0.00080126 0.00391893 -0.0015
v -0.00080126 0.00391893 -0
v -0.00171584 0.00361329 -0.0015
v -0.00171584 0.00361329 -0
v -0.0025307 0.00309767 -0.0015
v -0.0025307 0.00309767 -0
v 0.00189683 0.00590596 -0
v 0.00179342 0.00612372 -0.0015
v 0.00179342 0.00612372 -0
v 0.00189683 0.00590596 -0.0015
v 0.00204935 0.00571927 -0.0015
v 0.00204935 0.00571927 -0
v 0.00174513 0.00635991 -0.0015
v 0.00174513 0.00635991 -0
v 0.00343437 0.00716208 -0
v 0.00343437 0.00716208 -0.0015
v 0.00358689 0.00697539 -0
v 0.0032416 0.00730684 -0
v 0.0032416 0.00730684 -0.0015
v 0.00358689 0.00697539 -0.0015
v 0.00254154 0.00742041 -0.0015
v 0.00278183 0.00743987 -0.0015
v 0.00254154 0.00742041 -0
v 0.00301979 0.00740127 -0.0015
v 0.00301979 0.00740127 -0
v 0.00278183 0.00743987 -0
v 0.00175476 0.00660079 -0.0015
v 0.00175476 0.00660079 -0
v 0.00182176 0.00683237 -0.0015
v 0.00182176 0.00683237 -0
v 0.00194224 0.00704117 -0.0015
v 0.00210918 0.00721509 -0.0015
v 0.00194224 0.00704117 -0
v 0.00210918 0.00721509 -0
v 0.0023129 0.00734399 -0.0015
v 0.0023129 0.00734399 -0
v 0.00248567 0.01071548 -0.0015
v 0.00248567 0.01071548 -0
v 0.00058719 0.01098432 -0
v 0.00058719 0.01098432 -0.0015
v -0.00162836 0.00633291 -0.0015
v -0.00162836 0.00633291 -0
v -0.00161872 0.00657379 -0.0015
v -0.00166701 0.00680998 -0.0015
v -0.00177042 0.00702775 -0.0015
v -0.00166701 0.00680998 -0
v -0.00161872 0.00657379 -0
v -0.00177042 0.00702775 -0
v -0.00198278 0.00571861 -0.0015
v -0.00218649 0.0055897 -0.0015
v -0.00169536 0.00610134 -0.0015
v -0.00181583 0.00589252 -0.0015
v -0.00169536 0.00610134 -0
v -0.00181583 0.00589252 -0
v -0.00218649 0.0055897 -0
v -0.00198278 0.00571861 -0
v -0.00265542 0.00549383 -0.0015
v -0.00241514 0.0055133 -0.0015
v -0.00241514 0.0055133 -0
v -0.00265542 0.00549383 -0
v -0.00257548 0.00749223 -0
v -0.00233752 0.00745363 -0.0015
v -0.00233752 0.00745363 -0
v -0.00192294 0.00721444 -0.0015
v -0.00211571 0.0073592 -0.0015
v -0.00211571 0.0073592 -0
v -0.00192294 0.00721444 -0
v -0.00257548 0.00749223 -0.0015
v -0.00132914 0.01091941 -0.0015
v -0.00132914 0.01091941 -0
v -0.00320508 0.01052271 -0.0015
v -0.00281577 0.00747276 -0.0015
v -0.00320508 0.01052271 -0
v -0.00281577 0.00747276 -0
v -0.00338013 -0.00213886 0
v -0.00379377 -0.0012678 -0.0015
v -0.00379377 -0.0012678 0
v -0.00338013 -0.00213886 -0.0015
v -0.00554458 -0.0022985 -0.0015
v -0.005648 -0.00208073 -0.0015
v -0.00549629 -0.00253469 -0.0015
v -0.00554458 -0.0022985 0
v -0.005648 -0.00208073 0
v -0.00549629 -0.00253469 0
v -0.00398693 -0.00032304 -0.0015
v -0.00398693 -0.00032304 0
v -0.00394839 0.00064048 -0.0015
v -0.00394839 0.00064048 0
v -0.00580052 -0.00189404 -0.0015
v -0.00580052 -0.00189404 0
v -0.0062151 -0.00165485 0
v -0.00599328 -0.00174928 -0.0015
v -0.00599328 -0.00174928 0
v -0.00645306 -0.00161625 -0.0015
v -0.0062151 -0.00165485 -0.0015
v -0.00645306 -0.00161625 0
v -0.00624035 0.00176213 -0.0015
v -0.00624035 0.00176213 0
v -0.00648064 0.00174266 -0.0015
v -0.00669334 -0.00163572 -0.0015
v -0.00669334 -0.00163572 0
v -0.00648064 0.00174266 0
v -0.0067186 0.00178126 0
v -0.0067186 0.00178126 -0.0015
v -0.00368038 0.00156678 -0.0015
v -0.00564105 0.00214136 -0.0015
v -0.00368038 0.00156678 0
v -0.00552057 0.00235017 0
v -0.00564105 0.00214136 0
v -0.00552057 0.00235017 -0.0015
v -0.00319848 0.00240202 -0.0015
v -0.00319848 0.00240202 0
v -0.00559564 0.00327657 -0.0015
v -0.00549223 0.00305881 -0.0015
v -0.00545357 0.00258175 -0.0015
v -0.00544394 0.00282262 -0.0015
v -0.00549223 0.00305881 0
v -0.00544394 0.00282262 0
v -0.00545357 0.00258175 0
v -0.00559564 0.00327657 0
v -0.00580799 0.00196745 0
v -0.00601171 0.00183854 0
v -0.00580799 0.00196745 -0.0015
v -0.00601171 0.00183854 -0.0015
v -0.00694041 0.00187569 -0.0015
v -0.00694041 0.00187569 0
v -0.00574816 0.00346327 -0.0015
v -0.00574816 0.00346327 0
v -0.00748976 -0.00269621 -0.0015
v -0.00748976 -0.00269621 0
v -0.00748012 -0.00245533 -0.0015
v -0.00748012 -0.00245533 0
v -0.0071257 -0.00184103 0
v -0.00692199 -0.00171213 -0.0015
v -0.00692199 -0.00171213 0
v -0.0071257 -0.00184103 -0.0015
v -0.00741312 -0.00222375 -0.0015
v -0.00741312 -0.00222375 0
v -0.00729265 -0.00201495 0
v -0.00729265 -0.00201495 -0.0015
v -0.00713318 0.00202045 -0.0015
v -0.01098432 0.00058719 -0.0015
v -0.00713318 0.00202045 0
v -0.01098432 0.00058719 0
v -0.0109194 -0.00132913 0
v -0.0109194 -0.00132913 -0.0015
v -0.0072857 0.00220714 -0.0015
v -0.0072857 0.00220714 0
v -0.00738911 0.00242492 -0.0015
v -0.0074374 0.0026611 -0.0015
v -0.00738911 0.00242492 0
v -0.0074374 0.0026611 0
v -0.00742777 0.00290198 -0.0015
v -0.00736076 0.00313355 -0.0015
v -0.00742777 0.00290198 0
v -0.00736076 0.00313355 0
v -0.00724029 0.00334237 -0.0015
v -0.00724029 0.00334237 0
v -0.01071548 0.00248568 0
v -0.01071548 0.00248568 -0.0015
v -0.00289339 0.00553243 -0.0015
v -0.00289339 0.00553243 -0
v -0.0031152 0.00562686 -0.0015
v -0.0031152 0.00562686 -0
v -0.00330797 0.00577162 -0
v -0.00330797 0.00577162 -0.0015
v -0.00346049 0.00595832 -0.0015
v -0.00346049 0.00595832 -0
v -0.0035639 0.00617608 -0.0015
v -0.0035639 0.00617608 -0
v -0.00361219 0.00641227 -0.0015
v -0.00361219 0.00641227 -0
v -0.00353555 0.00688472 -0.0015
v -0.00341507 0.00709353 -0.0015
v -0.00353555 0.00688472 -0
v -0.00360255 0.00665315 -0.0015
v -0.00360255 0.00665315 -0
v -0.00341507 0.00709353 -0
v -0.00594092 0.00360803 0
v -0.00594092 0.00360803 -0.0015
v -0.00616274 0.00370246 -0.0015
v -0.00616274 0.00370246 0
v -0.0064007 0.00374106 -0.0015
v -0.0064007 0.00374106 0
v -0.00803704 0.0075104 -0
v -0.00803704 0.0075104 -0.0015
v -0.00324813 0.00726744 -0.0015
v -0.00304441 0.00739635 -0.0015
v -0.00498364 0.00980629 -0.0015
v -0.00324813 0.00726744 -0
v -0.00304441 0.00739635 -0
v -0.00498364 0.00980629 -0
v -0.00661077 0.00879191 -0.0015
v -0.00661077 0.00879191 -0
v -0.00707334 0.00351628 0
v -0.00686963 0.00364519 -0.0015
v -0.00686963 0.00364519 0
v -0.00664099 0.00372159 -0.0015
v -0.00664099 0.00372159 0
v -0.00707334 0.00351628 -0.0015
v -0.0092191 0.00600068 -0.0015
v -0.0092191 0.00600068 0
v -0.01012105 0.00430864 -0.0015
v -0.01012105 0.00430864 0
v 0.02435 0.00158924 0.05232349
v 0.02420431 0.00165126 0.05248183
v 0.02363064 0.00189548 0.0527
v 0.02383538 0.00180832 0.05267493
v 0.02402986 0.00172553 0.05260097
v 0.00736077 -0.00313355 0.0542
v 0.00736077 -0.00313355 0.0527
v 0.00707335 -0.00351627 0.0542
v 0.00686963 -0.00364518 0.0542
v 0.00724029 -0.00334236 0.0542
v 0.00724029 -0.00334236 0.0527
v 0.00707335 -0.00351627 0.0527
v 0.00686963 -0.00364518 0.0527
v 0.00324813 -0.00726744 0.0542
v 0.00304441 -0.00739635 0.0542
v 0.00341508 -0.00709353 0.0542
v 0.00304441 -0.00739635 0.0527
v 0.00281577 -0.00747276 0.0527
v 0.00324813 -0.00726744 0.0527
v 0.00341508 -0.00709353 0.0527
v 0.00353555 -0.00688472 0.0527
v 0.00281577 -0.00747276 0.0542
v 0.00257549 -0.00749223 0.0542
v 0.00718554 0.00333687 0.0542
v 0.00733806 0.00315018 0.0542
v 0.00744147 0.00293241 0.0542
v 0.00748976 0.00269622 0.0542
v 0.00748012 0.00245534 0.0542
v 0.00738911 -0.00242491 0.0542
v 0.0074374 -0.00266109 0.0542
v 0.00742777 -0.00290197 0.0542
v 0.0074374 -0.00266109 0.0527
v 0.00742777 -0.00290197 0.0527
v 0.00738911 -0.00242491 0.0527
v 0.00741312 0.00222376 0.0527
v 0.00733806 0.00315018 0.0527
v 0.00744147 0.00293241 0.0527
v 0.00748976 0.00269622 0.0527
v 0.00748012 0.00245534 0.0527
v 0.00430864 0.01012105 0.0527
v 0.00718554 0.00333687 0.0527
v 0.00430864 0.01012105 0.0542
v 0.00729265 0.00201495 0.0527
v 0.0072857 -0.00220714 0.0527
v 0.00713318 -0.00202045 0.0527
v 0.00713318 -0.00202045 0.0542
v 0.00729265 0.00201495 0.0542
v 0.0071257 0.00184104 0.0542
v 0.0072857 -0.00220714 0.0542
v 0.00741312 0.00222376 0.0542
v 0.0071257 0.00184104 0.0527
v 0.00692199 0.00171213 0.0527
v 0.00692199 0.00171213 0.0542
v 0.00699277 0.00348163 0.0527
v 0.00699277 0.00348163 0.0542
v 0.00677096 0.00357606 0.0527
v 0.00677096 0.00357606 0.0542
v 0.00257549 -0.00749223 0.0527
v -0.00430863 -0.01012105 0.0527
v -0.00430863 -0.01012105 0.0542
v 0.00664099 -0.00372158 0.0527
v 0.00360255 -0.00665314 0.0527
v 0.00353555 -0.00688472 0.0542
v 0.00664099 -0.00372158 0.0542
v 0.00360255 -0.00665314 0.0542
v 0.00361219 -0.00641226 0.0527
v 0.00361219 -0.00641226 0.0542
v 0.0035639 -0.00617607 0.0527
v 0.0035639 -0.00617607 0.0542
v 0.00346049 -0.00595831 0.0542
v 0.00346049 -0.00595831 0.0527
v 0.00594093 -0.00360803 0.0527
v 0.00574816 -0.00346327 0.0527
v 0.00330797 -0.00577162 0.0527
v 0.0064007 -0.00374106 0.0527
v 0.00616274 -0.00370246 0.0527
v 0.00559564 -0.00327657 0.0527
v 0.0031152 -0.00562685 0.0527
v 0.0025307 -0.00309767 0.0527
v 0.00616274 -0.00370246 0.0542
v 0.00594093 -0.00360803 0.0542
v 0.0064007 -0.00374106 0.0542
v 0.00574816 -0.00346327 0.0542
v 0.00330797 -0.00577162 0.0542
v 0.00559564 -0.00327657 0.0542
v 0.0031152 -0.00562685 0.0542
v 0.0025307 -0.00309767 0.0542
v 0.00694041 -0.00187568 0.0527
v 0.00694041 -0.00187568 0.0542
v 0.00648064 -0.00174265 0.0527
v 0.0067186 -0.00178125 0.0527
v 0.0067186 -0.00178125 0.0542
v 0.00624035 -0.00176212 0.0542
v 0.00624035 -0.00176212 0.0527
v 0.00648064 -0.00174265 0.0542
v 0.00552057 -0.00235016 0.0542
v 0.00552057 -0.00235016 0.0527
v 0.00564105 -0.00214135 0.0542
v 0.00564105 -0.00214135 0.0527
v 0.005808 -0.00196744 0.0542
v 0.00545357 -0.00258174 0.0527
v 0.00601171 -0.00183853 0.0527
v 0.00545357 -0.00258174 0.0542
v 0.005808 -0.00196744 0.0527
v 0.00601171 -0.00183853 0.0542
v 0.00368038 -0.00156677 0.0542
v 0.00544393 -0.00282261 0.0527
v 0.00368038 -0.00156677 0.0527
v 0.00549223 -0.0030588 0.0527
v 0.00544393 -0.00282261 0.0542
v 0.00549223 -0.0030588 0.0542
v 0.00319848 -0.00240201 0.0527
v 0.00319848 -0.00240201 0.0542
v 0.00233752 -0.00745363 0.0542
v 0.00233752 -0.00745363 0.0527
v 0.00177042 -0.00702774 0.0542
v 0.00166701 -0.00680997 0.0527
v 0.00166701 -0.00680997 0.0542
v 0.00211571 -0.00735919 0.0542
v 0.00211571 -0.00735919 0.0527
v 0.00192294 -0.00721443 0.0527
v 0.00177042 -0.00702774 0.0527
v 0.00192294 -0.00721443 0.0542
v 0.00265543 -0.00549383 0.0542
v 0.00265543 -0.00549383 0.0527
v 0.00289339 -0.00553243 0.0542
v 0.00241514 -0.00551329 0.0527
v 0.00289339 -0.00553243 0.0527
v 0.00241514 -0.00551329 0.0542
v 0.00218649 -0.0055897 0.0527
v 0.00198278 -0.00571861 0.0527
v 0.00218649 -0.0055897 0.0542
v 0.00181583 -0.00589252 0.0527
v 0.00198278 -0.00571861 0.0542
v 0.00169536 -0.00610133 0.0527
v 0.00181583 -0.00589252 0.0542
v 0.00169536 -0.00610133 0.0542
v 0.00162836 -0.0063329 0.0527
v 0.00162836 -0.0063329 0.0542
v 0.00161872 -0.00657379 0.0542
v 0.00161872 -0.00657379 0.0527
v -0.00210918 -0.00721509 0.0527
v -0.0023129 -0.00734399 0.0527
v -0.00194224 -0.00704117 0.0527
v -0.00182176 -0.00683236 0.0527
v -0.00179342 -0.00612371 0.0527
v -0.00174512 -0.0063599 0.0527
v -0.00175476 -0.00660079 0.0527
v -0.00210918 -0.00721509 0.0542
v -0.0023129 -0.00734399 0.0542
v -0.00194224 -0.00704117 0.0542
v -0.00182176 -0.00683236 0.0542
v -0.00174512 -0.0063599 0.0542
v -0.00175476 -0.00660079 0.0542
v -0.00179342 -0.00612371 0.0542
v 0.00171584 -0.00361329 0.0542
v 0.00171584 -0.00361329 0.0527
v 0.00080127 -0.00391892 0.0542
v 0.00080127 -0.00391892 0.0527
v -0.00015988 -0.0039968 0.0542
v -0.00015988 -0.0039968 0.0527
v -0.00111173 -0.0038424 0.0527
v -0.00111173 -0.0038424 0.0542
v -0.00189683 -0.00590595 0.0527
v -0.00189683 -0.00590595 0.0542
v -0.00278183 -0.00743987 0.0527
v -0.00301979 -0.00740126 0.0527
v -0.00301979 -0.00740126 0.0542
v -0.00254154 -0.0074204 0.0542
v -0.00254154 -0.0074204 0.0527
v -0.00278183 -0.00743987 0.0542
v -0.00204935 -0.00571926 0.0542
v -0.00204935 -0.00571926 0.0527
v -0.0032416 -0.00730684 0.0527
v -0.00343437 -0.00716207 0.0527
v -0.0032416 -0.00730684 0.0542
v -0.00343437 -0.00716207 0.0542
v -0.00600068 -0.0092191 0.0527
v -0.00600068 -0.0092191 0.0542
v -0.00358689 -0.00697538 0.0542
v -0.0036903 -0.00675762 0.0542
v -0.00358689 -0.00697538 0.0527
v -0.0036903 -0.00675762 0.0527
v -0.00373859 -0.00652143 0.0527
v -0.00373859 -0.00652143 0.0542
v -0.00372896 -0.00628054 0.0542
v -0.00366195 -0.00604897 0.0527
v -0.00366195 -0.00604897 0.0542
v -0.00372896 -0.00628054 0.0527
v -0.00354148 -0.00584016 0.0527
v -0.00354148 -0.00584016 0.0542
v -0.00224211 -0.00557449 0.0527
v -0.00199897 -0.00346469 0.0527
v -0.00246392 -0.00548007 0.0527
v -0.00270189 -0.00544147 0.0527
v -0.00294217 -0.00546093 0.0527
v -0.00246392 -0.00548007 0.0542
v -0.00224211 -0.00557449 0.0542
v -0.00270189 -0.00544147 0.0542
v -0.00199897 -0.00346469 0.0542
v -0.00294217 -0.00546093 0.0542
v -0.00337453 -0.00566625 0.0527
v -0.00317082 -0.00553735 0.0527
v -0.00317082 -0.00553735 0.0542
v -0.00337453 -0.00566625 0.0542
v -0.00277004 -0.00288563 0.0527
v -0.00277004 -0.00288563 0.0542
v -0.00586035 -0.00338987 0.0527
v -0.00606407 -0.00351877 0.0527
v -0.00629271 -0.00359518 0.0527
v -0.00569341 -0.00321596 0.0527
v -0.00586035 -0.00338987 0.0542
v -0.00606407 -0.00351877 0.0542
v -0.00629271 -0.00359518 0.0542
v -0.00569341 -0.00321596 0.0542
v -0.00550593 -0.00277557 0.0542
v -0.00550593 -0.00277557 0.0527
v -0.00557293 -0.00300715 0.0542
v -0.00557293 -0.00300715 0.0527
v -0.00751039 -0.00803703 0.0527
v -0.00751039 -0.00803703 0.0542
v -0.00879191 -0.00661077 0.0527
v -0.00879191 -0.00661077 0.0542
v -0.006533 -0.00361465 0.0527
v -0.006533 -0.00361465 0.0542
v -0.00677096 -0.00357605 0.0542
v -0.00677096 -0.00357605 0.0527
v -0.00699277 -0.00348163 0.0527
v -0.00699277 -0.00348163 0.0542
v -0.00718554 -0.00333686 0.0542
v -0.00718554 -0.00333686 0.0527
v -0.00733806 -0.00315017 0.0542
v -0.00733806 -0.00315017 0.0527
v -0.00980629 -0.00498363 0.0527
v -0.00980629 -0.00498363 0.0542
v -0.00744147 -0.0029324 0.0542
v -0.00744147 -0.0029324 0.0527
v -0.01052271 -0.00320508 0.0527
v -0.01052271 -0.00320508 0.0542
v 0.00669335 0.00163572 0.0527
v 0.00645306 0.00161626 0.0527
v 0.0062151 0.00165486 0.0527
v 0.00645306 0.00161626 0.0542
v 0.0062151 0.00165486 0.0542
v 0.00669335 0.00163572 0.0542
v 0.00599328 0.00174928 0.0542
v 0.00599328 0.00174928 0.0527
v 0.00580052 0.00189405 0.0542
v 0.00580052 0.00189405 0.0527
v 0.00398693 0.00032305 0.0542
v 0.00394839 -0.00064047 0.0542
v 0.00394839 -0.00064047 0.0527
v 0.00398693 0.00032305 0.0527
v 0.005648 0.00208074 0.0527
v 0.00379377 0.0012678 0.0527
v 0.00554459 0.00229851 0.0527
v 0.00379377 0.0012678 0.0542
v 0.005648 0.00208074 0.0542
v 0.00554459 0.00229851 0.0542
v 0.0054963 0.00253469 0.0527
v 0.00550593 0.00277558 0.0527
v 0.00550593 0.00277558 0.0542
v 0.0054963 0.00253469 0.0542
v 0.006533 0.00361466 0.0527
v 0.00606407 0.00351878 0.0527
v 0.00629271 0.00359519 0.0527
v 0.00629271 0.00359519 0.0542
v 0.006533 0.00361466 0.0542
v 0.00606407 0.00351878 0.0542
v 0.00569341 0.00321596 0.0527
v 0.00586035 0.00338988 0.0527
v 0.00586035 0.00338988 0.0542
v 0.00569341 0.00321596 0.0542
v 0.00557293 0.00300716 0.0542
v 0.00557293 0.00300716 0.0527
v 0.0036903 0.00675762 0.0527
v 0.00373859 0.00652144 0.0527
v 0.00372896 0.00628055 0.0527
v 0.00366195 0.00604898 0.0527
v 0.00354148 0.00584016 0.0527
v 0.00337453 0.00566625 0.0527
v 0.00317082 0.00553735 0.0527
v 0.0036903 0.00675762 0.0542
v 0.00373859 0.00652144 0.0542
v 0.00366195 0.00604898 0.0542
v 0.00372896 0.00628055 0.0542
v 0.00354148 0.00584016 0.0542
v 0.00337453 0.00566625 0.0542
v 0.00317082 0.00553735 0.0542
v 0.00338013 0.00213887 0.0527
v 0.00277004 0.00288563 0.0527
v 0.00277004 0.00288563 0.0542
v 0.00338013 0.00213887 0.0542
v 0.00294217 0.00546094 0.0527
v 0.00270189 0.00544147 0.0527
v 0.00199897 0.00346469 0.0527
v 0.00246393 0.00548007 0.0527
v 0.00199897 0.00346469 0.0542
v 0.00270189 0.00544147 0.0542
v 0.00246393 0.00548007 0.0542
v 0.00294217 0.00546094 0.0542
v 0.00224211 0.0055745 0.0542
v 0.00111173 0.0038424 0.0527
v 0.00015988 0.0039968 0.0527
v 0.00111173 0.0038424 0.0542
v 0.00015988 0.0039968 0.0542
v 0.00224211 0.0055745 0.0527
v -0.0025307 0.00309767 0.0527
v -0.00171584 0.00361329 0.0527
v -0.00171584 0.00361329 0.0542
v -0.00080126 0.00391893 0.0542
v -0.0025307 0.00309767 0.0542
v -0.00080126 0.00391893 0.0527
v 0.00179342 0.00612372 0.0527
v 0.00174513 0.00635991 0.0527
v 0.00174513 0.00635991 0.0542
v 0.00189683 0.00590596 0.0527
v 0.00189683 0.00590596 0.0542
v 0.00179342 0.00612372 0.0542
v 0.00204935 0.00571927 0.0542
v 0.00204935 0.00571927 0.0527
v 0.00358689 0.00697539 0.0542
v 0.00358689 0.00697539 0.0527
v 0.0032416 0.00730684 0.0542
v 0.00343437 0.00716208 0.0527
v 0.00343437 0.00716208 0.0542
v 0.0032416 0.00730684 0.0527
v 0.00278183 0.00743987 0.0542
v 0.00278183 0.00743987 0.0527
v 0.00301979 0.00740127 0.0542
v 0.00254154 0.00742041 0.0527
v 0.00301979 0.00740127 0.0527
v 0.00254154 0.00742041 0.0542
v 0.00175476 0.00660079 0.0527
v 0.00182176 0.00683237 0.0527
v 0.00182176 0.00683237 0.0542
v 0.00175476 0.00660079 0.0542
v 0.00194224 0.00704117 0.0527
v 0.00210918 0.00721509 0.0527
v 0.00210918 0.00721509 0.0542
v 0.0023129 0.00734399 0.0542
v 0.0023129 0.00734399 0.0527
v 0.00194224 0.00704117 0.0542
v 0.00248567 0.01071548 0.0527
v 0.00248567 0.01071548 0.0542
v 0.00058719 0.01098432 0.0542
v 0.00058719 0.01098432 0.0527
v -0.00162836 0.00633291 0.0527
v -0.00162836 0.00633291 0.0542
v -0.00161872 0.00657379 0.0527
v -0.00166701 0.00680998 0.0527
v -0.00177042 0.00702775 0.0527
v -0.00177042 0.00702775 0.0542
v -0.00166701 0.00680998 0.0542
v -0.00161872 0.00657379 0.0542
v -0.00169536 0.00610134 0.0527
v -0.00181583 0.00589252 0.0527
v -0.00198278 0.00571861 0.0527
v -0.00218649 0.0055897 0.0527
v -0.00218649 0.0055897 0.0542
v -0.00169536 0.00610134 0.0542
v -0.00181583 0.00589252 0.0542
v -0.00198278 0.00571861 0.0542
v -0.00241514 0.0055133 0.0527
v -0.00265542 0.00549383 0.0527
v -0.00241514 0.0055133 0.0542
v -0.00265542 0.00549383 0.0542
v -0.00233752 0.00745363 0.0542
v -0.00233752 0.00745363 0.0527
v -0.00211571 0.0073592 0.0542
v -0.00257548 0.00749223 0.0527
v -0.00192294 0.00721444 0.0527
v -0.00192294 0.00721444 0.0542
v -0.00211571 0.0073592 0.0527
v -0.00257548 0.00749223 0.0542
v -0.00132914 0.01091941 0.0527
v -0.00132914 0.01091941 0.0542
v -0.00320508 0.01052271 0.0542
v -0.00281577 0.00747276 0.0542
v -0.00281577 0.00747276 0.0527
v -0.00320508 0.01052271 0.0527
v -0.00338013 -0.00213886 0.0527
v -0.00338013 -0.00213886 0.0542
v -0.00379377 -0.0012678 0.0542
v -0.00379377 -0.0012678 0.0527
v -0.00554458 -0.0022985 0.0527
v -0.00549629 -0.00253469 0.0527
v -0.005648 -0.00208073 0.0527
v -0.00549629 -0.00253469 0.0542
v -0.00554458 -0.0022985 0.0542
v -0.005648 -0.00208073 0.0542
v -0.00398693 -0.00032304 0.0527
v -0.00394839 0.00064048 0.0527
v -0.00398693 -0.00032304 0.0542
v -0.00394839 0.00064048 0.0542
v -0.00580052 -0.00189404 0.0527
v -0.00580052 -0.00189404 0.0542
v -0.00599328 -0.00174928 0.0527
v -0.00599328 -0.00174928 0.0542
v -0.00645306 -0.00161625 0.0542
v -0.00645306 -0.00161625 0.0527
v -0.0062151 -0.00165485 0.0542
v -0.0062151 -0.00165485 0.0527
v -0.00624035 0.00176213 0.0542
v -0.00624035 0.00176213 0.0527
v -0.00648064 0.00174266 0.0542
v -0.00669334 -0.00163572 0.0542
v -0.00648064 0.00174266 0.0527
v -0.00669334 -0.00163572 0.0527
v -0.0067186 0.00178126 0.0527
v -0.0067186 0.00178126 0.0542
v -0.00368038 0.00156678 0.0542
v -0.00564105 0.00214136 0.0542
v -0.00368038 0.00156678 0.0527
v -0.00319848 0.00240202 0.0527
v -0.00319848 0.00240202 0.0542
v -0.00564105 0.00214136 0.0527
v -0.00552057 0.00235017 0.0527
v -0.00552057 0.00235017 0.0542
v -0.00549223 0.00305881 0.0527
v -0.00544394 0.00282262 0.0527
v -0.00545357 0.00258175 0.0527
v -0.00559564 0.00327657 0.0527
v -0.00545357 0.00258175 0.0542
v -0.00549223 0.00305881 0.0542
v -0.00559564 0.00327657 0.0542
v -0.00544394 0.00282262 0.0542
v -0.00580799 0.00196745 0.0527
v -0.00580799 0.00196745 0.0542
v -0.00601171 0.00183854 0.0542
v -0.00601171 0.00183854 0.0527
v -0.00694041 0.00187569 0.0527
v -0.00694041 0.00187569 0.0542
v -0.00574816 0.00346327 0.0527
v -0.00574816 0.00346327 0.0542
v -0.00748976 -0.00269621 0.0527
v -0.00748012 -0.00245533 0.0527
v -0.00748012 -0.00245533 0.0542
v -0.00748976 -0.00269621 0.0542
v -0.00692199 -0.00171213 0.0542
v -0.00692199 -0.00171213 0.0527
v -0.0071257 -0.00184103 0.0527
v -0.0071257 -0.00184103 0.0542
v -0.00741312 -0.00222375 0.0527
v -0.00729265 -0.00201495 0.0527
v -0.00729265 -0.00201495 0.0542
v -0.00741312 -0.00222375 0.0542
v -0.00713318 0.00202045 0.0527
v -0.01098432 0.00058719 0.0527
v -0.00713318 0.00202045 0.0542
v -0.01098432 0.00058719 0.0542
v -0.0109194 -0.00132913 0.0527
v -0.0109194 -0.00132913 0.0542
v -0.00738911 0.00242492 0.0542
v -0.00738911 0.00242492 0.0527
v -0.0074374 0.0026611 0.0542
v -0.0072857 0.00220714 0.0527
v -0.0072857 0.00220714 0.0542
v -0.0074374 0.0026611 0.0527
v -0.00742777 0.00290198 0.0527
v -0.00742777 0.00290198 0.0542
v -0.00736076 0.00313355 0.0527
v -0.00736076 0.00313355 0.0542
v -0.00724029 0.00334237 0.0527
v -0.00724029 0.00334237 0.0542
v -0.01071548 0.00248568 0.0527
v -0.01071548 0.00248568 0.0542
v -0.00289339 0.00553243 0.0527
v -0.0031152 0.00562686 0.0527
v -0.0031152 0.00562686 0.0542
v -0.00289339 0.00553243 0.0542
v -0.00330797 0.00577162 0.0542
v -0.00330797 0.00577162 0.0527
v -0.00346049 0.00595832 0.0542
v -0.00346049 0.00595832 0.0527
v -0.0035639 0.00617608 0.0527
v -0.0035639 0.00617608 0.0542
v -0.00361219 0.00641227 0.0542
v -0.00361219 0.00641227 0.0527
v -0.00360255 0.00665315 0.0527
v -0.00360255 0.00665315 0.0542
v -0.00353555 0.00688472 0.0527
v -0.00341507 0.00709353 0.0527
v -0.00341507 0.00709353 0.0542
v -0.00353555 0.00688472 0.0542
v -0.00594092 0.00360803 0.0542
v -0.00594092 0.00360803 0.0527
v -0.0064007 0.00374106 0.0542
v -0.0064007 0.00374106 0.0527
v -0.00616274 0.00370246 0.0542
v -0.00616274 0.00370246 0.0527
v -0.00803704 0.0075104 0.0527
v -0.00803704 0.0075104 0.0542
v -0.00324813 0.00726744 0.0542
v -0.00304441 0.00739635 0.0542
v -0.00498364 0.00980629 0.0542
v -0.00304441 0.00739635 0.0527
v -0.00324813 0.00726744 0.0527
v -0.00498364 0.00980629 0.0527
v -0.00661077 0.00879191 0.0542
v -0.00661077 0.00879191 0.0527
v -0.00664099 0.00372159 0.0542
v -0.00664099 0.00372159 0.0527
v -0.00707334 0.00351628 0.0527
v -0.00686963 0.00364519 0.0527
v -0.00686963 0.00364519 0.0542
v -0.00707334 0.00351628 0.0542
v -0.0092191 0.00600068 0.0527
v -0.0092191 0.00600068 0.0542
v -0.01012105 0.00430864 0.0527
v -0.01012105 0.00430864 0.0542
vn 0.65061 -0.27697 -0.70711
vn 0.7537 -0.32085 -0.57358
vn 0.7537 -0.32086 -0.57358
vn 0.39169 0.9201 -1E-05
vn 0.39169 0.9201 -0
vn 0.39169 0.9201 0
vn 0.39169 0.9201 -1E-05
vn -0.3917 -0.92009 0
vn 0.52775 -0.22466 -0.81915
vn 0.52774 -0.22467 -0.81915
vn 0.39171 0.92009 0
vn 0.65061 -0.27697 -0.70711
vn 0.39166 0.92011 -1E-05
vn 0.39169 0.9201 -0
vn -0.39171 -0.92009 -1E-05
vn -0.39172 -0.92009 -4E-05
vn -0.39169 -0.9201 -1E-05
vn -0.3917 -0.92009 -0
vn -0.39169 -0.9201 1E-05
vn -0.39169 -0.9201 0
vn -0.39167 -0.9201 1E-05
vn -0.61014 0.25974 0.74851
vn -0.4276 0.18203 0.88545
vn 0.39172 0.92009 1E-05
vn 0.39165 0.92011 -3E-05
vn -0.61013 0.25974 0.74852
vn 0.39172 0.92009 2E-05
vn 0.23814 -0.10138 -0.96593
vn 0.38885 -0.16554 -0.90631
vn 0.38885 -0.16554 -0.90631
vn 0.23814 -0.10138 -0.96593
vn 0.08019 -0.03414 -0.99619
vn 0.39169 0.9201 -0
vn 0.39172 0.92008 3E-05
vn 0.3917 0.92009 0
vn 0.3917 0.92009 0
vn 0.39169 0.9201 -1E-05
vn -0.39169 -0.9201 1E-05
vn -0.39168 -0.9201 1E-05
vn -0.3917 -0.92009 -0
vn 0.39167 0.92011 -1E-05
vn -0.39173 -0.92008 -1E-05
vn -0.39169 -0.9201 0
vn -0.39166 -0.92011 0
vn -0.39169 -0.9201 0
vn 0.3917 0.92009 0
vn 0.3917 0.92009 -0
vn -0.22019 0.09374 0.97094
vn -0.22019 0.09374 0.97094
vn 0 0 1
vn 0 0 1
vn -0.42759 0.18203 0.88546
vn 0.2202 -0.09374 0.97094
vn 0.22019 -0.09374 0.97094
vn 0.42758 -0.18203 0.88546
vn 0.42759 -0.18203 0.88546
vn 0.61014 -0.25974 0.74851
vn -0.39169 -0.9201 0
vn 0.39169 0.9201 0
vn -0.39169 -0.9201 -1E-05
vn -0.3917 -0.92009 1E-05
vn -0.39169 -0.9201 -1E-05
vn -0.39171 -0.92009 4E-05
vn -0.39169 -0.9201 -1E-05
vn -0.39169 -0.9201 -1E-05
vn -0.39168 -0.9201 -3E-05
vn 0.39171 0.92009 -4E-05
vn 0.39168 0.9201 3E-05
vn 0.39171 0.92009 -4E-05
vn 0.39169 0.9201 1E-05
vn 0.39169 0.9201 1E-05
vn 0.39169 0.9201 3E-05
vn 0.39171 0.92009 -4E-05
vn 0.83389 -0.355 -0.42262
vn 0.83389 -0.35499 -0.42262
vn 0.88875 -0.37834 -0.25881
vn 0.88874 -0.37835 -0.25882
vn -0.3917 -0.92009 0
vn -0.39168 -0.9201 6E-05
vn -0.39169 -0.9201 4E-05
vn -0.3917 -0.92009 -5E-05
vn 0.39169 0.9201 1E-05
vn 0.39169 0.9201 -1E-05
vn 0.39169 0.9201 1E-05
vn 0.3917 0.9201 1E-05
vn 0.39169 0.9201 -0
vn 0.9166 -0.3902 -0.08716
vn 0.9166 -0.3902 -0.08716
vn 0.39169 0.9201 -1E-05
vn 0.39168 0.9201 -3E-05
vn 0.39171 0.92009 4E-05
vn -0.3917 -0.92009 -3E-05
vn -0.3917 -0.9201 0
vn 0.3917 0.92009 1E-05
vn -0.39169 -0.9201 2E-05
vn -0.3917 -0.9201 -0
vn -0.39169 -0.9201 1E-05
vn 0.39169 0.9201 -0
vn -0.61015 0.25974 0.7485
vn -0.42759 0.18203 0.88545
vn -0.86031 0.36624 0.3546
vn -0.61013 0.25974 0.74852
vn -0.3917 -0.92009 -1E-05
vn -0.75721 0.32235 0.56808
vn -0.75722 0.32235 0.56807
vn -0.3917 -0.92009 0
vn 0.39165 0.92011 1E-05
vn 0.39171 0.92009 -1E-05
vn 0.39169 0.9201 1E-05
vn 0.3917 0.92009 -0
vn 0.39165 0.92012 2E-05
vn 0.39172 0.92008 -1E-05
vn 0.39166 0.92011 2E-05
vn 0.39172 0.92008 -1E-05
vn 0.22018 -0.09373 0.97095
vn 0 0 1
vn -0.22018 0.09374 0.97094
vn 0.61013 -0.25974 0.74852
vn 0.42761 -0.18203 0.88545
vn 0.75722 -0.32236 0.56807
vn 0.42759 -0.18203 0.88545
vn 0.22019 -0.09373 0.97094
vn -0.91339 0.38884 0.12055
vn -0.91339 0.38884 0.12051
vn -0.75723 0.32236 0.56806
vn -0.8603 0.36624 0.35463
vn -0.86031 0.36624 0.3546
vn -0.91339 0.38884 -0.12055
vn -0.8603 0.36623 -0.35463
vn -0.75723 0.32236 -0.56806
vn -0.91339 0.38884 -0.12051
vn -0.8603 0.36624 -0.3546
vn 0.91339 -0.38884 0.12051
vn 0.75723 -0.32236 0.56806
vn 0.86031 -0.36624 0.3546
vn 0.8603 -0.36624 0.35463
vn 0.91339 -0.38883 0.12055
vn 0.75722 -0.32236 0.56808
vn 0.91339 -0.38884 -0.12055
vn 0.8603 -0.36624 -0.35463
vn 0.75723 -0.32236 -0.56806
vn 0.86031 -0.36624 -0.3546
vn 0.75722 -0.32236 -0.56808
vn 0.91339 -0.38884 -0.12051
vn -0 -0 -1
vn -0.61014 0.25974 -0.74851
vn -0.61013 0.25974 -0.74852
vn -0.22019 0.09374 -0.97094
vn -0.22019 0.09374 -0.97094
vn 0.2202 -0.09374 -0.97094
vn -0 -0 -1
vn -0.4276 0.18203 -0.88545
vn -0.42759 0.18203 -0.88546
vn 0.42759 -0.18203 -0.88546
vn 0.61014 -0.25974 -0.74851
vn 0.42758 -0.18203 -0.88546
vn -0.39172 -0.92008 -2E-05
vn 0.22019 -0.09374 -0.97094
vn 0.39168 0.9201 -2E-05
vn 0.39171 0.92009 4E-05
vn 0.3917 0.92009 1E-05
vn 0.3917 0.92009 -0
vn 0.39167 0.92011 -1E-05
vn 0.3917 0.92009 0
vn -0.39172 -0.92008 -4E-05
vn -0.39166 -0.92011 4E-05
vn -0.39169 -0.9201 -0
vn -0.39171 -0.92009 -5E-05
vn -0.39169 -0.9201 1E-05
vn -0.39169 -0.9201 -0
vn -0.61014 0.25974 0.74851
vn -0.39169 -0.9201 1E-05
vn -0.3917 -0.92009 0
vn -0.39168 -0.9201 2E-05
vn -0.39169 -0.9201 -0
vn 0.39169 0.9201 -1E-05
vn 0.39167 0.92011 1E-05
vn -0.42759 0.18203 0.88546
vn -0.42759 0.18203 0.88546
vn 0.3917 0.92009 1E-05
vn 0.39169 0.9201 -0
vn 0.39169 0.9201 -0
vn 0.3917 0.92009 1E-05
vn 0.39169 0.9201 -0
vn -0.22019 0.09374 0.97094
vn -0.39166 -0.92011 -2E-05
vn -0.39167 -0.92011 -1E-05
vn -0.39169 -0.9201 -1E-05
vn -0.39172 -0.92008 1E-05
vn -0.39171 -0.92009 1E-05
vn -0.3917 -0.92009 0
vn -0.39167 -0.92011 -1E-05
vn -0.3917 -0.92009 0
vn 0.39172 0.92008 -1E-05
vn 0.39169 0.9201 0
vn 0.39171 0.92009 2E-05
vn 0.3917 0.9201 -1E-05
vn 0.86031 -0.36624 0.3546
vn 0.39169 0.9201 1E-05
vn 0.39169 0.9201 2E-05
vn 0.8603 -0.36624 0.35461
vn 0.3917 0.92009 -0
vn -0.39169 -0.9201 -1E-05
vn 0.3917 0.92009 -3E-05
vn 0.75723 -0.32236 0.56806
vn -0.39166 -0.92011 2E-05
vn -0.39169 -0.9201 -0
vn -0.75722 0.32236 0.56807
vn -0.86031 0.36624 0.3546
vn -0.91339 0.38884 0.12055
vn -0.91339 0.38883 0.12054
vn -0.3917 -0.92009 3E-05
vn -0.3917 -0.9201 1E-05
vn -0.39169 -0.9201 -2E-05
vn -0.39169 -0.9201 -1E-05
vn -0.39169 -0.9201 -2E-05
vn 0.39169 0.9201 -1E-05
vn 0.39169 0.9201 0
vn -0.39169 -0.9201 -1E-05
vn 0.9166 -0.3902 0.08716
vn 0.9166 -0.3902 0.08716
vn 0.39169 0.9201 1E-05
vn 0.39169 0.9201 0
vn -0.39169 -0.9201 2E-05
vn -0.3917 -0.9201 0
vn 0.39168 0.9201 3E-05
vn 0.39169 0.9201 1E-05
vn 0.3917 0.92009 -1E-05
vn -0.39169 -0.9201 -2E-05
vn -0.3917 -0.92009 3E-05
vn -0.3917 -0.9201 -0
vn 0.39171 0.92009 -4E-05
vn -0.86031 0.36624 -0.3546
vn -0.91339 0.38884 -0.12053
vn -0.91339 0.38884 -0.12054
vn -0.91339 0.38884 0.12053
vn -0.42758 0.18203 -0.88546
vn -0.61013 0.25974 -0.74852
vn -0.61015 0.25975 -0.7485
vn -0.75721 0.32235 -0.56808
vn -0.75722 0.32236 -0.56807
vn -0.3917 -0.92009 1E-05
vn -0.2202 0.09374 -0.97094
vn -0 -0 -1
vn 0.22019 -0.09374 -0.97094
vn 0.75722 -0.32236 -0.56807
vn 0.42758 -0.18203 -0.88546
vn 0.4276 -0.18203 -0.88545
vn 0.61013 -0.25974 -0.74852
vn 0.39172 0.92008 1E-05
vn 0.39171 0.92009 1E-05
vn 0.39165 0.92012 -2E-05
vn 0.39165 0.92011 -1E-05
vn 0.88874 -0.37835 0.25881
vn 0.88875 -0.37834 0.25882
vn 0.83389 -0.35499 0.42262
vn 0.83389 -0.355 0.42262
vn 0.39169 0.9201 -1E-05
vn -0.3917 -0.92009 -0
vn 0.39172 0.92008 1E-05
vn 0.39172 0.92008 1E-05
vn 0.39166 0.92011 -2E-05
vn 0.3917 0.92009 0
vn -0.39168 -0.9201 -6E-05
vn -0.39169 -0.9201 -4E-05
vn -0.3917 -0.92009 5E-05
vn 0.39169 0.9201 -1E-05
vn -0.3917 -0.92009 -0
vn 0.39169 0.9201 1E-05
vn 0.3917 0.9201 -1E-05
vn 0.39169 0.9201 -1E-05
vn 0.86031 -0.36624 -0.3546
vn 0.75723 -0.32236 -0.56806
vn 0.91339 -0.38884 0.12055
vn 0.91339 -0.38884 -0.12054
vn 0.8603 -0.36624 -0.35461
vn 0.91339 -0.38884 -0.12053
vn 0.91339 -0.38884 0.12053
vn 0.39169 0.9201 -2E-05
vn 0.3917 0.92009 0
vn 0.3917 0.92009 1E-05
vn 0.39169 0.9201 -1E-05
vn 0.3917 0.92009 -1E-05
vn -0.91339 0.38884 -0.12055
vn -0.39169 -0.9201 2E-05
vn -0.39169 -0.9201 1E-05
vn -0.39169 -0.9201 1E-05
vn -0.39169 -0.9201 2E-05
vn -0.39169 -0.9201 -2E-05
vn -0.91339 0.38883 -0.12054
vn -0.3917 -0.9201 -1E-05
vn -0.3917 -0.92009 -3E-05
vn -0.3917 -0.92009 -0
vn -0.39171 -0.92009 -1E-05
vn -0.39169 -0.9201 0
vn 0.3917 0.92009 3E-05
vn -0.75722 0.32236 -0.56807
vn 0.3917 0.9201 1E-05
vn 0.39169 0.9201 -0
vn -0.86031 0.36624 -0.3546
vn -0.39172 -0.92008 -1E-05
vn -0.39167 -0.92011 1E-05
vn -0.39167 -0.92011 1E-05
vn -0.3917 -0.92009 -0
vn -0.39169 -0.9201 1E-05
vn -0.39166 -0.92011 2E-05
vn -0.61014 0.25974 0.74851
vn -0.4276 0.18203 0.88545
vn -0.42759 0.18203 0.88545
vn -0.61012 0.25974 0.74852
vn -0.75723 0.32236 0.56805
vn -0.91339 0.38884 0.12051
vn -0.91339 0.38884 -0.12051
vn -0.91339 0.38883 -0.12055
vn 0 0 1
vn 0.61014 -0.25974 0.74851
vn -0 0 1
vn 0.42759 -0.18203 0.88546
vn 0.42759 -0.18203 0.88545
vn 0.75722 -0.32236 0.56807
vn -0.39168 -0.9201 -2E-05
vn -0.3917 -0.92009 -0
vn -0.39166 -0.92011 -2E-05
vn -0.39172 -0.92008 2E-05
vn -0.39169 -0.9201 -1E-05
vn -0.39169 -0.9201 0
vn -0.39169 -0.9201 0
vn 0.91339 -0.38883 0.12055
vn 0.91339 -0.38884 0.12051
vn 0.75723 -0.32236 0.56805
vn -0.39171 -0.92009 5E-05
vn -0.39169 -0.9201 -1E-05
vn -0.39166 -0.92011 -4E-05
vn -0.39172 -0.92008 4E-05
vn 0.39168 0.9201 2E-05
vn 0.3917 0.92009 -1E-05
vn 0.3917 0.92009 0
vn 0.3917 0.92009 -0
vn 0.39167 0.92011 1E-05
vn 0.39171 0.92009 -2E-05
vn 0.3917 0.92009 -1E-05
vn 0.39169 0.9201 0
vn 0.39171 0.92009 -4E-05
vn 0.3917 0.92009 -1E-05
vn 0.39169 0.9201 1E-05
vn -0.39169 -0.9201 0
vn -0.42759 0.18203 -0.88546
vn -0.22019 0.09374 -0.97094
vn -0.61014 0.25974 -0.74851
vn -0.42759 0.18203 -0.88546
vn 0.39169 0.9201 0
vn 0.39169 0.9201 0
vn 0.39167 0.92011 -1E-05
vn 0.39169 0.9201 -0
vn 0.7537 -0.32085 0.57358
vn 0.7537 -0.32086 0.57358
vn 0.39169 0.9201 1E-05
vn -0.39169 -0.9201 1E-05
vn 0.39169 0.9201 1E-05
vn 0.39169 0.9201 0
vn -0.39172 -0.92009 4E-05
vn -0.4276 0.18203 -0.88545
vn -0.22019 0.09374 -0.97094
vn -0.42759 0.18203 -0.88545
vn -0.75723 0.32236 -0.56805
vn -0.61014 0.25974 -0.74851
vn -0.22019 0.09374 -0.97094
vn -0.61012 0.25973 -0.74852
vn -0.39167 -0.9201 -1E-05
vn -0.39169 -0.9201 -1E-05
vn -0.3917 -0.92009 0
vn 0.39172 0.92009 -1E-05
vn 0.39165 0.92011 3E-05
vn -0.39169 -0.9201 -0
vn 0.65061 -0.27697 0.7071
vn 0.52775 -0.22467 0.81915
vn 0.39171 0.92009 -0
vn 0.39166 0.92011 1E-05
vn 0.39169 0.9201 0
vn 0.52774 -0.22466 0.81915
vn 0.39172 0.92009 -2E-05
vn 0.65061 -0.27697 0.70711
vn -0.39171 -0.92009 1E-05
vn -0.3917 -0.92009 -0
vn 0.42759 -0.18203 -0.88545
vn 0 -0 -1
vn -0 -0 -1
vn 0.42759 -0.18203 -0.88546
vn 0.61014 -0.25974 -0.74851
vn 0.75722 -0.32236 -0.56807
vn 0.75723 -0.32236 -0.56805
vn -0.39166 -0.92011 -0
vn -0.39173 -0.92008 1E-05
vn -0.39169 -0.9201 1E-05
vn -0.3917 -0.92009 -1E-05
vn -0.39168 -0.9201 3E-05
vn -0.39169 -0.9201 1E-05
vn 0.39171 0.92009 4E-05
vn 0.39168 0.9201 -3E-05
vn 0.39169 0.9201 -3E-05
vn 0.39171 0.92009 4E-05
vn -0.39169 -0.9201 1E-05
vn 0.39171 0.92009 4E-05
vn -0.39169 -0.9201 1E-05
vn -0.39171 -0.92009 -4E-05
vn 0.39169 0.9201 -1E-05
vn 0.39169 0.9201 -1E-05
vn 0.3917 0.92009 0
vn 0.3917 0.92009 -0
vn -0.39169 -0.9201 -0
vn -0.39169 -0.9201 -0
vn 0.38885 -0.16554 0.90631
vn 0.38885 -0.16554 0.90631
vn 0.39169 0.9201 -0
vn -0.3917 -0.92009 0
vn -0.39169 -0.9201 -1E-05
vn -0.39168 -0.9201 -1E-05
vn -0.39169 -0.9201 -0
vn 0.39169 0.9201 0
vn 0.39172 0.92008 -3E-05
vn 0.39167 0.92011 1E-05
vn 0.39169 0.9201 1E-05
vn 0.3917 0.92009 -0
vn 0.3917 0.92009 -0
vn 0.23814 -0.10138 0.96593
vn 0.23814 -0.10138 0.96593
vn 0.52774 -0.22467 -0.81915
vn 0.38885 -0.16554 -0.90631
vn 0.39169 0.9201 -0
vn 0.39169 0.9201 -1E-05
vn 0.7537 -0.32086 -0.57358
vn 0.7537 -0.32086 -0.57358
vn 0.65061 -0.27697 -0.70711
vn 0.65061 -0.27697 -0.70711
vn 0.3917 0.92009 0
vn 0.39171 0.92009 2E-05
vn -0.39169 -0.9201 0
vn -0.3917 -0.92009 -0
vn -0.39168 -0.9201 1E-05
vn -0.39169 -0.9201 -0
vn -0.3917 -0.92009 -1E-05
vn -0.39169 -0.9201 0
vn -0.39169 -0.9201 0
vn -0.39169 -0.9201 0
vn 0.3917 0.92009 -0
vn 0.39168 0.9201 -1E-05
vn 0.39172 0.92008 0
vn 0.39169 0.9201 -0
vn 0.39169 0.9201 0
vn 0.39168 0.9201 -1E-05
vn -0.22019 0.09374 0.97094
vn -0.61013 0.25974 0.74851
vn -0.42759 0.18203 0.88545
vn -0.42759 0.18203 0.88546
vn 0.39169 0.9201 0
vn 0.23814 -0.10138 -0.96593
vn 0.3917 0.92009 1E-05
vn 0.39169 0.9201 0
vn 0.38885 -0.16554 -0.90631
vn -0.39169 -0.9201 -0
vn -0.3917 -0.92009 -0
vn 0.39169 0.9201 0
vn 0.23814 -0.10138 -0.96593
vn -0.39168 -0.9201 1E-05
vn -0.39169 -0.9201 -0
vn -0.39169 -0.9201 0
vn 0.39169 0.9201 -0
vn 0.3917 0.92009 0
vn 0.08019 -0.03414 -0.99619
vn -0.3917 -0.92009 0
vn -0.3917 -0.92009 0
vn -0.3917 -0.92009 0
vn -0.3917 -0.92009 0
vn 0.42759 -0.18203 0.88545
vn 0.2202 -0.09374 0.97094
vn 0.61013 -0.25974 0.74851
vn 0.42759 -0.18203 0.88546
vn -0 0 1
vn 0 0 1
vn 0.39169 0.9201 2E-05
vn 0.3917 0.92009 -3E-05
vn 0.3917 0.92009 -1E-05
vn 0.39169 0.9201 -0
vn 0.39169 0.9201 1E-05
vn 0.39168 0.9201 0
vn 0.39169 0.9201 0
vn 0.39169 0.9201 0
vn 0.3917 0.92009 -1E-05
vn -0.75722 0.32236 0.56806
vn -0.91339 0.38884 0.12054
vn -0.86031 0.36624 0.35459
vn -0.91338 0.38884 0.12056
vn -0.75722 0.32235 0.56808
vn -0.39169 -0.9201 0
vn -0.3917 -0.92009 1E-05
vn -0.3917 -0.9201 0
vn -0.39169 -0.9201 0
vn -0.39169 -0.9201 -2E-05
vn -0.39169 -0.9201 -2E-05
vn -0.39169 -0.9201 -0
vn -0.39169 -0.9201 0
vn -0.75722 0.32236 -0.56807
vn -0.61013 0.25974 -0.74851
vn -0.75721 0.32236 -0.56808
vn -0.91338 0.38884 -0.12056
vn -0.86031 0.36624 -0.35459
vn -0.91339 0.38884 -0.12054
vn 0.83389 -0.355 -0.42262
vn 0.83389 -0.35499 -0.42262
vn 0.88874 -0.37835 -0.25882
vn 0.39169 0.9201 0
vn 0.39169 0.9201 -2E-05
vn 0.39169 0.9201 2E-05
vn 0.3917 0.92009 2E-05
vn -0.3917 -0.9201 -1E-05
vn -0.39169 -0.9201 0
vn -0.39169 -0.9201 1E-05
vn -0.39169 -0.9201 1E-05
vn -0.91339 0.38884 0.12053
vn -0.91339 0.38884 -0.12053
vn -0.91339 0.38884 -0.12052
vn -0.8603 0.36624 -0.35461
vn -0.8603 0.36624 -0.35463
vn -0.8603 0.36624 0.35463
vn -0.8603 0.36624 0.35461
vn -0.91339 0.38884 0.12052
vn 0.39172 0.92008 -1E-05
vn -0.39169 -0.9201 -0
vn 0.3917 0.92009 0
vn 0.39169 0.9201 -0
vn 0.39168 0.9201 -1E-05
vn -0.39169 -0.9201 -0
vn 0.91659 -0.39021 -0.08716
vn 0.39169 0.9201 0
vn 0.39169 0.9201 -0
vn -0.39171 -0.92009 -3E-05
vn 0.3917 0.92009 -0
vn -0.39169 -0.9201 2E-05
vn -0.39169 -0.9201 0
vn 0.3917 0.92009 1E-05
vn -0.39169 -0.9201 2E-05
vn -0.39169 -0.9201 -0
vn 0.3917 0.92009 0
vn -0.39168 -0.9201 -1E-05
vn -0.3917 -0.92009 0
vn -0.39169 -0.9201 0
vn -0.3917 -0.92009 -1E-05
vn -0.91338 0.38884 0.12056
vn -0.4276 0.18203 0.88545
vn -0.61014 0.25974 0.74851
vn -0.75722 0.32236 0.56807
vn -0.91339 0.38884 0.12054
vn -0.86031 0.36624 0.3546
vn -0.42759 0.18203 0.88545
vn -0.75721 0.32235 0.56808
vn 0.39168 0.9201 1E-05
vn 0.39168 0.9201 0
vn 0.39168 0.9201 1E-05
vn 0.3917 0.92009 -0
vn 0.3917 0.92009 -0
vn 0.39171 0.92009 -0
vn 0.39169 0.9201 0
vn 0.22018 -0.09373 0.97094
vn 0 0 1
vn 0 -0 1
vn -0.22018 0.09374 0.97094
vn 0.86031 -0.36624 0.35459
vn 0.4276 -0.18203 0.88545
vn 0.61014 -0.25974 0.74851
vn 0.75722 -0.32236 0.56807
vn 0.91338 -0.38884 0.12056
vn 0.75721 -0.32236 0.56808
vn -0.75723 0.32236 0.56805
vn -0.75723 0.32236 -0.56805
vn -0.75723 0.32236 -0.56806
vn -0.75723 0.32236 0.56806
vn 0.91339 -0.38884 0.12052
vn 0.8603 -0.36624 0.35461
vn 0.91339 -0.38884 0.12053
vn 0.75722 -0.32235 0.56808
vn 0.75722 -0.32236 0.56806
vn 0.8603 -0.36624 0.35463
vn 0.75722 -0.32236 -0.56806
vn 0.75722 -0.32235 -0.56808
vn 0.91339 -0.38884 -0.12052
vn 0.8603 -0.36624 -0.35463
vn 0.91339 -0.38884 -0.12053
vn -0.42759 0.18203 -0.88545
vn 0.2202 -0.09374 -0.97094
vn -0.42759 0.18203 -0.88546
vn -0.22019 0.09374 -0.97094
vn 0 -0 -1
vn -0 -0 -1
vn 0.39172 0.92008 2E-05
vn 0.3917 0.92009 0
vn 0.42759 -0.18203 -0.88545
vn -0.3917 -0.92009 -1E-05
vn 0.61013 -0.25974 -0.74851
vn 0.42759 -0.18203 -0.88546
vn -0.3917 -0.92009 -0
vn -0.39169 -0.9201 0
vn -0.3917 -0.92009 0
vn 0.3917 0.92009 1E-05
vn 0.39169 0.9201 -1E-05
vn 0.39171 0.92009 2E-05
vn 0.39169 0.9201 -0
vn 0.39169 0.9201 -0
vn 0.39168 0.9201 -1E-05
vn 0.39169 0.9201 0
vn -0.39169 -0.9201 -0
vn -0.39169 -0.9201 1E-05
vn -0.3917 -0.92009 -1E-05
vn -0.39169 -0.9201 0
vn -0.61014 0.25974 0.74851
vn -0.42759 0.18203 0.88546
vn -0.39169 -0.9201 -0
vn -0.39169 -0.9201 -0
vn -0.39168 -0.9201 1E-05
vn -0.3917 -0.92009 -1E-05
vn 0.39169 0.9201 0
vn 0.39168 0.9201 -2E-05
vn 0.39169 0.9201 -0
vn 0.39169 0.9201 -0
vn -0.2202 0.09374 0.97094
vn 0.3917 0.92009 -0
vn 0.3917 0.92009 0
vn 0.39169 0.9201 -0
vn -0.39169 -0.9201 -0
vn -0.3917 -0.92009 0
vn -0.39168 -0.9201 -0
vn -0.39169 -0.9201 0
vn -0.8603 0.36624 0.3546
vn -0.75722 0.32236 0.56806
vn -0.8603 0.36624 0.35461
vn 0.39169 0.9201 -0
vn -0.75722 0.32236 0.56807
vn -0.39169 -0.9201 0
vn -0.39169 -0.9201 0
vn -0.39169 -0.9201 0
vn -0.39169 -0.9201 -2E-05
vn -0.39169 -0.9201 -0
vn -0.39169 -0.9201 -1E-05
vn 0.39169 0.9201 -0
vn 0.39169 0.9201 -0
vn -0.91339 0.38884 0.12054
vn 0.39169 0.9201 -0
vn 0.3917 0.92009 -1E-05
vn 0.39169 0.9201 -0
vn 0.39169 0.9201 0
vn -0.3917 -0.92009 -0
vn -0.3917 -0.92009 -0
vn -0.3917 -0.92009 -0
vn -0.39169 -0.9201 -0
vn -0.39168 -0.9201 -0
vn -0.3917 -0.92009 -0
vn 0.3917 0.92009 -0
vn 0.3917 0.92009 0
vn 0.39169 0.9201 -0
vn 0.3917 0.92009 -0
vn 0.39168 0.9201 -0
vn 0.3917 0.92009 1E-05
vn 0.39168 0.9201 -1E-05
vn -0.39169 -0.9201 -0
vn -0.39172 -0.92008 -3E-05
vn 0.39169 0.9201 -0
vn -0.39168 -0.9201 2E-05
vn -0.2202 0.09374 0.97094
vn -0 0 1
vn 0 0 1
vn 0.61013 -0.25974 0.74851
vn 0.75722 -0.32236 0.56806
vn 0.8603 -0.36624 0.3546
vn 0.91339 -0.38884 0.12054
vn 0.91338 -0.38884 0.12056
vn 0 -0 -1
vn 0.22019 -0.09374 -0.97094
vn -0 -0 -1
vn -0.22019 0.09374 -0.97094
vn -0.42759 0.18203 -0.88545
vn 0.42759 -0.18203 -0.88545
vn 0.61013 -0.25974 -0.74851
vn 0.75722 -0.32236 -0.56807
vn 0.86031 -0.36624 -0.35459
vn 0.86031 -0.36624 -0.3546
vn 0.91339 -0.38884 -0.12054
vn 0.91338 -0.38884 -0.12056
vn 0.39169 0.9201 -2E-05
vn -0.39169 -0.9201 2E-05
vn -0.39169 -0.9201 1E-05
vn -0.39169 -0.9201 2E-05
vn -0.3917 -0.92009 -3E-05
vn -0.39168 -0.9201 4E-05
vn -0.39169 -0.9201 2E-05
vn -0.3917 -0.92009 -3E-05
vn -0.3917 -0.92009 -1E-05
vn -0.39169 -0.9201 0
vn -0.3917 -0.92009 -3E-05
vn 0.3917 0.92009 1E-05
vn 0.3917 0.92009 3E-05
vn 0.39169 0.9201 0
vn 0.39169 0.9201 -0
vn 0.3917 0.92009 3E-05
vn 0.3917 0.92009 1E-05
vn 0.39169 0.9201 -0
vn 0.3917 0.9201 0
vn 0.39169 0.9201 -2E-05
vn 0.39169 0.9201 0
vn -0.61013 0.25974 0.74851
vn -0.3917 -0.92009 -1E-05
vn -0 -0 -1
vn 0 0 1
vn 0.22019 -0.09374 0.97094
vn 0 0 1
vn 0.2202 -0.09374 0.97094
vn -0.3917 -0.92009 -0
vn -0.3917 -0.92009 -0
vn -0.39169 -0.9201 -0
vn -0.3917 -0.92009 0
vn -0.39169 -0.9201 0
vn -0.3917 -0.92009 0
vn -0.39169 -0.9201 0
vn -0.39168 -0.9201 0
vn 0 0 1
vn 0 0 1
vn 0.39169 0.9201 0
vn 0.2202 -0.09374 0.97094
vn -0.39169 -0.9201 -0
vn -0.39169 -0.9201 -0
vn -0.39169 -0.9201 -0
vn 0.3917 0.92009 0
vn 0.3917 0.92009 -0
vn 0.39168 0.9201 -0
vn 0.39169 0.9201 0
vn 0.42759 -0.18203 0.88546
vn 0.39169 0.9201 0
vn -0.3917 -0.92009 1E-05
vn -0.39169 -0.9201 -1E-05
vn -0.39171 -0.92009 2E-05
vn -0.39169 -0.9201 -0
vn 0.42759 -0.18203 0.88546
vn -0.39169 -0.9201 0
vn -0.39168 -0.9201 -2E-05
vn 0.39169 0.9201 0
vn 0.3917 0.92009 -1E-05
vn 0.39167 0.9201 2E-05
vn 0.39171 0.92009 -2E-05
vn 0.39171 0.92009 -3E-05
vn 0.39169 0.9201 2E-05
vn 0.39169 0.9201 -0
vn 0.39169 0.9201 -0
vn 0.39169 0.9201 -0
vn 0.61014 -0.25974 0.74851
vn 0.8603 -0.36624 0.3546
vn 0.39169 0.9201 0
vn 0.75722 -0.32236 0.56807
vn 0.75723 -0.32236 0.56806
vn 0.8603 -0.36624 0.35461
vn -0.91339 0.38884 0.12054
vn -0.8603 0.36624 0.35461
vn -0.75722 0.32236 -0.56806
vn -0.86031 0.36624 -0.3546
vn -0.8603 0.36624 -0.35461
vn -0.75722 0.32235 -0.56808
vn -0.91339 0.38884 -0.12053
vn -0.39172 -0.92008 2E-05
vn -0.39169 -0.9201 0
vn -0.39169 -0.9201 -0
vn -0.39168 -0.9201 -1E-05
vn -0.3917 -0.92009 0
vn -0.61013 0.25974 -0.74851
vn 0.39168 0.9201 1E-05
vn 0.3917 0.92009 -0
vn -0 -0 -1
vn -0.2202 0.09374 -0.97094
vn -0 -0 -1
vn 0.2202 -0.09374 -0.97094
vn 0.22019 -0.09374 -0.97094
vn 0.91339 -0.38884 0.12054
vn 0.86031 -0.36624 0.3546
vn 0.75723 -0.32236 0.56806
vn 0.8603 -0.36624 -0.35461
vn 0.75722 -0.32236 -0.56806
vn 0.75723 -0.32236 -0.56806
vn 0.86031 -0.36624 -0.3546
vn 0.91339 -0.38884 -0.12054
vn 0.39165 0.92011 -2E-05
vn -0.39168 -0.9201 1E-05
vn 0.39173 0.92008 2E-05
vn -0.39173 -0.92008 -1E-05
vn -0.39169 -0.9201 -0
vn 0.39169 0.9201 -0
vn 0.3917 0.92009 0
vn 0.3917 0.92009 0
vn 0.3917 0.92009 0
vn 0.39169 0.9201 -0
vn 0.3917 0.92009 0
vn -0.3917 -0.92009 -1E-05
vn -0.39169 -0.9201 -0
vn -0.39169 -0.9201 0
vn 0.91339 -0.38884 0.12054
vn -0.39169 -0.9201 -0
vn -0.39169 -0.9201 -0
vn -0.39169 -0.9201 -0
vn 0.39169 0.9201 -0
vn 0.39169 0.9201 -2E-05
vn 0.39169 0.9201 -1E-05
vn 0.39169 0.9201 0
vn 0.3917 0.92009 3E-05
vn 0.39169 0.9201 -2E-05
vn -0.39167 -0.92011 1E-05
vn -0.39171 -0.92009 -0
vn -0.39168 -0.9201 1E-05
vn -0.39168 -0.9201 1E-05
vn -0.39172 -0.92008 -1E-05
vn -0.3917 -0.92009 -0
vn -0.39168 -0.9201 0
vn -0.3917 -0.92009 -0
vn -0.3917 -0.92009 -0
vn -0.39169 -0.9201 0
vn 0.39168 0.9201 -1E-05
vn 0.3917 0.92009 0
vn 0.39171 0.92009 1E-05
vn 0.39168 0.9201 -1E-05
vn 0.39169 0.9201 -0
vn 0 0 1
vn -0.61014 0.25974 0.74851
vn -0.22018 0.09373 0.97094
vn 0.22018 -0.09374 0.97094
vn 0.61014 -0.25974 0.74851
vn 0.91339 -0.38884 0.12054
vn 0.39174 0.92008 -2E-05
vn 0.39169 0.9201 -0
vn 0.39169 0.9201 1E-05
vn 0.39168 0.9201 4E-05
vn 0.39176 0.92007 -0.00014
vn 0.39174 0.92008 -2E-05
vn 0.39169 0.9201 -0
vn 0.39168 0.9201 -1E-05
vn 0.39169 0.9201 -0
vn 0.39169 0.9201 -0
vn -0.39169 -0.9201 -2E-05
vn -0.39169 -0.9201 0
vn -0.39169 -0.9201 -0
vn 0.3917 0.92009 -1E-05
vn 0.39169 0.9201 -0
vn -0 -0 -1
vn 0.39169 0.9201 0
vn 0.39169 0.9201 2E-05
vn 0.3917 0.92009 -3E-05
vn 0.39169 0.9201 2E-05
vn -0.3917 -0.92009 2E-05
vn -0.39169 -0.9201 -1E-05
vn -0.3917 -0.92009 2E-05
vn 0.39168 0.9201 2E-05
vn 0.39171 0.92009 -2E-05
vn 0.39168 0.9201 1E-05
vn -0.3917 -0.92009 0
vn -0.39169 -0.9201 -0
vn 0.39169 0.9201 -0
vn -0.39169 -0.9201 0
vn -0.3917 -0.92009 1E-05
vn -0 -0 -1
vn -0 -0 -1
vn -0.06581 -0.99783 0
vn -0.2862 -0.95817 0
vn 0.39169 0.9201 -0
vn -0.39169 -0.9201 0
vn -0.2862 -0.95817 0
vn -0.06581 -0.99783 0
vn 0.36971 0.86846 -0.33028
vn 0.38923 0.91431 -0.11196
vn 0.33166 0.77907 -0.53203
vn 0.20839 0.48952 -0.84672
vn 0.27697 0.6506 -0.70711
vn 0.12937 0.30389 -0.94388
vn 0.04386 0.10302 -0.99371
vn -0 -0 -1
vn -0.9201 0.39169 0
vn 0.9201 -0.39169 -0
vn -0.9201 0.39169 0
vn -0.92009 0.3917 0
vn 0.9201 -0.39169 -0
vn 0.9201 -0.39169 -0
vn 0.9201 -0.39169 -0
vn 0.92009 -0.3917 -0
vn 0.92009 -0.3917 -0
vn 0.9201 -0.39169 -0
vn -0 -0 -1
vn -0 -0 -1
vn -0 0 -1
vn 0 -0 -1
vn -0 -0 -1
vn -0 -0 -1
vn -0 -0 -1
vn -0 -0 -1
vn -0 0 -1
vn -0 -0 -1
vn 0 -0 -1
vn 0 -0 -1
vn -0 0 -1
vn -0.9201 0.39169 0
vn -0.9201 0.39169 0
vn 0.15786 -0.98746 0
vn 0.57068 -0.82117 0
vn 0.37362 -0.92758 0
vn 0.57068 -0.82117 0
vn 0.7391 -0.6736 0
vn 0.87045 -0.49225 -0
vn 0.37362 -0.92758 0
vn 0.15786 -0.98746 0
vn 0.87045 -0.49225 -0
vn 0.7391 -0.6736 0
vn 0.28623 0.95816 -0
vn 0.06581 0.99783 -0
vn 0.06581 0.99783 -0
vn -0.15786 0.98746 -0
vn 0.28623 0.95816 -0
vn -0.15786 0.98746 -0
vn -0.37365 0.92757 -0
vn -0.37365 0.92757 -0
vn -0.57068 0.82117 -0
vn -0.73909 0.67361 -0
vn -0.87045 0.49225 0
vn -0.87045 0.49225 0
vn -0.73909 0.67361 -0
vn 0.91659 -0.39021 0.08716
vn 0.39169 0.9201 -0
vn 0.39169 0.9201 0
vn -0.39169 -0.9201 -2E-05
vn -0.39169 -0.9201 0
vn 0.3917 0.92009 -1E-05
vn -0.39171 -0.92009 3E-05
vn 0.3917 0.92009 -0
vn -0.39169 -0.9201 -2E-05
vn -0.39169 -0.9201 -0
vn 0.3917 0.92009 0
vn 0.3917 0.92009 -0
vn 0.39168 0.9201 1E-05
vn 0.39169 0.9201 0
vn -0.39169 -0.9201 0
vn -0.91339 0.38884 -0.12054
vn -0.91338 0.38884 -0.12056
vn -0.86031 0.36624 -0.35459
vn -0.42759 0.18203 -0.88546
vn -0.61014 0.25974 -0.74851
vn -0.42758 0.18203 -0.88546
vn -0.75722 0.32236 -0.56807
vn -0.2202 0.09374 -0.97094
vn -0.75721 0.32235 -0.56808
vn -0.3917 -0.92009 1E-05
vn -0.39168 -0.9201 1E-05
vn -0.39169 -0.9201 -0
vn -0.3917 -0.92009 -0
vn -0 -0 -1
vn -0 0 -1
vn 0.42758 -0.18203 -0.88546
vn 0.86031 -0.36624 -0.35459
vn 0.91338 -0.38884 -0.12056
vn 0.61014 -0.25974 -0.74851
vn 0.75721 -0.32235 -0.56808
vn 0.42759 -0.18203 -0.88546
vn 0.39168 0.9201 -1E-05
vn 0.39168 0.9201 -1E-05
vn 0.3917 0.92009 0
vn 0.39168 0.9201 -0
vn 0.3917 0.92009 0
vn 0.39169 0.9201 -0
vn 0.39171 0.92009 0
vn 0.88874 -0.37835 0.25882
vn 0.83389 -0.35499 0.42262
vn 0.39169 0.9201 -0
vn 0.39172 0.92008 1E-05
vn -0.39169 -0.9201 0
vn 0.39169 0.9201 2E-05
vn 0.39169 0.9201 -2E-05
vn -0.3917 -0.9201 1E-05
vn -0.39169 -0.9201 -0
vn -0.39169 -0.9201 -1E-05
vn -0.39169 -0.9201 -1E-05
vn 0.3917 0.92009 -2E-05
vn -0.91339 0.38884 0.12053
vn -0.91339 0.38884 0.12052
vn -0.91339 0.38884 -0.12053
vn -0.91339 0.38884 -0.12052
vn -0.39169 -0.9201 -0
vn -0.39169 -0.9201 -0
vn -0.39169 -0.9201 2E-05
vn -0.39169 -0.9201 -0
vn -0.39169 -0.9201 1E-05
vn -0.39169 -0.9201 0
vn -0.91339 0.38884 -0.12054
vn 0.39169 0.9201 -0
vn 0.39169 0.9201 0
vn 0.39169 0.9201 0
vn 0.3917 0.92009 1E-05
vn 0.39169 0.9201 0
vn 0.39169 0.9201 0
vn -0.39168 -0.9201 0
vn -0.39169 -0.9201 -0
vn -0.3917 -0.92009 -0
vn -0.39169 -0.9201 0
vn -0.3917 -0.92009 -0
vn 0.39169 0.9201 0
vn -0.75722 0.32236 -0.56806
vn -0.75722 0.32236 -0.56807
vn -0.8603 0.36624 -0.35461
vn -0.8603 0.36624 -0.3546
vn -0.61013 0.25974 0.74852
vn 0 -0 1
vn 0 0 1
vn 0.39172 0.92008 -2E-05
vn 0.3917 0.92009 -0
vn 0.61013 -0.25974 0.74852
vn -0.3917 -0.92009 1E-05
vn -0.39169 -0.9201 -0
vn -0.3917 -0.92009 -0
vn -0.3917 -0.92009 0
vn -0.39169 -0.9201 0
vn 0.39169 0.9201 -0
vn 0.39168 0.9201 1E-05
vn 0.39169 0.9201 1E-05
vn 0.3917 0.92009 -1E-05
vn 0.39171 0.92009 -2E-05
vn 0.39169 0.9201 0
vn 0.39169 0.9201 0
vn -0.75724 0.32237 -0.56804
vn -0.75723 0.32236 0.56805
vn -0.75724 0.32237 0.56804
vn -0.75723 0.32236 -0.56805
vn 0.91339 -0.38884 0.12052
vn 0.91339 -0.38884 0.12053
vn 0.75723 -0.32236 0.56806
vn 0.75722 -0.32236 0.56807
vn 0.75723 -0.32236 -0.56806
vn 0.75722 -0.32236 -0.56807
vn -0.61014 0.25974 -0.74851
vn -0.42759 0.18203 -0.88546
vn -0.39168 -0.9201 -1E-05
vn -0.39169 -0.9201 0
vn -0.3917 -0.92009 1E-05
vn -0.39169 -0.9201 -1E-05
vn -0.39169 -0.9201 -0
vn -0.3917 -0.92009 1E-05
vn 0.39169 0.9201 0
vn 0.39169 0.9201 0
vn 0.39168 0.9201 2E-05
vn 0.39169 0.9201 0
vn 0.39169 0.9201 -0
vn -0.22019 0.09374 -0.97094
vn 0.3917 0.92009 -0
vn 0.39168 0.9201 -0
vn 0.7537 -0.32086 0.57358
vn 0.7537 -0.32086 0.57358
vn 0.65061 -0.27697 0.70711
vn 0.65061 -0.27697 0.7071
vn 0.39169 0.9201 1E-05
vn 0.39171 0.92009 -2E-05
vn 0.3917 0.92009 -0
vn -0.39169 -0.9201 0
vn -0.39168 -0.9201 -1E-05
vn -0.39169 -0.9201 -0
vn -0.3917 -0.92009 1E-05
vn -0.39169 -0.9201 -0
vn -0.39169 -0.9201 -0
vn 0.39168 0.9201 1E-05
vn 0.39169 0.9201 0
vn 0.39168 0.9201 1E-05
vn -0.4276 0.18203 -0.88545
vn -0.61013 0.25974 -0.74852
vn -0 0 -1
vn -0 -0 -1
vn 0.39172 0.92008 -0
vn 0.39169 0.9201 -0
vn 0.3917 0.92009 0
vn 0.52774 -0.22467 0.81915
vn 0.39169 0.9201 0
vn -0.39169 -0.9201 -0
vn 0.4276 -0.18203 -0.88545
vn 0.61013 -0.25974 -0.74852
vn -0.3917 -0.92009 -0
vn -0.3917 -0.92009 -0
vn -0.3917 -0.92009 -0
vn -0.3917 -0.92009 -0
vn 0.39169 0.9201 -1E-05
vn 0.3917 0.92009 1E-05
vn 0.3917 0.92009 1E-05
vn 0.39169 0.9201 0
vn 0.39169 0.9201 -0
vn 0.39169 0.9201 -2E-05
vn 0.39169 0.9201 -0
vn 0.3917 0.92009 3E-05
vn 0.39168 0.9201 -0
vn -0.3917 -0.92009 -1E-05
vn -0.39169 -0.9201 2E-05
vn -0.39169 -0.9201 0
vn -0.39169 -0.9201 2E-05
vn -0.3917 -0.9201 -0
vn -0.39169 -0.9201 -0
vn -0.39169 -0.9201 -0
vn -0.91339 0.38884 -0.12054
vn -0.91338 0.38884 -0.12056
vn -0.39169 -0.9201 -0
vn 0.38885 -0.16554 0.90631
vn 0.38885 -0.16554 0.90631
vn 0.23814 -0.10138 0.96593
vn 0.23814 -0.10138 0.96593
vn 0.39169 0.9201 -0
vn 0.3917 0.92009 -1E-05
vn 0.39169 0.9201 -0
vn -0.39168 -0.9201 -1E-05
vn -0.39169 -0.9201 0
vn 0.08019 -0.03414 0.99619
vn -0.39169 -0.9201 0
vn -0.3917 -0.92009 0
vn -0.39169 -0.9201 -0
vn 0.39169 0.9201 -0
vn 0.08019 -0.03414 0.99619
vn 0.39169 0.9201 0
vn 0.3917 0.92009 0
vn -0.39169 -0.9201 -0
vn -0.39168 -0.9201 0
vn -0.3917 -0.92009 -0
vn -0.39169 -0.9201 -0
vn -0.39169 -0.9201 -0
vn -0.3917 -0.92009 0
vn 0.39169 0.9201 0
vn -0 -0 -1
vn 0.22019 -0.09374 -0.97094
vn -0.39169 -0.9201 0
vn -0.39169 -0.9201 0
vn -0.39169 -0.9201 0
vn 0.75723 -0.32236 -0.56806
vn 0.61014 -0.25974 -0.74851
vn 0.39169 0.9201 -0
vn 0.8603 -0.36624 -0.3546
vn 0.8603 -0.36624 -0.35461
vn 0.75722 -0.32235 -0.56807
vn 0.3917 0.92009 0
vn 0.39169 0.9201 -0
vn 0.42759 -0.18203 -0.88546
vn -0.39169 -0.9201 0
vn -0.39168 -0.9201 2E-05
vn -0.39171 -0.92009 -2E-05
vn 0.42759 -0.18203 -0.88546
vn -0.39169 -0.9201 1E-05
vn -0.3917 -0.92009 -1E-05
vn 0.39169 0.9201 -0
vn 0.39167 0.9201 -2E-05
vn 0.39171 0.92009 3E-05
vn 0.39169 0.9201 0
vn 0.39171 0.92009 2E-05
vn 0.3917 0.92009 1E-05
vn 0.39169 0.9201 -2E-05
vn 0.39169 0.9201 0
vn 0.39169 0.9201 0
vn -0.3917 -0.92009 1E-05
vn 0.91339 -0.38884 -0.12054
vn -0.39169 -0.9201 0
vn -0.39169 -0.9201 0
vn -0.39169 -0.9201 0
vn -0.39169 -0.9201 -0
vn 0.3917 0.92009 -3E-05
vn 0.39169 0.9201 2E-05
vn 0.39169 0.9201 -0
vn 0.39169 0.9201 1E-05
vn 0.39169 0.9201 0
vn 0.39169 0.9201 2E-05
vn 0.39169 0.9201 0
vn -0.39169 -0.9201 0
vn 0.3917 0.92009 -0
vn 0.3917 0.92009 -0
vn 0.3917 0.92009 -0
vn 0.3917 0.92009 -0
vn 0.39169 0.9201 0
vn -0 -0 -1
vn -0.61014 0.25974 -0.74851
vn -0.42759 0.18203 -0.88546
vn 0.86031 -0.36624 -0.35459
vn 0.91339 -0.38884 -0.12054
vn 0.61014 -0.25974 -0.74851
vn -0.3917 -0.92009 0
vn -0.39168 -0.9201 -0
vn -0.3917 -0.92009 0
vn -0.39172 -0.92008 1E-05
vn -0.39168 -0.9201 -1E-05
vn -0.3917 -0.92009 0
vn -0.39169 -0.9201 -0
vn -0.39171 -0.92009 0
vn -0.39167 -0.92011 -1E-05
vn -0.39168 -0.9201 -1E-05
vn 0.39171 0.92009 -1E-05
vn 0.39168 0.9201 1E-05
vn 0.39169 0.9201 0
vn 0.39168 0.9201 1E-05
vn 0.3917 0.92009 -0
vn -0.3917 -0.92009 -0
vn -0.39172 -0.92008 -2E-05
vn -0.39169 -0.9201 -0
vn -0.39168 -0.9201 1E-05
vn -0.39169 -0.9201 0
vn -0.61013 0.25974 0.74852
vn 0.3917 0.92009 0
vn 0.39168 0.9201 -1E-05
vn 0.4276 -0.18203 0.88545
vn 0 0 1
vn 0.42759 -0.18203 0.88545
vn -0.75722 0.32236 0.56807
vn -0.91339 0.38884 0.12054
vn -0.75723 0.32236 0.56806
vn -0.75722 0.32236 -0.56807
vn -0.75723 0.32236 -0.56806
vn -0.39168 -0.9201 -1E-05
vn -0.39173 -0.92008 1E-05
vn 0.39173 0.92008 -2E-05
vn 0.39165 0.92011 2E-05
vn 0.61013 -0.25974 0.74852
vn 0.91339 -0.38884 0.12054
vn 0.75723 -0.32236 0.56805
vn 0.75723 -0.32236 0.56806
vn 0.75723 -0.32236 -0.56806
vn 0.75723 -0.32236 -0.56805
vn 0 -0 1
vn 0 0 1
vn 0.39169 0.9201 2E-05
vn -0.3917 -0.92009 0
vn -0.3917 -0.92009 0
vn -0.39168 -0.9201 0
vn -0.39169 -0.9201 0
vn -0.3917 -0.92009 0
vn -0.3917 -0.92009 0
vn -0 -0 -1
vn -0 0 -1
vn 0.39169 0.9201 0
vn 0.39168 0.9201 0
vn 0.3917 0.92009 0
vn 0.3917 0.92009 -0
vn -0.3917 -0.92009 3E-05
vn -0.3917 -0.92009 3E-05
vn -0.39169 -0.9201 -2E-05
vn -0.39168 -0.9201 -4E-05
vn -0.39169 -0.9201 -0
vn -0.3917 -0.92009 3E-05
vn -0.3917 -0.92009 1E-05
vn -0.39169 -0.9201 -1E-05
vn -0.39169 -0.9201 -2E-05
vn -0.39169 -0.9201 -2E-05
vn 0.39169 0.9201 0
vn 0.39169 0.9201 -0
vn 0.39169 0.9201 0
vn 0.39169 0.9201 -0
vn 0.3917 0.92009 -1E-05
vn 0.3917 0.92009 -1E-05
vn 0.39169 0.9201 2E-05
vn 0.3917 0.92009 -3E-05
vn 0.3917 0.9201 -0
vn 0.3917 0.92009 -3E-05
vn -0.3917 -0.92009 1E-05
vn -0.61013 0.25974 -0.74852
vn 0.3917 0.92009 -1E-05
vn -0.39169 -0.9201 0
vn 0.39168 0.9201 1E-05
vn -0.39172 -0.92008 3E-05
vn -0.39168 -0.9201 -2E-05
vn 0.39169 0.9201 0
vn -0 -0 -1
vn 0.61013 -0.25974 -0.74852
vn 0 0 1
vn -0.39169 -0.9201 0
vn -0.3917 -0.92009 -1E-05
vn 0.39169 0.9201 0
vn -0.39169 -0.9201 -0
vn 0.39168 0.9201 -1E-05
vn 0.39171 0.92009 2E-05
vn 0.39168 0.9201 -2E-05
vn -0.3917 -0.92009 -0
vn -0.3917 -0.92009 -2E-05
vn 0.39169 0.9201 -2E-05
vn -0.3917 -0.92009 -2E-05
vn -0.39169 -0.9201 1E-05
vn 0.39169 0.9201 -2E-05
vn 0.3917 0.92009 3E-05
vn -0.39169 -0.9201 -0
vn 0 0 1
vn 0.39169 0.9201 0
vn 0.3917 0.92009 1E-05
vn -0.39169 -0.9201 2E-05
vn -0.39169 -0.9201 0
vn 0.39169 0.9201 -0
vn 0 0 1
vn 0 0 1
vn 0.9201 -0.39169 -0
vn -0.92009 0.3917 0
vn 0.04386 0.10302 0.99371
vn 0.12937 0.30389 0.94388
vn 0.27697 0.6506 0.70711
vn 0.2084 0.48952 0.84672
vn 0.33166 0.77907 0.53203
vn 0.38923 0.91431 0.11196
vn 0.36971 0.86846 0.33028
vn 0 0 1
vn 0 0 1
vn -0 0 1
vn 0 0 1
vn -0 0 1
vn -0 0 1
vn -0 0 1
vn 0 0 1
vn 0 0 1
vn 0 -0 1
vn 0 -0 1
vn 0 0 1
vn 0.39169 0.9201 0
vn 0.39174 0.92008 2E-05
vn 0.39174 0.92008 2E-05
vn 0.39167 0.92011 -0.00015
vn 0.39169 0.9201 -0
vn 0.39169 0.9201 0
vn 0.39168 0.9201 1E-05
vn 0.39169 0.9201 -0
vn 0.3917 0.92009 2E-05
vn 0.39164 0.92012 -6E-05
vn -0.39167 -0.92011 -3E-05
vn -0.39168 -0.9201 -2E-05
vn -0.39178 -0.92006 2E-05
vn -0.39164 -0.92012 -5E-05
vn -0.3917 -0.9201 3E-05
vn -0.39167 -0.92011 -2E-05
vn -0.39169 -0.9201 1E-05
vn -0.39169 -0.9201 1E-05
vn -0.39172 -0.92008 -3E-05
vn -0.39169 -0.9201 0
vn -0.39169 -0.9201 0
vn -0.3917 -0.92009 -2E-05
vn -0.39167 -0.92011 3E-05
vn -0.39169 -0.9201 1E-05
vn -0.3917 -0.92009 0
vn -0.3917 -0.92009 0
vn -0.39166 -0.92011 0
vn -0.39171 -0.92009 -0
vn -0.39167 -0.92011 -0
vn -0.39171 -0.92009 -0
vn -0.39174 -0.92008 -1E-05
vn -0.3917 -0.92009 -0
vn -0.39172 -0.92009 -1E-05
vn 0.3917 0.92009 0
vn 0.39172 0.92009 -0
vn 0.39172 0.92009 0
vn 0.39167 0.92011 -0
vn 0.39165 0.92011 -1E-05
vn 0.39165 0.92011 -4E-05
vn -0.39166 -0.92011 3E-05
vn 0.39169 0.9201 0
vn 0.39171 0.92009 2E-05
vn -0.39171 -0.92009 -2E-05
vn -0.75722 0.32236 0.56806
vn -0 0 1
vn -0.2202 0.09374 0.97094
vn -0.75723 0.32236 0.56806
vn -0.42759 0.18203 0.88546
vn -0.86031 0.36624 0.3546
vn -0.86029 0.36624 0.35464
vn -0.91339 0.38883 0.1205
vn 0 0 1
vn 0.22019 -0.09374 0.97094
vn 0.42759 -0.18203 0.88546
vn 0.61013 -0.25974 0.74852
vn 0.61014 -0.25974 0.74851
vn 0.75723 -0.32236 0.56806
vn 0.91339 -0.38884 0.12055
vn 0.91339 -0.38884 0.12053
vn -0.91339 0.38884 -0.1205
vn -0.86029 0.36624 -0.35464
vn -0.86031 0.36624 -0.3546
vn -0.91339 0.38883 -0.12055
vn -0.22018 0.09374 -0.97094
vn -0.42759 0.18203 -0.88545
vn -0.75722 0.32235 -0.56807
vn 0 -0 -1
vn -0 -0 -1
vn -0.75723 0.32236 -0.56806
vn -0.2202 0.09374 -0.97094
vn 0.86031 -0.36624 -0.3546
vn 0.91339 -0.38884 -0.12053
vn 0.22018 -0.09374 -0.97094
vn 0.42759 -0.18203 -0.88545
vn 0.22019 -0.09374 -0.97094
vn 0.61014 -0.25974 -0.74851
vn 0.61013 -0.25974 -0.74852
vn -0.39171 -0.92009 -4E-05
vn -0.3917 -0.92009 -2E-05
vn -0.39169 -0.9201 1E-05
vn -0.3917 -0.92009 -1E-05
vn -0.39167 -0.9201 6E-05
vn -0.39169 -0.9201 1E-05
vn -0.39169 -0.9201 1E-05
vn -0.3917 -0.92009 -1E-05
vn -0.3917 -0.92009 -3E-05
vn -0.39169 -0.9201 1E-05
vn -0.39169 -0.9201 1E-05
vn 0.39168 0.9201 -5E-05
vn 0.3917 0.92009 1E-05
vn 0.39169 0.9201 -2E-05
vn 0.3917 0.92009 1E-05
vn 0.39169 0.9201 -1E-05
vn 0.39169 0.9201 -2E-05
vn 0.3917 0.92009 2E-05
vn 0.39169 0.9201 -1E-05
vn 0.3917 0.92009 3E-05
vn 0.39169 0.9201 -1E-05
vn -0 -0 -1
vn 0.39169 0.9201 0
vn -0.4276 0.18203 0.88545
vn -0.2202 0.09374 0.97094
vn 0 0 1
vn 0.2202 -0.09374 0.97094
vn 0.2202 -0.09374 0.97094
vn 0 0 1
vn -0.39169 -0.9201 -0
vn -0.39167 -0.9201 -0
vn -0.2202 0.09374 0.97094
vn -0.3917 -0.92009 -0
vn -0.39172 -0.92008 1E-05
vn 0 0 1
vn -0.3917 -0.92009 0
vn -0.3917 -0.92009 0
vn -0.39167 -0.92011 1E-05
vn -0.39171 -0.92009 -0
vn 0.3917 0.92009 0
vn 0.39167 0.92011 -1E-05
vn 0.39172 0.92009 0
vn 0.39167 0.92011 -0
vn 0.39169 0.9201 0
vn 0.2202 -0.09374 0.97094
vn 0.39169 0.9201 0
vn 0.39172 0.92009 -0
vn 0.3917 0.92009 -0
vn -0.39169 -0.9201 -1E-05
vn -0.39169 -0.9201 -0
vn -0.39169 -0.9201 0
vn -0.39172 -0.92008 -1E-05
vn 0.42759 -0.18203 0.88546
vn 0.22019 -0.09374 0.97094
vn 0.42759 -0.18203 0.88546
vn 0.39169 0.9201 0
vn 0.39171 0.92009 -2E-05
vn 0.39169 0.9201 1E-05
vn 0.39169 0.9201 -0
vn 0.39169 0.9201 1E-05
vn 0.3917 0.92009 -0
vn 0.75722 -0.32236 0.56807
vn 0.61014 -0.25974 0.74851
vn 0.86031 -0.36624 0.3546
vn -0.8603 0.36624 0.3546
vn -0.3917 -0.92009 0
vn -0.39171 -0.92009 1E-05
vn -0.39171 -0.92009 1E-05
vn -0.39166 -0.92011 -4E-05
vn -0.39172 -0.92009 1E-05
vn -0.3917 -0.92009 -0
vn -0.39171 -0.92009 1E-05
vn -0.39169 -0.9201 -1E-05
vn -0.39169 -0.9201 -1E-05
vn -0.61013 0.25974 -0.74852
vn -0.4276 0.18203 -0.88545
vn -0.2202 0.09374 -0.97094
vn -0.42759 0.18203 -0.88546
vn 0.39167 0.92011 1E-05
vn 0.39171 0.92009 -2E-05
vn 0.2202 -0.09374 -0.97094
vn -0 -0 -1
vn 0.42759 -0.18203 -0.88546
vn 0.2202 -0.09374 -0.97094
vn 0.8603 -0.36624 0.3546
vn 0.91339 -0.38884 0.12055
vn 0.8603 -0.36624 -0.3546
vn -0.39171 -0.92009 -1E-05
vn -0.39169 -0.9201 0
vn 0.39171 0.92009 1E-05
vn 0.39169 0.9201 -0
vn 0.42758 -0.18203 -0.88546
vn -0.3917 -0.9201 -0
vn 0.39171 0.92009 1E-05
vn 0.39172 0.92008 1E-05
vn 0.39169 0.9201 0
vn 0.8603 -0.36624 0.35461
vn 0.39167 0.92011 -1E-05
vn 0.91339 -0.38884 0.12054
vn -0.3917 -0.92009 -4E-05
vn -0.39169 -0.9201 -0
vn -0.39169 -0.9201 1E-05
vn -0.39169 -0.9201 1E-05
vn -0.39168 -0.9201 3E-05
vn -0.3917 -0.92009 4E-05
vn 0.3917 0.92009 0
vn 0.39168 0.9201 -3E-05
vn 0.3917 0.92009 2E-05
vn -0.39167 -0.9201 1E-05
vn -0.39169 -0.9201 -0
vn -0.3917 -0.92009 -0
vn -0.39164 -0.92012 2E-05
vn -0.3917 -0.92009 -0
vn -0.39172 -0.92009 -1E-05
vn -0.39174 -0.92008 -2E-05
vn -0.39166 -0.92011 2E-05
vn -0.39167 -0.92011 1E-05
vn -0.39172 -0.92008 -1E-05
vn 0.3917 0.92009 0
vn 0.39172 0.92009 1E-05
vn 0.39167 0.92011 -1E-05
vn 0.39168 0.9201 -0
vn 0.39164 0.92012 -2E-05
vn -0.61015 0.25975 0.7485
vn 0 -0 1
vn -0.22018 0.09373 0.97095
vn -0.22018 0.09373 0.97095
vn -0.75721 0.32235 0.56809
vn 0 0 1
vn 0.75723 -0.32236 0.56806
vn 0.61015 -0.25975 0.7485
vn 0.86031 -0.36624 0.3546
vn 0.86029 -0.36624 0.35464
vn 0.91339 -0.38883 0.1205
vn -0 -0 -1
vn -0.39169 -0.9201 0
vn -0.39168 -0.9201 -3E-05
vn 0.3917 0.92009 -3E-05
vn 0.3917 0.92009 -1E-05
vn -0.39169 -0.9201 -0
vn 0.3917 0.92009 -1E-05
vn -0.3917 -0.92009 1E-05
vn -0.39169 -0.9201 -1E-05
vn -0.39171 -0.92009 4E-05
vn 0.39169 0.9201 1E-05
vn 0.39169 0.9201 1E-05
vn -0.3917 -0.92009 1E-05
vn -0.39169 -0.9201 -1E-05
vn 0.39169 0.9201 0
vn 0.39169 0.9201 1E-05
vn 0.39172 0.92008 -3E-05
vn 0.39167 0.92011 3E-05
vn -0.39169 -0.9201 -0
vn -0.39169 -0.9201 -1E-05
vn -0 -0 -1
vn -0 -0 -1
vn -0 -0 -1
vn -0 -0 -1
vn -0 -0 -1
vn -0 -0 -1
vn -0 -0 -1
vn -0 -0 -1
vn -0 -0 -1
vn -0 -0 -1
vn -0 -0 -1
vn -0 -0 -1
vn -0 -0 -1
vn -0 -0 -1
vn -0.38924 -0.91431 -0.11196
vn -0.38923 -0.91431 -0.11198
vn -0.36971 -0.86846 -0.33029
vn -0.36971 -0.86846 -0.33028
vn -0.33166 -0.77907 -0.53202
vn -0.33165 -0.77906 -0.53204
vn -0.27697 -0.6506 -0.70711
vn -0.27697 -0.6506 -0.70711
vn -0.20839 -0.48952 -0.84673
vn -0.2084 -0.48953 -0.84672
vn -0.12937 -0.30389 -0.94388
vn -0.04386 -0.10302 -0.99371
vn -0.04385 -0.10302 -0.99371
vn -0.9201 0.39168 0
vn 0.92009 -0.3917 -0
vn -0.92009 0.3917 0
vn -0.92009 0.3917 0
vn -0.3917 -0.92009 0
vn -0.22019 0.09374 -0.97094
vn -0.39167 -0.9201 0
vn -0.39172 -0.92008 -1E-05
vn -0.39169 -0.9201 0
vn -0 -0 -1
vn -0.39167 -0.92011 -1E-05
vn -0.39171 -0.92009 -0
vn -0 -0 -1
vn -0.3917 -0.92009 -0
vn -0.3917 -0.92009 0
vn 0.39167 0.92011 0
vn 0.22019 -0.09374 -0.97094
vn 0.39167 0.92011 1E-05
vn 0.39169 0.9201 -0
vn 0.39172 0.92009 0
vn 0.3917 0.92009 0
vn 0.39169 0.9201 -0
vn 0.3917 0.92009 -0
vn 0.39172 0.92009 -0
vn 0.75722 -0.32236 -0.56807
vn 0.3917 0.92009 0
vn 0.61014 -0.25974 -0.74851
vn 0.86031 -0.36624 -0.3546
vn 0.42759 -0.18203 -0.88546
vn 0.22019 -0.09374 -0.97094
vn -0.39169 -0.9201 1E-05
vn -0.39169 -0.9201 -0
vn -0.39172 -0.92008 1E-05
vn 0.42759 -0.18203 -0.88546
vn -0.39169 -0.9201 0
vn 0.39169 0.9201 0
vn 0.39169 0.9201 -1E-05
vn 0.39169 0.9201 -1E-05
vn 0.39169 0.9201 -0
vn 0.39171 0.92009 2E-05
vn 0.39168 0.9201 3E-05
vn 0.91339 -0.38884 -0.12054
vn 0.3917 0.92009 -2E-05
vn 0.3917 0.92009 -0
vn -0.39169 -0.9201 -1E-05
vn -0.39169 -0.9201 -1E-05
vn -0.3917 -0.92009 4E-05
vn -0.39168 -0.9201 -3E-05
vn -0.3917 -0.92009 -4E-05
vn -0.39169 -0.9201 0
vn 0.39169 0.9201 -0
vn 0.3917 0.92009 -0
vn 0.8603 -0.36624 -0.35461
vn 0.39172 0.92008 -1E-05
vn -0.3917 -0.9201 0
vn 0.39167 0.92011 1E-05
vn 0.39171 0.92009 -1E-05
vn -0.86031 0.36624 -0.3546
vn -0.91339 0.38884 -0.12053
vn -0.91339 0.38884 -0.12051
vn -0 -0 -1
vn -0 0 -1
vn -0.75721 0.32235 -0.56809
vn 0.86031 -0.36624 -0.3546
vn 0.86029 -0.36624 -0.35464
vn 0.91339 -0.38883 -0.1205
vn 0.75723 -0.32236 -0.56806
vn 0.61015 -0.25975 -0.7485
vn -0.39166 -0.92011 -2E-05
vn -0.39167 -0.92011 -1E-05
vn -0.39169 -0.9201 0
vn -0.39164 -0.92012 -2E-05
vn -0.39174 -0.92008 2E-05
vn -0.39172 -0.92009 1E-05
vn -0.39167 -0.9201 -1E-05
vn -0.39172 -0.92008 1E-05
vn -0.3917 -0.92009 0
vn -0.3917 -0.92009 0
vn 0.39172 0.92009 -1E-05
vn 0.39164 0.92012 2E-05
vn 0.39167 0.92011 1E-05
vn 0.39168 0.9201 0
vn 0.3917 0.92009 -0
vn -0.39166 -0.92011 4E-05
vn -0.39169 -0.9201 1E-05
vn -0.3917 -0.92009 0
vn -0.39171 -0.92009 -1E-05
vn -0.39171 -0.92009 -1E-05
vn -0.39172 -0.92009 -1E-05
vn -0.39171 -0.92009 -1E-05
vn -0.3917 -0.92009 -0
vn -0.39169 -0.9201 1E-05
vn -0.42761 0.18203 0.88545
vn 0 -0 1
vn 0 0 1
vn 0.39171 0.92009 2E-05
vn 0.39167 0.92011 -1E-05
vn -0.39169 -0.9201 -0
vn 0.39171 0.92009 -1E-05
vn -0.39171 -0.92009 1E-05
vn 0.39169 0.9201 0
vn 0.61012 -0.25974 0.74852
vn 0.61014 -0.25974 0.74851
vn 0 -0 1
vn -0.75723 0.32236 0.56806
vn -0.22019 0.09374 0.97094
vn -0.91339 0.38883 0.1205
vn 0.42759 -0.18203 0.88545
vn 0.61015 -0.25974 0.7485
vn 0.91339 -0.38884 0.12053
vn 0.91339 -0.38884 0.12055
vn -0.91339 0.38883 -0.1205
vn -0.86029 0.36623 -0.35464
vn -0.91339 0.38884 -0.12054
vn -0.61013 0.25974 -0.74852
vn -0 0 -1
vn -0.61015 0.25974 -0.7485
vn -0.2202 0.09374 -0.97094
vn 0.61015 -0.25974 -0.7485
vn 0.42758 -0.18202 -0.88546
vn -0 -0 -1
vn -0.3917 -0.92009 3E-05
vn -0.39169 -0.9201 -1E-05
vn -0.3917 -0.92009 1E-05
vn -0.39169 -0.9201 -1E-05
vn -0.39169 -0.9201 -1E-05
vn -0.39167 -0.9201 -6E-05
vn -0.39171 -0.92009 4E-05
vn -0.3917 -0.92009 2E-05
vn -0.3917 -0.92009 1E-05
vn -0.39169 -0.9201 -1E-05
vn 0.39169 0.9201 2E-05
vn 0.39169 0.9201 1E-05
vn 0.3917 0.92009 -2E-05
vn 0.39169 0.9201 1E-05
vn 0.3917 0.92009 -3E-05
vn 0.39169 0.9201 2E-05
vn 0.3917 0.92009 -1E-05
vn 0.3917 0.92009 -1E-05
vn 0.39168 0.9201 5E-05
vn -0.39167 -0.92011 0
vn -0.39171 -0.92009 0
vn -0.39166 -0.92011 -0
vn -0.39171 -0.92009 0
vn -0.39174 -0.92008 1E-05
vn 0.08019 -0.03414 0.99619
vn -0.39172 -0.92009 1E-05
vn 0.39167 0.92011 -0
vn 0.3917 0.92009 -0
vn 0.39165 0.92011 1E-05
vn 0.39169 0.9201 -0
vn 0.39171 0.92009 -2E-05
vn 0.39165 0.92011 4E-05
vn -0.39166 -0.92011 -3E-05
vn -0.39171 -0.92009 2E-05
vn -0.61012 0.25974 -0.74852
vn -0.42761 0.18203 -0.88545
vn 0.61014 -0.25974 -0.74851
vn -0 0 -1
vn 0.61012 -0.25974 -0.74852
vn 0.39169 0.9201 -0
vn 0 0 1
vn 0.39169 0.9201 -0
vn -0.39169 -0.9201 0
vn 0.49225 0.87045 -0
vn 0.49225 0.87045 -0
vn 0.6736 0.7391 -0
vn 0.6736 0.7391 -0
vn 0.82117 0.57068 -0
vn 0.82117 0.57068 -0
vn 0.92758 0.37362 -0
vn 0.92758 0.37362 -0
vn 0.98746 0.15786 -0
vn 0.98746 0.15786 -0
vn 0.99783 -0.06581 -0
vn 0.99783 -0.06581 -0
vn -0.49225 -0.87045 0
vn -0.49225 -0.87045 0
vn -0.6736 -0.7391 0
vn -0.6736 -0.7391 0
vn -0.82117 -0.57068 0
vn -0.92758 -0.37362 0
vn -0.92758 -0.37362 0
vn -0.82117 -0.57068 0
vn -0.98746 -0.15787 0
vn -0.98746 -0.15787 0
vn -0.95816 0.28622 0
vn -0.99783 0.06582 0
vn -0.99783 0.06582 0
vn -0.95816 0.28622 0
vn -0.39169 -0.9201 1E-05
vn -0.39169 -0.9201 0
vn -0.3917 -0.92009 -1E-05
vn 0.39169 0.9201 -0
vn -0.39169 -0.9201 1E-05
vn 0.39169 0.9201 -1E-05
vn 0.39172 0.92008 3E-05
vn 0.39167 0.92011 -3E-05
vn 0.3917 0.92009 1E-05
vn 0.39169 0.9201 -1E-05
vn 0.39169 0.9201 -1E-05
vn -0.3917 -0.92009 -1E-05
vn -0.39169 -0.9201 1E-05
vn -0.39171 -0.92009 -4E-05
vn -0.39168 -0.9201 3E-05
vn -0.39169 -0.9201 -0
vn 0.3917 0.92009 3E-05
vn 0.3917 0.92009 1E-05
vn -0.39169 -0.9201 0
vn 0 0 1
vn 0 0 1
vn 0 -0 1
vn 0 0 1
vn 0 -0 1
vn 0 0 1
vn 0 0 1
vn 0 0 1
vn 0 0 1
vn 0 0 1
vn 0 0 1
vn -0 0 1
vn 0 0 1
vn 0 0 1
vn 0 0 1
vn 0.95816 -0.28622 -0
vn 0.95816 -0.28622 -0
vn -0.9201 0.39169 0
vn -0.9201 0.39169 0
vn 0.9201 -0.39169 -0
vn 0.9201 -0.39169 -0
vn 0.9201 -0.39169 -0
vn 0.92009 -0.3917 -0
vn 0.9201 -0.39169 -0
vn 0.92009 -0.3917 -0
vn 0.92009 -0.3917 -0
vn -0.92009 0.3917 0
vn -0.92009 0.3917 0
vn -0.9201 0.39168 0
vn -0.9201 0.39168 0
vn -0.9201 0.39168 0
vn -0.12937 -0.30389 0.94388
vn -0.20839 -0.48952 0.84673
vn -0.2084 -0.48953 0.84672
vn -0.27697 -0.6506 0.70711
vn -0.27697 -0.6506 0.70711
vn -0.04386 -0.10302 0.99371
vn -0.04386 -0.10302 0.99371
vn -0.36971 -0.86846 0.33029
vn -0.36971 -0.86846 0.33028
vn -0.38923 -0.91431 0.11198
vn -0.38923 -0.91431 0.11196
vn -0.33166 -0.77906 0.53204
vn -0.33166 -0.77908 0.53202
vn -0.3917 -0.92009 0
vn -0.3917 -0.92009 0
vn -0.3917 -0.92009 2E-05
vn -0.39167 -0.92011 -3E-05
vn -0.39169 -0.9201 -1E-05
vn -0.39169 -0.9201 -0
vn -0.39169 -0.9201 -0
vn -0.3917 -0.9201 -3E-05
vn -0.39169 -0.9201 -1E-05
vn -0.39169 -0.9201 -1E-05
vn -0.39172 -0.92008 3E-05
vn -0.39167 -0.9201 2E-05
vn -0.39178 -0.92006 -2E-05
vn -0.39164 -0.92012 5E-05
vn -0.39167 -0.92011 3E-05
vn -0.39167 -0.92011 3E-05
vn 0.10302 -0.04386 -0.99371
vn 0.65061 -0.27697 -0.7071
vn 0.30389 -0.12937 -0.94388
vn 0.30388 -0.12937 -0.94389
vn 0.10302 -0.04386 -0.99371
vn 0.48952 -0.20839 -0.84672
vn 0.77906 -0.33165 -0.53205
vn 0.86847 -0.36972 -0.33026
vn 0.91431 -0.38923 -0.11197
vn 0.86846 -0.36971 -0.33028
vn -0.30389 0.12937 0.94388
vn -0.65061 0.27697 0.7071
vn -0.48953 0.2084 0.84672
vn -0.10302 0.04386 0.99371
vn -0.48952 0.20839 0.84672
vn -0.65061 0.27697 0.70711
vn -0.30388 0.12937 0.94389
vn -0.10302 0.04385 0.99371
vn -0.91431 0.38923 0.11197
vn -0.77906 0.33165 0.53205
vn -0.86847 0.36972 0.33026
vn -0.77907 0.33166 0.53203
vn -0.86847 0.36972 0.33026
vn 0 0 1
vn -0 -0 -1
vn -0.9201 0.39169 0
vn -0.9201 0.39169 0
vn 0.9201 -0.39169 -0
vn 0.9201 -0.39169 -0
vn 0 0 1
vn 0 0 1
vn 0 0 1
vn -0 -0 -1
vn -0 -0 -1
vn -0 -0 -1
vn -0 -0 -1
vn -0 -0 -1
vn 0 0 1
vn 0 0 1
vn 0 0 1
vn 0 0 1
vn 0 0 1
vn -0 -0 -1
vn -0 -0 -1
vn -0 -0 -1
vn -0 -0 -1
vn -0 -0 -1
vn -0 -0 -1
vn 0.3917 0.92009 1E-05
vn 0.39167 0.9201 -2E-05
vn 0.39171 0.92009 1E-05
vn 0.39168 0.9201 -1E-05
vn 0.3917 0.92009 -0
vn 0.39169 0.9201 -0
vn -0 -0 -1
vn -0 -0 -1
vn -0 -0 -1
vn -0 -0 -1
vn 0 0 1
vn 0 0 1
vn 0 0 1
vn 0 0 1
vn -0 -0 -1
vn 0 0 1
vn 0 0 1
vn 0 0 1
vn 0 0 1
vn 0 0 1
vn 0 0 1
vn -0 -0 -1
vn 0.39169 0.9201 0
vn 0.39169 0.9201 -0
vn 0 0 1
vn 0 0 1
vn -0 -0 -1
vn -0 -0 -1
vn -0 -0 -1
vn 0 0 1
vn 0 0 1
vn -0 -0 -1
vn -0 -0 -1
vn -0.86617 0.49976 0
vn -0.86617 0.49976 0
vn -0.72141 0.69251 -0
vn -0.72141 0.69251 0
vn -0.9992 0.03998 0
vn -0.9992 0.03998 0
vn -0.53471 0.84503 -0
vn -0.9606 0.27792 0
vn -0.9606 0.27792 0
vn -0.53471 0.84503 -0
vn -0.90332 -0.42896 0
vn -0.90332 -0.42896 0
vn -0.77441 -0.63268 0
vn -0.3917 -0.92009 0
vn -0.6005 -0.79962 0
vn -0.97973 -0.20032 0
vn -0.97973 -0.20032 0
vn -0.3917 -0.92009 0
vn -0.77441 -0.63268 0
vn -0.6005 -0.79962 0
vn 0.9201 -0.39169 -0
vn 0.9201 -0.39169 -0
vn 0.9201 -0.39169 0
vn 0.9201 -0.39169 -1E-05
vn 0.9201 -0.39169 -0
vn 0.9201 -0.39169 0
vn 0.9201 -0.39169 -0
vn 0.9201 -0.39169 0
vn -0.9201 0.39169 1E-05
vn -0.9201 0.39169 -0
vn -0.9201 0.39169 0
vn -0.9201 0.39169 -0
vn -0.9201 0.39169 -1E-05
vn -0.9201 0.39169 0
vn -0.9201 0.39169 0
vn -0.9201 0.39169 -0
vn -0.9201 0.39169 0
vn -0.9201 0.39169 0
vn -0.9201 0.39169 0
vn 0.9201 -0.39169 -0
vn 0 0 1
vn 0 0 1
vn -0.39169 -0.9201 0
vn -0.39169 -0.9201 0
vn -0 -0 -1
vn 0 0 1
vn 0 0 1
vn -0 -0 -1
vn -0 -0 -1
vn -0 -0 -1
vn -0.9992 0.03997 0
vn -0.9992 0.03997 0
vn -0.97973 -0.20032 0
vn -0.97973 -0.20032 0
vn -0.90332 -0.42896 0
vn -0.90332 -0.42896 0
vn -0 -0 -1
vn -0 -0 -1
vn -0 -0 -1
vn -0 -0 -1
vn -0 -0 -1
vn -0 -0 -1
vn -0 -0 -1
vn -0 -0 -1
vn -0 -0 -1
vn -0 -0 -1
vn -0 -0 -1
vn 0 0 1
vn 0 0 1
vn 0 0 1
vn 0 0 1
vn 0 0 1
vn 0 0 1
vn 0 0 1
vn 0 0 1
vn 0 0 1
vn 0 0 1
vn 0 0 1
vn -0.72141 0.69251 0
vn -0.72141 0.69251 -0
vn -0.53471 0.84503 -0
vn -0.86617 0.49976 -0
vn -0.31694 0.94845 -0
vn -0.31694 0.94845 -0
vn -0.53471 0.84503 -0
vn -0.86617 0.49976 -0
vn -0.9606 0.27792 0
vn -0.9606 0.27792 0
vn -0.9992 0.03998 0
vn -0.9992 0.03998 0
vn 0.77441 0.63268 -0
vn 0.6005 0.79962 -0
vn 0.6005 0.79962 -0
vn 0.39169 0.9201 -0
vn 0.39169 0.9201 -0
vn 0.77441 0.63268 -0
vn -0.08078 0.99673 -0
vn -0.08078 0.99673 -0
vn 0.16012 0.9871 -0
vn 0.16012 0.9871 -0
vn -0.90333 -0.42895 0
vn -0.97973 -0.20033 0
vn -0.97973 -0.20033 0
vn -0.90333 -0.42895 0
vn -0.77441 -0.63268 0
vn -0.6005 -0.79962 0
vn -0.6005 -0.79962 0
vn -0.77441 -0.63268 0
vn -0.3917 -0.92009 0
vn 0.08074 -0.99673 0
vn 0.08074 -0.99673 0
vn -0.3917 -0.92009 0
vn -0.16011 -0.9871 0
vn -0.16011 -0.9871 0
vn 0.86617 -0.49975 -0
vn 0.9606 -0.27792 -0
vn 0.9606 -0.27792 -0
vn 0.86617 -0.49975 -0
vn 0.7214 -0.69251 -0
vn 0.31696 -0.94844 0
vn 0.7214 -0.69251 -0
vn 0.53472 -0.84503 0
vn 0.53472 -0.84503 0
vn 0.31696 -0.94844 0
vn -0 -0 -1
vn 0.97973 0.20032 -0
vn 0 0 1
vn 0.9992 -0.03997 -0
vn 0 0 1
vn 0.97973 0.20032 -0
vn -0 -0 -1
vn 0.90333 0.42896 -0
vn 0.9992 -0.03997 -0
vn 0.90333 0.42896 -0
vn -0 -0 -1
vn -0 -0 -1
vn -0 -0 -1
vn -0 -0 -1
vn -0 -0 -1
vn 0 0 1
vn 0 0 1
vn 0 0 1
vn 0 0 1
vn 0 0 1
vn -0.86617 0.49974 0
vn -0.86617 0.49974 -0
vn -0.53472 0.84503 -0
vn -0.7214 0.69251 0
vn -0.9606 0.27794 0
vn -0.7214 0.69251 -0
vn -0.86618 0.49973 0
vn -0.9606 0.27794 0
vn -0.86618 0.49973 -0
vn -0.31694 0.94845 -0
vn -0.53472 0.84503 -0
vn -0.31694 0.94845 -0
vn 0.16012 0.9871 -0
vn 0.16012 0.9871 -0
vn -0.08077 0.99673 0
vn -0.08077 0.99673 -0
vn 0.90332 0.42896 -0
vn 0.39172 0.92009 -0
vn 0.90332 0.42896 -0
vn 0.39172 0.92009 -0
vn 0.6005 0.79962 -0
vn -0.6005 -0.79962 0
vn -0.77442 -0.63267 0
vn -0.77442 -0.63267 0
vn -0.39169 -0.9201 0
vn -0.39169 -0.9201 0
vn -0.16012 -0.9871 0
vn -0.16012 -0.9871 0
vn 0.08074 -0.99673 -0
vn 0.08074 -0.99673 0
vn 0.31697 -0.94844 -0
vn 0.86617 -0.49975 0
vn 0.72141 -0.69251 0
vn 0.9606 -0.27794 -0
vn 0.9606 -0.27794 -0
vn 0.72141 -0.69251 -0
vn 0.53472 -0.84503 -0
vn 0.31697 -0.94844 -0
vn 0.53472 -0.84503 0
vn 0.97973 0.20032 -0
vn 0.9992 -0.03997 -0
vn 0.97973 0.20032 -0
vn 0.9992 -0.03997 -0
vn -0 -0 -1
vn -0 -0 -1
vn -0 -0 -1
vn -0 -0 -1
vn -0 -0 -1
vn -0 -0 -1
vn -0 -0 -1
vn -0 -0 -1
vn -0 -0 -1
vn -0 -0 -1
vn 0 0 1
vn 0 0 1
vn 0 0 1
vn 0 0 1
vn 0 0 1
vn 0 0 1
vn 0 0 1
vn 0 0 1
vn 0 0 1
vn 0 0 1
vn 0 0 1
vn 0 0 1
vn -0 -0 -1
vn -0 -0 -1
vn -0 -0 -1
vn -0 -0 -1
vn -0 -0 -1
vn 0 0 1
vn 0 0 1
vn 0 0 1
vn 0 0 1
vn 0 0 1
vn -0 -0 -1
vn 0 0 1
vn -0 -0 -1
vn -0 -0 -1
vn 0 0 1
vn -0 -0 -1
vn -0.53471 0.84504 -0
vn -0.72141 0.69251 -0
vn -0.53471 0.84504 0
vn -0.72141 0.69251 0
vn -0.31695 0.94844 0
vn -0.31695 0.94844 -0
vn 0 0 1
vn 0 0 1
vn -0 -0 -1
vn -0.08077 0.99673 -0
vn -0.08077 0.99673 0
vn -0 -0 -1
vn 0.16012 0.9871 -0
vn -0 -0 -1
vn 0.16012 0.9871 -0
vn 0 0 1
vn -0 -0 -1
vn 0 0 1
vn 0 0 1
vn -0 -0 -1
vn -0 -0 -1
vn -0 -0 -1
vn 0 0 1
vn -0 -0 -1
vn 0 0 1
vn 0 0 1
vn -0.72142 0.69249 -0
vn -0.86617 0.49975 0
vn -0.86617 0.49975 0
vn -0.53472 0.84503 0
vn -0.72142 0.69249 0
vn -0.9606 0.27794 0
vn -0.9606 0.27794 0
vn -0.08077 0.99673 -0
vn 0.16015 0.98709 -0
vn 0.16015 0.98709 -0
vn -0.31694 0.94845 -0
vn -0.31694 0.94845 0
vn -0.08077 0.99673 -0
vn -0.77441 -0.63268 0
vn -0.9992 0.03997 0
vn -0.9992 0.03997 0
vn -0.97973 -0.20032 0
vn -0.90332 -0.42896 0
vn -0.90332 -0.42896 0
vn -0 -0 -1
vn -0 -0 -1
vn -0 -0 -1
vn -0 -0 -1
vn -0 -0 -1
vn 0.39169 0.9201 -0
vn 0 0 1
vn 0.39169 0.9201 -0
vn 0 0 1
vn 0 0 1
vn 0 0 1
vn 0 0 1
vn -0 -0 -1
vn -0 -0 -1
vn 0 0 1
vn -0 -0 -1
vn 0 0 1
vn 0 0 1
vn 0.77441 0.63268 -0
vn 0.60051 0.79962 -0
vn 0.60051 0.79962 -0
vn 0.77441 0.63268 -0
vn 0.97973 0.20032 -0
vn 0.90332 0.42896 -0
vn 0.90332 0.42896 -0
vn 0.97973 0.20032 -0
vn 0.9992 -0.03997 -0
vn 0.9606 -0.27794 -0
vn 0.9606 -0.27794 -0
vn -0 -0 -1
vn -0 -0 -1
vn -0 -0 -1
vn -0 -0 -1
vn -0 -0 -1
vn -0 -0 -1
vn -0.39169 -0.9201 0
vn -0.39169 -0.9201 0
vn -0.60051 -0.79962 0
vn 0 0 1
vn 0 0 1
vn 0 0 1
vn -0.60051 -0.79962 0
vn 0 0 1
vn 0 0 1
vn 0 0 1
vn 0.53472 -0.84503 0
vn -0.16012 -0.9871 0
vn -0.16012 -0.9871 0
vn 0.53472 -0.84503 0
vn 0.08074 -0.99673 0
vn 0.08074 -0.99673 -0
vn 0.31697 -0.94844 0
vn 0.31697 -0.94844 0
vn 0.39169 0.9201 -0
vn 0.39169 0.9201 -0
vn 0.6005 0.79962 -0
vn 0.6005 0.79962 -0
vn -0 -0 -1
vn -0 -0 -1
vn 0 0 1
vn 0 0 1
vn -0 -0 -1
vn -0 -0 -1
vn -0 -0 -1
vn -0 -0 -1
vn -0 -0 -1
vn -0 -0 -1
vn -0 -0 -1
vn 0 0 1
vn 0 0 1
vn 0 0 1
vn 0.72141 -0.69251 -0
vn 0 0 1
vn 0 0 1
vn 0 0 1
vn 0 0 1
vn -0.86617 0.49975 -0
vn -0.9606 0.27792 0
vn -0 -0 -1
vn -0.9606 0.27792 0
vn 0 0 1
vn -0.72141 0.69251 0
vn -0.72141 0.69251 -0
vn -0.86617 0.49975 0
vn -0.61649 -0.78737 0
vn -0.61649 -0.78737 0
vn -0.4704 -0.88246 0
vn -0.4704 -0.88246 0
vn -0 -0 -1
vn 0 0 1
vn -0 -0 -1
vn -0.74384 -0.66835 0
vn -0 -0 -1
vn 0 0 1
vn -0.74384 -0.66835 0
vn 0 0 1
vn -0 -0 -1
vn 0 0 1
vn 0 0 1
vn -0 -0 -1
vn -0 -0 -1
vn -0 -0 -1
vn 0 0 1
vn -0 -0 -1
vn 0 0 1
vn 0 0 1
vn -0.53471 0.84503 -0
vn 0.77442 0.63267 -0
vn 0.77442 0.63267 -0
vn 0.6005 0.79962 -0
vn 0.6005 0.79962 -0
vn 0.39169 0.9201 -0
vn 0.39169 0.9201 -0
vn 0.16012 0.9871 -0
vn 0 0 1
vn -0 -0 -1
vn -0.8486 -0.52903 0
vn -0.8486 -0.52903 0
vn -0.92757 -0.37364 0
vn -0 -0 -1
vn -0 -0 -1
vn -0 -0 -1
vn -0.92757 -0.37364 0
vn -0 -0 -1
vn 0 0 1
vn 0 0 1
vn 0 0 1
vn 0 0 1
vn -0 -0 -1
vn -0 -0 -1
vn -0 -0 -1
vn -0 -0 -1
vn -0 -0 -1
vn -0 -0 -1
vn -0 -0 -1
vn -0 -0 -1
vn 0 0 1
vn 0 0 1
vn 0 0 1
vn 0 0 1
vn 0 0 1
vn 0 0 1
vn 0 0 1
vn 0 0 1
vn 0.16012 0.9871 -0
vn -0.08074 0.99673 -0
vn -0.31697 0.94844 -0
vn 0.6005 0.79962 -0
vn 0.39169 0.9201 -0
vn -0.31697 0.94844 -0
vn -0.08074 0.99673 -0
vn 0.39169 0.9201 -0
vn -0 -0 -1
vn -0 -0 -1
vn 0 0 1
vn 0 0 1
vn -0 -0 -1
vn -0 -0 -1
vn 0 0 1
vn -0 -0 -1
vn 0 0 1
vn 0 0 1
vn -0.9606 0.27793 0
vn -0 -0 -1
vn -0.9606 0.27793 0
vn -0.9992 0.03997 0
vn 0 0 1
vn -0.9992 0.03997 0
vn -0 -0 -1
vn -0 -0 -1
vn -0 -0 -1
vn -0 -0 -1
vn -0 -0 -1
vn 0 0 1
vn 0 0 1
vn 0 0 1
vn 0 0 1
vn -0.97973 -0.20032 0
vn 0 0 1
vn -0.97973 -0.20032 0
vn 0.97973 0.20032 -0
vn 0.90333 0.42895 -0
vn 0.90333 0.42895 -0
vn 0.97973 0.20032 -0
vn 0.77441 0.63268 -0
vn 0.77441 0.63268 0
vn 0.9992 -0.03996 -0
vn 0.9992 -0.03996 -0
vn -0.16011 -0.9871 0
vn -0.16011 -0.9871 0
vn 0.08077 -0.99673 0
vn 0.31693 -0.94845 0
vn 0.31693 -0.94845 0
vn 0.08077 -0.99673 -0
vn 0.86617 -0.49975 0
vn 0.86617 -0.49975 -0
vn 0.53472 -0.84503 -0
vn 0.9606 -0.27793 -0
vn 0.53472 -0.84503 0
vn 0.7214 -0.69251 0
vn 0.9606 -0.27793 -0
vn 0.7214 -0.69251 -0
vn -0 -0 -1
vn -0 -0 -1
vn -0 -0 -1
vn -0 -0 -1
vn -0 -0 -1
vn -0 -0 -1
vn -0 -0 -1
vn -0 -0 -1
vn -0 -0 -1
vn -0 -0 -1
vn -0 -0 -1
vn 0 0 1
vn 0 0 1
vn 0 0 1
vn 0 0 1
vn 0 0 1
vn 0 0 1
vn 0 0 1
vn 0 0 1
vn 0 0 1
vn 0 0 1
vn 0 0 1
vn -0 -0 -1
vn -0 -0 -1
vn -0 -0 -1
vn -0 -0 -1
vn -0 -0 -1
vn -0 -0 -1
vn -0.77442 -0.63268 0
vn -0.77442 -0.63268 0
vn 0 0 1
vn 0 0 1
vn -0.90332 -0.42896 0
vn 0 0 1
vn -0.90332 -0.42896 0
vn 0 0 1
vn 0 0 1
vn 0 0 1
vn 0 0 1
vn -0 -0 -1
vn -0 -0 -1
vn -0 -0 -1
vn -0 -0 -1
vn -0 -0 -1
vn -0 -0 -1
vn 0 0 1
vn 0 0 1
vn 0 0 1
vn 0 0 1
vn 0 0 1
vn -0.60051 -0.79962 0
vn -0.60051 -0.79962 0
vn -0 -0 -1
vn 0 0 1
vn -0.3917 -0.92009 0
vn -0.3917 -0.92009 0
vn -0.16012 -0.9871 0
vn 0.08076 -0.99673 0
vn 0.08076 -0.99673 0
vn 0.31695 -0.94844 0
vn 0.31695 -0.94844 0
vn 0.53472 -0.84503 0
vn -0 -0 -1
vn -0 -0 -1
vn 0 0 1
vn -0 -0 -1
vn 0 0 1
vn 0 0 1
vn -0.31694 0.94845 0
vn -0.31694 0.94845 0
vn -0.72141 0.69251 0
vn -0.86618 0.49973 0
vn -0.53472 0.84503 -0
vn -0.53472 0.84503 0
vn -0.9992 0.03996 0
vn -0.9992 0.03996 0
vn -0.9606 0.27794 0
vn -0.9606 0.27794 0
vn -0.08078 0.99673 0
vn 0.39171 0.92009 -0
vn 0.39171 0.92009 -0
vn 0.90332 0.42896 -0
vn 0.97973 0.20032 -0
vn 0.77442 0.63267 -0
vn 0.97973 0.20032 -0
vn -0.77442 -0.63267 0
vn -0.6005 -0.79962 0
vn -0.77442 -0.63267 0
vn -0.39169 -0.9201 0
vn -0.39169 -0.9201 0
vn -0.16012 -0.9871 0
vn 0.9992 -0.03997 -0
vn 0.86617 -0.49975 0
vn 0.7214 -0.69251 0
vn 0.86617 -0.49975 -0
vn -0 -0 -1
vn -0 -0 -1
vn -0 -0 -1
vn -0 -0 -1
vn -0 -0 -1
vn -0 -0 -1
vn 0 0 1
vn 0 0 1
vn 0 0 1
vn 0 0 1
vn 0 0 1
vn 0 0 1
vn 0 0 1
vn -0 -0 -1
vn -0 -0 -1
vn 0 0 1
vn -0 -0 -1
vn 0 0 1
vn -0 -0 -1
vn -0 -0 -1
vn 0 0 1
vn 0 0 1
vn 0.14021 0.99012 -0
vn 0.14021 0.99012 -0
vn 0.31001 0.95073 -0
vn 0.31001 0.95073 -0
vn -0 -0 -1
vn -0 -0 -1
vn 0 0 1
vn 0 0 1
vn 0 0 1
vn 0 0 1
vn 0 0 1
vn -0 -0 -1
vn -0 -0 -1
vn -0 -0 -1
vn -0 -0 -1
vn -0 -0 -1
vn -0 -0 -1
vn -0 -0 -1
vn -0 -0 -1
vn -0 -0 -1
vn -0 -0 -1
vn 0 0 1
vn 0 0 1
vn 0 0 1
vn 0 0 1
vn 0 0 1
vn 0 0 1
vn 0 0 1
vn -0 -0 -1
vn -0 -0 -1
vn -0 -0 -1
vn -0 -0 -1
vn -0 -0 -1
vn -0 -0 -1
vn 0 0 1
vn 0 0 1
vn 0 0 1
vn 0 0 1
vn 0 0 1
vn 0 0 1
vn -0 -0 -1
vn -0 -0 -1
vn -0 -0 -1
vn 0 0 1
vn 0 0 1
vn 0 0 1
vn -0.31694 0.94845 -0
vn -0.9606 0.27794 0
vn -0.9992 0.03997 0
vn -0.86618 0.49973 0
vn -0.97973 -0.20032 0
vn -0.16012 -0.9871 0
vn -0.90332 -0.42896 0
vn -0.77442 -0.63267 0
vn -0 -0 -1
vn -0 -0 -1
vn -0 -0 -1
vn 0 0 1
vn 0 0 1
vn 0 0 1
vn 0 0 1
vn -0 -0 -1
vn -0 -0 -1
vn -0 -0 -1
vn -0 -0 -1
vn 0 0 1
vn 0 0 1
vn 0 0 1
vn 0.08074 -0.99673 -0
vn -0.03385 0.99943 -0
vn -0.03385 0.99943 -0
vn 0 0 1
vn -0 -0 -1
vn -0.20689 0.97836 -0
vn -0.20689 0.97836 -0
vn 0.90332 0.42896 -0
vn 0.90332 0.42896 -0
vn 0.77442 0.63267 -0
vn 0.77442 0.63267 -0
vn -0 -0 -1
vn -0 -0 -1
vn -0 -0 -1
vn -0 -0 -1
vn -0 -0 -1
vn -0 -0 -1
vn 0 0 1
vn 0 0 1
vn 0 0 1
vn 0 0 1
vn 0 0 1
vn 0 0 1
vn 0.97973 0.20032 -0
vn 0.9992 -0.03997 -0
vn 0.9992 -0.03997 -0
vn -0 -0 -1
vn 0 0 1
vn -0.90333 -0.42896 0
vn -0.9992 0.03997 0
vn -0.90333 -0.42896 0
vn -0.97973 -0.20032 0
vn -0.9992 0.03997 0
vn 0 0 1
vn 0 0 1
vn -0 -0 -1
vn -0 -0 -1
vn -0 -0 -1
vn 0 0 1
vn -0 -0 -1
vn 0 0 1
vn -0 -0 -1
vn -0 -0 -1
vn -0 -0 -1
vn 0 0 1
vn 0 0 1
vn -0 -0 -1
vn 0 0 1
vn 0 0 1
vn -0 -0 -1
vn 0.9606 -0.27793 -0
vn 0 0 1
vn 0.9606 -0.27793 -0
vn 0 0 1
vn -0 -0 -1
vn 0.86617 -0.49974 -0
vn 0.86617 -0.49974 -0
vn 0.72141 -0.69251 -0
vn 0.72141 -0.69251 -0
vn -0 -0 -1
vn -0 -0 -1
vn -0 -0 -1
vn -0 -0 -1
vn -0 -0 -1
vn -0 -0 -1
vn 0 0 1
vn 0 0 1
vn 0 0 1
vn 0 0 1
vn 0 0 1
vn 0 0 1
vn 0 0 1
vn 0 0 1
vn 0 0 1
vn -0 -0 -1
vn -0 -0 -1
vn 0 0 1
vn -0 -0 -1
vn -0 -0 -1
vn 0.39169 0.9201 -0
vn 0.39169 0.9201 -0
vn 0.16012 0.9871 -0
vn 0.16012 0.9871 -0
vn -0.31697 0.94844 -0
vn -0.08074 0.99673 -0
vn -0.08074 0.99673 0
vn -0.31697 0.94844 -0
vn -0.9992 0.03997 0
vn -0.9992 0.03997 0
vn -0.9606 0.27793 0
vn -0.9606 0.27793 0
vn 0.90333 0.42896 -0
vn 0.9992 -0.03997 -0
vn 0.9992 -0.03997 -0
vn 0.08078 -0.99673 0
vn 0.31694 -0.94845 0
vn 0.08078 -0.99673 0
vn 0.31694 -0.94845 0
vn 0.9606 -0.27793 -0
vn 0.9606 -0.27793 -0
vn 0.86617 -0.49975 -0
vn 0.72141 -0.69251 0
vn -0 -0 -1
vn 0 -0 -1
vn -0 -0 -1
vn 0 0 1
vn 0 0 1
vn -0 -0 -1
vn -0 -0 -1
vn 0 0 1
vn 0 0 1
vn -0 0 1
vn -0 -0 -1
vn 0 0 1
vn 0 0 1
vn 0 0 1
vn -0 -0 -1
vn -0 -0 -1
vn -0.97836 -0.20689 0
vn -0.97836 -0.20689 0
vn -0 -0 -1
vn 0 0 1
vn -0 -0 -1
vn -0 -0 -1
vn 0 0 1
vn 0 0 1
vn -0 -0 -1
vn 0 0 1
vn 0.77442 0.63267 -0
vn 0.77442 0.63267 -0
vn 0.6005 0.79962 -0
vn 0.97973 0.20032 -0
vn 0.97973 0.20032 -0
vn 0.90333 0.42896 -0
vn 0.90333 0.42896 -0
vn 0.9606 -0.27794 -0
vn 0.9992 -0.03997 -0
vn 0.86618 -0.49973 -0
vn 0.86618 -0.49973 -0
vn 0 0 1
vn -0 -0 -1
vn -0 -0 -1
vn -0 -0 -1
vn 0 0 1
vn 0 0 1
vn -0 -0 -1
vn 0 0 1
vn 0 0 1
vn -0.99012 0.14021 0
vn -0.99943 -0.03385 0
vn -0.99943 -0.03385 0
vn -0 -0 -1
vn -0 -0 -1
vn 0 0 1
vn 0.39172 0.92009 -0
vn 0.39172 0.92009 -0
vn -0 -0 -1
vn 0 0 1
vn 0 0 1
vn -0 -0 -1
vn 0 0 1
vn -0 -0 -1
vn 0.77442 0.63267 -0
vn 0.90332 0.42896 -0
vn 0.97973 0.20032 -0
vn 0.9992 -0.03996 -0
vn 0.9606 -0.27794 -0
vn 0.86617 -0.49975 -0
vn 0.9606 -0.27794 -0
vn 0.9992 -0.03996 -0
vn 0 0 1
vn 0 0 1
vn -0 -0 -1
vn -0 -0 -1
vn -0.39172 -0.92009 0
vn -0.39172 -0.92009 0
vn -0 -0 -1
vn -0 -0 -1
vn 0 0 1
vn 0 0 1
vn 0 0 1
vn -0 -0 -1
vn -0 -0 -1
vn -0 -0 -1
vn 0 0 1
vn 0 0 1
vn 0.72141 -0.69251 -0
vn -0 -0 -1
vn 0 0 1
vn 0.72141 -0.69251 0
vn 0 0 1
vn -0 -0 -1
vn 0.53472 -0.84503 0
vn 0.31697 -0.94844 -0
vn 0.31697 -0.94844 0
vn -0 -0 -1
vn -0 -0 -1
vn 0 0 1
vn 0 0 1
vn 0 0 1
vn 0 0 1
vn 0 0 1
vn -0 -0 -1
vn -0 -0 -1
vn -0 -0 -1
vn -0 -0 -1
vn -0 -0 -1
vn -0.37364 0.92758 0
vn -0.37364 0.92758 -0
vn -0.52903 0.8486 -0
vn -0.52903 0.8486 0
vn 0 0 1
vn 0 0 1
vn 0.53472 -0.84503 0
vn 0.08078 -0.99673 -0
vn 0.08078 -0.99673 0
vn 0.31694 -0.94845 0
vn 0.31694 -0.94845 -0
vn -0 -0 -1
vn -0 -0 -1
vn -0 -0 -1
vn 0 0 1
vn -0 -0 -1
vn -0 -0 -1
vn 0 0 1
vn 0 0 1
vn 0 0 1
vn 0 0 1
vn -0 -0 -1
vn 0 0 1
vn 0 0 1
vn -0.88246 0.47039 0
vn -0.88246 0.47039 0
vn 0 0 1
vn -0 -0 -1
vn -0 -0 -1
vn 0 0 1
vn -0 -0 -1
vn -0.95073 0.31001 0
vn -0.95073 0.31001 0
vn -0.78737 0.61649 -0
vn -0.66835 0.74385 -0
vn -0.66835 0.74385 -0
vn -0.78737 0.61649 0
vn -0.9201 0.39169 0
vn 0.9201 -0.39169 -0
vn 0.9201 -0.39169 0
vn 0.9201 -0.39169 -0
vn 0.9201 -0.39169 -0
vn 0.9201 -0.39169 1E-05
vn 0.9201 -0.39169 0
vn 0.9201 -0.39169 0
vn 0.9201 -0.39169 0
vn -0.9201 0.39169 -0
vn -0.9201 0.39169 -0
vn -0.9201 0.39169 -1E-05
vn -0.9201 0.39169 0
vn -0.9201 0.39169 0
vn -0.9201 0.39169 1E-05
vn 0.9201 -0.39169 -0
vn 0.9201 -0.39169 -0
vn -0.9201 0.39169 0
vn -0.9201 0.39169 0
vn -0.91431 0.38923 -0.11197
vn -0.86847 0.36972 -0.33026
vn -0.86847 0.36972 -0.33026
vn -0.77906 0.33165 -0.53205
vn -0.77907 0.33166 -0.53204
vn -0.6506 0.27697 -0.70711
vn -0.65061 0.27697 -0.7071
vn -0.10303 0.04386 -0.99371
vn -0.10302 0.04386 -0.99371
vn -0.30389 0.12937 -0.94388
vn -0.30388 0.12937 -0.94389
vn -0.48953 0.2084 -0.84672
vn -0.48952 0.20839 -0.84672
vn 0.91431 -0.38923 0.11197
vn 0.86847 -0.36972 0.33026
vn 0.86846 -0.36971 0.33028
vn 0.77906 -0.33165 0.53205
vn 0.65061 -0.27697 0.7071
vn 0.30388 -0.12937 0.94389
vn 0.30389 -0.12937 0.94388
vn 0.10303 -0.04386 0.99371
vn 0.48952 -0.20839 0.84672
vn 0.10303 -0.04386 0.99371
vn 0 0 1
vn -0 -0 -1
vn 0 0 1
vn -0 0 1
vn -0 0 1
vn 0 -0 -1
vn 0 -0 -1
vn -0 -0 -1
vn 0 -0 1
vn 0 -0 1
vn 0 -0 -1
vn 0 -0 -1
vn 0 -0 -1
vn -0 -0 -1
vn -0 -0 -1
vn 0 -0 1
vn 0 -0 1
vn 0 0 1
vn 0.39167 0.9201 2E-05
vn 0.39168 0.9201 1E-05
vn 0.3917 0.92009 0
vn 0.3917 0.92009 -1E-05
vn 0.39169 0.9201 0
vn 0.39171 0.92009 -1E-05
vn 0 0 1
vn 0 0 1
vn 0 0 1
vn 0 -0 1
vn 0 0 1
vn 0 -0 1
vn 0 -0 1
vn -0 0 -1
vn 0 -0 -1
vn -0 0 -1
vn -0 -0 -1
vn 0 0 1
vn -0 -0 -1
vn -0 -0 -1
vn -0 0 -1
vn -0 0 -1
vn -0 -0 -1
vn 0 0 1
vn -0 -0 -1
vn 0.39169 0.9201 -0
vn 0.39169 0.9201 -0
vn -0 -0 -1
vn -0 -0 -1
vn -0 -0 -1
vn -0 0 1
vn 0 0 1
vn 0 0 1
vn 0 0 1
vn 0 -0 -1
vn -0 0 1
vn -0.86617 0.49976 0
vn -0.72141 0.69251 -0
vn -0.72141 0.69251 0
vn -0.9606 0.27792 0
vn -0.9606 0.27792 0
vn -0.9992 0.03998 0
vn -0.90332 -0.42896 0
vn -0 -0 -1
vn 0 -0 -1
vn 0 0 1
vn -0.39169 -0.9201 0
vn -0.39169 -0.9201 -0
vn -0 0 -1
vn 0 -0 -1
vn 0 -0 1
vn -0 0 1
vn -0 0 1
vn -0.9992 0.03997 0
vn -0.97973 -0.20032 0
vn -0.90332 -0.42896 0
vn -0.90332 -0.42896 0
vn -0 -0 -1
vn -0 0 -1
vn 0 -0 -1
vn -0 -0 -1
vn 0 -0 -1
vn -0 0 -1
vn -0 -0 -1
vn -0 -0 -1
vn -0 -0 -1
vn -0 -0 -1
vn -0 -0 -1
vn 0 0 1
vn 0 -0 1
vn 0 0 1
vn 0 0 1
vn -0 0 1
vn -0 0 1
vn 0 0 1
vn 0 -0 1
vn 0 0 1
vn 0 0 1
vn 0 0 1
vn -0.31694 0.94845 0
vn -0.53471 0.84503 0
vn -0.31694 0.94845 0
vn -0.86617 0.49976 -0
vn -0.9992 0.03998 0
vn -0.9606 0.27792 0
vn 0.6005 0.79962 -0
vn -0.08078 0.99673 0
vn 0.6005 0.79962 -0
vn -0.08078 0.99673 -0
vn 0.39169 0.9201 -0
vn -0.90333 -0.42895 0
vn -0.77441 -0.63268 0
vn -0.6005 -0.79962 0
vn -0.97973 -0.20033 0
vn -0.3917 -0.92009 0
vn 0.08074 -0.99673 0
vn 0.08074 -0.99673 -0
vn -0.16011 -0.9871 0
vn 0.31696 -0.94844 0
vn 0 -0 1
vn 0.9992 -0.03997 -0
vn -0 0 -1
vn 0 -0 1
vn -0 0 -1
vn 0.90333 0.42896 -0
vn 0.9992 -0.03997 -0
vn -0 -0 -1
vn -0 -0 -1
vn -0 -0 -1
vn -0 -0 -1
vn -0 -0 -1
vn 0 0 1
vn -0.86617 0.49974 0
vn 0 0 1
vn 0 0 1
vn 0 0 1
vn 0 0 1
vn -0.53472 0.84503 -0
vn -0.31694 0.94845 0
vn -0.7214 0.69251 0
vn -0.86618 0.49973 0
vn -0.08077 0.99673 0
vn 0.16012 0.9871 -0
vn -0.08077 0.99673 -0
vn 0.39172 0.92009 -0
vn 0.77441 0.63268 -0
vn 0.6005 0.79962 -0
vn 0.90332 0.42896 -0
vn -0.77442 -0.63267 0
vn 0.08074 -0.99673 0
vn -0.39169 -0.9201 0
vn -0.6005 -0.79962 0
vn -0.77442 -0.63267 0
vn 0.08074 -0.99673 0
vn 0.53472 -0.84503 0
vn 0.9992 -0.03997 -0
vn 0.97973 0.20032 -0
vn -0 -0 -1
vn -0 0 -1
vn -0 -0 -1
vn -0 -0 -1
vn -0 -0 -1
vn -0 0 -1
vn -0 -0 -1
vn -0 0 -1
vn -0 0 -1
vn -0 -0 -1
vn 0 0 1
vn 0 0 1
vn 0 0 1
vn 0 -0 1
vn 0 0 1
vn 0 -0 1
vn 0 -0 1
vn 0 -0 1
vn 0 0 1
vn 0 0 1
vn 0 0 1
vn 0 0 1
vn -0 -0 -1
vn -0 -0 -1
vn -0 -0 -1
vn -0 -0 1
vn 0 0 -1
vn 0 0 1
vn -0 -0 -1
vn 0 0 1
vn -0 0 1
vn 0 -0 -1
vn 0 -0 -1
vn -0 0 1
vn 0 0 1
vn -0 -0 -1
vn -0 0 1
vn 0 -0 -1
vn -0.72141 0.69251 -0
vn -0.53471 0.84504 -0
vn -0.72141 0.69251 0
vn -0.31695 0.94844 -0
vn -0.53471 0.84504 -0
vn -0.08077 0.99673 -0
vn 0 0 1
vn -0 -0 -1
vn -0.08077 0.99673 -0
vn 0.16012 0.9871 -0
vn -0 -0 -1
vn -0 -0 -1
vn 0 -0 -1
vn 0 0 1
vn -0 0 1
vn 0 0 1
vn 0 -0 1
vn 0 0 1
vn 0 0 1
vn -0 0 -1
vn -0 -0 -1
vn -0 -0 -1
vn -0.9606 0.27794 0
vn -0.9606 0.27794 0
vn -0.53472 0.84503 -0
vn 0.16015 0.98709 -0
vn 0.16015 0.98709 -0
vn -0.08077 0.99673 0
vn -0.9992 0.03997 0
vn -0 -0 -1
vn 0 -0 -1
vn -0 -0 -1
vn 0 -0 -1
vn -0 0 -1
vn 0.39169 0.9201 -0
vn 0 0 1
vn -0 0 1
vn 0 0 1
vn 0 -0 1
vn -0 0 1
vn -0 -0 -1
vn 0 0 1
vn 0 0 1
vn 0 -0 1
vn -0 0 -1
vn -0 -0 -1
vn 0.60051 0.79962 -0
vn 0.60051 0.79962 -0
vn 0.9606 -0.27794 -0
vn 0.9992 -0.03997 -0
vn -0 -0 -1
vn -0 -0 -1
vn -0 -0 -1
vn -0 -0 -1
vn -0 -0 -1
vn -0 0 -1
vn -0.39169 -0.9201 0
vn 0 0 1
vn 0 -0 1
vn -0.60051 -0.79962 0
vn 0 0 1
vn 0 0 1
vn 0 0 1
vn 0 0 1
vn 0.08074 -0.99673 -0
vn 0.08074 -0.99673 0
vn 0.39169 0.9201 -0
vn 0 -0 -1
vn 0.6005 0.79962 -0
vn -0 -0 -1
vn -0 0 1
vn 0 0 1
vn 0.39169 0.9201 -0
vn -0 -0 -1
vn -0 -0 -1
vn -0 -0 -1
vn 0 0 1
vn 0 0 1
vn 0 0 1
vn -0 -0 -1
vn 0 0 1
vn -0.61649 -0.78737 0
vn -0.4704 -0.88246 0
vn -0.61649 -0.78737 0
vn -0.74384 -0.66835 0
vn 0 0 1
vn -0.74384 -0.66835 0
vn -0 -0 -1
vn -0 0 1
vn 0 0 1
vn -0 -0 -1
vn 0 -0 -1
vn 0 -0 -1
vn -0 -0 -1
vn -0 -0 -1
vn -0 0 1
vn 0 0 1
vn 0 0 1
vn 0 0 1
vn -0 -0 -1
vn -0 0 -1
vn 0 -0 1
vn -0.53471 0.84503 -0
vn 0.39169 0.9201 -0
vn 0.16012 0.9871 -0
vn 0.39169 0.9201 -0
vn 0.6005 0.79962 -0
vn -0.8486 -0.52903 0
vn -0.8486 -0.52903 0
vn -0 -0 -1
vn 0 0 1
vn 0 -0 -1
vn -0 -0 -1
vn -0 0 1
vn 0 0 1
vn -0.92757 -0.37364 0
vn -0.92757 -0.37364 0
vn -0 -0 -1
vn 0 -0 -1
vn -0 -0 -1
vn 0 -0 -1
vn -0 -0 -1
vn 0 -0 -1
vn 0 -0 -1
vn -0 -0 -1
vn 0 0 1
vn 0 0 1
vn 0 0 1
vn -0 0 1
vn 0 0 1
vn -0 0 1
vn -0 0 1
vn -0 0 1
vn 0.16012 0.9871 -0
vn 0.39169 0.9201 -0
vn 0 0 1
vn 0 0 1
vn 0 0 1
vn -0 -0 -1
vn -0 -0 -1
vn -0 -0 -1
vn 0 0 1
vn -0.9992 0.03997 0
vn -0 -0 -1
vn -0 -0 -1
vn 0 -0 -1
vn -0 -0 -1
vn -0 -0 -1
vn -0 -0 -1
vn -0.97973 -0.20032 0
vn -0.97973 -0.20032 0
vn 0 0 1
vn 0 0 1
vn 0 0 1
vn -0 0 1
vn 0 0 1
vn 0.9992 -0.03996 -0
vn 0.77441 0.63268 -0
vn 0.90333 0.42895 -0
vn 0.9992 -0.03996 -0
vn -0.16011 -0.9871 0
vn 0.08077 -0.99673 0
vn 0.31693 -0.94845 0
vn 0.53472 -0.84503 0
vn 0.53472 -0.84503 0
vn 0.9606 -0.27793 -0
vn -0 -0 -1
vn -0 0 -1
vn -0 0 -1
vn -0 -0 -1
vn 0 0 1
vn 0 0 1
vn 0 -0 1
vn 0 -0 1
vn -0 -0 -1
vn -0 -0 -1
vn -0 0 -1
vn -0 -0 -1
vn -0 0 -1
vn -0 -0 -1
vn 0 -0 1
vn 0 0 1
vn 0 -0 1
vn 0 0 1
vn -0.90332 -0.42896 0
vn -0.90332 -0.42896 0
vn -0.77442 -0.63268 0
vn 0 0 1
vn 0 0 1
vn 0 -0 -1
vn -0 -0 -1
vn -0 -0 -1
vn -0 -0 -1
vn -0.60051 -0.79962 0
vn 0 0 1
vn 0 0 1
vn -0 0 1
vn 0 0 1
vn 0 0 1
vn -0.3917 -0.92009 0
vn -0.16012 -0.9871 0
vn -0.3917 -0.92009 0
vn -0 0 1
vn 0 -0 -1
vn -0 -0 -1
vn 0.53472 -0.84503 0
vn 0.53472 -0.84503 -0
vn 0.08076 -0.99673 -0
vn 0.31695 -0.94844 -0
vn 0.08076 -0.99673 0
vn -0 -0 -1
vn 0 0 1
vn 0 0 1
vn -0 -0 -1
vn 0 0 1
vn -0 -0 -1
vn -0.31694 0.94845 -0
vn -0.9606 0.27794 0
vn -0.9606 0.27794 0
vn -0.9992 0.03996 0
vn -0.9992 0.03996 0
vn -0.08078 0.99673 -0
vn 0.16012 0.9871 -0
vn 0.16012 0.9871 -0
vn 0.39171 0.92009 -0
vn -0.08078 0.99673 0
vn -0.97973 -0.20032 0
vn -0.39169 -0.9201 0
vn -0 -0 -1
vn -0 -0 -1
vn -0 -0 -1
vn -0 -0 -1
vn -0 -0 -1
vn -0 -0 -1
vn 0 0 1
vn 0 0 1
vn 0 0 1
vn 0 0 1
vn 0 0 1
vn 0 0 1
vn -0 0 1
vn -0 0 1
vn -0 0 1
vn 0 0 1
vn 0 -0 -1
vn 0 -0 -1
vn 0 0 1
vn 0 -0 -1
vn -0 -0 -1
vn -0 -0 -1
vn 0.31001 0.95073 -0
vn 0.14021 0.99012 -0
vn 0.31001 0.95073 -0
vn -0 -0 -1
vn -0 -0 -1
vn -0 -0 -1
vn 0 0 1
vn -0 -0 -1
vn -0 -0 -1
vn 0 0 1
vn 0 0 1
vn 0 0 1
vn 0 0 1
vn -0 -0 -1
vn -0 -0 -1
vn -0 0 -1
vn -0 -0 -1
vn -0 -0 -1
vn -0 0 -1
vn -0 0 -1
vn 0 0 1
vn 0 0 1
vn 0 -0 1
vn 0 0 1
vn 0 -0 1
vn 0 -0 1
vn 0 0 1
vn 0 -0 -1
vn -0 -0 -1
vn -0 -0 -1
vn 0 -0 -1
vn -0 -0 -1
vn 0 0 1
vn -0 0 1
vn -0 0 1
vn 0 0 1
vn 0 0 1
vn -0 -0 -1
vn 0 0 1
vn -0.72141 0.69251 0
vn -0.08077 0.99673 0
vn -0.08077 0.99673 -0
vn -0.16012 -0.9871 0
vn 0 0 1
vn 0 0 1
vn -0 -0 -1
vn 0 0 1
vn -0 -0 -1
vn -0 -0 -1
vn 0 0 1
vn 0 0 1
vn 0 0 1
vn -0 -0 -1
vn 0.08074 -0.99673 0
vn -0 -0 -1
vn -0 -0 -1
vn 0.08074 -0.99673 -0
vn -0 0 1
vn 0 -0 -1
vn -0 -0 -1
vn 0 0 1
vn -0 -0 -1
vn -0 0 -1
vn -0 0 -1
vn -0 -0 -1
vn -0 -0 -1
vn -0 -0 -1
vn 0 0 1
vn 0 -0 1
vn 0 -0 1
vn 0 0 1
vn 0 0 1
vn 0 0 1
vn 0.9992 -0.03997 -0
vn 0.97973 0.20032 -0
vn -0 -0 -1
vn 0 0 1
vn -0.90333 -0.42896 0
vn -0.9992 0.03997 0
vn -0.90333 -0.42896 0
vn -0.77442 -0.63267 0
vn -0.16012 -0.9871 0
vn -0.39169 -0.9201 0
vn 0 0 1
vn -0 0 1
vn 0 0 1
vn -0 -0 -1
vn 0 -0 -1
vn -0 -0 -1
vn 0 0 1
vn -0 -0 -1
vn -0 0 1
vn -0 0 1
vn -0 -0 -1
vn 0 -0 -1
vn 0 0 1
vn 0 -0 -1
vn 0 0 1
vn 0.86617 -0.49974 0
vn -0 -0 -1
vn 0.72141 -0.69251 -0
vn 0.72141 -0.69251 0
vn -0 -0 -1
vn -0 -0 -1
vn -0 -0 -1
vn -0 0 -1
vn -0 -0 -1
vn 0 0 1
vn 0 0 1
vn 0 0 1
vn 0 -0 1
vn 0 0 1
vn -0 -0 -1
vn 0 0 1
vn 0.16012 0.9871 -0
vn -0.31697 0.94844 0
vn 0.39169 0.9201 -0
vn -0.08074 0.99673 -0
vn -0.08074 0.99673 0
vn -0.72141 0.69251 -0
vn -0.9606 0.27793 0
vn -0.9992 0.03997 0
vn -0.9992 0.03997 0
vn -0.72141 0.69251 0
vn -0.86617 0.49975 0
vn 0.9992 -0.03997 -0
vn 0.08078 -0.99673 0
vn 0.31694 -0.94845 -0
vn 0.9606 -0.27793 -0
vn -0 -0 -1
vn 0 0 1
vn 0 -0 -1
vn -0 0 1
vn -0 -0 -1
vn 0 0 1
vn -0 0 1
vn 0 0 1
vn 0 -0 -1
vn -0 -0 -1
vn -0.97836 -0.20689 0
vn 0 0 1
vn -0 -0 -1
vn 0 -0 1
vn 0 0 1
vn -0 -0 -1
vn -0 0 -1
vn 0 -0 1
vn -0 0 -1
vn 0 0 1
vn 0 0 1
vn -0 -0 -1
vn -0 -0 -1
vn -0 -0 -1
vn 0 0 1
vn 0.90333 0.42896 -0
vn 0.90333 0.42896 -0
vn 0.77442 0.63267 -0
vn 0.9606 -0.27794 -0
vn 0.86618 -0.49973 -0
vn 0.86618 -0.49973 -0
vn -0 -0 -1
vn -0 0 -1
vn -0 -0 -1
vn 0 0 1
vn 0 0 1
vn 0 0 1
vn -0 -0 -1
vn 0 -0 1
vn -0.99012 0.14021 0
vn -0 -0 -1
vn 0 0 1
vn 0.39172 0.92009 -0
vn -0 -0 -1
vn 0 -0 -1
vn 0.39172 0.92009 -0
vn -0 0 1
vn 0 0 1
vn 0 0 1
vn 0 -0 1
vn -0 0 -1
vn -0 -0 -1
vn 0.77442 0.63267 -0
vn 0.90332 0.42896 -0
vn 0.77442 0.63267 -0
vn 0.97973 0.20032 -0
vn 0.9992 -0.03996 -0
vn 0.9606 -0.27794 -0
vn 0.9992 -0.03996 -0
vn 0 0 1
vn -0 -0 -1
vn -0.39172 -0.92009 0
vn -0.16012 -0.9871 0
vn -0.39172 -0.92009 0
vn 0 0 1
vn -0 -0 -1
vn -0 -0 -1
vn -0 -0 -1
vn 0 0 1
vn -0 -0 -1
vn -0 -0 -1
vn 0 0 1
vn 0 0 1
vn 0 0 1
vn 0.31697 -0.94844 0
vn -0 -0 -1
vn 0 0 1
vn 0 0 1
vn 0 0 1
vn -0 -0 -1
vn 0 0 1
vn -0 0 -1
vn -0 0 -1
vn 0 -0 1
vn -0 -0 -1
vn -0 -0 -1
vn 0 -0 1
vn -0 0 1
vn 0 0 1
vn 0 -0 -1
vn -0.52903 0.8486 -0
vn -0 -0 -1
vn -0.37364 0.92758 -0
vn 0.08078 -0.99673 -0
vn 0 -0 -1
vn -0 -0 -1
vn 0 0 1
vn 0 -0 -1
vn -0 0 1
vn -0 0 1
vn 0 0 1
vn -0 -0 -1
vn 0 -0 -1
vn -0 0 1
vn -0 -0 -1
vn 0 -0 1
vn 0 0 1
vn 0 -0 1
vn -0 0 -1
vn -0 -0 -1
vn -0 0 -1
vn -0.88246 0.47039 0
vn -0.88246 0.47039 0
vn 0 0 1
vn -0.95073 0.31001 0
vn -0.95073 0.31001 0
vn -0.66835 0.74385 -0
f 1//1 2//1 3//1
f 4//2 3//2 5//2
f 4//3 1//3 3//3
f 6//4 3//4 7//4
f 6//5 5//5 3//5
f 8//6 3//6 2//6
f 7//7 3//7 8//7
f 9//8 10//8 11//8
f 9//9 12//9 2//9
f 9//10 11//10 12//10
f 13//11 14//11 12//11
f 1//12 9//12 2//12
f 15//13 13//13 12//13
f 14//14 2//14 12//14
f 16//15 10//15 9//15
f 1//16 17//16 18//16
f 4//17 17//17 1//17
f 19//18 16//18 9//18
f 1//19 18//19 20//19
f 1//20 20//20 9//20
f 20//21 19//21 9//21
f 20//22 21//22 19//22
f 21//23 22//23 19//23
f 21//24 8//24 2//24
f 22//25 21//25 2//25
f 8//26 21//26 20//26
f 14//27 22//27 2//27
f 23//28 24//28 25//28
f 11//29 23//29 25//29
f 11//30 25//30 12//30
f 23//31 26//31 24//31
f 26//32 27//32 24//32
f 28//33 25//33 24//33
f 29//34 25//34 30//34
f 31//35 32//35 24//35
f 31//36 24//36 27//36
f 30//37 25//37 28//37
f 23//38 33//38 34//38
f 23//39 34//39 35//39
f 23//40 35//40 26//40
f 32//41 28//41 24//41
f 36//42 37//42 11//42
f 11//43 37//43 23//43
f 10//44 36//44 11//44
f 37//45 38//45 23//45
f 15//46 12//46 25//46
f 39//47 15//47 25//47
f 16//48 14//48 10//48
f 22//49 14//49 16//49
f 10//50 13//50 36//50
f 14//51 13//51 10//51
f 19//52 22//52 16//52
f 13//53 15//53 36//53
f 36//54 15//54 37//54
f 37//55 39//55 38//55
f 15//56 39//56 37//56
f 39//57 40//57 38//57
f 38//57 40//57 41//57
f 38//58 33//58 23//58
f 29//59 39//59 25//59
f 42//60 43//60 44//60
f 41//61 44//61 45//61
f 46//62 47//62 43//62
f 46//63 43//63 42//63
f 42//64 44//64 41//64
f 38//65 45//65 33//65
f 41//66 45//66 38//66
f 48//67 39//67 29//67
f 49//68 40//68 48//68
f 49//69 50//69 40//69
f 51//70 52//70 53//70
f 53//71 52//71 50//71
f 48//72 40//72 39//72
f 53//73 50//73 49//73
f 54//74 5//74 55//74
f 54//75 4//75 5//75
f 56//76 55//76 57//76
f 56//77 54//77 55//77
f 54//78 58//78 4//78
f 4//79 58//79 59//79
f 4//80 60//80 17//80
f 4//81 59//81 60//81
f 61//82 5//82 6//82
f 62//83 5//83 61//83
f 63//84 55//84 5//84
f 63//85 5//85 62//85
f 64//86 65//86 57//86
f 66//87 57//87 65//87
f 66//88 56//88 57//88
f 67//89 57//89 55//89
f 67//90 68//90 57//90
f 69//91 57//91 68//91
f 70//92 71//92 56//92
f 56//93 71//93 54//93
f 72//94 67//94 55//94
f 56//95 73//95 70//95
f 66//96 74//96 56//96
f 56//97 74//97 73//97
f 64//98 57//98 69//98
f 68//99 67//99 70//99
f 71//100 72//100 75//100
f 67//100 72//100 71//100
f 74//101 69//101 73//101
f 70//102 67//102 71//102
f 64//101 69//101 74//101
f 71//103 75//103 54//103
f 69//104 68//104 73//104
f 73//105 68//105 70//105
f 54//106 75//106 58//106
f 76//107 77//107 78//107
f 77//108 79//108 80//108
f 81//109 63//109 82//109
f 72//110 55//110 63//110
f 77//111 80//111 78//111
f 79//112 82//112 80//112
f 81//113 72//113 63//113
f 79//114 81//114 82//114
f 79//115 77//115 83//115
f 81//116 79//116 84//116
f 72//117 81//117 75//117
f 75//117 81//117 84//117
f 84//116 79//116 83//116
f 85//118 86//118 87//118
f 76//118 86//118 85//118
f 77//119 76//119 88//119
f 86//120 89//120 87//120
f 88//121 76//121 85//121
f 83//122 77//122 88//122
f 61//123 6//123 60//123
f 60//124 6//124 17//124
f 7//125 8//125 18//125
f 17//126 7//126 18//126
f 18//125 8//125 20//125
f 6//127 7//127 17//127
f 62//128 61//128 60//128
f 58//129 62//129 59//129
f 82//130 63//130 90//130
f 59//131 62//131 60//131
f 90//130 63//130 58//130
f 63//132 62//132 58//132
f 46//133 52//133 91//133
f 41//134 50//134 42//134
f 50//135 52//135 42//135
f 42//136 52//136 46//136
f 52//137 92//137 91//137
f 40//138 50//138 41//138
f 92//139 93//139 94//139
f 94//140 93//140 95//140
f 95//141 96//141 97//141
f 93//142 96//142 95//142
f 96//143 98//143 97//143
f 91//144 92//144 94//144
f 99//145 100//145 101//145
f 102//146 82//146 90//146
f 80//147 82//147 102//147
f 101//148 100//148 103//148
f 100//149 78//149 103//149
f 104//150 99//150 105//150
f 105//151 99//151 101//151
f 78//152 80//152 103//152
f 103//153 80//153 102//153
f 106//154 104//154 107//154
f 98//155 106//155 107//155
f 107//156 104//156 108//156
f 105//157 109//157 108//157
f 97//155 98//155 107//155
f 108//158 104//158 105//158
f 110//159 106//159 98//159
f 111//160 98//160 96//160
f 110//161 104//161 106//161
f 111//162 110//162 98//162
f 112//163 99//163 104//163
f 112//164 104//164 110//164
f 95//165 113//165 94//165
f 94//166 113//166 91//166
f 46//167 114//167 47//167
f 91//168 114//168 46//168
f 113//169 114//169 91//169
f 108//170 109//170 115//170
f 115//171 111//171 113//171
f 97//172 113//172 95//172
f 115//173 113//173 97//173
f 107//174 115//174 97//174
f 108//175 115//175 107//175
f 110//171 111//171 115//171
f 116//176 92//176 52//176
f 116//177 51//177 117//177
f 111//178 116//178 113//178
f 113//179 116//179 114//179
f 116//180 111//180 92//180
f 118//181 116//181 117//181
f 116//182 52//182 51//182
f 111//183 93//183 92//183
f 111//184 96//184 93//184
f 116//185 118//185 114//185
f 75//186 84//186 58//186
f 90//187 83//187 102//187
f 58//188 84//188 90//188
f 84//189 83//189 90//189
f 103//190 85//190 101//190
f 102//191 88//191 103//191
f 83//192 88//192 102//192
f 88//193 85//193 103//193
f 76//194 78//194 100//194
f 112//195 76//195 100//195
f 112//196 100//196 99//196
f 119//197 86//197 112//197
f 89//198 120//198 121//198
f 119//199 120//199 89//199
f 119//200 89//200 86//200
f 121//201 120//201 122//201
f 123//202 120//202 119//202
f 121//203 124//203 87//203
f 112//204 86//204 76//204
f 87//205 89//205 121//205
f 101//206 109//206 105//206
f 85//207 109//207 101//207
f 112//208 110//208 109//208
f 109//208 110//208 115//208
f 119//209 112//209 124//209
f 124//209 112//209 109//209
f 125//210 119//210 124//210
f 123//211 119//211 125//211
f 87//212 109//212 85//212
f 87//213 124//213 109//213
f 122//214 124//214 121//214
f 122//215 125//215 124//215
f 66//216 126//216 74//216
f 127//217 65//217 128//217
f 127//218 129//218 65//218
f 130//219 131//219 132//219
f 65//220 130//220 66//220
f 65//221 129//221 130//221
f 128//222 65//222 64//222
f 133//223 129//223 127//223
f 66//224 132//224 126//224
f 130//225 132//225 66//225
f 134//226 129//226 135//226
f 136//227 129//227 134//227
f 137//228 136//228 134//228
f 130//229 138//229 131//229
f 130//230 139//230 138//230
f 130//231 140//231 139//231
f 135//232 129//232 133//232
f 131//233 133//233 132//233
f 132//234 128//234 126//234
f 127//235 128//235 132//235
f 133//233 127//233 132//233
f 126//236 64//236 74//236
f 128//210 64//210 126//210
f 137//237 134//237 139//237
f 139//238 135//238 138//238
f 134//239 135//239 139//239
f 135//240 133//240 138//240
f 138//241 133//241 131//241
f 141//237 137//237 139//237
f 140//242 141//242 139//242
f 142//243 137//243 141//243
f 143//243 142//243 141//243
f 144//244 142//244 143//244
f 145//244 142//244 144//244
f 146//245 145//245 144//245
f 147//246 148//246 149//246
f 150//247 151//247 152//247
f 151//248 146//248 152//248
f 148//249 151//249 150//249
f 152//150 146//150 144//150
f 149//249 148//249 150//249
f 153//250 154//250 151//250
f 155//251 145//251 146//251
f 154//252 155//252 146//252
f 154//253 146//253 151//253
f 129//254 136//254 140//254
f 129//255 140//255 130//255
f 136//256 156//256 157//256
f 136//257 157//257 140//257
f 158//258 142//258 159//258
f 140//259 160//259 141//259
f 155//260 159//260 145//260
f 159//261 142//261 145//261
f 158//262 137//262 142//262
f 158//263 136//263 137//263
f 157//264 161//264 160//264
f 157//265 162//265 163//265
f 157//266 163//266 161//266
f 158//267 156//267 136//267
f 157//268 160//268 140//268
f 164//269 156//269 165//269
f 165//270 156//270 158//270
f 166//271 156//271 164//271
f 167//272 147//272 168//272
f 168//273 147//273 149//273
f 120//274 169//274 122//274
f 169//275 167//275 170//275
f 170//276 167//276 168//276
f 171//277 169//277 170//277
f 122//278 169//278 171//278
f 172//279 148//279 147//279
f 172//280 167//280 123//280
f 123//281 167//281 169//281
f 172//282 147//282 167//282
f 123//283 169//283 120//283
f 173//284 172//284 125//284
f 168//285 173//285 170//285
f 149//286 173//286 168//286
f 170//287 173//287 125//287
f 171//288 125//288 122//288
f 170//289 125//289 171//289
f 172//290 123//290 125//290
f 149//291 174//291 173//291
f 150//292 174//292 149//292
f 152//293 175//293 150//293
f 175//294 176//294 150//294
f 150//295 176//295 174//295
f 177//296 151//296 148//296
f 178//297 177//297 174//297
f 177//298 148//298 172//298
f 179//297 177//297 178//297
f 153//299 151//299 177//299
f 177//300 172//300 174//300
f 174//300 172//300 173//300
f 143//301 180//301 144//301
f 144//302 181//302 152//302
f 180//303 181//303 144//303
f 181//304 175//304 152//304
f 143//305 160//305 180//305
f 141//306 160//306 143//306
f 180//307 155//307 181//307
f 155//308 154//308 181//308
f 154//49 153//49 175//49
f 181//309 154//309 175//309
f 159//310 155//310 180//310
f 158//311 159//311 160//311
f 160//311 159//311 180//311
f 165//127 158//127 161//127
f 161//126 158//126 160//126
f 163//312 165//312 161//312
f 162//313 164//313 163//313
f 164//210 165//210 163//210
f 166//314 164//314 162//314
f 153//315 182//315 176//315
f 175//48 153//48 176//48
f 183//316 184//316 185//316
f 176//317 182//317 186//317
f 187//318 188//318 183//318
f 182//53 189//53 186//53
f 188//316 184//316 183//316
f 189//319 188//319 187//319
f 186//54 189//54 187//54
f 184//320 190//320 185//320
f 183//321 185//321 178//321
f 185//322 191//322 178//322
f 176//323 186//323 174//323
f 186//324 187//324 174//324
f 192//325 191//325 185//325
f 187//326 183//326 178//326
f 187//327 178//327 174//327
f 193//328 194//328 195//328
f 195//144 194//144 196//144
f 190//135 193//135 192//135
f 192//136 193//136 197//136
f 197//329 193//329 195//329
f 185//330 190//330 192//330
f 194//139 198//139 196//139
f 196//331 199//331 195//331
f 195//332 199//332 191//332
f 195//333 191//333 197//333
f 197//334 191//334 192//334
f 184//335 188//335 179//335
f 188//336 189//336 179//336
f 200//337 184//337 179//337
f 179//338 189//338 177//338
f 189//339 182//339 177//339
f 182//340 153//340 177//340
f 200//341 194//341 193//341
f 200//342 193//342 190//342
f 200//343 190//343 184//343
f 201//344 194//344 200//344
f 201//345 198//345 194//345
f 196//346 202//346 199//346
f 199//347 201//347 191//347
f 203//348 201//348 199//348
f 200//349 179//349 191//349
f 191//349 179//349 178//349
f 201//350 200//350 191//350
f 204//351 198//351 201//351
f 205//352 201//352 203//352
f 205//353 204//353 201//353
f 206//354 207//354 208//354
f 156//355 209//355 157//355
f 156//356 207//356 209//356
f 208//357 207//357 210//357
f 209//358 162//358 157//358
f 210//359 207//359 166//359
f 166//360 207//360 156//360
f 209//361 211//361 162//361
f 212//362 213//362 214//362
f 215//363 212//363 216//363
f 216//364 212//364 214//364
f 217//365 208//365 211//365
f 214//366 208//366 217//366
f 218//367 212//367 215//367
f 213//368 208//368 214//368
f 210//132 166//132 211//132
f 211//129 166//129 162//129
f 208//365 210//365 211//365
f 217//369 219//369 214//369
f 209//370 217//370 211//370
f 214//371 219//371 216//371
f 206//372 208//372 213//372
f 206//373 213//373 212//373
f 209//374 219//374 217//374
f 207//375 219//375 209//375
f 206//376 220//376 221//376
f 220//377 218//377 222//377
f 220//378 222//378 223//378
f 220//379 206//379 218//379
f 206//380 221//380 219//380
f 206//381 212//381 218//381
f 207//382 206//382 219//382
f 216//383 219//383 215//383
f 219//384 221//384 215//384
f 224//158 223//158 225//158
f 226//385 223//385 224//385
f 225//386 222//386 215//386
f 223//150 222//150 225//150
f 222//387 218//387 215//387
f 227//388 226//388 224//388
f 228//389 226//389 227//389
f 196//140 198//140 229//140
f 230//390 228//390 231//390
f 231//389 228//389 227//389
f 198//142 230//142 229//142
f 229//391 230//391 231//391
f 215//392 221//392 225//392
f 225//393 221//393 224//393
f 227//394 232//394 233//394
f 231//395 233//395 234//395
f 227//396 233//396 231//396
f 231//397 234//397 229//397
f 235//398 226//398 236//398
f 236//399 228//399 237//399
f 236//400 226//400 228//400
f 237//401 230//401 238//401
f 229//402 234//402 239//402
f 237//403 228//403 230//403
f 196//404 239//404 202//404
f 229//405 239//405 196//405
f 238//406 230//406 198//406
f 238//407 198//407 204//407
f 240//408 223//408 226//408
f 240//409 220//409 223//409
f 224//410 241//410 227//410
f 221//411 241//411 224//411
f 220//412 240//412 241//412
f 220//413 241//413 221//413
f 240//414 226//414 235//414
f 241//415 242//415 243//415
f 241//416 244//416 232//416
f 241//417 243//417 244//417
f 227//418 241//418 232//418
f 245//419 240//419 246//419
f 247//420 240//420 235//420
f 245//421 246//421 248//421
f 246//422 240//422 247//422
f 245//423 248//423 249//423
f 250//424 245//424 249//424
f 240//425 242//425 241//425
f 240//426 245//426 242//426
f 251//427 252//427 253//427
f 251//427 253//427 254//427
f 252//428 255//428 253//428
f 256//429 253//429 255//429
f 257//5 258//5 259//5
f 257//430 259//430 260//430
f 261//431 262//431 259//431
f 261//432 259//432 258//432
f 262//433 251//433 254//433
f 262//434 254//434 259//434
f 263//435 259//435 254//435
f 260//436 259//436 263//436
f 262//437 264//437 251//437
f 265//438 266//438 251//438
f 266//439 267//439 251//439
f 261//440 268//440 262//440
f 262//441 268//441 269//441
f 251//442 267//442 252//442
f 264//443 265//443 251//443
f 262//444 269//444 264//444
f 256//445 270//445 253//445
f 271//446 272//446 254//446
f 270//447 273//447 253//447
f 272//448 263//448 254//448
f 273//449 254//449 253//449
f 273//450 271//450 254//450
f 271//451 273//451 267//451
f 263//452 272//452 265//452
f 266//451 271//451 267//451
f 272//453 271//453 266//453
f 264//452 263//452 265//452
f 265//454 272//454 266//454
f 274//455 255//455 275//455
f 276//456 277//456 255//456
f 275//457 255//457 278//457
f 278//458 255//458 277//458
f 252//459 276//459 255//459
f 276//460 279//460 280//460
f 281//461 282//461 283//461
f 284//462 278//462 277//462
f 276//463 283//463 277//463
f 276//464 280//464 285//464
f 285//465 281//465 283//465
f 276//466 285//466 283//466
f 286//467 277//467 287//467
f 286//468 284//468 277//468
f 283//469 287//469 277//469
f 288//470 289//470 252//470
f 252//471 289//471 276//471
f 289//472 290//472 276//472
f 267//473 288//473 252//473
f 256//474 291//474 290//474
f 270//475 256//475 289//475
f 290//476 292//476 293//476
f 291//476 292//476 290//476
f 289//477 256//477 290//477
f 273//478 270//478 288//478
f 288//475 270//475 289//475
f 267//479 273//479 288//479
f 294//480 292//480 295//480
f 295//481 291//481 274//481
f 294//482 296//482 292//482
f 297//483 296//483 294//483
f 297//484 298//484 296//484
f 291//485 256//485 255//485
f 295//486 292//486 291//486
f 274//487 291//487 255//487
f 299//488 298//488 297//488
f 280//489 275//489 285//489
f 295//490 274//490 279//490
f 279//491 274//491 280//491
f 300//492 295//492 279//492
f 274//491 275//491 280//491
f 285//452 278//452 281//452
f 275//493 278//493 285//493
f 278//452 284//452 281//452
f 290//494 279//494 276//494
f 301//495 302//495 303//495
f 303//496 302//496 304//496
f 293//497 304//497 300//497
f 301//498 305//498 302//498
f 303//499 304//499 293//499
f 290//500 300//500 279//500
f 293//501 300//501 290//501
f 305//502 299//502 302//502
f 306//503 299//503 305//503
f 307//503 299//503 306//503
f 299//504 297//504 302//504
f 304//505 294//505 300//505
f 302//506 294//506 304//506
f 297//506 294//506 302//506
f 294//507 295//507 300//507
f 308//508 258//508 309//508
f 308//509 261//509 258//509
f 310//510 309//510 311//510
f 310//510 308//510 309//510
f 312//511 309//511 258//511
f 313//512 258//512 314//512
f 314//513 258//513 257//513
f 312//514 258//514 313//514
f 261//515 315//515 316//515
f 308//516 317//516 261//516
f 261//517 317//517 315//517
f 261//518 316//518 268//518
f 314//519 257//519 268//519
f 313//520 314//520 315//520
f 315//521 314//521 316//521
f 312//522 313//522 317//522
f 317//523 313//523 315//523
f 268//524 257//524 269//524
f 257//525 260//525 269//525
f 316//526 314//526 268//526
f 318//527 312//527 319//527
f 317//528 320//528 321//528
f 322//529 311//529 309//529
f 323//530 309//530 312//530
f 323//531 322//531 309//531
f 310//532 324//532 308//532
f 325//533 311//533 326//533
f 325//533 310//533 311//533
f 327//534 326//534 328//534
f 328//535 326//535 311//535
f 310//536 329//536 330//536
f 322//537 331//537 311//537
f 325//538 332//538 329//538
f 325//539 329//539 310//539
f 333//540 311//540 331//540
f 310//541 330//541 334//541
f 334//542 324//542 310//542
f 328//543 311//543 333//543
f 320//544 335//544 321//544
f 336//545 320//545 317//545
f 308//546 336//546 317//546
f 324//547 336//547 308//547
f 327//548 328//548 329//548
f 322//549 323//549 336//549
f 331//550 322//550 324//550
f 330//551 333//551 334//551
f 328//491 333//491 330//491
f 332//552 327//552 329//552
f 329//553 328//553 330//553
f 334//550 331//550 324//550
f 324//554 322//554 336//554
f 333//555 331//555 334//555
f 337//556 338//556 339//556
f 337//557 339//557 340//557
f 338//558 341//558 339//558
f 318//559 323//559 312//559
f 338//560 342//560 341//560
f 342//561 318//561 319//561
f 342//562 319//562 341//562
f 342//563 338//563 343//563
f 318//564 342//564 335//564
f 320//565 318//565 335//565
f 336//566 318//566 320//566
f 335//563 342//563 343//563
f 323//566 318//566 336//566
f 344//567 345//567 346//567
f 338//568 337//568 343//568
f 347//567 345//567 344//567
f 337//569 348//569 349//569
f 349//570 347//570 344//570
f 346//571 350//571 351//571
f 348//572 347//572 349//572
f 352//569 337//569 349//569
f 345//571 350//571 346//571
f 343//121 337//121 352//121
f 269//573 260//573 264//573
f 321//574 312//574 317//574
f 319//575 312//575 321//575
f 260//576 263//576 264//576
f 301//577 298//577 353//577
f 296//578 298//578 303//578
f 298//579 354//579 353//579
f 292//580 296//580 303//580
f 293//581 292//581 303//581
f 303//582 298//582 301//582
f 355//583 356//583 357//583
f 358//584 356//584 355//584
f 353//585 359//585 360//585
f 360//586 358//586 355//586
f 354//587 359//587 353//587
f 359//276 358//276 360//276
f 339//588 341//588 361//588
f 341//503 319//503 321//503
f 362//589 363//589 364//589
f 365//589 363//589 362//589
f 361//590 341//590 366//590
f 366//503 341//503 321//503
f 340//591 339//591 367//591
f 367//591 339//591 361//591
f 363//592 340//592 364//592
f 364//593 340//593 367//593
f 368//594 340//594 363//594
f 368//595 363//595 365//595
f 369//596 365//596 370//596
f 362//597 371//597 370//597
f 357//598 369//598 370//598
f 370//599 365//599 362//599
f 356//598 369//598 357//598
f 364//600 372//600 362//600
f 362//601 372//601 371//601
f 367//602 372//602 364//602
f 373//603 356//603 358//603
f 373//604 358//604 359//604
f 373//605 359//605 354//605
f 373//606 374//606 356//606
f 374//607 369//607 356//607
f 374//608 365//608 369//608
f 368//609 365//609 374//609
f 375//610 376//610 353//610
f 360//611 375//611 353//611
f 353//612 376//612 301//612
f 301//613 376//613 305//613
f 374//614 373//614 375//614
f 375//615 373//615 376//615
f 371//616 375//616 357//616
f 370//617 371//617 357//617
f 357//618 375//618 355//618
f 355//619 375//619 360//619
f 371//614 374//614 375//614
f 377//620 373//620 354//620
f 377//621 354//621 298//621
f 377//622 298//622 299//622
f 378//623 377//623 307//623
f 377//624 378//624 379//624
f 373//615 377//615 376//615
f 376//624 377//624 379//624
f 378//625 307//625 380//625
f 378//626 380//626 381//626
f 377//627 299//627 307//627
f 366//191 343//191 361//191
f 321//628 335//628 366//628
f 335//629 343//629 366//629
f 361//630 352//630 367//630
f 343//193 352//193 361//193
f 352//631 372//631 367//631
f 382//632 368//632 372//632
f 372//633 368//633 371//633
f 383//634 382//634 372//634
f 368//635 337//635 340//635
f 368//636 374//636 371//636
f 346//637 384//637 383//637
f 351//638 384//638 346//638
f 346//639 383//639 344//639
f 344//640 383//640 349//640
f 349//641 372//641 352//641
f 349//642 383//642 372//642
f 385//643 345//643 382//643
f 385//644 350//644 345//644
f 385//645 382//645 383//645
f 384//645 385//645 383//645
f 382//646 348//646 368//646
f 382//647 347//647 348//647
f 382//648 345//648 347//648
f 368//649 348//649 337//649
f 283//32 386//32 287//32
f 387//650 388//650 386//650
f 389//651 387//651 386//651
f 283//652 282//652 386//652
f 388//653 390//653 386//653
f 391//654 389//654 386//654
f 282//655 391//655 386//655
f 392//656 393//656 287//656
f 394//657 392//657 287//657
f 395//658 394//658 287//658
f 396//659 286//659 287//659
f 393//660 396//660 287//660
f 397//661 398//661 287//661
f 398//662 399//662 287//662
f 390//663 400//663 386//663
f 400//664 401//664 386//664
f 399//665 395//665 287//665
f 401//666 402//666 386//666
f 286//667 396//667 391//667
f 391//668 396//668 389//668
f 284//454 286//454 282//454
f 393//475 392//475 389//475
f 282//667 286//667 391//667
f 396//669 393//669 389//669
f 281//454 284//454 282//454
f 394//670 395//670 390//670
f 390//671 403//671 404//671
f 389//475 392//475 387//475
f 388//670 394//670 390//670
f 392//477 394//477 387//477
f 395//671 403//671 390//671
f 387//477 394//477 388//477
f 404//672 405//672 406//672
f 406//673 407//673 408//673
f 405//674 407//674 406//674
f 403//567 405//567 404//567
f 409//675 381//675 410//675
f 411//676 412//676 413//676
f 412//677 381//677 409//677
f 410//678 380//678 414//678
f 413//676 412//676 409//676
f 381//678 380//678 410//678
f 414//679 307//679 306//679
f 380//679 307//679 414//679
f 415//680 411//680 416//680
f 416//680 411//680 413//680
f 417//681 415//681 418//681
f 418//681 415//681 416//681
f 419//682 417//682 420//682
f 420//682 417//682 418//682
f 421//683 419//683 422//683
f 422//684 419//684 420//684
f 408//685 421//685 422//685
f 407//686 421//686 408//686
f 423//687 417//687 419//687
f 424//688 425//688 406//688
f 420//689 426//689 427//689
f 418//690 426//690 420//690
f 404//691 400//691 390//691
f 406//692 425//692 404//692
f 422//693 428//693 408//693
f 420//694 427//694 422//694
f 422//695 427//695 428//695
f 428//696 424//696 408//696
f 408//697 424//697 406//697
f 399//698 429//698 403//698
f 399//699 403//699 395//699
f 430//700 421//700 407//700
f 431//701 407//701 405//701
f 423//702 419//702 432//702
f 429//703 431//703 405//703
f 429//704 405//704 403//704
f 432//705 419//705 421//705
f 432//706 421//706 430//706
f 431//707 430//707 407//707
f 428//708 430//708 424//708
f 425//709 400//709 404//709
f 424//453 431//453 425//453
f 430//708 431//708 424//708
f 431//454 429//454 425//454
f 287//710 386//710 433//710
f 402//474 397//474 434//474
f 399//711 398//711 401//711
f 401//712 398//712 402//712
f 429//667 399//667 400//667
f 400//713 399//713 401//713
f 397//477 435//477 434//477
f 425//667 429//667 400//667
f 434//670 436//670 437//670
f 435//670 436//670 434//670
f 398//714 397//714 402//714
f 413//715 438//715 416//715
f 414//716 379//716 410//716
f 379//717 438//717 410//717
f 306//718 379//718 414//718
f 376//719 379//719 306//719
f 409//720 438//720 413//720
f 305//721 376//721 306//721
f 410//722 438//722 409//722
f 378//723 439//723 379//723
f 379//724 439//724 438//724
f 439//725 378//725 381//725
f 439//726 440//726 438//726
f 416//727 441//727 418//727
f 438//728 441//728 416//728
f 441//729 426//729 418//729
f 438//726 440//726 441//726
f 439//730 411//730 415//730
f 439//731 412//731 411//731
f 439//732 381//732 412//732
f 440//733 439//733 415//733
f 440//734 442//734 441//734
f 440//735 415//735 417//735
f 443//736 444//736 445//736
f 443//737 445//737 446//737
f 443//738 446//738 447//738
f 443//739 448//739 444//739
f 441//740 442//740 443//740
f 443//741 447//741 441//741
f 441//742 447//742 426//742
f 449//743 442//743 440//743
f 450//744 451//744 452//744
f 453//745 442//745 449//745
f 454//746 442//746 453//746
f 449//747 440//747 423//747
f 455//748 442//748 454//748
f 423//749 440//749 417//749
f 451//750 442//750 455//750
f 451//751 455//751 452//751
f 442//752 451//752 448//752
f 456//753 457//753 458//753
f 457//754 451//754 450//754
f 448//755 457//755 456//755
f 451//756 457//756 448//756
f 457//757 459//757 458//757
f 443//752 442//752 448//752
f 449//758 423//758 426//758
f 447//519 449//519 426//519
f 426//759 423//759 427//759
f 427//493 432//493 428//493
f 423//553 432//553 427//553
f 432//489 430//489 428//489
f 455//760 454//760 444//760
f 454//761 453//761 445//761
f 445//762 453//762 446//762
f 453//507 449//507 447//507
f 444//763 454//763 445//763
f 446//764 453//764 447//764
f 460//765 456//765 461//765
f 448//766 456//766 462//766
f 444//767 448//767 463//767
f 448//768 462//768 463//768
f 462//769 456//769 460//769
f 463//770 455//770 444//770
f 452//770 455//770 463//770
f 450//590 452//590 462//590
f 457//771 464//771 465//771
f 457//772 450//772 464//772
f 462//588 452//588 463//588
f 461//773 464//773 460//773
f 464//774 450//774 460//774
f 465//775 464//775 461//775
f 460//774 450//774 462//774
f 466//776 465//776 467//776
f 468//599 466//599 469//599
f 469//596 466//596 467//596
f 467//777 465//777 461//777
f 470//778 471//778 472//778
f 473//779 470//779 474//779
f 474//578 470//578 475//578
f 437//780 473//780 474//780
f 436//671 473//671 437//671
f 475//579 470//579 472//579
f 476//681 468//681 469//681
f 477//681 468//681 476//681
f 478//781 479//781 480//781
f 472//587 481//587 478//587
f 479//782 477//782 480//782
f 480//783 477//783 476//783
f 481//784 479//784 478//784
f 471//785 481//785 472//785
f 482//786 481//786 471//786
f 480//787 483//787 478//787
f 484//788 479//788 481//788
f 478//789 485//789 472//789
f 456//790 486//790 461//790
f 487//791 457//791 465//791
f 487//792 465//792 466//792
f 488//793 466//793 468//793
f 488//794 487//794 466//794
f 489//795 468//795 477//795
f 489//796 488//796 468//796
f 458//797 490//797 491//797
f 458//798 491//798 456//798
f 491//799 486//799 456//799
f 458//800 459//800 492//800
f 492//801 493//801 458//801
f 458//802 493//802 490//802
f 459//800 494//800 492//800
f 492//803 495//803 493//803
f 487//804 496//804 457//804
f 497//805 459//805 496//805
f 496//806 459//806 457//806
f 498//807 494//807 459//807
f 498//808 459//808 497//808
f 499//809 494//809 498//809
f 483//810 485//810 478//810
f 500//811 501//811 476//811
f 467//812 502//812 469//812
f 486//813 502//813 467//813
f 476//814 501//814 480//814
f 501//815 483//815 480//815
f 461//816 486//816 467//816
f 485//817 503//817 472//817
f 502//818 500//818 469//818
f 469//819 500//819 476//819
f 504//820 477//820 479//820
f 484//821 504//821 479//821
f 482//822 484//822 481//822
f 504//823 489//823 477//823
f 505//824 482//824 471//824
f 489//825 504//825 501//825
f 497//551 496//551 491//551
f 491//826 496//826 486//826
f 502//827 488//827 500//827
f 486//549 487//549 502//549
f 487//554 488//554 502//554
f 490//555 497//555 491//555
f 500//564 489//564 501//564
f 496//826 487//826 486//826
f 488//827 489//827 500//827
f 499//552 498//552 493//552
f 495//548 499//548 493//548
f 493//491 498//491 490//491
f 498//553 497//553 490//553
f 501//828 484//828 483//828
f 485//829 505//829 503//829
f 504//828 484//828 501//828
f 482//829 505//829 485//829
f 484//121 482//121 483//121
f 483//568 482//568 485//568
f 505//570 506//570 503//570
f 503//572 506//572 507//572
f 508//830 509//830 510//830
f 506//672 508//672 507//672
f 507//567 508//567 511//567
f 511//571 508//571 510//571
f 512//831 513//831 514//831
f 514//832 513//832 515//832
f 515//833 513//833 516//833
f 515//834 516//834 517//834
f 517//835 516//835 518//835
f 519//836 512//836 514//836
f 520//837 514//837 521//837
f 521//838 514//838 522//838
f 522//839 514//839 523//839
f 520//840 521//840 524//840
f 434//841 433//841 402//841
f 402//842 433//842 386//842
f 437//843 433//843 434//843
f 525//844 435//844 397//844
f 525//845 436//845 435//845
f 525//846 287//846 433//846
f 525//847 397//847 287//847
f 525//848 471//848 470//848
f 525//849 470//849 473//849
f 525//850 473//850 436//850
f 474//851 433//851 437//851
f 475//852 433//852 474//852
f 472//853 433//853 475//853
f 525//854 509//854 508//854
f 525//855 508//855 506//855
f 525//856 506//856 505//856
f 510//857 433//857 511//857
f 503//858 433//858 472//858
f 525//859 505//859 471//859
f 511//860 433//860 507//860
f 507//861 433//861 503//861
f 525//862 433//862 526//862
f 525//863 526//863 527//863
f 528//864 529//864 527//864
f 433//865 530//865 526//865
f 531//866 509//866 525//866
f 510//867 530//867 433//867
f 530//868 528//868 526//868
f 526//869 528//869 527//869
f 532//870 533//870 534//870
f 533//871 520//871 535//871
f 535//871 520//871 524//871
f 536//872 532//872 537//872
f 537//872 532//872 534//872
f 534//870 533//870 535//870
f 538//873 539//873 540//873
f 540//873 539//873 541//873
f 541//874 536//874 537//874
f 539//874 536//874 541//874
f 542//875 538//875 543//875
f 543//875 538//875 540//875
f 544//876 542//876 543//876
f 545//876 542//876 544//876
f 546//877 545//877 544//877
f 547//878 548//878 543//878
f 549//879 550//879 545//879
f 543//880 548//880 544//880
f 540//881 551//881 543//881
f 552//882 545//882 546//882
f 550//883 542//883 545//883
f 553//884 539//884 538//884
f 550//885 538//885 542//885
f 550//886 554//886 538//886
f 552//887 549//887 545//887
f 546//888 544//888 555//888
f 556//889 557//889 555//889
f 558//890 556//890 555//890
f 525//891 527//891 559//891
f 557//892 546//892 555//892
f 555//893 559//893 558//893
f 525//894 559//894 555//894
f 560//895 525//895 555//895
f 561//896 562//896 563//896
f 560//897 555//897 561//897
f 561//898 555//898 562//898
f 562//899 555//899 564//899
f 565//900 560//900 561//900
f 548//901 566//901 555//901
f 544//902 548//902 555//902
f 529//903 567//903 559//903
f 558//904 568//904 556//904
f 567//905 568//905 558//905
f 568//906 569//906 556//906
f 556//907 570//907 557//907
f 557//908 570//908 546//908
f 559//909 567//909 558//909
f 527//910 529//910 559//910
f 570//911 552//911 546//911
f 569//912 570//912 556//912
f 571//913 525//913 560//913
f 572//914 560//914 565//914
f 572//915 571//915 560//915
f 573//916 565//916 561//916
f 571//917 531//917 525//917
f 573//918 572//918 565//918
f 574//919 573//919 561//919
f 574//920 561//920 563//920
f 574//921 563//921 562//921
f 575//921 574//921 562//921
f 576//922 562//922 564//922
f 566//923 576//923 564//923
f 566//924 564//924 555//924
f 576//925 575//925 562//925
f 326//926 577//926 325//926
f 326//926 578//926 577//926
f 579//927 326//927 327//927
f 579//928 578//928 326//928
f 577//929 580//929 581//929
f 577//930 582//930 580//930
f 583//931 578//931 584//931
f 577//932 581//932 585//932
f 584//933 578//933 579//933
f 325//934 585//934 332//934
f 577//935 585//935 325//935
f 586//936 578//936 583//936
f 587//937 578//937 586//937
f 588//938 587//938 586//938
f 589//939 587//939 588//939
f 577//940 590//940 582//940
f 585//941 327//941 332//941
f 579//942 327//942 585//942
f 581//761 579//761 585//761
f 584//943 579//943 581//943
f 588//944 586//944 591//944
f 586//945 583//945 580//945
f 591//946 586//946 582//946
f 582//945 586//945 580//945
f 580//947 584//947 581//947
f 592//948 588//948 591//948
f 583//949 584//949 580//949
f 590//950 591//950 582//950
f 592//951 593//951 594//951
f 590//952 595//952 591//952
f 591//953 595//953 592//953
f 596//954 597//954 594//954
f 594//955 597//955 592//955
f 598//589 596//589 599//589
f 599//589 596//589 594//589
f 597//948 588//948 592//948
f 600//956 598//956 599//956
f 601//957 602//957 603//957
f 350//958 601//958 351//958
f 351//958 601//958 603//958
f 604//246 605//246 606//246
f 605//959 607//959 606//959
f 602//960 605//960 604//960
f 606//959 607//959 600//959
f 603//957 602//957 604//957
f 607//961 598//961 600//961
f 608//962 598//962 607//962
f 608//963 609//963 598//963
f 589//964 588//964 597//964
f 610//965 608//965 607//965
f 609//966 596//966 598//966
f 609//967 611//967 596//967
f 611//968 597//968 596//968
f 587//257 612//257 590//257
f 578//969 587//969 590//969
f 578//969 590//969 577//969
f 587//970 613//970 612//970
f 589//971 613//971 587//971
f 589//972 597//972 611//972
f 592//973 595//973 593//973
f 614//974 613//974 615//974
f 616//975 613//975 614//975
f 612//976 617//976 618//976
f 612//977 595//977 590//977
f 612//978 619//978 617//978
f 612//979 618//979 595//979
f 615//980 613//980 589//980
f 615//525 589//525 595//525
f 614//981 615//981 618//981
f 618//524 615//524 595//524
f 617//982 614//982 618//982
f 616//983 614//983 617//983
f 620//522 616//522 621//522
f 621//523 616//523 619//523
f 619//984 616//984 617//984
f 603//985 384//985 351//985
f 603//986 622//986 384//986
f 606//987 622//987 604//987
f 604//988 622//988 603//988
f 606//989 623//989 622//989
f 600//990 623//990 606//990
f 622//991 385//991 384//991
f 624//991 385//991 622//991
f 625//992 607//992 605//992
f 625//993 605//993 624//993
f 624//994 602//994 601//994
f 624//995 605//995 602//995
f 385//996 601//996 350//996
f 624//997 601//997 385//997
f 626//998 627//998 600//998
f 600//999 627//999 623//999
f 628//304 626//304 599//304
f 599//1000 626//1000 600//1000
f 593//1001 628//1001 594//1001
f 594//1002 628//1002 599//1002
f 610//1003 607//1003 625//1003
f 629//1004 625//1004 623//1004
f 630//1005 625//1005 629//1005
f 623//1006 624//1006 622//1006
f 625//1007 624//1007 623//1007
f 609//549 608//549 626//549
f 626//451 608//451 627//451
f 608//451 610//451 627//451
f 628//554 609//554 626//554
f 611//1008 609//1008 628//1008
f 593//1008 611//1008 628//1008
f 631//568 632//568 633//568
f 610//1009 634//1009 635//1009
f 634//475 631//475 635//475
f 627//1010 610//1010 635//1010
f 635//475 631//475 633//475
f 634//1011 610//1011 625//1011
f 631//1012 634//1012 625//1012
f 636//1013 637//1013 638//1013
f 633//1014 636//1014 629//1014
f 633//1015 629//1015 623//1015
f 627//1016 635//1016 623//1016
f 632//1013 637//1013 636//1013
f 633//121 632//121 636//121
f 635//1017 633//1017 623//1017
f 636//1018 638//1018 629//1018
f 630//1019 631//1019 625//1019
f 632//1020 631//1020 630//1020
f 639//1021 640//1021 641//1021
f 639//1022 641//1022 637//1022
f 639//1023 642//1023 640//1023
f 639//1024 637//1024 630//1024
f 637//1025 632//1025 630//1025
f 643//1026 620//1026 621//1026
f 589//1027 611//1027 593//1027
f 595//1028 589//1028 593//1028
f 644//1029 620//1029 643//1029
f 645//1030 640//1030 646//1030
f 647//582 640//582 645//582
f 641//578 640//578 647//578
f 640//1031 642//1031 646//1031
f 638//1032 637//1032 647//1032
f 637//1033 641//1033 647//1033
f 646//585 648//585 649//585
f 649//586 650//586 651//586
f 642//587 648//587 646//587
f 648//276 650//276 649//276
f 651//1034 652//1034 653//1034
f 650//1035 652//1035 651//1035
f 654//1036 630//1036 629//1036
f 655//1037 639//1037 654//1037
f 656//1037 655//1037 654//1037
f 639//1036 630//1036 654//1036
f 647//1038 654//1038 638//1038
f 638//1039 654//1039 629//1039
f 645//1040 654//1040 647//1040
f 646//1041 654//1041 645//1041
f 649//1042 657//1042 656//1042
f 646//741 656//741 654//741
f 649//1043 656//1043 646//1043
f 658//1044 648//1044 655//1044
f 659//1045 655//1045 660//1045
f 655//1046 648//1046 642//1046
f 659//1047 658//1047 655//1047
f 655//1048 642//1048 639//1048
f 660//1049 655//1049 661//1049
f 661//1049 655//1049 656//1049
f 662//730 659//730 660//730
f 663//1050 662//1050 660//1050
f 664//1051 663//1051 660//1051
f 613//1052 665//1052 666//1052
f 613//1053 666//1053 612//1053
f 665//1054 667//1054 668//1054
f 665//1055 668//1055 666//1055
f 616//360 665//360 613//360
f 620//1056 665//1056 616//1056
f 644//1057 665//1057 620//1057
f 667//1058 665//1058 644//1058
f 666//1059 619//1059 612//1059
f 669//1060 668//1060 670//1060
f 671//371 668//371 669//371
f 643//1061 668//1061 671//1061
f 666//1062 621//1062 619//1062
f 666//1063 643//1063 621//1063
f 666//1064 668//1064 643//1064
f 667//1065 672//1065 673//1065
f 667//1066 644//1066 672//1066
f 667//1067 673//1067 674//1067
f 673//1068 672//1068 669//1068
f 671//1069 644//1069 643//1069
f 672//1069 644//1069 671//1069
f 675//1070 674//1070 676//1070
f 676//1071 674//1071 670//1071
f 670//591 673//591 669//591
f 669//679 672//679 671//679
f 674//591 673//591 670//591
f 677//1072 674//1072 675//1072
f 677//1073 667//1073 674//1073
f 677//1074 675//1074 678//1074
f 667//1075 679//1075 668//1075
f 667//1075 677//1075 679//1075
f 680//1076 677//1076 678//1076
f 668//1077 679//1077 670//1077
f 681//1078 678//1078 682//1078
f 682//680 678//680 683//680
f 652//1079 681//1079 653//1079
f 653//1079 681//1079 682//1079
f 670//1080 679//1080 676//1080
f 676//1081 679//1081 683//1081
f 683//1082 684//1082 682//1082
f 678//589 675//589 683//589
f 679//1083 684//1083 683//1083
f 683//589 675//589 676//589
f 685//1084 650//1084 648//1084
f 685//1085 648//1085 658//1085
f 686//1086 652//1086 650//1086
f 686//1087 650//1087 685//1087
f 687//1088 681//1088 652//1088
f 687//1089 652//1089 686//1089
f 680//1090 681//1090 688//1090
f 688//1091 681//1091 687//1091
f 680//1092 678//1092 681//1092
f 651//1093 689//1093 649//1093
f 649//1094 689//1094 657//1094
f 682//1095 690//1095 691//1095
f 653//1096 692//1096 651//1096
f 651//1097 692//1097 689//1097
f 653//1098 691//1098 692//1098
f 682//1099 691//1099 653//1099
f 658//550 659//550 693//550
f 692//491 686//491 689//491
f 687//552 686//552 692//552
f 686//491 685//491 689//491
f 689//551 685//551 657//551
f 685//555 658//555 657//555
f 657//550 658//550 693//550
f 691//548 687//548 692//548
f 688//1100 687//1100 691//1100
f 694//943 688//943 695//943
f 696//945 697//945 698//945
f 698//947 694//947 695//947
f 697//949 694//949 698//949
f 695//943 688//943 690//943
f 690//1101 688//1101 691//1101
f 682//1102 684//1102 690//1102
f 677//1103 680//1103 684//1103
f 677//1104 684//1104 679//1104
f 680//1105 699//1105 700//1105
f 680//1106 700//1106 684//1106
f 694//1107 680//1107 688//1107
f 697//1108 680//1108 694//1108
f 699//1109 680//1109 697//1109
f 684//1110 698//1110 695//1110
f 684//1111 695//1111 690//1111
f 699//1112 701//1112 700//1112
f 698//1113 700//1113 702//1113
f 702//1114 700//1114 703//1114
f 684//1115 700//1115 698//1115
f 699//1116 697//1116 696//1116
f 699//423 696//423 704//423
f 699//1117 705//1117 701//1117
f 705//1118 699//1118 704//1118
f 705//1119 704//1119 706//1119
f 661//1120 707//1120 708//1120
f 709//1121 707//1121 661//1121
f 707//1122 710//1122 708//1122
f 710//718 711//718 708//718
f 656//1123 693//1123 661//1123
f 657//1124 693//1124 656//1124
f 693//715 712//715 661//715
f 712//1125 709//1125 661//1125
f 664//1126 660//1126 713//1126
f 713//1127 660//1127 708//1127
f 708//1127 660//1127 661//1127
f 714//1128 713//1128 708//1128
f 715//1129 716//1129 714//1129
f 711//1130 715//1130 714//1130
f 708//1131 711//1131 714//1131
f 717//1132 718//1132 719//1132
f 720//1133 721//1133 722//1133
f 718//1133 721//1133 720//1133
f 723//1134 718//1134 717//1134
f 724//1135 717//1135 719//1135
f 725//1136 717//1136 724//1136
f 719//1137 718//1137 720//1137
f 726//1128 713//1128 714//1128
f 727//1138 664//1138 713//1138
f 728//1139 729//1139 726//1139
f 729//625 727//625 713//625
f 729//623 713//623 726//623
f 722//1140 726//1140 714//1140
f 722//1141 730//1141 720//1141
f 714//1142 716//1142 731//1142
f 714//610 731//610 722//610
f 722//1143 731//1143 732//1143
f 721//1144 726//1144 722//1144
f 722//1145 732//1145 733//1145
f 722//1146 733//1146 730//1146
f 734//1147 726//1147 721//1147
f 734//1148 721//1148 735//1148
f 736//1149 726//1149 734//1149
f 736//1150 728//1150 726//1150
f 735//1151 721//1151 737//1151
f 723//1152 738//1152 718//1152
f 737//1153 721//1153 739//1153
f 738//1154 739//1154 718//1154
f 739//1155 721//1155 718//1155
f 724//1156 740//1156 741//1156
f 492//1157 725//1157 724//1157
f 724//639 741//639 742//639
f 492//1158 742//1158 495//1158
f 719//1159 740//1159 724//1159
f 724//1160 742//1160 492//1160
f 719//1161 743//1161 740//1161
f 494//1157 725//1157 492//1157
f 744//1162 725//1162 745//1162
f 746//1163 725//1163 744//1163
f 745//1164 725//1164 494//1164
f 746//1165 717//1165 725//1165
f 747//1166 717//1166 746//1166
f 745//1167 494//1167 499//1167
f 748//1168 749//1168 750//1168
f 719//1169 751//1169 743//1169
f 749//1170 752//1170 753//1170
f 749//1171 753//1171 750//1171
f 752//1172 754//1172 747//1172
f 752//1173 747//1173 753//1173
f 754//1174 717//1174 747//1174
f 745//941 499//941 742//941
f 742//942 499//942 495//942
f 744//761 745//761 741//761
f 741//943 745//943 742//943
f 755//1175 750//1175 756//1175
f 747//1176 746//1176 743//1176
f 743//1176 746//1176 740//1176
f 740//504 746//504 741//504
f 757//1177 753//1177 743//1177
f 753//237 747//237 743//237
f 746//502 744//502 741//502
f 756//954 750//954 758//954
f 750//774 753//774 758//774
f 758//774 753//774 757//774
f 759//784 760//784 761//784
f 761//1178 760//1178 762//1178
f 509//1179 759//1179 510//1179
f 510//958 759//958 761//958
f 763//776 755//776 756//776
f 764//1180 765//1180 766//1180
f 766//961 767//961 763//961
f 762//960 768//960 764//960
f 768//1180 765//1180 764//1180
f 765//956 767//956 766//956
f 760//246 768//246 762//246
f 767//776 755//776 763//776
f 766//1181 769//1181 764//1181
f 751//1182 770//1182 743//1182
f 756//1183 771//1183 763//1183
f 772//1184 771//1184 756//1184
f 770//1185 773//1185 757//1185
f 757//1186 773//1186 758//1186
f 773//1187 772//1187 758//1187
f 758//1188 772//1188 756//1188
f 763//1189 774//1189 766//1189
f 743//1190 770//1190 757//1190
f 775//1191 767//1191 765//1191
f 748//1192 750//1192 755//1192
f 776//1193 765//1193 768//1193
f 777//1194 748//1194 755//1194
f 777//1195 755//1195 767//1195
f 778//1196 779//1196 719//1196
f 779//1197 751//1197 719//1197
f 720//1198 778//1198 719//1198
f 780//1199 778//1199 720//1199
f 730//1200 780//1200 720//1200
f 738//554 723//554 778//554
f 780//549 738//549 778//549
f 739//1201 738//1201 780//1201
f 781//1202 723//1202 717//1202
f 730//1201 739//1201 780//1201
f 754//1203 781//1203 717//1203
f 754//714 752//714 770//714
f 751//712 754//712 770//712
f 770//1204 752//1204 773//1204
f 723//667 781//667 779//667
f 779//1205 781//1205 751//1205
f 778//667 723//667 779//667
f 781//711 754//711 751//711
f 752//1206 749//1206 773//1206
f 735//553 737//553 733//553
f 733//1207 737//1207 730//1207
f 734//1208 735//1208 732//1208
f 732//759 735//759 733//759
f 731//981 734//981 732//981
f 737//1209 739//1209 730//1209
f 782//1210 783//1210 784//1210
f 736//507 734//507 731//507
f 783//761 736//761 784//761
f 716//764 736//764 731//764
f 785//1211 783//1211 782//1211
f 784//762 736//762 716//762
f 771//1212 774//1212 763//1212
f 774//1213 769//1213 766//1213
f 775//1214 777//1214 767//1214
f 776//1215 775//1215 765//1215
f 777//779 775//779 771//779
f 773//1216 748//1216 772//1216
f 775//1217 776//1217 769//1217
f 771//578 775//578 774//578
f 772//1218 777//1218 771//1218
f 748//1219 777//1219 772//1219
f 774//1031 775//1031 769//1031
f 749//1216 748//1216 773//1216
f 786//1220 787//1220 788//1220
f 788//1221 787//1221 789//1221
f 790//784 786//784 791//784
f 791//781 786//781 788//781
f 769//587 790//587 791//587
f 776//785 790//785 769//785
f 709//1222 663//1222 707//1222
f 662//827 663//827 712//827
f 712//827 663//827 709//827
f 693//554 659//554 712//554
f 707//563 664//563 710//563
f 663//1223 664//1223 707//1223
f 659//554 662//554 712//554
f 664//563 727//563 710//563
f 728//570 792//570 715//570
f 715//570 792//570 793//570
f 729//829 728//829 711//829
f 793//672 794//672 795//672
f 711//829 728//829 715//829
f 727//1206 729//1206 710//1206
f 710//1206 729//1206 711//1206
f 792//567 794//567 793//567
f 796//682 797//682 798//682
f 799//958 800//958 801//958
f 795//830 794//830 801//830
f 801//1179 800//1179 802//1179
f 802//784 796//784 798//784
f 800//1178 796//1178 802//1178
f 794//571 799//571 801//571
f 798//682 797//682 803//682
f 736//1224 792//1224 728//1224
f 703//946 696//946 702//946
f 702//945 696//945 698//945
f 704//946 696//946 703//946
f 703//1225 701//1225 804//1225
f 804//774 704//774 703//774
f 700//1226 701//1226 703//1226
f 804//1227 701//1227 805//1227
f 806//1228 701//1228 803//1228
f 807//1229 701//1229 806//1229
f 805//1230 701//1230 807//1230
f 808//1231 706//1231 805//1231
f 706//774 704//774 804//774
f 809//589 808//589 807//589
f 807//589 808//589 805//589
f 810//956 809//956 806//956
f 806//956 809//956 807//956
f 797//1180 810//1180 803//1180
f 803//1180 810//1180 806//1180
f 805//1232 706//1232 804//1232
f 705//1233 810//1233 797//1233
f 705//1234 706//1234 808//1234
f 705//1235 808//1235 809//1235
f 705//1236 809//1236 810//1236
f 803//1237 811//1237 798//1237
f 795//1238 784//1238 793//1238
f 802//1239 812//1239 813//1239
f 798//1240 812//1240 802//1240
f 801//1241 813//1241 782//1241
f 802//1242 813//1242 801//1242
f 795//1243 782//1243 784//1243
f 793//1244 784//1244 716//1244
f 793//1245 716//1245 715//1245
f 801//1246 782//1246 795//1246
f 814//1247 800//1247 799//1247
f 814//1248 799//1248 785//1248
f 815//1249 796//1249 800//1249
f 785//1250 799//1250 794//1250
f 815//1251 800//1251 814//1251
f 816//1252 796//1252 815//1252
f 785//1253 794//1253 783//1253
f 783//1254 792//1254 736//1254
f 783//1255 794//1255 792//1255
f 816//1256 797//1256 796//1256
f 798//1257 811//1257 812//1257
f 813//1258 785//1258 782//1258
f 815//679 814//679 812//679
f 812//1068 814//1068 813//1068
f 814//1258 785//1258 813//1258
f 817//1259 705//1259 818//1259
f 803//1260 701//1260 811//1260
f 818//1261 705//1261 816//1261
f 701//1262 819//1262 811//1262
f 701//1263 820//1263 819//1263
f 705//1264 797//1264 816//1264
f 816//774 815//774 811//774
f 811//774 815//774 812//774
f 818//775 816//775 819//775
f 819//1265 816//1265 811//1265
f 817//776 818//776 820//776
f 820//777 818//777 819//777
f 789//1266 821//1266 822//1266
f 821//680 817//680 822//680
f 822//1078 817//1078 820//1078
f 787//1266 821//1266 789//1266
f 705//1267 530//1267 701//1267
f 769//1268 530//1268 764//1268
f 764//1269 530//1269 762//1269
f 531//1270 776//1270 768//1270
f 762//1271 530//1271 761//1271
f 531//1272 768//1272 760//1272
f 531//1273 760//1273 759//1273
f 531//1274 759//1274 509//1274
f 761//1275 530//1275 510//1275
f 789//1276 530//1276 788//1276
f 531//1277 787//1277 786//1277
f 791//1278 530//1278 769//1278
f 788//1279 530//1279 791//1279
f 531//1280 790//1280 776//1280
f 531//1281 786//1281 790//1281
f 701//1282 530//1282 820//1282
f 705//1283 531//1283 530//1283
f 531//1284 821//1284 787//1284
f 531//1285 817//1285 821//1285
f 820//1286 530//1286 822//1286
f 822//1287 530//1287 789//1287
f 531//1288 705//1288 817//1288
f 531//1289 528//1289 530//1289
f 531//1290 529//1290 528//1290
f 554//1291 553//1291 538//1291
f 551//1292 547//1292 543//1292
f 547//1293 549//1293 548//1293
f 550//1293 549//1293 547//1293
f 554//1294 550//1294 551//1294
f 551//1294 550//1294 547//1294
f 823//1295 553//1295 824//1295
f 824//1296 553//1296 551//1296
f 825//1295 553//1295 823//1295
f 553//1296 554//1296 551//1296
f 826//1297 825//1297 827//1297
f 827//1297 825//1297 823//1297
f 828//1298 829//1298 830//1298
f 831//1298 829//1298 828//1298
f 829//1299 826//1299 830//1299
f 830//1299 826//1299 827//1299
f 552//1300 548//1300 549//1300
f 566//1301 548//1301 552//1301
f 531//1302 568//1302 567//1302
f 531//1303 566//1303 568//1303
f 531//1304 567//1304 529//1304
f 570//1305 566//1305 552//1305
f 569//1306 566//1306 570//1306
f 568//1307 566//1307 569//1307
f 574//1308 575//1308 576//1308
f 574//1308 576//1308 566//1308
f 572//1309 573//1309 574//1309
f 531//1310 574//1310 566//1310
f 531//1308 571//1308 572//1308
f 531//1311 572//1311 574//1311
f 832//1312 833//1312 834//1312
f 832//1313 835//1313 833//1313
f 832//1314 836//1314 835//1314
f 837//1315 834//1315 838//1315
f 833//1316 831//1316 839//1316
f 833//1317 840//1317 841//1317
f 833//1318 839//1318 840//1318
f 839//1319 831//1319 828//1319
f 832//1320 834//1320 837//1320
f 842//1321 832//1321 837//1321
f 843//1322 844//1322 845//1322
f 844//1323 846//1323 845//1323
f 844//1324 847//1324 846//1324
f 844//1325 848//1325 847//1325
f 843//1326 845//1326 849//1326
f 845//1327 846//1327 850//1327
f 850//1328 851//1328 852//1328
f 850//1329 852//1329 853//1329
f 850//1330 853//1330 854//1330
f 850//1331 846//1331 855//1331
f 850//1332 855//1332 851//1332
f 846//1333 856//1333 855//1333
f 846//1334 857//1334 856//1334
f 846//1335 858//1335 857//1335
f 846//1336 859//1336 858//1336
f 858//1337 859//1337 860//1337
f 861//1338 862//1338 863//1338
f 864//1339 861//1339 863//1339
f 865//1340 864//1340 863//1340
f 862//1341 866//1341 863//1341
f 866//1342 867//1342 863//1342
f 26//652 865//652 863//652
f 26//32 863//32 27//32
f 868//1343 865//1343 26//1343
f 35//1344 868//1344 26//1344
f 869//1345 870//1345 27//1345
f 871//1346 31//1346 27//1346
f 870//1347 872//1347 27//1347
f 872//1348 871//1348 27//1348
f 873//1349 869//1349 27//1349
f 874//1350 875//1350 27//1350
f 876//1351 877//1351 863//1351
f 867//663 878//663 863//663
f 879//1352 873//1352 27//1352
f 875//1353 879//1353 27//1353
f 878//1354 876//1354 863//1354
f 34//1355 28//1355 35//1355
f 871//1356 872//1356 864//1356
f 31//48 871//48 865//48
f 865//1357 871//1357 864//1357
f 30//1358 28//1358 34//1358
f 32//1359 31//1359 868//1359
f 35//26 32//26 868//26
f 28//22 32//22 35//22
f 868//1359 31//1359 865//1359
f 33//1360 30//1360 34//1360
f 29//1361 30//1361 33//1361
f 48//1362 29//1362 45//1362
f 45//123 29//123 33//123
f 864//1363 872//1363 861//1363
f 861//53 870//53 862//53
f 872//1364 870//1364 861//1364
f 862//1365 869//1365 866//1365
f 866//1366 873//1366 867//1366
f 869//1367 873//1367 866//1367
f 870//1365 869//1365 862//1365
f 867//1368 880//1368 881//1368
f 873//581 880//581 867//581
f 882//1369 883//1369 884//1369
f 881//198 883//198 882//198
f 880//198 883//198 881//198
f 883//1370 885//1370 884//1370
f 49//1371 48//1371 44//1371
f 53//1372 49//1372 44//1372
f 43//1373 53//1373 44//1373
f 44//1374 48//1374 45//1374
f 886//1375 887//1375 888//1375
f 888//1376 887//1376 889//1376
f 47//1377 53//1377 43//1377
f 890//1378 886//1378 891//1378
f 891//1379 886//1379 892//1379
f 51//1380 53//1380 47//1380
f 887//1376 117//1376 889//1376
f 117//146 51//146 889//146
f 889//147 51//147 47//147
f 892//1381 886//1381 888//1381
f 893//1382 894//1382 895//1382
f 885//1383 893//1383 896//1383
f 896//1382 893//1382 895//1382
f 884//139 885//139 896//139
f 897//1384 890//1384 891//1384
f 894//246 898//246 899//246
f 900//1385 897//1385 901//1385
f 901//1386 897//1386 891//1386
f 898//1387 900//1387 902//1387
f 895//273 894//273 899//273
f 902//1385 900//1385 901//1385
f 899//1388 898//1388 902//1388
f 903//1389 878//1389 881//1389
f 881//1390 878//1390 867//1390
f 884//1391 904//1391 882//1391
f 882//1392 903//1392 881//1392
f 904//1393 903//1393 882//1393
f 899//1394 905//1394 895//1394
f 896//1395 906//1395 907//1395
f 896//1396 907//1396 884//1396
f 907//1397 904//1397 884//1397
f 895//1398 905//1398 906//1398
f 895//1399 906//1399 896//1399
f 879//1400 908//1400 880//1400
f 879//699 880//699 873//699
f 908//1401 883//1401 880//1401
f 909//1402 885//1402 883//1402
f 908//1403 909//1403 883//1403
f 910//1404 894//1404 911//1404
f 910//1405 898//1405 894//1405
f 912//1406 893//1406 885//1406
f 911//1407 893//1407 912//1407
f 909//1408 912//1408 885//1408
f 911//1409 894//1409 893//1409
f 27//1410 863//1410 913//1410
f 913//1411 874//1411 27//1411
f 907//26 909//26 904//26
f 912//26 909//26 907//26
f 904//1412 908//1412 903//1412
f 909//1359 908//1359 904//1359
f 903//48 879//48 878//48
f 879//51 875//51 878//51
f 908//1413 879//1413 903//1413
f 878//1414 875//1414 876//1414
f 876//1415 874//1415 877//1415
f 875//1416 874//1416 876//1416
f 914//1366 915//1366 916//1366
f 877//55 914//55 916//55
f 874//56 914//56 877//56
f 916//1367 915//1367 917//1367
f 118//1417 918//1417 919//1417
f 114//1418 919//1418 889//1418
f 888//1419 919//1419 892//1419
f 114//1420 118//1420 919//1420
f 889//1421 919//1421 888//1421
f 47//1422 114//1422 889//1422
f 919//1423 918//1423 920//1423
f 901//1424 920//1424 902//1424
f 919//1425 920//1425 892//1425
f 891//1426 920//1426 901//1426
f 892//1427 920//1427 891//1427
f 918//1428 897//1428 900//1428
f 921//1429 900//1429 898//1429
f 918//1430 890//1430 897//1430
f 918//1431 886//1431 890//1431
f 921//1432 918//1432 900//1432
f 918//1433 921//1433 920//1433
f 918//1434 118//1434 886//1434
f 118//1435 887//1435 886//1435
f 118//1436 117//1436 887//1436
f 922//332 923//332 924//332
f 924//1437 923//1437 905//1437
f 924//1438 905//1438 899//1438
f 920//1439 924//1439 902//1439
f 902//1440 924//1440 899//1440
f 924//1441 921//1441 922//1441
f 920//1442 921//1442 924//1442
f 921//1443 925//1443 922//1443
f 926//341 925//341 927//341
f 928//744 929//744 930//744
f 910//1444 921//1444 898//1444
f 929//1445 931//1445 930//1445
f 927//1446 921//1446 910//1446
f 927//344 925//344 921//344
f 929//1447 925//1447 931//1447
f 931//1448 925//1448 932//1448
f 932//342 925//342 926//342
f 933//1449 929//1449 928//1449
f 934//1450 929//1450 935//1450
f 922//1451 929//1451 934//1451
f 925//1451 929//1451 922//1451
f 929//1450 933//1450 935//1450
f 933//1452 936//1452 935//1452
f 911//125 912//125 906//125
f 923//123 910//123 905//123
f 927//123 910//123 923//123
f 906//125 912//125 907//125
f 905//1453 911//1453 906//1453
f 910//1453 911//1453 905//1453
f 931//130 932//130 937//130
f 937//130 932//130 938//130
f 939//128 926//128 923//128
f 938//132 926//132 939//132
f 932//132 926//132 938//132
f 926//128 927//128 923//128
f 934//1454 935//1454 940//1454
f 941//1455 935//1455 942//1455
f 940//1456 935//1456 941//1456
f 934//1457 940//1457 943//1457
f 937//1458 934//1458 943//1458
f 922//1459 934//1459 937//1459
f 922//1460 939//1460 923//1460
f 922//1461 938//1461 939//1461
f 922//1462 937//1462 938//1462
f 930//1463 931//1463 943//1463
f 941//148 944//148 940//148
f 943//1463 931//1463 937//1463
f 940//1464 928//1464 943//1464
f 944//1465 928//1465 940//1465
f 928//1466 930//1466 943//1466
f 933//1467 928//1467 944//1467
f 933//1468 944//1468 945//1468
f 945//145 944//145 941//145
f 946//1469 945//1469 942//1469
f 942//1470 945//1470 941//1470
f 947//1471 946//1471 948//1471
f 948//1472 946//1472 942//1472
f 949//1473 950//1473 951//1473
f 952//1474 953//1474 951//1474
f 917//138 950//138 949//138
f 951//1474 953//1474 954//1474
f 915//134 950//134 917//134
f 950//1473 952//1473 951//1473
f 955//1475 956//1475 957//1475
f 957//143 956//143 958//143
f 958//1387 959//1387 960//1387
f 954//139 953//139 961//139
f 961//1475 955//1475 957//1475
f 953//139 955//139 961//139
f 956//141 959//141 958//141
f 959//1388 947//1388 960//1388
f 961//1476 962//1476 954//1476
f 957//1477 963//1477 961//1477
f 964//1478 955//1478 953//1478
f 965//1479 956//1479 955//1479
f 960//1480 947//1480 948//1480
f 935//1481 966//1481 942//1481
f 967//1482 968//1482 947//1482
f 967//1483 947//1483 959//1483
f 968//794 969//794 946//794
f 968//793 946//793 947//793
f 969//1484 933//1484 945//1484
f 935//1485 936//1485 970//1485
f 969//1486 945//1486 946//1486
f 970//1487 936//1487 971//1487
f 970//1488 972//1488 973//1488
f 971//1489 974//1489 970//1489
f 970//1490 974//1490 972//1490
f 936//1487 975//1487 971//1487
f 970//1491 973//1491 935//1491
f 973//1492 966//1492 935//1492
f 971//1493 976//1493 974//1493
f 977//298 936//298 933//298
f 978//1494 975//1494 936//1494
f 978//282 936//282 979//282
f 979//279 936//279 977//279
f 969//1495 977//1495 933//1495
f 980//1496 975//1496 978//1496
f 942//1497 966//1497 948//1497
f 948//1498 981//1498 960//1498
f 966//1499 981//1499 948//1499
f 962//1500 982//1500 954//1500
f 963//1501 962//1501 961//1501
f 983//1502 963//1502 957//1502
f 958//1503 983//1503 957//1503
f 984//1504 983//1504 958//1504
f 960//1505 984//1505 958//1505
f 981//1506 984//1506 960//1506
f 964//1507 965//1507 955//1507
f 965//1508 985//1508 956//1508
f 985//1509 967//1509 959//1509
f 985//1510 959//1510 956//1510
f 986//1511 964//1511 953//1511
f 979//105 977//105 972//105
f 973//1512 969//1512 966//1512
f 977//1512 969//1512 973//1512
f 967//1513 985//1513 984//1513
f 966//100 968//100 981//100
f 968//1514 967//1514 981//1514
f 981//1515 967//1515 984//1515
f 972//1516 977//1516 973//1516
f 969//100 968//100 966//100
f 978//127 979//127 974//127
f 974//127 979//127 972//127
f 980//236 978//236 976//236
f 976//312 978//312 974//312
f 965//121 964//121 963//121
f 984//1517 985//1517 983//1517
f 982//1518 986//1518 987//1518
f 963//121 964//121 962//121
f 985//115 965//115 983//115
f 962//1519 986//1519 982//1519
f 986//1518 988//1518 987//1518
f 964//1519 986//1519 962//1519
f 983//115 965//115 963//115
f 987//1520 989//1520 990//1520
f 988//1521 989//1521 987//1521
f 990//274 991//274 992//274
f 989//1522 991//1522 990//1522
f 863//1523 993//1523 913//1523
f 916//1524 993//1524 877//1524
f 917//1525 993//1525 916//1525
f 913//1526 915//1526 914//1526
f 913//1527 914//1527 874//1527
f 877//1528 993//1528 863//1528
f 913//1529 953//1529 952//1529
f 954//1530 993//1530 951//1530
f 951//1531 993//1531 949//1531
f 949//1532 993//1532 917//1532
f 913//1533 950//1533 915//1533
f 913//1534 952//1534 950//1534
f 992//1535 993//1535 990//1535
f 990//1536 993//1536 987//1536
f 913//1537 986//1537 953//1537
f 913//1538 988//1538 986//1538
f 913//1539 989//1539 988//1539
f 913//1540 991//1540 989//1540
f 982//1541 993//1541 954//1541
f 987//1542 993//1542 982//1542
f 913//1543 993//1543 994//1543
f 995//1544 996//1544 997//1544
f 994//1545 993//1545 998//1545
f 996//1546 999//1546 997//1546
f 998//1547 993//1547 1000//1547
f 999//1548 1001//1548 997//1548
f 1000//1549 997//1549 1001//1549
f 1000//1550 993//1550 997//1550
f 993//1551 1002//1551 997//1551
f 997//1552 1002//1552 1003//1552
f 997//1553 1003//1553 1004//1553
f 997//1554 1004//1554 1005//1554
f 1002//890 1006//890 1003//890
f 1004//890 1003//890 1007//890
f 1008//1555 995//1555 997//1555
f 1009//1556 995//1556 1008//1556
f 859//1557 1010//1557 860//1557
f 860//1558 1010//1558 1011//1558
f 1011//1559 1012//1559 1013//1559
f 1010//1560 1012//1560 1011//1560
f 1013//1561 1014//1561 1015//1561
f 1012//1562 1014//1562 1013//1562
f 1015//1563 1016//1563 1017//1563
f 1014//1564 1016//1564 1015//1564
f 1017//1565 1018//1565 1019//1565
f 1016//1566 1018//1566 1017//1566
f 1019//1567 1020//1567 1021//1567
f 1018//1567 1020//1567 1019//1567
f 1021//1568 1009//1568 1008//1568
f 1020//1569 1009//1569 1021//1569
f 1017//1570 1022//1570 1015//1570
f 1023//1571 1018//1571 1016//1571
f 1021//1572 1024//1572 1019//1572
f 1008//1573 1025//1573 1021//1573
f 1026//1574 1027//1574 1028//1574
f 1028//1575 203//1575 199//1575
f 1027//1576 1029//1576 1028//1576
f 202//1577 1026//1577 199//1577
f 199//1578 1026//1578 1028//1578
f 1030//1579 203//1579 1028//1579
f 1031//1580 1032//1580 1033//1580
f 1029//1581 1031//1581 1028//1581
f 1033//1582 1030//1582 1028//1582
f 1032//1583 1034//1583 1033//1583
f 1028//1584 1031//1584 1033//1584
f 1035//1585 1036//1585 1030//1585
f 1037//1586 1030//1586 1033//1586
f 1038//1587 1039//1587 1037//1587
f 1036//1588 203//1588 1030//1588
f 1036//1589 1040//1589 203//1589
f 1040//1590 205//1590 203//1590
f 1039//1591 1030//1591 1037//1591
f 1039//1592 1041//1592 1030//1592
f 1041//1593 1035//1593 1030//1593
f 1042//1594 1043//1594 1044//1594
f 1045//1595 1043//1595 1042//1595
f 1046//1594 1042//1594 1044//1594
f 1043//1596 1047//1596 1048//1596
f 1049//1597 1042//1597 1046//1597
f 1044//1596 1043//1596 1048//1596
f 1047//1598 1037//1598 1050//1598
f 1050//1599 1037//1599 1033//1599
f 1050//169 1051//169 1048//169
f 1050//1600 1052//1600 1051//1600
f 1033//1601 1034//1601 1050//1601
f 1034//1602 1053//1602 1050//1602
f 1048//1603 1047//1603 1050//1603
f 1053//1604 1052//1604 1050//1604
f 1054//184 1047//184 1055//184
f 1056//183 1047//183 1054//183
f 1056//180 1037//180 1047//180
f 1045//1152 1057//1152 1043//1152
f 1058//1605 1047//1605 1043//1605
f 1055//1606 1047//1606 1058//1606
f 1059//1607 1037//1607 1056//1607
f 1059//1608 1038//1608 1037//1608
f 1057//1609 1058//1609 1043//1609
f 1060//200 1049//200 1061//200
f 1060//197 1042//197 1049//197
f 1062//1610 1042//1610 1060//1610
f 971//1611 975//1611 1063//1611
f 1061//199 1049//199 1064//199
f 975//1611 1049//1611 1063//1611
f 1064//1612 975//1612 980//1612
f 1064//1613 1049//1613 975//1613
f 1063//1614 1065//1614 1066//1614
f 1046//1615 1067//1615 1063//1615
f 1063//1616 1067//1616 1065//1616
f 1046//1617 1068//1617 1067//1617
f 971//1618 1066//1618 976//1618
f 1063//1619 1066//1619 971//1619
f 1069//1620 1042//1620 1062//1620
f 1070//1621 1062//1621 1071//1621
f 1063//1622 1049//1622 1046//1622
f 1072//1623 1073//1623 1074//1623
f 1046//1624 1075//1624 1068//1624
f 1073//1170 1070//1170 1071//1170
f 1070//1625 1069//1625 1062//1625
f 1073//1626 1071//1626 1074//1626
f 1061//1627 1064//1627 1066//1627
f 1064//1628 980//1628 1066//1628
f 1066//1629 980//1629 976//1629
f 1065//1627 1061//1627 1066//1627
f 1076//237 1071//237 1068//237
f 1077//1630 1074//1630 1078//1630
f 1068//239 1060//239 1067//239
f 1079//1631 1074//1631 1077//1631
f 1067//1632 1061//1632 1065//1632
f 1071//237 1062//237 1068//237
f 1078//149 1074//149 1076//149
f 1060//947 1061//947 1067//947
f 1062//239 1060//239 1068//239
f 1074//148 1071//148 1076//148
f 992//275 991//275 1080//275
f 1080//1633 1081//1633 1082//1633
f 1081//1634 1083//1634 1082//1634
f 991//1635 1081//1635 1080//1635
f 1082//1636 1083//1636 1084//1636
f 1085//247 1086//247 1087//247
f 1086//247 1088//247 1087//247
f 1083//1636 1089//1636 1084//1636
f 1088//245 1079//245 1077//245
f 1087//245 1088//245 1077//245
f 1084//1637 1089//1637 1085//1637
f 1089//1637 1086//1637 1085//1637
f 1078//1638 1090//1638 1077//1638
f 1091//1639 1090//1639 1078//1639
f 1092//1640 1091//1640 1076//1640
f 1085//1641 1093//1641 1084//1641
f 1090//1642 1094//1642 1077//1642
f 1077//1643 1094//1643 1087//1643
f 1075//1644 1092//1644 1068//1644
f 1076//1645 1091//1645 1078//1645
f 1087//1646 1095//1646 1085//1646
f 1068//1647 1092//1647 1076//1647
f 1096//1648 1079//1648 1088//1648
f 1097//1649 1086//1649 1089//1649
f 1072//1650 1074//1650 1079//1650
f 1096//1651 1072//1651 1079//1651
f 1098//1652 1088//1652 1086//1652
f 1099//1653 1100//1653 1044//1653
f 1048//1654 1101//1654 1102//1654
f 1048//1655 1102//1655 1044//1655
f 1048//1656 1051//1656 1103//1656
f 1100//1657 1104//1657 1046//1657
f 1102//1658 1099//1658 1044//1658
f 1104//1659 1075//1659 1046//1659
f 1044//1660 1100//1660 1046//1660
f 1048//1661 1103//1661 1101//1661
f 1102//310 1057//310 1099//310
f 1058//310 1057//310 1102//310
f 1099//1662 1045//1662 1100//1662
f 1057//100 1045//100 1099//100
f 1100//48 1105//48 1104//48
f 1045//1413 1105//1413 1100//1413
f 1055//311 1058//311 1101//311
f 1101//311 1058//311 1102//311
f 1054//1453 1055//1453 1103//1453
f 1103//1453 1055//1453 1101//1453
f 1051//210 1054//210 1103//210
f 1056//210 1054//210 1051//210
f 1059//128 1056//128 1051//128
f 1106//365 1107//365 1108//365
f 1109//365 1107//365 1106//365
f 1052//128 1059//128 1051//128
f 1107//132 1059//132 1108//132
f 1108//132 1059//132 1052//132
f 1104//1663 1069//1663 1075//1663
f 1105//1664 1069//1664 1104//1664
f 1075//1415 1070//1415 1092//1415
f 1069//1416 1070//1416 1075//1416
f 1069//1665 1105//1665 1042//1665
f 1105//1666 1045//1666 1042//1666
f 1070//319 1073//319 1092//319
f 1094//1667 1095//1667 1087//1667
f 1097//1668 1098//1668 1086//1668
f 1095//1669 1093//1669 1085//1669
f 1092//318 1073//318 1091//318
f 1098//1670 1096//1670 1088//1670
f 1096//1473 1098//1473 1094//1473
f 1094//1473 1098//1473 1095//1473
f 1072//330 1096//330 1090//330
f 1098//274 1097//274 1095//274
f 1090//320 1096//320 1094//320
f 1073//1671 1072//1671 1091//1671
f 1095//274 1097//274 1093//274
f 1091//1672 1072//1672 1090//1672
f 1097//139 1110//139 1111//139
f 1110//1475 1112//1475 1113//1475
f 1111//1475 1110//1475 1113//1475
f 1093//139 1097//139 1111//139
f 1112//391 1114//391 1115//391
f 1113//390 1112//390 1115//390
f 1040//1514 1036//1514 1027//1514
f 1036//1673 1035//1673 1029//1673
f 1026//100 1040//100 1027//100
f 204//99 205//99 202//99
f 202//102 205//102 1026//102
f 238//1674 204//1674 239//1674
f 205//100 1040//100 1026//100
f 239//105 204//105 202//105
f 1027//1675 1036//1675 1029//1675
f 237//1361 238//1361 234//1361
f 233//210 237//210 234//210
f 236//1676 237//1676 233//1676
f 234//1360 238//1360 239//1360
f 1034//118 1038//118 1053//118
f 1031//122 1041//122 1032//122
f 1029//1664 1035//1664 1031//1664
f 1035//115 1041//115 1031//115
f 1038//120 1116//120 1053//120
f 1053//205 1116//205 1117//205
f 1032//1677 1039//1677 1034//1677
f 1041//1677 1039//1677 1032//1677
f 1039//1678 1038//1678 1034//1678
f 1118//1679 1119//1679 1120//1679
f 1121//1680 1118//1680 1120//1680
f 1117//198 1118//198 1121//198
f 1116//198 1118//198 1117//198
f 235//1681 236//1681 233//1681
f 247//1682 235//1682 244//1682
f 232//1683 235//1683 233//1683
f 244//132 235//132 232//132
f 1122//237 248//237 1123//237
f 243//1377 247//1377 244//1377
f 1123//1684 248//1684 243//1684
f 249//237 248//237 1122//237
f 1124//148 249//148 1122//148
f 1125//1685 1124//1685 1126//1685
f 246//1380 247//1380 243//1380
f 248//1686 246//1686 243//1686
f 1126//1687 1124//1687 1122//1687
f 1119//277 1127//277 1128//277
f 1127//272 1129//272 1130//272
f 1128//272 1127//272 1130//272
f 1120//275 1119//275 1128//275
f 1131//1688 1132//1688 1133//1688
f 1133//1689 1132//1689 1134//1689
f 1129//246 1131//246 1135//246
f 1134//150 1136//150 1137//150
f 1135//249 1131//249 1133//249
f 1136//245 1125//245 1137//245
f 1137//1690 1125//1690 1126//1690
f 1132//1689 1136//1689 1134//1689
f 1130//273 1129//273 1135//273
f 1120//1691 1138//1691 1106//1691
f 1121//1692 1106//1692 1108//1692
f 1120//1693 1106//1693 1121//1693
f 1117//1694 1108//1694 1052//1694
f 1121//1694 1108//1694 1117//1694
f 1117//1695 1052//1695 1053//1695
f 1128//1696 1139//1696 1138//1696
f 1130//1697 1140//1697 1139//1697
f 1135//1698 1140//1698 1130//1698
f 1130//1699 1139//1699 1128//1699
f 1128//1700 1138//1700 1120//1700
f 1059//1701 1116//1701 1038//1701
f 1107//1702 1118//1702 1116//1702
f 1109//1703 1119//1703 1118//1703
f 1109//1704 1118//1704 1107//1704
f 1107//1702 1116//1702 1059//1702
f 1141//1705 1119//1705 1109//1705
f 1141//1706 1127//1706 1119//1706
f 1142//1707 1129//1707 1127//1707
f 1142//1708 1127//1708 1141//1708
f 1143//1256 1131//1256 1129//1256
f 1143//1709 1129//1709 1142//1709
f 1122//1710 1144//1710 1126//1710
f 1126//1711 1144//1711 1137//1711
f 1137//1712 1144//1712 1134//1712
f 1134//1713 1144//1713 1133//1713
f 1133//1714 1144//1714 1135//1714
f 242//1226 1144//1226 1122//1226
f 245//1715 1144//1715 242//1715
f 243//1716 242//1716 1123//1716
f 1123//1114 242//1114 1122//1114
f 250//1346 1125//1346 1136//1346
f 250//1717 1124//1717 1125//1717
f 245//1715 250//1715 1144//1715
f 250//1347 249//1347 1124//1347
f 250//1718 1136//1718 1132//1718
f 250//1719 1132//1719 1131//1719
f 250//1720 1131//1720 1143//1720
f 1145//1721 250//1721 1143//1721
f 1146//1722 250//1722 1145//1722
f 1144//1723 1147//1723 1148//1723
f 1144//1724 1148//1724 1140//1724
f 1135//1260 1144//1260 1140//1260
f 1140//148 1143//148 1139//148
f 1141//1725 1109//1725 1138//1725
f 1138//1725 1109//1725 1106//1725
f 1142//1376 1141//1376 1138//1376
f 1143//1465 1142//1465 1139//1465
f 1139//1726 1142//1726 1138//1726
f 1145//1690 1143//1690 1140//1690
f 1115//1727 1114//1727 1149//1727
f 1146//1469 1145//1469 1148//1469
f 1149//388 1150//388 1147//388
f 1148//1728 1145//1728 1140//1728
f 1150//385 1146//385 1147//385
f 1147//1472 1146//1472 1148//1472
f 1114//1729 1150//1729 1149//1729
f 1151//1730 250//1730 1146//1730
f 1144//1731 250//1731 1151//1731
f 1151//1732 991//1732 913//1732
f 992//1733 1152//1733 993//1733
f 913//1734 994//1734 1151//1734
f 1151//1735 994//1735 1153//1735
f 1153//1736 998//1736 1154//1736
f 994//1737 998//1737 1153//1737
f 1154//1738 1000//1738 1155//1738
f 998//1739 1000//1739 1154//1739
f 1155//1740 1000//1740 1156//1740
f 1000//1741 1001//1741 1156//1741
f 1156//1742 999//1742 1157//1742
f 1001//1743 999//1743 1156//1743
f 1157//1744 996//1744 1158//1744
f 999//1745 996//1745 1157//1745
f 993//1746 1152//1746 1159//1746
f 1002//1747 993//1747 1159//1747
f 1006//1748 1159//1748 1160//1748
f 1006//1749 1002//1749 1159//1749
f 1003//1750 1160//1750 1161//1750
f 1007//1751 1003//1751 1161//1751
f 1007//1752 1161//1752 1162//1752
f 1003//1753 1006//1753 1160//1753
f 1007//1754 1162//1754 1163//1754
f 1004//1755 1007//1755 1163//1755
f 1005//1756 1164//1756 1165//1756
f 1005//1757 1163//1757 1164//1757
f 1005//1758 1004//1758 1163//1758
f 997//1759 1005//1759 1165//1759
f 1084//1760 1152//1760 1082//1760
f 1093//1761 1152//1761 1084//1761
f 1080//1762 1152//1762 992//1762
f 1151//1763 1097//1763 1089//1763
f 1082//1764 1152//1764 1080//1764
f 1151//1765 1089//1765 1083//1765
f 1151//1766 1083//1766 1081//1766
f 1151//1767 1081//1767 991//1767
f 1151//1768 1110//1768 1097//1768
f 1151//1769 1112//1769 1110//1769
f 1151//1770 1114//1770 1112//1770
f 1111//1771 1152//1771 1093//1771
f 1113//1772 1152//1772 1111//1772
f 1115//1773 1152//1773 1113//1773
f 1149//1774 1152//1774 1115//1774
f 1147//1775 1152//1775 1149//1775
f 1151//1776 1150//1776 1114//1776
f 1151//1777 1146//1777 1150//1777
f 1144//1778 1152//1778 1147//1778
f 1152//1779 1144//1779 1151//1779
f 1152//1780 1151//1780 1153//1780
f 1158//1781 1166//1781 1165//1781
f 1152//1782 1153//1782 1154//1782
f 1157//1783 1158//1783 1165//1783
f 1156//1784 1157//1784 1165//1784
f 1152//1785 1155//1785 1165//1785
f 1165//1786 1155//1786 1156//1786
f 1152//1787 1154//1787 1155//1787
f 1159//1788 1152//1788 1165//1788
f 1159//1789 1165//1789 1161//1789
f 1161//1790 1165//1790 1163//1790
f 1163//1308 1165//1308 1164//1308
f 1160//1308 1159//1308 1161//1308
f 1161//1791 1163//1791 1162//1791
f 1166//1792 1167//1792 1025//1792
f 1166//1793 1025//1793 1165//1793
f 996//1794 995//1794 1158//1794
f 1158//1795 995//1795 1166//1795
f 1165//1796 1025//1796 997//1796
f 997//1797 1025//1797 1008//1797
f 1166//1798 995//1798 1009//1798
f 1167//1798 1166//1798 1009//1798
f 1168//1799 1009//1799 1020//1799
f 1168//1800 1167//1800 1009//1800
f 1169//1801 1023//1801 1016//1801
f 1170//1802 1169//1802 1016//1802
f 1023//1803 1168//1803 1020//1803
f 1023//1804 1020//1804 1018//1804
f 1025//1805 1024//1805 1021//1805
f 1024//1806 1171//1806 1019//1806
f 1019//1807 1022//1807 1017//1807
f 1171//1808 1022//1808 1019//1808
f 1022//1809 1172//1809 1015//1809
f 1024//1810 1023//1810 1171//1810
f 1168//1810 1023//1810 1024//1810
f 1171//1811 1169//1811 1022//1811
f 1023//1812 1169//1812 1171//1812
f 1022//1813 1170//1813 1172//1813
f 1169//1814 1170//1814 1022//1814
f 1167//1815 1168//1815 1025//1815
f 1025//1816 1168//1816 1024//1816
f 1173//1817 1174//1817 1175//1817
f 1176//1818 1174//1818 1173//1818
f 1175//1819 1177//1819 1178//1819
f 1174//1820 1177//1820 1175//1820
f 1170//1821 1176//1821 1172//1821
f 1172//1822 1176//1822 1173//1822
f 1177//1823 1179//1823 1178//1823
f 1177//1824 1180//1824 1179//1824
f 1181//1825 1180//1825 1182//1825
f 1183//1826 1180//1826 1181//1826
f 1179//1827 1180//1827 1183//1827
f 1182//1828 1184//1828 1185//1828
f 1180//1829 1184//1829 1182//1829
f 1186//1830 1187//1830 1188//1830
f 1185//1831 1184//1831 1189//1831
f 1189//1832 1184//1832 1190//1832
f 1190//1833 1184//1833 1191//1833
f 1180//1834 1192//1834 1184//1834
f 1193//1835 1192//1835 1180//1835
f 1194//1836 1192//1836 1193//1836
f 1184//1837 1192//1837 1186//1837
f 1186//1838 1192//1838 1187//1838
f 850//1839 515//1839 517//1839
f 843//1840 516//1840 513//1840
f 849//1841 845//1841 518//1841
f 845//1842 517//1842 518//1842
f 845//1843 850//1843 517//1843
f 844//1840 843//1840 513//1840
f 849//1844 518//1844 516//1844
f 843//1844 849//1844 516//1844
f 844//1845 513//1845 512//1845
f 848//1846 512//1846 519//1846
f 848//1845 844//1845 512//1845
f 847//1847 519//1847 514//1847
f 847//1848 848//1848 519//1848
f 846//1847 847//1847 514//1847
f 853//1849 852//1849 1195//1849
f 1196//1850 851//1850 1197//1850
f 852//1851 851//1851 1196//1851
f 1198//1852 854//1852 1199//1852
f 1195//1853 852//1853 1196//1853
f 851//1854 855//1854 1197//1854
f 1199//1855 853//1855 1195//1855
f 854//1856 853//1856 1199//1856
f 857//1857 858//1857 521//1857
f 522//1857 857//1857 521//1857
f 1197//1858 855//1858 523//1858
f 523//1859 856//1859 522//1859
f 855//1860 856//1860 523//1860
f 856//1861 857//1861 522//1861
f 854//1862 1198//1862 1200//1862
f 515//1863 850//1863 1201//1863
f 860//1864 521//1864 858//1864
f 860//1865 524//1865 521//1865
f 514//1866 859//1866 846//1866
f 520//1867 859//1867 514//1867
f 854//1868 1200//1868 1202//1868
f 854//1869 1202//1869 1203//1869
f 854//1870 1203//1870 1204//1870
f 1205//1871 850//1871 1206//1871
f 1207//1872 850//1872 1205//1872
f 1201//1873 850//1873 1207//1873
f 1206//1874 850//1874 1208//1874
f 1209//1875 850//1875 1210//1875
f 854//1876 1211//1876 1212//1876
f 854//1877 1213//1877 1211//1877
f 854//1878 1214//1878 1213//1878
f 854//1879 1215//1879 1214//1879
f 854//1880 1204//1880 1215//1880
f 1216//1881 850//1881 1209//1881
f 1217//1882 850//1882 1216//1882
f 1208//1883 850//1883 1217//1883
f 1218//1884 515//1884 1219//1884
f 1220//1885 515//1885 1218//1885
f 1221//1886 515//1886 1220//1886
f 523//1887 514//1887 1197//1887
f 1199//1888 515//1888 1198//1888
f 1195//1889 515//1889 1199//1889
f 1196//1890 515//1890 1195//1890
f 1197//1891 515//1891 1196//1891
f 514//1892 515//1892 1197//1892
f 1222//1893 515//1893 1221//1893
f 1223//1894 515//1894 1201//1894
f 1224//1895 515//1895 1223//1895
f 1225//1896 515//1896 1224//1896
f 1198//1897 1226//1897 1200//1897
f 1198//1898 1227//1898 1226//1898
f 1198//1899 1228//1899 1227//1899
f 1198//1900 1229//1900 1228//1900
f 1219//1901 515//1901 1225//1901
f 1198//1902 1230//1902 1229//1902
f 1198//1903 1231//1903 1230//1903
f 1198//1904 1232//1904 1233//1904
f 1198//1905 1233//1905 1231//1905
f 1198//1906 1234//1906 1232//1906
f 1198//1907 1235//1907 1234//1907
f 1236//1908 515//1908 1222//1908
f 1198//1909 515//1909 1236//1909
f 1235//1910 1198//1910 1236//1910
f 1237//1911 1238//1911 1239//1911
f 1239//1912 1238//1912 1240//1912
f 1241//1913 1242//1913 1243//1913
f 1219//1914 1225//1914 1244//1914
f 1244//1915 1225//1915 1245//1915
f 1228//1916 1229//1916 1237//1916
f 1237//1917 1229//1917 1238//1917
f 1241//1918 1245//1918 1242//1918
f 1244//1919 1245//1919 1241//1919
f 1244//1920 1241//1920 1229//1920
f 1229//1921 1241//1921 1238//1921
f 1238//1922 1243//1922 1240//1922
f 1241//1923 1243//1923 1238//1923
f 1231//1924 1219//1924 1230//1924
f 1218//1925 1219//1925 1231//1925
f 1240//1926 1246//1926 1247//1926
f 1230//1927 1244//1927 1229//1927
f 1219//1928 1244//1928 1230//1928
f 1243//1929 1246//1929 1240//1929
f 1221//1930 1220//1930 1232//1930
f 1232//1931 1220//1931 1233//1931
f 1222//1932 1221//1932 1232//1932
f 1248//1933 1249//1933 1250//1933
f 1249//1934 1222//1934 1250//1934
f 1220//1935 1218//1935 1233//1935
f 1233//1936 1218//1936 1231//1936
f 1251//1937 1249//1937 1248//1937
f 1234//1938 1222//1938 1232//1938
f 1250//1939 1222//1939 1234//1939
f 533//1940 859//1940 520//1940
f 532//1941 1012//1941 1010//1941
f 532//1942 1010//1942 533//1942
f 536//1943 1014//1943 1012//1943
f 536//1944 1012//1944 532//1944
f 539//1945 1016//1945 1014//1945
f 539//1946 1014//1946 536//1946
f 533//1947 1010//1947 859//1947
f 1011//1948 535//1948 860//1948
f 1013//1949 535//1949 1011//1949
f 860//1950 535//1950 524//1950
f 1013//1951 534//1951 535//1951
f 1015//1952 537//1952 1013//1952
f 1015//1953 541//1953 537//1953
f 1013//1954 537//1954 534//1954
f 1015//1955 823//1955 541//1955
f 1172//1956 823//1956 1015//1956
f 824//1957 551//1957 541//1957
f 541//1958 551//1958 540//1958
f 553//1959 1016//1959 539//1959
f 854//1960 1252//1960 1253//1960
f 854//1961 1212//1961 1252//1961
f 854//1962 1253//1962 1254//1962
f 850//1963 854//1963 1254//1963
f 1210//1964 850//1964 1254//1964
f 1215//1965 1255//1965 1256//1965
f 1215//1966 1204//1966 1255//1966
f 1206//1967 1208//1967 1257//1967
f 1206//1968 1257//1968 1258//1968
f 1258//1969 1257//1969 1259//1969
f 1260//1970 1259//1970 1261//1970
f 1261//1971 1259//1971 1256//1971
f 1262//1972 1260//1972 1263//1972
f 1263//1973 1260//1973 1261//1973
f 1264//1974 1262//1974 1265//1974
f 1265//1975 1262//1975 1263//1975
f 1258//1976 1259//1976 1266//1976
f 1266//1977 1259//1977 1260//1977
f 1267//1978 1264//1978 1268//1978
f 1268//1979 1264//1979 1269//1979
f 1270//1980 1262//1980 1267//1980
f 1266//1981 1260//1981 1270//1981
f 1270//1982 1260//1982 1262//1982
f 1267//1983 1262//1983 1264//1983
f 1271//1984 1272//1984 1273//1984
f 1268//1985 1269//1985 1271//1985
f 1271//1986 1269//1986 1272//1986
f 1261//1987 1274//1987 1263//1987
f 1265//1988 1275//1988 1276//1988
f 1261//1989 1277//1989 1274//1989
f 1256//1990 1277//1990 1261//1990
f 1256//1991 1255//1991 1277//1991
f 1265//1992 1276//1992 1278//1992
f 1263//1993 1275//1993 1265//1993
f 1263//1994 1274//1994 1275//1994
f 1278//1995 1276//1995 1279//1995
f 1278//1996 1279//1996 1280//1996
f 1280//1997 1279//1997 1281//1997
f 1202//1998 1205//1998 1203//1998
f 1207//1999 1205//1999 1202//1999
f 1203//2000 1206//2000 1204//2000
f 1200//2001 1207//2001 1202//2001
f 1206//2002 1258//2002 1204//2002
f 1204//2003 1258//2003 1255//2003
f 1205//2004 1206//2004 1203//2004
f 1201//2005 1207//2005 1200//2005
f 1226//2006 1201//2006 1200//2006
f 1223//2007 1201//2007 1226//2007
f 1224//2008 1223//2008 1227//2008
f 1227//2009 1223//2009 1226//2009
f 1276//2010 1271//2010 1279//2010
f 1267//2011 1268//2011 1275//2011
f 1275//2012 1268//2012 1276//2012
f 1270//2013 1267//2013 1274//2013
f 1274//2014 1267//2014 1275//2014
f 1268//2015 1271//2015 1276//2015
f 1255//2016 1266//2016 1277//2016
f 1258//2017 1266//2017 1255//2017
f 1277//2018 1270//2018 1274//2018
f 1266//2019 1270//2019 1277//2019
f 1245//2020 1225//2020 1237//2020
f 1228//2021 1224//2021 1227//2021
f 1225//2022 1224//2022 1228//2022
f 1237//2023 1225//2023 1228//2023
f 1239//2024 1242//2024 1237//2024
f 1282//2025 1242//2025 1239//2025
f 1283//2026 1242//2026 1282//2026
f 1242//2027 1245//2027 1237//2027
f 1284//2028 1283//2028 1285//2028
f 1286//2029 1287//2029 1288//2029
f 1289//2030 1287//2030 1286//2030
f 1285//2031 1283//2031 1282//2031
f 1287//2032 1284//2032 1288//2032
f 1288//2033 1284//2033 1285//2033
f 1290//2034 1291//2034 1292//2034
f 1293//2035 1290//2035 1292//2035
f 1294//2036 1290//2036 1293//2036
f 1292//2037 1291//2037 1295//2037
f 1295//2038 1296//2038 1297//2038
f 1298//2039 1289//2039 1299//2039
f 1291//2040 1296//2040 1295//2040
f 1297//2041 1298//2041 1299//2041
f 1296//2042 1298//2042 1297//2042
f 1299//2043 1289//2043 1286//2043
f 1290//2044 1294//2044 1300//2044
f 1301//2045 1302//2045 1303//2045
f 1292//2046 1295//2046 1304//2046
f 1305//2047 1294//2047 1293//2047
f 1293//2048 1292//2048 1304//2048
f 1303//2049 1302//2049 1305//2049
f 1291//2050 1290//2050 1300//2050
f 1271//2051 1301//2051 1279//2051
f 1302//2052 1294//2052 1305//2052
f 1279//2053 1301//2053 1303//2053
f 1306//2054 1301//2054 1273//2054
f 1302//2055 1301//2055 1306//2055
f 1301//2056 1271//2056 1273//2056
f 1294//2057 1302//2057 1306//2057
f 1300//2058 1294//2058 1306//2058
f 1303//2059 1307//2059 1281//2059
f 1303//2060 1305//2060 1307//2060
f 1293//2061 1304//2061 1307//2061
f 1279//2062 1303//2062 1281//2062
f 1305//2063 1293//2063 1307//2063
f 1300//2064 1306//2064 1304//2064
f 1304//2065 1306//2065 1307//2065
f 1213//2066 1216//2066 1211//2066
f 1208//2067 1217//2067 1214//2067
f 1259//2068 1257//2068 1256//2068
f 1214//2069 1217//2069 1213//2069
f 1215//2070 1208//2070 1214//2070
f 1256//2071 1257//2071 1215//2071
f 1257//2072 1208//2072 1215//2072
f 1216//2073 1209//2073 1211//2073
f 1217//2074 1216//2074 1213//2074
f 1211//2075 1209//2075 1212//2075
f 1252//2076 1308//2076 1309//2076
f 1210//2077 1308//2077 1252//2077
f 1212//2078 1210//2078 1252//2078
f 1209//2079 1210//2079 1212//2079
f 1310//2080 1311//2080 1312//2080
f 1313//2015 1314//2015 1315//2015
f 1315//2010 1314//2010 1310//2010
f 1308//2081 1316//2081 1309//2081
f 1314//2082 1311//2082 1310//2082
f 1309//2083 1316//2083 1317//2083
f 1316//2084 1313//2084 1317//2084
f 1317//2012 1313//2012 1315//2012
f 1280//2025 1269//2025 1278//2025
f 1272//2085 1269//2085 1280//2085
f 1278//2086 1269//2086 1265//2086
f 1269//2087 1264//2087 1265//2087
f 1318//2088 1272//2088 1319//2088
f 1319//2089 1272//2089 1280//2089
f 1320//2090 1318//2090 1321//2090
f 1321//2091 1318//2091 1319//2091
f 1322//2092 1320//2092 1323//2092
f 1323//2093 1320//2093 1321//2093
f 1324//2094 1322//2094 1325//2094
f 1326//2095 1327//2095 1328//2095
f 1328//2037 1327//2037 1329//2037
f 1329//2096 1330//2096 1331//2096
f 1332//2097 1326//2097 1333//2097
f 1333//2098 1326//2098 1328//2098
f 1327//2099 1330//2099 1329//2099
f 1331//2100 1324//2100 1325//2100
f 1325//2101 1322//2101 1323//2101
f 1330//2102 1324//2102 1331//2102
f 1311//2103 1334//2103 1312//2103
f 1335//2104 1332//2104 1333//2104
f 1312//2105 1334//2105 1335//2105
f 1334//2106 1332//2106 1335//2106
f 1336//2107 1314//2107 1337//2107
f 1338//2108 1316//2108 1339//2108
f 1311//2109 1314//2109 1336//2109
f 1313//2110 1316//2110 1338//2110
f 1314//2111 1313//2111 1337//2111
f 1337//2112 1313//2112 1338//2112
f 1340//2113 1332//2113 1341//2113
f 1334//2114 1311//2114 1342//2114
f 1341//2115 1334//2115 1342//2115
f 1332//2115 1334//2115 1341//2115
f 1342//2116 1311//2116 1336//2116
f 1310//2117 1343//2117 1344//2117
f 1310//2118 1312//2118 1343//2118
f 1315//2119 1344//2119 1345//2119
f 1317//2120 1315//2120 1345//2120
f 1317//2121 1345//2121 1346//2121
f 1315//2122 1310//2122 1344//2122
f 1333//2123 1347//2123 1348//2123
f 1312//2124 1349//2124 1343//2124
f 1335//2125 1348//2125 1349//2125
f 1335//2125 1333//2125 1348//2125
f 1312//2126 1335//2126 1349//2126
f 1319//2127 1281//2127 1321//2127
f 1280//2128 1281//2128 1319//2128
f 1350//2129 1322//2129 1324//2129
f 1273//2130 1318//2130 1320//2130
f 1273//2131 1272//2131 1318//2131
f 1350//2132 1320//2132 1322//2132
f 1273//2133 1320//2133 1350//2133
f 1323//2134 1351//2134 1325//2134
f 1321//2135 1281//2135 1351//2135
f 1321//2136 1351//2136 1323//2136
f 1331//2137 1325//2137 1352//2137
f 1329//2138 1331//2138 1352//2138
f 1330//2139 1327//2139 1353//2139
f 1325//2140 1351//2140 1352//2140
f 1324//2141 1330//2141 1353//2141
f 1327//2142 1326//2142 1353//2142
f 1328//2143 1329//2143 1352//2143
f 1350//2144 1324//2144 1353//2144
f 1281//2145 1350//2145 1351//2145
f 1306//2146 1273//2146 1307//2146
f 1273//2147 1350//2147 1281//2147
f 1307//2148 1273//2148 1281//2148
f 1351//2149 1353//2149 1352//2149
f 1350//2150 1353//2150 1351//2150
f 1333//2151 1328//2151 1354//2151
f 1328//2152 1352//2152 1354//2152
f 1353//2153 1326//2153 1355//2153
f 1352//2154 1355//2154 1354//2154
f 1353//2155 1355//2155 1352//2155
f 1326//2156 1332//2156 1355//2156
f 1355//2157 1356//2157 1354//2157
f 1355//2158 1332//2158 1340//2158
f 1354//2159 1356//2159 1357//2159
f 1347//2160 1354//2160 1358//2160
f 1355//2161 1340//2161 1359//2161
f 1358//2162 1354//2162 1357//2162
f 1333//2163 1354//2163 1347//2163
f 1355//2164 1359//2164 1356//2164
f 1316//2165 1254//2165 1339//2165
f 1308//2166 1210//2166 1254//2166
f 1252//2167 1309//2167 1253//2167
f 1316//2168 1308//2168 1254//2168
f 1309//2169 1317//2169 1253//2169
f 1253//2170 1317//2170 1346//2170
f 1344//2171 1338//2171 1345//2171
f 1343//2172 1337//2172 1344//2172
f 1336//2173 1337//2173 1343//2173
f 1338//2074 1339//2074 1345//2074
f 1345//2174 1339//2174 1346//2174
f 1337//2175 1338//2175 1344//2175
f 1349//2176 1336//2176 1343//2176
f 1342//2177 1336//2177 1349//2177
f 1360//2178 1361//2178 1362//2178
f 1363//2179 1364//2179 1365//2179
f 1361//2180 1364//2180 1363//2180
f 1346//2181 1360//2181 1362//2181
f 1339//2182 1360//2182 1346//2182
f 1362//2183 1361//2183 1363//2183
f 1366//2184 1367//2184 1358//2184
f 1367//1932 1359//1932 1358//1932
f 1341//2185 1342//2185 1348//2185
f 1348//2186 1342//2186 1349//2186
f 1340//2187 1341//2187 1347//2187
f 1347//1936 1341//1936 1348//1936
f 1359//2188 1340//2188 1358//2188
f 1358//2189 1340//2189 1347//2189
f 1361//2190 1254//2190 1364//2190
f 1339//2191 1254//2191 1360//2191
f 1360//2192 1254//2192 1361//2192
f 1364//2193 1254//2193 1368//2193
f 1368//2194 1254//2194 1369//2194
f 1365//2195 1368//2195 1370//2195
f 1253//2196 1365//2196 1370//2196
f 1364//2197 1368//2197 1365//2197
f 1253//2198 1370//2198 1371//2198
f 1253//2199 1363//2199 1365//2199
f 1253//2200 1346//2200 1362//2200
f 1253//2201 1362//2201 1363//2201
f 1372//2202 1373//2202 1374//2202
f 1369//2203 1373//2203 1372//2203
f 1253//2204 1371//2204 1375//2204
f 1369//2205 1254//2205 1373//2205
f 1375//2206 1371//2206 1376//2206
f 1375//2207 1376//2207 1377//2207
f 1371//2208 1372//2208 1376//2208
f 1368//2209 1369//2209 1370//2209
f 1370//2210 1369//2210 1371//2210
f 1369//2211 1372//2211 1371//2211
f 1374//2212 1378//2212 1377//2212
f 1376//2213 1374//2213 1377//2213
f 1372//2214 1374//2214 1376//2214
f 1377//2215 1378//2215 1379//2215
f 1380//2095 1381//2095 1382//2095
f 1382//2037 1381//2037 1383//2037
f 1379//2216 1384//2216 1385//2216
f 1384//2217 1380//2217 1385//2217
f 1385//2218 1380//2218 1382//2218
f 1378//2106 1384//2106 1379//2106
f 1356//2219 1359//2219 1367//2219
f 1386//2220 1387//2220 1388//2220
f 1386//2221 1389//2221 1390//2221
f 1356//2222 1389//2222 1386//2222
f 1356//2223 1367//2223 1389//2223
f 1386//2224 1390//2224 1387//2224
f 1390//2225 1389//2225 1391//2225
f 1391//2226 1389//2226 1392//2226
f 1389//2227 1367//2227 1392//2227
f 1393//2228 1394//2228 1395//2228
f 1358//2229 1357//2229 1366//2229
f 1366//2230 1357//2230 1392//2230
f 1392//2231 1367//2231 1366//2231
f 1392//2232 1357//2232 1391//2232
f 1391//2233 1357//2233 1394//2233
f 1391//2234 1394//2234 1393//2234
f 1396//2235 1397//2235 1398//2235
f 1387//2236 1390//2236 1393//2236
f 1393//2237 1390//2237 1391//2237
f 1398//2238 1397//2238 1399//2238
f 1388//2239 1387//2239 1395//2239
f 1395//2240 1387//2240 1393//2240
f 1397//2241 1388//2241 1399//2241
f 1399//2242 1388//2242 1395//2242
f 1357//2243 1386//2243 1394//2243
f 1356//2244 1386//2244 1357//2244
f 1394//2245 1400//2245 1401//2245
f 1386//2246 1400//2246 1394//2246
f 1386//2247 1388//2247 1400//2247
f 1400//2248 1388//2248 1397//2248
f 1395//2249 1401//2249 1399//2249
f 1395//2250 1394//2250 1401//2250
f 1402//2251 1380//2251 1403//2251
f 1381//2252 1380//2252 1402//2252
f 1380//2253 1384//2253 1403//2253
f 1396//2254 1381//2254 1404//2254
f 1404//2255 1381//2255 1402//2255
f 1397//2256 1396//2256 1405//2256
f 1405//2254 1396//2254 1404//2254
f 1400//2257 1397//2257 1405//2257
f 1385//2258 1382//2258 1406//2258
f 1381//2099 1396//2099 1383//2099
f 1382//2259 1407//2259 1406//2259
f 1382//2260 1383//2260 1407//2260
f 1383//2261 1396//2261 1398//2261
f 1399//2262 1401//2262 1408//2262
f 1383//2263 1409//2263 1407//2263
f 1383//2264 1398//2264 1409//2264
f 1398//2265 1399//2265 1408//2265
f 1398//2264 1408//2264 1409//2264
f 1410//2266 1405//2266 1411//2266
f 1412//2267 1410//2267 1411//2267
f 1410//2268 1400//2268 1405//2268
f 1413//2269 1410//2269 1412//2269
f 1401//2270 1411//2270 1408//2270
f 1405//2271 1404//2271 1408//2271
f 1408//2272 1404//2272 1409//2272
f 1411//2273 1405//2273 1408//2273
f 1414//2274 1373//2274 1375//2274
f 1414//2275 1375//2275 1415//2275
f 1373//2276 1254//2276 1253//2276
f 1373//2277 1253//2277 1375//2277
f 1384//2278 1378//2278 1414//2278
f 1379//2279 1385//2279 1415//2279
f 1378//2280 1374//2280 1414//2280
f 1416//2281 1414//2281 1415//2281
f 1374//2282 1373//2282 1414//2282
f 1375//2283 1377//2283 1415//2283
f 1416//2284 1415//2284 1417//2284
f 1377//2285 1379//2285 1415//2285
f 1384//2286 1414//2286 1403//2286
f 1417//2287 1418//2287 1419//2287
f 1417//2288 1420//2288 1418//2288
f 1403//2289 1414//2289 1421//2289
f 1422//2290 1416//2290 1423//2290
f 1421//2291 1416//2291 1422//2291
f 1415//2292 1385//2292 1406//2292
f 1421//2293 1414//2293 1416//2293
f 1415//2294 1420//2294 1417//2294
f 1415//2295 1406//2295 1420//2295
f 1402//2073 1403//2073 1407//2073
f 1406//2183 1421//2183 1420//2183
f 1403//2079 1421//2079 1406//2079
f 1409//2296 1402//2296 1407//2296
f 1407//2075 1403//2075 1406//2075
f 1404//1929 1402//1929 1409//1929
f 1424//2297 1425//2297 1426//2297
f 1426//2298 1425//2298 1427//2298
f 1423//2299 1424//2299 1419//2299
f 1420//2076 1422//2076 1418//2076
f 1419//2300 1424//2300 1426//2300
f 1422//2301 1423//2301 1418//2301
f 1418//2302 1423//2302 1419//2302
f 1421//2303 1422//2303 1420//2303
f 1417//2304 1419//2304 1428//2304
f 1423//2305 1416//2305 1429//2305
f 1429//2306 1417//2306 1428//2306
f 1429//2307 1416//2307 1417//2307
f 1430//2308 1428//2308 1431//2308
f 1432//2309 1429//2309 1430//2309
f 1423//2310 1429//2310 1424//2310
f 1424//2311 1429//2311 1425//2311
f 1430//2312 1429//2312 1428//2312
f 1425//2313 1429//2313 1432//2313
f 1428//2314 1419//2314 1426//2314
f 1428//2315 1426//2315 1427//2315
f 1428//2316 1427//2316 1433//2316
f 1428//2317 1433//2317 1431//2317
f 1434//2318 1284//2318 1287//2318
f 1435//2319 1289//2319 1436//2319
f 1246//2320 1284//2320 1434//2320
f 1246//2321 1283//2321 1284//2321
f 1243//2322 1242//2322 1283//2322
f 1243//2323 1283//2323 1246//2323
f 1435//2324 1287//2324 1289//2324
f 1434//2325 1287//2325 1435//2325
f 1288//2326 1437//2326 1286//2326
f 1288//2327 1438//2327 1437//2327
f 1286//2328 1437//2328 1439//2328
f 1285//2329 1247//2329 1438//2329
f 1285//2330 1438//2330 1288//2330
f 1282//2331 1240//2331 1247//2331
f 1239//2332 1240//2332 1282//2332
f 1282//2333 1247//2333 1285//2333
f 1435//2019 1436//2019 1437//2019
f 1437//2334 1436//2334 1439//2334
f 1434//2335 1435//2335 1438//2335
f 1247//2336 1434//2336 1438//2336
f 1440//2337 1441//2337 1442//2337
f 1442//2300 1441//2300 1443//2300
f 1436//2338 1440//2338 1439//2338
f 1246//2339 1434//2339 1247//2339
f 1438//2340 1435//2340 1437//2340
f 1439//2341 1440//2341 1442//2341
f 1436//2342 1289//2342 1444//2342
f 1444//2343 1289//2343 1298//2343
f 1295//2344 1297//2344 1445//2344
f 1299//2345 1446//2345 1445//2345
f 1298//2346 1296//2346 1447//2346
f 1444//2347 1298//2347 1447//2347
f 1286//2348 1439//2348 1446//2348
f 1296//2349 1291//2349 1447//2349
f 1286//2350 1446//2350 1299//2350
f 1297//2351 1299//2351 1445//2351
f 1445//2352 1300//2352 1304//2352
f 1447//2353 1291//2353 1300//2353
f 1447//2354 1300//2354 1445//2354
f 1444//2355 1447//2355 1446//2355
f 1295//2356 1445//2356 1304//2356
f 1446//2357 1447//2357 1445//2357
f 1448//2358 1441//2358 1449//2358
f 1448//2359 1449//2359 1450//2359
f 1436//2360 1444//2360 1440//2360
f 1441//2361 1444//2361 1449//2361
f 1440//2362 1444//2362 1441//2362
f 1446//2363 1443//2363 1451//2363
f 1446//2364 1442//2364 1443//2364
f 1446//2365 1439//2365 1442//2365
f 1451//2366 1452//2366 1453//2366
f 1451//2367 1449//2367 1446//2367
f 1443//2368 1452//2368 1451//2368
f 1449//2369 1444//2369 1446//2369
f 1453//2370 1454//2370 1455//2370
f 1448//2371 1450//2371 1452//2371
f 1452//2372 1450//2372 1453//2372
f 1450//2373 1454//2373 1453//2373
f 1441//2374 1448//2374 1443//2374
f 1443//2375 1448//2375 1452//2375
f 1455//2376 1456//2376 1457//2376
f 1454//2377 1456//2377 1455//2377
f 1458//2378 1251//2378 1459//2378
f 1459//2379 1251//2379 1248//2379
f 1460//2380 1458//2380 1461//2380
f 1462//2381 1460//2381 1461//2381
f 1463//2382 1460//2382 1462//2382
f 1461//2383 1458//2383 1459//2383
f 1464//2384 1465//2384 1466//2384
f 1467//2385 1465//2385 1464//2385
f 1468//2386 1463//2386 1469//2386
f 1457//2387 1467//2387 1464//2387
f 1469//2388 1463//2388 1462//2388
f 1465//2389 1468//2389 1466//2389
f 1456//2390 1467//2390 1457//2390
f 1466//2391 1468//2391 1469//2391
f 1470//2392 1458//2392 1460//2392
f 1471//2393 1458//2393 1470//2393
f 1472//2394 1460//2394 1463//2394
f 1471//2395 1251//2395 1458//2395
f 1470//2396 1460//2396 1472//2396
f 1473//2397 1251//2397 1471//2397
f 1474//2398 1465//2398 1475//2398
f 1468//2399 1465//2399 1474//2399
f 1472//2400 1463//2400 1476//2400
f 1476//2401 1468//2401 1474//2401
f 1463//2402 1468//2402 1476//2402
f 1461//2403 1477//2403 1462//2403
f 1461//2404 1478//2404 1477//2404
f 1459//2405 1478//2405 1461//2405
f 1459//2406 1479//2406 1478//2406
f 1248//2407 1479//2407 1459//2407
f 1248//2408 1480//2408 1479//2408
f 1462//2409 1477//2409 1481//2409
f 1469//2410 1462//2410 1481//2410
f 1466//2411 1469//2411 1482//2411
f 1469//2412 1481//2412 1482//2412
f 1466//2413 1482//2413 1483//2413
f 1484//2414 1467//2414 1485//2414
f 1450//2415 1449//2415 1485//2415
f 1454//2416 1450//2416 1485//2416
f 1456//2417 1454//2417 1485//2417
f 1465//2418 1467//2418 1484//2418
f 1467//2419 1456//2419 1485//2419
f 1484//2420 1485//2420 1486//2420
f 1486//2421 1485//2421 1487//2421
f 1453//2422 1455//2422 1487//2422
f 1464//2423 1466//2423 1486//2423
f 1487//2424 1449//2424 1451//2424
f 1464//2425 1486//2425 1487//2425
f 1485//2426 1449//2426 1487//2426
f 1451//2427 1453//2427 1487//2427
f 1455//2428 1457//2428 1487//2428
f 1457//2429 1464//2429 1487//2429
f 1466//2430 1483//2430 1486//2430
f 1475//2431 1465//2431 1484//2431
f 1488//2432 1489//2432 1490//2432
f 1488//2433 1484//2433 1489//2433
f 1490//2434 1489//2434 1491//2434
f 1491//2435 1489//2435 1492//2435
f 1475//2436 1484//2436 1488//2436
f 1493//2437 1494//2437 1495//2437
f 1493//2438 1495//2438 1496//2438
f 1486//2439 1483//2439 1497//2439
f 1486//2440 1497//2440 1493//2440
f 1493//2441 1497//2441 1494//2441
f 1489//2442 1484//2442 1493//2442
f 1493//2443 1484//2443 1486//2443
f 1492//2444 1489//2444 1498//2444
f 1493//2445 1496//2445 1499//2445
f 1498//2446 1489//2446 1499//2446
f 1499//2447 1489//2447 1493//2447
f 1500//2448 1498//2448 1501//2448
f 1501//2237 1498//2237 1499//2237
f 1502//2449 1500//2449 1503//2449
f 1503//2450 1500//2450 1501//2450
f 1504//2451 1502//2451 1505//2451
f 1505//2452 1502//2452 1503//2452
f 1506//2235 1504//2235 1507//2235
f 1507//2453 1504//2453 1505//2453
f 1236//2454 1249//2454 1251//2454
f 1236//2455 1251//2455 1473//2455
f 1234//2456 1235//2456 1250//2456
f 1236//2457 1222//2457 1249//2457
f 1250//2458 1235//2458 1248//2458
f 1248//2459 1235//2459 1480//2459
f 1475//2460 1488//2460 1483//2460
f 1483//2461 1488//2461 1497//2461
f 1481//2462 1474//2462 1482//2462
f 1477//2070 1476//2070 1481//2070
f 1472//2463 1476//2463 1477//2463
f 1476//2271 1474//2271 1481//2271
f 1474//2464 1475//2464 1482//2464
f 1482//2465 1475//2465 1483//2465
f 1479//2466 1470//2466 1478//2466
f 1471//2467 1470//2467 1479//2467
f 1478//2468 1472//2468 1477//2468
f 1470//2469 1472//2469 1478//2469
f 1488//2470 1490//2470 1497//2470
f 1497//2016 1490//2016 1494//2016
f 1494//2018 1491//2018 1495//2018
f 1490//2019 1491//2019 1494//2019
f 1495//2471 1492//2471 1496//2471
f 1491//2472 1492//2472 1495//2472
f 1508//2473 1509//2473 1510//2473
f 1511//2214 1509//2214 1508//2214
f 1496//2300 1512//2300 1513//2300
f 1510//2474 1514//2474 1515//2474
f 1492//2299 1512//2299 1496//2299
f 1513//2475 1511//2475 1508//2475
f 1512//2297 1511//2297 1513//2297
f 1509//2476 1514//2476 1510//2476
f 1516//2477 1517//2477 1518//2477
f 1519//2478 1517//2478 1516//2478
f 1520//1934 1517//1934 1519//1934
f 1517//2479 1521//2479 1518//2479
f 1473//2187 1471//2187 1480//2187
f 1480//1936 1471//1936 1479//1936
f 1518//2189 1473//2189 1480//2189
f 1521//2188 1473//2188 1518//2188
f 1522//2239 1523//2239 1524//2239
f 1525//2480 1520//2480 1526//2480
f 1524//2240 1523//2240 1527//2240
f 1526//2481 1520//2481 1519//2481
f 1527//2482 1525//2482 1526//2482
f 1523//2236 1525//2236 1527//2236
f 1514//2483 1528//2483 1515//2483
f 1529//2098 1530//2098 1531//2098
f 1515//2104 1528//2104 1529//2104
f 1528//2097 1530//2097 1529//2097
f 1530//2484 1532//2484 1531//2484
f 1532//2040 1533//2040 1534//2040
f 1535//2238 1536//2238 1537//2238
f 1533//2102 1536//2102 1535//2102
f 1534//2485 1533//2485 1535//2485
f 1537//2242 1522//2242 1524//2242
f 1536//2241 1522//2241 1537//2241
f 1531//2486 1532//2486 1534//2486
f 1236//2487 1525//2487 1523//2487
f 1236//2488 1517//2488 1520//2488
f 1236//2489 1521//2489 1517//2489
f 1236//2490 1520//2490 1525//2490
f 1236//2491 1523//2491 1538//2491
f 1236//2492 1473//2492 1521//2492
f 1526//2493 1235//2493 1527//2493
f 1527//2494 1235//2494 1539//2494
f 1519//2495 1235//2495 1526//2495
f 1516//2496 1235//2496 1519//2496
f 1518//2497 1235//2497 1516//2497
f 1480//2498 1235//2498 1518//2498
f 1535//2499 1537//2499 1540//2499
f 1533//2500 1532//2500 1541//2500
f 1538//2501 1523//2501 1522//2501
f 1527//2502 1539//2502 1524//2502
f 1536//2503 1533//2503 1541//2503
f 1534//2504 1535//2504 1540//2504
f 1538//2505 1522//2505 1536//2505
f 1538//2506 1536//2506 1541//2506
f 1524//2507 1539//2507 1537//2507
f 1537//2508 1539//2508 1540//2508
f 1540//2509 1538//2509 1541//2509
f 1540//2510 1539//2510 1538//2510
f 1539//2511 1235//2511 1236//2511
f 1539//2512 1236//2512 1538//2512
f 1511//2513 1500//2513 1509//2513
f 1509//2514 1500//2514 1542//2514
f 1501//2515 1510//2515 1543//2515
f 1501//2516 1508//2516 1510//2516
f 1499//2517 1508//2517 1501//2517
f 1499//2518 1496//2518 1513//2518
f 1499//2519 1513//2519 1508//2519
f 1492//2520 1498//2520 1512//2520
f 1511//2521 1498//2521 1500//2521
f 1512//2522 1498//2522 1511//2522
f 1544//2523 1514//2523 1542//2523
f 1514//2524 1509//2524 1542//2524
f 1528//2525 1514//2525 1544//2525
f 1545//2526 1528//2526 1544//2526
f 1530//2527 1528//2527 1545//2527
f 1532//2528 1530//2528 1546//2528
f 1546//2529 1530//2529 1545//2529
f 1529//2530 1531//2530 1547//2530
f 1529//2531 1547//2531 1548//2531
f 1515//2532 1529//2532 1548//2532
f 1515//2533 1548//2533 1543//2533
f 1510//2534 1515//2534 1543//2534
f 1531//2535 1534//2535 1549//2535
f 1531//2536 1549//2536 1547//2536
f 1550//2537 1502//2537 1551//2537
f 1551//2538 1502//2538 1504//2538
f 1552//2539 1502//2539 1553//2539
f 1542//2540 1500//2540 1552//2540
f 1552//2541 1500//2541 1502//2541
f 1553//2542 1502//2542 1550//2542
f 1503//2543 1554//2543 1555//2543
f 1503//2544 1556//2544 1505//2544
f 1503//2545 1555//2545 1557//2545
f 1503//2546 1557//2546 1556//2546
f 1501//2547 1554//2547 1503//2547
f 1501//2548 1543//2548 1554//2548
f 1504//2549 1506//2549 1558//2549
f 1559//2550 1504//2550 1558//2550
f 1551//2551 1504//2551 1559//2551
f 1505//2552 1556//2552 1560//2552
f 1505//2553 1560//2553 1561//2553
f 1507//2554 1505//2554 1561//2554
f 1553//2271 1550//2271 1555//2271
f 1557//1926 1551//1926 1556//1926
f 1555//2462 1550//2462 1557//2462
f 1559//2178 1558//2178 1560//2178
f 1560//2078 1558//2078 1561//2078
f 1550//2004 1551//2004 1557//2004
f 1556//2181 1559//2181 1560//2181
f 1551//2555 1559//2555 1556//2555
f 1543//2556 1552//2556 1554//2556
f 1544//2557 1542//2557 1548//2557
f 1542//2177 1552//2177 1543//2177
f 1548//2186 1542//2186 1543//2186
f 1554//2070 1553//2070 1555//2070
f 1545//1972 1544//1972 1547//1972
f 1552//2558 1553//2558 1554//2558
f 1547//2559 1544//2559 1548//2559
f 1562//2560 1563//2560 1564//2560
f 1546//2561 1545//2561 1549//2561
f 1549//1975 1545//1975 1547//1975
f 1565//2562 1546//2562 1549//2562
f 1564//2089 1566//2089 1567//2089
f 1566//2085 1565//2085 1567//2085
f 1567//2025 1565//2025 1568//2025
f 1569//2090 1563//2090 1562//2090
f 1563//2225 1566//2225 1564//2225
f 1568//2086 1565//2086 1549//2086
f 1541//2563 1565//2563 1570//2563
f 1541//2564 1532//2564 1546//2564
f 1541//2565 1546//2565 1565//2565
f 1568//2566 1540//2566 1571//2566
f 1549//2567 1540//2567 1568//2567
f 1534//2568 1540//2568 1549//2568
f 1567//2569 1571//2569 1564//2569
f 1572//2570 1563//2570 1569//2570
f 1572//2571 1569//2571 1573//2571
f 1570//2572 1566//2572 1563//2572
f 1570//2573 1565//2573 1566//2573
f 1568//2574 1571//2574 1567//2574
f 1562//2575 1574//2575 1575//2575
f 1564//2576 1574//2576 1562//2576
f 1575//2093 1569//2093 1562//2093
f 1573//2577 1569//2577 1575//2577
f 1571//2578 1540//2578 1541//2578
f 1571//2579 1541//2579 1570//2579
f 1564//2580 1571//2580 1574//2580
f 1570//2581 1563//2581 1572//2581
f 1574//2582 1570//2582 1572//2582
f 1574//2583 1571//2583 1570//2583
f 1576//2584 1577//2584 1578//2584
f 1579//2585 1577//2585 1576//2585
f 1401//2586 1579//2586 1576//2586
f 1400//2587 1579//2587 1401//2587
f 1579//2588 1400//2588 1410//2588
f 1577//2589 1580//2589 1581//2589
f 1582//2590 1579//2590 1413//2590
f 1413//2591 1579//2591 1410//2591
f 1577//2592 1579//2592 1580//2592
f 1580//2593 1579//2593 1582//2593
f 1401//2594 1576//2594 1411//2594
f 1583//2595 1578//2595 1584//2595
f 1576//2596 1578//2596 1583//2596
f 1576//2597 1412//2597 1411//2597
f 1576//2598 1585//2598 1412//2598
f 1576//2599 1583//2599 1585//2599
f 1578//2600 1586//2600 1587//2600
f 1587//2601 1588//2601 1589//2601
f 1577//2212 1586//2212 1578//2212
f 1586//2602 1588//2602 1587//2602
f 1577//2603 1581//2603 1590//2603
f 1584//2604 1578//2604 1591//2604
f 1584//2605 1580//2605 1583//2605
f 1582//2606 1413//2606 1585//2606
f 1581//2607 1580//2607 1584//2607
f 1583//2608 1582//2608 1585//2608
f 1580//1972 1582//1972 1583//1972
f 1585//2609 1413//2609 1412//2609
f 1592//2089 1593//2089 1594//2089
f 1590//2479 1581//2479 1584//2479
f 1595//2090 1596//2090 1597//2090
f 1593//2085 1590//2085 1594//2085
f 1596//2088 1593//2088 1592//2088
f 1591//2086 1590//2086 1584//2086
f 1594//2025 1590//2025 1591//2025
f 1597//2091 1596//2091 1592//2091
f 1594//2610 1587//2610 1592//2610
f 1591//2611 1587//2611 1594//2611
f 1586//2612 1593//2612 1596//2612
f 1586//2613 1596//2613 1598//2613
f 1586//2614 1577//2614 1590//2614
f 1592//2615 1587//2615 1599//2615
f 1586//2616 1590//2616 1593//2616
f 1578//2617 1587//2617 1591//2617
f 1598//2618 1596//2618 1595//2618
f 1600//2619 1595//2619 1601//2619
f 1598//2620 1595//2620 1600//2620
f 1602//2621 1603//2621 1604//2621
f 1597//2622 1603//2622 1602//2622
f 1600//2623 1601//2623 1605//2623
f 1592//2624 1599//2624 1597//2624
f 1597//2625 1599//2625 1603//2625
f 1606//2626 1588//2626 1607//2626
f 1588//2627 1606//2627 1589//2627
f 1608//2628 1609//2628 1610//2628
f 1589//2629 1606//2629 1608//2629
f 1589//2630 1608//2630 1610//2630
f 1611//2631 1606//2631 1607//2631
f 1608//2632 1612//2632 1613//2632
f 1606//2633 1612//2633 1608//2633
f 1612//2634 1506//2634 1613//2634
f 1613//2635 1506//2635 1507//2635
f 1614//2636 1506//2636 1615//2636
f 1612//2637 1606//2637 1616//2637
f 1616//2638 1606//2638 1611//2638
f 1506//2639 1612//2639 1615//2639
f 1617//2640 1612//2640 1616//2640
f 1615//2641 1612//2641 1617//2641
f 1613//2642 1507//2642 1618//2642
f 1613//2643 1618//2643 1619//2643
f 1608//2644 1620//2644 1609//2644
f 1608//2645 1613//2645 1620//2645
f 1613//2646 1619//2646 1620//2646
f 1507//2647 1621//2647 1618//2647
f 1589//2648 1622//2648 1623//2648
f 1589//2649 1610//2649 1622//2649
f 1587//2650 1589//2650 1623//2650
f 1624//2651 1588//2651 1625//2651
f 1607//2652 1588//2652 1624//2652
f 1587//2653 1623//2653 1599//2653
f 1625//2654 1586//2654 1598//2654
f 1588//2655 1586//2655 1625//2655
f 1624//2074 1625//2074 1622//2074
f 1622//2066 1625//2066 1623//2066
f 1605//2656 1626//2656 1604//2656
f 1604//2657 1626//2657 1627//2657
f 1600//2658 1605//2658 1603//2658
f 1603//2659 1605//2659 1604//2659
f 1623//2660 1598//2660 1599//2660
f 1598//2661 1600//2661 1599//2661
f 1599//2662 1600//2662 1603//2662
f 1625//2663 1598//2663 1623//2663
f 1619//2664 1616//2664 1620//2664
f 1611//2266 1607//2266 1609//2266
f 1617//2665 1616//2665 1619//2665
f 1620//2666 1611//2666 1609//2666
f 1607//2271 1624//2271 1610//2271
f 1610//2272 1624//2272 1622//2272
f 1609//2273 1607//2273 1610//2273
f 1616//2667 1611//2667 1620//2667
f 1615//1972 1617//1972 1618//1972
f 1628//2562 1614//2562 1621//2562
f 1621//1975 1615//1975 1618//1975
f 1614//2561 1615//2561 1621//2561
f 1618//1973 1617//1973 1619//1973
f 1629//2086 1628//2086 1621//2086
f 1427//2668 1432//2668 1433//2668
f 1425//2051 1432//2051 1427//2051
f 1433//2049 1630//2049 1631//2049
f 1631//2669 1632//2669 1633//2669
f 1630//2670 1632//2670 1631//2670
f 1432//2212 1630//2212 1433//2212
f 1601//2671 1595//2671 1602//2671
f 1634//2238 1635//2238 1636//2238
f 1637//2235 1635//2235 1634//2235
f 1636//2672 1601//2672 1602//2672
f 1602//2673 1595//2673 1597//2673
f 1635//2674 1601//2674 1636//2674
f 1633//2675 1638//2675 1639//2675
f 1632//2676 1638//2676 1633//2676
f 1640//2261 1637//2261 1634//2261
f 1639//2384 1641//2384 1640//2384
f 1638//2677 1641//2677 1639//2677
f 1641//2678 1637//2678 1640//2678
f 1605//2679 1635//2679 1626//2679
f 1635//2680 1637//2680 1626//2680
f 1626//2681 1637//2681 1642//2681
f 1636//2682 1604//2682 1627//2682
f 1602//2683 1604//2683 1636//2683
f 1642//2684 1637//2684 1643//2684
f 1605//2685 1601//2685 1635//2685
f 1634//2686 1644//2686 1645//2686
f 1634//2687 1627//2687 1644//2687
f 1634//2688 1636//2688 1627//2688
f 1632//2689 1630//2689 1430//2689
f 1631//2690 1633//2690 1431//2690
f 1433//2691 1631//2691 1431//2691
f 1633//2692 1639//2692 1646//2692
f 1638//2693 1632//2693 1647//2693
f 1647//2694 1632//2694 1430//2694
f 1647//2695 1430//2695 1431//2695
f 1647//2696 1431//2696 1646//2696
f 1630//2697 1432//2697 1430//2697
f 1633//2698 1646//2698 1431//2698
f 1643//2699 1637//2699 1647//2699
f 1641//2700 1638//2700 1647//2700
f 1639//2701 1640//2701 1646//2701
f 1640//2702 1634//2702 1646//2702
f 1637//2703 1641//2703 1647//2703
f 1634//2704 1645//2704 1646//2704
f 1644//2705 1648//2705 1649//2705
f 1626//2084 1642//2084 1627//2084
f 1642//2706 1648//2706 1644//2706
f 1627//2707 1642//2707 1644//2707
f 1650//2708 1651//2708 1652//2708
f 1652//2709 1651//2709 1653//2709
f 1648//2710 1650//2710 1649//2710
f 1649//2711 1650//2711 1652//2711
f 1654//2097 1655//2097 1656//2097
f 1656//2712 1655//2712 1657//2712
f 1651//2713 1654//2713 1653//2713
f 1653//2104 1654//2104 1656//2104
f 1657//2714 1658//2714 1659//2714
f 1655//2715 1658//2715 1657//2715
f 1653//2716 1656//2716 1660//2716
f 1648//2717 1642//2717 1643//2717
f 1654//2718 1651//2718 1661//2718
f 1650//2719 1648//2719 1661//2719
f 1644//2720 1649//2720 1645//2720
f 1652//2721 1653//2721 1660//2721
f 1651//2722 1650//2722 1661//2722
f 1649//2723 1652//2723 1660//2723
f 1645//2724 1649//2724 1660//2724
f 1643//2725 1645//2725 1660//2725
f 1661//2725 1643//2725 1660//2725
f 1643//2726 1647//2726 1646//2726
f 1643//2727 1646//2727 1645//2727
f 1648//2728 1643//2728 1661//2728
f 1558//2729 1506//2729 1662//2729
f 1507//2730 1561//2730 1663//2730
f 1662//2731 1664//2731 1663//2731
f 1663//2732 1664//2732 1665//2732
f 1558//2077 1662//2077 1561//2077
f 1561//2659 1662//2659 1663//2659
f 1662//2733 1506//2733 1664//2733
f 1507//2734 1663//2734 1665//2734
f 1621//2735 1665//2735 1666//2735
f 1664//2736 1506//2736 1614//2736
f 1507//2737 1665//2737 1621//2737
f 1664//2738 1614//2738 1667//2738
f 1665//2012 1667//2012 1666//2012
f 1667//2739 1668//2739 1666//2739
f 1669//2740 1670//2740 1671//2740
f 1668//2214 1670//2214 1669//2214
f 1671//2741 1672//2741 1673//2741
f 1670//2045 1672//2045 1671//2045
f 1664//2011 1667//2011 1665//2011
f 1666//2475 1668//2475 1669//2475
f 1674//2677 1675//2677 1676//2677
f 1673//2742 1677//2742 1678//2742
f 1677//2743 1674//2743 1678//2743
f 1676//2744 1675//2744 1679//2744
f 1678//2745 1674//2745 1676//2745
f 1672//2746 1677//2746 1673//2746
f 1621//2747 1666//2747 1629//2747
f 1629//2748 1669//2748 1680//2748
f 1629//2747 1666//2747 1669//2747
f 1667//2749 1614//2749 1628//2749
f 1668//2750 1628//2750 1681//2750
f 1667//2749 1628//2749 1668//2749
f 1681//2085 1628//2085 1680//2085
f 1680//2025 1628//2025 1629//2025
f 1682//2751 1681//2751 1683//2751
f 1683//2752 1681//2752 1680//2752
f 1684//2448 1682//2448 1685//2448
f 1685//2482 1682//2482 1683//2482
f 1672//2753 1682//2753 1684//2753
f 1670//2754 1682//2754 1672//2754
f 1685//2755 1673//2755 1686//2755
f 1680//2756 1669//2756 1671//2756
f 1680//2757 1671//2757 1683//2757
f 1668//2758 1681//2758 1670//2758
f 1670//2759 1681//2759 1682//2759
f 1672//2760 1684//2760 1687//2760
f 1683//2761 1671//2761 1673//2761
f 1683//2762 1673//2762 1685//2762
f 1675//2763 1688//2763 1679//2763
f 1689//2764 1688//2764 1690//2764
f 1691//2765 1692//2765 1693//2765
f 1679//2766 1688//2766 1691//2766
f 1679//2767 1691//2767 1693//2767
f 1688//2768 1675//2768 1690//2768
f 1691//2769 1689//2769 1692//2769
f 1688//2102 1689//2102 1691//2102
f 1692//2770 1573//2770 1575//2770
f 1689//2771 1573//2771 1692//2771
f 1674//2772 1677//2772 1694//2772
f 1675//2773 1674//2773 1694//2773
f 1673//2774 1678//2774 1695//2774
f 1673//2775 1695//2775 1686//2775
f 1678//2776 1676//2776 1695//2776
f 1676//2777 1679//2777 1695//2777
f 1679//2778 1693//2778 1695//2778
f 1694//2779 1672//2779 1687//2779
f 1690//2780 1675//2780 1694//2780
f 1677//2781 1672//2781 1694//2781
f 1572//2782 1573//2782 1689//2782
f 1572//2783 1689//2783 1690//2783
f 1693//2784 1572//2784 1690//2784
f 1693//2785 1574//2785 1572//2785
f 1695//2786 1690//2786 1694//2786
f 1695//2787 1693//2787 1690//2787
f 1575//2788 1574//2788 1692//2788
f 1692//2789 1574//2789 1693//2789
f 1696//2790 1697//2790 1698//2790
f 1699//2791 1684//2791 1700//2791
f 1700//2792 1684//2792 1685//2792
f 1697//2793 1699//2793 1698//2793
f 1658//2099 1701//2099 1659//2099
f 1659//2261 1701//2261 1696//2261
f 1698//2794 1699//2794 1700//2794
f 1701//2235 1697//2235 1696//2235
f 1687//2795 1684//2795 1699//2795
f 1697//2796 1701//2796 1702//2796
f 1687//2797 1699//2797 1702//2797
f 1659//2798 1696//2798 1703//2798
f 1702//2799 1699//2799 1697//2799
f 1701//2800 1658//2800 1702//2800
f 1685//2801 1686//2801 1700//2801
f 1696//2802 1698//2802 1703//2802
f 1700//2803 1703//2803 1698//2803
f 1700//2804 1686//2804 1703//2804
f 1658//2805 1655//2805 1704//2805
f 1656//2806 1657//2806 1705//2806
f 1656//2807 1705//2807 1660//2807
f 1705//2808 1703//2808 1702//2808
f 1705//2809 1702//2809 1704//2809
f 1657//2810 1659//2810 1705//2810
f 1702//2811 1658//2811 1704//2811
f 1655//2812 1654//2812 1704//2812
f 1659//2813 1703//2813 1705//2813
f 1704//2814 1654//2814 1661//2814
f 1704//2815 1661//2815 1660//2815
f 1704//2816 1660//2816 1705//2816
f 1703//2817 1686//2817 1687//2817
f 1686//2818 1694//2818 1687//2818
f 1686//2819 1695//2819 1694//2819
f 1703//2820 1687//2820 1702//2820
f 541//2821 823//2821 824//2821
f 553//2822 1170//2822 1016//2822
f 831//2823 1177//2823 829//2823
f 829//2824 1177//2824 1174//2824
f 829//2825 1174//2825 826//2825
f 826//2826 1176//2826 1170//2826
f 826//2827 1174//2827 1176//2827
f 553//2828 825//2828 1170//2828
f 826//2829 1170//2829 825//2829
f 1172//2830 827//2830 823//2830
f 1175//2831 828//2831 830//2831
f 1178//2832 828//2832 1175//2832
f 1175//2833 830//2833 827//2833
f 1175//2834 827//2834 1173//2834
f 1173//2835 827//2835 1172//2835
f 833//2836 1177//2836 831//2836
f 833//2837 1180//2837 1177//2837
f 1178//2838 839//2838 828//2838
f 1179//2839 839//2839 1178//2839
f 840//2840 839//2840 1183//2840
f 841//2841 840//2841 1181//2841
f 1181//2842 840//2842 1183//2842
f 1706//2843 841//2843 1182//2843
f 1182//2844 841//2844 1181//2844
f 1183//2840 839//2840 1179//2840
f 1185//2845 1706//2845 1182//2845
f 1707//2846 1706//2846 1185//2846
f 1708//2847 1709//2847 1191//2847
f 1191//2848 1709//2848 1190//2848
f 1190//2849 1710//2849 1189//2849
f 1709//2850 1710//2850 1190//2850
f 1189//2851 1707//2851 1185//2851
f 1710//2852 1707//2852 1189//2852
f 833//2853 835//2853 1180//2853
f 835//2854 836//2854 1194//2854
f 835//2855 1194//2855 1193//2855
f 835//2853 1193//2853 1180//2853
f 836//2856 832//2856 1194//2856
f 832//2856 1192//2856 1194//2856
f 832//2857 842//2857 1187//2857
f 837//2858 838//2858 1186//2858
f 837//2859 1186//2859 1188//2859
f 838//2860 834//2860 1184//2860
f 842//2861 1188//2861 1187//2861
f 832//2857 1187//2857 1192//2857
f 842//2861 837//2861 1188//2861
f 838//2862 1184//2862 1186//2862
f 1184//2863 834//2863 1711//2863
f 1708//2864 1191//2864 1712//2864
f 1184//2865 1713//2865 1714//2865
f 1184//2866 1715//2866 1713//2866
f 1184//2867 1711//2867 1715//2867
f 1712//2868 1191//2868 1716//2868
f 1716//2869 1191//2869 1717//2869
f 1717//2870 1191//2870 1718//2870
f 1184//2871 1719//2871 1720//2871
f 1184//2872 1721//2872 1719//2872
f 1722//2873 1191//2873 1723//2873
f 1724//2874 1191//2874 1722//2874
f 1725//2875 1191//2875 1724//2875
f 1726//2876 1191//2876 1725//2876
f 1718//2877 1191//2877 1726//2877
f 1184//2878 1720//2878 1727//2878
f 1184//2879 1727//2879 1728//2879
f 1184//2880 1714//2880 1721//2880
f 834//2881 1709//2881 1708//2881
f 834//2882 1707//2882 1710//2882
f 834//2883 1706//2883 1707//2883
f 833//2884 841//2884 1706//2884
f 834//2885 833//2885 1706//2885
f 834//2886 1710//2886 1709//2886
f 834//2887 1729//2887 1730//2887
f 834//2888 1730//2888 1731//2888
f 834//2889 1731//2889 1732//2889
f 834//2890 1732//2890 1733//2890
f 834//2891 1734//2891 1735//2891
f 834//2892 1735//2892 1736//2892
f 834//2893 1736//2893 1711//2893
f 1737//2894 1708//2894 1738//2894
f 1739//2895 1708//2895 1737//2895
f 1738//2896 1708//2896 1712//2896
f 1740//2897 1708//2897 1739//2897
f 834//2898 1733//2898 1734//2898
f 1741//2899 1708//2899 1742//2899
f 1742//2900 1708//2900 1743//2900
f 1743//2901 1708//2901 1744//2901
f 1744//2902 1708//2902 1740//2902
f 1745//2903 1708//2903 1746//2903
f 834//2904 1747//2904 1729//2904
f 1746//2905 1708//2905 1741//2905
f 1708//2906 1745//2906 1747//2906
f 834//2907 1708//2907 1747//2907
f 1748//2908 1749//2908 1750//2908
f 1740//2909 1749//2909 1748//2909
f 1740//2910 1739//2910 1749//2910
f 1751//2911 1752//2911 1753//2911
f 1754//2912 1752//2912 1751//2912
f 1734//2913 1755//2913 1754//2913
f 1754//2914 1755//2914 1752//2914
f 1748//2915 1750//2915 1756//2915
f 1734//2916 1733//2916 1755//2916
f 1755//2005 1740//2005 1752//2005
f 1756//1926 1757//1926 1758//1926
f 1753//1929 1756//1929 1758//1929
f 1740//2917 1748//2917 1752//2917
f 1748//2918 1756//2918 1753//2918
f 1752//2919 1748//2919 1753//2919
f 1744//2920 1740//2920 1755//2920
f 1743//1925 1744//1925 1732//1925
f 1733//2921 1744//2921 1755//2921
f 1732//2922 1744//2922 1733//2922
f 1742//2187 1743//2187 1731//2187
f 1731//1936 1743//1936 1732//1936
f 1741//2923 1742//2923 1731//2923
f 1746//2184 1741//2184 1729//2184
f 1730//1930 1741//1930 1731//1930
f 1729//1932 1741//1932 1730//1932
f 1759//2026 1746//2026 1760//2026
f 1760//2478 1746//2478 1729//2478
f 1761//2031 1759//2031 1760//2031
f 1762//2028 1761//2028 1760//2028
f 1763//2924 1191//2924 1764//2924
f 1723//2925 1191//2925 1763//2925
f 1184//2926 1728//2926 1765//2926
f 1764//2927 1191//2927 1765//2927
f 1191//2928 1184//2928 1765//2928
f 1766//2929 1726//2929 1767//2929
f 1718//2930 1726//2930 1766//2930
f 1768//2931 1769//2931 1770//2931
f 1768//2932 1714//2932 1769//2932
f 1721//2933 1714//2933 1768//2933
f 1771//2934 1767//2934 1772//2934
f 1772//1971 1767//1971 1770//1971
f 1773//2935 1771//2935 1774//2935
f 1774//2608 1771//2608 1772//2608
f 1775//2936 1776//2936 1774//2936
f 1776//2937 1773//2937 1774//2937
f 1777//2938 1776//2938 1778//2938
f 1778//2939 1776//2939 1779//2939
f 1766//2940 1767//2940 1780//2940
f 1777//2941 1773//2941 1776//2941
f 1780//2942 1767//2942 1771//2942
f 1781//2943 1773//2943 1777//2943
f 1781//2944 1771//2944 1773//2944
f 1780//2945 1771//2945 1781//2945
f 1782//2946 1779//2946 1783//2946
f 1778//2947 1779//2947 1782//2947
f 1782//2948 1783//2948 1784//2948
f 1772//2949 1785//2949 1774//2949
f 1774//2950 1785//2950 1786//2950
f 1774//2951 1786//2951 1775//2951
f 1772//2952 1787//2952 1785//2952
f 1770//2953 1787//2953 1772//2953
f 1770//2954 1769//2954 1787//2954
f 1775//2955 1786//2955 1788//2955
f 1775//2956 1788//2956 1789//2956
f 1789//2957 1790//2957 1791//2957
f 1791//2958 1790//2958 1792//2958
f 1789//2959 1788//2959 1790//2959
f 1718//2960 1766//2960 1769//2960
f 1716//1998 1717//1998 1713//1998
f 1717//2961 1718//2961 1714//2961
f 1714//2962 1718//2962 1769//2962
f 1711//1920 1712//1920 1715//1920
f 1712//2963 1716//2963 1715//2963
f 1713//2004 1717//2004 1714//2004
f 1715//1999 1716//1999 1713//1999
f 1737//2964 1738//2964 1735//2964
f 1736//2965 1712//2965 1711//2965
f 1735//2009 1738//2009 1736//2009
f 1738//2007 1712//2007 1736//2007
f 1786//2966 1777//2966 1788//2966
f 1778//2208 1782//2208 1790//2208
f 1780//2018 1781//2018 1785//2018
f 1785//2013 1781//2013 1786//2013
f 1769//2967 1766//2967 1787//2967
f 1777//2968 1778//2968 1788//2968
f 1766//2969 1780//2969 1787//2969
f 1787//2019 1780//2019 1785//2019
f 1788//2211 1778//2211 1790//2211
f 1781//2970 1777//2970 1786//2970
f 1751//1932 1749//1932 1754//1932
f 1754//2971 1749//2971 1734//2971
f 1793//1934 1750//1934 1794//1934
f 1750//2972 1749//2972 1751//2972
f 1794//2973 1750//2973 1751//2973
f 1749//2023 1739//2023 1734//2023
f 1739//2022 1737//2022 1734//2022
f 1734//2974 1737//2974 1735//2974
f 1795//2379 1796//2379 1797//2379
f 1796//2975 1793//2975 1794//2975
f 1798//2976 1799//2976 1800//2976
f 1797//1937 1796//1937 1794//1937
f 1799//2977 1795//2977 1800//2977
f 1800//2978 1795//2978 1797//2978
f 1801//2034 1802//2034 1803//2034
f 1803//2040 1804//2040 1805//2040
f 1806//2035 1802//2035 1801//2035
f 1807//2979 1799//2979 1798//2979
f 1802//2037 1804//2037 1803//2037
f 1808//2036 1806//2036 1801//2036
f 1805//2042 1809//2042 1810//2042
f 1809//2041 1807//2041 1810//2041
f 1810//2039 1807//2039 1798//2039
f 1804//2038 1809//2038 1805//2038
f 1808//2980 1801//2980 1811//2980
f 1812//2981 1806//2981 1808//2981
f 1804//2982 1802//2982 1813//2982
f 1801//2983 1803//2983 1811//2983
f 1802//2984 1806//2984 1813//2984
f 1814//2600 1812//2600 1815//2600
f 1790//2985 1814//2985 1816//2985
f 1815//2986 1812//2986 1808//2986
f 1782//2051 1814//2051 1790//2051
f 1816//2212 1814//2212 1815//2212
f 1814//2987 1782//2987 1784//2987
f 1817//2988 1814//2988 1784//2988
f 1812//2989 1814//2989 1817//2989
f 1813//2990 1806//2990 1817//2990
f 1806//2991 1812//2991 1817//2991
f 1815//2992 1808//2992 1818//2992
f 1813//2993 1817//2993 1818//2993
f 1811//2064 1813//2064 1818//2064
f 1790//2994 1816//2994 1792//2994
f 1816//2995 1818//2995 1792//2995
f 1808//2996 1811//2996 1818//2996
f 1816//2997 1815//2997 1818//2997
f 1724//2998 1722//2998 1720//2998
f 1722//2999 1723//2999 1727//2999
f 1770//2068 1767//2068 1768//2068
f 1767//2071 1726//2071 1768//2071
f 1720//2073 1722//2073 1727//2073
f 1768//2072 1726//2072 1721//2072
f 1721//3000 1725//3000 1719//3000
f 1726//3001 1725//3001 1721//3001
f 1719//2074 1724//2074 1720//2074
f 1725//2069 1724//2069 1719//2069
f 1727//3002 1723//3002 1728//3002
f 1728//3003 1763//3003 1819//3003
f 1723//3004 1763//3004 1728//3004
f 1763//2076 1820//2076 1819//2076
f 1821//2080 1822//2080 1823//2080
f 1819//2081 1820//2081 1824//2081
f 1820//3005 1825//3005 1824//3005
f 1826//3006 1827//3006 1821//3006
f 1825//3007 1826//3007 1828//3007
f 1824//2299 1825//2299 1828//2299
f 1828//2211 1826//2211 1821//2211
f 1827//3008 1822//3008 1821//3008
f 1779//3009 1776//3009 1789//3009
f 1829//2090 1830//2090 1831//2090
f 1832//3010 1830//3010 1829//3010
f 1831//2088 1833//2088 1791//2088
f 1830//2091 1833//2091 1831//2091
f 1833//3011 1783//3011 1791//3011
f 1791//2973 1779//2973 1789//2973
f 1783//3012 1779//3012 1791//3012
f 1789//3013 1776//3013 1775//3013
f 1834//3014 1832//3014 1829//3014
f 1835//2242 1832//2242 1834//2242
f 1836//3015 1835//3015 1837//3015
f 1837//2241 1835//2241 1834//2241
f 1838//2096 1836//2096 1839//2096
f 1839//2102 1836//2102 1837//2102
f 1840//2037 1838//2037 1841//2037
f 1841//2099 1838//2099 1839//2099
f 1842//2095 1840//2095 1841//2095
f 1843//2218 1840//2218 1842//2218
f 1844//2097 1843//2097 1842//2097
f 1845//3016 1846//3016 1844//3016
f 1822//3017 1846//3017 1845//3017
f 1846//2104 1843//2104 1844//2104
f 1823//2103 1822//2103 1845//2103
f 1847//3018 1825//3018 1848//3018
f 1849//3019 1826//3019 1847//3019
f 1827//3020 1826//3020 1849//3020
f 1826//3021 1825//3021 1847//3021
f 1822//3022 1827//3022 1850//3022
f 1850//3023 1827//3023 1849//3023
f 1851//3024 1843//3024 1852//3024
f 1853//3025 1822//3025 1850//3025
f 1843//3026 1846//3026 1852//3026
f 1846//3027 1822//3027 1853//3027
f 1852//3026 1846//3026 1853//3026
f 1824//3028 1828//3028 1854//3028
f 1824//3029 1854//3029 1855//3029
f 1828//3030 1821//3030 1856//3030
f 1828//3031 1856//3031 1854//3031
f 1821//3032 1823//3032 1857//3032
f 1821//3033 1857//3033 1856//3033
f 1845//3034 1844//3034 1858//3034
f 1823//3035 1859//3035 1857//3035
f 1844//3036 1860//3036 1858//3036
f 1823//3037 1845//3037 1859//3037
f 1845//3034 1858//3034 1859//3034
f 1829//3038 1792//3038 1861//3038
f 1831//3039 1792//3039 1829//3039
f 1784//3040 1783//3040 1833//3040
f 1862//3041 1832//3041 1835//3041
f 1784//3042 1833//3042 1830//3042
f 1829//3043 1861//3043 1834//3043
f 1862//3044 1830//3044 1832//3044
f 1834//3045 1861//3045 1837//3045
f 1784//3046 1830//3046 1862//3046
f 1791//3047 1792//3047 1831//3047
f 1839//3048 1837//3048 1863//3048
f 1836//3049 1838//3049 1864//3049
f 1835//3050 1836//3050 1864//3050
f 1842//3051 1841//3051 1863//3051
f 1837//3052 1861//3052 1863//3052
f 1862//3053 1835//3053 1864//3053
f 1841//3054 1839//3054 1863//3054
f 1838//3055 1840//3055 1864//3055
f 1861//2150 1862//2150 1863//2150
f 1817//3056 1784//3056 1792//3056
f 1792//3057 1784//3057 1861//3057
f 1818//3058 1817//3058 1792//3058
f 1862//3059 1864//3059 1863//3059
f 1784//3060 1862//3060 1861//3060
f 1844//1308 1842//1308 1865//1308
f 1863//3061 1864//3061 1865//3061
f 1842//3062 1863//3062 1865//3062
f 1864//3063 1840//3063 1866//3063
f 1840//890 1843//890 1866//890
f 1864//3064 1866//3064 1865//3064
f 1866//3065 1867//3065 1868//3065
f 1866//3066 1843//3066 1851//3066
f 1866//3067 1869//3067 1867//3067
f 1865//2157 1866//2157 1868//2157
f 1866//3068 1851//3068 1869//3068
f 1870//3069 1865//3069 1868//3069
f 1860//3070 1865//3070 1870//3070
f 1844//3071 1865//3071 1860//3071
f 1728//3072 1819//3072 1765//3072
f 1819//3073 1824//3073 1765//3073
f 1765//3074 1824//3074 1855//3074
f 1820//3075 1763//3075 1764//3075
f 1825//3076 1820//3076 1764//3076
f 1825//3077 1764//3077 1848//3077
f 1859//3078 1850//3078 1857//3078
f 1849//2171 1847//2171 1854//2171
f 1853//3079 1850//3079 1859//3079
f 1854//2074 1847//2074 1855//2074
f 1850//2172 1849//2172 1856//2172
f 1856//2175 1849//2175 1854//2175
f 1847//3080 1848//3080 1855//3080
f 1857//2173 1850//2173 1856//2173
f 1871//3081 1872//3081 1873//3081
f 1874//2178 1875//2178 1876//2178
f 1848//2181 1875//2181 1874//2181
f 1876//3082 1871//3082 1873//3082
f 1875//3083 1871//3083 1876//3083
f 1855//2555 1848//2555 1874//2555
f 1870//2188 1869//2188 1860//2188
f 1877//2184 1878//2184 1870//2184
f 1878//1932 1869//1932 1870//1932
f 1860//2187 1851//2187 1858//2187
f 1869//2189 1851//2189 1860//2189
f 1858//2557 1852//2557 1859//2557
f 1851//2559 1852//2559 1858//2559
f 1852//3084 1853//3084 1859//3084
f 1879//3085 1764//3085 1880//3085
f 1872//3086 1764//3086 1879//3086
f 1871//3087 1764//3087 1872//3087
f 1875//3088 1764//3088 1871//3088
f 1848//3089 1764//3089 1875//3089
f 1872//3090 1879//3090 1881//3090
f 1765//3091 1876//3091 1873//3091
f 1765//3092 1873//3092 1881//3092
f 1765//3093 1881//3093 1882//3093
f 1765//3094 1855//3094 1874//3094
f 1873//2197 1872//2197 1881//2197
f 1765//3095 1874//3095 1876//3095
f 1880//3096 1764//3096 1883//3096
f 1765//3097 1882//3097 1884//3097
f 1884//3098 1885//3098 1886//3098
f 1884//3099 1882//3099 1885//3099
f 1880//3100 1883//3100 1887//3100
f 1887//3101 1883//3101 1888//3101
f 1887//2740 1888//2740 1886//2740
f 1886//2741 1889//2741 1890//2741
f 1881//3102 1880//3102 1882//3102
f 1888//2045 1889//2045 1886//2045
f 1882//2211 1880//2211 1885//2211
f 1879//3103 1880//3103 1881//3103
f 1880//2010 1887//2010 1885//2010
f 1885//2214 1887//2214 1886//2214
f 1891//2218 1892//2218 1893//2218
f 1894//3104 1892//3104 1891//3104
f 1889//3105 1894//3105 1891//3105
f 1892//2037 1895//2037 1896//2037
f 1890//2106 1889//2106 1891//2106
f 1893//2095 1892//2095 1896//2095
f 1867//3106 1878//3106 1897//3106
f 1898//3107 1899//3107 1900//3107
f 1867//3108 1897//3108 1899//3108
f 1867//3109 1899//3109 1898//3109
f 1867//3110 1869//3110 1878//3110
f 1898//3111 1900//3111 1901//3111
f 1902//2225 1899//2225 1903//2225
f 1899//3112 1897//3112 1903//3112
f 1903//2231 1878//2231 1877//2231
f 1877//3113 1868//3113 1903//3113
f 1904//3114 1905//3114 1906//3114
f 1897//3115 1878//3115 1903//3115
f 1903//3116 1868//3116 1905//3116
f 1902//3117 1905//3117 1904//3117
f 1870//3118 1868//3118 1877//3118
f 1903//3119 1905//3119 1902//3119
f 1906//3120 1901//3120 1904//3120
f 1907//2100 1908//2100 1909//2100
f 1901//3121 1900//3121 1904//3121
f 1904//2448 1900//2448 1902//2448
f 1909//2094 1908//2094 1906//2094
f 1908//2101 1901//2101 1906//2101
f 1910//2235 1907//2235 1909//2235
f 1900//2237 1899//2237 1902//2237
f 1898//2245 1911//2245 1912//2245
f 1867//3122 1898//3122 1905//3122
f 1911//3123 1901//3123 1908//3123
f 1905//3124 1898//3124 1912//3124
f 1898//3125 1901//3125 1911//3125
f 1906//3126 1912//3126 1909//3126
f 1906//3127 1905//3127 1912//3127
f 1868//3128 1867//3128 1905//3128
f 1913//3129 1895//3129 1914//3129
f 1895//3130 1892//3130 1914//3130
f 1914//890 1892//890 1915//890
f 1907//890 1895//890 1913//890
f 1911//3131 1908//3131 1916//3131
f 1892//890 1894//890 1915//890
f 1908//890 1907//890 1916//890
f 1916//890 1907//890 1913//890
f 1896//3132 1917//3132 1918//3132
f 1893//3133 1896//3133 1918//3133
f 1893//1308 1918//1308 1919//1308
f 1895//2261 1907//2261 1910//2261
f 1896//1308 1910//1308 1917//1308
f 1910//1308 1920//1308 1917//1308
f 1896//2099 1895//2099 1910//2099
f 1891//1308 1893//1308 1919//1308
f 1909//3134 1912//3134 1920//3134
f 1910//1308 1909//1308 1920//1308
f 1921//2269 1922//2269 1923//2269
f 1922//2267 1924//2267 1923//2267
f 1923//2266 1924//2266 1920//2266
f 1920//2271 1916//2271 1917//2271
f 1916//2272 1913//2272 1917//2272
f 1924//2273 1916//2273 1920//2273
f 1924//3135 1911//3135 1916//3135
f 1912//3136 1923//3136 1920//3136
f 1925//3137 1883//3137 1884//3137
f 1883//3138 1765//3138 1884//3138
f 1925//3139 1884//3139 1926//3139
f 1883//2276 1764//2276 1765//2276
f 1927//3140 1925//3140 1926//3140
f 1884//3141 1886//3141 1926//3141
f 1927//3142 1926//3142 1928//3142
f 1888//3143 1883//3143 1925//3143
f 1890//3144 1891//3144 1926//3144
f 1886//3145 1890//3145 1926//3145
f 1889//3146 1888//3146 1925//3146
f 1894//3147 1889//3147 1925//3147
f 1915//3148 1925//3148 1929//3148
f 1894//3149 1925//3149 1915//3149
f 1929//3150 1925//3150 1927//3150
f 1926//3151 1919//3151 1930//3151
f 1926//3152 1930//3152 1928//3152
f 1926//3153 1891//3153 1919//3153
f 1928//3154 1930//3154 1931//3154
f 1929//3155 1927//3155 1932//3155
f 1932//3156 1927//3156 1933//3156
f 1928//3157 1931//3157 1934//3157
f 1917//1929 1913//1929 1918//1929
f 1918//2073 1914//2073 1919//2073
f 1913//3158 1914//3158 1918//3158
f 1919//2079 1915//2079 1930//2079
f 1914//2075 1915//2075 1919//2075
f 1915//3083 1929//3083 1930//3083
f 1930//2658 1929//2658 1931//2658
f 1931//3159 1932//3159 1934//3159
f 1929//3160 1932//3160 1931//3160
f 1934//2084 1933//2084 1935//2084
f 1935//2706 1936//2706 1937//2706
f 1932//3161 1933//3161 1934//3161
f 1936//2475 1938//2475 1937//2475
f 1933//3162 1936//3162 1935//3162
f 1939//3163 1928//3163 1940//3163
f 1939//3164 1927//3164 1928//3164
f 1933//3165 1927//3165 1939//3165
f 1928//3166 1934//3166 1940//3166
f 1936//3167 1939//3167 1938//3167
f 1933//3168 1939//3168 1936//3168
f 1940//3169 1935//3169 1937//3169
f 1940//2316 1937//2316 1941//2316
f 1938//2313 1939//2313 1942//2313
f 1942//2309 1939//2309 1943//2309
f 1940//3170 1934//3170 1935//3170
f 1943//3171 1940//3171 1944//3171
f 1943//3172 1939//3172 1940//3172
f 1940//2317 1941//2317 1944//2317
f 1945//3173 1796//3173 1795//3173
f 1757//3174 1796//3174 1945//3174
f 1756//3175 1750//3175 1793//3175
f 1756//3176 1793//3176 1757//3176
f 1946//3177 1799//3177 1947//3177
f 1945//3178 1795//3178 1946//3178
f 1946//3179 1795//3179 1799//3179
f 1757//3180 1793//3180 1796//3180
f 1794//3181 1758//3181 1797//3181
f 1751//3182 1753//3182 1794//3182
f 1798//3183 1948//3183 1949//3183
f 1800//3184 1950//3184 1948//3184
f 1797//3185 1950//3185 1800//3185
f 1800//3186 1948//3186 1798//3186
f 1797//3187 1758//3187 1950//3187
f 1794//3188 1753//3188 1758//3188
f 1757//2336 1945//2336 1950//2336
f 1948//2019 1946//2019 1949//2019
f 1945//2340 1946//2340 1948//2340
f 1949//2197 1947//2197 1951//2197
f 1946//3189 1947//3189 1949//3189
f 1951//2337 1952//2337 1953//2337
f 1947//3190 1952//3190 1951//3190
f 1952//2300 1954//2300 1953//2300
f 1950//2335 1945//2335 1948//2335
f 1758//2339 1757//2339 1950//2339
f 1810//3191 1955//3191 1956//3191
f 1798//1308 1955//1308 1810//1308
f 1809//890 1804//890 1957//890
f 1805//3192 1810//3192 1956//3192
f 1798//3193 1949//3193 1955//3193
f 1803//1308 1805//1308 1956//1308
f 1807//3194 1809//3194 1957//3194
f 1958//890 1799//890 1807//890
f 1947//3195 1799//3195 1958//3195
f 1958//3196 1807//3196 1957//3196
f 1803//3197 1956//3197 1811//3197
f 1957//2354 1813//2354 1956//2354
f 1956//2352 1813//2352 1811//2352
f 1958//3198 1957//3198 1955//3198
f 1955//2357 1957//2357 1956//2357
f 1957//3199 1804//3199 1813//3199
f 1959//3200 1960//3200 1961//3200
f 1959//3201 1954//3201 1960//3201
f 1954//3202 1958//3202 1960//3202
f 1952//3203 1958//3203 1954//3203
f 1947//3204 1958//3204 1952//3204
f 1962//3205 1958//3205 1955//3205
f 1960//3206 1958//3206 1962//3206
f 1955//3207 1951//3207 1953//3207
f 1955//3208 1949//3208 1951//3208
f 1955//3209 1953//3209 1962//3209
f 1953//3210 1963//3210 1962//3210
f 1962//3211 1963//3211 1964//3211
f 1965//3212 1966//3212 1967//3212
f 1953//2374 1954//2374 1963//2374
f 1954//3213 1959//3213 1963//3213
f 1963//2372 1961//2372 1964//2372
f 1964//2373 1961//2373 1968//2373
f 1959//3214 1961//3214 1963//3214
f 1968//3215 1965//3215 1967//3215
f 1961//2709 1965//2709 1968//2709
f 1969//2033 1761//2033 1762//2033
f 1970//2381 1971//2381 1972//2381
f 1973//3216 1969//3216 1762//3216
f 1971//3217 1969//3217 1973//3217
f 1972//2380 1971//2380 1973//2380
f 1974//3218 1970//3218 1972//3218
f 1975//2485 1976//2485 1977//2485
f 1976//3219 1970//3219 1974//3219
f 1978//2389 1975//2389 1977//2389
f 1967//2676 1966//2676 1979//2676
f 1980//2384 1975//2384 1978//2384
f 1977//3220 1976//3220 1974//3220
f 1966//3221 1980//3221 1979//3221
f 1979//2484 1980//2484 1978//2484
f 1981//890 1761//890 1982//890
f 1982//3222 1969//3222 1983//3222
f 1983//3223 1971//3223 1984//3223
f 1983//3224 1969//3224 1971//3224
f 1984//3225 1971//3225 1970//3225
f 1982//890 1761//890 1969//890
f 1970//890 1976//890 1985//890
f 1986//890 1975//890 1987//890
f 1976//890 1975//890 1986//890
f 1985//890 1976//890 1986//890
f 1984//890 1970//890 1985//890
f 1762//1308 1988//1308 1989//1308
f 1762//1308 1989//1308 1973//1308
f 1972//3226 1990//3226 1974//3226
f 1973//3227 1989//3227 1991//3227
f 1972//3228 1991//3228 1990//3228
f 1973//3229 1991//3229 1972//3229
f 1977//1308 1974//1308 1992//1308
f 1978//1308 1977//1308 1993//1308
f 1977//1308 1992//1308 1993//1308
f 1974//1308 1990//1308 1992//1308
f 1978//1308 1993//1308 1994//1308
f 1961//3230 1960//3230 1995//3230
f 1975//3231 1980//3231 1996//3231
f 1966//3232 1965//3232 1995//3232
f 1996//3233 1980//3233 1995//3233
f 1980//3234 1966//3234 1995//3234
f 1965//3235 1961//3235 1995//3235
f 1997//2420 1996//2420 1998//2420
f 1968//3236 1967//3236 1998//3236
f 1964//3237 1968//3237 1998//3237
f 1967//3238 1979//3238 1998//3238
f 1979//3239 1978//3239 1997//3239
f 1998//3240 1995//3240 1962//3240
f 1995//3241 1960//3241 1962//3241
f 1996//3242 1995//3242 1998//3242
f 1979//3243 1997//3243 1998//3243
f 1962//3244 1964//3244 1998//3244
f 1987//2431 1975//2431 1996//2431
f 1978//2430 1994//2430 1997//2430
f 1987//3245 1996//3245 1999//3245
f 2000//3246 2001//3246 2002//3246
f 1999//3247 1996//3247 2001//3247
f 1999//3248 2001//3248 2000//3248
f 2001//3249 1996//3249 2003//3249
f 2003//3250 2004//3250 2005//3250
f 2003//2443 1996//2443 1997//2443
f 2003//3251 2006//3251 2004//3251
f 1997//3252 1994//3252 2006//3252
f 1997//3253 2006//3253 2003//3253
f 2003//3254 2005//3254 2007//3254
f 2008//3255 2001//3255 2003//3255
f 2009//3256 2008//3256 2010//3256
f 2010//3257 2008//3257 2003//3257
f 2003//3258 2007//3258 2010//3258
f 2011//2448 2009//2448 2010//2448
f 2002//3259 2001//3259 2008//3259
f 2002//3260 2008//3260 2012//3260
f 2013//3261 2014//3261 2015//3261
f 2015//2451 2014//2451 2016//2451
f 2017//3262 2013//3262 2015//3262
f 2016//3263 2018//3263 2011//3263
f 2014//3264 2018//3264 2016//3264
f 2018//3265 2009//3265 2011//3265
f 1745//3266 1746//3266 1759//3266
f 1762//3267 1747//3267 1988//3267
f 1760//3268 1747//3268 1762//3268
f 1745//3269 1761//3269 1981//3269
f 1729//3270 1747//3270 1760//3270
f 1745//3271 1759//3271 1761//3271
f 1984//2070 1985//2070 1992//2070
f 1993//2464 1986//2464 1994//2464
f 1985//2462 1986//2462 1993//2462
f 1994//2073 1987//2073 2006//2073
f 1992//2271 1985//2271 1993//2271
f 1987//3272 1999//3272 2006//3272
f 1990//2463 1984//2463 1992//2463
f 1986//2998 1987//2998 1994//2998
f 1983//3273 1984//3273 1991//3273
f 1991//3274 1984//3274 1990//3274
f 1982//3275 1983//3275 1989//3275
f 1989//3276 1983//3276 1991//3276
f 2006//3277 1999//3277 2004//3277
f 2005//2472 2002//2472 2007//2472
f 2004//3278 2000//3278 2005//3278
f 2000//3279 2002//3279 2005//3279
f 2002//3280 2012//3280 2007//3280
f 1999//3281 2000//3281 2004//3281
f 2019//2049 2020//2049 2021//2049
f 2022//2214 2019//2214 2023//2214
f 2024//2476 2019//2476 2021//2476
f 2025//2297 2026//2297 2023//2297
f 2012//2300 2026//2300 2025//2300
f 2007//2084 2012//2084 2025//2084
f 2026//2475 2022//2475 2023//2475
f 2023//2473 2019//2473 2024//2473
f 1988//2187 1981//2187 1989//2187
f 2027//2189 1981//2189 1988//2189
f 2028//2188 1981//2188 2027//2188
f 2029//2478 2030//2478 2031//2478
f 2031//2477 2030//2477 2027//2477
f 1981//3282 1982//3282 1989//3282
f 2030//2479 2028//2479 2027//2479
f 2032//2026 2030//2026 2029//2026
f 2033//2448 2034//2448 2035//2448
f 2036//3121 2034//3121 2033//3121
f 2037//3283 2032//3283 2029//3283
f 2034//2482 2037//2482 2035//2482
f 2035//2480 2037//2480 2029//2480
f 2038//2239 2036//2239 2033//2239
f 2039//2218 2040//2218 2041//2218
f 2021//2713 2020//2713 2042//2713
f 2042//2097 2039//2097 2041//2097
f 2020//2104 2039//2104 2042//2104
f 2043//2485 2044//2485 2045//2485
f 2046//2094 2047//2094 2038//2094
f 2044//2100 2047//2100 2046//2100
f 2045//2102 2044//2102 2046//2102
f 2040//2486 2043//2486 2048//2486
f 2047//2242 2036//2242 2038//2242
f 2041//2484 2040//2484 2048//2484
f 2048//2040 2043//2040 2045//2040
f 1745//3284 2034//3284 2049//3284
f 1745//3285 2037//3285 2034//3285
f 1745//3286 2032//3286 2037//3286
f 1745//3287 1981//3287 2028//3287
f 1745//3288 2028//3288 2030//3288
f 1745//3289 2030//3289 2032//3289
f 2031//3290 1747//3290 2029//3290
f 2029//3291 1747//3291 2035//3291
f 2035//3292 1747//3292 2033//3292
f 2027//3293 1747//3293 2031//3293
f 1988//3294 1747//3294 2027//3294
f 2033//3295 1747//3295 2050//3295
f 2033//3296 2050//3296 2038//3296
f 2048//3297 2045//3297 2051//3297
f 2045//3298 2046//3298 2051//3298
f 2038//3299 2050//3299 2046//3299
f 2044//3300 2043//3300 2052//3300
f 2049//3301 2034//3301 2036//3301
f 2046//3302 2050//3302 2051//3302
f 2047//3303 2044//3303 2052//3303
f 2049//3304 2036//3304 2047//3304
f 2049//3305 2047//3305 2052//3305
f 2050//3306 1747//3306 1745//3306
f 2051//3307 2050//3307 2049//3307
f 2051//2509 2049//2509 2052//2509
f 2050//3308 1745//3308 2049//3308
f 2022//3309 2008//3309 2009//3309
f 2026//3310 2008//3310 2022//3310
f 2012//3311 2008//3311 2026//3311
f 2011//3312 2023//3312 2024//3312
f 2019//3313 2009//3313 2053//3313
f 2022//3314 2009//3314 2019//3314
f 2011//3315 2024//3315 2054//3315
f 2010//3316 2025//3316 2023//3316
f 2010//3317 2023//3317 2011//3317
f 2010//3318 2007//3318 2025//3318
f 2020//3319 2019//3319 2053//3319
f 2039//3320 2020//3320 2055//3320
f 2040//3321 2039//3321 2056//3321
f 2056//3322 2039//3322 2055//3322
f 2057//3323 2040//3323 2056//3323
f 2055//3324 2020//3324 2053//3324
f 2043//3325 2040//3325 2057//3325
f 2041//3326 2058//3326 2059//3326
f 2042//3327 2059//3327 2060//3327
f 2042//3328 2041//3328 2059//3328
f 2024//3329 2021//3329 2054//3329
f 2041//3330 2048//3330 2058//3330
f 2021//3331 2060//3331 2054//3331
f 2021//3332 2042//3332 2060//3332
f 2053//890 2009//890 2061//890
f 2062//3333 2018//3333 2063//3333
f 2063//3334 2018//3334 2064//3334
f 2064//3335 2018//3335 2014//3335
f 2061//3336 2018//3336 2062//3336
f 2061//3337 2009//3337 2018//3337
f 2016//3338 2065//3338 2015//3338
f 2016//3339 2066//3339 2067//3339
f 2016//3340 2067//3340 2068//3340
f 2016//3341 2068//3341 2065//3341
f 2011//3342 2066//3342 2016//3342
f 2011//1308 2054//1308 2066//1308
f 2069//890 2014//890 2070//890
f 2014//3343 2013//3343 2070//3343
f 2064//890 2014//890 2069//890
f 2015//1308 2071//1308 2072//1308
f 2017//3344 2015//3344 2072//3344
f 2015//1308 2065//1308 2071//1308
f 2062//3345 2063//3345 2068//3345
f 2065//2182 2064//2182 2071//2182
f 2063//2961 2064//2961 2065//2961
f 2071//3346 2069//3346 2072//3346
f 2064//2461 2069//2461 2071//2461
f 2068//2004 2063//2004 2065//2004
f 2069//3347 2070//3347 2072//3347
f 2067//2271 2062//2271 2068//2271
f 2056//2935 2055//2935 2059//2935
f 2060//2186 2053//2186 2054//2186
f 2061//2070 2062//2070 2067//2070
f 2053//2071 2061//2071 2066//2071
f 2066//2072 2061//2072 2067//2072
f 2055//2185 2053//2185 2060//2185
f 2054//2177 2053//2177 2066//2177
f 2059//1936 2055//1936 2060//1936
f 2073//2225 2074//2225 2075//2225
f 2057//2937 2056//2937 2059//2937
f 2076//2560 2074//2560 2073//2560
f 2077//3009 2057//3009 2078//3009
f 2074//3011 2079//3011 2075//3011
f 2080//3348 2076//3348 2073//3348
f 2078//2479 2057//2479 2058//2479
f 2058//2188 2057//2188 2059//2188
f 2079//3012 2077//3012 2075//3012
f 2075//2973 2077//2973 2078//2973
f 2058//3349 2051//3349 2078//3349
f 2048//3350 2051//3350 2058//3350
f 2052//3351 2077//3351 2081//3351
f 2078//3352 2051//3352 2082//3352
f 2052//3353 2057//3353 2077//3353
f 2052//3354 2043//3354 2057//3354
f 2073//3355 2083//3355 2080//3355
f 2078//3356 2082//3356 2075//3356
f 2075//3357 2082//3357 2073//3357
f 2081//3358 2077//3358 2079//3358
f 2084//3359 2085//3359 2080//3359
f 2081//3360 2079//3360 2074//3360
f 2086//3361 2074//3361 2076//3361
f 2085//3362 2076//3362 2080//3362
f 2080//3363 2083//3363 2084//3363
f 2086//3364 2076//3364 2085//3364
f 2081//3365 2074//3365 2086//3365
f 2073//3366 2082//3366 2083//3366
f 2083//2583 2082//2583 2081//2583
f 2083//2582 2081//2582 2086//2582
f 2082//2578 2051//2578 2052//2578
f 2082//2579 2052//2579 2081//2579
f 1911//2586 2087//2586 2088//2586
f 2088//2585 2087//2585 2089//2585
f 1912//2587 1911//2587 2088//2587
f 2087//2584 2090//2584 2089//2584
f 2091//3367 2087//3367 2092//3367
f 2092//3368 2087//3368 1922//3368
f 1922//3369 2087//3369 1924//3369
f 2090//3370 2087//3370 2091//3370
f 2090//3371 2091//3371 2093//3371
f 2087//3372 1911//3372 1924//3372
f 1912//3373 2088//3373 1923//3373
f 2088//3374 1921//3374 1923//3374
f 2088//3375 2094//3375 1921//3375
f 2088//3376 2095//3376 2094//3376
f 2088//3377 2089//3377 2095//3377
f 2095//3378 2089//3378 2096//3378
f 2097//3379 2098//3379 2099//3379
f 2099//2601 2098//2601 2100//2601
f 2090//2212 2097//2212 2089//2212
f 2089//3380 2097//3380 2099//3380
f 2090//3381 2093//3381 2101//3381
f 2096//3382 2089//3382 2102//3382
f 2094//2609 1922//2609 1921//2609
f 2091//1972 2092//1972 2095//1972
f 2095//1973 2092//1973 2094//1973
f 2093//3383 2091//3383 2095//3383
f 2092//3384 1922//3384 2094//3384
f 2096//3385 2093//3385 2095//3385
f 2101//2086 2093//2086 2102//2086
f 2102//3386 2093//3386 2096//3386
f 2103//2085 2101//2085 2104//2085
f 2105//2090 2106//2090 2107//2090
f 2104//2025 2101//2025 2102//2025
f 2107//2088 2108//2088 2104//2088
f 2106//3387 2108//3387 2107//3387
f 2108//3388 2103//3388 2104//3388
f 2097//3204 2103//3204 2108//3204
f 2089//3389 2099//3389 2102//3389
f 2102//3390 2099//3390 2104//3390
f 2107//3391 2099//3391 2109//3391
f 2097//3392 2090//3392 2101//3392
f 2097//3393 2101//3393 2103//3393
f 2097//3394 2108//3394 2110//3394
f 2104//3208 2099//3208 2107//3208
f 2107//3395 2109//3395 2105//3395
f 2110//3396 2108//3396 2106//3396
f 2105//3397 2109//3397 2111//3397
f 2105//3398 2111//3398 2112//3398
f 2113//3399 2114//3399 2115//3399
f 2110//3400 2106//3400 2113//3400
f 2112//3401 2111//3401 2116//3401
f 2113//3402 2106//3402 2114//3402
f 2100//3403 2117//3403 2118//3403
f 2098//2629 2119//2629 2117//2629
f 2119//3404 2120//3404 2121//3404
f 2119//3405 2098//3405 2122//3405
f 2123//890 2119//890 2122//890
f 2117//2633 2119//2633 2121//2633
f 2117//1308 2124//1308 2118//1308
f 2100//2627 2098//2627 2117//2627
f 2120//3406 2013//3406 2017//3406
f 2121//3407 2120//3407 2017//3407
f 2013//3408 2120//3408 2125//3408
f 2125//3409 2120//3409 2126//3409
f 2127//890 2119//890 2123//890
f 2128//3410 2013//3410 2125//3410
f 2126//3411 2120//3411 2127//3411
f 2120//3412 2119//3412 2127//3412
f 2117//1308 2129//1308 2124//1308
f 2121//3413 2017//3413 2130//3413
f 2117//3414 2121//3414 2129//3414
f 2017//3415 2131//3415 2130//3415
f 2121//3416 2132//3416 2129//3416
f 2121//3417 2130//3417 2132//3417
f 2122//3418 2098//3418 2133//3418
f 2100//3419 2118//3419 2134//3419
f 2100//1308 2134//1308 2135//1308
f 2136//890 2097//890 2110//890
f 2098//890 2097//890 2136//890
f 2133//890 2098//890 2136//890
f 2099//1308 2100//1308 2135//1308
f 2099//1308 2135//1308 2109//1308
f 2113//3420 2115//3420 2116//3420
f 2111//2303 2113//2303 2116//2303
f 2115//2302 2137//2302 2138//2302
f 2136//3421 2110//3421 2109//3421
f 2134//2074 2133//2074 2135//2074
f 2116//3422 2115//3422 2138//3422
f 2110//3423 2113//3423 2111//3423
f 2109//3424 2110//3424 2111//3424
f 2133//2998 2136//2998 2135//2998
f 2135//2663 2136//2663 2109//2663
f 2129//2666 2123//2666 2124//2666
f 2122//3425 2133//3425 2134//3425
f 2127//3426 2123//3426 2129//3426
f 2126//3427 2127//3427 2132//3427
f 2132//3428 2127//3428 2129//3428
f 2124//2266 2123//2266 2118//2266
f 2118//3429 2122//3429 2134//3429
f 2123//3430 2122//3430 2118//3430
f 2130//2608 2126//2608 2132//2608
f 2125//2935 2126//2935 2130//2935
f 2128//2937 2125//2937 2130//2937
f 2139//3009 2128//3009 2140//3009
f 2140//2479 2128//2479 2131//2479
f 2131//2188 2128//2188 2130//2188
f 2141//3431 2142//3431 2143//3431
f 1942//2049 2141//2049 2144//2049
f 1937//2053 1942//2053 1941//2053
f 1941//2045 1942//2045 2144//2045
f 2144//2670 2141//2670 2143//2670
f 1938//2051 1942//2051 1937//2051
f 2114//3432 2106//3432 2105//3432
f 2145//2674 2146//2674 2112//2674
f 2147//2238 2146//2238 2145//2238
f 2146//3433 2114//3433 2112//3433
f 2148//2235 2147//2235 2145//2235
f 2112//2791 2114//2791 2105//2791
f 2149//2744 2150//2744 2151//2744
f 2142//3434 2149//3434 2152//3434
f 2152//2677 2149//2677 2151//2677
f 2151//2763 2150//2763 2148//2763
f 2150//2261 2147//2261 2148//2261
f 2143//2676 2142//2676 2152//2676
f 2115//3435 2146//3435 2137//3435
f 2145//3436 2116//3436 2138//3436
f 2115//3437 2114//3437 2146//3437
f 2112//3438 2116//3438 2145//3438
f 2153//3439 2147//3439 2154//3439
f 2148//3440 2155//3440 2156//3440
f 2148//3441 2145//3441 2138//3441
f 2148//3442 2138//3442 2155//3442
f 2146//3443 2147//3443 2137//3443
f 2137//3444 2147//3444 2153//3444
f 2157//2696 1944//2696 2158//2696
f 2157//3445 1943//3445 1944//3445
f 1941//3446 2144//3446 1944//3446
f 2141//3447 1942//3447 1943//3447
f 2144//3448 2143//3448 1944//3448
f 2143//3449 2158//3449 1944//3449
f 2157//3450 2142//3450 1943//3450
f 2149//3451 2142//3451 2157//3451
f 2143//3452 2152//3452 2158//3452
f 2142//3453 2141//3453 1943//3453
f 2148//3454 2156//3454 2158//3454
f 2152//3455 2151//3455 2158//3455
f 2147//3456 2150//3456 2157//3456
f 2150//3457 2149//3457 2157//3457
f 2154//3458 2147//3458 2157//3458
f 2151//3459 2148//3459 2158//3459
f 2159//2373 2160//2373 2161//2373
f 2162//3460 2160//3460 2163//3460
f 2160//2370 2164//2370 2161//2370
f 2138//2299 2137//2299 2155//2299
f 2163//3461 2160//3461 2159//3461
f 2155//2297 2153//2297 2163//2297
f 2137//2300 2153//2300 2155//2300
f 2153//3462 2162//3462 2163//3462
f 2164//2104 2165//2104 2166//2104
f 2165//3463 2167//3463 2168//3463
f 2167//3464 2169//3464 2170//3464
f 2168//3465 2167//3465 2170//3465
f 2166//2097 2165//2097 2168//2097
f 2161//2483 2164//2483 2166//2483
f 2160//3466 2162//3466 2171//3466
f 2165//3467 2164//3467 2171//3467
f 2162//3468 2153//3468 2154//3468
f 2155//3469 2163//3469 2156//3469
f 2163//3470 2159//3470 2172//3470
f 2159//3471 2161//3471 2172//3471
f 2164//3472 2160//3472 2171//3472
f 2161//3473 2166//3473 2172//3473
f 2171//3474 2154//3474 2172//3474
f 2154//2726 2157//2726 2158//2726
f 2154//2727 2158//2727 2156//2727
f 2154//2725 2156//2725 2172//2725
f 2162//3475 2154//3475 2171//3475
f 2156//3476 2163//3476 2172//3476
f 2173//3477 2174//3477 2175//3477
f 2173//3478 2013//3478 2174//3478
f 2070//3479 2013//3479 2173//3479
f 2072//3003 2070//3003 2176//3003
f 2070//3420 2173//3420 2176//3420
f 2176//3480 2173//3480 2175//3480
f 2017//3481 2072//3481 2176//3481
f 2017//3482 2176//3482 2175//3482
f 2017//3483 2175//3483 2131//3483
f 2131//3484 2175//3484 2177//3484
f 2174//3485 2128//3485 2178//3485
f 2174//3486 2013//3486 2128//3486
f 2177//3487 2178//3487 2179//3487
f 2180//3488 2181//3488 2179//3488
f 2175//2966 2174//2966 2177//2966
f 2182//2212 2181//2212 2183//2212
f 2178//3489 2180//3489 2179//3489
f 2179//2213 2181//2213 2182//2213
f 2174//2968 2178//2968 2177//2968
f 2181//3490 2184//3490 2183//3490
f 2184//3491 2185//3491 2186//3491
f 2187//2384 2188//2384 2189//2384
f 2185//2745 2187//2745 2190//2745
f 2186//3492 2185//3492 2190//3492
f 2190//2677 2187//2677 2189//2677
f 2183//3493 2184//3493 2186//3493
f 2140//3494 2177//3494 2179//3494
f 2178//3495 2139//3495 2180//3495
f 2178//3495 2128//3495 2139//3495
f 2140//3484 2179//3484 2191//3484
f 2131//3494 2177//3494 2140//3494
f 2180//3485 2139//3485 2192//3485
f 2192//3012 2139//3012 2191//3012
f 2191//2973 2139//2973 2140//2973
f 2193//2236 2194//2236 2195//2236
f 2196//3496 2192//3496 2191//3496
f 2194//3497 2196//3497 2195//3497
f 2195//3498 2196//3498 2191//3498
f 2195//3499 2182//3499 2183//3499
f 2180//3500 2192//3500 2181//3500
f 2181//3501 2192//3501 2196//3501
f 2181//3502 2196//3502 2184//3502
f 2195//3503 2183//3503 2193//3503
f 2184//3504 2196//3504 2194//3504
f 2184//3505 2194//3505 2197//3505
f 2193//3506 2183//3506 2198//3506
f 2191//3507 2179//3507 2182//3507
f 2191//3508 2182//3508 2195//3508
f 2199//1308 2200//1308 2201//1308
f 2202//3509 2085//3509 2084//3509
f 2189//2678 2188//2678 2199//2678
f 2199//2102 2203//2102 2200//2102
f 2203//3510 2188//3510 2204//3510
f 2188//2766 2203//2766 2199//2766
f 2203//2790 2202//2790 2200//2790
f 2189//3511 2199//3511 2201//3511
f 2200//2771 2202//2771 2084//2771
f 2202//890 2203//890 2204//890
f 2189//3512 2201//3512 2205//3512
f 2183//3513 2186//3513 2205//3513
f 2204//3514 2188//3514 2206//3514
f 2183//3515 2205//3515 2198//3515
f 2188//3516 2187//3516 2206//3516
f 2187//3517 2185//3517 2206//3517
f 2190//3518 2189//3518 2205//3518
f 2206//3519 2184//3519 2197//3519
f 2185//3520 2184//3520 2206//3520
f 2186//3521 2190//3521 2205//3521
f 2084//3522 2083//3522 2200//3522
f 2200//3523 2083//3523 2201//3523
f 2086//3524 2085//3524 2202//3524
f 2205//3525 2201//3525 2204//3525
f 2205//2786 2204//2786 2206//2786
f 2086//3526 2202//3526 2204//3526
f 2201//3527 2086//3527 2204//3527
f 2201//2785 2083//2785 2086//2785
f 2207//2671 2208//2671 2193//2671
f 2209//2769 2210//2769 2211//2769
f 2210//2672 2208//2672 2207//2672
f 2211//2793 2210//2793 2207//2793
f 2169//2261 2209//2261 2212//2261
f 2212//2235 2209//2235 2211//2235
f 2170//2099 2169//2099 2212//2099
f 2208//3528 2194//3528 2193//3528
f 2209//3529 2169//3529 2213//3529
f 2197//3530 2208//3530 2213//3530
f 2212//3531 2211//3531 2214//3531
f 2213//3532 2208//3532 2210//3532
f 2207//3533 2214//3533 2211//3533
f 2170//3534 2212//3534 2214//3534
f 2207//3535 2198//3535 2214//3535
f 2210//3536 2209//3536 2213//3536
f 2197//3537 2194//3537 2208//3537
f 2193//3538 2198//3538 2207//3538
f 2213//3539 2169//3539 2215//3539
f 2166//3540 2168//3540 2216//3540
f 2170//3541 2214//3541 2216//3541
f 2168//3542 2170//3542 2216//3542
f 2169//3543 2167//3543 2215//3543
f 2215//3544 2165//3544 2171//3544
f 2167//3545 2165//3545 2215//3545
f 2216//3546 2213//3546 2215//3546
f 2216//3547 2214//3547 2213//3547
f 2166//3548 2216//3548 2172//3548
f 2215//3549 2171//3549 2172//3549
f 2215//3550 2172//3550 2216//3550
f 2198//2818 2206//2818 2197//2818
f 2198//3551 2205//3551 2206//3551
f 2214//2820 2197//2820 2213//2820
f 2214//2817 2198//2817 2197//2817
# Vertices: 2216, normals: 3551, texture coordinates: 0, faces: 4572

