# File generated by ImageToStl.com - Free Image and 3D model conversion tools

o obj1
v 0.03392858 0.04058591 -0.1000862
v 0.03392855 0.04161143 -0.09949291
v 0.03490572 0.04079165 -0.09925883
v 0.03490569 0.04159183 -0.09864058
v 0.03570354 0.04068493 -0.09829373
v 0.03570357 0.04000823 -0.09868522
v 0.03490568 0.04220077 -0.09783328
v 0.03453888 0.04282027 -0.09708066
v 0.03527026 0.04203498 -0.09740005
v 0.03557 0.04158037 -0.09753367
v 0.0361622 0.04003818 -0.09781089
v 0.03582056 0.04109186 -0.09764759
v 0.0360188 0.04057564 -0.09774039
v 0.03570353 0.04123452 -0.09773773
v 0.03490575 0.03985682 -0.09964433
v 0.03490577 0.03885343 -0.09976982
v 0.03570359 0.03925228 -0.09888452
v 0.03570361 0.03847053 -0.09887753
v 0.03392862 0.03944029 -0.10038824
v 0.03392865 0.03825556 -0.10037763
v 0.03627804 0.03892681 -0.09788173
v 0.03615169 0.03840743 -0.09810916
v 0.03624898 0.03948627 -0.0978582
v 0.03707182 0.0388875 -0.09596737
v 0.03392853 0.04244431 -0.09865031
v 0.03392851 0.04302567 -0.09761798
v 0.03282602 0.04312372 -0.09835308
v 0.03282607 0.04132206 -0.10017576
v 0.03282604 0.04234515 -0.09938527
v 0.03165911 0.0418688 -0.0999812
v 0.03165909 0.04273144 -0.0991647
v 0.03165907 0.04337713 -0.09816778
v 0.032826 0.04360272 -0.09715218
v 0.03165906 0.04376947 -0.09704667
v 0.03268684 0.04376973 -0.09629323
v 0.03366311 0.04340836 -0.09670545
v 0.03165905 0.04388628 -0.09586466
v 0.03165914 0.04083793 -0.10057119
v 0.03282614 0.0388439 -0.10082909
v 0.03282611 0.04012681 -0.10066865
v 0.03165918 0.03969698 -0.10090138
v 0.03490581 0.03785245 -0.09962641
v 0.03570363 0.03771826 -0.09866475
v 0.03490583 0.03692466 -0.09922425
v 0.0354197 0.03691566 -0.09860767
v 0.0359647 0.03789452 -0.09830767
v 0.0357196 0.03739502 -0.09847458
v 0.03392868 0.03711551 -0.10005517
v 0.03392871 0.03610078 -0.09944363
v 0.03467234 0.0360429 -0.0987656
v 0.03282619 0.03756407 -0.10064574
v 0.03282622 0.03637782 -0.10013154
v 0.03165925 0.03734498 -0.10072353
v 0.03165922 0.03851035 -0.10095314
v 0.03282625 0.03536902 -0.09932288
v 0.03376286 0.03532317 -0.09877297
v 0.03274018 0.03479523 -0.09862936
v 0.03165931 0.03533621 -0.09948724
v 0.03165928 0.03626665 -0.10022554
v 0.03165933 0.03460617 -0.09855031
v 0.03165933 0.0345655 -0.09848168
v 0.03165933 0.03452595 -0.09841242
v 0.03165933 0.03448749 -0.09834252
v 0.04439614 0.02945314 -0.07849032
v 0.04473236 0.03850815 -0.07749242
v 0.04685665 0.03953412 -0.07200295
v 0.04699885 0.03839592 -0.07202633
v 0.04699925 0.02511696 -0.07229915
v 0.04645924 0.04057162 -0.07198163
v 0.04317386 0.04317483 -0.07192814
v 0.04417518 0.04278577 -0.07193614
v 0.04509693 0.04220056 -0.07194816
v 0.04587442 0.04144606 -0.07196366
v 0.04236924 0.04334212 -0.07192471
v 0.02533833 0.0438861 -0.09586466
v 0.04158609 0.0433947 -0.07192363
v 0.04696564 0.02450722 -0.07231168
v 0.04686208 0.02390397 -0.07232407
v 0.04651561 0.0229185 -0.07234432
v 0.04524875 0.02136051 -0.07237633
v 0.04441388 0.02086826 -0.07238644
v 0.04596657 0.02205363 -0.07236209
v 0.04350059 0.02119208 -0.0733434
v 0.04227046 0.02148477 -0.07420842
v 0.04198359 0.02151654 -0.07430234
v 0.04268947 0.02140928 -0.07398532
v 0.04172108 0.02152709 -0.07433353
v 0.0126021 0.02945219 -0.07849032
v 0.01527763 0.02152631 -0.07433353
v 0.02533833 0.04376927 -0.09704667
v 0.02533834 0.04337694 -0.09816778
v 0.02533836 0.04273124 -0.0991647
v 0.02533839 0.04186862 -0.0999812
v 0.02533842 0.04083775 -0.10057119
v 0.02533845 0.0396968 -0.10090138
v 0.02533848 0.03851015 -0.10095314
v 0.02209181 0.04192287 -0.09825726
v 0.02306893 0.04276913 -0.09815355
v 0.02306895 0.04205567 -0.09909941
v 0.02417144 0.04185973 -0.09981468
v 0.02417142 0.04276864 -0.09889517
v 0.02417148 0.04074064 -0.10046212
v 0.02306901 0.04002285 -0.10027546
v 0.02306898 0.04111814 -0.0998238
v 0.02417152 0.03949045 -0.10079171
v 0.02209186 0.04033672 -0.0994828
v 0.02209183 0.04121201 -0.09897642
v 0.02129403 0.04035921 -0.09851208
v 0.0241714 0.04340306 -0.09776862
v 0.0233343 0.04340805 -0.09670545
v 0.02431054 0.04376948 -0.09629323
v 0.02245856 0.04281992 -0.09708066
v 0.02172723 0.04203459 -0.09740005
v 0.02142751 0.04157993 -0.09753367
v 0.02129401 0.04097785 -0.09803408
v 0.02117698 0.04109142 -0.09764759
v 0.02097878 0.0405752 -0.09774039
v 0.02533855 0.03626646 -0.10022554
v 0.02533852 0.03734479 -0.10072353
v 0.02533861 0.03452576 -0.09841242
v 0.0253386 0.03456532 -0.09848168
v 0.0253386 0.03460598 -0.09855031
v 0.02533858 0.03533603 -0.09948724
v 0.02533861 0.03448731 -0.09834252
v 0.02417159 0.03695352 -0.10042825
v 0.02417155 0.0381976 -0.10078014
v 0.02417165 0.03495385 -0.09882528
v 0.02417162 0.03584616 -0.0997609
v 0.02425774 0.03479499 -0.09862936
v 0.02209189 0.03935894 -0.09974058
v 0.02306904 0.03884724 -0.10042249
v 0.02306908 0.03767444 -0.10025447
v 0.02209195 0.03737474 -0.0994563
v 0.02209192 0.03834776 -0.09973153
v 0.0212941 0.03808686 -0.09879626
v 0.02084602 0.03840697 -0.09810916
v 0.02129408 0.03886073 -0.09890713
v 0.02129406 0.03963648 -0.09881011
v 0.02103303 0.03789408 -0.09830767
v 0.02071964 0.03892635 -0.09788173
v 0.02074866 0.0394858 -0.0978582
v 0.02083541 0.04003773 -0.09781089
v 0.01992585 0.03888699 -0.09596737
v 0.02209197 0.03650866 -0.09893436
v 0.02306911 0.0365874 -0.09978328
v 0.0223255 0.03604252 -0.0987656
v 0.02323503 0.03532286 -0.09877297
v 0.02306914 0.03566298 -0.09904224
v 0.02127816 0.03739459 -0.09847458
v 0.0215781 0.03691524 -0.09860767
v 0.01226534 0.03850718 -0.07749242
v 0.01541132 0.04339392 -0.07192363
v 0.0116622 0.04200038 -0.07195225
v 0.01269802 0.04272036 -0.07193746
v 0.0139826 0.04321658 -0.07192726
v 0.01083978 0.04107109 -0.07197135
v 0.01029171 0.04001699 -0.071993
v 0.0100687 0.03919543 -0.07200988
v 0.00999885 0.03839482 -0.07202633
v 0.01258487 0.02086732 -0.07238644
v 0.01453268 0.0214525 -0.0741155
v 0.0139462 0.02132113 -0.07372737
v 0.01510723 0.02152171 -0.07431997
v 0.01492614 0.02150791 -0.07427918
v 0.01102527 0.02206101 -0.07236192
v 0.01169629 0.02140087 -0.07237548
v 0.01212773 0.02110449 -0.07238157
v 0.01013662 0.02390232 -0.07232409
v 0.00999925 0.02511586 -0.07229915
v 0.01050458 0.02287339 -0.07234523
v 0.0456588 0.04287304 -0.07193434
v 0.04617383 0.04245779 -0.07194287
v 0.04718377 0.04024961 -0.07198825
v 0.04710261 0.04080693 -0.0719768
v 0.04691411 0.04137751 -0.07196508
v 0.04660017 0.04194757 -0.07195336
v 0.04394201 0.04339477 -0.07192363
v 0.04509005 0.04317002 -0.07192824
v 0.04450622 0.04334135 -0.07192472
v 0.04813913 0.02401364 -0.07232182
v 0.04821377 0.03666505 -0.06763501
v 0.0487077 0.02497498 -0.06892331
v 0.04080104 0.035453 -0.06405407
v 0.01619684 0.03545227 -0.06405407
v 0.0408009 0.04018917 -0.06245131
v 0.05578441 0.02424179 -0.0309236
v 0.05699928 0.0241426 -0.02439112
v 0.05699927 0.02435489 -0.02426576
v 0.05699928 0.02425254 -0.02434063
v 0.05699926 0.02475748 -0.02344849
v 0.05699926 0.02463637 -0.02383743
v 0.05699927 0.02453528 -0.0240419
v 0.05699927 0.02444926 -0.02416625
v 0.05699926 0.02472429 -0.01968358
v 0.05699925 0.02489096 -0.0218706
v 0.0559102 0.02594198 -0.02170192
v 0.05495374 0.02666841 -0.022906
v 0.05426038 0.0269483 -0.02336995
v 0.05454612 0.0268627 -0.02322804
v 0.0540976 0.0269753 -0.02341471
v 0.0539425 0.02698421 -0.02342947
v 0.04763323 0.02424155 -0.0309236
v 0.04769148 0.02888187 -0.02903766
v 0.04771939 0.02225373 -0.07235798
v 0.04798339 0.02282795 -0.07234618
v 0.04733379 0.02174569 -0.07236842
v 0.04812004 0.02342725 -0.07233387
v 0.04080151 0.01983679 -0.06933875
v 0.0452675 0.02086829 -0.07238644
v 0.04578013 0.02091332 -0.07238552
v 0.04629987 0.02105727 -0.07238256
v 0.04684896 0.02133946 -0.07237677
v 0.05398892 0.01352821 -0.04371353
v 0.05434186 0.01169754 -0.04067924
v 0.04713994 0.0141715 -0.03699912
v 0.05529113 0.01417174 -0.03699912
v 0.05341265 0.0153599 -0.04674955
v 0.05438505 0.01004275 -0.03793646
v 0.05418696 0.00910183 -0.0363769
v 0.05314775 0.00815361 -0.03480531
v 0.05301975 0.00814704 -0.03479442
v 0.05395592 0.00865072 -0.03562921
v 0.05376483 0.00843167 -0.03526617
v 0.0536235 0.00832149 -0.03508354
v 0.05351115 0.00825716 -0.03497693
v 0.05339402 0.00820808 -0.03489559
v 0.0532727 0.00817376 -0.03483869
v 0.04769209 0.0085295 -0.03592509
v 0.04080137 0.02457294 -0.06773598
v 0.0161973 0.01983604 -0.06933875
v 0.01619716 0.02457221 -0.06773598
v 0.0113475 0.02497386 -0.06892331
v 0.01619669 0.04018842 -0.06245131
v 0.00878404 0.03666387 -0.06763501
v 0.01079138 0.04242458 -0.07194354
v 0.01134464 0.04287593 -0.07193427
v 0.0130554 0.04339385 -0.07192363
v 0.01195996 0.04318962 -0.07192782
v 0.01030174 0.04179829 -0.0719564
v 0.01251728 0.04334524 -0.07192463
v 0.00981382 0.04024849 -0.07198825
v 0.00995323 0.04102223 -0.07197235
v 0.00919283 0.02412136 -0.06901725
v 0.00971784 0.02451576 -0.06897379
v 0.01029478 0.02478988 -0.06894359
v 0.01082964 0.02493003 -0.06892814
v 0.00867455 0.02086719 -0.07238644
v 0.00930679 0.02888074 -0.02903766
v 0.00936532 0.0242404 -0.0309236
v 0.00288117 0.02697144 -0.02341084
v 0.00223316 0.0267664 -0.02307103
v 0.00250353 0.0268798 -0.02325898
v 0.00269684 0.0269373 -0.02335427
v 0.00305589 0.02698268 -0.02342947
v 0.00180484 0.02651792 -0.0226592
v 0.00112765 0.02597693 -0.02176254
v 0.0005598 0.02539876 -0.02080427
v -7.3E-07 0.02447333 -0.02413282
v -7.4E-07 0.02461253 -0.02388903
v -7.3E-07 0.02435214 -0.02426669
v -7.3E-07 0.02425027 -0.02434096
v -7.2E-07 0.02414089 -0.02439112
v -7.4E-07 0.02475581 -0.02344842
v -7.4E-07 0.02488963 -0.0220679
v -7.4E-07 0.0247226 -0.01968358
v 0.00816198 0.0219205 -0.06925979
v 0.00875686 0.02362826 -0.0690716
v 0.00823953 0.0224895 -0.06919709
v 0.00843583 0.02307102 -0.06913301
v 0.00121414 0.02424016 -0.0309236
v 0.00985921 0.01417037 -0.03699912
v 0.0093074 0.00852835 -0.03592509
v 0.00419903 0.01412442 -0.03702676
v 0.00476472 0.01417023 -0.03699912
v 0.00223219 0.01293238 -0.0377459
v 0.00260599 0.01336772 -0.03748326
v 0.00198035 0.01244782 -0.03803825
v 0.00362571 0.01397749 -0.03711538
v 0.00308162 0.01372298 -0.03726893
v 0.00092307 0.00814547 -0.03479442
v 0.00183702 0.01154001 -0.03858595
v 0.00185977 0.01198834 -0.03831546
v 0.05699983 0.00564686 -0.03065025
v 0.05199927 0.0244012 -0.0191483
v 0.05699987 0.00423386 -0.00678136
v 0.05199983 0.00556406 -0.03051325
v 0.05199984 0.00516744 -0.00856234
v 0.05700005 -0.00174071 -0.00779325
v 0.05700006 -0.00197779 -0.00774958
v 0.05700007 -0.00219754 -0.00765045
v 0.05699988 0.00402745 -0.0069059
v 0.05699989 0.00379722 -0.00697741
v 0.0569999 0.00355658 -0.00699176
v 0.05700004 -0.00126984 -0.00770738
v 0.05700004 -0.00150005 -0.0077789
v 0.0519999 0.00339776 -0.00940563
v 0.05199996 0.00149755 -0.00988747
v 0.05200001 -0.00046015 -0.00998933
v 0.05200018 -0.00593211 -0.00804932
v 0.05200028 -0.00941701 -0.00568248
v 0.05700028 -0.00941686 -0.00568248
v 0.05200007 -0.00240009 -0.00970732
v 0.05200013 -0.00424776 -0.00905226
v 0.00499983 0.00556265 -0.03051325
v 0.05699977 0.00770837 -0.00209237
v 0.05699977 0.00758347 -0.00229856
v 0.05699978 0.00741285 -0.00246888
v 0.05699977 0.00778029 -0.00186227
v 0.05699987 0.00452936 -0.00640485
v 0.05699977 0.00779505 -0.00162165
v 0.05699987 0.00440446 -0.00661104
v 0.05199976 0.00805088 -0.00593367
v 0.0519998 0.00673861 -0.00739
v 0.05199973 0.00905381 -0.00424931
v 0.05199971 0.00970887 -0.00240165
v 0.05199971 0.00988903 0.00149599
v 0.0519997 0.00999088 -0.0004617
v 0.05699972 0.00942028 0.00568248
v 0.05199972 0.00942013 0.00568248
v 0.0549998 0.0067387 -0.00739
v 0.05499976 0.00805097 -0.00593367
v 0.05499986 0.00461599 -0.00593413
v 0.05499986 0.00457274 -0.00569697
v 0.05499987 0.004474 -0.00547705
v 0.05499987 0.00440441 -0.00661104
v 0.05499985 0.00516753 -0.00856234
v 0.05499986 0.00460122 -0.00617475
v 0.05499987 0.00452931 -0.00640485
v 0.05499991 0.00309968 -0.00684896
v 0.0549999 0.00331943 -0.0069481
v 0.0549999 0.00339785 -0.00940563
v 0.05499989 0.00379717 -0.00697741
v 0.05499988 0.0042338 -0.00678136
v 0.05499988 0.00402738 -0.0069059
v 0.05499989 0.00355651 -0.00699176
v 0.05699987 0.00460129 -0.00617475
v 0.05699991 0.0029101 -0.00670012
v 0.05699991 0.00309974 -0.00684896
v 0.05499991 0.00291004 -0.00670012
v 0.0569999 0.00331948 -0.0069481
v 0.05699986 0.0045728 -0.00569697
v 0.05699987 0.00461606 -0.00593413
v 0.05699987 0.00447406 -0.00547705
v 0.05699987 0.00432555 -0.00528715
v 0.05499987 0.0043255 -0.00528715
v 0.05699979 0.00697622 -0.00266493
v 0.0569998 0.00673557 -0.00267928
v 0.05699978 0.00720644 -0.00259341
v 0.05499978 0.0074128 -0.00246888
v 0.05499978 0.00758342 -0.00229856
v 0.05499978 0.00720638 -0.00259341
v 0.05499979 0.00697616 -0.00266493
v 0.05499977 0.00770831 -0.00209237
v 0.05499977 0.00778023 -0.00186227
v 0.05499977 0.007795 -0.00162165
v 0.05499981 0.00627868 -0.00253648
v 0.05699981 0.00649849 -0.00263562
v 0.05499981 0.00649844 -0.00263562
v 0.05499982 0.00608905 -0.00238765
v 0.05699981 0.00627875 -0.00253648
v 0.0549998 0.00673552 -0.00267928
v 0.05699982 0.0060891 -0.00238765
v 0.05499973 0.00905391 -0.00424931
v 0.05499971 0.00970896 -0.00240165
v 0.05699988 0.00413591 -0.00513831
v 0.05699988 0.00391617 -0.00503918
v 0.05699991 0.00314828 -0.00246963
v 0.05499988 0.00413585 -0.00513831
v 0.05499988 0.00391611 -0.00503918
v 0.05699991 0.00300179 -0.00520591
v 0.05699991 0.00283119 -0.00537623
v 0.05499991 0.00300173 -0.00520591
v 0.05699991 0.00320822 -0.00508138
v 0.0549999 0.00320815 -0.00508138
v 0.05499989 0.00367901 -0.00499551
v 0.0569999 0.00343843 -0.00500986
v 0.0549999 0.00343837 -0.00500986
v 0.05699989 0.00367908 -0.00499551
v 0.05699993 0.00246582 -0.00315089
v 0.05499991 0.00314822 -0.00246963
v 0.05699982 0.00584184 -0.00197783
v 0.05699982 0.0057986 -0.00174066
v 0.05699989 0.00364786 -0.00164484
v 0.05499982 0.00579854 -0.00174066
v 0.05499982 0.00584179 -0.00197783
v 0.05699982 0.0059406 -0.00219775
v 0.05499982 0.00594054 -0.00219775
v 0.05499989 0.00364781 -0.00164484
v 0.05699977 0.00775181 -0.00138449
v 0.05499977 0.00775175 -0.00138449
v 0.05699977 0.00765307 -0.00116457
v 0.05499977 0.007653 -0.00116457
v 0.05699978 0.00750456 -0.00097467
v 0.05499978 0.00750449 -0.00097467
v 0.05699979 0.00709517 -0.0007267
v 0.0569998 0.00685808 -0.00068303
v 0.05499979 0.0070951 -0.0007267
v 0.05699978 0.00731492 -0.00082583
v 0.05499978 0.00731486 -0.00082583
v 0.05499981 0.00638715 -0.0007689
v 0.05699981 0.0061808 -0.00089343
v 0.05499982 0.00618074 -0.00089343
v 0.05699981 0.00638721 -0.0007689
v 0.0569998 0.00661743 -0.00069738
v 0.0549998 0.00661738 -0.00069738
v 0.05699982 0.00601018 -0.00106375
v 0.05499979 0.00685802 -0.00068303
v 0.0569998 0.00661137 0.0028284
v 0.05699981 0.00640495 0.00270386
v 0.05699981 0.00617473 0.00263234
v 0.0569998 0.00690689 0.00320491
v 0.0569998 0.00678199 0.00299871
v 0.05699982 0.00593409 0.002618
v 0.05499981 0.0064049 0.00270386
v 0.0549998 0.00661131 0.0028284
v 0.05499971 0.00988912 0.00149599
v 0.05499982 0.00593403 0.002618
v 0.05499982 0.00617467 0.00263234
v 0.05699988 0.00399462 0.00023802
v 0.05699988 0.00393555 -0.00072446
v 0.05699982 0.00581336 -0.00150004
v 0.05699982 0.00588529 -0.00126995
v 0.05499982 0.00601012 -0.00106375
v 0.05499982 0.00588522 -0.00126995
v 0.05499982 0.00581331 -0.00150004
v 0.05499988 0.00393549 -0.00072446
v 0.05499988 0.00399456 0.00023802
v 0.05699988 0.00382162 0.00118667
v 0.05499988 0.00382156 0.00118667
v 0.05499972 0.00940727 0.0033962
v 0.0549998 0.00678193 0.00299871
v 0.05499979 0.00697874 0.00343501
v 0.05499979 0.00699351 0.00367562
v 0.05499979 0.00690681 0.00320491
v 0.05699979 0.0069788 0.00343501
v 0.05699979 0.00699357 0.00367562
v 0.05699979 0.00695032 0.00391279
v 0.05499979 0.00695026 0.00391279
v 0.05699979 0.00685157 0.00413271
v 0.05499979 0.00685151 0.00413271
v 0.05699983 0.00569701 0.00266166
v 0.05699984 0.00547725 0.00276079
v 0.05699984 0.00528762 0.00290963
v 0.05499984 0.00547719 0.00276079
v 0.05499983 0.00569693 0.00266166
v 0.05499985 0.0050403 0.00331945
v 0.05699985 0.00513911 0.00309953
v 0.05499985 0.00513905 0.00309953
v 0.05699985 0.00499711 0.00355662
v 0.05699985 0.00504036 0.00331945
v 0.05499984 0.00528756 0.00290963
v 0.05499985 0.00499705 0.00355662
v 0.05699984 0.00520869 0.00423353
v 0.05699985 0.00508379 0.00402733
v 0.05499984 0.00520864 0.00423353
v 0.05499985 0.00508374 0.00402733
v 0.05699985 0.00501188 0.00379724
v 0.05499985 0.00501182 0.00379724
v 0.0549999 0.00342658 0.00206636
v 0.0569999 0.00342664 0.00206636
v 0.05699991 0.0028326 0.00282595
v 0.05699994 0.00207405 0.00342131
v 0.05499992 0.00283255 0.00282595
v 0.05499994 0.00207399 0.00342131
v 0.0549997 0.00999098 -0.0004617
v 0.05199972 0.00940719 0.0033962
v 0.05499974 0.00856398 0.00516589
v 0.0549998 0.006703 0.00432261
v 0.0549998 0.00651336 0.00447145
v 0.0569998 0.00670306 0.00432261
v 0.05699981 0.00651343 0.00447145
v 0.05699981 0.00629367 0.00457058
v 0.05699982 0.00605659 0.00461424
v 0.05499981 0.00629362 0.00457058
v 0.05699983 0.00581595 0.0045999
v 0.05499982 0.00605653 0.00461424
v 0.05699975 0.00829043 0.00723166
v 0.0569998 0.00690875 0.00856112
v 0.05499978 0.00739165 0.00673706
v 0.05499982 0.00593531 0.00804932
v 0.05499983 0.00581589 0.0045999
v 0.05699992 0.00268109 0.00685463
v 0.05699983 0.00558572 0.00452838
v 0.05699993 0.00229888 0.0060074
v 0.05699993 0.0024695 0.00617772
v 0.05699984 0.00537931 0.00440384
v 0.05699992 0.0025944 0.00638391
v 0.05699992 0.00266632 0.00661401
v 0.05499984 0.00537925 0.00440384
v 0.05499983 0.00558567 0.00452838
v 0.05499992 0.00266626 0.00661401
v 0.05499993 0.00246945 0.00617772
v 0.05499993 0.00229883 0.0060074
v 0.05499993 0.00259435 0.00638391
v 0.05699994 0.00220095 0.00765046
v 0.0569999 0.00356413 0.01040717
v 0.05699994 0.00198121 0.00774958
v 0.05699993 0.00239059 0.00750161
v 0.05699984 0.00531719 0.00963045
v 0.05699993 0.0025391 0.00731171
v 0.05699992 0.00263784 0.00709179
v 0.05499987 0.00425095 0.00905226
v 0.05499992 0.00253903 0.00731171
v 0.05499993 0.00239052 0.00750161
v 0.05499992 0.00263778 0.00709179
v 0.05499992 0.00268103 0.00685463
v 0.05499994 0.00220089 0.00765046
v 0.05499993 0.0024033 0.00970732
v 0.05199989 0.00356397 0.01040717
v 0.05199984 0.00531704 0.00963045
v 0.05199975 0.00829028 0.00723166
v 0.05199974 0.00856389 0.00516589
v 0.05199978 0.00739155 0.00673706
v 0.0519998 0.0069086 0.00856112
v 0.05199987 0.00425086 0.00905226
v 0.05199982 0.00593522 0.00804932
v 0.05500002 -0.00076797 -0.00720633
v 0.05499995 0.00149764 -0.00988747
v 0.05500003 -0.00089287 -0.00741253
v 0.05500001 -0.00046006 -0.00998933
v 0.05499992 0.00276153 -0.00651022
v 0.05499992 0.00266278 -0.0062903
v 0.05699992 0.00276159 -0.00651022
v 0.05699992 0.00266285 -0.0062903
v 0.05499992 0.00261953 -0.00605314
v 0.05699992 0.0026196 -0.00605314
v 0.05700003 -0.00106342 -0.00758285
v 0.05700003 -0.00089281 -0.00741253
v 0.05700002 -0.00076791 -0.00720633
v 0.05700002 -0.000696 -0.00697624
v 0.05700002 -0.00068123 -0.00673562
v 0.05700002 -0.00072448 -0.00649846
v 0.05699992 0.00263437 -0.00581252
v 0.05499992 0.00283113 -0.00537623
v 0.05699992 0.00270629 -0.00558242
v 0.05499992 0.00270623 -0.00558242
v 0.05499992 0.0026343 -0.00581252
v 0.05699998 0.00071929 -0.00393511
v 0.05499998 0.00071923 -0.00393511
v 0.05500002 -0.00068129 -0.00673562
v 0.05700003 -0.00082321 -0.00627853
v 0.05500002 -0.00069605 -0.00697624
v 0.05700003 -0.00116136 -0.0059398
v 0.05700001 -0.0002433 -0.00399249
v 0.05700004 -0.00138111 -0.00584066
v 0.05700003 -0.00097172 -0.00608864
v 0.05500002 -0.00072453 -0.00649846
v 0.05500002 -0.00082329 -0.00627853
v 0.05500001 -0.00024336 -0.00399249
v 0.05500003 -0.00106349 -0.00758285
v 0.05500004 -0.0012699 -0.00770738
v 0.05500004 -0.00150012 -0.0077789
v 0.05500007 -0.0024 -0.00970732
v 0.05500005 -0.00174077 -0.00779325
v 0.05500006 -0.00197785 -0.00774958
v 0.05500007 -0.00238723 -0.00750161
v 0.05500007 -0.00219759 -0.00765045
v 0.05700007 -0.00238718 -0.00750161
v 0.05500008 -0.0026345 -0.00709179
v 0.05500007 -0.00253574 -0.00731171
v 0.05500013 -0.00424766 -0.00905226
v 0.05700007 -0.00253569 -0.00731171
v 0.05700007 -0.00246609 -0.00617772
v 0.05700008 -0.00259099 -0.00638391
v 0.05500007 -0.00246616 -0.00617772
v 0.05700005 -0.00161821 -0.005797
v 0.05700006 -0.00185885 -0.00581135
v 0.05500005 -0.00161826 -0.005797
v 0.05500004 -0.00116142 -0.0059398
v 0.05500004 -0.00138117 -0.00584066
v 0.05500003 -0.00097178 -0.00608864
v 0.05500006 -0.00185891 -0.00581135
v 0.05500006 -0.00208913 -0.00588287
v 0.05700007 -0.00229548 -0.0060074
v 0.05500007 -0.00229554 -0.0060074
v 0.05700006 -0.00208907 -0.00588287
v 0.05700015 -0.00508039 -0.00402733
v 0.05700016 -0.00520529 -0.00423353
v 0.05700008 -0.00263444 -0.00709179
v 0.05700018 -0.00581253 -0.0045999
v 0.05700018 -0.00605318 -0.00461424
v 0.05700008 -0.00267769 -0.00685463
v 0.05700017 -0.00558231 -0.00452838
v 0.05700016 -0.0053759 -0.00440384
v 0.05700008 -0.00266292 -0.00661401
v 0.05500008 -0.00266298 -0.00661401
v 0.05500008 -0.00267774 -0.00685463
v 0.05500008 -0.00259105 -0.00638391
v 0.05500016 -0.00537595 -0.00440384
v 0.05500016 -0.00520535 -0.00423353
v 0.05500015 -0.00508045 -0.00402733
v 0.05699995 0.00164017 -0.00364903
v 0.05499995 0.0016401 -0.00364903
v 0.05499993 0.00246576 -0.00315089
v 0.05700003 -0.00119166 -0.00381784
v 0.05700009 -0.00282919 -0.00282595
v 0.05700006 -0.00207063 -0.00342131
v 0.05500008 -0.00282926 -0.00282595
v 0.05500006 -0.00207071 -0.00342131
v 0.05500003 -0.00119171 -0.00381784
v 0.05500015 -0.00500854 -0.00379724
v 0.05700015 -0.00500846 -0.00379724
v 0.0570001 -0.00342322 -0.00206636
v 0.05700015 -0.00503694 -0.00331945
v 0.05700015 -0.0051357 -0.00309953
v 0.05700016 -0.0052842 -0.00290963
v 0.05700015 -0.0049937 -0.00355662
v 0.0550001 -0.00342329 -0.00206636
v 0.05500015 -0.00503701 -0.00331945
v 0.05500015 -0.00499377 -0.00355662
v 0.05700012 -0.00381822 -0.00118667
v 0.05500012 -0.00381828 -0.00118667
v 0.05700012 -0.00399121 -0.00023802
v 0.05700012 -0.00393214 0.00072446
v 0.05500012 -0.00393221 0.00072446
v 0.05500012 -0.00399126 -0.00023802
v 0.05500018 -0.00593202 -0.00804932
v 0.05500022 -0.00738836 -0.00673706
v 0.05500017 -0.00581259 -0.0045999
v 0.05500017 -0.00558238 -0.00452838
v 0.05700019 -0.00629027 -0.00457058
v 0.05500018 -0.00605325 -0.00461424
v 0.05500019 -0.00629033 -0.00457058
v 0.05500019 -0.00651007 -0.00447145
v 0.05700019 -0.00651002 -0.00447145
v 0.05500025 -0.0085607 -0.00516589
v 0.0550002 -0.00694698 -0.00391279
v 0.0550002 -0.00684823 -0.00413271
v 0.0550002 -0.00669972 -0.00432261
v 0.0570002 -0.00684817 -0.00413271
v 0.05700021 -0.00694691 -0.00391279
v 0.05700031 -0.01026052 -0.00396063
v 0.0570002 -0.00669966 -0.00432261
v 0.05200031 -0.01026067 -0.00396063
v 0.05200026 -0.00856078 -0.00516589
v 0.05200022 -0.00738844 -0.00673706
v 0.05500016 -0.00513575 -0.00309953
v 0.05700016 -0.00547385 -0.00276079
v 0.05700017 -0.00569359 -0.00266166
v 0.05500016 -0.0054739 -0.00276079
v 0.05500016 -0.00528426 -0.00290963
v 0.05500021 -0.00699022 -0.00367562
v 0.05700021 -0.00699015 -0.00367562
v 0.05500021 -0.00697546 -0.00343501
v 0.05700021 -0.00697539 -0.00343501
v 0.05500017 -0.00593074 -0.002618
v 0.05700018 -0.00617133 -0.00263234
v 0.05500019 -0.00617139 -0.00263234
v 0.05700018 -0.00593067 -0.002618
v 0.05500017 -0.00569365 -0.00266166
v 0.05700019 -0.00640154 -0.00270386
v 0.0570002 -0.00677857 -0.00299871
v 0.0570002 -0.00690347 -0.00320491
v 0.0550002 -0.00677863 -0.00299871
v 0.05500021 -0.00690353 -0.00320491
v 0.0570002 -0.00660797 -0.0028284
v 0.0550002 -0.00660802 -0.0028284
v 0.05500019 -0.00640161 -0.00270386
v 0.05700019 -0.00638381 0.0007689
v 0.0570002 -0.00661402 0.00069738
v 0.0570002 -0.00685468 0.00068303
v 0.05700021 -0.00709176 0.0007267
v 0.05700022 -0.0073115 0.00082583
v 0.05700018 -0.00600678 0.00106375
v 0.05700019 -0.00617738 0.00089343
v 0.05500021 -0.00709182 0.0007267
v 0.05500019 -0.00638387 0.0007689
v 0.0550002 -0.00661409 0.00069738
v 0.0550002 -0.00685473 0.00068303
v 0.05500018 -0.00600684 0.00106375
v 0.05500019 -0.00617745 0.00089343
v 0.05700032 -0.01079238 -0.00211844
v 0.05500028 -0.00940398 -0.0033962
v 0.0550003 -0.00988582 -0.00149599
v 0.05200032 -0.01079253 -0.00211844
v 0.05200028 -0.00940407 -0.0033962
v 0.0520003 -0.00988591 -0.00149599
v 0.05500022 -0.0075012 0.00097467
v 0.05500022 -0.00731156 0.00082583
v 0.0550003 -0.00998769 0.0004617
v 0.05700022 -0.00750115 0.00097467
v 0.05700023 -0.00764965 0.00116457
v 0.05700033 -0.01099626 -0.00021188
v 0.05200033 -0.01099641 -0.00021188
v 0.0520003 -0.00998778 0.0004617
v 0.05699996 0.00119506 0.00381784
v 0.05499997 0.001195 0.00381784
v 0.05699999 0.00024672 0.00399249
v 0.055 0.00024666 0.00399249
v 0.05700002 -0.00071587 0.00393511
v 0.05500002 -0.00071593 0.00393511
v 0.05699994 0.00186225 0.00581134
v 0.05699995 0.00162161 0.005797
v 0.05699994 0.00209247 0.00588286
v 0.05699996 0.00138452 0.00584066
v 0.05499996 0.00116471 0.00593979
v 0.05499996 0.00138447 0.00584066
v 0.05699997 0.00116478 0.00593979
v 0.05699997 0.00097514 0.00608863
v 0.05499997 0.00097508 0.00608863
v 0.05499995 0.00162155 0.005797
v 0.05499994 0.00209242 0.00588286
v 0.05499994 0.00186219 0.00581134
v 0.05699997 0.00082663 0.00627854
v 0.05699998 0.00072787 0.00649846
v 0.05700008 -0.00263096 0.00581252
v 0.05499998 0.00072782 0.00649846
v 0.05499998 0.00082657 0.00627854
v 0.05700011 -0.00364446 0.00164484
v 0.05500011 -0.00364452 0.00164484
v 0.05700009 -0.00314487 0.00246963
v 0.0550001 -0.00314492 0.00246963
v 0.05700007 -0.00246242 0.00315089
v 0.05500007 -0.00246247 0.00315089
v 0.05700005 -0.00163676 0.00364903
v 0.05500005 -0.00163681 0.00364903
v 0.05700018 -0.00593718 0.00219775
v 0.05700009 -0.00299839 0.00520591
v 0.05700009 -0.00282777 0.00537622
v 0.05700008 -0.00270287 0.00558242
v 0.05500008 -0.00270294 0.00558242
v 0.05500008 -0.00263101 0.00581252
v 0.05500009 -0.00282783 0.00537622
v 0.0570001 -0.0032048 0.00508138
v 0.0570001 -0.00343503 0.00500986
v 0.0550001 -0.00343508 0.00500986
v 0.0550001 -0.00320486 0.00508138
v 0.05700011 -0.00367567 0.00499551
v 0.05500009 -0.00299845 0.00520591
v 0.05700012 -0.00391275 0.00503918
v 0.05500012 -0.00391282 0.00503918
v 0.05500011 -0.00367573 0.00499551
v 0.05700012 -0.00413251 0.00513831
v 0.05500012 -0.00413257 0.00513831
v 0.05700013 -0.00432214 0.00528715
v 0.05500013 -0.00432219 0.00528715
v 0.05700008 -0.00261619 0.00605314
v 0.05500008 -0.00261625 0.00605314
v 0.05499994 0.00198113 0.00774958
v 0.05699995 0.00174411 0.00779325
v 0.05699996 0.00150347 0.0077789
v 0.05499995 0.00174405 0.00779325
v 0.05699998 0.00068463 0.00673562
v 0.05499998 0.00068457 0.00673562
v 0.05499998 0.00069934 0.00697624
v 0.05699998 0.0006994 0.00697624
v 0.05699996 0.00127324 0.00770739
v 0.05699997 0.00106683 0.00758284
v 0.05499996 0.00127318 0.00770739
v 0.05499995 0.00150341 0.0077789
v 0.05499997 0.00089615 0.00741253
v 0.05699998 0.00077133 0.00720633
v 0.05499998 0.00077125 0.00720633
v 0.05699997 0.00089621 0.00741253
v 0.05499997 0.00106677 0.00758284
v 0.05499998 0.00046335 0.00998934
v 0.05699995 0.00170282 0.01086767
v 0.05700001 -0.00021017 0.01099796
v 0.05700006 -0.00211673 0.01079408
v 0.05500004 -0.00149436 0.00988747
v 0.05200001 -0.00021032 0.01099796
v 0.05199995 0.00170267 0.01086767
v 0.05199993 0.00240321 0.00970732
v 0.05199999 0.00046325 0.00998934
v 0.05700008 -0.00265944 0.0062903
v 0.05700008 -0.00275819 0.00651023
v 0.05700009 -0.0029067 0.00670012
v 0.05500008 -0.00265949 0.0062903
v 0.05500008 -0.00275825 0.00651023
v 0.05700009 -0.00309633 0.00684896
v 0.0570001 -0.00331608 0.00694809
v 0.05500009 -0.0030964 0.00684896
v 0.0550001 -0.00331614 0.00694809
v 0.05500009 -0.00290675 0.00670012
v 0.0570001 -0.00355317 0.00699176
v 0.05500011 -0.00355322 0.00699176
v 0.05700011 -0.00379381 0.00697741
v 0.05500012 -0.00379387 0.00697741
v 0.05700012 -0.00402403 0.0069059
v 0.05500012 -0.00402409 0.0069059
v 0.05700013 -0.00423045 0.00678136
v 0.05700013 -0.00440107 0.00661104
v 0.05500013 -0.0042305 0.00678136
v 0.0550001 -0.00339455 0.00940563
v 0.05700012 -0.00395893 0.01026223
v 0.05200012 -0.00395908 0.01026223
v 0.05200005 -0.00149443 0.00988747
v 0.05200006 -0.00211688 0.01079408
v 0.0520001 -0.00339464 0.00940563
v 0.05700018 -0.00588188 0.00126995
v 0.05700017 -0.00580996 0.00150004
v 0.05700017 -0.00583844 0.00197783
v 0.05700017 -0.0057952 0.00174066
v 0.05700018 -0.00608569 0.00238765
v 0.05500018 -0.00588194 0.00126995
v 0.05500017 -0.00581002 0.00150004
v 0.05500017 -0.00579525 0.00174066
v 0.05500017 -0.00593725 0.00219775
v 0.05500017 -0.0058385 0.00197783
v 0.05500018 -0.00608576 0.00238765
v 0.05500023 -0.00764971 0.00116457
v 0.05500023 -0.00774846 0.00138449
v 0.05700023 -0.00774841 0.00138449
v 0.05700023 -0.00779165 0.00162165
v 0.05500023 -0.00779171 0.00162165
v 0.0570002 -0.00649508 0.00263562
v 0.0570002 -0.00673217 0.00267928
v 0.0550002 -0.00649513 0.00263562
v 0.05700021 -0.00697282 0.00266493
v 0.0550002 -0.00673223 0.00267928
v 0.05700019 -0.00627533 0.00253648
v 0.05500019 -0.00627539 0.00253648
v 0.05700023 -0.00777689 0.00186227
v 0.05500023 -0.00777694 0.00186227
v 0.05700023 -0.00770496 0.00209237
v 0.05500023 -0.00770501 0.00209237
v 0.05700023 -0.00758006 0.00229856
v 0.05500023 -0.00758013 0.00229856
v 0.05700022 -0.00740945 0.00246888
v 0.05500022 -0.00740951 0.00246888
v 0.05700021 -0.00720304 0.00259341
v 0.05500022 -0.0072031 0.00259341
v 0.05500021 -0.00697287 0.00266493
v 0.05700013 -0.00447065 0.00547705
v 0.05700014 -0.0045694 0.00569696
v 0.05500014 -0.0044707 0.00547705
v 0.05500024 -0.00804767 0.00593367
v 0.05700026 -0.00855941 0.00690704
v 0.05700032 -0.01086597 0.00170111
v 0.05700031 -0.01040547 0.00356242
v 0.05500029 -0.00970568 0.00240165
v 0.05200033 -0.01086612 0.00170111
v 0.05200031 -0.01040562 0.00356242
v 0.05700029 -0.00962874 0.00531548
v 0.05500027 -0.00905062 0.00424931
v 0.05200029 -0.00962889 0.00531548
v 0.05200029 -0.00970577 0.00240165
v 0.05200027 -0.0090507 0.00424931
v 0.05200024 -0.00804776 0.00593367
v 0.05700022 -0.00722996 0.00828873
v 0.05700013 -0.00452596 0.00640484
v 0.05700014 -0.00461265 0.00593413
v 0.05700014 -0.00459788 0.00617475
v 0.05500014 -0.00456946 0.00569696
v 0.05500014 -0.0046127 0.00593413
v 0.05500013 -0.00452602 0.00640484
v 0.05500014 -0.00459794 0.00617475
v 0.05500013 -0.00440112 0.00661104
v 0.05500015 -0.00516425 0.00856234
v 0.0550002 -0.00673541 0.00739
v 0.05700017 -0.00568078 0.00941857
v 0.05200017 -0.00568093 0.00941857
v 0.05200015 -0.00516434 0.00856234
v 0.0520002 -0.00673551 0.00739
v 0.05200026 -0.00855956 0.00690704
v 0.05200022 -0.00723011 0.00828873
v 0.00499927 0.02439979 -0.0191483
v -1.7E-07 0.00564516 -0.03065025
v -1.3E-07 0.00423215 -0.00678136
v -1.3E-07 0.00440277 -0.00661104
v -1.3E-07 0.00452767 -0.00640485
v 0.00499976 0.00804947 -0.00593367
v 0.0049998 0.00673721 -0.00739
v 0.00499985 0.00516604 -0.00856234
v 0.0049999 0.00339635 -0.00940563
v 0.00499995 0.00149614 -0.00988747
v 0.00500001 -0.00046155 -0.00998933
v 0.00500007 -0.0024015 -0.00970732
v 0.00500013 -0.00424915 -0.00905226
v -1.2E-07 0.00402574 -0.0069059
v -1.1E-07 0.00379551 -0.00697741
v 5E-08 -0.0017424 -0.00779325
v 4E-08 -0.00150176 -0.0077789
v -1.1E-07 0.00355487 -0.00699176
v 4E-08 -0.00127154 -0.00770738
v 2.8E-07 -0.00941857 -0.00568248
v 6E-08 -0.00219925 -0.00765045
v 6E-08 -0.0019795 -0.00774958
v 0.00500028 -0.00941842 -0.00568248
v 0.00500018 -0.00593351 -0.00804932
v -2.2E-07 0.00741116 -0.00246888
v -2.3E-07 0.00758176 -0.00229856
v -2.3E-07 0.00770666 -0.00209237
v -2.3E-07 0.00777859 -0.00186227
v -2.3E-07 0.00779336 -0.00162165
v 0.0049997 0.00998949 -0.0004617
v 0.00499971 0.00970747 -0.00240165
v 0.00499973 0.0090524 -0.00424931
v -2.8E-07 0.00941857 0.00568248
v 0.0049997 0.00988761 0.00149599
v 0.00499972 0.00941872 0.00568248
v 0.00199973 0.00905232 -0.00424931
v 0.00199976 0.00804938 -0.00593367
v 0.0019998 0.00673712 -0.00739
v 0.0019999 0.00339625 -0.00940563
v 0.00199985 0.00516595 -0.00856234
v 0.00199989 0.00379557 -0.00697741
v 0.00199989 0.00355493 -0.00699176
v 0.00199988 0.00402579 -0.0069059
v 0.00199987 0.00423221 -0.00678136
v 0.00199987 0.00440283 -0.00661104
v 0.00199986 0.00461441 -0.00593413
v 0.00199986 0.00459964 -0.00617475
v 0.00199986 0.00457116 -0.00569697
v 0.00199987 0.00447242 -0.00547705
v 0.00199987 0.00452773 -0.00640485
v -1.4E-07 0.00459958 -0.00617475
v -1.4E-07 0.00461435 -0.00593413
v -1.4E-07 0.0045711 -0.00569697
v -1.3E-07 0.00447235 -0.00547705
v -1.3E-07 0.00432384 -0.00528715
v 0.00199988 0.00413427 -0.00513831
v -1.2E-07 0.00413421 -0.00513831
v 0.00199987 0.00432391 -0.00528715
v 0.00199989 0.00391453 -0.00503918
v -1.2E-07 0.00391446 -0.00503918
v 0.00199989 0.00367743 -0.00499551
v 0.00199979 0.00697458 -0.00266493
v 0.00199971 0.00970738 -0.00240165
v 0.0019998 0.00673393 -0.00267928
v 0.00199978 0.0072048 -0.00259341
v 0.00199978 0.00741121 -0.00246888
v 0.00199977 0.00758183 -0.00229856
v 0.00199977 0.00779341 -0.00162165
v 0.00199977 0.00777865 -0.00186227
v 0.0019997 0.0099894 -0.0004617
v 0.00199977 0.00775017 -0.00138449
v 0.00199977 0.00765142 -0.00116457
v 0.00199977 0.00770672 -0.00209237
v -2.1E-07 0.00720475 -0.00259341
v 0.00199977 0.00750291 -0.00097467
v -2.3E-07 0.00765136 -0.00116457
v -2.3E-07 0.00750285 -0.00097467
v 0.00199978 0.00731326 -0.00082583
v -2.2E-07 0.00731321 -0.00082583
v -2.3E-07 0.00775011 -0.00138449
v 0.00199981 0.00627709 -0.00253648
v 0.00199982 0.00608747 -0.00238765
v 0.00199981 0.00649685 -0.00263562
v -2.1E-07 0.00697452 -0.00266493
v -2E-07 0.00673388 -0.00267928
v -2E-07 0.00649678 -0.00263562
v 0.00199991 0.00314664 -0.00246963
v -1.9E-07 0.00627704 -0.00253648
v -1.8E-07 0.00608739 -0.00238765
v -1E-07 0.00314657 -0.00246963
v 0.00199982 0.00593896 -0.00219775
v -1.8E-07 0.00593889 -0.00219775
v -1.7E-07 0.0057969 -0.00174066
v 0.00199983 0.0058402 -0.00197783
v -1.7E-07 0.00584015 -0.00197783
v 0.00199983 0.00579696 -0.00174066
v -1.8E-07 0.00588358 -0.00126995
v 0.00199983 0.00581173 -0.00150004
v -1.7E-07 0.00581167 -0.00150004
v -1.8E-07 0.0061791 -0.00089343
v 0.00199982 0.00600854 -0.00106375
v -1.8E-07 0.00600848 -0.00106375
v 0.00199982 0.00588364 -0.00126995
v 0.00199982 0.00617916 -0.00089343
v 0.00199988 0.00393391 -0.00072446
v 0.00199989 0.00364623 -0.00164484
v -1.2E-07 0.00393386 -0.00072446
v -1.1E-07 0.00364617 -0.00164484
v 0.00199979 0.00709352 -0.0007267
v 0.0019997 0.00988752 0.00149599
v 0.0019998 0.00660973 0.0028284
v 0.00499972 0.00940578 0.0033962
v 0.00499974 0.00856248 0.00516589
v 0.00199972 0.00940568 0.0033962
v 0.00199975 0.0085624 0.00516589
v 0.0019998 0.00678033 0.00299871
v 0.00199979 0.00690523 0.00320491
v -2.1E-07 0.00690518 0.00320491
v 0.00199979 0.00697716 0.00343501
v 0.00199979 0.00699193 0.00367562
v -2.1E-07 0.00699186 0.00367562
v -2.1E-07 0.00697711 0.00343501
v 0.00199979 0.00694868 0.00391279
v 0.00199979 0.00684993 0.00413271
v -1.9E-07 0.00638551 -0.0007689
v 0.00199981 0.00640332 0.00270386
v 0.0019998 0.0066158 -0.00069738
v 0.00199981 0.00638557 -0.0007689
v -2E-07 0.00661572 -0.00069738
v 0.0019998 0.00685644 -0.00068303
v 0.00199981 0.00617309 0.00263234
v 0.00199982 0.00593245 0.002618
v -2E-07 0.00685638 -0.00068303
v -2.1E-07 0.00709346 -0.0007267
v -1.9E-07 0.00640325 0.00270386
v -2E-07 0.00660967 0.0028284
v -1.8E-07 0.00593238 0.002618
v -1.8E-07 0.00617304 0.00263234
v -2E-07 0.00678028 0.00299871
v 0.00199988 0.00399297 0.00023802
v 0.00199989 0.00381998 0.00118667
v -1.2E-07 0.00399291 0.00023802
v -1.1E-07 0.00381993 0.00118667
v 0.00199983 0.00569535 0.00266166
v -1.7E-07 0.0056953 0.00266166
v 0.00199984 0.00547561 0.00276079
v 0.00199984 0.00528597 0.00290963
v -1.6E-07 0.00547555 0.00276079
v -2.1E-07 0.00694861 0.00391279
v -2E-07 0.00684987 0.00413271
v 0.0019998 0.00670142 0.00432261
v -2E-07 0.00670136 0.00432261
v -2E-07 0.00651172 0.00447145
v 0.00199981 0.00629203 0.00457058
v -1.9E-07 0.00629198 0.00457058
v 0.0019998 0.00651178 0.00447145
v 0.00199982 0.00605495 0.00461424
v 0.00199983 0.00558408 0.00452838
v 0.00199984 0.00537767 0.00440384
v -1.6E-07 0.00558403 0.00452838
v 0.00199982 0.0058143 0.0045999
v -1.7E-07 0.00581424 0.0045999
v -1.8E-07 0.00605488 0.00461424
v 0.00199985 0.00503872 0.00331945
v 0.00199985 0.00499547 0.00355662
v 0.00199992 0.00283097 0.00282595
v 0.00199985 0.00513746 0.00309953
v 0.0019999 0.003425 0.00206636
v -1.6E-07 0.00528591 0.00290963
v -1.5E-07 0.0051374 0.00309953
v -1E-07 0.00342494 0.00206636
v -1.5E-07 0.00503866 0.00331945
v -1.5E-07 0.0049954 0.00355662
v -1.5E-07 0.0050821 0.00402733
v 0.00199985 0.00501024 0.00379724
v -1.5E-07 0.00501017 0.00379724
v 0.00199985 0.00508215 0.00402733
v -1.6E-07 0.0053776 0.00440384
v 0.00199985 0.00520705 0.00423353
v -1.5E-07 0.005207 0.00423353
v 0.00199994 0.00207241 0.00342131
v 0.00499975 0.00828888 0.00723166
v 0.00499978 0.00739016 0.00673706
v 0.00499979 0.00690719 0.00856112
v 0.00499982 0.00593382 0.00804932
v 0.00199978 0.00739006 0.00673706
v 0.00199982 0.00593373 0.00804932
v 0.00499984 0.00531564 0.00963045
v 0.00499989 0.00356257 0.01040717
v 0.00499987 0.00424946 0.00905226
v 0.00199987 0.00424937 0.00905226
v 0.00499993 0.0024018 0.00970732
v 0.00199993 0.00246787 0.00617772
v 0.00199993 0.00229725 0.0060074
v -1.6E-07 0.00531549 0.00963045
v -1.1E-07 0.00356242 0.01040717
v -2.5E-07 0.00828873 0.00723166
v -2.1E-07 0.00690704 0.00856112
v 0.00199992 0.00259275 0.00638391
v 0.00199992 0.00266468 0.00661401
v -8E-08 0.00266462 0.00661401
v -8E-08 0.00267939 0.00685463
v 0.00199992 0.00267945 0.00685463
v 0.00199992 0.0026362 0.00709179
v 0.00199991 0.0030981 -0.00684896
v 0.00199991 0.00290846 -0.00670012
v 0.00199996 0.00149606 -0.00988747
v 0.0019999 0.00331785 -0.0069481
v 0.00199992 0.00275995 -0.00651022
v 0.00200003 -0.00076955 -0.00720633
v 0.00200003 -0.00089445 -0.00741253
v 0.00200001 -0.00046164 -0.00998933
v -1E-07 0.00331779 -0.0069481
v -9E-08 0.00309803 -0.00684896
v -8E-08 0.00266114 -0.0062903
v 0.00199992 0.0026612 -0.0062903
v -8E-08 0.00275989 -0.00651022
v -9E-08 0.0029084 -0.00670012
v 0.00199992 0.00270465 -0.00558242
v 0.00199992 0.00263272 -0.00581252
v -8E-08 0.00270458 -0.00558242
v -8E-08 0.00263266 -0.00581252
v 0.00199992 0.00261795 -0.00605314
v -8E-08 0.00261789 -0.00605314
v 0.00200002 -0.00072611 -0.00649846
v 0.00200002 -0.00068287 -0.00673562
v 0.00200002 -0.00069764 -0.00697624
v 3E-08 -0.00089451 -0.00741253
v 3E-08 -0.00106513 -0.00758285
v 2E-08 -0.00069769 -0.00697624
v 2E-08 -0.00076962 -0.00720633
v 2E-08 -0.00068292 -0.00673562
v 2E-08 -0.00072617 -0.00649846
v 0.00200003 -0.00106507 -0.00758285
v 0.00200004 -0.00127148 -0.00770738
v 0.00200004 -0.00150171 -0.0077789
v 0.00200007 -0.0024016 -0.00970732
v 0.00200005 -0.00174235 -0.00779325
v 0.00200013 -0.00424925 -0.00905226
v 0.00200006 -0.00197943 -0.00774958
v 0.00200006 -0.00219919 -0.00765045
v 0.00200007 -0.00238882 -0.00750161
v 0.00200008 -0.00253732 -0.00731171
v 0.00200008 -0.00263608 -0.00709179
v 7E-08 -0.00238887 -0.00750161
v 8E-08 -0.00253738 -0.00731171
v 0.00200008 -0.00267932 -0.00685463
v 8E-08 -0.00267938 -0.00685463
v 8E-08 -0.00263613 -0.00709179
v 0.00200002 -0.00082487 -0.00627853
v 0.00200003 -0.00097338 -0.00608864
v 2E-08 -0.00082492 -0.00627853
v 3E-08 -0.00097343 -0.00608864
v 0.00200004 -0.001163 -0.0059398
v 4E-08 -0.00138282 -0.00584066
v 0.00200005 -0.00161984 -0.005797
v 5E-08 -0.0016199 -0.005797
v 0.00200004 -0.00138276 -0.00584066
v 3E-08 -0.00116307 -0.0059398
v 0.00200006 -0.00186049 -0.00581135
v 0.00200007 -0.00246774 -0.00617772
v 0.00200008 -0.00259264 -0.00638391
v 7E-08 -0.0024678 -0.00617772
v 8E-08 -0.0025927 -0.00638391
v 0.00200008 -0.00266456 -0.00661401
v 8E-08 -0.00266461 -0.00661401
v 0.00200007 -0.00229712 -0.0060074
v 7E-08 -0.00229718 -0.0060074
v 6E-08 -0.00186054 -0.00581135
v 0.00200006 -0.00209071 -0.00588287
v 6E-08 -0.00209077 -0.00588287
v 0.00199998 0.00071763 -0.00393511
v 0.0019999 0.00320656 -0.00508138
v 0.00199995 0.00163852 -0.00364903
v 0.00199991 0.00300015 -0.00520591
v 0.00199991 0.00282953 -0.00537623
v 0.00199993 0.00246418 -0.00315089
v 0.0019999 0.00343679 -0.00500986
v -5E-08 0.00163846 -0.00364903
v -7E-08 0.00246412 -0.00315089
v -9E-08 0.00282948 -0.00537623
v -1E-07 0.00343673 -0.00500986
v -1E-07 0.00320651 -0.00508138
v -1.1E-07 0.00367737 -0.00499551
v -9E-08 0.0030001 -0.00520591
v 0.00200001 -0.00024494 -0.00399249
v -2E-08 0.00071758 -0.00393511
v 0.00200006 -0.00207229 -0.00342131
v 0.00200004 -0.00119329 -0.00381784
v 4E-08 -0.00119335 -0.00381784
v 1E-08 -0.00024501 -0.00399249
v 0.00200015 -0.00508203 -0.00402733
v 0.00200015 -0.00501012 -0.00379724
v 0.0020001 -0.00342488 -0.00206636
v 0.00200008 -0.00283084 -0.00282595
v 1E-07 -0.00342493 -0.00206636
v 8E-08 -0.0028309 -0.00282595
v 6E-08 -0.00207234 -0.00342131
v 0.00500022 -0.00738985 -0.00673706
v 0.00200022 -0.00738994 -0.00673706
v 0.00200018 -0.0059336 -0.00804932
v 0.00500025 -0.00856219 -0.00516589
v 0.00500028 -0.00940548 -0.0033962
v 0.00500031 -0.01026208 -0.00396063
v 0.00200025 -0.00856228 -0.00516589
v 3.1E-07 -0.01026223 -0.00396063
v 0.00200028 -0.00940556 -0.0033962
v 0.00200017 -0.00558396 -0.00452838
v 0.00200017 -0.00581419 -0.0045999
v 0.00200016 -0.00537755 -0.00440384
v 0.00200015 -0.00520693 -0.00423353
v 1.6E-07 -0.00537761 -0.00440384
v 1.7E-07 -0.00558402 -0.00452838
v 1.6E-07 -0.00520699 -0.00423353
v 1.8E-07 -0.00605489 -0.00461424
v 1.7E-07 -0.00581424 -0.0045999
v 1.5E-07 -0.00508209 -0.00402733
v 0.00200018 -0.00605483 -0.00461424
v 0.00200019 -0.00629191 -0.00457058
v 0.0020002 -0.0067013 -0.00432261
v 0.00200021 -0.00684981 -0.00413271
v 0.0020002 -0.00651166 -0.00447145
v 0.00200021 -0.00694856 -0.00391279
v 2.1E-07 -0.00684986 -0.00413271
v 0.00200021 -0.00699181 -0.00367562
v 2E-07 -0.00670135 -0.00432261
v 1.9E-07 -0.00651173 -0.00447145
v 1.9E-07 -0.00629197 -0.00457058
v 2.1E-07 -0.00694862 -0.00391279
v 0.00200015 -0.00499535 -0.00355662
v 0.00200015 -0.0050386 -0.00331945
v 1.5E-07 -0.00501017 -0.00379724
v 0.00200015 -0.00513733 -0.00309953
v 0.00200016 -0.00528584 -0.00290963
v 1.5E-07 -0.00513741 -0.00309953
v 1.6E-07 -0.00528591 -0.00290963
v 1.5E-07 -0.00499541 -0.00355662
v 1.5E-07 -0.00503865 -0.00331945
v 0.00200011 -0.00381986 -0.00118667
v 0.00200016 -0.00547549 -0.00276079
v 0.00200017 -0.00569523 -0.00266166
v 1.7E-07 -0.0056953 -0.00266166
v 1.2E-07 -0.00381992 -0.00118667
v 1.6E-07 -0.00547554 -0.00276079
v 0.00200019 -0.00617297 -0.00263234
v 0.00200019 -0.00640319 -0.00270386
v 1.9E-07 -0.00617303 -0.00263234
v 0.00200018 -0.00593233 -0.002618
v 1.8E-07 -0.00593238 -0.002618
v 2.1E-07 -0.00699186 -0.00367562
v 2.1E-07 -0.0069771 -0.00343501
v 0.00200021 -0.00697704 -0.00343501
v 1.9E-07 -0.00640325 -0.00270386
v 2E-07 -0.00660966 -0.0028284
v 0.0020002 -0.00678023 -0.00299871
v 2E-07 -0.00678028 -0.00299871
v 0.00200021 -0.00690511 -0.00320491
v 2E-07 -0.00690518 -0.00320491
v 0.0020002 -0.00660961 -0.0028284
v 0.00200012 -0.00399286 -0.00023802
v 0.00200019 -0.00638545 0.0007689
v 0.00200018 -0.00600842 0.00106375
v 0.00200018 -0.00617904 0.00089343
v 0.00200012 -0.00393379 0.00072446
v 1.8E-07 -0.00600847 0.00106375
v 1.2E-07 -0.00393385 0.00072446
v 1.2E-07 -0.00399292 -0.00023802
v 0.0020002 -0.00685632 0.00068303
v 0.00200021 -0.0070934 0.0007267
v 0.0020002 -0.00661567 0.00069738
v 1.8E-07 -0.00617909 0.00089343
v 2.1E-07 -0.00685637 0.00068303
v 2.1E-07 -0.00709347 0.0007267
v 1.9E-07 -0.0063855 0.0007689
v 2E-07 -0.00661573 0.00069738
v 0.00500029 -0.00988732 -0.00149599
v 0.0020003 -0.0098874 -0.00149599
v 3.2E-07 -0.01079408 -0.00211844
v 0.00500032 -0.01079393 -0.00211844
v 0.00500033 -0.0109978 -0.00021188
v 0.0050003 -0.00998918 0.0004617
v 0.0020003 -0.00998927 0.0004617
v 3.3E-07 -0.01099795 -0.00021188
v 2.3E-07 -0.00765135 0.00116457
v 2.2E-07 -0.00750286 0.00097467
v 0.00200023 -0.00750278 0.00097467
v 0.00200022 -0.00731316 0.00082583
v 2.2E-07 -0.00731321 0.00082583
v -6E-08 0.00207235 0.00342131
v -8E-08 0.00283091 0.00282595
v 0.00199996 0.00119342 0.00381784
v -4E-08 0.00119336 0.00381784
v 0.00199994 0.00209083 0.00588286
v 0.00199994 0.00186061 0.00581134
v -8E-08 0.00246779 0.00617772
v -6E-08 0.00209078 0.00588286
v -7E-08 0.00229719 0.0060074
v -8E-08 0.00259269 0.00638391
v 0.00199995 0.00161997 0.005797
v 0.00199996 0.00138289 0.00584066
v 0.00199999 0.00024506 0.00399249
v 0.00199996 0.00116313 0.00593979
v 0.00199997 0.0009735 0.00608863
v -1E-08 0.00024501 0.00399249
v -3E-08 0.00116307 0.00593979
v 0.00199998 0.00082499 0.00627854
v 0.00199998 0.00072624 0.00649846
v 0.00200002 -0.00071751 0.00393511
v -3E-08 0.00082492 0.00627854
v -3E-08 0.00097343 0.00608863
v -5E-08 0.00161991 0.005797
v -6E-08 0.00186055 0.00581134
v -4E-08 0.00138281 0.00584066
v 0.00200005 -0.00163839 0.00364903
v 2E-08 -0.00071758 0.00393511
v 5E-08 -0.00163845 0.00364903
v 0.00200007 -0.00246406 0.00315089
v 0.0020001 -0.00343667 0.00500986
v 0.00200011 -0.00367731 0.00499551
v 0.00200009 -0.00314652 0.00246963
v 9E-08 -0.00314658 0.00246963
v 1.1E-07 -0.00367737 0.00499551
v 7E-08 -0.00246411 0.00315089
v 0.00200011 -0.0039144 0.00503918
v 1E-07 -0.00343672 0.00500986
v 0.00200011 -0.0036461 0.00164484
v -2E-08 0.00072618 0.00649846
v 8E-08 -0.00263265 0.00581252
v 8E-08 -0.0026179 0.00605314
v 0.00200008 -0.0026326 0.00581252
v 0.00200008 -0.00270452 0.00558242
v 0.00200008 -0.00261783 0.00605314
v 0.0020001 -0.00320644 0.00508138
v 0.00200009 -0.00300003 0.00520591
v 0.00200008 -0.00282942 0.00537622
v 9E-08 -0.00320651 0.00508138
v 9E-08 -0.00300009 0.00520591
v 8E-08 -0.00282948 0.00537622
v 8E-08 -0.00270458 0.00558242
v 0.00200008 -0.00266107 0.0062903
v 8E-08 -0.00266115 0.0062903
v 0.00499999 0.00046186 0.00998934
v 0.00500004 -0.00149584 0.00988747
v 0.00199999 0.00046176 0.00998934
v 0.00499995 0.00170126 0.01086767
v 0.00500001 -0.00021173 0.01099796
v 0.00199993 0.00240172 0.00970732
v 0.0050001 -0.00339605 0.00940563
v 0.00500015 -0.00516574 0.00856234
v 0.0020001 -0.00339613 0.00940563
v 0.00500006 -0.00211829 0.01079408
v 0.00500012 -0.00396047 0.01026223
v 0.00200004 -0.00149594 0.00988747
v 1E-08 -0.00021188 0.01099796
v 6E-08 -0.00211844 0.01079408
v 0.00200011 -0.0035548 0.00699176
v 0.00200011 -0.00379546 0.00697741
v 1.2E-07 -0.00396062 0.01026223
v 0.00200009 -0.00309798 0.00684896
v 0.0020001 -0.00331772 0.00694809
v 0.00200008 -0.00275983 0.00651023
v 0.00200009 -0.00290834 0.00670012
v 0.00199992 0.00253745 0.00731171
v -8E-08 0.00263614 0.00709179
v -8E-08 0.00253739 0.00731171
v -7E-08 0.00238888 0.00750161
v 0.00199993 0.00238894 0.00750161
v 0.00199993 0.0021993 0.00765046
v 0.00199994 0.00197955 0.00774958
v 0.00199995 0.00174247 0.00779325
v -6E-08 0.0019795 0.00774958
v -5E-08 0.00174241 0.00779325
v 0.00199996 0.00150183 0.0077789
v -5E-08 0.00150176 0.0077789
v -7E-08 0.00219924 0.00765046
v 0.00199996 0.0012716 0.00770739
v 0.00199998 0.00068299 0.00673562
v -2E-08 0.00068293 0.00673562
v 0.00199998 0.00069776 0.00697624
v -2E-08 0.0006977 0.00697624
v 0.00199997 0.00106519 0.00758284
v 0.00199997 0.00089457 0.00741253
v -3E-08 0.00106514 0.00758284
v 0.00199998 0.00076967 0.00720633
v -2E-08 0.00076962 0.00720633
v -3E-08 0.00089452 0.00741253
v -4E-08 0.00127155 0.00770739
v -5E-08 0.00170111 0.01086767
v 9E-08 -0.00290839 0.00670012
v 8E-08 -0.00275988 0.00651023
v 9E-08 -0.00309803 0.00684896
v 1E-07 -0.00331778 0.00694809
v 0.00200017 -0.0058116 0.00150004
v 0.00200018 -0.00588352 0.00126995
v 0.00200018 -0.00593883 0.00219775
v 0.00200018 -0.00608734 0.00238765
v 0.00200017 -0.00584008 0.00197783
v 0.00200017 -0.00579684 0.00174066
v 1.1E-07 -0.00364616 0.00164484
v 1.8E-07 -0.00584014 0.00197783
v 1.7E-07 -0.00579689 0.00174066
v 1.8E-07 -0.0060874 0.00238765
v 1.8E-07 -0.00593889 0.00219775
v 1.7E-07 -0.00588359 0.00126995
v 1.8E-07 -0.00581166 0.00150004
v 0.00200019 -0.00627697 0.00253648
v 0.00200019 -0.00649673 0.00263562
v 1.9E-07 -0.00627704 0.00253648
v 0.0020002 -0.00673381 0.00267928
v 0.00200021 -0.00697445 0.00266493
v 2E-07 -0.00673387 0.00267928
v 0.00200022 -0.00720468 0.00259341
v 2.1E-07 -0.00697451 0.00266493
v 1.9E-07 -0.00649679 0.00263562
v 0.00200013 -0.00432379 0.00528715
v 0.00200013 -0.0044723 0.00547705
v 0.00200012 -0.00413415 0.00513831
v 1.2E-07 -0.00391446 0.00503918
v 1.3E-07 -0.00432385 0.00528715
v 1.2E-07 -0.00413421 0.00513831
v 1.3E-07 -0.00447236 0.00547705
v 0.00200024 -0.00804925 0.00593367
v 1.4E-07 -0.00457109 0.00569696
v 2.6E-07 -0.00856112 0.00690704
v 3.3E-07 -0.01086766 0.00170111
v 0.00500033 -0.01086751 0.00170111
v 0.00500031 -0.01040701 0.00356242
v 3.1E-07 -0.01040716 0.00356242
v 0.00500029 -0.00970717 0.00240165
v 0.00200029 -0.00970726 0.00240165
v 0.00500027 -0.00905211 0.00424931
v 0.00200027 -0.0090522 0.00424931
v 0.00500024 -0.00804918 0.00593367
v 2.9E-07 -0.00963045 0.00531548
v 0.00500029 -0.0096303 0.00531548
v 0.00200023 -0.00765129 0.00116457
v 0.00200023 -0.00775005 0.00138449
v 0.00200023 -0.00779329 0.00162165
v 2.3E-07 -0.00779335 0.00162165
v 2.3E-07 -0.0077501 0.00138449
v 2.3E-07 -0.00777858 0.00186227
v 0.00200023 -0.00777852 0.00186227
v 0.00200023 -0.00770661 0.00209237
v 2.3E-07 -0.00770667 0.00209237
v 2.2E-07 -0.00741115 0.00246888
v 0.00200023 -0.00758171 0.00229856
v 2.3E-07 -0.00758177 0.00229856
v 0.00200022 -0.00741109 0.00246888
v 2.2E-07 -0.00720474 0.00259341
v 0.00500017 -0.00568232 0.00941857
v 0.00500021 -0.00723152 0.00828873
v 0.0050002 -0.0067369 0.00739
v 0.00200015 -0.00516583 0.00856234
v 0.0020002 -0.006737 0.00739
v 1.7E-07 -0.00568247 0.00941857
v 0.00500026 -0.00856097 0.00690704
v 2.1E-07 -0.00723167 0.00828873
v 0.00200014 -0.00459952 0.00617475
v 0.00200014 -0.00461428 0.00593413
v 1.4E-07 -0.00459959 0.00617475
v 1.4E-07 -0.00452766 0.00640484
v 0.00200014 -0.00457104 0.00569696
v 1.4E-07 -0.00461434 0.00593413
v 0.00200014 -0.0045276 0.00640484
v 0.00200013 -0.00423208 0.00678136
v 0.00200013 -0.0044027 0.00661104
v 1E-07 -0.00355488 0.00699176
v 0.00200012 -0.00402567 0.0069059
v 1.1E-07 -0.00379552 0.00697741
v 1.2E-07 -0.00402573 0.0069059
v 1.3E-07 -0.00440276 0.00661104
v 1.3E-07 -0.00423216 0.00678136
vn 0.5315 0.42419 -0.73319
vn 0.57483 0.50031 -0.6475
vn 0.7205 0.424 -0.54873
vn 0.74417 0.33453 -0.57819
vn 0.64673 0.71276 -0.2715
vn 0.71707 0.58443 -0.37981
vn 0.85056 0.26336 -0.45518
vn 0.83099 0.39035 -0.39633
vn 0.72694 0.53481 -0.43074
vn 0.74416 0.47509 -0.46959
vn 0.85598 0.28498 -0.43138
vn 0.81537 0.41175 -0.40698
vn 0.71309 0.5597 -0.42217
vn 0.82164 0.48952 -0.29203
vn 0.57484 0.31196 -0.75646
vn 0.74418 -0.00595 -0.66796
vn 0.72051 0.08607 -0.68809
vn 0.57484 0.10155 -0.81194
vn 0.53151 -0.00756 -0.84702
vn 0.7205 0.26439 -0.64107
vn 0.53151 0.21595 -0.81906
vn 0.74417 0.17031 -0.64591
vn 0.86416 0.01007 -0.50311
vn 0.86708 -0.00443 -0.49815
vn 0.92231 0.06394 -0.38112
vn 0.8692 0.17627 -0.46198
vn 0.87488 0.06563 -0.47988
vn 0.86326 0.1287 -0.48808
vn 0.57483 0.65328 -0.49275
vn 0.53149 0.73808 -0.41564
vn 0.5315 0.60244 -0.59547
vn 0.37512 0.80771 -0.45486
vn 0.31307 0.58068 -0.75153
vn 0.31307 0.75823 -0.57191
vn 0.37512 0.65927 -0.65165
vn 0.08991 0.68464 -0.72332
vn 0.14878 0.78947 -0.59548
vn 0.09551 0.83549 -0.54114
vn 0.15272 0.60424 -0.78203
vn 0.31306 0.88215 -0.35186
vn 0.14144 0.9195 -0.36676
vn 0.55906 0.7529 -0.34727
vn 0.12432 0.97758 -0.16993
vn 0.47806 0.85089 -0.2178
vn 0.35325 0.89494 -0.27257
vn 0.29264 0.94641 -0.1366
vn 0.07166 0.99259 -0.0981
vn 0.10443 0.93871 -0.32851
vn 0.37513 0.46421 -0.80237
vn 0.08769 0.49481 -0.86456
vn 0.31308 0.11786 -0.94238
vn 0.37514 -0.00828 -0.92693
vn 0.15045 0.12269 -0.98097
vn 0.08883 0.2769 -0.95679
vn 0.37513 0.23632 -0.89634
vn 0.15328 0.37673 -0.91355
vn 0.31308 0.36208 -0.878
vn 0.74418 -0.18179 -0.64276
vn 0.57485 -0.11603 -0.80999
vn 0.73018 -0.30191 -0.61294
vn 0.83203 -0.15096 -0.5338
vn 0.83629 -0.24673 -0.48964
vn 0.75055 -0.30713 -0.58511
vn 0.72051 -0.09832 -0.68644
vn 0.72052 -0.27577 -0.63624
vn 0.85399 -0.11494 -0.50744
vn 0.53152 -0.23053 -0.81507
vn 0.53152 -0.43721 -0.72549
vn 0.57486 -0.32541 -0.75077
vn 0.56468 -0.49358 -0.66145
vn 0.67315 -0.47365 -0.56792
vn 0.37515 -0.25229 -0.89197
vn 0.31309 -0.13468 -0.94012
vn 0.13461 -0.39408 -0.90917
vn 0.3131 -0.3777 -0.87139
vn 0.37516 -0.47846 -0.79393
vn 0.14424 -0.14033 -0.97954
vn 0.10119 -0.19231 -0.9761
vn 0.09333 0.04339 -0.99469
vn 0.35982 -0.6522 -0.66721
vn 0.31311 -0.59401 -0.74103
vn 0.4991 -0.62454 -0.6007
vn 0.3061 -0.75181 -0.58403
vn 0.12141 -0.61698 -0.77756
vn 0.11235 -0.41662 -0.90211
vn 0.12646 -0.62044 -0.77399
vn 0.10982 -0.77247 -0.62548
vn 0.09263 -0.78542 -0.61199
vn 0.11249 -0.85486 -0.50651
vn 0.11602 -0.86251 -0.49256
vn 0.12063 -0.86973 -0.47855
vn 0.92377 0.00789 -0.38287
vn 0.92231 0.06394 -0.38112
vn 0.9118 0.1752 -0.37139
vn 0.91778 0.12187 -0.37793
vn 0.92377 0.00789 -0.38287
vn 0.92377 0.00789 -0.38287
vn 0.88764 0.28436 -0.36227
vn 0.91768 0.12242 -0.378
vn 0.85344 0.3899 -0.34585
vn 0.87125 0.34098 -0.35308
vn 0.30467 0.94631 -0.10803
vn 0.52337 0.82844 -0.19944
vn 0.49114 0.85076 -0.18706
vn 0.66921 0.69501 -0.2629
vn 0.65296 0.71255 -0.25674
vn 0.78619 0.53225 -0.31403
vn 0.75331 0.585 -0.3005
vn 0.80849 0.49051 -0.32518
vn 0.35826 0.92469 -0.1288
vn 0.20289 0.97714 -0.06347
vn -3E-05 0.99979 0.02054
vn 0.10298 0.99441 -0.02347
vn 0.06697 0.99773 -0.00728
vn 0.92377 0.00789 -0.38287
vn 0.91316 -0.04201 -0.40542
vn 0.91267 -0.04412 -0.4063
vn 0.88315 -0.14242 -0.44694
vn 0.823 -0.27918 -0.4947
vn 0.88127 -0.14749 -0.44901
vn 0.83803 -0.24897 -0.48552
vn 0.78333 -0.34688 -0.51582
vn 0.42554 -0.7102 -0.56083
vn 0.68166 -0.48449 -0.54828
vn 0.58076 -0.58993 -0.56098
vn 0.5148 -0.64475 -0.56505
vn 0.71611 -0.44354 -0.53894
vn 0.29727 -0.78172 -0.54823
vn 0.10846 -0.85447 -0.50805
vn 0.06641 -0.86593 -0.49574
vn 0.11832 -0.85175 -0.51041
vn 0.32044 -0.77059 -0.55092
vn 0.19676 -0.82606 -0.52813
vn 0.02207 -0.87586 -0.48205
vn 3E-05 -0.94723 -0.32056
vn -1E-05 -0.94729 -0.32039
vn -3E-05 0.87997 0.47503
vn 3E-05 -0.87997 -0.47503
vn -3E-05 0.99515 -0.09835
vn -3E-05 0.99515 -0.09836
vn -3E-05 0.94387 -0.33031
vn -3E-05 0.83933 -0.54362
vn -2E-05 0.68742 -0.72626
vn -2E-05 0.68742 -0.72626
vn -1E-05 0.49672 -0.86791
vn -1E-05 0.27799 -0.96058
vn -1E-05 0.27799 -0.96058
vn -0 0.04357 -0.99905
vn -0 0.04357 -0.99905
vn -0.53153 0.67623 -0.51009
vn -0.10823 0.68338 -0.72199
vn -0.13824 0.70436 -0.69625
vn -0.09819 0.83527 -0.541
vn -0.31311 0.67543 -0.66765
vn -0.37517 0.74003 -0.55821
vn -0.12631 0.49676 -0.85865
vn -0.11221 0.27623 -0.95452
vn -0.12155 0.49304 -0.86147
vn -0.37516 0.35338 -0.85696
vn -0.31311 0.47558 -0.82206
vn -0.3131 0.2421 -0.91835
vn -0.13472 0.2526 -0.95815
vn -0.53152 0.32291 -0.78308
vn -0.57486 0.58193 -0.57523
vn -0.53152 0.51788 -0.67029
vn -0.37516 0.56674 -0.73352
vn -0.72052 0.34723 -0.60023
vn -0.57486 0.40974 -0.70828
vn -0.31311 0.82752 -0.46602
vn -0.26046 0.94248 -0.20951
vn -0.09147 0.93991 -0.32893
vn -0.16346 0.96096 -0.22325
vn -0.07172 0.99259 -0.09811
vn -0.44362 0.84715 -0.29248
vn -0.14673 0.8619 -0.48538
vn -0.38982 0.86679 -0.311
vn -0.58622 0.72192 -0.36767
vn -0.60939 0.71055 -0.35178
vn -0.71657 0.58432 -0.38092
vn -0.72053 0.49315 -0.48749
vn -0.73736 0.52092 -0.43005
vn -0.7834 0.49071 -0.38142
vn -0.74419 0.40839 -0.52858
vn -0.83512 0.3363 -0.43529
vn -0.84312 0.39021 -0.36997
vn 1E-05 -0.41927 -0.90786
vn 1E-05 -0.41927 -0.90786
vn 2E-05 -0.62158 -0.78335
vn 1E-05 -0.1933 -0.98114
vn 1E-05 -0.1933 -0.98114
vn 2E-05 -0.86838 -0.4959
vn 2E-05 -0.86033 -0.50975
vn 2E-05 -0.86032 -0.50975
vn 2E-05 -0.78881 -0.61463
vn 2E-05 -0.78881 -0.61463
vn 2E-05 -0.62158 -0.78335
vn 3E-05 -0.87613 -0.48207
vn 3E-05 -0.87613 -0.48207
vn -0.1505 -0.26909 -0.95129
vn -0.0888 -0.41762 -0.90427
vn -0.09326 -0.19246 -0.97686
vn -0.15269 -0.71517 -0.68207
vn -0.15328 -0.51007 -0.84637
vn -0.08394 -0.79173 -0.60508
vn -0.08769 -0.61919 -0.78033
vn -0.09258 -0.78543 -0.61199
vn -0.12058 -0.86974 -0.47855
vn -0.11597 -0.86252 -0.49255
vn -0.11244 -0.85487 -0.50651
vn -0.53151 0.1051 -0.8405
vn -0.37514 -0.13147 -0.9176
vn -0.57484 -0.22273 -0.78737
vn -0.10108 0.04335 -0.99393
vn -0.31308 -0.25851 -0.91387
vn -0.53151 -0.12014 -0.83849
vn -0.57484 -0.00733 -0.81823
vn -0.14431 -0.00885 -0.98949
vn -0.37515 0.11502 -0.9198
vn -0.31309 -0.0085 -0.94969
vn -0.85083 -0.07455 -0.52013
vn -0.72051 -0.18877 -0.66726
vn -0.72052 0.17675 -0.67053
vn -0.57485 0.20858 -0.79123
vn -0.74418 0.25463 -0.61754
vn -0.74418 0.08287 -0.66282
vn -0.72051 -0.00622 -0.69342
vn -0.85595 -0.11719 -0.5036
vn -0.74418 -0.09476 -0.66123
vn -0.87025 0.06569 -0.48821
vn -0.8691 0.06136 -0.49081
vn -0.87238 0.00177 -0.48883
vn -0.86437 0.19168 -0.4649
vn -0.8568 0.28493 -0.42977
vn -0.85885 0.17621 -0.48096
vn -0.92232 0.06388 -0.38112
vn -0.53939 -0.5122 -0.66836
vn -0.30793 -0.6885 -0.65662
vn -0.34204 -0.79777 -0.49656
vn -0.53385 -0.66941 -0.51663
vn -0.31307 -0.49022 -0.81343
vn -0.52045 -0.53409 -0.66624
vn -0.37513 -0.36867 -0.85051
vn -0.37512 -0.5798 -0.72327
vn -0.31838 -0.67901 -0.6615
vn -0.8193 -0.22598 -0.52695
vn -0.74455 -0.26713 -0.61179
vn -0.57483 -0.42237 -0.70083
vn -0.5315 -0.33689 -0.77718
vn -0.68986 -0.37369 -0.62004
vn -0.73879 -0.2939 -0.60647
vn -0.71193 -0.52537 -0.46598
vn -0.92377 0.00784 -0.38287
vn -0.92232 0.06389 -0.38112
vn -3E-05 0.87997 0.47503
vn 3E-05 -0.99979 -0.02054
vn 3E-05 -0.99979 -0.02054
vn -0 0.10954 -0.99398
vn -3E-05 0.99979 0.02054
vn -0.55567 0.80378 -0.21253
vn -0.6528 0.71252 -0.25723
vn -0.35652 0.92556 -0.1274
vn -0.4911 0.85073 -0.18728
vn -0.12305 0.99196 -0.02965
vn -0.30484 0.94629 -0.10774
vn -0.10346 0.99438 -0.02246
vn -0.71554 0.63906 -0.28215
vn -0.88765 0.28431 -0.36228
vn -0.85348 0.38985 -0.34581
vn -0.75339 0.58494 -0.30041
vn -0.92126 0.08432 -0.3797
vn -0.89626 0.2508 -0.36582
vn -0.91061 0.1752 -0.37428
vn -0.83312 0.44005 -0.33506
vn -0.80853 0.49047 -0.32513
vn -0.92078 0.08813 -0.37999
vn -0.32023 -0.7704 -0.55131
vn -0.1084 -0.85446 -0.50808
vn -0.15526 -0.84051 -0.51907
vn -0 0.10954 -0.99398
vn 3E-05 -0.87997 -0.47503
vn -0.26844 -0.79633 -0.54203
vn -0.01449 -0.87732 -0.47968
vn -0.04373 -0.87126 -0.48887
vn -0.08766 -0.8604 -0.50202
vn -0.68163 -0.48452 -0.54829
vn -0.51475 -0.64478 -0.56506
vn -0.58648 -0.58463 -0.56058
vn -0.38678 -0.73402 -0.55823
vn -0.47303 -0.67701 -0.56382
vn -0.83801 -0.24901 -0.48552
vn -0.92377 0.00784 -0.38287
vn -0.78332 -0.34694 -0.51579
vn -0.89986 -0.09311 -0.42612
vn -0.88126 -0.14755 -0.44901
vn -0.71379 -0.44641 -0.53965
vn -0.91267 -0.04417 -0.4063
vn -0.82084 -0.28335 -0.49592
vn -0.92377 0.00784 -0.38287
vn -0.92377 0.00784 -0.38287
vn 4E-05 -0.94724 -0.32053
vn -1E-05 -0.94718 -0.3207
vn 0.00011 -0.94742 -0.31999
vn -0 0.02054 -0.99979
vn -0 0.02054 -0.99979
vn -0 0.02054 -0.99979
vn -0 0.02054 -0.99979
vn -0 0.02054 -0.99979
vn -0 0.02054 -0.99979
vn -0 0.02054 -0.99979
vn -0 0.02054 -0.99979
vn -0 0.02054 -0.99979
vn -0 0.02054 -0.99979
vn -0 0.02054 -0.99979
vn -0 0.02054 -0.99979
vn -0 0.02054 -0.99979
vn -0 0.02054 -0.99979
vn -0 0.02054 -0.99979
vn -0 0.02054 -0.99979
vn -0 0.02054 -0.99979
vn 0.98145 0.06148 -0.18159
vn 0.98145 0.06148 -0.18159
vn -0 0.02054 -0.99979
vn 3E-05 -0.94723 -0.32055
vn -3E-05 0.94723 0.32055
vn 0.98145 0.06148 -0.18159
vn 0.98145 0.06148 -0.18159
vn 0.97752 0.14549 -0.1526
vn 0.97964 0.11856 -0.162
vn 0.98125 0.08045 -0.17513
vn 0.94522 0.3141 -0.08888
vn 0.94888 0.30137 -0.09384
vn 0.9639 0.23869 -0.11798
vn 0.97162 0.19452 -0.13457
vn 0.97642 0.15666 -0.14852
vn 0.78556 0.617 0.04702
vn 0.76665 0.63943 0.05817
vn 0.89856 0.43728 -0.03699
vn 0.87567 0.4826 -0.01746
vn 0.62347 0.77054 0.13248
vn 0.61611 0.77589 0.13566
vn 0.45524 0.86772 0.19956
vn 0.27354 0.9269 0.25697
vn 0.40012 0.8899 0.21905
vn 0.09044 0.94894 0.30221
vn 0.13867 0.94641 0.29167
vn 0.23368 0.93462 0.26809
vn 0.07332 0.94922 0.30595
vn 0.02443 0.94847 0.31593
vn 3E-05 -0.94723 -0.32055
vn 3E-05 -0.94723 -0.32055
vn -0.98145 -0.06148 0.18159
vn -0.98145 -0.06148 0.18159
vn -3E-05 0.94723 0.32055
vn -0 0.02054 -0.99979
vn -0 0.02054 -0.99979
vn -0 0.02054 -0.99979
vn -0 0.02054 -0.99979
vn -0 0.02054 -0.99979
vn -0 0.02054 -0.99979
vn -0 0.02054 -0.99979
vn -0 0.02054 -0.99979
vn 3E-05 -0.94723 -0.32055
vn -0 0.02054 -0.99979
vn 3E-05 -0.94723 -0.32055
vn 3E-05 -0.94723 -0.32055
vn 2E-05 -0.94723 -0.32055
vn -0 0.02054 -0.99979
vn -0 0.02054 -0.99979
vn -0 0.02054 -0.99979
vn -0 0.02054 -0.99979
vn -0 0.02054 -0.99979
vn 0.90756 -0.30442 -0.28923
vn 0.94119 -0.20916 -0.26534
vn 0.75114 -0.56304 -0.34464
vn 0.86579 -0.39164 -0.3115
vn -3E-05 0.94723 0.32055
vn 0.97387 -0.05769 -0.21965
vn 0.98145 0.06148 -0.18159
vn 0.98145 0.06148 -0.18159
vn 0.97714 -0.02748 -0.21081
vn 0.76332 -0.54775 -0.34249
vn 0.5797 -0.72816 -0.36569
vn 0.42811 -0.82547 -0.36787
vn 0.60168 -0.7106 -0.36474
vn 0.02098 -0.9457 -0.32435
vn 0.42495 -0.82715 -0.36774
vn 0.24365 -0.90224 -0.3558
vn 0.19279 -0.9167 -0.34998
vn 0.14921 -0.92688 -0.34442
vn 0.1058 -0.93505 -0.33837
vn 0.08305 -0.93854 -0.33502
vn 0.25126 -0.89983 -0.35662
vn 0.06313 -0.94127 -0.33169
vn 0.31714 -0.87659 -0.36197
vn 3E-05 -0.94723 -0.32055
vn 3E-05 -0.94723 -0.32055
vn -3E-05 0.94723 0.32055
vn -0.98145 -0.06148 0.18159
vn -0.98145 -0.06148 0.18159
vn 3E-05 -0.94723 -0.32055
vn 3E-05 -0.94723 -0.32055
vn 1E-05 -0.32055 0.94723
vn 1E-05 -0.32055 0.94723
vn 0 -0.10954 0.99398
vn -3E-05 0.94723 0.32055
vn 1E-05 -0.32055 0.94723
vn 1E-05 -0.32055 0.94723
vn -3E-05 0.94723 0.32055
vn -3E-05 0.94723 0.32055
vn 3E-05 -0.94723 -0.32055
vn 0 -0.10954 0.99398
vn -0 0.02054 -0.99979
vn -0 0.02054 -0.99979
vn -3E-05 0.94723 0.32055
vn -0 0.02054 -0.99979
vn -0 0.02054 -0.99979
vn -0 0.02054 -0.99979
vn -0 0.02054 -0.99979
vn -0 0.02054 -0.99979
vn -0 0.02054 -0.99979
vn 0 0.02054 -0.99979
vn -0 0.02054 -0.99979
vn -0 0.02054 -0.99979
vn -0 0.02054 -0.99979
vn -0 0.02054 -0.99979
vn -0 0.02054 -0.99979
vn 0 -0.10954 0.99398
vn 1E-05 -0.10954 0.99398
vn 0 -0.10954 0.99398
vn 0 -0.10954 0.99398
vn -0.98145 0.06142 -0.18159
vn -0 0.02054 -0.99979
vn -3E-05 0.94723 0.32055
vn 0.98145 -0.06142 0.18159
vn 0.98145 -0.06142 0.18159
vn -0.08629 0.94902 0.30316
vn -0.26104 0.92952 0.26049
vn -0.13762 0.94649 0.29192
vn -3E-05 0.94723 0.32055
vn -0.02739 0.94858 0.31536
vn -0.08252 0.94911 0.30394
vn -0.20199 0.93959 0.27634
vn -0.29309 0.92236 0.2517
vn -0.44644 0.87156 0.20265
vn -0.42484 0.88048 0.21037
vn -0.62809 0.76725 0.12978
vn -0.55794 0.81419 0.16062
vn -0.96752 0.21953 -0.12537
vn -0.97582 0.16205 -0.14671
vn -0.97382 0.17836 -0.14092
vn -0.97967 0.11816 -0.16212
vn -0.98126 0.0803 -0.17516
vn -0.95058 0.29527 -0.09602
vn -0.90293 0.42779 -0.04147
vn -0.91074 0.41001 -0.04938
vn -0.78745 0.61468 0.04572
vn -0.98145 0.06142 -0.18159
vn -0.66514 0.73817 0.11268
vn -0.79214 0.60885 0.04265
vn -3E-05 0.94723 0.32055
vn 3E-05 -0.94723 -0.32056
vn 3E-05 -0.94723 -0.32055
vn 3E-05 -0.94723 -0.32055
vn -0 0.02054 -0.99979
vn -0.98145 0.06142 -0.18159
vn 1E-05 -0.10954 0.99398
vn -1E-05 -0.10954 0.99398
vn 0 -0.10954 0.99398
vn 2E-05 -0.10954 0.99398
vn -0 0.02054 -0.99979
vn -0 0.02054 -0.99979
vn -0 0.02054 -0.99979
vn -0 0.02054 -0.99979
vn -0 0.02054 -0.99979
vn -0 0.02054 -0.99979
vn -0.98145 0.06142 -0.18159
vn 3E-05 -0.94723 -0.32055
vn 3E-05 -0.94723 -0.32055
vn 0.98145 -0.06142 0.18159
vn 0.98145 -0.06142 0.18159
vn -3E-05 0.94723 0.32055
vn 3E-05 -0.94723 -0.32055
vn -0.09161 0.94879 0.30233
vn -0.08317 0.94903 0.30402
vn -0.25163 0.93136 0.26317
vn -3E-05 0.94723 0.32055
vn -0.77357 0.63137 0.05445
vn -0.86599 0.49997 -0.00966
vn -0.94132 0.32698 -0.08372
vn -0.75114 0.65672 0.06705
vn -0.4286 0.87903 0.20881
vn -0.63018 0.76559 0.12945
vn -0.88162 0.47146 -0.02196
vn -0.27697 0.926 0.25654
vn -0.60204 0.78583 0.14149
vn -0.46062 0.8652 0.19811
vn -0.98145 0.06142 -0.18159
vn 3E-05 -0.94723 -0.32055
vn -0.98145 0.06142 -0.18159
vn -0.97713 0.14981 -0.15092
vn -0.94804 0.30448 -0.09232
vn -0.97786 0.14223 -0.1535
vn -2E-05 0.51659 -0.85623
vn -0.98145 -0.06148 0.18159
vn -0.98145 -0.06148 0.18158
vn -3E-05 0.94723 0.32055
vn 0.98145 0.06148 -0.18159
vn 0.98145 0.06148 -0.18159
vn 1 3E-05 0
vn 1 7E-05 -5E-05
vn 1 1E-05 2E-05
vn 1 3E-05 -0
vn 1 3E-05 0
vn 1 2E-05 2E-05
vn 1 -7E-05 0.00017
vn 4E-05 0.85631 0.51645
vn -2E-05 0.85623 0.5166
vn 7E-05 0.85639 0.51632
vn -2E-05 0.85623 0.51659
vn -2E-05 0.85623 0.51659
vn -2E-05 0.85623 0.51659
vn 1 3E-05 0
vn 1 3E-05 -0
vn 3E-05 -0.85623 -0.51659
vn -2E-05 -0.85624 -0.51658
vn 0.98145 0.06148 -0.18159
vn 3E-05 -0.85623 -0.51659
vn 2E-05 -0.85623 -0.51659
vn 2E-05 -0.85624 -0.51659
vn 5E-05 -0.85622 -0.5166
vn 4E-05 -0.85623 -0.5166
vn -4E-05 -0.85626 -0.51655
vn 4E-05 -0.85623 -0.5166
vn 3E-05 -0.85623 -0.51659
vn 2E-05 -0.85623 -0.51659
vn 2E-05 -0.85623 -0.51659
vn 2E-05 -0.85623 -0.51659
vn -1 -3E-05 -0
vn 1 4E-05 0
vn 1 3E-05 0
vn 1 3E-05 0
vn 1 2E-05 -0
vn 1 3E-05 0
vn 1 3E-05 -0
vn 1 2E-05 -0
vn 1 4E-05 0
vn -1 -3E-05 -0
vn -1 -3E-05 0
vn -1 -3E-05 0
vn -1 -3E-05 -0
vn 1 3E-05 -0
vn 2E-05 -0.85623 -0.51659
vn 3E-05 -0.85623 -0.51659
vn -1 -3E-05 -0
vn -1 -3E-05 0
vn -1 -3E-05 0
vn 3E-05 -0.85623 -0.51659
vn 1 3E-05 -0
vn 1 3E-05 -0
vn 1 4E-05 1E-05
vn 1 3E-05 0
vn 1 3E-05 0
vn 1 4E-05 1E-05
vn 1 3E-05 -0
vn -1 -3E-05 0
vn -1 -3E-05 -0
vn -1 -3E-05 -0
vn -1 -3E-05 0
vn -1 -3E-05 0
vn 1 3E-05 -0
vn -1 -3E-05 -0
vn -1 -3E-05 0
vn -2E-05 0.85623 0.51659
vn -3E-05 0.85623 0.51659
vn 2E-05 -0.74289 0.66941
vn -1 -3E-05 0
vn -1 -3E-05 1E-05
vn -1 -3E-05 -0
vn -1 -3E-05 0
vn 2E-05 -0.59803 0.80148
vn -1 -3E-05 0
vn -1 -3E-05 -1E-05
vn -1 -3E-05 0
vn -1 -3E-05 -0
vn -1 -3E-05 0
vn -1 -4E-05 -0
vn -1 -2E-05 1E-05
vn -1 -4E-05 -1E-05
vn -1 -4E-05 -0
vn 1E-05 -0.43018 0.90274
vn 1E-05 -0.43018 0.90274
vn 2E-05 -0.59803 0.80148
vn -1 -2E-05 -0
vn 3E-05 -0.95447 0.29831
vn 2E-05 -0.85532 0.5181
vn 3E-05 -0.95445 0.29837
vn 2E-05 -0.7065 0.70771
vn 2E-05 -0.5166 0.85623
vn 1E-05 -0.51658 0.85624
vn 1E-05 -0.29666 0.95498
vn 1E-05 -0.29668 0.95498
vn -2E-05 0.6174 0.78665
vn -1E-05 0.41122 0.91154
vn -1E-05 0.18111 0.98346
vn -1E-05 0.1811 0.98347
vn 0 -0.05949 0.99823
vn 0 -0.0595 0.99823
vn 3E-05 -0.98378 -0.17939
vn 4E-05 -0.99812 0.06126
vn 4E-05 -0.98377 -0.17945
vn 3E-05 -0.91227 -0.40959
vn 3E-05 -0.91227 -0.40958
vn 2E-05 -0.78772 -0.61603
vn 1 1E-05 2E-05
vn 1 3E-05 -0
vn 1 4E-05 -0
vn 1 2E-05 1E-05
vn 1 5E-05 -1E-05
vn 1 4E-05 -0
vn 2E-05 -0.70647 0.70774
vn 1E-05 -0.51659 0.85623
vn 2E-05 -0.85533 0.51809
vn 3E-05 -0.95447 0.29831
vn 3E-05 -0.99812 0.06126
vn 3E-05 -0.99812 0.06126
vn -1E-05 0.4112 0.91155
vn -2E-05 0.61742 0.78663
vn -1E-05 0.18112 0.98346
vn 0 -0.05951 0.99823
vn -2E-05 0.61739 0.78665
vn -1E-05 0.41122 0.91154
vn -1 -3E-05 -0
vn -1 -3E-05 -0
vn 3E-05 -0.85922 0.51161
vn -1 -2E-05 0
vn -1 -3E-05 0
vn -1 -3E-05 -0
vn 3E-05 -0.94252 0.33416
vn -1 -3E-05 -0
vn -1 -3E-05 0
vn -1 -2E-05 1E-05
vn -1 -3E-05 -1E-05
vn 1 3E-05 -0
vn 1 3E-05 -0
vn 1 4E-05 -1E-05
vn 1 3E-05 -0
vn 1 3E-05 0
vn 1 3E-05 0
vn 1 3E-05 -0
vn 1 3E-05 0
vn -1 -2E-05 -1E-05
vn -1 -3E-05 -0
vn -1 -3E-05 0
vn -1 -3E-05 0
vn -1 -3E-05 -0
vn -1 -3E-05 0
vn -1 -4E-05 1E-05
vn -2E-05 0.7065 -0.70771
vn -2E-05 0.51658 -0.85624
vn -0 0.0595 -0.99823
vn -0 0.05949 -0.99823
vn -1E-05 0.5166 -0.85623
vn -1E-05 0.29668 -0.95498
vn -1E-05 0.29666 -0.95498
vn 1 4E-05 0
vn 1 3E-05 -0
vn 1 4E-05 0
vn 1 2E-05 -1E-05
vn 1E-05 -0.4112 -0.91154
vn 1E-05 -0.4112 -0.91154
vn 2E-05 -0.6174 -0.78665
vn -1 -2E-05 0
vn 1E-05 -0.18111 -0.98346
vn 1E-05 -0.18112 -0.98346
vn -1 -3E-05 -0
vn 1 3E-05 -0
vn -3E-05 0.98378 0.17939
vn 1 3E-05 -0
vn 1 3E-05 0
vn -2E-05 0.78772 0.61603
vn -3E-05 0.91225 0.40963
vn 1 3E-05 1E-05
vn -1 -3E-05 -1E-05
vn -1 -3E-05 0
vn -1 -3E-05 0
vn -1 -3E-05 -0
vn 2E-05 -0.85533 0.51808
vn 3E-05 -0.98378 -0.17939
vn 3E-05 -0.91227 -0.40959
vn 3E-05 -0.91225 -0.40964
vn 3E-05 -0.78772 -0.61603
vn 3E-05 -0.78772 -0.61603
vn 2E-05 -0.61742 -0.78663
vn 2E-05 -0.61739 -0.78665
vn 1E-05 -0.41122 -0.91154
vn 1E-05 -0.4112 -0.91155
vn -1E-05 0.51659 -0.85623
vn -1E-05 0.29666 -0.95498
vn -2E-05 0.70647 -0.70774
vn -0 0.05951 -0.99823
vn 1 3E-05 0
vn 1 2E-05 -0
vn 1 3E-05 0
vn 1 2E-05 -0
vn 1 4E-05 0
vn 1 2E-05 -0
vn 1 2E-05 -0
vn 1 3E-05 0
vn 1 3E-05 0
vn 1 2E-05 -0
vn -1 -4E-05 -0
vn -1 -3E-05 0
vn -1 -2E-05 0
vn -1 -3E-05 0
vn -1 -3E-05 -0
vn -1 -3E-05 -0
vn -1 -2E-05 -1E-05
vn -1 -2E-05 0
vn 1 3E-05 -0
vn 1 3E-05 -0
vn 1 3E-05 1E-05
vn 1 3E-05 -1E-05
vn 1 3E-05 0
vn 1 3E-05 -1E-05
vn -3E-05 0.95445 -0.29837
vn -3E-05 0.99812 -0.06126
vn -3E-05 0.85533 -0.51809
vn -3E-05 0.95447 -0.29831
vn -2E-05 0.85535 -0.51804
vn -1 -3E-05 -0
vn -1 -3E-05 -1E-05
vn -1 -3E-05 0
vn -1 -3E-05 0
vn -1 -3E-05 0
vn -1 -3E-05 1E-05
vn 3E-05 -0.95446 0.29834
vn 3E-05 -0.98378 -0.17941
vn -1 -3E-05 0
vn 3E-05 -0.99812 0.06126
vn 1 3E-05 0
vn -1 -3E-05 -0
vn 1 3E-05 -0
vn 1 3E-05 0
vn 1 2E-05 0
vn -1 -3E-05 -0
vn 1 5E-05 -1E-05
vn 1 3E-05 -0
vn -1 -3E-05 -0
vn -1 -3E-05 1E-05
vn -1 -3E-05 1E-05
vn -1 -3E-05 -1E-05
vn 1E-05 -0.5166 0.85623
vn 3E-05 -0.85535 0.51805
vn 2E-05 -0.85532 0.5181
vn 3E-05 -0.95445 0.29837
vn 3E-05 -0.95447 0.29831
vn 1E-05 -0.29666 0.95498
vn 2E-05 -0.70647 0.70774
vn 1E-05 -0.29666 0.95498
vn 3E-05 -0.98378 -0.17939
vn 3E-05 -0.91225 -0.40964
vn 3E-05 -0.91225 -0.40963
vn 1 3E-05 0
vn 1 3E-05 -0
vn 1 2E-05 1E-05
vn 1 4E-05 -1E-05
vn 0 -0.0595 0.99823
vn -1E-05 0.4112 0.91154
vn -1E-05 0.41118 0.91155
vn -1E-05 0.18111 0.98346
vn -1 -2E-05 -1E-05
vn -1E-05 0.18112 0.98346
vn -2E-05 0.61743 0.78662
vn -2E-05 0.85532 -0.5181
vn -1 -4E-05 1E-05
vn -1 -3E-05 0
vn 1 3E-05 -0
vn 1 3E-05 -0
vn 2E-05 -0.78772 -0.61603
vn 3E-05 -0.91226 -0.40961
vn -1 -3E-05 -0
vn -1 -3E-05 0
vn -1 -3E-05 0
vn 1 3E-05 0
vn 1 2E-05 1E-05
vn 1 3E-05 -0
vn 1 3E-05 1E-05
vn 1 3E-05 -0
vn 1 3E-05 -0
vn -1 -3E-05 0
vn -1 -3E-05 0
vn -1 -3E-05 0
vn -1 -2E-05 -1E-05
vn -1 -3E-05 0
vn -1 -3E-05 -1E-05
vn -1 -3E-05 0
vn -1 -4E-05 1E-05
vn -1 -3E-05 0
vn -1 -3E-05 -0
vn -1 -3E-05 -1E-05
vn -1 -3E-05 -0
vn 3E-05 -0.9896 0.14386
vn 3E-05 -0.99865 -0.05196
vn 3E-05 -0.96932 -0.24579
vn 3E-05 -0.96932 -0.2458
vn -1 -3E-05 -0
vn -1 -3E-05 -1E-05
vn -1 -3E-05 0
vn -1 -3E-05 -0
vn -1 -3E-05 -0
vn 1 3E-05 -0
vn 1 2E-05 1E-05
vn 1 3E-05 -0
vn 1 3E-05 -0
vn 1 2E-05 1E-05
vn 2E-05 -0.6174 -0.78665
vn 1E-05 -0.18111 -0.98346
vn 2E-05 -0.78772 -0.61603
vn 2E-05 -0.61743 -0.78662
vn 2E-05 -0.78772 -0.61603
vn 1E-05 -0.41122 -0.91154
vn 1E-05 -0.41119 -0.91155
vn 1 3E-05 -0
vn 1 3E-05 -0
vn 1 2E-05 0
vn 1 3E-05 -0
vn 1 3E-05 0
vn 1 4E-05 -1E-05
vn -1 -3E-05 0
vn -1 -4E-05 0
vn -1 -3E-05 -0
vn -1 -3E-05 0
vn -1 -4E-05 0
vn 1 3E-05 0
vn 1 3E-05 -1E-05
vn 1 3E-05 0
vn 1 3E-05 -1E-05
vn 1 3E-05 -0
vn 1 3E-05 -1E-05
vn 1 3E-05 -0
vn 1 3E-05 0
vn 1 3E-05 -0
vn 1 4E-05 1E-05
vn -1 -2E-05 -0
vn -1 -3E-05 -0
vn -1 -3E-05 -0
vn -1 -3E-05 1E-05
vn -1 -3E-05 0
vn -1 -3E-05 1E-05
vn -1 -4E-05 -1E-05
vn -1 -3E-05 0
vn -1 -3E-05 -0
vn 1 3E-05 -0
vn 1 3E-05 0
vn 1 3E-05 -0
vn 1 3E-05 -0
vn 1 4E-05 -1E-05
vn 1 3E-05 -0
vn 1 3E-05 0
vn -1 -3E-05 0
vn -1 -2E-05 -1E-05
vn -1 -3E-05 0
vn -1 -3E-05 0
vn -1 -3E-05 0
vn -1 -4E-05 1E-05
vn -1 -3E-05 0
vn -1E-05 0.40509 0.91428
vn -1E-05 0.40508 0.91428
vn -1 -3E-05 0
vn -2E-05 0.80795 0.58925
vn -2E-05 0.80795 0.58925
vn 2E-05 -0.80148 -0.59803
vn -1 -3E-05 -0
vn -1 -3E-05 -0
vn -1 -3E-05 -0
vn 2E-05 -0.90275 -0.43017
vn 3E-05 -0.90274 -0.43018
vn 2E-05 -0.6694 -0.7429
vn -2E-05 0.55769 0.83005
vn -2E-05 0.69336 0.72059
vn -2E-05 0.69336 0.72059
vn -1 -3E-05 0
vn -1 -3E-05 -0
vn -1 -3E-05 0
vn -1 -3E-05 0
vn 2E-05 -0.51161 -0.85922
vn -1 -3E-05 0
vn -1 -3E-05 0
vn 0 -0.05196 0.99865
vn -1 -3E-05 -0
vn -1 -3E-05 -0
vn 1E-05 -0.24579 0.96932
vn -1 -3E-05 0
vn -1 -3E-05 -0
vn -1 -3E-05 0
vn -3E-05 0.91225 0.40964
vn -3E-05 0.91227 0.40958
vn -4E-05 0.98378 0.17939
vn -4E-05 0.98378 0.17939
vn 1 3E-05 -0
vn 1 3E-05 2E-05
vn 1 3E-05 -0
vn 1 3E-05 1E-05
vn 1 4E-05 -3E-05
vn 1 3E-05 -0
vn 1 2E-05 3E-05
vn 1 3E-05 1E-05
vn 1 3E-05 -0
vn 1 3E-05 -0
vn 1 3E-05 -1E-05
vn -4E-05 0.99812 -0.06126
vn 1 3E-05 -0
vn -1 -3E-05 1E-05
vn 1 4E-05 1E-05
vn 1 4E-05 -0
vn 3E-05 -0.99812 0.06126
vn 1 3E-05 -0
vn 1 3E-05 -0
vn 1 3E-05 0
vn 1 3E-05 0
vn -1 -3E-05 -1E-05
vn -1 -3E-05 0
vn -1 -3E-05 -0
vn -1 -3E-05 0
vn -1 -3E-05 0
vn -1 -3E-05 0
vn -1 -2E-05 -1E-05
vn -1 -3E-05 -1E-05
vn -1 -3E-05 0
vn -1 -2E-05 0
vn -1 -3E-05 -0
vn -1 -2E-05 0
vn -1 -3E-05 -0
vn -1 -3E-05 -0
vn 0 -0.05951 0.99823
vn 3E-05 -0.7065 0.70771
vn 1E-05 -0.51656 0.85625
vn 0 -0.05951 0.99823
vn 2E-05 -0.51659 0.85623
vn -2E-05 0.61739 0.78665
vn -1E-05 0.41122 0.91154
vn -1E-05 0.41122 0.91154
vn -1 -3E-05 -0
vn -1 -3E-05 -0
vn -1 -3E-05 -0
vn -1 -4E-05 0
vn -1 -3E-05 0
vn -1 -4E-05 0
vn -0 0.14386 0.9896
vn -1E-05 0.33416 0.94252
vn -2E-05 0.78772 0.61603
vn 3E-05 -0.91225 -0.40963
vn 1E-05 -0.41122 -0.91154
vn 1E-05 -0.18111 -0.98346
vn 2E-05 -0.78775 -0.616
vn 3E-05 -0.78772 -0.61604
vn -1 -5E-05 1E-05
vn -1 -3E-05 -0
vn -1 -3E-05 0
vn -3E-05 0.70647 -0.70774
vn 1 3E-05 -0
vn 1 3E-05 0
vn 1 4E-05 1E-05
vn 1 4E-05 1E-05
vn 1 3E-05 -1E-05
vn 1 3E-05 -0
vn 1 4E-05 1E-05
vn 1 3E-05 -0
vn 1 3E-05 0
vn 1 3E-05 -1E-05
vn -3E-05 0.99812 -0.06126
vn -3E-05 0.95445 -0.29837
vn -3E-05 0.98378 0.17939
vn -1 -3E-05 1E-05
vn -1 -4E-05 -1E-05
vn -1 -4E-05 -1E-05
vn -1 -3E-05 0
vn -1 -3E-05 1E-05
vn 1 3E-05 -0
vn 1 2E-05 -1E-05
vn 2E-05 -0.51659 0.85623
vn 1 4E-05 1E-05
vn 1E-05 -0.29667 0.95498
vn 1E-05 -0.29667 0.95498
vn 1 3E-05 0
vn 1 3E-05 -0
vn -1 -3E-05 -0
vn -1 -2E-05 0
vn -1 -3E-05 -0
vn -1 -3E-05 0
vn -1 -3E-05 -0
vn -1 -3E-05 0
vn -1 -4E-05 -1E-05
vn -1 -3E-05 0
vn 2E-05 -0.70648 0.70773
vn 1E-05 -0.51659 0.85623
vn 0 -0.05951 0.99823
vn 1 3E-05 0
vn -2E-05 0.61741 0.78664
vn 1 3E-05 -0
vn 1 4E-05 -0
vn -1E-05 0.41121 0.91154
vn 1 2E-05 -0
vn 1 2E-05 0
vn 1 3E-05 -0
vn -1E-05 0.41121 0.91154
vn -1 -3E-05 0
vn -1 -2E-05 0
vn -1E-05 0.18111 0.98346
vn -1 -3E-05 -0
vn -1 -2E-05 -0
vn -1 -3E-05 0
vn -1 -3E-05 -0
vn -1 -3E-05 -0
vn 1 3E-05 -0
vn 1 3E-05 -1E-05
vn 1 3E-05 0
vn 1 3E-05 1E-05
vn 1 3E-05 0
vn 1 3E-05 -0
vn -1 -3E-05 -0
vn -3E-05 0.78772 0.61603
vn -1 -3E-05 0
vn -1 -3E-05 -1E-05
vn -3E-05 0.91226 0.40962
vn -3E-05 0.91226 0.40961
vn -3E-05 0.98378 0.17939
vn -4E-05 0.99812 -0.06126
vn -3E-05 0.99812 -0.06124
vn 1 3E-05 0
vn -1 -3E-05 -0
vn -1 -3E-05 0
vn -2E-05 0.51161 0.85922
vn -2E-05 0.66941 0.7429
vn -1 -3E-05 -0
vn 1 3E-05 1E-05
vn 1 3E-05 0
vn 1 3E-05 -0
vn 1 3E-05 -0
vn -1 -3E-05 -0
vn -1 -2E-05 1E-05
vn 1 2E-05 2E-05
vn -1 -3E-05 0
vn -1 -4E-05 0
vn -1 -2E-05 -1E-05
vn -1 -3E-05 0
vn -1 -3E-05 0
vn -1 -3E-05 0
vn 1 3E-05 -1E-05
vn 1 3E-05 -0
vn 1 3E-05 0
vn -1 -3E-05 -0
vn 1 3E-05 -0
vn 1 3E-05 -0
vn 3E-05 -0.898 -0.44
vn -2E-05 0.80148 0.59803
vn -2E-05 0.66941 0.74289
vn -1 -3E-05 1E-05
vn -1 -3E-05 0
vn -1 -3E-05 0
vn 4E-05 -0.99812 0.06126
vn 4E-05 -0.99812 0.06126
vn 4E-05 -0.98378 -0.17939
vn 4E-05 -0.98378 -0.17939
vn -1 -4E-05 1E-05
vn 1 3E-05 0
vn 1E-05 -0.4112 -0.91154
vn 2E-05 -0.6174 -0.78665
vn -1 -3E-05 -0
vn -1 -3E-05 0
vn -1 -3E-05 -0
vn -4E-05 0.98378 0.17939
vn -3E-05 0.91227 0.40958
vn 1 4E-05 -0
vn 1 4E-05 -1E-05
vn 1 3E-05 0
vn 1 3E-05 -0
vn 1 2E-05 -0
vn 1 2E-05 -0
vn 1 3E-05 -0
vn 1 4E-05 0
vn 1 5E-05 0
vn 1 4E-05 0
vn 1 4E-05 0
vn 1 2E-05 -0
vn 1 3E-05 -0
vn 1 3E-05 1E-05
vn 1 2E-05 -1E-05
vn -1 -3E-05 0
vn -1 -3E-05 0
vn -1 -2E-05 -1E-05
vn -1 -3E-05 -0
vn -1 -3E-05 1E-05
vn -1 -3E-05 -0
vn 1 3E-05 -0
vn 1 3E-05 1E-05
vn 1 3E-05 0
vn 1 3E-05 -0
vn 1 3E-05 -0
vn -1 -3E-05 -0
vn -1 -3E-05 0
vn -1 -3E-05 -1E-05
vn -1 -3E-05 0
vn -1 -3E-05 0
vn -1 -3E-05 0
vn 3E-05 -0.96076 -0.27738
vn -1 -3E-05 -0
vn -1 -3E-05 0
vn -1 -3E-05 -0
vn -3E-05 0.96932 0.24579
vn -3E-05 0.96932 0.24579
vn -3E-05 0.90275 0.43017
vn -2E-05 0.90274 0.43018
vn -1 -3E-05 -0
vn -1 -3E-05 -0
vn -1 -3E-05 0
vn 1 3E-05 -0
vn 3E-05 -0.99433 -0.10633
vn 1 3E-05 0
vn -1 -3E-05 0
vn 1 3E-05 -0
vn 1 3E-05 -0
vn -3E-05 0.99865 0.05197
vn -1 -3E-05 0
vn -1 -3E-05 -0
vn 1E-05 -0.41121 -0.91154
vn 2E-05 -0.61741 -0.78664
vn 2E-05 -0.78772 -0.61603
vn 1E-05 -0.18112 -0.98346
vn -0 0.05951 -0.99823
vn -0 0.05951 -0.99823
vn 1 3E-05 -0
vn 1 3E-05 0
vn 1 3E-05 -0
vn 1 2E-05 -0
vn 1 4E-05 -0
vn -1E-05 0.41118 0.91155
vn 1 3E-05 0
vn -2E-05 0.61743 0.78662
vn -1E-05 0.4112 0.91154
vn 1 3E-05 -0
vn 1 4E-05 -0
vn -1 -4E-05 0
vn -1 -2E-05 -0
vn -1 -3E-05 -0
vn -1 -3E-05 -0
vn -1 -3E-05 -0
vn 1E-05 -0.51661 0.85622
vn 1 3E-05 0
vn 1 3E-05 0
vn -1 -3E-05 -0
vn -1 -2E-05 -0
vn 1 2E-05 0
vn 1 3E-05 -0
vn -1 -4E-05 0
vn -1 -2E-05 -1E-05
vn -1 -3E-05 -0
vn -1 -3E-05 0
vn -3E-05 0.95446 -0.29833
vn -3E-05 0.95446 -0.29834
vn -2E-05 0.85532 -0.51809
vn -2E-05 0.70649 -0.70772
vn -2E-05 0.70649 -0.70772
vn -1E-05 0.51659 -0.85623
vn -1E-05 0.51659 -0.85623
vn 1 3E-05 -0
vn 1 3E-05 -0
vn 1 3E-05 -0
vn 1 3E-05 -0
vn 1 3E-05 -0
vn 1 4E-05 1E-05
vn -1 -3E-05 0
vn -1 -2E-05 1E-05
vn -1 -3E-05 -0
vn -1 -4E-05 -1E-05
vn -1E-05 0.29667 -0.95498
vn 1 2E-05 -0
vn 1 3E-05 0
vn 1 3E-05 0
vn 1E-05 -0.5166 0.85623
vn 2E-05 -0.70647 0.70775
vn 1 3E-05 0
vn -1E-05 0.18111 0.98346
vn -1E-05 0.41119 0.91155
vn -1E-05 0.41122 0.91154
vn -1E-05 0.18112 0.98346
vn 0 -0.0595 0.99823
vn -1 -3E-05 -0
vn -1 -3E-05 -0
vn -1 -3E-05 0
vn -1 -3E-05 -0
vn -1 -2E-05 0
vn -1 -3E-05 0
vn 3E-05 -0.85535 0.51804
vn 3E-05 -0.99812 0.06125
vn 3E-05 -0.99812 0.06126
vn 3E-05 -0.78773 -0.61602
vn 3E-05 -0.91227 -0.40959
vn 3E-05 -0.91225 -0.40964
vn 3E-05 -0.98378 -0.17939
vn 1E-05 -0.41118 -0.91155
vn -3E-05 0.91225 0.40964
vn -3E-05 0.98378 0.17939
vn -3E-05 0.91225 0.40964
vn -2E-05 0.78773 0.61602
vn -3E-05 0.99812 -0.06126
vn -3E-05 0.99812 -0.06126
vn -2E-05 0.78773 0.61602
vn -1E-05 0.51661 -0.85622
vn -1E-05 0.29666 -0.95498
vn -3E-05 0.85533 -0.51809
vn -2E-05 0.85535 -0.51804
vn -2E-05 0.70647 -0.70775
vn -3E-05 0.95445 -0.29837
vn -3E-05 0.95447 -0.29831
vn -1 -1E-05 -0
vn -1 -4E-05 0
vn -1 -3E-05 0
vn -1 -3E-05 0
vn 1 3E-05 0
vn 1 2E-05 0
vn 1 3E-05 -0
vn 1 2E-05 -0
vn 1 3E-05 -0
vn 1 3E-05 -0
vn 1 2E-05 -0
vn 1 4E-05 1E-05
vn 1 3E-05 0
vn -1 -2E-05 0
vn -1 -3E-05 -0
vn -1 -3E-05 -0
vn -1 -3E-05 0
vn -0 0.06795 0.99769
vn -1 -3E-05 0
vn -1E-05 0.24017 0.97073
vn 1E-05 -0.33416 -0.94252
vn -1E-05 0.24017 0.97073
vn 1E-05 -0.33416 -0.94252
vn -1 -3E-05 -0
vn -1 -3E-05 -0
vn 0 -0.14386 -0.9896
vn -1 -3E-05 0
vn -1 -3E-05 0
vn 0 -0.14386 -0.9896
vn 1 3E-05 1E-05
vn 1 3E-05 -0
vn 1 3E-05 0
vn 1 3E-05 -0
vn 1 3E-05 -0
vn 1 3E-05 -0
vn 1 3E-05 -1E-05
vn -1 -3E-05 0
vn -1 -3E-05 0
vn -1 -3E-05 -1E-05
vn -1 -3E-05 0
vn -1 -3E-05 0
vn -1 -3E-05 -1E-05
vn -1 -3E-05 0
vn 3E-05 -0.98378 -0.17939
vn 3E-05 -0.91225 -0.40963
vn 2E-05 -0.78772 -0.61604
vn 1E-05 -0.18112 -0.98346
vn -0 0.0595 -0.99823
vn -2E-05 0.70648 -0.70773
vn -1 -3E-05 0
vn -1 -3E-05 -0
vn -1 -4E-05 -0
vn -1 -3E-05 -0
vn -1 -4E-05 -0
vn 1 3E-05 -0
vn 1 3E-05 -0
vn 1 2E-05 0
vn 1E-05 -0.27737 0.96076
vn -1 -3E-05 0
vn 1 4E-05 -0
vn 1 3E-05 0
vn 1 4E-05 0
vn -1 -3E-05 0
vn -1 -3E-05 -0
vn -0 0.05196 -0.99865
vn -0 0.05196 -0.99865
vn 0 -0.10633 0.99433
vn -1 -3E-05 -0
vn -1 -3E-05 -0
vn -1E-05 0.24579 -0.96932
vn -1E-05 0.2458 -0.96932
vn 1 3E-05 -0
vn 1 3E-05 0
vn 1 3E-05 -1E-05
vn 1 3E-05 1E-05
vn 1 3E-05 -0
vn 1 3E-05 -0
vn 3E-05 -0.95447 0.29831
vn 2E-05 -0.85533 0.51809
vn 3E-05 -0.91225 -0.40964
vn -1 -3E-05 -1E-05
vn -1 -3E-05 0
vn -1 -3E-05 0
vn -1 -3E-05 -0
vn -1 -3E-05 -1E-05
vn -1 -3E-05 0
vn -1 -3E-05 -0
vn -1 -3E-05 0
vn 3E-05 -0.7065 0.70771
vn 1E-05 -0.29668 0.95498
vn 2E-05 -0.51659 0.85623
vn 1E-05 -0.51656 0.85625
vn 2E-05 -0.61742 -0.78663
vn 2E-05 -0.61739 -0.78665
vn 1 2E-05 0
vn 1 3E-05 0
vn 1 4E-05 -1E-05
vn 1 2E-05 1E-05
vn 1 2E-05 1E-05
vn 1 3E-05 -0
vn 1 4E-05 -1E-05
vn -1 -3E-05 0
vn -1 -4E-05 1E-05
vn -1 -3E-05 -0
vn -1 -4E-05 1E-05
vn -1 -3E-05 0
vn -1 -4E-05 1E-05
vn -1 -2E-05 -1E-05
vn -1 -3E-05 0
vn -1 -3E-05 -0
vn 1 3E-05 -0
vn 1 3E-05 0
vn 1 3E-05 -0
vn 1 3E-05 0
vn 1 3E-05 -0
vn 1 3E-05 1E-05
vn 1 3E-05 -0
vn -1 -3E-05 1E-05
vn -1 -3E-05 0
vn -1 -3E-05 0
vn -1 -3E-05 -1E-05
vn -1 -3E-05 0
vn -1 -3E-05 -1E-05
vn 3E-05 -0.99769 0.06795
vn 3E-05 -0.97073 0.24016
vn 3E-05 -0.99769 0.06795
vn 1 3E-05 -0
vn 1 3E-05 -0
vn 1 3E-05 -1E-05
vn 1 3E-05 0
vn 1 3E-05 -0
vn 1 3E-05 -1E-05
vn 1 3E-05 1E-05
vn -1 -3E-05 0
vn 3E-05 -0.91428 0.40509
vn 3E-05 -0.91428 0.40509
vn -1 -3E-05 -0
vn -1 -3E-05 -0
vn -1 -3E-05 -0
vn -3E-05 0.9896 -0.14386
vn -3E-05 0.9896 -0.14386
vn -1 -3E-05 0
vn -3E-05 0.94252 -0.33416
vn -2E-05 0.94252 -0.33416
vn -1 -3E-05 0
vn -1 -3E-05 0
vn -3E-05 0.85921 -0.51162
vn -2E-05 0.85922 -0.51161
vn 1 3E-05 -0
vn 1 3E-05 -0
vn 1 4E-05 1E-05
vn 1 3E-05 -0
vn 1 3E-05 0
vn -2E-05 0.78772 0.61604
vn -1 -3E-05 0
vn -1 -3E-05 -1E-05
vn -2E-05 0.85533 -0.51809
vn -1 -3E-05 -0
vn -1 -3E-05 0
vn -1 -2E-05 0
vn -1 -3E-05 -1E-05
vn -1 -3E-05 -0
vn -1 -3E-05 0
vn 1 3E-05 0
vn 1 3E-05 0
vn 1 2E-05 -0
vn 1 3E-05 0
vn 1 3E-05 0
vn -1 -3E-05 -0
vn -1 -2E-05 0
vn 2E-05 -0.58925 0.80795
vn -1 -3E-05 -0
vn 1E-05 -0.44 0.898
vn -1 -3E-05 0
vn -1E-05 0.43017 -0.90275
vn -2E-05 0.59803 -0.80148
vn -1 -3E-05 0
vn 2E-05 -0.83005 0.55769
vn -2E-05 0.7429 -0.66941
vn -2E-05 0.7429 -0.6694
vn 2E-05 -0.7206 0.69335
vn -1 -3E-05 0
vn -1 -3E-05 0
vn -1 -3E-05 0
vn -1 -3E-05 0
vn -1 -3E-05 0
vn -1E-05 0.32055 -0.94723
vn -1E-05 0.32055 -0.94723
vn -3E-05 0.94723 0.32055
vn -3E-05 0.94723 0.32055
vn 2E-05 -0.51659 0.85623
vn -3E-05 0.85623 0.51659
vn -3E-05 0.85623 0.51659
vn -1E-05 0.51659 -0.85623
vn 0.98146 -0.06142 0.18158
vn 0.98145 -0.06142 0.18159
vn -2E-05 0.51659 -0.85623
vn 1E-05 0.51659 -0.85623
vn -6E-05 0.51659 -0.85623
vn 0 0.51659 -0.85623
vn -3E-05 0.51659 -0.85623
vn -0 0.51659 -0.85623
vn -2E-05 0.51659 -0.85623
vn -1E-05 0.51659 -0.85623
vn -2E-05 0.51659 -0.85623
vn -1 -3E-05 -2E-05
vn -1 -9E-05 9E-05
vn -1 -2E-05 -0
vn -1 -4E-05 1E-05
vn -1 1E-05 -4E-05
vn 4E-05 0.8561 0.51681
vn -4E-05 0.85625 0.51656
vn -3E-05 0.85625 0.51657
vn -1E-05 0.85623 0.5166
vn -2E-05 0.85623 0.51659
vn -2E-05 0.85623 0.51659
vn -2E-05 0.85623 0.51659
vn -1 -3E-05 0
vn -2E-05 0.85623 0.51659
vn 3E-05 -0.94723 -0.32054
vn 3E-05 -0.94723 -0.32055
vn 2E-05 -0.51659 0.85623
vn 3E-05 -0.85623 -0.51659
vn -0.98145 0.06142 -0.18159
vn 2E-05 -0.85623 -0.51659
vn -1 -3E-05 0
vn -0.98145 0.06142 -0.18159
vn -0.98145 0.06142 -0.18159
vn -1 -3E-05 -0
vn -1 -3E-05 0
vn -1 -3E-05 1E-05
vn 1 3E-05 0
vn 1 3E-05 0
vn 1 3E-05 -0
vn 1 3E-05 -0
vn 1 3E-05 -0
vn 1 3E-05 0
vn 1 3E-05 -0
vn 1 3E-05 0
vn -1 -3E-05 -0
vn -1 -2E-05 0
vn -1 -3E-05 -0
vn -1 -3E-05 -0
vn -1 -3E-05 -0
vn -1 -2E-05 0
vn -1 -3E-05 -0
vn 2E-05 -0.85623 -0.51659
vn -1 -3E-05 -0
vn -1 -2E-05 0
vn 3E-05 -0.85623 -0.51659
vn 1 3E-05 -0
vn 1 3E-05 -0
vn -1 -3E-05 -0
vn -1 -4E-05 -1E-05
vn -1 -3E-05 0
vn -1 -2E-05 1E-05
vn -1 -3E-05 -0
vn 1 3E-05 0
vn 1 3E-05 0
vn 1 3E-05 -0
vn -1 -3E-05 -0
vn 1 3E-05 0
vn 1 3E-05 -0
vn -2E-05 0.85623 0.51659
vn 2E-05 -0.85922 0.51161
vn 2E-05 -0.7429 0.6694
vn 3E-05 -0.85921 0.51162
vn 1E-05 -0.43017 0.90275
vn 1E-05 -0.43017 0.90275
vn 2E-05 -0.59803 0.80148
vn 1 3E-05 0
vn 2E-05 -0.59803 0.80148
vn 1 3E-05 -0
vn 1 2E-05 -0
vn 1 3E-05 0
vn 1 3E-05 -0
vn 1 2E-05 -0
vn 1 3E-05 0
vn 1 3E-05 0
vn 1 3E-05 -0
vn 1 3E-05 -2E-05
vn 1 3E-05 1E-05
vn 1 3E-05 -0
vn 3E-05 -0.99812 0.06126
vn 3E-05 -0.98378 -0.17939
vn 2E-05 -0.61743 -0.78662
vn 2E-05 -0.6174 -0.78665
vn 1 3E-05 -0
vn 1 3E-05 0
vn 1 3E-05 0
vn 1 3E-05 0
vn 1 2E-05 -0
vn 1 3E-05 0
vn 2E-05 -0.94252 0.33416
vn 1 3E-05 0
vn 1 3E-05 -0
vn 1 3E-05 1E-05
vn 1 3E-05 0
vn 1 3E-05 -1E-05
vn 1 3E-05 1E-05
vn 2E-05 -0.7065 0.70771
vn 1E-05 -0.51659 0.85623
vn 3E-05 -0.70647 0.70774
vn 3E-05 -0.85535 0.51804
vn 3E-05 -0.95445 0.29837
vn 2E-05 -0.61739 -0.78665
vn 1 4E-05 -1E-05
vn 1 2E-05 0
vn 1 3E-05 -0
vn 1 2E-05 1E-05
vn 1 3E-05 0
vn 1 4E-05 -1E-05
vn -1 -2E-05 -0
vn -1 -3E-05 0
vn -1 -2E-05 -1E-05
vn -1 -3E-05 0
vn -1 -3E-05 -0
vn -1 -1E-05 -2E-05
vn -1 -4E-05 1E-05
vn 1 2E-05 -0
vn -1 -4E-05 1E-05
vn -1 -3E-05 0
vn -1 -2E-05 -1E-05
vn -1 -3E-05 -0
vn -1E-05 0.18111 0.98346
vn -3E-05 0.78772 0.61603
vn -2E-05 0.61739 0.78665
vn -2E-05 0.61742 0.78663
vn 1 3E-05 -0
vn 1 3E-05 1E-05
vn -1 -3E-05 0
vn -1 -3E-05 1E-05
vn 1 3E-05 -0
vn 3E-05 -0.99865 -0.05197
vn 1 3E-05 0
vn 1 3E-05 0
vn 1 3E-05 0
vn 1 4E-05 -1E-05
vn 1 3E-05 0
vn 1 3E-05 0
vn 1 3E-05 -0
vn -1 -4E-05 0
vn -1 -3E-05 -0
vn 1 3E-05 -0
vn -1 -3E-05 -0
vn 1 3E-05 1E-05
vn -1 -2E-05 -0
vn 1 3E-05 -1E-05
vn 1 3E-05 -0
vn 1 3E-05 -0
vn -1 -1E-05 -2E-05
vn -1 -5E-05 2E-05
vn 1 3E-05 -0
vn 1 2E-05 1E-05
vn 1 3E-05 0
vn 1 4E-05 0
vn 1 2E-05 -0
vn 1 3E-05 0
vn 1 4E-05 0
vn -0 0.05951 -0.99823
vn -1 -2E-05 0
vn -1 -4E-05 -0
vn -1 -2E-05 0
vn -1 -5E-05 -0
vn -1 -2E-05 0
vn -1 -4E-05 -0
vn -1 -4E-05 -0
vn -1 -2E-05 0
vn -1 -4E-05 -0
vn -1 -2E-05 0
vn 3E-05 -0.98378 -0.17939
vn 3E-05 -0.99812 0.06124
vn 1 3E-05 -0
vn 1 3E-05 0
vn 1 3E-05 0
vn 1 3E-05 -0
vn 1 2E-05 1E-05
vn 1 3E-05 -0
vn -1 -3E-05 -0
vn -1 -3E-05 -0
vn -1 -3E-05 0
vn -1 -3E-05 0
vn -1 -3E-05 -0
vn -1 -3E-05 0
vn 2E-05 -0.51658 0.85624
vn 1E-05 -0.29666 0.95498
vn 3E-05 -0.99813 0.0612
vn 3E-05 -0.95445 0.29837
vn -1E-05 0.4112 0.91154
vn 0 -0.0595 0.99823
vn 1E-05 -0.29668 0.95498
vn 0 -0.05949 0.99823
vn -1E-05 0.4112 0.91154
vn 4E-05 -0.98378 -0.17939
vn 1E-05 -0.18111 -0.98346
vn -1E-05 0.29668 -0.95498
vn 1E-05 -0.1811 -0.98347
vn 1 3E-05 -0
vn 1 3E-05 -0
vn 1 3E-05 -0
vn 1 3E-05 0
vn 1 3E-05 -1E-05
vn -1 -3E-05 0
vn -3E-05 0.91227 0.40958
vn -1 -3E-05 1E-05
vn -1 -3E-05 0
vn -3E-05 0.98377 0.17945
vn 1 3E-05 -0
vn 1 3E-05 0
vn 1 3E-05 -0
vn 2E-05 -0.80148 -0.59802
vn 1 3E-05 0
vn 1 3E-05 -0
vn 1 3E-05 0
vn 1 3E-05 -0
vn 1 3E-05 -0
vn 1E-05 -0.33415 -0.94252
vn -2E-05 0.80795 0.58925
vn 1 3E-05 -0
vn 1 3E-05 0
vn 1 3E-05 -0
vn 1 3E-05 -0
vn 1 3E-05 -0
vn 1 3E-05 -0
vn 1 2E-05 1E-05
vn -1 -2E-05 -1E-05
vn -1 -3E-05 0
vn -1 -4E-05 1E-05
vn -1 -3E-05 0
vn -1 -3E-05 -0
vn -1 -3E-05 -0
vn -1 -3E-05 1E-05
vn -1 -3E-05 0
vn -2E-05 0.69335 0.7206
vn -2E-05 0.55769 0.83005
vn 1 3E-05 -0
vn 1 4E-05 1E-05
vn 1 3E-05 -0
vn 1 5E-05 -0
vn 1 3E-05 0
vn 1 3E-05 0
vn 1 2E-05 -1E-05
vn -0 0.05949 -0.99823
vn -1 -2E-05 1E-05
vn -1 -3E-05 0
vn -1 -3E-05 0
vn -1 -3E-05 -0
vn -1 -4E-05 -1E-05
vn 1 3E-05 -0
vn 1 3E-05 -0
vn 1 3E-05 -0
vn -1 -3E-05 0
vn 1 3E-05 0
vn 1 3E-05 -0
vn 1E-05 -0.24579 0.96932
vn 1 3E-05 -0
vn 1 3E-05 -0
vn 1 4E-05 -0
vn 1 3E-05 -0
vn 0 -0.05196 0.99865
vn 1 3E-05 0
vn 1 3E-05 -0
vn -1E-05 0.18111 0.98346
vn -1E-05 0.4112 0.91155
vn -2E-05 0.6174 0.78665
vn 1 3E-05 -0
vn 1 3E-05 -0
vn 1 3E-05 -0
vn 1 3E-05 1E-05
vn 1 3E-05 1E-05
vn -1 -3E-05 2E-05
vn -1 -3E-05 -3E-05
vn -1 -3E-05 -1E-05
vn -1 -3E-05 2E-05
vn -1 -3E-05 1E-05
vn -1 -3E-05 0
vn -1 -3E-05 1E-05
vn -1 -3E-05 -2E-05
vn -1 -3E-05 -1E-05
vn 1 3E-05 0
vn 1 2E-05 -0
vn -0 0.14386 0.9896
vn 1 2E-05 -0
vn 1 3E-05 -0
vn 1 3E-05 0
vn -1E-05 0.33416 0.94252
vn 1 2E-05 0
vn -1E-05 0.33416 0.94252
vn 1 4E-05 -1E-05
vn 1 2E-05 1E-05
vn 1 3E-05 0
vn 1 4E-05 -0
vn 1 3E-05 -0
vn 3E-05 -0.95445 0.29837
vn -3E-05 0.91225 0.40964
vn 1 2E-05 -1E-05
vn 1 3E-05 0
vn 1 3E-05 -0
vn 1 3E-05 0
vn 1 4E-05 1E-05
vn 1 3E-05 -0
vn 1 3E-05 -0
vn -2E-05 0.85535 -0.51805
vn -1 -3E-05 0
vn -3E-05 0.85532 -0.5181
vn -1 -4E-05 -0
vn -1 -3E-05 -0
vn -1 -3E-05 -0
vn -1 -3E-05 0
vn -1 -3E-05 0
vn 1 3E-05 -0
vn 1 3E-05 0
vn 1 3E-05 0
vn 0 -0.05951 0.99823
vn -1 -3E-05 0
vn -1 -4E-05 -1E-05
vn -1 -3E-05 -0
vn 3E-05 -0.70649 0.70772
vn 3E-05 -0.85532 0.51809
vn 1 3E-05 0
vn 1 2E-05 1E-05
vn 1 4E-05 -1E-05
vn 1 3E-05 -0
vn 1 3E-05 -0
vn 1 3E-05 -0
vn -1 -3E-05 0
vn -1E-05 0.18112 0.98346
vn 0 -0.05951 0.99823
vn -1 -3E-05 -0
vn -1 -2E-05 -1E-05
vn -1 -4E-05 0
vn -1 -3E-05 0
vn 1 3E-05 0
vn 1 3E-05 0
vn 1 2E-05 -0
vn 1 3E-05 -0
vn -2E-05 0.78772 0.61603
vn 1 3E-05 -0
vn -2E-05 0.61741 0.78664
vn -1 -3E-05 0
vn -1 -2E-05 0
vn 1 3E-05 0
vn -2E-05 0.51161 0.85922
vn -2E-05 0.51161 0.85922
vn 1 3E-05 -0
vn 1 3E-05 0
vn 3E-05 -0.898 -0.44
vn 1 3E-05 0
vn -2E-05 0.80148 0.59803
vn -3E-05 0.90275 0.43017
vn -2E-05 0.90274 0.43018
vn -1 -2E-05 3E-05
vn 1 3E-05 0
vn 1 3E-05 0
vn 1 3E-05 -0
vn 1 3E-05 -0
vn 1 3E-05 -0
vn 1 3E-05 -1E-05
vn -1 -4E-05 -1E-05
vn -1 -3E-05 -0
vn -1 -3E-05 1E-05
vn -1 -3E-05 0
vn -1 -3E-05 -0
vn -1 -3E-05 -1E-05
vn -1 -3E-05 0
vn -1 -3E-05 1E-05
vn 1 3E-05 0
vn 1 3E-05 -0
vn 1 3E-05 0
vn 1 3E-05 -0
vn 1 3E-05 -0
vn -1 -3E-05 0
vn -1 -3E-05 -0
vn -1 -3E-05 0
vn -1 -3E-05 1E-05
vn -1 -3E-05 0
vn -1 -2E-05 -1E-05
vn -1 -2E-05 -2E-05
vn -1 -4E-05 1E-05
vn 1 3E-05 -0
vn -1 -3E-05 0
vn 3E-05 -0.91225 -0.40964
vn 3E-05 -0.91227 -0.40958
vn 3E-05 -0.95447 0.29831
vn 1 4E-05 -1E-05
vn -1 -2E-05 -0
vn -1 -3E-05 -0
vn -1 -3E-05 0
vn -1 -3E-05 0
vn -1 -4E-05 1E-05
vn -1 -3E-05 0
vn -1 -3E-05 -0
vn -1 -3E-05 -1E-05
vn 1E-05 -0.4112 -0.91154
vn 1E-05 -0.41118 -0.91155
vn 1 3E-05 0
vn 1 3E-05 0
vn 1 2E-05 1E-05
vn -3E-05 0.98378 0.17941
vn -3E-05 0.98378 0.17941
vn -3E-05 0.91226 0.40961
vn -3E-05 0.99812 -0.06126
vn -3E-05 0.91226 0.40961
vn -1 -3E-05 -0
vn -1 -4E-05 0
vn 1 4E-05 0
vn 1 3E-05 0
vn 1 2E-05 -0
vn -1 -2E-05 0
vn -1 -3E-05 -0
vn -1 -3E-05 -0
vn -1 -3E-05 -0
vn -3E-05 0.96932 0.24579
vn -2E-05 0.96932 0.24579
vn 3E-05 -0.96076 -0.27737
vn 1 3E-05 -0
vn 1 3E-05 0
vn 1 3E-05 -0
vn 1 3E-05 -0
vn -3E-05 0.99865 0.05197
vn -3E-05 0.99865 0.05196
vn -1 -3E-05 0
vn -1 -3E-05 0
vn -1 -3E-05 -1E-05
vn -1 -3E-05 0
vn -1 -3E-05 0
vn 1 3E-05 -0
vn 1 3E-05 2E-05
vn 1 3E-05 -1E-05
vn -1 -4E-05 2E-05
vn 1 4E-05 -1E-05
vn -1 -3E-05 -1E-05
vn -1 -3E-05 0
vn 1 3E-05 0
vn -1 -3E-05 -0
vn -1 -2E-05 0
vn -1 -3E-05 -0
vn 1 3E-05 1E-05
vn -1 -3E-05 1E-05
vn -1 -3E-05 -0
vn -1 -3E-05 0
vn -1 -3E-05 -1E-05
vn 2E-05 -0.61741 -0.78664
vn 1E-05 -0.41121 -0.91154
vn 3E-05 -0.70647 0.70775
vn 2E-05 -0.7065 0.70772
vn -1 -4E-05 -1E-05
vn -1 -3E-05 0
vn -1 -3E-05 0
vn -1 -4E-05 -1E-05
vn -1 -3E-05 -0
vn -1 -3E-05 1E-05
vn 1E-05 -0.18111 -0.98346
vn 1 4E-05 -1E-05
vn 1 2E-05 1E-05
vn -2E-05 0.61743 0.78662
vn 1 3E-05 0
vn -3E-05 0.78773 0.61602
vn 1 3E-05 -0
vn 1 3E-05 -0
vn -3E-05 0.78773 0.61602
vn -2E-05 0.6174 0.78665
vn -1 -3E-05 0
vn -1 -2E-05 0
vn -1 -3E-05 0
vn -1 -3E-05 -0
vn -1E-05 0.41118 0.91155
vn -1E-05 0.4112 0.91154
vn -1 -3E-05 -0
vn -1 -2E-05 -0
vn -1 -4E-05 0
vn -1E-05 0.29667 -0.95498
vn -1E-05 0.29667 -0.95498
vn -0 0.05951 -0.99823
vn -0 0.05951 -0.99823
vn -1 -3E-05 0
vn -1 -4E-05 -1E-05
vn -2E-05 0.85533 -0.51808
vn -2E-05 0.70648 -0.70773
vn -1 -5E-05 1E-05
vn -1 -3E-05 0
vn -1 -3E-05 -1E-05
vn -1 -3E-05 0
vn 1 3E-05 -0
vn 1 4E-05 1E-05
vn 4E-05 -0.98378 -0.17939
vn 4E-05 -0.99813 0.06119
vn -1 -3E-05 0
vn -1 -3E-05 -0
vn -1 -4E-05 -1E-05
vn -1 -4E-05 -0
vn -1 -2E-05 0
vn -1 -2E-05 1E-05
vn -0 0.05196 -0.99865
vn 1 3E-05 0
vn 1 3E-05 0
vn 1 3E-05 0
vn 1 3E-05 0
vn 1E-05 -0.33416 -0.94252
vn 0 -0.14386 -0.9896
vn -1E-05 0.43018 -0.90274
vn 1 3E-05 -0
vn 1 3E-05 -0
vn 1 3E-05 -0
vn 1 3E-05 -0
vn 0 -0.10633 0.99433
vn 0 -0.10633 0.99433
vn 1 2E-05 0
vn 1E-05 -0.27738 0.96076
vn 1E-05 -0.27738 0.96076
vn 1 3E-05 -0
vn 1 3E-05 -0
vn 1 4E-05 -0
vn 1 3E-05 -0
vn 1 3E-05 0
vn -1E-05 0.2458 -0.96932
vn 3E-05 -0.91225 -0.40964
vn -1 -2E-05 -1E-05
vn -1 -3E-05 0
vn 1 2E-05 1E-05
vn -1 -3E-05 0
vn 1 3E-05 -0
vn 1 3E-05 0
vn 2E-05 -0.78773 -0.61602
vn -3E-05 0.91227 0.40959
vn -3E-05 0.91225 0.40964
vn -3E-05 0.99812 -0.06126
vn -2E-05 0.70647 -0.70775
vn -1E-05 0.51661 -0.85622
vn -3E-05 0.95447 -0.29831
vn -2E-05 0.85533 -0.51809
vn 1 3E-05 -0
vn 1 3E-05 -0
vn -1 -3E-05 -0
vn 1 4E-05 -0
vn -1 -3E-05 0
vn 1 3E-05 -0
vn -1 -3E-05 0
vn -1 -3E-05 -0
vn 1 3E-05 0
vn 1 3E-05 0
vn 1 2E-05 -0
vn -1 -4E-05 -0
vn -1 -3E-05 -0
vn -1 -2E-05 -0
vn -1 -4E-05 0
vn -1 -3E-05 -0
vn 1 3E-05 1E-05
vn -1 -3E-05 0
vn -1 -3E-05 -0
vn -1 -3E-05 -0
vn -1 -3E-05 0
vn -1 -3E-05 0
vn -1 -3E-05 1E-05
vn -1 -3E-05 -0
vn -1 -3E-05 -0
vn 1 3E-05 -0
vn 1 3E-05 0
vn 1 3E-05 -0
vn -1 -2E-05 0
vn -1 -3E-05 0
vn 3E-05 -0.91228 -0.40958
vn -1 -3E-05 -0
vn -1 -3E-05 0
vn -1 -3E-05 0
vn 1 3E-05 -0
vn 1 3E-05 0
vn -2E-05 0.85533 -0.51808
vn -3E-05 0.95446 -0.29834
vn -3E-05 0.95446 -0.29834
vn -1 -3E-05 0
vn -1 -3E-05 -1E-05
vn -1 -3E-05 -0
vn -1 -2E-05 1E-05
vn -1 -3E-05 -1E-05
vn 3E-05 -0.95445 0.29837
vn 1E-05 -0.29666 0.95498
vn 0 -0.05951 0.99823
vn -1E-05 0.18112 0.98346
vn -0 0.05951 -0.99823
vn 1 2E-05 0
vn 1 4E-05 -1E-05
vn 1 4E-05 -1E-05
vn 1 2E-05 1E-05
vn 1 3E-05 0
vn -1 -1E-05 1E-05
vn 0 -0.0595 0.99823
vn -1E-05 0.18111 0.98346
vn -1 -4E-05 1E-05
vn -1 -3E-05 -0
vn -1 -3E-05 -0
vn -1 -4E-05 0
vn -1 -3E-05 -0
vn 3E-05 -0.99769 0.06795
vn 3E-05 -0.97073 0.24016
vn 1 3E-05 -0
vn 1 3E-05 -0
vn 1 3E-05 0
vn 1 3E-05 0
vn -3E-05 0.94252 -0.33416
vn 3E-05 -0.91428 0.40508
vn 1 3E-05 0
vn 1 3E-05 0
vn -1E-05 0.41119 0.91155
vn -1E-05 0.18111 0.98346
vn -3E-05 0.78775 0.61599
vn -1 -3E-05 -1E-05
vn 1 3E-05 -0
vn -1 -3E-05 0
vn -1 -3E-05 0
vn 1 3E-05 -0
vn -1 -3E-05 -0
vn 1 3E-05 -0
vn 1 3E-05 1E-05
vn -1 -3E-05 0
vn 1 3E-05 0
vn -1 -3E-05 -0
vn -1 -3E-05 -1E-05
vn -1 -3E-05 -0
vn -1 -3E-05 -0
vn -1 -3E-05 -0
vn -1 -2E-05 0
vn -1 -3E-05 0
vn -1 -3E-05 1E-05
vn 1 3E-05 -0
vn 1 3E-05 -0
vn 1 3E-05 0
vn -2E-05 0.74289 -0.66941
vn 2E-05 -0.58925 0.80795
vn -2E-05 0.7429 -0.6694
vn 1 3E-05 0
vn 1 3E-05 0
vn 1 3E-05 0
vn -4E-05 0.99812 -0.06126
vn -3E-05 0.91227 0.40959
vn -3E-05 0.99813 -0.0612
vn -2E-05 0.78772 0.61604
vn 1 2E-05 -0
vn -1E-05 0.51659 -0.85623
vn -3E-05 0.70648 -0.70773
vn -2E-05 0.70651 -0.7077
vn -2E-05 0.51656 -0.85625
vn 1 3E-05 -0
vn 1 3E-05 0
vn 1 3E-05 -0
vn 1 3E-05 0
vn 1 3E-05 0
vn 1 3E-05 -2E-05
vn 1 3E-05 0
vn -1 -3E-05 -1E-05
vn -1 -3E-05 0
vn -1 -2E-05 1E-05
vn -1 -3E-05 -0
vn -1 -3E-05 0
vn 1 3E-05 0
vn 1 4E-05 1E-05
vn 1 3E-05 -0
vn -1 -3E-05 0
vn -1 -3E-05 0
vn -1 -2E-05 0
vn -1 -3E-05 0
vn -1 -4E-05 -0
vn -1 -2E-05 1E-05
vn -1 -4E-05 -1E-05
f 1//1 2//1 3//1
f 2//2 4//2 3//2
f 3//3 4//3 5//3
f 3//4 5//4 6//4
f 7//5 8//5 9//5
f 7//6 9//6 10//6
f 6//7 5//7 11//7
f 5//8 12//8 13//8
f 4//9 10//9 14//9
f 4//10 14//10 5//10
f 5//11 13//11 11//11
f 5//12 14//12 12//12
f 4//13 7//13 10//13
f 14//14 10//14 12//14
f 1//15 3//15 15//15
f 16//16 17//16 18//16
f 16//17 15//17 17//17
f 19//18 15//18 16//18
f 20//19 19//19 16//19
f 15//20 3//20 6//20
f 19//21 1//21 15//21
f 15//22 6//22 17//22
f 18//23 21//23 22//23
f 18//24 17//24 21//24
f 21//25 23//25 24//25
f 6//26 11//26 23//26
f 17//27 23//27 21//27
f 17//28 6//28 23//28
f 25//29 7//29 4//29
f 25//30 26//30 7//30
f 2//31 25//31 4//31
f 27//32 26//32 25//32
f 28//33 29//33 2//33
f 29//34 27//34 25//34
f 29//35 25//35 2//35
f 29//36 30//36 31//36
f 29//37 31//37 27//37
f 27//38 31//38 32//38
f 28//39 30//39 29//39
f 27//40 33//40 26//40
f 27//41 32//41 33//41
f 26//42 8//42 7//42
f 33//43 34//43 35//43
f 26//44 36//44 8//44
f 33//45 36//45 26//45
f 33//46 35//46 36//46
f 34//47 37//47 35//47
f 33//48 32//48 34//48
f 28//49 2//49 1//49
f 28//50 38//50 30//50
f 39//51 40//51 19//51
f 39//52 19//52 20//52
f 39//53 41//53 40//53
f 40//54 41//54 38//54
f 40//55 1//55 19//55
f 40//56 38//56 28//56
f 40//57 28//57 1//57
f 42//58 18//58 43//58
f 20//59 16//59 42//59
f 44//60 43//60 45//60
f 43//61 18//61 46//61
f 43//62 46//62 47//62
f 43//63 47//63 45//63
f 42//64 16//64 18//64
f 44//65 42//65 43//65
f 18//66 22//66 46//66
f 48//67 20//67 42//67
f 49//68 48//68 44//68
f 48//69 42//69 44//69
f 49//70 44//70 50//70
f 44//71 45//71 50//71
f 51//72 20//72 48//72
f 51//73 39//73 20//73
f 52//74 53//74 51//74
f 52//75 51//75 48//75
f 52//76 48//76 49//76
f 51//77 54//77 39//77
f 51//78 53//78 54//78
f 39//79 54//79 41//79
f 55//80 49//80 56//80
f 55//81 52//81 49//81
f 49//82 50//82 56//82
f 55//83 56//83 57//83
f 52//84 58//84 59//84
f 52//85 59//85 53//85
f 55//86 58//86 52//86
f 55//87 57//87 58//87
f 60//88 58//88 57//88
f 61//89 60//89 57//89
f 62//90 61//90 57//90
f 63//91 62//91 57//91
f 21//92 24//92 64//92
f 24//93 23//93 65//93
f 23//94 11//94 65//94
f 11//95 66//95 65//95
f 65//96 67//96 64//96
f 67//97 68//97 64//97
f 11//98 13//98 66//98
f 65//99 66//99 67//99
f 13//100 12//100 69//100
f 13//101 69//101 66//101
f 36//102 35//102 70//102
f 8//103 71//103 72//103
f 8//104 36//104 71//104
f 9//105 72//105 73//105
f 9//106 8//106 72//106
f 10//107 73//107 69//107
f 10//108 9//108 73//108
f 12//109 10//109 69//109
f 36//110 70//110 71//110
f 35//111 74//111 70//111
f 75//112 76//112 37//112
f 35//113 37//113 74//113
f 37//114 76//114 74//114
f 21//115 64//115 68//115
f 68//116 77//116 22//116
f 68//117 22//117 21//117
f 77//118 78//118 22//118
f 78//119 79//119 47//119
f 78//120 46//120 22//120
f 78//121 47//121 46//121
f 79//122 45//122 47//122
f 80//123 81//123 56//123
f 82//124 50//124 45//124
f 82//125 80//125 50//125
f 80//126 56//126 50//126
f 79//127 82//127 45//127
f 81//128 83//128 56//128
f 84//129 63//129 57//129
f 84//130 85//130 63//130
f 86//131 84//131 57//131
f 83//132 57//132 56//132
f 83//133 86//133 57//133
f 85//134 87//134 63//134
f 87//135 84//135 86//135
f 87//136 85//136 84//136
f 24//137 88//137 64//137
f 89//138 63//138 87//138
f 90//139 37//139 34//139
f 90//140 75//140 37//140
f 91//141 34//141 32//141
f 91//141 90//141 34//141
f 92//142 32//142 31//142
f 92//142 91//142 32//142
f 93//143 92//143 31//143
f 93//144 31//144 30//144
f 94//145 30//145 38//145
f 94//145 93//145 30//145
f 95//146 38//146 41//146
f 95//147 94//147 38//147
f 96//148 41//148 54//148
f 96//149 95//149 41//149
f 97//150 98//150 99//150
f 100//151 92//151 93//151
f 100//152 101//152 92//152
f 101//153 91//153 92//153
f 99//154 101//154 100//154
f 99//155 98//155 101//155
f 102//156 100//156 93//156
f 102//157 94//157 95//157
f 102//158 93//158 94//158
f 103//159 104//159 102//159
f 104//160 100//160 102//160
f 103//161 102//161 105//161
f 105//162 102//162 95//162
f 106//163 104//163 103//163
f 107//164 97//164 99//164
f 107//165 99//165 104//165
f 104//166 99//166 100//166
f 108//167 107//167 106//167
f 106//168 107//168 104//168
f 98//169 109//169 101//169
f 109//170 110//170 111//170
f 109//171 90//171 91//171
f 109//172 111//172 90//172
f 111//173 75//173 90//173
f 98//174 112//174 110//174
f 101//175 109//175 91//175
f 98//176 110//176 109//176
f 97//177 112//177 98//177
f 97//178 113//178 112//178
f 97//179 114//179 113//179
f 115//180 97//180 107//180
f 115//181 114//181 97//181
f 115//182 116//182 114//182
f 108//183 115//183 107//183
f 108//184 117//184 115//184
f 115//185 117//185 116//185
f 118//186 119//186 53//186
f 118//187 53//187 59//187
f 118//188 59//188 58//188
f 119//189 96//189 54//189
f 119//190 54//190 53//190
f 120//191 61//191 62//191
f 121//192 60//192 61//192
f 121//193 122//193 60//193
f 123//194 58//194 60//194
f 120//191 121//191 61//191
f 122//195 123//195 60//195
f 123//196 118//196 58//196
f 124//197 120//197 62//197
f 124//198 62//198 63//198
f 125//199 126//199 119//199
f 125//200 119//200 118//200
f 126//201 96//201 119//201
f 127//202 128//202 123//202
f 128//203 125//203 118//203
f 127//204 123//204 129//204
f 128//205 118//205 123//205
f 129//206 123//206 122//206
f 129//207 120//207 124//207
f 129//208 121//208 120//208
f 129//209 122//209 121//209
f 130//210 103//210 131//210
f 132//211 131//211 126//211
f 133//212 134//212 132//212
f 105//213 95//213 96//213
f 132//214 126//214 125//214
f 134//215 131//215 132//215
f 134//216 130//216 131//216
f 126//217 105//217 96//217
f 131//218 103//218 105//218
f 131//219 105//219 126//219
f 135//220 136//220 137//220
f 135//221 134//221 133//221
f 138//222 106//222 130//222
f 130//223 106//223 103//223
f 138//224 108//224 106//224
f 137//225 138//225 130//225
f 137//226 130//226 134//226
f 135//227 139//227 136//227
f 135//228 137//228 134//228
f 138//229 140//229 141//229
f 137//230 140//230 138//230
f 137//231 136//231 140//231
f 138//232 141//232 108//232
f 108//233 142//233 117//233
f 108//234 141//234 142//234
f 143//235 141//235 140//235
f 144//236 145//236 146//236
f 127//237 147//237 128//237
f 127//238 129//238 147//238
f 148//239 147//239 146//239
f 145//240 125//240 128//240
f 148//241 146//241 145//241
f 145//242 132//242 125//242
f 148//243 145//243 128//243
f 148//244 128//244 147//244
f 135//245 149//245 139//245
f 135//246 133//246 149//246
f 144//247 133//247 145//247
f 133//248 132//248 145//248
f 144//249 150//249 133//249
f 133//250 150//250 149//250
f 144//251 146//251 150//251
f 88//252 143//252 140//252
f 151//253 141//253 143//253
f 143//254 88//254 24//254
f 151//255 143//255 24//255
f 65//256 151//256 24//256
f 64//257 151//257 65//257
f 75//258 152//258 76//258
f 153//259 154//259 112//259
f 153//260 112//260 113//260
f 154//261 155//261 110//261
f 154//262 110//262 112//262
f 155//263 152//263 111//263
f 155//264 111//264 110//264
f 152//265 75//265 111//265
f 156//266 153//266 113//266
f 157//267 117//267 142//267
f 157//268 116//268 117//268
f 156//269 113//269 114//269
f 151//270 158//270 141//270
f 158//271 157//271 142//271
f 158//272 142//272 141//272
f 157//273 156//273 116//273
f 156//274 114//274 116//274
f 159//275 158//275 151//275
f 147//276 129//276 160//276
f 129//277 124//277 161//277
f 129//278 161//278 162//278
f 88//279 151//279 64//279
f 89//280 124//280 63//280
f 129//281 162//281 160//281
f 124//282 89//282 163//282
f 124//283 163//283 164//283
f 124//284 164//284 161//284
f 150//285 146//285 165//285
f 146//286 147//286 166//286
f 146//287 166//287 165//287
f 147//288 160//288 167//288
f 147//289 167//289 166//289
f 139//290 149//290 168//290
f 169//291 88//291 140//291
f 149//292 150//292 170//292
f 136//293 168//293 169//293
f 136//294 139//294 168//294
f 150//295 165//295 170//295
f 140//296 136//296 169//296
f 149//297 170//297 168//297
f 159//298 88//298 169//298
f 159//299 151//299 88//299
f 162//300 161//300 89//300
f 161//301 164//301 89//301
f 164//302 163//302 89//302
f 72//303 171//303 172//303
f 66//304 173//304 67//304
f 73//305 72//305 172//305
f 173//306 69//306 174//306
f 66//307 69//307 173//307
f 69//308 175//308 174//308
f 175//309 73//309 176//309
f 69//310 73//310 175//310
f 73//311 172//311 176//311
f 71//312 70//312 177//312
f 70//313 74//313 177//313
f 72//314 178//314 171//314
f 72//315 71//315 178//315
f 71//316 179//316 178//316
f 71//317 177//317 179//317
f 67//318 173//318 180//318
f 68//319 67//319 180//319
f 181//320 182//320 180//320
f 173//321 181//321 180//321
f 74//322 76//322 177//322
f 183//323 184//323 181//323
f 76//324 185//324 177//324
f 173//325 186//325 181//325
f 173//326 187//326 186//326
f 173//327 174//327 188//327
f 173//328 188//328 189//328
f 173//329 189//329 187//329
f 174//330 175//330 190//330
f 174//331 190//331 191//331
f 174//332 191//332 192//332
f 174//333 192//333 193//333
f 174//334 193//334 188//334
f 176//335 194//335 195//335
f 176//336 172//336 194//336
f 175//337 195//337 190//337
f 175//338 176//338 195//338
f 172//339 171//339 196//339
f 172//340 196//340 194//340
f 171//341 178//341 196//341
f 178//342 179//342 197//342
f 178//343 197//343 196//343
f 179//344 177//344 198//344
f 179//345 198//345 199//345
f 179//346 199//346 197//346
f 177//347 200//347 198//347
f 177//348 201//348 200//348
f 186//349 183//349 181//349
f 202//350 183//350 186//350
f 202//351 185//351 183//351
f 203//352 185//352 202//352
f 177//353 185//353 201//353
f 204//354 79//354 205//354
f 206//355 79//355 204//355
f 82//356 79//356 206//356
f 77//357 68//357 180//357
f 79//358 78//358 205//358
f 205//359 78//359 207//359
f 207//360 78//360 180//360
f 78//361 77//361 180//361
f 208//362 81//362 209//362
f 209//363 81//363 80//363
f 208//364 86//364 83//364
f 208//365 87//365 86//365
f 208//366 83//366 81//366
f 210//367 80//367 82//367
f 209//368 80//368 210//368
f 210//369 82//369 211//369
f 211//370 82//370 212//370
f 212//371 82//371 206//371
f 213//372 214//372 205//372
f 213//373 205//373 207//373
f 214//374 206//374 204//374
f 214//375 204//375 205//375
f 182//376 215//376 216//376
f 217//377 213//377 207//377
f 182//378 217//378 180//378
f 182//379 216//379 217//379
f 217//380 207//380 180//380
f 214//381 218//381 206//381
f 218//382 219//382 212//382
f 219//383 211//383 212//383
f 218//384 212//384 206//384
f 220//385 221//385 209//385
f 219//386 222//386 211//386
f 223//387 224//387 210//387
f 224//388 225//388 210//388
f 225//389 226//389 210//389
f 226//390 227//390 210//390
f 227//391 209//391 210//391
f 223//392 210//392 211//392
f 227//393 220//393 209//393
f 222//394 223//394 211//394
f 221//395 208//395 209//395
f 228//396 208//396 221//396
f 229//397 215//397 182//397
f 215//398 229//398 208//398
f 215//399 208//399 228//399
f 89//400 87//400 208//400
f 230//401 89//401 208//401
f 231//402 230//402 208//402
f 231//403 208//403 229//403
f 181//404 232//404 182//404
f 182//405 232//405 229//405
f 233//406 184//406 183//406
f 233//407 183//407 185//407
f 152//408 233//408 76//408
f 233//409 185//409 76//409
f 184//410 234//410 181//410
f 234//411 232//411 181//411
f 156//412 235//412 153//412
f 153//413 235//413 236//413
f 237//414 233//414 152//414
f 155//415 237//415 152//415
f 154//416 237//416 155//416
f 153//417 238//417 154//417
f 239//418 235//418 156//418
f 154//419 240//419 237//419
f 154//420 238//420 240//420
f 153//421 236//421 238//421
f 241//422 242//422 157//422
f 242//423 239//423 156//423
f 157//424 242//424 156//424
f 159//425 241//425 158//425
f 158//426 241//426 157//426
f 234//427 243//427 244//427
f 234//428 244//428 245//428
f 234//429 245//429 246//429
f 234//430 246//430 232//430
f 234//431 241//431 247//431
f 247//432 241//432 159//432
f 237//433 248//433 233//433
f 233//434 248//434 249//434
f 233//435 249//435 184//435
f 250//436 237//436 240//436
f 251//437 240//437 238//437
f 252//438 253//438 240//438
f 237//439 254//439 248//439
f 250//440 254//440 237//440
f 253//441 250//441 240//441
f 251//442 252//442 240//442
f 255//443 251//443 238//443
f 256//444 238//444 236//444
f 256//445 255//445 238//445
f 257//446 236//446 235//446
f 257//447 256//447 236//447
f 258//448 259//448 242//448
f 260//449 258//449 241//449
f 258//450 242//450 241//450
f 261//451 260//451 241//451
f 262//452 261//452 241//452
f 259//453 263//453 242//453
f 263//454 264//454 239//454
f 263//455 239//455 242//455
f 264//456 235//456 239//456
f 262//457 241//457 234//457
f 265//458 257//458 235//458
f 264//459 265//459 235//459
f 229//460 232//460 231//460
f 247//461 160//461 230//461
f 160//462 162//462 230//462
f 230//463 162//463 89//463
f 247//464 159//464 169//464
f 234//465 247//465 266//465
f 234//466 267//466 243//466
f 234//467 268//467 269//467
f 234//468 269//468 267//468
f 234//469 266//469 268//469
f 167//470 247//470 166//470
f 166//471 247//471 165//471
f 160//472 247//472 167//472
f 247//473 169//473 168//473
f 247//474 168//474 170//474
f 247//475 170//475 165//475
f 262//476 234//476 270//476
f 270//477 234//477 184//477
f 270//478 184//478 249//478
f 231//479 271//479 230//479
f 230//480 271//480 272//480
f 232//481 271//481 231//481
f 272//482 247//482 230//482
f 273//483 274//483 246//483
f 274//484 232//484 246//484
f 273//485 246//485 245//485
f 232//486 274//486 271//486
f 275//487 276//487 267//487
f 275//488 267//488 269//488
f 277//489 269//489 268//489
f 276//490 243//490 267//490
f 278//491 245//491 244//491
f 276//492 279//492 243//492
f 277//493 275//493 269//493
f 278//494 273//494 245//494
f 279//495 244//495 243//495
f 279//496 278//496 244//496
f 280//497 281//497 247//497
f 280//498 247//498 272//498
f 281//499 266//499 247//499
f 282//500 268//500 266//500
f 282//501 277//501 268//501
f 281//502 282//502 266//502
f 215//503 202//503 216//503
f 216//503 202//503 186//503
f 202//504 215//504 228//504
f 228//505 203//505 202//505
f 185//506 203//506 201//506
f 187//507 283//507 216//507
f 186//508 187//508 216//508
f 187//509 194//509 283//509
f 193//510 192//510 187//510
f 192//511 191//511 187//511
f 191//512 190//512 187//512
f 190//513 195//513 187//513
f 188//514 193//514 187//514
f 189//515 188//515 187//515
f 201//516 199//516 198//516
f 201//517 197//517 199//517
f 201//518 198//518 200//518
f 284//519 194//519 196//519
f 284//520 196//520 197//520
f 284//521 197//521 201//521
f 195//522 194//522 187//522
f 194//523 285//523 283//523
f 213//524 283//524 214//524
f 217//525 283//525 213//525
f 217//526 216//526 283//526
f 214//527 283//527 218//527
f 218//528 283//528 219//528
f 223//529 283//529 224//529
f 224//530 283//530 225//530
f 225//531 283//531 226//531
f 226//532 283//532 227//532
f 222//533 283//533 223//533
f 220//534 286//534 221//534
f 227//535 286//535 220//535
f 283//536 286//536 227//536
f 219//537 283//537 222//537
f 287//538 284//538 286//538
f 283//539 288//539 289//539
f 289//540 290//540 283//540
f 283//541 285//541 291//541
f 283//542 291//542 292//542
f 283//543 292//543 293//543
f 283//544 293//544 294//544
f 283//545 295//545 288//545
f 283//546 294//546 295//546
f 287//547 286//547 296//547
f 296//548 286//548 297//548
f 297//549 286//549 298//549
f 299//550 286//550 300//550
f 290//551 301//551 283//551
f 283//552 301//552 286//552
f 301//553 300//553 286//553
f 298//554 286//554 302//554
f 302//555 286//555 303//555
f 303//556 286//556 299//556
f 286//557 304//557 221//557
f 194//558 305//558 306//558
f 194//559 306//559 307//559
f 194//560 308//560 305//560
f 194//561 307//561 309//561
f 194//562 310//562 308//562
f 194//563 311//563 285//563
f 194//564 309//564 311//564
f 312//565 284//565 313//565
f 314//566 284//566 312//566
f 315//567 284//567 314//567
f 313//568 284//568 287//568
f 316//569 284//569 317//569
f 194//570 318//570 310//570
f 317//571 284//571 315//571
f 319//572 284//572 316//572
f 318//573 194//573 284//573
f 319//574 318//574 284//574
f 312//575 313//575 320//575
f 321//576 322//576 323//576
f 321//577 323//577 324//577
f 325//578 320//578 326//578
f 321//579 320//579 322//579
f 321//575 312//575 320//575
f 320//580 313//580 326//580
f 322//581 320//581 327//581
f 327//582 320//582 328//582
f 328//583 320//583 325//583
f 329//584 330//584 331//584
f 332//585 326//585 331//585
f 325//586 326//586 333//586
f 333//587 326//587 334//587
f 334//588 326//588 332//588
f 335//589 331//589 330//589
f 287//590 296//590 326//590
f 326//591 296//591 331//591
f 313//592 287//592 326//592
f 332//593 331//593 335//593
f 328//594 336//594 327//594
f 311//595 309//595 325//595
f 325//595 309//595 328//595
f 309//596 336//596 328//596
f 333//597 311//597 325//597
f 291//598 285//598 334//598
f 285//597 311//597 333//597
f 334//599 285//599 333//599
f 292//600 291//600 332//600
f 332//601 291//601 334//601
f 337//602 338//602 339//602
f 329//603 340//603 330//603
f 338//603 340//603 329//603
f 330//604 293//604 335//604
f 340//605 293//605 330//605
f 335//606 292//606 332//606
f 293//607 292//607 335//607
f 339//602 338//602 329//602
f 322//608 341//608 323//608
f 336//609 342//609 327//609
f 342//610 341//610 322//610
f 341//611 343//611 323//611
f 323//612 343//612 324//612
f 324//613 344//613 345//613
f 343//613 344//613 324//613
f 327//609 342//609 322//609
f 342//614 346//614 341//614
f 341//615 346//615 347//615
f 336//616 348//616 342//616
f 342//617 348//617 346//617
f 309//618 307//618 336//618
f 336//619 307//619 348//619
f 349//620 306//620 350//620
f 348//621 307//621 351//621
f 351//621 307//621 349//621
f 346//600 348//600 352//600
f 307//620 306//620 349//620
f 306//622 305//622 350//622
f 350//622 305//622 353//622
f 352//600 348//600 351//600
f 353//623 308//623 354//623
f 305//623 308//623 353//623
f 354//624 310//624 355//624
f 308//625 310//625 354//625
f 356//626 357//626 358//626
f 359//627 360//627 356//627
f 358//628 347//628 361//628
f 347//629 346//629 361//629
f 361//629 346//629 352//629
f 357//628 347//628 358//628
f 362//630 360//630 359//630
f 360//631 357//631 356//631
f 352//632 363//632 321//632
f 352//633 321//633 361//633
f 314//634 312//634 321//634
f 363//634 314//634 321//634
f 350//635 363//635 349//635
f 355//636 364//636 354//636
f 364//637 363//637 350//637
f 364//638 315//638 363//638
f 349//639 363//639 351//639
f 315//638 314//638 363//638
f 364//640 350//640 353//640
f 351//641 363//641 352//641
f 354//642 364//642 353//642
f 343//643 347//643 357//643
f 343//644 357//644 344//644
f 341//645 347//645 343//645
f 357//646 360//646 344//646
f 360//647 362//647 365//647
f 366//648 362//648 367//648
f 365//649 362//649 366//649
f 344//650 360//650 365//650
f 356//651 358//651 345//651
f 356//652 345//652 368//652
f 359//653 368//653 369//653
f 358//654 324//654 345//654
f 361//655 321//655 324//655
f 361//656 324//656 358//656
f 359//657 356//657 368//657
f 370//658 371//658 372//658
f 373//659 370//659 374//659
f 375//660 376//660 377//660
f 378//661 376//661 375//661
f 374//662 370//662 372//662
f 376//663 373//663 377//663
f 377//664 373//664 374//664
f 366//665 367//665 378//665
f 378//666 367//666 379//666
f 376//667 379//667 373//667
f 378//668 379//668 376//668
f 365//669 366//669 368//669
f 368//670 366//670 369//670
f 344//671 365//671 345//671
f 380//672 369//672 375//672
f 369//673 378//673 375//673
f 366//674 378//674 369//674
f 345//671 365//671 368//671
f 359//675 369//675 380//675
f 381//676 382//676 383//676
f 384//677 382//677 385//677
f 382//677 381//677 385//677
f 362//678 386//678 367//678
f 367//679 386//679 383//679
f 386//680 362//680 387//680
f 387//680 362//680 359//680
f 381//681 386//681 385//681
f 386//682 381//682 383//682
f 385//681 386//681 387//681
f 385//683 387//683 388//683
f 384//684 385//684 388//684
f 387//685 359//685 380//685
f 387//686 380//686 388//686
f 367//687 383//687 380//687
f 380//687 383//687 388//687
f 355//688 389//688 390//688
f 389//689 391//689 390//689
f 390//690 391//690 392//690
f 310//608 389//608 355//608
f 392//691 393//691 394//691
f 395//673 396//673 397//673
f 391//692 393//692 392//692
f 394//693 398//693 399//693
f 393//694 398//694 394//694
f 398//695 395//695 399//695
f 399//696 395//696 397//696
f 400//697 401//697 402//697
f 403//697 401//697 400//697
f 404//698 403//698 405//698
f 401//699 406//699 402//699
f 405//698 403//698 400//698
f 396//700 404//700 407//700
f 407//700 404//700 405//700
f 397//674 396//674 407//674
f 395//701 408//701 409//701
f 395//702 409//702 396//702
f 396//703 409//703 410//703
f 393//704 411//704 412//704
f 398//705 408//705 395//705
f 398//706 412//706 408//706
f 393//707 412//707 398//707
f 396//708 410//708 404//708
f 404//709 410//709 413//709
f 404//710 413//710 403//710
f 414//711 397//711 407//711
f 415//712 416//712 397//712
f 417//713 405//713 400//713
f 415//714 397//714 414//714
f 418//715 405//715 417//715
f 418//716 407//716 405//716
f 416//717 399//717 397//717
f 414//718 407//718 418//718
f 406//719 419//719 420//719
f 382//720 421//720 383//720
f 422//721 406//721 420//721
f 422//722 420//722 421//722
f 421//723 420//723 383//723
f 401//724 419//724 406//724
f 402//699 406//699 423//699
f 422//725 421//725 424//725
f 425//726 382//726 384//726
f 421//726 382//726 425//726
f 423//727 422//727 424//727
f 424//728 421//728 425//728
f 406//729 422//729 423//729
f 426//730 425//730 388//730
f 426//731 424//731 425//731
f 423//732 424//732 426//732
f 425//733 384//733 388//733
f 427//734 423//734 426//734
f 427//735 402//735 423//735
f 388//736 420//736 426//736
f 383//736 420//736 388//736
f 427//737 428//737 429//737
f 417//738 400//738 427//738
f 426//739 419//739 427//739
f 420//739 419//739 426//739
f 419//737 428//737 427//737
f 403//740 419//740 401//740
f 427//741 400//741 402//741
f 403//742 413//742 419//742
f 393//743 318//743 411//743
f 391//744 318//744 393//744
f 430//745 416//745 431//745
f 389//746 318//746 391//746
f 310//747 318//747 389//747
f 430//748 432//748 433//748
f 431//749 416//749 415//749
f 430//750 434//750 432//750
f 430//751 431//751 434//751
f 409//752 408//752 414//752
f 431//753 411//753 434//753
f 412//754 411//754 431//754
f 434//755 435//755 432//755
f 411//756 435//756 434//756
f 418//757 409//757 414//757
f 408//758 412//758 415//758
f 415//758 412//758 431//758
f 410//759 409//759 418//759
f 414//752 408//752 415//752
f 436//760 437//760 433//760
f 433//760 437//760 438//760
f 438//761 439//761 440//761
f 435//624 436//624 432//624
f 432//625 436//625 433//625
f 437//762 439//762 438//762
f 419//763 441//763 428//763
f 419//764 413//764 441//764
f 441//765 442//765 428//765
f 442//766 443//766 428//766
f 413//767 410//767 417//767
f 444//768 441//768 445//768
f 442//769 441//769 444//769
f 445//770 413//770 417//770
f 417//771 427//771 445//771
f 441//772 413//772 445//772
f 417//767 410//767 418//767
f 446//681 447//681 448//681
f 449//677 450//677 446//677
f 443//773 442//773 451//773
f 452//677 449//677 446//677
f 450//681 447//681 446//681
f 451//773 442//773 444//773
f 448//680 443//680 451//680
f 447//680 443//680 448//680
f 453//774 454//774 455//774
f 455//774 454//774 456//774
f 454//728 457//728 456//728
f 457//726 449//726 458//726
f 458//726 449//726 452//726
f 456//728 457//728 458//728
f 451//775 444//775 429//775
f 451//776 429//776 459//776
f 428//777 443//777 460//777
f 443//778 447//778 460//778
f 460//779 461//779 459//779
f 428//780 460//780 429//780
f 429//780 460//780 459//780
f 445//781 427//781 429//781
f 448//782 451//782 459//782
f 444//783 445//783 429//783
f 460//784 450//784 461//784
f 447//785 450//785 460//785
f 450//786 449//786 461//786
f 457//787 454//787 462//787
f 461//788 457//788 462//788
f 449//789 457//789 461//789
f 446//790 459//790 463//790
f 452//791 446//791 463//791
f 458//792 463//792 464//792
f 446//793 448//793 459//793
f 458//794 452//794 463//794
f 456//795 458//795 464//795
f 416//796 465//796 394//796
f 416//797 394//797 399//797
f 465//798 392//798 394//798
f 465//799 364//799 355//799
f 465//800 355//800 390//800
f 465//801 390//801 392//801
f 317//802 315//802 364//802
f 416//803 316//803 465//803
f 316//803 317//803 465//803
f 465//802 317//802 364//802
f 466//804 316//804 416//804
f 430//805 466//805 416//805
f 319//806 316//806 466//806
f 467//807 440//807 468//807
f 467//808 433//808 438//808
f 467//809 468//809 469//809
f 467//810 438//810 440//810
f 439//811 318//811 470//811
f 437//812 318//812 439//812
f 436//813 318//813 437//813
f 435//814 318//814 436//814
f 411//815 318//815 435//815
f 468//816 471//816 469//816
f 472//817 473//817 474//817
f 440//818 470//818 468//818
f 470//819 471//819 468//819
f 439//820 470//820 440//820
f 469//821 472//821 474//821
f 471//822 472//822 469//822
f 473//660 475//660 476//660
f 474//817 473//817 476//817
f 472//823 477//823 473//823
f 477//824 478//824 473//824
f 471//825 477//825 472//825
f 473//826 478//826 475//826
f 318//827 477//827 470//827
f 470//828 477//828 471//828
f 479//829 467//829 469//829
f 479//830 469//830 474//830
f 480//831 479//831 481//831
f 479//832 476//832 481//832
f 479//833 474//833 476//833
f 475//834 478//834 482//834
f 475//835 482//835 483//835
f 454//836 484//836 462//836
f 454//837 485//837 484//837
f 453//838 485//838 454//838
f 486//839 487//839 453//839
f 453//840 487//840 485//840
f 483//841 488//841 486//841
f 483//842 482//842 488//842
f 486//843 488//843 487//843
f 476//660 475//660 481//660
f 486//699 453//699 489//699
f 481//698 483//698 490//698
f 475//698 483//698 481//698
f 489//699 453//699 455//699
f 480//844 481//844 490//844
f 483//662 486//662 490//662
f 490//662 486//662 489//662
f 480//845 490//845 491//845
f 491//846 490//846 489//846
f 492//847 456//847 493//847
f 494//848 455//848 492//848
f 494//849 489//849 455//849
f 491//850 489//850 494//850
f 492//851 455//851 456//851
f 493//852 456//852 464//852
f 495//853 496//853 497//853
f 498//854 496//854 495//854
f 499//855 496//855 498//855
f 500//856 499//856 498//856
f 501//857 499//857 500//857
f 482//858 499//858 501//858
f 478//859 499//859 482//859
f 502//860 503//860 504//860
f 502//861 505//861 503//861
f 502//862 480//862 505//862
f 480//863 506//863 505//863
f 480//864 491//864 506//864
f 502//865 504//865 507//865
f 508//866 502//866 507//866
f 509//867 496//867 499//867
f 510//868 509//868 499//868
f 467//869 430//869 433//869
f 319//870 477//870 318//870
f 319//871 511//871 477//871
f 479//872 512//872 467//872
f 511//873 512//873 513//873
f 511//874 319//874 512//874
f 319//875 466//875 512//875
f 513//872 512//872 479//872
f 467//876 466//876 430//876
f 512//877 466//877 467//877
f 480//878 513//878 479//878
f 514//879 499//879 478//879
f 511//880 478//880 477//880
f 511//881 514//881 478//881
f 514//882 511//882 513//882
f 509//883 510//883 515//883
f 514//884 513//884 516//884
f 510//885 514//885 516//885
f 502//886 515//886 480//886
f 515//886 516//886 480//886
f 514//879 510//879 499//879
f 516//878 513//878 480//878
f 510//887 516//887 515//887
f 517//888 518//888 519//888
f 297//889 298//889 520//889
f 329//890 331//890 518//890
f 339//891 329//891 518//891
f 296//892 297//892 518//892
f 518//889 297//889 520//889
f 331//892 296//892 518//892
f 521//893 339//893 518//893
f 521//894 518//894 517//894
f 519//895 518//895 520//895
f 522//896 523//896 521//896
f 524//897 523//897 522//897
f 523//680 337//680 521//680
f 521//680 337//680 339//680
f 525//898 526//898 522//898
f 526//899 524//899 522//899
f 340//900 338//900 527//900
f 527//901 338//901 528//901
f 528//902 337//902 529//902
f 338//903 337//903 528//903
f 294//904 340//904 527//904
f 337//905 523//905 529//905
f 294//906 293//906 340//906
f 529//907 523//907 530//907
f 531//908 526//908 532//908
f 524//908 526//908 531//908
f 530//909 524//909 531//909
f 523//910 524//910 530//910
f 526//909 533//909 532//909
f 534//774 535//774 536//774
f 537//911 526//911 525//911
f 533//911 526//911 537//911
f 371//774 535//774 534//774
f 372//658 371//658 534//658
f 533//912 538//912 532//912
f 539//913 536//913 537//913
f 535//914 538//914 533//914
f 536//725 533//725 537//725
f 535//728 533//728 536//728
f 531//760 532//760 540//760
f 532//915 538//915 541//915
f 530//916 531//916 542//916
f 543//917 544//917 545//917
f 541//918 544//918 546//918
f 546//919 544//919 543//919
f 541//920 538//920 544//920
f 542//916 531//916 540//916
f 521//921 517//921 542//921
f 537//922 525//922 547//922
f 522//923 521//923 542//923
f 522//924 542//924 540//924
f 539//925 537//925 547//925
f 539//926 548//926 549//926
f 539//927 547//927 548//927
f 525//928 522//928 540//928
f 525//929 540//929 547//929
f 519//930 520//930 550//930
f 550//931 520//931 551//931
f 551//932 520//932 552//932
f 552//933 520//933 553//933
f 552//934 553//934 554//934
f 288//935 295//935 554//935
f 552//600 294//600 551//600
f 527//936 528//936 550//936
f 550//620 528//620 519//620
f 294//937 527//937 551//937
f 554//938 295//938 552//938
f 295//601 294//601 552//601
f 551//939 527//939 550//939
f 289//628 288//628 555//628
f 556//940 290//940 557//940
f 558//940 290//940 556//940
f 557//941 289//941 555//941
f 290//942 289//942 557//942
f 555//628 288//628 554//628
f 559//943 560//943 561//943
f 560//944 556//944 561//944
f 556//945 557//945 561//945
f 557//946 555//946 553//946
f 557//947 553//947 561//947
f 554//948 553//948 555//948
f 520//949 302//949 553//949
f 553//950 302//950 561//950
f 298//949 302//949 520//949
f 519//622 529//622 517//622
f 528//622 529//622 519//622
f 517//623 530//623 542//623
f 529//623 530//623 517//623
f 560//951 558//951 556//951
f 562//680 558//680 560//680
f 532//612 541//612 547//612
f 547//952 541//952 548//952
f 540//760 532//760 547//760
f 563//727 564//727 565//727
f 566//700 567//700 568//700
f 543//953 545//953 569//953
f 570//954 566//954 568//954
f 569//953 545//953 570//953
f 546//671 543//671 571//671
f 548//955 546//955 571//955
f 571//671 543//671 569//671
f 541//956 546//956 548//956
f 545//954 566//954 570//954
f 549//957 548//957 571//957
f 549//958 571//958 569//958
f 549//959 569//959 570//959
f 568//700 567//700 572//700
f 573//697 574//697 575//697
f 576//697 574//697 573//697
f 575//960 563//960 565//960
f 572//698 576//698 573//698
f 567//698 576//698 572//698
f 574//658 563//658 575//658
f 563//961 577//961 578//961
f 579//962 580//962 581//962
f 582//963 580//963 579//963
f 574//964 577//964 563//964
f 582//965 583//965 580//965
f 563//966 578//966 564//966
f 564//967 578//967 584//967
f 585//968 583//968 582//968
f 585//969 584//969 583//969
f 564//970 584//970 585//970
f 579//896 562//896 559//896
f 585//726 582//726 586//726
f 587//677 579//677 559//677
f 559//896 562//896 560//896
f 586//971 582//971 587//971
f 564//972 585//972 588//972
f 582//973 579//973 587//973
f 588//972 585//972 586//972
f 565//729 564//729 588//729
f 589//974 588//974 586//974
f 590//975 565//975 588//975
f 590//976 588//976 589//976
f 591//977 565//977 590//977
f 591//978 575//978 565//978
f 535//979 592//979 538//979
f 373//980 592//980 370//980
f 592//981 379//981 593//981
f 370//982 592//982 371//982
f 538//983 592//983 539//983
f 539//984 592//984 593//984
f 373//985 379//985 592//985
f 371//986 592//986 535//986
f 594//987 374//987 372//987
f 594//988 377//988 374//988
f 594//989 375//989 377//989
f 380//990 375//990 594//990
f 593//991 536//991 539//991
f 593//992 534//992 536//992
f 593//993 372//993 534//993
f 594//994 372//994 593//994
f 379//995 367//995 594//995
f 594//995 367//995 380//995
f 593//996 379//996 594//996
f 549//997 538//997 539//997
f 544//997 538//997 549//997
f 545//998 544//998 595//998
f 596//999 597//999 598//999
f 566//1000 595//1000 567//1000
f 598//999 597//999 599//999
f 576//1001 597//1001 574//1001
f 597//1002 595//1002 599//1002
f 567//1003 597//1003 576//1003
f 545//1004 595//1004 566//1004
f 595//1005 597//1005 567//1005
f 599//1006 595//1006 600//1006
f 599//1007 573//1007 575//1007
f 599//1008 572//1008 573//1008
f 595//1009 544//1009 600//1009
f 549//1010 570//1010 600//1010
f 600//1011 570//1011 568//1011
f 600//1012 568//1012 572//1012
f 600//1009 544//1009 549//1009
f 599//1013 600//1013 572//1013
f 599//1014 575//1014 591//1014
f 599//795 591//795 601//795
f 574//1015 597//1015 577//1015
f 577//1016 597//1016 602//1016
f 596//784 603//784 604//784
f 604//1017 603//1017 605//1017
f 605//1018 603//1018 606//1018
f 602//1019 596//1019 607//1019
f 597//1020 596//1020 602//1020
f 607//786 596//786 604//786
f 608//1021 598//1021 609//1021
f 598//794 601//794 610//794
f 608//1022 596//1022 598//1022
f 603//1022 596//1022 608//1022
f 598//1023 599//1023 601//1023
f 598//1024 610//1024 609//1024
f 611//1025 603//1025 612//1025
f 612//1026 603//1026 608//1026
f 613//1027 611//1027 612//1027
f 614//1028 613//1028 615//1028
f 615//1029 613//1029 616//1029
f 616//1027 613//1027 612//1027
f 603//1030 611//1030 606//1030
f 559//1031 561//1031 617//1031
f 587//1032 559//1032 617//1032
f 302//950 303//950 561//950
f 561//1033 299//1033 617//1033
f 617//1034 299//1034 618//1034
f 303//1033 299//1033 561//1033
f 586//1035 587//1035 617//1035
f 619//601 583//601 620//601
f 583//598 584//598 620//598
f 558//1036 301//1036 290//1036
f 580//600 583//600 619//600
f 562//1037 579//1037 301//1037
f 579//1038 581//1038 301//1038
f 620//599 584//599 589//599
f 558//1039 562//1039 301//1039
f 620//1040 586//1040 617//1040
f 589//1041 586//1041 620//1041
f 301//1042 581//1042 621//1042
f 622//1043 618//1043 623//1043
f 620//1044 617//1044 619//1044
f 619//1045 618//1045 622//1045
f 619//1046 617//1046 618//1046
f 624//1047 623//1047 618//1047
f 623//604 581//604 622//604
f 621//605 581//605 623//605
f 622//606 580//606 619//606
f 625//603 621//603 624//603
f 581//607 580//607 622//607
f 624//603 621//603 623//603
f 624//1048 618//1048 626//1048
f 627//793 628//793 626//793
f 628//782 629//782 626//782
f 630//1049 631//1049 301//1049
f 301//1050 631//1050 632//1050
f 625//1051 633//1051 301//1051
f 629//1052 624//1052 626//1052
f 633//1053 630//1053 301//1053
f 621//1054 625//1054 301//1054
f 301//1055 632//1055 300//1055
f 632//1055 634//1055 300//1055
f 618//1056 635//1056 626//1056
f 636//1056 635//1056 618//1056
f 299//1057 636//1057 618//1057
f 636//1058 299//1058 300//1058
f 635//1059 636//1059 300//1059
f 634//1060 635//1060 300//1060
f 589//597 578//597 590//597
f 584//597 578//597 589//597
f 590//595 577//595 591//595
f 578//595 577//595 590//595
f 591//594 602//594 601//594
f 577//596 602//596 591//596
f 602//1061 607//1061 601//1061
f 601//1062 607//1062 610//1062
f 610//1063 604//1063 609//1063
f 607//1064 604//1064 610//1064
f 609//689 605//689 637//689
f 604//690 605//690 609//690
f 608//1065 609//1065 637//1065
f 606//1066 611//1066 638//1066
f 638//1067 639//1067 640//1067
f 606//1068 638//1068 641//1068
f 608//1069 637//1069 641//1069
f 612//1070 608//1070 641//1070
f 641//1068 638//1068 640//1068
f 605//818 606//818 637//818
f 612//1071 641//1071 640//1071
f 637//820 606//820 641//820
f 628//680 633//680 629//680
f 629//602 625//602 624//602
f 642//1072 643//1072 627//1072
f 633//602 625//602 629//602
f 644//911 643//911 642//911
f 645//911 643//911 644//911
f 643//1072 631//1072 627//1072
f 630//680 633//680 628//680
f 631//1073 630//1073 627//1073
f 627//681 630//681 628//681
f 646//660 647//660 648//660
f 639//674 649//674 650//674
f 650//673 649//673 646//673
f 640//670 639//670 650//670
f 649//661 647//661 646//661
f 647//663 651//663 648//663
f 652//774 653//774 654//774
f 654//774 653//774 655//774
f 656//658 652//658 657//658
f 657//658 652//658 654//658
f 651//659 656//659 658//659
f 658//662 656//662 657//662
f 655//725 645//725 644//725
f 648//664 651//664 658//664
f 653//728 645//728 655//728
f 639//1074 613//1074 649//1074
f 638//1075 611//1075 639//1075
f 613//1076 659//1076 649//1076
f 611//1077 613//1077 639//1077
f 647//1078 660//1078 661//1078
f 649//1079 660//1079 647//1079
f 662//1080 663//1080 656//1080
f 656//1081 663//1081 652//1081
f 649//1082 659//1082 660//1082
f 651//1083 661//1083 662//1083
f 647//1084 661//1084 651//1084
f 651//1085 662//1085 656//1085
f 613//1086 614//1086 664//1086
f 613//1087 664//1087 665//1087
f 613//1088 665//1088 659//1088
f 666//714 658//714 657//714
f 667//1089 616//1089 646//1089
f 612//783 640//783 650//783
f 667//713 646//713 668//713
f 669//711 658//711 666//711
f 616//1090 612//1090 650//1090
f 668//716 648//716 669//716
f 616//1091 650//1091 646//1091
f 668//715 646//715 648//715
f 669//718 648//718 658//718
f 615//1092 616//1092 670//1092
f 670//1093 616//1093 671//1093
f 671//1094 616//1094 667//1094
f 643//1095 645//1095 632//1095
f 645//1096 653//1096 632//1096
f 653//1097 672//1097 632//1097
f 653//1098 652//1098 672//1098
f 631//1099 643//1099 632//1099
f 655//750 644//750 673//750
f 674//1100 654//1100 673//1100
f 642//1101 626//1101 673//1101
f 674//1102 657//1102 654//1102
f 642//1103 627//1103 626//1103
f 644//1104 642//1104 673//1104
f 654//1105 655//1105 673//1105
f 632//1106 672//1106 675//1106
f 632//1106 675//1106 634//1106
f 676//1107 635//1107 634//1107
f 677//1108 676//1108 675//1108
f 675//1109 676//1109 634//1109
f 676//1110 677//1110 673//1110
f 673//1111 677//1111 674//1111
f 626//1112 676//1112 673//1112
f 635//1113 676//1113 626//1113
f 678//1114 679//1114 674//1114
f 678//1115 674//1115 680//1115
f 679//1116 666//1116 674//1116
f 681//1117 682//1117 683//1117
f 683//1118 684//1118 675//1118
f 663//1119 681//1119 683//1119
f 666//1120 657//1120 674//1120
f 672//1118 683//1118 675//1118
f 652//1121 663//1121 672//1121
f 672//1122 663//1122 683//1122
f 674//1123 685//1123 680//1123
f 677//1123 685//1123 674//1123
f 684//1124 677//1124 675//1124
f 685//1125 677//1125 684//1125
f 464//1126 686//1126 687//1126
f 462//1126 686//1126 464//1126
f 461//1127 462//1127 463//1127
f 463//1127 462//1127 464//1127
f 459//1128 461//1128 463//1128
f 687//1129 688//1129 689//1129
f 686//1129 688//1129 687//1129
f 689//1130 690//1130 691//1130
f 688//1131 690//1131 689//1131
f 686//1132 692//1132 693//1132
f 462//1133 692//1133 686//1133
f 462//1134 484//1134 694//1134
f 462//1135 694//1135 692//1135
f 686//1136 693//1136 695//1136
f 696//1137 695//1137 697//1137
f 698//1138 699//1138 688//1138
f 699//602 698//602 700//602
f 700//1139 698//1139 696//1139
f 698//1140 695//1140 696//1140
f 686//1141 695//1141 688//1141
f 695//628 693//628 697//628
f 695//1142 698//1142 688//1142
f 701//1143 687//1143 697//1143
f 702//1144 464//1144 703//1144
f 493//1145 464//1145 702//1145
f 703//1146 464//1146 687//1146
f 703//1147 687//1147 701//1147
f 694//1148 484//1148 702//1148
f 702//1148 484//1148 493//1148
f 703//600 694//600 702//600
f 697//628 693//628 701//628
f 692//600 694//600 703//600
f 693//767 692//767 701//767
f 701//767 692//767 703//767
f 704//1149 705//1149 690//1149
f 690//1150 705//1150 706//1150
f 697//1151 687//1151 689//1151
f 696//1152 697//1152 689//1152
f 699//1153 704//1153 688//1153
f 688//1154 704//1154 690//1154
f 700//1155 696//1155 689//1155
f 707//1156 708//1156 691//1156
f 708//1157 689//1157 691//1157
f 708//1158 700//1158 689//1158
f 709//1159 614//1159 710//1159
f 710//1160 614//1160 615//1160
f 711//1161 709//1161 712//1161
f 712//1161 709//1161 710//1161
f 713//1162 711//1162 714//1162
f 714//1163 711//1163 712//1163
f 715//1164 713//1164 716//1164
f 716//1165 713//1165 714//1165
f 709//1166 711//1166 717//1166
f 715//1167 718//1167 713//1167
f 715//1168 719//1168 718//1168
f 690//1169 720//1169 715//1169
f 715//1170 720//1170 719//1170
f 690//1171 706//1171 720//1171
f 721//1172 691//1172 716//1172
f 722//1173 691//1173 721//1173
f 707//1174 691//1174 722//1174
f 721//1175 716//1175 723//1175
f 690//1176 715//1176 691//1176
f 691//1176 715//1176 716//1176
f 713//1177 724//1177 725//1177
f 726//759 724//759 727//759
f 713//1178 728//1178 711//1178
f 713//1179 725//1179 728//1179
f 725//757 724//757 726//757
f 727//1180 718//1180 729//1180
f 718//1181 719//1181 729//1181
f 713//1182 718//1182 724//1182
f 711//665 728//665 730//665
f 724//1180 718//1180 727//1180
f 731//1183 728//1183 732//1183
f 733//1184 730//1184 734//1184
f 734//1185 730//1185 731//1185
f 730//1186 728//1186 731//1186
f 732//1187 725//1187 726//1187
f 728//1187 725//1187 732//1187
f 735//773 733//773 736//773
f 736//773 733//773 734//773
f 726//989 714//989 732//989
f 729//1188 716//1188 714//1188
f 727//1189 714//1189 726//1189
f 723//1190 716//1190 729//1190
f 729//1191 714//1191 727//1191
f 732//1192 712//1192 731//1192
f 732//1193 714//1193 712//1193
f 729//1181 719//1181 723//1181
f 720//594 706//594 721//594
f 723//1194 720//1194 721//1194
f 719//622 720//622 723//622
f 706//1195 737//1195 722//1195
f 722//1195 737//1195 738//1195
f 721//596 706//596 722//596
f 493//1181 485//1181 492//1181
f 484//1181 485//1181 493//1181
f 492//622 487//622 494//622
f 485//622 487//622 492//622
f 494//623 488//623 491//623
f 487//623 488//623 494//623
f 488//1196 482//1196 491//1196
f 491//1196 482//1196 506//1196
f 500//1197 498//1197 503//1197
f 501//1198 500//1198 505//1198
f 505//1199 500//1199 503//1199
f 482//1200 501//1200 506//1200
f 506//1200 501//1200 505//1200
f 503//1197 498//1197 504//1197
f 498//816 495//816 504//816
f 507//1201 497//1201 739//1201
f 495//669 497//669 507//669
f 740//660 741//660 742//660
f 739//674 740//674 742//674
f 504//819 495//819 507//819
f 497//673 740//673 739//673
f 705//1202 704//1202 708//1202
f 743//1203 705//1203 744//1203
f 744//1203 705//1203 707//1203
f 707//1204 705//1204 708//1204
f 704//1205 699//1205 708//1205
f 745//1206 743//1206 744//1206
f 746//1207 743//1207 745//1207
f 708//1208 699//1208 700//1208
f 747//1209 748//1209 749//1209
f 750//1210 747//1210 749//1210
f 741//698 747//698 750//698
f 742//660 741//660 750//660
f 751//1211 752//1211 753//1211
f 754//1212 752//1212 751//1212
f 748//1213 754//1213 755//1213
f 755//1213 754//1213 751//1213
f 752//1214 746//1214 753//1214
f 749//1209 748//1209 755//1209
f 753//1215 746//1215 745//1215
f 508//1216 507//1216 739//1216
f 508//1217 739//1217 742//1217
f 508//1218 742//1218 750//1218
f 508//1219 750//1219 756//1219
f 497//1220 496//1220 757//1220
f 741//1221 757//1221 747//1221
f 740//1222 757//1222 741//1222
f 497//1223 757//1223 740//1223
f 747//1224 757//1224 758//1224
f 754//1225 758//1225 759//1225
f 748//1226 758//1226 754//1226
f 754//1227 759//1227 752//1227
f 747//1228 758//1228 748//1228
f 756//1229 755//1229 751//1229
f 756//1230 749//1230 755//1230
f 756//1231 750//1231 749//1231
f 756//1232 751//1232 760//1232
f 761//1233 758//1233 757//1233
f 760//1234 751//1234 753//1234
f 509//1235 762//1235 496//1235
f 508//1236 763//1236 502//1236
f 762//1237 757//1237 496//1237
f 763//1238 515//1238 502//1238
f 509//1239 515//1239 763//1239
f 762//1240 509//1240 763//1240
f 764//1241 763//1241 756//1241
f 762//1242 763//1242 764//1242
f 761//1243 762//1243 764//1243
f 762//1233 761//1233 757//1233
f 756//1244 763//1244 508//1244
f 765//1245 746//1245 766//1245
f 706//1246 705//1246 737//1246
f 743//1247 746//1247 765//1247
f 737//1248 743//1248 765//1248
f 705//1249 743//1249 737//1249
f 766//1250 752//1250 767//1250
f 746//1251 752//1251 766//1251
f 744//1252 707//1252 738//1252
f 744//1253 738//1253 768//1253
f 745//1254 768//1254 769//1254
f 745//1255 744//1255 768//1255
f 707//1256 722//1256 738//1256
f 753//1257 745//1257 769//1257
f 760//1258 753//1258 769//1258
f 738//1259 765//1259 768//1259
f 765//1260 766//1260 769//1260
f 768//1260 765//1260 769//1260
f 737//1259 765//1259 738//1259
f 770//1201 771//1201 772//1201
f 772//1067 771//1067 773//1067
f 769//1261 767//1261 774//1261
f 774//816 770//816 772//816
f 767//819 770//819 774//819
f 771//1262 775//1262 773//1262
f 766//1261 767//1261 769//1261
f 776//1263 777//1263 778//1263
f 775//1263 777//1263 776//1263
f 778//698 779//698 780//698
f 781//1264 782//1264 783//1264
f 777//1210 779//1210 778//1210
f 773//1262 775//1262 776//1262
f 780//697 781//697 783//697
f 779//697 781//697 780//697
f 760//1265 769//1265 774//1265
f 760//1266 774//1266 772//1266
f 784//1267 772//1267 773//1267
f 784//1268 776//1268 778//1268
f 784//1269 773//1269 776//1269
f 752//1270 759//1270 767//1270
f 771//1271 759//1271 785//1271
f 770//1272 759//1272 771//1272
f 786//1273 785//1273 759//1273
f 760//1274 772//1274 784//1274
f 767//1275 759//1275 770//1275
f 775//1276 785//1276 777//1276
f 771//1277 785//1277 775//1277
f 761//1278 764//1278 787//1278
f 788//1279 761//1279 787//1279
f 760//1280 764//1280 756//1280
f 787//1281 764//1281 760//1281
f 788//1282 759//1282 758//1282
f 761//1282 788//1282 758//1282
f 788//1273 786//1273 759//1273
f 786//1283 788//1283 789//1283
f 788//1284 787//1284 789//1284
f 789//1285 787//1285 784//1285
f 784//1286 787//1286 760//1286
f 614//1287 790//1287 664//1287
f 614//1288 709//1288 791//1288
f 792//1289 709//1289 717//1289
f 614//1290 791//1290 790//1290
f 791//1291 709//1291 793//1291
f 793//1292 709//1292 792//1292
f 717//678 711//678 794//678
f 790//1293 791//1293 795//1293
f 795//1293 791//1293 796//1293
f 670//1294 790//1294 795//1294
f 796//625 793//625 797//625
f 791//624 793//624 796//624
f 664//1294 790//1294 670//1294
f 717//691 794//691 798//691
f 799//1295 717//1295 798//1295
f 792//612 717//612 799//612
f 797//760 792//760 799//760
f 793//760 792//760 797//760
f 796//1296 615//1296 795//1296
f 710//1297 615//1297 796//1297
f 712//1298 710//1298 798//1298
f 710//1299 799//1299 798//1299
f 712//1300 798//1300 800//1300
f 710//1301 797//1301 799//1301
f 710//1302 796//1302 797//1302
f 795//1303 615//1303 670//1303
f 669//938 660//938 668//938
f 661//935 660//935 669//935
f 665//1304 664//1304 671//1304
f 668//757 659//757 667//757
f 660//1305 659//1305 668//1305
f 667//1306 665//1306 671//1306
f 671//758 664//758 670//758
f 659//1307 665//1307 667//1307
f 681//630 663//630 678//630
f 678//630 663//630 679//630
f 662//628 661//628 666//628
f 682//680 681//680 801//680
f 801//680 681//680 678//680
f 679//603 662//603 666//603
f 663//603 662//603 679//603
f 666//628 661//628 669//628
f 802//681 682//681 801//681
f 803//681 682//681 802//681
f 804//677 803//677 805//677
f 805//677 803//677 802//677
f 806//954 807//954 808//954
f 798//692 794//692 800//692
f 807//700 809//700 810//700
f 800//1308 811//1308 812//1308
f 808//954 807//954 810//954
f 811//821 806//821 812//821
f 794//1309 811//1309 800//1309
f 812//821 806//821 808//821
f 813//726 804//726 814//726
f 814//726 804//726 805//726
f 815//972 813//972 816//972
f 816//972 813//972 814//972
f 817//727 815//727 818//727
f 818//729 815//729 816//729
f 819//658 817//658 820//658
f 820//960 817//960 818//960
f 821//697 819//697 822//697
f 822//697 819//697 820//697
f 810//700 809//700 823//700
f 823//698 821//698 822//698
f 809//698 821//698 823//698
f 711//648 730//648 794//648
f 730//1310 733//1310 794//1310
f 794//1311 733//1311 811//1311
f 811//1312 735//1312 806//1312
f 824//1313 825//1313 807//1313
f 806//1314 824//1314 807//1314
f 735//1315 824//1315 806//1315
f 733//1316 735//1316 811//1316
f 826//1317 736//1317 808//1317
f 736//1318 812//1318 808//1318
f 731//1319 712//1319 800//1319
f 736//1320 734//1320 812//1320
f 734//1321 731//1321 800//1321
f 734//1322 800//1322 812//1322
f 826//1323 808//1323 810//1323
f 826//1324 810//1324 827//1324
f 827//1325 810//1325 823//1325
f 825//1326 828//1326 807//1326
f 807//1327 828//1327 809//1327
f 804//1328 813//1328 829//1328
f 813//1329 830//1329 829//1329
f 803//1330 804//1330 829//1330
f 682//1331 803//1331 683//1331
f 683//1332 803//1332 829//1332
f 816//1333 814//1333 831//1333
f 831//1334 805//1334 680//1334
f 805//1335 802//1335 680//1335
f 802//1336 801//1336 680//1336
f 801//1337 678//1337 680//1337
f 818//1338 816//1338 831//1338
f 831//636 814//636 805//636
f 683//1339 832//1339 684//1339
f 829//1340 830//1340 833//1340
f 829//1340 833//1340 832//1340
f 683//1341 829//1341 832//1341
f 809//1342 828//1342 834//1342
f 817//1343 830//1343 815//1343
f 815//1344 830//1344 813//1344
f 821//1345 834//1345 819//1345
f 819//1346 834//1346 830//1346
f 809//1347 834//1347 821//1347
f 819//1348 830//1348 817//1348
f 835//641 823//641 822//641
f 835//637 818//637 831//637
f 835//635 820//635 818//635
f 835//639 822//639 820//639
f 827//1349 823//1349 835//1349
f 830//1350 834//1350 836//1350
f 830//1351 836//1351 833//1351
f 833//1352 837//1352 832//1352
f 832//1353 685//1353 684//1353
f 837//1354 685//1354 832//1354
f 685//1355 837//1355 680//1355
f 680//1356 837//1356 831//1356
f 833//1357 838//1357 837//1357
f 837//1358 838//1358 831//1358
f 831//1359 838//1359 835//1359
f 836//1360 838//1360 833//1360
f 836//1361 839//1361 838//1361
f 835//1362 839//1362 827//1362
f 838//1363 839//1363 835//1363
f 782//1364 840//1364 841//1364
f 842//1365 843//1365 828//1365
f 841//1366 840//1366 843//1366
f 825//1367 842//1367 828//1367
f 843//1368 840//1368 828//1368
f 824//1369 735//1369 826//1369
f 844//1204 824//1204 826//1204
f 842//1203 825//1203 845//1203
f 826//1369 735//1369 736//1369
f 825//1204 824//1204 844//1204
f 846//728 843//728 847//728
f 841//728 843//728 846//728
f 847//1206 842//1206 845//1206
f 843//1206 842//1206 847//1206
f 845//1203 825//1203 844//1203
f 845//1370 844//1370 827//1370
f 844//1371 826//1371 827//1371
f 782//1372 841//1372 848//1372
f 849//1373 848//1373 850//1373
f 850//1374 847//1374 845//1374
f 849//1375 783//1375 848//1375
f 850//1376 846//1376 847//1376
f 848//1372 841//1372 846//1372
f 783//1264 782//1264 848//1264
f 850//1377 845//1377 827//1377
f 850//1378 848//1378 846//1378
f 777//1379 851//1379 779//1379
f 779//1380 851//1380 781//1380
f 781//1381 851//1381 782//1381
f 782//1382 851//1382 840//1382
f 777//1383 785//1383 851//1383
f 849//1384 780//1384 783//1384
f 849//1385 778//1385 780//1385
f 840//1386 851//1386 852//1386
f 784//1387 778//1387 849//1387
f 852//1388 851//1388 785//1388
f 852//1389 786//1389 853//1389
f 853//1390 789//1390 849//1390
f 849//1390 789//1390 784//1390
f 854//1391 853//1391 850//1391
f 850//1391 853//1391 849//1391
f 786//1388 852//1388 785//1388
f 786//1392 789//1392 853//1392
f 834//1393 828//1393 855//1393
f 827//1394 854//1394 850//1394
f 834//1393 855//1393 836//1393
f 839//1395 854//1395 827//1395
f 828//1396 840//1396 856//1396
f 840//1386 852//1386 856//1386
f 828//1396 856//1396 855//1396
f 855//1397 854//1397 839//1397
f 855//1398 839//1398 836//1398
f 856//1399 854//1399 855//1399
f 852//1400 853//1400 856//1400
f 856//1401 853//1401 854//1401
f 272//1402 248//1402 203//1402
f 272//1403 203//1403 228//1403
f 248//1404 201//1404 203//1404
f 254//1405 201//1405 248//1405
f 284//1406 857//1406 286//1406
f 857//1407 201//1407 254//1407
f 857//1408 284//1408 201//1408
f 274//1409 249//1409 271//1409
f 248//1410 272//1410 249//1410
f 249//1411 272//1411 271//1411
f 274//1412 270//1412 249//1412
f 281//1413 270//1413 282//1413
f 282//1414 270//1414 277//1414
f 277//1415 270//1415 275//1415
f 275//1416 270//1416 276//1416
f 276//1417 270//1417 279//1417
f 279//1418 270//1418 278//1418
f 273//1419 270//1419 274//1419
f 278//1420 270//1420 273//1420
f 262//1421 260//1421 261//1421
f 262//1422 258//1422 260//1422
f 262//1423 264//1423 263//1423
f 262//1424 263//1424 259//1424
f 262//1425 259//1425 258//1425
f 253//1426 254//1426 250//1426
f 252//1427 254//1427 253//1427
f 251//1428 254//1428 252//1428
f 255//1429 254//1429 251//1429
f 265//1430 857//1430 257//1430
f 257//1431 857//1431 256//1431
f 857//1432 254//1432 255//1432
f 262//1433 265//1433 264//1433
f 256//1434 857//1434 255//1434
f 221//1435 280//1435 228//1435
f 228//1436 280//1436 272//1436
f 286//1437 857//1437 304//1437
f 280//1438 221//1438 304//1438
f 270//1439 280//1439 858//1439
f 304//1440 858//1440 280//1440
f 858//1441 265//1441 262//1441
f 262//1442 270//1442 858//1442
f 270//1443 281//1443 280//1443
f 858//1444 859//1444 265//1444
f 860//1445 861//1445 265//1445
f 859//1446 860//1446 265//1446
f 857//1447 862//1447 863//1447
f 857//1448 863//1448 864//1448
f 857//1449 864//1449 304//1449
f 304//1450 865//1450 866//1450
f 304//1451 867//1451 868//1451
f 304//1452 866//1452 867//1452
f 304//1453 864//1453 865//1453
f 868//1454 869//1454 304//1454
f 870//1455 859//1455 858//1455
f 871//1456 870//1456 858//1456
f 872//1457 873//1457 858//1457
f 874//1458 871//1458 858//1458
f 875//1459 874//1459 858//1459
f 873//1460 875//1460 858//1460
f 858//1461 876//1461 877//1461
f 304//1462 876//1462 858//1462
f 858//1463 877//1463 878//1463
f 878//1464 872//1464 858//1464
f 879//1465 876//1465 304//1465
f 869//1466 880//1466 304//1466
f 880//1467 879//1467 304//1467
f 861//1468 881//1468 265//1468
f 881//1469 882//1469 265//1469
f 882//1470 883//1470 265//1470
f 883//1471 884//1471 265//1471
f 884//1472 885//1472 265//1472
f 857//1473 886//1473 887//1473
f 857//1474 888//1474 862//1474
f 857//1475 887//1475 888//1475
f 885//1476 889//1476 265//1476
f 857//1477 890//1477 886//1477
f 857//1478 891//1478 890//1478
f 889//574 891//574 857//574
f 889//1479 857//1479 265//1479
f 862//1480 888//1480 892//1480
f 863//1481 862//1481 893//1481
f 893//1482 862//1482 892//1482
f 894//1481 863//1481 893//1481
f 895//1483 865//1483 896//1483
f 865//1484 864//1484 896//1484
f 896//1485 863//1485 894//1485
f 896//1486 897//1486 895//1486
f 864//1487 863//1487 896//1487
f 895//1488 897//1488 898//1488
f 896//1489 899//1489 897//1489
f 896//1490 900//1490 899//1490
f 894//1491 901//1491 896//1491
f 896//1492 901//1492 900//1492
f 894//1493 902//1493 903//1493
f 894//1494 893//1494 902//1494
f 902//1495 893//1495 904//1495
f 904//1496 893//1496 905//1496
f 894//1497 903//1497 906//1497
f 894//1498 906//1498 901//1498
f 897//600 899//600 870//600
f 870//1180 899//1180 859//1180
f 871//600 897//600 870//600
f 901//595 906//595 860//595
f 859//620 900//620 860//620
f 860//595 906//595 861//595
f 900//620 901//620 860//620
f 899//1180 900//1180 859//1180
f 861//623 906//623 907//623
f 907//916 903//916 908//916
f 906//623 903//623 907//623
f 903//1499 902//1499 908//1499
f 909//690 905//690 910//690
f 904//689 905//689 909//689
f 908//1500 902//1500 909//1500
f 902//760 904//760 909//760
f 911//1501 912//1501 913//1501
f 914//1502 912//1502 911//1502
f 913//1201 915//1201 916//1201
f 915//673 917//673 916//673
f 910//691 914//691 911//691
f 912//1067 915//1067 913//1067
f 905//692 914//692 910//692
f 892//1503 918//1503 893//1503
f 892//638 887//638 919//638
f 893//1504 918//1504 920//1504
f 892//1505 921//1505 918//1505
f 892//1506 922//1506 921//1506
f 892//1507 923//1507 922//1507
f 892//1508 919//1508 923//1508
f 888//1509 887//1509 892//1509
f 919//1510 924//1510 925//1510
f 924//1511 926//1511 927//1511
f 919//802 887//802 926//802
f 927//1512 926//1512 928//1512
f 919//1513 926//1513 924//1513
f 887//802 886//802 926//802
f 919//1514 925//1514 929//1514
f 923//1515 919//1515 929//1515
f 881//1516 922//1516 882//1516
f 930//1517 922//1517 881//1517
f 921//1517 922//1517 930//1517
f 922//1518 923//1518 882//1518
f 882//1294 929//1294 883//1294
f 923//1519 929//1519 882//1519
f 925//625 924//625 884//625
f 884//625 924//625 885//625
f 883//596 925//596 884//596
f 929//1520 925//1520 883//1520
f 928//820 931//820 932//820
f 933//1521 934//1521 935//1521
f 885//760 927//760 936//760
f 931//1521 934//1521 933//1521
f 924//760 927//760 885//760
f 936//761 928//761 932//761
f 927//762 928//762 936//762
f 932//818 931//818 933//818
f 937//1522 938//1522 912//1522
f 905//1523 939//1523 914//1523
f 905//643 920//643 939//643
f 893//1524 920//1524 905//1524
f 939//1525 937//1525 914//1525
f 914//1526 937//1526 912//1526
f 912//1527 938//1527 915//1527
f 909//1528 940//1528 908//1528
f 941//1529 940//1529 909//1529
f 940//1530 930//1530 908//1530
f 908//1531 930//1531 907//1531
f 942//1323 941//1323 910//1323
f 910//1532 941//1532 909//1532
f 907//1533 881//1533 861//1533
f 930//1534 881//1534 907//1534
f 915//1535 943//1535 917//1535
f 911//654 942//654 910//654
f 913//1536 944//1536 911//1536
f 911//1537 944//1537 942//1537
f 915//648 938//648 943//648
f 916//1538 945//1538 913//1538
f 946//675 945//675 916//675
f 913//1539 945//1539 944//1539
f 941//629 918//629 940//629
f 920//629 918//629 941//629
f 940//757 921//757 930//757
f 942//1540 939//1540 941//1540
f 939//628 920//628 941//628
f 918//759 921//759 940//759
f 947//1541 938//1541 948//1541
f 949//677 950//677 951//677
f 948//1541 938//1541 945//1541
f 945//1542 938//1542 944//1542
f 950//681 947//681 951//681
f 938//1543 937//1543 944//1543
f 944//631 939//631 942//631
f 951//1073 947//1073 948//1073
f 952//677 950//677 949//677
f 937//626 939//626 944//626
f 953//728 954//728 955//728
f 956//699 957//699 958//699
f 957//1372 959//1372 958//1372
f 960//699 957//699 956//699
f 958//1372 959//1372 953//1372
f 959//728 954//728 953//728
f 955//726 952//726 949//726
f 954//726 952//726 955//726
f 954//723 961//723 962//723
f 943//679 947//679 962//679
f 959//1544 957//1544 961//1544
f 938//678 947//678 943//678
f 959//1545 961//1545 954//1545
f 952//720 954//720 962//720
f 950//676 952//676 962//676
f 947//682 950//682 962//682
f 962//736 961//736 963//736
f 964//730 963//730 955//730
f 946//685 948//685 945//685
f 964//1546 948//1546 946//1546
f 964//733 955//733 949//733
f 955//731 963//731 953//731
f 964//684 949//684 951//684
f 964//1547 951//1547 948//1547
f 963//732 958//732 953//732
f 934//821 965//821 935//821
f 928//1548 926//1548 931//1548
f 926//1549 890//1549 966//1549
f 886//1549 890//1549 926//1549
f 966//1550 967//1550 965//1550
f 926//1551 966//1551 931//1551
f 931//1552 966//1552 934//1552
f 934//1553 966//1553 965//1553
f 968//1554 891//1554 969//1554
f 890//1555 891//1555 968//1555
f 890//804 968//804 970//804
f 968//877 969//877 970//877
f 970//876 969//876 971//876
f 966//804 890//804 970//804
f 966//1556 970//1556 972//1556
f 936//1557 889//1557 885//1557
f 932//1558 889//1558 936//1558
f 972//1559 970//1559 973//1559
f 974//1560 889//1560 933//1560
f 966//1561 972//1561 967//1561
f 933//1562 889//1562 932//1562
f 973//1563 970//1563 975//1563
f 975//1564 970//1564 976//1564
f 970//1565 971//1565 976//1565
f 977//1566 889//1566 978//1566
f 978//1567 889//1567 974//1567
f 976//1568 971//1568 979//1568
f 979//1569 971//1569 980//1569
f 981//697 960//697 956//697
f 965//1570 967//1570 982//1570
f 983//664 984//664 985//664
f 965//1571 982//1571 986//1571
f 986//1572 982//1572 987//1572
f 986//1573 987//1573 983//1573
f 983//1574 987//1574 988//1574
f 985//663 984//663 981//663
f 984//697 960//697 981//697
f 983//710 988//710 984//710
f 989//1575 983//1575 985//1575
f 965//674 986//674 990//674
f 986//700 983//700 989//700
f 935//821 965//821 990//821
f 990//674 986//674 989//674
f 991//1576 992//1576 990//1576
f 990//1577 992//1577 935//1577
f 993//1578 994//1578 985//1578
f 994//1579 991//1579 989//1579
f 985//1580 994//1580 989//1580
f 989//1581 991//1581 990//1581
f 981//1582 993//1582 985//1582
f 935//1583 995//1583 933//1583
f 992//1584 995//1584 935//1584
f 995//1585 974//1585 933//1585
f 996//1586 997//1586 998//1586
f 998//1586 997//1586 999//1586
f 961//1587 996//1587 963//1587
f 960//1588 996//1588 957//1588
f 963//1587 996//1587 998//1587
f 984//1589 996//1589 960//1589
f 957//1590 996//1590 961//1590
f 984//1591 988//1591 996//1591
f 996//1592 988//1592 1000//1592
f 996//1593 1000//1593 997//1593
f 963//1594 998//1594 958//1594
f 956//1595 998//1595 981//1595
f 958//1596 998//1596 956//1596
f 999//1597 1001//1597 998//1597
f 998//1598 993//1598 981//1598
f 1001//1599 993//1599 998//1599
f 995//595 973//595 974//595
f 967//597 972//597 995//597
f 982//1180 967//1180 992//1180
f 992//597 967//597 995//597
f 972//595 973//595 995//595
f 991//1600 982//1600 992//1600
f 987//1601 982//1601 991//1601
f 973//755 975//755 978//755
f 978//1602 975//1602 977//1602
f 974//1603 973//1603 978//1603
f 975//609 976//609 977//609
f 1001//628 1000//628 993//628
f 1002//1604 1000//1604 1001//1604
f 988//1605 987//1605 993//1605
f 1000//1540 988//1540 993//1540
f 994//1606 987//1606 991//1606
f 993//1607 987//1607 994//1607
f 1003//602 1002//602 1004//602
f 1004//1608 1002//1608 1001//1608
f 976//1609 979//1609 1005//1609
f 979//952 980//952 1005//952
f 977//1609 976//1609 1005//1609
f 1005//612 980//612 1006//612
f 1006//613 1007//613 1008//613
f 980//613 1007//613 1006//613
f 1009//695 1010//695 1011//695
f 1012//953 1010//953 1009//953
f 1008//671 1012//671 1009//671
f 1007//671 1012//671 1008//671
f 1010//1610 1013//1610 1011//1610
f 1014//662 1015//662 1016//662
f 1017//1611 1014//1611 1018//1611
f 1018//663 1014//663 1016//663
f 1011//1612 1013//1612 1019//1612
f 1020//786 1021//786 1022//786
f 1003//1613 1023//1613 1024//1613
f 997//1614 1003//1614 1024//1614
f 1000//1615 1002//1615 997//1615
f 1002//1616 1003//1616 997//1616
f 1023//1617 1020//1617 1024//1617
f 1024//784 1020//784 1022//784
f 999//783 1004//783 1001//783
f 1025//602 1003//602 1004//602
f 1026//680 1003//680 1025//680
f 1027//1618 1025//1618 999//1618
f 1023//680 1003//680 1026//680
f 1028//1619 1020//1619 1026//1619
f 1027//1620 1028//1620 1026//1620
f 1027//1621 1026//1621 1025//1621
f 999//1071 1025//1071 1004//1071
f 1020//1619 1023//1619 1026//1619
f 1021//1072 1020//1072 1029//1072
f 1029//1622 1020//1622 1028//1622
f 1030//725 1031//725 1032//725
f 1032//911 1021//911 1029//911
f 1033//728 1031//728 1030//728
f 1031//911 1021//911 1032//911
f 1034//658 1035//658 1036//658
f 1016//659 1015//659 1034//659
f 1015//960 1035//960 1034//960
f 1035//774 1033//774 1036//774
f 1036//774 1033//774 1030//774
f 1031//787 1033//787 1037//787
f 1022//788 1031//788 1037//788
f 1021//789 1031//789 1022//789
f 969//1623 1038//1623 1039//1623
f 1039//1624 1040//1624 1041//1624
f 891//1625 1038//1625 969//1625
f 969//1626 1039//1626 971//1626
f 1038//1627 1040//1627 1039//1627
f 971//872 1039//872 1042//872
f 1042//878 1041//878 1043//878
f 1040//1628 1044//1628 1041//1628
f 1039//878 1041//878 1042//878
f 1044//1629 1045//1629 1046//1629
f 1043//886 1046//886 1047//886
f 1046//1630 1045//1630 1048//1630
f 1033//837 1049//837 1050//837
f 1041//1631 1044//1631 1046//1631
f 1041//886 1046//886 1043//886
f 1033//836 1050//836 1037//836
f 1046//1632 1048//1632 1047//1632
f 1051//868 1045//868 1044//868
f 1051//868 1052//868 1045//868
f 889//1633 1053//1633 1038//1633
f 889//1633 1038//1633 891//1633
f 980//1634 971//1634 1007//1634
f 1007//1635 971//1635 1012//1635
f 971//1636 1042//1636 1012//1636
f 1042//1637 1043//1637 1017//1637
f 1012//1638 1042//1638 1010//1638
f 1010//1639 1042//1639 1013//1639
f 1013//1640 1042//1640 1017//1640
f 1019//1641 1053//1641 1011//1641
f 1008//1642 1053//1642 889//1642
f 1011//1643 1053//1643 1009//1643
f 1008//1644 889//1644 1006//1644
f 1019//1645 1054//1645 1053//1645
f 1009//1646 1053//1646 1008//1646
f 1006//1647 889//1647 1005//1647
f 1005//1648 889//1648 977//1648
f 1053//1649 1054//1649 1040//1649
f 1053//1649 1040//1649 1038//1649
f 1054//1650 1044//1650 1040//1650
f 1015//1651 1055//1651 1035//1651
f 1035//1652 1055//1652 1049//1652
f 1035//1653 1049//1653 1033//1653
f 1017//1654 1043//1654 1014//1654
f 1014//1655 1043//1655 1056//1655
f 1014//1656 1056//1656 1015//1656
f 1015//1657 1056//1657 1055//1657
f 1013//1658 1017//1658 1019//1658
f 1019//1263 1017//1263 1018//1263
f 1034//1659 1057//1659 1016//1659
f 1057//1660 1058//1660 1016//1660
f 1018//1661 1054//1661 1019//1661
f 1058//1662 1054//1662 1018//1662
f 1016//1663 1058//1663 1018//1663
f 1056//1664 1043//1664 1059//1664
f 1059//1665 1043//1665 1060//1665
f 1054//1650 1051//1650 1044//1650
f 1043//1666 1047//1666 1060//1666
f 1058//1667 1051//1667 1054//1667
f 1061//1668 1062//1668 1063//1668
f 1064//1669 1061//1669 895//1669
f 1063//1670 866//1670 895//1670
f 895//1671 1061//1671 1063//1671
f 866//892 865//892 895//892
f 1062//1672 1065//1672 1063//1672
f 895//1673 898//1673 1064//1673
f 1063//1674 1066//1674 1067//1674
f 867//1675 866//1675 1063//1675
f 1063//1676 1065//1676 1066//1676
f 1068//889 867//889 1063//889
f 1063//1677 1067//1677 1068//1677
f 1061//603 1064//603 1069//603
f 1064//1678 898//1678 874//1678
f 898//767 897//767 874//767
f 874//767 897//767 871//767
f 1069//1678 1064//1678 874//1678
f 1070//1679 1061//1679 1069//1679
f 1071//681 1072//681 1073//681
f 1062//1680 1061//1680 1070//1680
f 1072//681 1065//681 1073//681
f 1065//680 1062//680 1073//680
f 1073//680 1062//680 1074//680
f 1074//773 1062//773 1070//773
f 1075//725 1076//725 1077//725
f 1077//728 1076//728 1078//728
f 1076//726 1079//726 1078//726
f 1080//677 1072//677 1071//677
f 1079//677 1072//677 1080//677
f 1078//726 1079//726 1080//726
f 1079//1681 1076//1681 1081//1681
f 1072//1682 1079//1682 1082//1682
f 1083//1683 1072//1683 1082//1683
f 1066//907 1065//907 1083//907
f 1065//1684 1072//1684 1083//1684
f 1082//1685 1079//1685 1081//1685
f 1084//1686 1074//1686 1070//1686
f 1085//1687 1070//1687 1069//1687
f 1085//1688 1069//1688 875//1688
f 1069//1689 874//1689 875//1689
f 1086//1690 1073//1690 1087//1690
f 1087//1691 1073//1691 1074//1691
f 1084//1692 1070//1692 1085//1692
f 1087//1693 1074//1693 1084//1693
f 1086//1694 1071//1694 1073//1694
f 1088//922 1071//922 1086//922
f 1089//929 1080//929 1088//929
f 1088//929 1080//929 1071//929
f 1089//922 1078//922 1080//922
f 1068//1695 1090//1695 1091//1695
f 1068//1696 1091//1696 1092//1696
f 868//1697 867//1697 1068//1697
f 1068//1698 1067//1698 1090//1698
f 1093//1697 868//1697 1068//1697
f 1093//1699 1092//1699 1094//1699
f 1068//1700 1092//1700 1093//1700
f 1095//1701 869//1701 1093//1701
f 1096//1702 1097//1702 1093//1702
f 869//1703 868//1703 1093//1703
f 1097//1704 1098//1704 1095//1704
f 1099//1705 1100//1705 1095//1705
f 1093//1706 1097//1706 1095//1706
f 1093//1707 1094//1707 1096//1707
f 1098//1708 1099//1708 1095//1708
f 1092//600 1091//600 875//600
f 875//621 1091//621 1085//621
f 1090//620 1067//620 1084//620
f 1094//629 1092//629 872//629
f 1091//621 1090//621 1085//621
f 873//600 1092//600 875//600
f 872//629 1092//629 873//629
f 1085//620 1090//620 1084//620
f 1067//622 1066//622 1084//622
f 1086//916 1083//916 1088//916
f 1066//623 1083//623 1086//623
f 1083//916 1082//916 1088//916
f 1084//1194 1066//1194 1087//1194
f 1087//1709 1066//1709 1086//1709
f 1096//628 1094//628 872//628
f 1097//1679 1096//1679 878//1679
f 878//1540 1096//1540 872//1540
f 1098//1543 1097//1543 877//1543
f 877//603 1097//603 878//603
f 1101//1543 1098//1543 877//1543
f 1102//680 1098//680 1101//680
f 1099//680 1098//680 1102//680
f 1100//681 1099//681 1102//681
f 1103//677 1100//677 1104//677
f 1105//1710 1100//1710 1102//1710
f 1104//973 1100//973 1105//973
f 1088//760 1082//760 1089//760
f 1106//1261 1107//1261 1108//1261
f 1108//1261 1107//1261 1109//1261
f 1082//1500 1081//1500 1089//1500
f 1107//819 1110//819 1109//819
f 1089//762 1106//762 1108//762
f 1081//761 1106//761 1089//761
f 1111//674 1112//674 1113//674
f 1110//696 1114//696 1115//696
f 1115//953 1114//953 1111//953
f 1109//816 1110//816 1115//816
f 1112//700 1116//700 1113//700
f 1114//674 1112//674 1111//674
f 1117//1372 1118//1372 1119//1372
f 1120//728 1121//728 1122//728
f 1118//728 1121//728 1120//728
f 1122//726 1103//726 1104//726
f 1121//726 1103//726 1122//726
f 1119//1372 1118//1372 1120//1372
f 1123//699 1117//699 1124//699
f 1125//698 1126//698 1127//698
f 1124//699 1117//699 1119//699
f 1116//698 1126//698 1125//698
f 1127//697 1123//697 1124//697
f 1113//700 1116//700 1125//700
f 1126//697 1123//697 1127//697
f 1075//1711 1128//1711 1076//1711
f 1129//1712 1130//1712 1131//1712
f 1131//1713 1130//1713 1132//1713
f 1075//1714 1130//1714 1128//1714
f 1132//1715 1130//1715 1075//1715
f 917//1716 943//1716 1133//1716
f 1129//1717 1133//1717 1130//1717
f 1134//1177 1133//1177 1129//1177
f 917//1179 1133//1179 1134//1179
f 1135//996 1133//996 1136//996
f 1130//996 1133//996 1135//996
f 1132//1718 1075//1718 1137//1718
f 1138//698 1129//698 1139//698
f 917//660 1134//660 1140//660
f 1131//699 1132//699 1141//699
f 1141//699 1132//699 1137//699
f 916//674 917//674 1140//674
f 1140//660 1134//660 1138//660
f 1129//662 1131//662 1139//662
f 1139//662 1131//662 1141//662
f 1134//698 1129//698 1138//698
f 1077//1719 1135//1719 1137//1719
f 1137//1720 1075//1720 1077//1720
f 1140//1721 946//1721 916//1721
f 1136//1722 946//1722 1140//1722
f 1141//1723 1136//1723 1139//1723
f 1139//988 1136//988 1138//988
f 1138//989 1136//989 1140//989
f 1135//1724 1136//1724 1141//1724
f 1137//1725 1135//1725 1141//1725
f 1106//1726 1128//1726 1142//1726
f 1081//1727 1128//1727 1106//1727
f 1076//1728 1128//1728 1081//1728
f 1142//1729 1128//1729 1143//1729
f 1143//983 1130//983 1135//983
f 1128//983 1130//983 1143//983
f 1143//1730 1135//1730 1077//1730
f 1078//1731 1143//1731 1077//1731
f 1089//1732 1143//1732 1078//1732
f 1136//1733 943//1733 946//1733
f 946//1734 943//1734 964//1734
f 1133//995 943//995 1136//995
f 964//736 962//736 963//736
f 943//687 962//687 964//687
f 1144//1006 1145//1006 1146//1006
f 1145//1735 1144//1735 1116//1735
f 1145//1009 1142//1009 1146//1009
f 1110//1736 1142//1736 1114//1736
f 1107//1737 1142//1737 1110//1737
f 1106//1738 1142//1738 1107//1738
f 1114//1739 1142//1739 1145//1739
f 1112//1740 1145//1740 1116//1740
f 1114//1136 1145//1136 1112//1136
f 1109//1741 1147//1741 1108//1741
f 1115//958 1147//958 1109//958
f 1111//959 1147//959 1115//959
f 1146//1742 1142//1742 1147//1742
f 1147//1743 1142//1743 1143//1743
f 1147//1744 1143//1744 1108//1744
f 1108//1745 1143//1745 1089//1745
f 1113//1746 1146//1746 1111//1746
f 1146//1747 1147//1747 1111//1747
f 1123//1748 1144//1748 1148//1748
f 1148//1749 1144//1749 1149//1749
f 1116//1750 1144//1750 1126//1750
f 1126//1751 1144//1751 1123//1751
f 1150//1752 1151//1752 1152//1752
f 1144//1753 1151//1753 1149//1753
f 1152//1752 1151//1752 1153//1752
f 1153//1754 1151//1754 1154//1754
f 1154//1006 1144//1006 1146//1006
f 1151//1754 1144//1754 1154//1754
f 1125//1755 1146//1755 1113//1755
f 1125//1013 1154//1013 1146//1013
f 1127//1756 1154//1756 1125//1756
f 1124//1007 1154//1007 1127//1007
f 1155//1757 879//1757 880//1757
f 1156//1034 1155//1034 1157//1034
f 1157//1758 880//1758 1095//1758
f 1155//1034 880//1034 1157//1034
f 880//1759 869//1759 1095//1759
f 1158//1760 1159//1760 1160//1760
f 1158//1761 1160//1761 879//1761
f 879//1762 1160//1762 876//1762
f 1155//1763 1158//1763 879//1763
f 1161//1764 1155//1764 1156//1764
f 1158//1764 1155//1764 1161//1764
f 1160//1055 1162//1055 876//1055
f 1163//1765 1158//1765 1161//1765
f 1159//1766 1158//1766 1163//1766
f 877//1767 876//1767 1101//1767
f 1121//1768 1164//1768 1157//1768
f 1157//1769 1164//1769 1165//1769
f 1103//1770 1121//1770 1157//1770
f 1100//1771 1103//1771 1157//1771
f 1095//1772 1100//1772 1157//1772
f 1118//843 1166//843 1121//843
f 1121//841 1166//841 1164//841
f 1118//839 1167//839 1166//839
f 1117//1653 1148//1653 1167//1653
f 1123//1773 1148//1773 1117//1773
f 1117//840 1167//840 1118//840
f 1122//1774 1168//1774 1120//1774
f 1169//1775 1168//1775 1122//1775
f 1168//1776 1170//1776 1120//1776
f 1120//1777 1170//1777 1119//1777
f 1171//1778 1172//1778 1105//1778
f 1105//1779 1172//1779 1104//1779
f 1104//1780 1169//1780 1122//1780
f 1172//1781 1169//1781 1104//1781
f 1170//977 1173//977 1119//977
f 1173//1014 1154//1014 1124//1014
f 1119//978 1173//978 1124//978
f 1167//754 1148//754 1170//754
f 1169//752 1164//752 1168//752
f 1168//758 1166//758 1170//758
f 1170//754 1148//754 1173//754
f 1164//752 1166//752 1168//752
f 1166//758 1167//758 1170//758
f 1171//767 1165//767 1172//767
f 1174//767 1165//767 1171//767
f 1165//759 1164//759 1172//759
f 1172//757 1164//757 1169//757
f 1175//1678 1174//1678 1171//1678
f 1176//778 1177//778 1161//778
f 1178//1782 1176//1782 1161//1782
f 1156//1783 1165//1783 1174//1783
f 1177//785 1179//785 1161//785
f 1157//1784 1165//1784 1156//1784
f 1175//1638 1178//1638 1156//1638
f 1156//1785 1178//1785 1161//1785
f 1156//1639 1174//1639 1175//1639
f 1177//680 1176//680 1180//680
f 1179//1786 1181//1786 1161//1786
f 876//1787 1102//1787 1101//1787
f 876//1788 1105//1788 1102//1788
f 1180//680 1176//680 1182//680
f 1178//631 1175//631 1183//631
f 1184//1678 1175//1678 1171//1678
f 1182//773 1176//773 1183//773
f 1176//1680 1178//1680 1183//1680
f 1183//626 1175//626 1184//626
f 876//1789 1171//1789 1105//1789
f 1184//1790 1171//1790 876//1790
f 1162//1791 1185//1791 876//1791
f 876//1792 1185//1792 1180//1792
f 876//1793 1183//1793 1184//1793
f 876//1794 1182//1794 1183//1794
f 1161//1795 1181//1795 1163//1795
f 876//1796 1180//1796 1182//1796
f 1186//786 1151//786 1187//786
f 1149//1019 1151//1019 1186//1019
f 1173//1293 1148//1293 1188//1293
f 1189//691 1190//691 1191//691
f 1191//692 1190//692 1192//692
f 1149//625 1186//625 1188//625
f 1193//760 1187//760 1194//760
f 1188//625 1186//625 1193//625
f 1194//1797 1187//1797 1191//1797
f 1186//760 1187//760 1193//760
f 1187//1798 1189//1798 1191//1798
f 1148//1799 1149//1799 1188//1799
f 1150//1614 1195//1614 1190//1614
f 1196//1800 1195//1800 1197//1800
f 1190//1616 1195//1616 1196//1616
f 1151//784 1150//784 1187//784
f 1189//1613 1150//1613 1190//1613
f 1187//1617 1150//1617 1189//1617
f 1190//816 1196//816 1192//816
f 1198//1801 1199//1801 1200//1801
f 1193//1802 1153//1802 1188//1802
f 1194//1803 1153//1803 1193//1803
f 1188//1804 1153//1804 1154//1804
f 1200//1805 1199//1805 1192//1805
f 1188//795 1154//795 1173//795
f 1192//1806 1199//1806 1152//1806
f 1191//1807 1152//1807 1194//1807
f 1192//1808 1152//1808 1191//1808
f 1194//1021 1152//1021 1153//1021
f 1201//698 1202//698 1203//698
f 1198//674 1204//674 1205//674
f 1204//660 1201//660 1205//660
f 1197//673 1204//673 1198//673
f 1196//1809 1197//1809 1200//1809
f 1200//1810 1197//1810 1198//1810
f 1192//819 1196//819 1200//819
f 1205//660 1201//660 1203//660
f 1179//681 1177//681 1185//681
f 1185//681 1177//681 1180//681
f 1181//677 1179//677 1206//677
f 1206//677 1179//677 1185//677
f 1207//726 1181//726 1206//726
f 1208//726 1181//726 1207//726
f 1203//698 1202//698 1209//698
f 1210//699 1211//699 1212//699
f 1213//725 1208//725 1214//725
f 1212//1720 1213//1720 1214//1720
f 1215//699 1211//699 1210//699
f 1214//728 1208//728 1207//728
f 1211//1718 1213//1718 1212//1718
f 1202//662 1215//662 1209//662
f 1209//662 1215//662 1210//662
f 1195//1811 1216//1811 1197//1811
f 1216//1812 1217//1812 1204//1812
f 1216//724 1218//724 1219//724
f 1216//740 1219//740 1217//740
f 1216//719 1220//719 1218//719
f 1197//1813 1216//1813 1204//1813
f 1221//734 1222//734 1223//734
f 1223//1814 1195//1814 1199//1814
f 1216//1815 1195//1815 1223//1815
f 1199//1816 1150//1816 1152//1816
f 1220//1817 1216//1817 1222//1817
f 1195//1818 1150//1818 1199//1818
f 1222//1817 1216//1817 1223//1817
f 1198//1819 1223//1819 1199//1819
f 1205//1820 1223//1820 1198//1820
f 1202//1821 1224//1821 1225//1821
f 1201//1572 1224//1572 1202//1572
f 1204//1822 1226//1822 1201//1822
f 1202//1570 1225//1570 1215//1570
f 1201//1573 1226//1573 1224//1573
f 1204//1823 1217//1823 1226//1823
f 1227//735 1221//735 1223//735
f 1209//718 1228//718 1203//718
f 1229//1824 1228//1824 1209//1824
f 1230//741 1227//741 1223//741
f 1205//1825 1230//1825 1223//1825
f 1228//716 1231//716 1203//716
f 1203//715 1231//715 1205//715
f 1231//1826 1230//1826 1205//1826
f 1210//1827 1229//1827 1209//1827
f 1232//1828 1159//1828 1233//1828
f 1233//1829 1159//1829 1163//1829
f 1160//1830 1234//1830 1162//1830
f 1160//1830 1235//1830 1234//1830
f 1159//1831 1235//1831 1160//1831
f 1159//1832 1232//1832 1235//1832
f 1232//1833 1236//1833 1235//1833
f 1232//1834 1237//1834 1236//1834
f 1238//1835 1232//1835 1233//1835
f 1237//1836 1232//1836 1238//1836
f 1235//1118 1236//1118 1239//1118
f 1235//1118 1239//1118 1234//1118
f 1181//1564 1208//1564 1163//1564
f 1162//1837 1207//1837 1206//1837
f 1162//1838 1206//1838 1185//1838
f 1162//1839 1214//1839 1207//1839
f 1162//1840 1234//1840 1214//1840
f 1234//1841 1212//1841 1214//1841
f 1211//1842 1233//1842 1163//1842
f 1208//1563 1213//1563 1163//1563
f 1213//1843 1211//1843 1163//1843
f 1215//1844 1233//1844 1211//1844
f 1239//1845 1240//1845 1241//1845
f 1233//1551 1242//1551 1238//1551
f 1243//1846 1242//1846 1233//1846
f 1239//1847 1241//1847 1244//1847
f 1239//1848 1244//1848 1234//1848
f 1215//1849 1225//1849 1233//1849
f 1210//1850 1244//1850 1229//1850
f 1212//1851 1244//1851 1210//1851
f 1234//1852 1244//1852 1212//1852
f 1225//1853 1243//1853 1233//1853
f 1245//1854 1030//1854 1032//1854
f 1024//779 1022//779 1027//779
f 1245//1855 1032//1855 1246//1855
f 1246//1856 1032//1856 1029//1856
f 1246//1857 1029//1857 1028//1857
f 1027//779 1022//779 1246//779
f 1022//1858 1037//1858 1246//1858
f 997//780 1024//780 1027//780
f 999//780 997//780 1027//780
f 1246//1021 1028//1021 1027//1021
f 1246//1858 1037//1858 1245//1858
f 1245//1859 1247//1859 1248//1859
f 1037//1859 1247//1859 1245//1859
f 1037//1135 1249//1135 1250//1135
f 1037//1134 1050//1134 1249//1134
f 1050//1860 1049//1860 1251//1860
f 1252//1148 1249//1148 1253//1148
f 1250//600 1249//600 1252//600
f 1253//1861 1050//1861 1251//1861
f 1249//1148 1050//1148 1253//1148
f 1253//1862 1251//1862 1030//1862
f 1251//1863 1254//1863 1036//1863
f 1030//1864 1251//1864 1036//1864
f 1036//1865 1254//1865 1034//1865
f 1245//1866 1253//1866 1030//1866
f 1254//1867 1057//1867 1034//1867
f 1247//1136 1255//1136 1256//1136
f 1247//1739 1256//1739 1257//1739
f 1247//1868 1257//1868 1248//1868
f 1258//1869 1259//1869 1257//1869
f 1256//1870 1258//1870 1257//1870
f 1248//1868 1257//1868 1260//1868
f 1037//1133 1250//1133 1247//1133
f 1247//1132 1250//1132 1255//1132
f 1259//1871 1258//1871 1261//1871
f 1262//1872 1263//1872 1264//1872
f 1262//1873 1259//1873 1265//1873
f 1257//1874 1262//1874 1264//1874
f 1259//1875 1262//1875 1257//1875
f 1265//1876 1259//1876 1266//1876
f 1266//1877 1259//1877 1261//1877
f 1267//1878 1268//1878 1248//1878
f 1269//1011 1267//1011 1248//1011
f 1268//1879 1252//1879 1245//1879
f 1252//1880 1253//1880 1245//1880
f 1248//1881 1268//1881 1245//1881
f 1268//600 1250//600 1252//600
f 1256//628 1255//628 1267//628
f 1267//767 1250//767 1268//767
f 1255//767 1250//767 1267//767
f 1269//1540 1256//1540 1267//1540
f 1258//1882 1256//1882 1269//1882
f 1261//1883 1258//1883 1269//1883
f 1260//1884 1266//1884 1261//1884
f 1260//1010 1269//1010 1248//1010
f 1260//1885 1265//1885 1266//1885
f 1260//1886 1261//1886 1269//1886
f 1264//1887 1270//1887 1271//1887
f 1271//1888 1270//1888 1272//1888
f 1257//1889 1264//1889 1260//1889
f 1260//1890 1264//1890 1271//1890
f 1273//1179 1274//1179 1275//1179
f 1273//1716 1275//1716 1276//1716
f 1277//1891 1278//1891 1279//1891
f 1276//1535 1275//1535 1280//1535
f 1272//1164 1273//1164 1279//1164
f 1278//1892 1281//1892 1279//1892
f 1270//1164 1273//1164 1272//1164
f 1276//1893 1282//1893 1277//1893
f 1273//1894 1276//1894 1279//1894
f 1279//1894 1276//1894 1277//1894
f 1271//1895 1283//1895 1265//1895
f 1284//1896 1283//1896 1271//1896
f 1285//1897 1283//1897 1284//1897
f 1264//1711 1286//1711 1287//1711
f 1264//1714 1287//1714 1270//1714
f 1264//1728 1263//1728 1286//1728
f 1286//1246 1263//1246 1288//1246
f 1271//1898 1265//1898 1260//1898
f 1270//1717 1289//1717 1273//1717
f 1273//1177 1289//1177 1274//1177
f 1270//1712 1290//1712 1289//1712
f 1270//1899 1287//1899 1291//1899
f 1281//601 1289//601 1292//601
f 1274//600 1289//600 1281//600
f 1292//599 1290//599 1293//599
f 1289//598 1290//598 1292//598
f 1270//1900 1291//1900 1290//1900
f 1290//1861 1291//1861 1294//1861
f 1294//622 1287//622 1295//622
f 1293//1861 1290//1861 1294//1861
f 1291//622 1287//622 1294//622
f 1288//1901 1296//1901 1285//1901
f 1295//596 1286//596 1284//596
f 1287//596 1286//596 1295//596
f 1284//1902 1288//1902 1285//1902
f 1286//1195 1288//1195 1284//1195
f 1285//1901 1296//1901 1297//1901
f 1294//1903 1295//1903 1272//1903
f 1272//1904 1295//1904 1271//1904
f 1293//1905 1294//1905 1272//1905
f 1281//1906 1292//1906 1279//1906
f 1279//994 1293//994 1272//994
f 1292//1907 1293//1907 1279//1907
f 1295//1908 1284//1908 1271//1908
f 1298//1909 1299//1909 1300//1909
f 1048//1910 1045//1910 1301//1910
f 1298//1911 1301//1911 1302//1911
f 1048//1912 1301//1912 1298//1912
f 1298//1913 1302//1913 1299//1913
f 1047//1914 1048//1914 1303//1914
f 1303//1241 1298//1241 1300//1241
f 1048//1915 1298//1915 1303//1915
f 1304//1916 1305//1916 1306//1916
f 1299//1917 1307//1917 1304//1917
f 1299//1918 1302//1918 1307//1918
f 1304//1919 1307//1919 1308//1919
f 1304//1920 1308//1920 1305//1920
f 1299//1285 1304//1285 1309//1285
f 1300//1909 1299//1909 1309//1909
f 1310//1921 1311//1921 1307//1921
f 1310//1922 1307//1922 1302//1922
f 1312//1923 1306//1923 1313//1923
f 1311//1924 1308//1924 1307//1924
f 1311//1925 1314//1925 1308//1925
f 1315//1926 1306//1926 1316//1926
f 1315//1927 1309//1927 1306//1927
f 1316//1928 1306//1928 1312//1928
f 1317//1929 1309//1929 1318//1929
f 1318//1930 1309//1930 1315//1930
f 1309//1931 1304//1931 1306//1931
f 1060//1932 1319//1932 1320//1932
f 1320//1932 1319//1932 1321//1932
f 1059//1200 1060//1200 1320//1200
f 1251//622 1055//622 1254//622
f 1254//596 1055//596 1057//596
f 1049//1194 1055//1194 1251//1194
f 1057//1196 1056//1196 1058//1196
f 1055//596 1056//596 1057//596
f 1058//1200 1059//1200 1320//1200
f 1056//1196 1059//1196 1058//1196
f 1321//1933 1051//1933 1320//1933
f 1320//1934 1051//1934 1058//1934
f 1060//1935 1047//1935 1319//1935
f 1322//1936 1051//1936 1321//1936
f 1319//1937 1047//1937 1323//1937
f 1323//1938 1047//1938 1324//1938
f 1319//1939 1323//1939 1321//1939
f 1321//1939 1323//1939 1322//1939
f 1323//671 1324//671 1322//671
f 1325//674 1326//674 1327//674
f 1327//674 1326//674 1328//674
f 1328//661 1329//661 1330//661
f 1322//671 1324//671 1331//671
f 1331//669 1325//669 1327//669
f 1324//669 1325//669 1331//669
f 1326//660 1329//660 1328//660
f 1329//664 1332//664 1330//664
f 1283//1940 1263//1940 1265//1940
f 1333//1203 1263//1203 1334//1203
f 1334//1203 1263//1203 1283//1203
f 1263//1941 1262//1941 1265//1941
f 1335//1942 1333//1942 1336//1942
f 1336//1942 1333//1942 1334//1942
f 1337//1943 1338//1943 1339//1943
f 1340//1215 1335//1215 1341//1215
f 1339//1943 1338//1943 1342//1943
f 1332//1944 1337//1944 1343//1944
f 1341//1945 1335//1945 1336//1945
f 1338//1372 1340//1372 1342//1372
f 1342//1946 1340//1946 1341//1946
f 1330//663 1332//663 1343//663
f 1343//1944 1337//1944 1339//1944
f 1052//1237 1344//1237 1301//1237
f 1047//1947 1303//1947 1324//1947
f 1326//1948 1303//1948 1329//1948
f 1327//1949 1344//1949 1052//1949
f 1325//1950 1303//1950 1326//1950
f 1327//1951 1052//1951 1331//1951
f 1324//1952 1303//1952 1325//1952
f 1322//1953 1052//1953 1051//1953
f 1052//1237 1301//1237 1045//1237
f 1331//1954 1052//1954 1322//1954
f 1344//1233 1310//1233 1302//1233
f 1329//1696 1300//1696 1332//1696
f 1332//1955 1300//1955 1337//1955
f 1329//1956 1303//1956 1300//1956
f 1337//1957 1300//1957 1338//1957
f 1344//1233 1302//1233 1301//1233
f 1328//1958 1344//1958 1327//1958
f 1310//1959 1344//1959 1343//1959
f 1330//1960 1344//1960 1328//1960
f 1343//1961 1344//1961 1330//1961
f 1339//1962 1310//1962 1343//1962
f 1263//1249 1333//1249 1288//1249
f 1335//1963 1340//1963 1317//1963
f 1296//1245 1335//1245 1317//1245
f 1333//1247 1335//1247 1296//1247
f 1288//1248 1333//1248 1296//1248
f 1345//1964 1341//1964 1346//1964
f 1346//1965 1341//1965 1336//1965
f 1297//1966 1336//1966 1334//1966
f 1297//1967 1334//1967 1285//1967
f 1285//1968 1334//1968 1283//1968
f 1346//1969 1336//1969 1297//1969
f 1345//1970 1311//1970 1341//1970
f 1341//1971 1311//1971 1342//1971
f 1338//1972 1300//1972 1309//1972
f 1340//1973 1309//1973 1317//1973
f 1338//1974 1309//1974 1340//1974
f 1342//1975 1310//1975 1339//1975
f 1311//1976 1310//1976 1342//1976
f 1317//1261 1318//1261 1346//1261
f 1315//670 1316//670 1347//670
f 1346//1261 1318//1261 1345//1261
f 1347//670 1316//670 1348//670
f 1318//671 1315//671 1345//671
f 1297//1977 1296//1977 1346//1977
f 1296//1260 1317//1260 1346//1260
f 1345//671 1315//671 1347//671
f 1316//674 1312//674 1348//674
f 1347//1978 1311//1978 1345//1978
f 1348//1979 1311//1979 1347//1979
f 1314//1980 1311//1980 1348//1980
f 1220//1545 1349//1545 1350//1545
f 1282//679 1276//679 1351//679
f 1351//1981 1276//1981 1352//1981
f 1353//682 1282//682 1351//682
f 1220//1982 1282//1982 1349//1982
f 1220//1544 1350//1544 1218//1544
f 1354//676 1282//676 1353//676
f 1349//720 1282//720 1354//720
f 1277//1983 1282//1983 1355//1983
f 1282//1984 1220//1984 1355//1984
f 1355//1985 1220//1985 1222//1985
f 1356//1301 1355//1301 1357//1301
f 1358//1986 1277//1986 1359//1986
f 1359//1987 1355//1987 1356//1987
f 1359//1988 1277//1988 1355//1988
f 1360//1989 1361//1989 1222//1989
f 1221//1990 1360//1990 1222//1990
f 1361//1297 1355//1297 1222//1297
f 1357//1302 1355//1302 1361//1302
f 1349//916 1354//916 1357//916
f 1361//1499 1349//1499 1357//1499
f 1227//620 1219//620 1221//620
f 1350//1293 1349//1293 1361//1293
f 1218//622 1350//622 1221//622
f 1360//1991 1350//1991 1361//1991
f 1221//1194 1350//1194 1360//1194
f 1219//620 1218//620 1221//620
f 1217//621 1219//621 1227//621
f 1231//1992 1226//1992 1230//1992
f 1226//600 1217//600 1230//600
f 1230//621 1217//621 1227//621
f 1224//1993 1226//1993 1228//1993
f 1228//1993 1226//1993 1231//1993
f 1225//1994 1224//1994 1228//1994
f 1362//696 1363//696 1364//696
f 1356//762 1351//762 1359//762
f 1352//1308 1362//1308 1358//1308
f 1358//1309 1362//1309 1364//1309
f 1359//613 1352//613 1358//613
f 1351//613 1352//613 1359//613
f 1354//760 1353//760 1356//760
f 1353//762 1351//762 1356//762
f 1357//760 1354//760 1356//760
f 1365//1995 1366//1995 1367//1995
f 1366//1210 1368//1210 1369//1210
f 1367//1995 1366//1995 1369//1995
f 1363//1262 1365//1262 1370//1262
f 1370//1262 1365//1262 1367//1262
f 1364//695 1363//695 1370//695
f 1371//1996 1372//1996 1363//1996
f 1276//648 1280//648 1352//648
f 1352//1997 1373//1997 1362//1997
f 1280//1998 1373//1998 1352//1998
f 1362//1999 1371//1999 1363//1999
f 1373//2000 1371//2000 1362//2000
f 1358//675 1374//675 1277//675
f 1375//602 1371//602 1376//602
f 1374//2001 1278//2001 1277//2001
f 1376//941 1373//941 1374//941
f 1275//1187 1274//1187 1278//1187
f 1278//2002 1274//2002 1281//2002
f 1280//1183 1275//1183 1278//1183
f 1373//941 1280//941 1374//941
f 1374//2003 1280//2003 1278//2003
f 1371//602 1373//602 1376//602
f 1358//2004 1376//2004 1374//2004
f 1364//2005 1376//2005 1358//2005
f 1370//1317 1377//1317 1375//1317
f 1364//2006 1375//2006 1376//2006
f 1365//1524 1372//1524 1378//1524
f 1367//656 1377//656 1370//656
f 1363//643 1372//643 1365//643
f 1367//2007 1379//2007 1377//2007
f 1370//1318 1375//1318 1364//1318
f 1367//2008 1380//2008 1379//2008
f 1236//2009 1381//2009 1239//2009
f 1382//2010 1383//2010 1384//2010
f 1382//2010 1384//2010 1381//2010
f 1236//2009 1382//2009 1381//2009
f 1237//2011 1382//2011 1236//2011
f 1237//2012 1385//2012 1382//2012
f 1385//1356 1237//1356 1386//1356
f 1385//2013 1383//2013 1382//2013
f 1386//1355 1237//1355 1238//1355
f 1385//2014 1387//2014 1383//2014
f 1387//2015 1385//2015 1388//2015
f 1388//2015 1385//2015 1386//2015
f 1389//1363 1387//1363 1378//1363
f 1383//2016 1390//2016 1384//2016
f 1383//2016 1391//2016 1390//2016
f 1378//1362 1387//1362 1388//1362
f 1387//2017 1391//2017 1383//2017
f 1387//2018 1389//2018 1391//2018
f 1392//680 1242//680 1240//680
f 1243//2019 1225//2019 1229//2019
f 1229//2020 1225//2020 1228//2020
f 1242//1543 1243//1543 1244//1543
f 1244//603 1243//603 1229//603
f 1241//1542 1242//1542 1244//1542
f 1240//2021 1242//2021 1241//2021
f 1393//681 1392//681 1240//681
f 1394//677 1393//677 1395//677
f 1396//681 1393//681 1240//681
f 1395//677 1393//677 1396//677
f 1397//726 1394//726 1395//726
f 1398//726 1394//726 1397//726
f 1399//728 1398//728 1400//728
f 1400//728 1398//728 1397//728
f 1401//699 1402//699 1403//699
f 1404//699 1402//699 1401//699
f 1403//1372 1399//1372 1400//1372
f 1402//1372 1399//1372 1403//1372
f 1368//697 1404//697 1405//697
f 1405//697 1404//697 1401//697
f 1369//698 1368//698 1405//698
f 1393//1511 1394//1511 1238//1511
f 1394//1513 1386//1513 1238//1513
f 1239//2022 1396//2022 1240//2022
f 1242//2023 1392//2023 1238//2023
f 1381//2024 1396//2024 1239//2024
f 1392//1512 1393//1512 1238//1512
f 1381//2025 1395//2025 1396//2025
f 1399//2026 1402//2026 1386//2026
f 1381//2027 1384//2027 1397//2027
f 1398//2028 1386//2028 1394//2028
f 1398//2029 1399//2029 1386//2029
f 1381//2030 1397//2030 1395//2030
f 1366//1505 1388//1505 1368//1505
f 1368//2031 1388//2031 1404//2031
f 1366//1503 1378//1503 1388//1503
f 1365//1504 1378//1504 1366//1504
f 1402//1508 1388//1508 1386//1508
f 1404//1507 1388//1507 1402//1507
f 1401//2032 1390//2032 1405//2032
f 1397//2033 1384//2033 1400//2033
f 1384//2034 1390//2034 1401//2034
f 1390//2035 1380//2035 1369//2035
f 1369//2036 1380//2036 1367//2036
f 1405//2037 1390//2037 1369//2037
f 1400//2038 1384//2038 1403//2038
f 1403//2039 1384//2039 1401//2039
f 1305//2040 1308//2040 1406//2040
f 1305//2041 1406//2041 1407//2041
f 1408//2042 1305//2042 1407//2042
f 1306//1390 1305//1390 1409//1390
f 1409//1391 1408//1391 1410//1391
f 1305//1391 1408//1391 1409//1391
f 1408//2043 1389//2043 1410//2043
f 1407//2044 1406//2044 1411//2044
f 1412//1396 1413//1396 1380//1396
f 1412//1396 1407//1396 1413//1396
f 1391//1393 1380//1393 1390//1393
f 1391//1393 1412//1393 1380//1393
f 1407//2044 1411//2044 1413//2044
f 1410//2045 1389//2045 1378//2045
f 1389//2046 1412//2046 1391//2046
f 1389//2047 1408//2047 1412//2047
f 1408//2048 1407//2048 1412//2048
f 1414//2049 1415//2049 1416//2049
f 1417//1214 1414//1214 1416//1214
f 1418//1940 1372//1940 1379//1940
f 1379//2050 1372//2050 1377//2050
f 1415//1203 1418//1203 1419//1203
f 1419//1203 1418//1203 1379//1203
f 1420//1945 1414//1945 1417//1945
f 1416//2051 1415//2051 1419//2051
f 1372//2052 1371//2052 1377//2052
f 1377//1369 1371//1369 1375//1369
f 1421//2053 1409//2053 1422//2053
f 1348//673 1312//673 1423//673
f 1313//663 1424//663 1425//663
f 1423//660 1313//660 1425//660
f 1424//2054 1421//2054 1426//2054
f 1312//661 1313//661 1423//661
f 1425//1611 1424//1611 1426//1611
f 1422//1946 1420//1946 1427//1946
f 1421//2055 1422//2055 1428//2055
f 1428//2056 1422//2056 1427//2056
f 1426//2057 1421//2057 1428//2057
f 1427//1372 1420//1372 1417//1372
f 1422//2058 1409//2058 1410//2058
f 1415//2059 1410//2059 1378//2059
f 1418//2060 1415//2060 1378//2060
f 1422//2061 1410//2061 1420//2061
f 1420//2062 1410//2062 1414//2062
f 1372//2063 1418//2063 1378//2063
f 1414//2064 1410//2064 1415//2064
f 1380//2065 1416//2065 1419//2065
f 1417//2066 1413//2066 1427//2066
f 1416//2067 1413//2067 1417//2067
f 1380//2068 1413//2068 1416//2068
f 1380//2069 1419//2069 1379//2069
f 1314//1388 1411//1388 1406//1388
f 1314//1388 1406//1388 1308//1388
f 1424//2070 1409//2070 1421//2070
f 1313//2071 1409//2071 1424//2071
f 1313//2072 1306//2072 1409//2072
f 1411//2073 1314//2073 1425//2073
f 1425//2074 1314//2074 1423//2074
f 1423//2075 1314//2075 1348//2075
f 1413//2076 1411//2076 1427//2076
f 1427//2077 1411//2077 1428//2077
f 1428//2078 1411//2078 1426//2078
f 1426//2079 1411//2079 1425//2079
# Vertices: 1428, normals: 2079, texture coordinates: 0, faces: 2940

