# File generated by ImageToStl.com - Free Image and 3D model conversion tools

o obj1
v 0.00411002 -0.01020334 -0.00309994
v -0.01536905 -0.0180497 -0.00310006
v 0.00411003 -0.01020334 -0.00459994
v -0.01676041 -0.01861016 -0.00460007
v -0.01609427 -0.01834182 -0.00272356
v -0.01594739 -0.01828266 -0.0028819
v -0.01577152 -0.01821181 -0.00300103
v -0.01557546 -0.01813284 -0.00307499
v -0.01759613 -0.01894679 -0.00403396
v -0.01748563 -0.01890228 -0.00422357
v -0.017688 -0.01898379 -0.00360008
v -0.01629664 -0.01842333 -0.00210007
v -0.01627338 -0.01841397 -0.00232259
v -0.01620479 -0.01838633 -0.00253395
v -0.01766474 -0.01897443 -0.0038226
v -0.01696682 -0.0186933 -0.004575
v -0.01733875 -0.01884312 -0.00438191
v -0.01716287 -0.01877227 -0.00450104
v -0.0176881 -0.01898375 0.01024992
v -0.01629673 -0.0184233 0.01024993
v -0.01043173 -0.03399125 0.01225002
v -0.01037462 -0.03312536 0.01225002
v -0.01030436 -0.03356482 0.01225002
v -0.01031472 -0.03334114 0.01225002
v -0.01034403 -0.03378521 0.01225002
v -0.0105631 -0.0341726 0.01225002
v -0.01073151 -0.03432018 0.01225002
v -0.01092855 -0.03442657 0.01225001
v -0.01226654 -0.03251023 0.01225
v -0.01232642 -0.03229445 0.01225
v -0.01288037 -0.03359567 0.01225
v -0.01268333 -0.03348927 0.01225
v -0.0125149 -0.03334169 0.01225
v -0.01225617 -0.03273391 0.01225
v -0.01229583 -0.0329543 0.01225
v -0.01238354 -0.03316034 0.01225
v -0.02584993 -0.03881991 0.01747719
v -0.02604794 -0.03889966 0.01736515
v -0.02544929 -0.03865852 0.01830017
v -0.02547623 -0.03866937 0.01806086
v -0.02555554 -0.03870132 0.01783545
v -0.02488883 -0.04004988 0.01830018
v -0.02491578 -0.04006074 0.01806086
v -0.02499508 -0.04009268 0.01783546
v -0.02568256 -0.03875248 0.01763705
v -0.02512211 -0.04014385 0.01763706
v -0.02528948 -0.04021127 0.01747719
v -0.02548748 -0.04029102 0.01736516
v -0.02322038 -0.03937778 0.02258682
v -0.02298711 -0.03928382 0.02324994
v -0.02301406 -0.03929467 0.02301062
v -0.02309336 -0.03932662 0.02278522
v -0.0236538 -0.03793525 0.02278521
v -0.02378084 -0.03798642 0.02258681
v -0.02357451 -0.03790331 0.02301062
v -0.02354756 -0.03789245 0.02324993
v -0.01073167 -0.03432012 0.03425001
v -0.01092871 -0.03442651 0.03425001
v -0.01034419 -0.03378515 0.03425002
v -0.01056326 -0.03417254 0.03425001
v -0.0104319 -0.03399119 0.03425002
v -0.01037478 -0.0331253 0.03425001
v -0.01031488 -0.03334108 0.03425001
v -0.01030452 -0.03356477 0.03425001
v -0.01251506 -0.03334163 0.03425
v -0.0123837 -0.03316028 0.03425
v -0.01229599 -0.03295424 0.03425
v -0.01288053 -0.03359561 0.03424999
v -0.01268349 -0.03348921 0.03425
v -0.01225633 -0.03273385 0.03425
v -0.0122667 -0.03251017 0.03425
v -0.01232658 -0.03229439 0.03425
v -0.01554947 -0.02027844 0.01224994
v -0.01694083 -0.0208389 0.01224993
v -0.01710712 -0.02042609 0.01219979
v -0.01571576 -0.01986564 0.0121998
v -0.01726506 -0.02003398 0.01205187
v -0.0158737 -0.01947353 0.01205188
v -0.01740674 -0.01968223 0.01181359
v -0.016278 -0.01846981 0.01069497
v -0.0176141 -0.01916747 0.01111769
v -0.01766936 -0.01903027 0.01069497
v -0.01622273 -0.01860701 0.0111177
v -0.01752507 -0.01938849 0.01149691
v -0.01613372 -0.01882803 0.01149691
v -0.01601539 -0.01912178 0.0118136
v -0.01694099 -0.02083884 0.03424993
v -0.01554963 -0.02027838 0.03424994
v -0.01571593 -0.01986557 0.03430008
v -0.01601555 -0.01912172 0.03468627
v -0.01587386 -0.01947347 0.034448
v -0.01740691 -0.01968217 0.03468627
v -0.01710728 -0.02042603 0.03430007
v -0.01726522 -0.02003392 0.03444799
v 0.01045808 -0.00341014 -0.00309991
v 0.00970703 -0.00517435 -0.00309991
v 0.00970704 -0.00517436 -0.00459991
v 0.01045809 -0.00341014 -0.00459991
v 0.00711898 -0.00347667 -0.00459994
v 0.00727512 -0.003293 -0.00459994
v 0.00711897 -0.00347667 -0.00309994
v 0.00727511 -0.003293 -0.00309994
v 0.00866105 -0.00678135 -0.00309992
v 0.00866106 -0.00678135 -0.00459992
v 0.00738277 -0.0030773 -0.00459994
v 0.00738276 -0.00307729 -0.00309994
v 0.0073519 -0.0081823 -0.00309992
v 0.00735191 -0.0081823 -0.00459992
v 0.00692342 -0.00361765 -0.00459994
v 0.00669981 -0.00370772 -0.00459994
v 0.0066998 -0.00370772 -0.00309994
v 0.00692341 -0.00361764 -0.00309994
v 0.00646114 -0.00374166 -0.00459994
v 0.00622128 -0.0037175 -0.00459994
v 0.00646113 -0.00374166 -0.00309994
v 0.00622127 -0.00371749 -0.00309994
v 0.00355755 -0.00682846 -0.00309995
v 0.00581937 -0.00933463 -0.00309993
v 0.00581938 -0.00933463 -0.00459993
v 0.00355756 -0.00682846 -0.00459995
v 0.00360551 -0.00635224 -0.00309996
v 0.00361044 -0.00659326 -0.00309996
v 0.00361045 -0.00659327 -0.00459996
v 0.00360553 -0.00635224 -0.00459996
v 0.00329376 -0.00722784 -0.00459996
v 0.00344991 -0.00704417 -0.00459995
v 0.00263592 -0.00749283 -0.00459996
v 0.00287459 -0.00745889 -0.00459996
v 0.00309821 -0.00736881 -0.00459996
v 0.00329375 -0.00722784 -0.00309996
v 0.00344989 -0.00704417 -0.00309996
v 0.00263591 -0.00749283 -0.00309996
v 0.00287458 -0.00745888 -0.00309996
v 0.0030982 -0.00736881 -0.00309996
v 0.00354306 -0.0061194 -0.00459996
v 0.00354305 -0.0061194 -0.00309996
v 0.00342668 -0.00590827 -0.00309996
v 0.00599415 -0.00363663 -0.00309995
v 0.005793 -0.00350377 -0.00309995
v 0.00342669 -0.00590828 -0.00459996
v 0.00326318 -0.00573113 -0.00459996
v 0.00579301 -0.00350378 -0.00459995
v 0.00326317 -0.00573113 -0.00309996
v 0.00599417 -0.00363664 -0.00459995
v 0.00283492 -0.00551741 -0.00459996
v 0.00306202 -0.00559827 -0.00459996
v 0.00283491 -0.00551741 -0.00309996
v 0.00306201 -0.00559827 -0.00309996
v 0.00743074 -0.00260107 -0.00459994
v 0.01089137 -0.00154231 -0.00459992
v 0.00708839 -0.00197997 -0.00459994
v 0.01099373 0.00037238 -0.00459992
v 0.00743073 -0.00260107 -0.00309994
v 0.01089136 -0.00154231 -0.00309992
v 0.01099372 0.00037238 -0.00309992
v 0.00708838 -0.00197996 -0.00309994
v 0.01076203 0.00227576 -0.00309993
v 0.01076204 0.00227576 -0.00459993
v 0.00732748 0.00206431 -0.00459995
v 0.00732747 0.00206432 -0.00309995
v 0.00717133 0.00188064 -0.00309995
v 0.00717134 0.00188064 -0.00459995
v 0.00743565 -0.00284209 -0.00309994
v 0.00736828 -0.00236823 -0.00459994
v 0.00743566 -0.0028421 -0.00459994
v 0.0072519 -0.0021571 -0.00309994
v 0.00725191 -0.00215711 -0.00459994
v 0.00736827 -0.00236823 -0.00309994
v 0.00688722 -0.0018471 -0.00309994
v 0.00688723 -0.0018471 -0.00459994
v 0.00666013 -0.00176624 -0.00459995
v 0.0065135 0.00161565 -0.00459996
v 0.00675217 0.00164959 -0.00459995
v 0.00651348 0.00161566 -0.00309996
v 0.00666012 -0.00176624 -0.00309995
v 0.00675216 0.0016496 -0.00309995
v 0.00697577 0.00173967 -0.00309995
v 0.00697578 0.00173967 -0.00459995
v 0.00551312 -0.0031155 -0.00309995
v 0.00545066 -0.00288267 -0.00459995
v 0.00545065 -0.00288266 -0.00309995
v 0.00551313 -0.00311551 -0.00459995
v 0.0056295 -0.00332663 -0.00459995
v 0.00562949 -0.00332663 -0.00309995
v 0.00595799 -0.00186609 -0.00459995
v 0.0061816 -0.00177602 -0.00459995
v 0.00595798 -0.00186609 -0.00309995
v 0.00618158 -0.00177602 -0.00309995
v 0.00642027 -0.00174208 -0.00459995
v 0.00642026 -0.00174208 -0.00309995
v 0.00576242 -0.00200707 -0.00459995
v 0.00576241 -0.00200706 -0.00309995
v 0.00544574 -0.00264164 -0.00459995
v 0.00544572 -0.00264164 -0.00309995
v 0.00549864 -0.00240644 -0.00459995
v 0.00549863 -0.00240644 -0.00309995
v 0.00560628 -0.00219074 -0.00459995
v 0.00560627 -0.00219074 -0.00309995
v 0.00271315 -0.00293923 -0.00459997
v 0.00271314 -0.00293923 -0.00309997
v 0.00333771 -0.00220453 -0.00459997
v 0.0033377 -0.00220453 -0.00309997
v 0.00397989 -0.00040092 -0.00459997
v 0.00397988 -0.00040092 -0.00309997
v 0.00396018 0.00056318 -0.00309997
v 0.00604651 0.00172068 -0.00309996
v 0.00627363 0.00163982 -0.00309996
v 0.00627364 0.00163981 -0.00459996
v 0.00604652 0.00172067 -0.00459996
v 0.00396019 0.00056317 -0.00459997
v 0.0037683 -0.00134171 -0.00459997
v 0.00376829 -0.00134171 -0.00309997
v 0.00239605 -0.00746866 -0.00309996
v 0.00216894 -0.0073878 -0.00309996
v 0.00216895 -0.00738781 -0.00459996
v 0.00239606 -0.00746867 -0.00459996
v 0.0019678 -0.00725494 -0.00459997
v 0.00180428 -0.0070778 -0.00459997
v 0.00196779 -0.00725494 -0.00309997
v 0.00180427 -0.0070778 -0.00309997
v 0.00168792 -0.00686668 -0.00459997
v 0.0016879 -0.00686667 -0.00309997
v -0.00272139 -0.00744047 -0.0046
v -0.00248272 -0.00740653 -0.0046
v -0.0022591 -0.00731646 -0.0046
v -0.00225911 -0.00731645 -0.0031
v -0.00248273 -0.00740653 -0.0031
v -0.00272141 -0.00744047 -0.0031
v -0.00206355 -0.00717549 -0.00459999
v -0.00206356 -0.00717548 -0.00309999
v 0.00162052 -0.00639281 -0.00459997
v 0.00167342 -0.00615761 -0.00459997
v 0.00162051 -0.00639281 -0.00309997
v 0.00167341 -0.00615761 -0.00309997
v 0.00162545 -0.00663384 -0.00459997
v 0.00162544 -0.00663383 -0.00309997
v 0.00178106 -0.00594191 -0.00309997
v 0.00193721 -0.00575823 -0.00459997
v 0.0019372 -0.00575823 -0.00309997
v 0.00178107 -0.00594191 -0.00459997
v 0.00213277 -0.00561726 -0.00459997
v 0.00213276 -0.00561726 -0.00309997
v 0.00235638 -0.00552719 -0.00459997
v 0.00193091 -0.00350311 -0.00459998
v 0.00259506 -0.00549325 -0.00459997
v 0.00103645 -0.00386341 -0.00459998
v 0.0019309 -0.00350311 -0.00309998
v 0.00235637 -0.00552719 -0.00309997
v 0.00259505 -0.00549324 -0.00309997
v 0.00103644 -0.0038634 -0.00309998
v -0.00175179 -0.00629989 -0.00459999
v -0.00174685 -0.00654091 -0.00459999
v -0.00179976 -0.00677611 -0.00459999
v -0.00190741 -0.00699181 -0.00459999
v -0.00174686 -0.0065409 -0.00309999
v -0.00179977 -0.0067761 -0.00309999
v -0.00190742 -0.00699181 -0.00309999
v -0.0017518 -0.00629988 -0.00309999
v 8.177E-05 -0.00399918 -0.00459999
v 8.176E-05 -0.00399917 -0.00309999
v -0.00181426 -0.00606704 -0.0031
v -0.00181425 -0.00606705 -0.0046
v -0.00193062 -0.00585592 -0.0046
v -0.00087767 -0.00390253 -0.00459999
v -0.00209414 -0.00567878 -0.0046
v -0.0022953 -0.00554591 -0.0031
v -0.00209415 -0.00567877 -0.0031
v -0.00229529 -0.00554592 -0.0046
v -0.00193063 -0.00585591 -0.0031
v -0.00087768 -0.00390252 -0.0031
v -0.00296125 -0.00741631 -0.0046
v -0.00296126 -0.00741631 -0.0031
v -0.00355304 -0.00702544 -0.00310001
v -0.00366941 -0.00681432 -0.00460001
v -0.00366942 -0.00681431 -0.00310001
v -0.00355303 -0.00702544 -0.00460001
v -0.00373187 -0.00658148 -0.00460001
v -0.00373188 -0.00658147 -0.00310001
v -0.00318835 -0.00733545 -0.0046
v -0.00318836 -0.00733544 -0.0031
v -0.00338951 -0.00720258 -0.0046
v -0.00338952 -0.00720258 -0.0031
v -0.00322455 -0.00556491 -0.00460001
v -0.00300094 -0.00547483 -0.00460001
v -0.00322456 -0.0055649 -0.00310001
v -0.00300095 -0.00547483 -0.00310001
v -0.0025224 -0.00546505 -0.0046
v -0.00252241 -0.00546505 -0.0031
v -0.00276226 -0.00544089 -0.0046
v -0.00276228 -0.00544089 -0.0031
v -0.00357625 -0.00588955 -0.00460001
v -0.00342011 -0.00570588 -0.00460001
v -0.00357626 -0.00588955 -0.00310001
v -0.00342012 -0.00570587 -0.00310001
v -0.00368389 -0.00610526 -0.00460001
v -0.0036839 -0.00610525 -0.00310001
v -0.00373679 -0.00634045 -0.00460001
v -0.0037368 -0.00634045 -0.00310001
v -0.00178611 -0.00357908 -0.0046
v -0.00178612 -0.00357908 -0.0031
v -0.00259073 -0.00304762 -0.00310001
v -0.00259072 -0.00304763 -0.00460001
v -0.00565857 -0.0031666 -0.00460003
v -0.00565858 -0.00316659 -0.00310003
v -0.00324478 -0.00233906 -0.00460002
v -0.00555092 -0.00295089 -0.00460003
v -0.00324479 -0.00233906 -0.00310002
v -0.00555093 -0.00295089 -0.00310003
v -0.00581471 -0.00335027 -0.00460003
v -0.00601028 -0.00349124 -0.00460003
v -0.00693953 -0.00351023 -0.00460004
v -0.00671243 -0.0035911 -0.00460004
v -0.00623389 -0.00358132 -0.00460004
v -0.00647256 -0.00361526 -0.00460004
v -0.00601029 -0.00349124 -0.00310003
v -0.00581472 -0.00335027 -0.00310003
v -0.00647257 -0.00361525 -0.00310004
v -0.00693954 -0.00351023 -0.00310004
v -0.00671244 -0.00359109 -0.00310004
v -0.0062339 -0.00358131 -0.00310004
v -0.00550295 -0.00247467 -0.00460003
v -0.00371026 -0.00149456 -0.00460002
v -0.00549803 -0.00271569 -0.00460003
v -0.00556542 -0.00224183 -0.00460003
v -0.0056818 -0.00203071 -0.00460004
v -0.00550296 -0.00247467 -0.00310003
v -0.00549804 -0.00271569 -0.00310003
v -0.00371028 -0.00149455 -0.00310002
v -0.00556543 -0.00224183 -0.00310003
v -0.00568181 -0.0020307 -0.00310004
v -0.00396012 -0.0005632 -0.00460003
v -0.00604646 -0.0017207 -0.00460004
v -0.00397983 0.0004009 -0.00460003
v -0.0058453 -0.00185356 -0.00460004
v -0.00604647 -0.0017207 -0.00310004
v -0.00396013 -0.00056319 -0.00310003
v -0.00397984 0.0004009 -0.00310003
v -0.00584531 -0.00185356 -0.00310004
v -0.00651343 -0.00161568 -0.00460004
v -0.00627356 -0.00163984 -0.00460004
v -0.00651344 -0.00161567 -0.00310004
v -0.00627357 -0.00163983 -0.00310004
v 0.01020335 0.00410999 -0.00309994
v 0.01020336 0.00410999 -0.00459994
v 0.0074831 0.00275624 -0.00459995
v 0.00742064 0.00298908 -0.00459995
v 0.00748803 0.00251522 -0.00459995
v 0.00743512 0.00228002 -0.00459995
v 0.00743511 0.00228002 -0.00309995
v 0.00748802 0.00251522 -0.00309995
v 0.00748309 0.00275624 -0.00309995
v 0.00742063 0.00298908 -0.00309995
v 0.00730427 0.0032002 -0.00459995
v 0.00933465 0.00581934 -0.00459995
v 0.00933464 0.00581934 -0.00309995
v 0.00730425 0.00320021 -0.00309995
v 0.00714074 0.00337735 -0.00309996
v 0.00693958 0.00351021 -0.00309996
v 0.00714075 0.00337735 -0.00459996
v 0.00693959 0.00351021 -0.00459996
v 0.00671248 0.00359107 -0.00459996
v 0.00647263 0.00361523 -0.00459996
v 0.00818232 0.00735187 -0.00459996
v 0.00647261 0.00361524 -0.00309996
v 0.00671247 0.00359107 -0.00309996
v 0.00818231 0.00735187 -0.00309996
v 0.00601034 0.00349122 -0.00459997
v 0.00623395 0.00358129 -0.00459996
v 0.00601033 0.00349122 -0.00309997
v 0.00623394 0.00358129 -0.00309996
v 0.00373686 0.00634043 -0.00459999
v 0.00373685 0.00634043 -0.00309999
v 0.00584537 0.00185354 -0.00459996
v 0.00568186 0.00203068 -0.00459996
v 0.00371033 0.00149453 -0.00459998
v 0.00556548 0.00224181 -0.00459997
v 0.00550302 0.00247465 -0.00459997
v 0.00584536 0.00185354 -0.00309996
v 0.00568184 0.00203068 -0.00309996
v 0.00556547 0.00224181 -0.00309996
v 0.00371032 0.00149454 -0.00309998
v 0.00550301 0.00247465 -0.00309997
v 0.00549809 0.00271567 -0.00459997
v 0.005551 0.00295087 -0.00459997
v 0.00549808 0.00271567 -0.00309997
v 0.00555099 0.00295087 -0.00309997
v 0.00565864 0.00316657 -0.00459997
v 0.00581478 0.00335025 -0.00459997
v 0.00565863 0.00316658 -0.00309997
v 0.00581477 0.00335025 -0.00309997
v 0.00324484 0.00233904 -0.00309998
v 0.00324485 0.00233904 -0.00459998
v 0.00259078 0.00304761 -0.00309999
v 0.00259079 0.0030476 -0.00459999
v 0.00368396 0.00610523 -0.00459999
v 0.00342017 0.00570585 -0.00459999
v 0.00357631 0.00588953 -0.00459999
v 0.00322461 0.00556488 -0.00459999
v 0.00342016 0.00570586 -0.00309999
v 0.0035763 0.00588953 -0.00309999
v 0.0032246 0.00556489 -0.00309999
v 0.00368395 0.00610524 -0.00309999
v 0.00276231 0.00544087 -0.00309999
v 0.00300099 0.00547481 -0.00309999
v 0.003001 0.00547481 -0.00459999
v 0.00276232 0.00544087 -0.00459999
v 0.00178616 0.00357906 -0.0031
v 0.00178617 0.00357906 -0.0046
v 0.00252246 0.00546503 -0.0046
v 0.00229536 0.00554589 -0.0046
v 0.00252245 0.00546503 -0.0031
v 0.00229535 0.00554589 -0.0031
v 0.0020942 0.00567875 -0.0046
v 0.00087774 0.0039025 -0.0046
v 0.00193068 0.00585589 -0.0046
v 0.00209419 0.00567876 -0.0031
v 0.00087773 0.00390251 -0.0031
v 0.00193067 0.0058559 -0.0031
v 0.00678138 0.00866102 -0.00459997
v 0.00678136 0.00866102 -0.00309997
v 0.00373193 0.00658145 -0.00459999
v 0.00366947 0.00681429 -0.00459999
v 0.00355309 0.00702542 -0.00459999
v 0.00366945 0.0068143 -0.00309999
v 0.00373192 0.00658146 -0.00309999
v 0.00355308 0.00702542 -0.00309999
v 0.00517438 0.009707 -0.00459999
v 0.00517437 0.00970701 -0.00309999
v 0.00338957 0.00720256 -0.00309999
v 0.00338958 0.00720256 -0.00459999
v 0.00318843 0.00733542 -0.0046
v 0.00318842 0.00733543 -0.0031
v 0.00296132 0.00741629 -0.0046
v 0.00296131 0.00741629 -0.0031
v 0.00181431 0.00606702 -0.0046
v 0.00175186 0.00629986 -0.0046
v 0.0018143 0.00606702 -0.0031
v 0.00175184 0.00629986 -0.0031
v 0.00174693 0.00654088 -0.0046
v 0.00174692 0.00654089 -0.0031
v 0.00225917 0.00731643 -0.0046
v 0.00248279 0.00740651 -0.0046
v 0.00225916 0.00731644 -0.0031
v 0.00248278 0.00740651 -0.0031
v 0.00272145 0.00744045 -0.0046
v 0.00272144 0.00744045 -0.0031
v 0.00179981 0.00677609 -0.0031
v 0.00190747 0.00699179 -0.0046
v 0.00190746 0.00699179 -0.0031
v 0.00179982 0.00677608 -0.0046
v 0.00206361 0.00717546 -0.0046
v 0.0020636 0.00717546 -0.0031
v 0.00341016 0.01045805 -0.0046
v 0.00341015 0.01045805 -0.0031
v 0.00154232 0.01089133 -0.00310002
v 0.00154234 0.01089133 -0.00460002
v -8.171E-05 0.00399916 -0.00310001
v -8.17E-05 0.00399915 -0.00460001
v -0.0010364 0.00386339 -0.00310002
v -0.00103639 0.00386338 -0.00460002
v -0.00167335 0.00615759 -0.00460003
v -0.00167336 0.00615759 -0.00310003
v -0.001781 0.00594188 -0.00460003
v -0.00193714 0.00575821 -0.00460003
v -0.00213271 0.00561724 -0.00460003
v -0.00235632 0.00552716 -0.00460003
v -0.00193084 0.00350309 -0.00460002
v -0.00193716 0.00575821 -0.00310003
v -0.00178101 0.00594189 -0.00310003
v -0.00193085 0.00350309 -0.00310002
v -0.00213272 0.00561724 -0.00310003
v -0.00271308 0.00293921 -0.00460003
v -0.00283484 0.00551739 -0.00460004
v -0.00306196 0.00559825 -0.00460004
v -0.00259499 0.00549322 -0.00460003
v -0.00306197 0.00559825 -0.00310004
v -0.00271309 0.00293921 -0.00310003
v -0.00283485 0.00551739 -0.00310004
v -0.00235633 0.00552717 -0.00310003
v -0.002595 0.00549323 -0.00310003
v -0.00376823 0.00134169 -0.00460003
v -0.00376824 0.00134169 -0.00310003
v -0.00333766 0.00220451 -0.00310003
v -0.00333765 0.00220451 -0.00460003
v -0.00544568 0.00264162 -0.00310005
v -0.00549858 0.00240642 -0.00310005
v -0.00560622 0.00219071 -0.00460005
v -0.00549857 0.00240642 -0.00460005
v -0.00560623 0.00219072 -0.00310005
v -0.00544567 0.00264162 -0.00460005
v -0.00576236 0.00200704 -0.00460005
v -0.00576237 0.00200704 -0.00310005
v -0.00618155 0.001776 -0.00310005
v -0.00595791 0.00186607 -0.00460005
v -0.00595792 0.00186607 -0.00310005
v -0.00618154 0.001776 -0.00460005
v -0.00666007 0.00176622 -0.00310005
v -0.00642022 0.00174206 -0.00310005
v -0.00642021 0.00174205 -0.00460005
v -0.0067521 -0.00164962 -0.00460004
v -0.00666006 0.00176622 -0.00460005
v -0.00675211 -0.00164961 -0.00310004
v -0.00688717 0.00184708 -0.00460005
v -0.00688718 0.00184708 -0.00310005
v -0.00708832 0.00197994 -0.00460006
v -0.00708833 0.00197995 -0.00310006
v -0.00551307 0.00311548 -0.00460005
v -0.00562943 0.00332661 -0.00460005
v -0.0054506 0.00288264 -0.00460005
v -0.00551308 0.00311548 -0.00310005
v -0.00545061 0.00288264 -0.00310005
v -0.00562944 0.00332661 -0.00310005
v -0.00579295 0.00350375 -0.00460005
v -0.00599411 0.00363661 -0.00460005
v -0.00342662 0.00590825 -0.00460004
v -0.003543 0.00611938 -0.00460004
v -0.00622121 0.00371747 -0.00460006
v -0.00360547 0.00635222 -0.00460004
v -0.0032631 0.00573111 -0.00460004
v -0.00646106 0.00374164 -0.00460006
v -0.00326311 0.00573112 -0.00310004
v -0.00599412 0.00363662 -0.00310005
v -0.00579296 0.00350375 -0.00310005
v -0.00342663 0.00590826 -0.00310004
v -0.00354301 0.00611938 -0.00310004
v -0.00622122 0.00371748 -0.00310005
v -0.00360548 0.00635222 -0.00310004
v -0.00646107 0.00374164 -0.00310006
v -0.00711892 0.00347665 -0.00310006
v -0.00692336 0.00361762 -0.00460006
v -0.00692337 0.00361762 -0.00310006
v -0.00727505 0.00329298 -0.00460006
v -0.00711891 0.00347665 -0.00460006
v -0.00727506 0.00329298 -0.00310006
v -0.00669974 0.0037077 -0.00460006
v -0.00669975 0.0037077 -0.00310006
v -0.00162046 0.00639279 -0.00460003
v -0.00168785 0.00686665 -0.00460003
v -0.00180422 0.00707778 -0.00460003
v -0.00162538 0.00663381 -0.00460003
v -0.00162047 0.00639279 -0.00310003
v -0.00180423 0.00707778 -0.00310003
v -0.00168786 0.00686665 -0.00310003
v -0.00162539 0.00663381 -0.00310003
v -0.0021689 0.00738779 -0.00310004
v -0.00196773 0.00725492 -0.00460003
v -0.00196774 0.00725492 -0.00310003
v -0.00216889 0.00738778 -0.00460004
v -0.002396 0.00746865 -0.00310004
v -0.00239599 0.00746864 -0.00460004
v -0.00037236 0.01099368 -0.00460003
v -0.00037237 0.01099369 -0.00310003
v -0.00263586 0.0074928 -0.00460004
v -0.00227574 0.010762 -0.00460005
v -0.00227575 0.010762 -0.00310005
v -0.00263587 0.00749281 -0.00310004
v -0.00287453 0.00745886 -0.00460004
v -0.00287454 0.00745887 -0.00310004
v -0.00309814 0.00736879 -0.00460004
v -0.00309815 0.00736879 -0.00310004
v -0.00361039 0.00659324 -0.00460004
v -0.0036104 0.00659325 -0.00310004
v -0.00355748 0.00682844 -0.00460004
v -0.00355749 0.00682844 -0.00310004
v -0.00344985 0.00704414 -0.00460004
v -0.00344986 0.00704415 -0.00310004
v -0.0032937 0.00722782 -0.00460004
v -0.00329372 0.00722782 -0.00310004
v -0.00410996 0.01020332 -0.00460006
v -0.00410997 0.01020332 -0.00310006
v -0.00714069 -0.00337737 -0.00460004
v -0.00730419 -0.00320023 -0.00460004
v -0.00742057 -0.0029891 -0.00460005
v -0.0071407 -0.00337737 -0.00310004
v -0.0073042 -0.00320022 -0.00310004
v -0.00742058 -0.0029891 -0.00310005
v -0.00748303 -0.00275626 -0.00460005
v -0.00748305 -0.00275626 -0.00310005
v -0.02498041 0.0017965 -0.00460019
v -0.02358906 0.00235696 -0.00310018
v -0.02379547 0.00227381 -0.00307511
v -0.02399152 0.00219484 -0.00300115
v -0.02449339 0.00199269 -0.0023227
v -0.02431428 0.00206484 -0.00272367
v -0.02442478 0.00202032 -0.00253407
v -0.0241674 0.002124 -0.00288201
v -0.02451665 0.00198332 -0.00210018
v -0.02518681 0.00171336 -0.00457512
v -0.02538287 0.00163438 -0.00450116
v -0.02588473 0.00143223 -0.00382271
v -0.02581613 0.00145987 -0.00403407
v -0.02570562 0.00150438 -0.00422368
v -0.02590799 0.00142286 -0.00360019
v -0.02555874 0.00156354 -0.00438202
v -0.02590809 0.0014229 0.01024981
v -0.02451674 0.00198336 0.01024982
v -0.00697571 -0.00173969 -0.00460005
v -0.00697572 -0.00173969 -0.00310005
v -0.00717127 -0.00188066 -0.00460005
v -0.00717128 -0.00188066 -0.00310005
v -0.00732743 -0.00206433 -0.00310005
v -0.00732742 -0.00206434 -0.00460005
v -0.00743507 -0.00228004 -0.00460005
v -0.00743508 -0.00228004 -0.00310005
v -0.00748795 -0.00251524 -0.00460005
v -0.00748796 -0.00251523 -0.00310005
v -0.00743067 0.00260105 -0.00460006
v -0.0073682 0.00236821 -0.00460006
v -0.00725184 0.00215708 -0.00460006
v -0.00736822 0.00236821 -0.00310006
v -0.00725185 0.00215709 -0.00310006
v -0.00738271 0.00307728 -0.00310006
v -0.0073827 0.00307727 -0.00460006
v -0.0074356 0.00284207 -0.00460006
v -0.00743561 0.00284208 -0.00310006
v -0.00743068 0.00260105 -0.00310006
v -0.02467977 0.0023881 0.01149679
v -0.02459074 0.00216708 0.01111758
v -0.02453547 0.00202987 0.01069486
v -0.0259821 0.00160662 0.01111757
v -0.02607114 0.00182764 0.01149679
v -0.02592683 0.00146942 0.01069485
v -0.02618946 0.00212139 0.01181347
v -0.02467994 0.00238816 0.03500284
v -0.01613389 -0.01882797 0.03500295
v -0.02479827 0.00268191 0.03468615
v -0.02493979 0.00303359 0.01205175
v -0.0247981 0.00268184 0.01181347
v -0.02509789 0.00342576 0.03429995
v -0.02493995 0.00303365 0.03444787
v -0.02526418 0.00383857 0.0342498
v -0.02509773 0.0034257 0.01219966
v -0.02526402 0.00383851 0.01224981
v -0.02322039 -0.03937778 0.02391306
v -0.02309336 -0.03932661 0.02371466
v -0.0248889 -0.04004985 0.02819968
v -0.02544937 -0.03865849 0.02819967
v -0.02378085 -0.03798642 0.02391305
v -0.02365381 -0.03793525 0.02371466
v -0.02301407 -0.03929467 0.02348926
v -0.02357452 -0.03790331 0.02348925
v -0.02512219 -0.04014382 0.0288628
v -0.02499516 -0.04009265 0.0286644
v -0.02547631 -0.03866934 0.02843898
v -0.02555562 -0.03870129 0.02866439
v -0.02568264 -0.03875245 0.02886279
v -0.02585001 -0.03881987 0.02902265
v -0.02604803 -0.03889963 0.02913468
v -0.02528957 -0.04021124 0.02902266
v -0.02548756 -0.04029099 0.02913469
v -0.02491586 -0.04006071 0.02843899
v -0.01752524 -0.01938842 0.03500295
v -0.01761428 -0.0191674 0.03538216
v -0.01622291 -0.01860695 0.03538216
v -0.01766954 -0.0190302 0.03580488
v -0.01627818 -0.01846974 0.03580489
v -0.01768829 -0.01898368 0.03624992
v -0.01629692 -0.01842323 0.03624993
v -0.01536944 -0.01804955 0.04959994
v 0.00410964 -0.01020319 0.04960006
v 0.00410962 -0.01020319 0.05110006
v -0.01676082 -0.01861001 0.05109993
v -0.01629701 -0.01842319 0.04859993
v -0.01768839 -0.01898365 0.05009992
v -0.01627375 -0.01841383 0.04882245
v -0.01620516 -0.01838619 0.04903382
v -0.01609464 -0.01834168 0.04922342
v -0.01594777 -0.01828251 0.04938177
v -0.01577191 -0.01821167 0.0495009
v -0.01557584 -0.0181327 0.04957486
v -0.01748603 -0.01890213 0.05072341
v -0.01766513 -0.01897428 0.05032244
v -0.01733915 -0.01884297 0.05088175
v -0.01716327 -0.01877212 0.05100089
v -0.01696722 -0.01869315 0.05107486
v -0.01759653 -0.01894664 0.05053381
v 0.00970665 -0.00517421 0.04960009
v 0.00727473 -0.00329285 0.04960006
v 0.00738237 -0.00307715 0.04960006
v 0.00711859 -0.00347653 0.04960006
v 0.0104577 -0.00341 0.04960009
v 0.01045769 -0.00340999 0.05110009
v 0.00970664 -0.00517421 0.05110009
v 0.00711858 -0.00347652 0.05110006
v 0.00727472 -0.00329285 0.05110006
v 0.00738236 -0.00307714 0.05110006
v 0.00866066 -0.0067812 0.05110008
v 0.00866067 -0.00678121 0.04960008
v 0.00735152 -0.00818215 0.04960008
v 0.00735151 -0.00818215 0.05110008
v 0.0066994 -0.00370757 0.05110006
v 0.00692301 -0.00361749 0.05110006
v 0.00669941 -0.00370757 0.04960006
v 0.00692302 -0.0036175 0.04960006
v 0.00646074 -0.00374151 0.04960006
v 0.00622088 -0.00371735 0.04960006
v 0.00622087 -0.00371735 0.05110006
v 0.00646073 -0.00374151 0.05110006
v 0.00581898 -0.00933448 0.05110007
v 0.00581899 -0.00933449 0.04960007
v 0.00355715 -0.00682831 0.05110005
v 0.00361005 -0.00659312 0.05110005
v 0.00355716 -0.00682832 0.04960005
v 0.00361006 -0.00659312 0.04960005
v 0.00360513 -0.0063521 0.04960005
v 0.00360512 -0.00635209 0.05110005
v 0.0034495 -0.00704402 0.05110005
v 0.00287419 -0.00745874 0.05110004
v 0.0030978 -0.00736866 0.05110005
v 0.00329336 -0.00722769 0.05110005
v 0.00344951 -0.00704402 0.04960005
v 0.00309781 -0.00736867 0.04960004
v 0.00329337 -0.0072277 0.04960005
v 0.0028742 -0.00745874 0.04960004
v 0.00354265 -0.00611925 0.05110005
v 0.00354267 -0.00611926 0.04960004
v 0.00599376 -0.00363649 0.05110006
v 0.00599377 -0.00363649 0.04960005
v 0.00342629 -0.00590813 0.04960004
v 0.00579261 -0.00350363 0.04960005
v 0.00342628 -0.00590813 0.05110004
v 0.0057926 -0.00350362 0.05110005
v 0.00326278 -0.00573099 0.04960004
v 0.00326277 -0.00573098 0.05110004
v 0.00306163 -0.00559813 0.04960004
v 0.00306162 -0.00559812 0.05110004
v 0.0072515 -0.00215696 0.05110006
v 0.00736787 -0.00236808 0.05110006
v 0.01089097 -0.00154216 0.05110009
v 0.00743035 -0.00260093 0.04960006
v 0.01089098 -0.00154217 0.04960008
v 0.00736788 -0.00236809 0.04960006
v 0.00725151 -0.00215696 0.04960006
v 0.00708799 -0.00197982 0.04960006
v 0.00708798 -0.00197981 0.05110006
v 0.00743034 -0.00260092 0.05110006
v 0.00743527 -0.00284195 0.04960006
v 0.00743526 -0.00284195 0.05110006
v 0.01076164 0.00227591 0.05110008
v 0.01099332 0.00037253 0.05110008
v 0.01099333 0.00037253 0.04960008
v 0.01076165 0.00227591 0.04960007
v 0.00732708 0.00206446 0.05110005
v 0.00732709 0.00206446 0.04960005
v 0.00717094 0.00188079 0.05110005
v 0.00717095 0.00188078 0.04960005
v 0.00697537 0.00173982 0.05110005
v 0.00688683 -0.00184695 0.05110006
v 0.00675176 0.00164974 0.05110005
v 0.00697538 0.00173981 0.04960005
v 0.00688684 -0.00184696 0.04960006
v 0.00675177 0.00164974 0.04960005
v 0.0056291 -0.00332649 0.04960005
v 0.00562909 -0.00332648 0.05110005
v 0.00551272 -0.00311536 0.05110005
v 0.00551273 -0.00311536 0.04960005
v 0.00545026 -0.00288251 0.05110005
v 0.00545027 -0.00288252 0.04960005
v 0.00665973 -0.00176609 0.04960005
v 0.00665972 -0.00176609 0.05110005
v 0.00618119 -0.00177587 0.05110005
v 0.0061812 -0.00177587 0.04960005
v 0.00641986 -0.00174193 0.05110005
v 0.00641987 -0.00174193 0.04960005
v 0.00544533 -0.00264149 0.05110005
v 0.00544534 -0.0026415 0.04960005
v 0.00549823 -0.00240629 0.05110005
v 0.00549824 -0.0024063 0.04960005
v 0.00595758 -0.00186594 0.05110005
v 0.00595759 -0.00186595 0.04960005
v 0.00560589 -0.00219059 0.04960005
v 0.00576203 -0.00200692 0.04960005
v 0.00576202 -0.00200691 0.05110005
v 0.00560588 -0.00219059 0.05110005
v 0.00271275 -0.00293908 0.04960003
v 0.00271274 -0.00293908 0.05110003
v 0.00333732 -0.00220438 0.04960003
v 0.00333731 -0.00220438 0.05110003
v 0.00627324 0.00163996 0.04960004
v 0.0065131 0.0016158 0.04960005
v 0.00627323 0.00163996 0.05110004
v 0.00651309 0.0016158 0.05110005
v 0.00397949 -0.00040077 0.04960003
v 0.0039598 0.00056332 0.04960003
v 0.00604613 0.00172082 0.04960004
v 0.00395978 0.00056332 0.05110003
v 0.00397948 -0.00040077 0.05110003
v 0.00604612 0.00172083 0.05110004
v 0.0037679 -0.00134157 0.04960003
v 0.00376789 -0.00134156 0.05110003
v 0.00239567 -0.00746852 0.04960004
v 0.00263552 -0.00749268 0.04960004
v 0.00216855 -0.00738765 0.05110004
v 0.00239565 -0.00746852 0.05110004
v 0.00263551 -0.00749268 0.05110004
v 0.00216856 -0.00738766 0.04960004
v 0.0019674 -0.0072548 0.04960003
v 0.00196739 -0.00725479 0.05110003
v 0.00180387 -0.00707765 0.05110003
v 0.00168752 -0.00686653 0.04960003
v 0.00168751 -0.00686652 0.05110003
v 0.00180388 -0.00707765 0.04960003
v -0.00248313 -0.00740638 0.0511
v -0.0022595 -0.0073163 0.0511
v -0.0027218 -0.00744032 0.0511
v -0.00248312 -0.00740638 0.04960001
v -0.00225949 -0.00731631 0.04960001
v -0.00272179 -0.00744033 0.0496
v -0.00190781 -0.00699166 0.05110001
v -0.00206394 -0.00717534 0.04960001
v -0.0019078 -0.00699166 0.04960001
v -0.00206396 -0.00717533 0.0511
v 0.00259466 -0.0054931 0.04960003
v 0.00283452 -0.00551726 0.04960004
v 0.00283451 -0.00551726 0.05110004
v 0.00259465 -0.0054931 0.05110003
v 0.00235599 -0.00552704 0.04960003
v 0.00213237 -0.00561712 0.04960003
v 0.00235598 -0.00552704 0.05110003
v 0.00213236 -0.00561711 0.05110003
v 0.00162505 -0.00663368 0.05110003
v 0.00162506 -0.00663369 0.04960003
v 0.00162012 -0.00639266 0.05110003
v 0.00162013 -0.00639267 0.04960003
v 0.00167301 -0.00615746 0.05110003
v 0.00167302 -0.00615747 0.04960003
v 0.00178066 -0.00594176 0.05110003
v 0.00178068 -0.00594176 0.04960003
v 0.00193681 -0.00575808 0.05110003
v 0.00193682 -0.00575809 0.04960003
v 0.00193052 -0.00350297 0.04960002
v 0.00103606 -0.00386326 0.04960002
v 0.00193051 -0.00350296 0.05110002
v 0.00103605 -0.00386326 0.05110002
v -0.00174725 -0.00654076 0.04960001
v -0.00180015 -0.00677596 0.04960001
v -0.00175218 -0.00629974 0.04960001
v -0.00180016 -0.00677596 0.05110001
v -0.00175219 -0.00629973 0.0511
v -0.00174726 -0.00654076 0.05110001
v 8.137E-05 -0.00399903 0.04960001
v 8.136E-05 -0.00399903 0.05110001
v -0.00181466 -0.00606689 0.0511
v -0.00181465 -0.0060669 0.04960001
v -0.00087807 -0.00390238 0.04960001
v -0.00193101 -0.00585577 0.0496
v -0.00209453 -0.00567863 0.0496
v -0.00193102 -0.00585577 0.0511
v -0.00087808 -0.00390238 0.0511
v -0.00209454 -0.00567863 0.0511
v -0.0022957 -0.00554576 0.0511
v -0.00229569 -0.00554577 0.0496
v -0.00296164 -0.00741616 0.0496
v -0.00296165 -0.00741616 0.0511
v -0.0036698 -0.00681417 0.04959999
v -0.00373227 -0.00658133 0.04959999
v -0.00373228 -0.00658133 0.05109999
v -0.00366981 -0.00681417 0.05109999
v -0.00355342 -0.0070253 0.04959999
v -0.00318876 -0.0073353 0.0511
v -0.0033899 -0.00720244 0.0496
v -0.00338991 -0.00720243 0.0511
v -0.00318875 -0.0073353 0.0496
v -0.00355343 -0.00702529 0.05109999
v -0.00276267 -0.00544074 0.0511
v -0.00276266 -0.00544074 0.0496
v -0.0025228 -0.0054649 0.0511
v -0.00300133 -0.00547469 0.04959999
v -0.00252279 -0.0054649 0.0496
v -0.00322494 -0.00556476 0.04959999
v -0.00300134 -0.00547468 0.05109999
v -0.00322495 -0.00556475 0.05109999
v -0.0034205 -0.00570573 0.04959999
v -0.00357665 -0.0058894 0.04959999
v -0.00342052 -0.00570573 0.05109999
v -0.00368428 -0.00610511 0.04959999
v -0.00357666 -0.0058894 0.05109999
v -0.00373718 -0.00634031 0.04959999
v -0.00368429 -0.0061051 0.05109999
v -0.0037372 -0.0063403 0.05109999
v -0.0017865 -0.00357893 0.0496
v -0.00178651 -0.00357893 0.0511
v -0.00259111 -0.00304748 0.04959999
v -0.00259112 -0.00304748 0.05109999
v -0.00565897 -0.00316645 0.04959997
v -0.00565898 -0.00316644 0.05109997
v -0.00324517 -0.00233891 0.04959998
v -0.00324518 -0.00233891 0.05109999
v -0.00555132 -0.00295074 0.04959997
v -0.00555133 -0.00295074 0.05109997
v -0.00581511 -0.00335012 0.04959997
v -0.00601067 -0.0034911 0.04959997
v -0.00647295 -0.00361511 0.04959996
v -0.00623428 -0.00358117 0.04959996
v -0.00671282 -0.00359095 0.04959996
v -0.00693993 -0.00351009 0.04959996
v -0.00581512 -0.00335012 0.05109997
v -0.00601068 -0.00349109 0.05109997
v -0.00671283 -0.00359095 0.05109996
v -0.00623429 -0.00358116 0.05109997
v -0.00647296 -0.00361511 0.05109996
v -0.00693994 -0.00351008 0.05109996
v -0.00549843 -0.00271555 0.04959997
v -0.00550335 -0.00247452 0.04959997
v -0.00371066 -0.00149441 0.04959998
v -0.00556581 -0.00224168 0.04959997
v -0.00568219 -0.00203056 0.04959996
v -0.00550336 -0.00247452 0.05109997
v -0.00371067 -0.00149441 0.05109998
v -0.00549844 -0.00271554 0.05109997
v -0.00556582 -0.00224168 0.05109997
v -0.0056822 -0.00203055 0.05109997
v -0.00604686 -0.00172055 0.05109996
v -0.00584571 -0.00185341 0.05109996
v -0.00396053 -0.00056304 0.05109997
v -0.00584569 -0.00185341 0.04959996
v -0.00396052 -0.00056305 0.04959998
v -0.00604685 -0.00172055 0.04959996
v -0.00398024 0.00040105 0.05109997
v -0.00398023 0.00040104 0.04959997
v -0.00627396 -0.00163969 0.04959996
v -0.00627397 -0.00163969 0.05109996
v -0.00651382 -0.00161553 0.04959996
v -0.00651383 -0.00161552 0.05109996
v 0.01020295 0.00411014 0.05110006
v 0.01020296 0.00411013 0.04960006
v 0.00743472 0.00228017 0.05110005
v 0.00748762 0.00251537 0.05110005
v 0.00748271 0.00275639 0.04960005
v 0.0074827 0.00275639 0.05110005
v 0.00742024 0.00298923 0.04960005
v 0.00743473 0.00228016 0.04960005
v 0.00748763 0.00251536 0.04960005
v 0.00742023 0.00298923 0.05110005
v 0.00730387 0.00320035 0.04960005
v 0.00933426 0.00581948 0.04960005
v 0.00730386 0.00320036 0.05110005
v 0.00933425 0.00581949 0.05110005
v 0.00693918 0.00351036 0.05110004
v 0.00714034 0.0033775 0.05110005
v 0.00714035 0.00337749 0.04960004
v 0.0069392 0.00351036 0.04960004
v 0.00671209 0.00359122 0.04960004
v 0.00818193 0.00735202 0.04960004
v 0.00647223 0.00361538 0.04960004
v 0.00647222 0.00361538 0.05110004
v 0.00671208 0.00359122 0.05110004
v 0.00818192 0.00735202 0.05110004
v 0.00600995 0.00349137 0.04960003
v 0.00623356 0.00358144 0.04960004
v 0.00623355 0.00358144 0.05110004
v 0.00373645 0.00634058 0.05110001
v 0.00600994 0.00349137 0.05110003
v 0.00373646 0.00634058 0.04960001
v 0.00568146 0.00203083 0.04960004
v 0.00370994 0.00149468 0.04960002
v 0.00556509 0.00224195 0.04960003
v 0.00584497 0.00185368 0.04960004
v 0.00550262 0.00247479 0.04960003
v 0.00584496 0.00185369 0.05110004
v 0.00568145 0.00203083 0.05110004
v 0.00556508 0.00224196 0.05110003
v 0.00370993 0.00149468 0.05110002
v 0.00550261 0.0024748 0.05110003
v 0.00549769 0.00271582 0.05110003
v 0.0054977 0.00271582 0.04960003
v 0.0055506 0.00295102 0.04960003
v 0.00555059 0.00295102 0.05110003
v 0.00581437 0.0033504 0.05110003
v 0.00581439 0.00335039 0.04960003
v 0.00565824 0.00316672 0.04960003
v 0.00565823 0.00316672 0.05110003
v 0.00324446 0.00233918 0.04960002
v 0.00324445 0.00233919 0.05110002
v 0.0025904 0.00304775 0.04960001
v 0.00259039 0.00304776 0.05110001
v 0.00368357 0.00610538 0.04960001
v 0.00357592 0.00588967 0.04960001
v 0.00341977 0.005706 0.04960001
v 0.00322422 0.00556503 0.04960001
v 0.0035759 0.00588968 0.05110001
v 0.00368356 0.00610538 0.05110001
v 0.00341976 0.005706 0.05110001
v 0.00322421 0.00556503 0.05110001
v 0.00300059 0.00547496 0.05110001
v 0.00178576 0.00357921 0.0511
v 0.00276192 0.00544102 0.05110001
v 0.00178577 0.0035792 0.04960001
v 0.0030006 0.00547495 0.04960001
v 0.00276193 0.00544101 0.04960001
v 0.00252207 0.00546517 0.04960001
v 0.00229496 0.00554604 0.0496
v 0.00229495 0.00554604 0.0511
v 0.00252206 0.00546518 0.0511
v 0.00087734 0.00390265 0.0496
v 0.00209381 0.0056789 0.0496
v 0.00193029 0.00585604 0.0496
v 0.00087733 0.00390266 0.0511
v 0.0020938 0.0056789 0.0511
v 0.00193028 0.00585605 0.0511
v 0.00678098 0.00866116 0.04960003
v 0.00678097 0.00866117 0.05110003
v 0.00355269 0.00702557 0.05110001
v 0.00366906 0.00681444 0.05110001
v 0.00373152 0.0065816 0.05110001
v 0.00373154 0.0065816 0.04960001
v 0.00366907 0.00681444 0.04960001
v 0.0035527 0.00702557 0.04960001
v 0.00517399 0.00970715 0.04960001
v 0.00517397 0.00970715 0.05110001
v 0.00338918 0.00720271 0.05110001
v 0.00338919 0.00720271 0.04960001
v 0.00296091 0.00741644 0.0511
v 0.00318803 0.00733557 0.04960001
v 0.00318802 0.00733558 0.0511
v 0.00296093 0.00741643 0.0496
v 0.00181391 0.00606717 0.0511
v 0.00181392 0.00606717 0.0496
v 0.00175146 0.00630001 0.0496
v 0.00174653 0.00654103 0.0496
v 0.00174652 0.00654104 0.0511
v 0.00175145 0.00630001 0.0511
v 0.00272106 0.00744059 0.0496
v 0.00225877 0.00731658 0.0511
v 0.00225878 0.00731658 0.0496
v 0.00248238 0.00740666 0.0511
v 0.00248239 0.00740665 0.0496
v 0.00272105 0.0074406 0.0511
v 0.00179943 0.00677623 0.0496
v 0.00190708 0.00699193 0.0496
v 0.00190707 0.00699194 0.0511
v 0.0020632 0.00717561 0.0511
v 0.00206321 0.00717561 0.0496
v 0.00179942 0.00677623 0.0511
v 0.00340977 0.01045819 0.0496
v 0.00340976 0.0104582 0.0511
v 0.00154193 0.01089148 0.05109998
v 0.00154194 0.01089148 0.04959998
v -8.21E-05 0.0039993 0.05109999
v -8.209E-05 0.0039993 0.04959999
v -0.00103679 0.00386354 0.05109998
v -0.00103678 0.00386353 0.04959998
v -0.00167375 0.00615774 0.04959997
v -0.00167376 0.00615774 0.05109997
v -0.00193754 0.00575836 0.04959997
v -0.0017814 0.00594203 0.04959997
v -0.0021331 0.00561739 0.04959997
v -0.00193123 0.00350324 0.04959998
v -0.00235672 0.00552732 0.05109997
v -0.00213311 0.00561739 0.05109997
v -0.00193755 0.00575836 0.05109997
v -0.00178141 0.00594204 0.05109997
v -0.00193124 0.00350324 0.05109998
v -0.00283524 0.00551753 0.04959996
v -0.00259538 0.00549337 0.04959997
v -0.00271347 0.00293935 0.04959998
v -0.00306236 0.00559839 0.04959996
v -0.00235671 0.00552731 0.04959997
v -0.00306237 0.0055984 0.05109996
v -0.00271349 0.00293936 0.05109997
v -0.00283525 0.00551754 0.05109997
v -0.0025954 0.00549337 0.05109997
v -0.00376863 0.00134184 0.04959997
v -0.00376864 0.00134184 0.05109997
v -0.00333804 0.00220465 0.04959997
v -0.00333805 0.00220466 0.05109997
v -0.00576276 0.00200719 0.04959995
v -0.00560662 0.00219086 0.04959995
v -0.00544607 0.00264177 0.05109996
v -0.00549898 0.00240657 0.05109996
v -0.00560663 0.00219087 0.05109996
v -0.00576277 0.00200719 0.05109995
v -0.00549897 0.00240657 0.04959995
v -0.00544606 0.00264177 0.04959995
v -0.00618193 0.00177614 0.04959995
v -0.00595831 0.00186622 0.04959995
v -0.00618194 0.00177615 0.05109995
v -0.00595832 0.00186622 0.05109995
v -0.00688757 0.00184723 0.05109994
v -0.00675251 -0.00164947 0.05109996
v -0.00666047 0.00176637 0.05109995
v -0.00642061 0.0017422 0.05109995
v -0.0067525 -0.00164947 0.04959996
v -0.00688756 0.00184723 0.04959995
v -0.00666045 0.00176636 0.04959995
v -0.0064206 0.0017422 0.04959995
v -0.005451 0.00288279 0.04959995
v -0.00551346 0.00311563 0.04959995
v -0.00562983 0.00332676 0.04959995
v -0.00545101 0.00288279 0.05109995
v -0.00562984 0.00332676 0.05109995
v -0.00551347 0.00311563 0.05109995
v -0.0059945 0.00363676 0.04959995
v -0.00622161 0.00371762 0.04959995
v -0.0035434 0.00611953 0.04959996
v -0.00646146 0.00374178 0.04959995
v -0.00360586 0.00635237 0.04959996
v -0.0032635 0.00573126 0.04959996
v -0.00579334 0.0035039 0.04959995
v -0.00342702 0.0059084 0.04959996
v -0.00599451 0.00363676 0.05109995
v -0.00579336 0.0035039 0.05109995
v -0.00342703 0.0059084 0.05109996
v -0.00326351 0.00573126 0.05109996
v -0.00622162 0.00371763 0.05109994
v -0.00354341 0.00611953 0.05109996
v -0.00360587 0.00635237 0.05109996
v -0.00646147 0.00374179 0.05109994
v -0.00692376 0.00361777 0.05109994
v -0.00692375 0.00361777 0.04959994
v -0.00670014 0.00370785 0.05109994
v -0.0071193 0.0034768 0.04959994
v -0.00670013 0.00370784 0.04959994
v -0.00711931 0.0034768 0.05109994
v -0.00162085 0.00639293 0.04959997
v -0.00162578 0.00663396 0.04959997
v -0.00168824 0.0068668 0.04959997
v -0.00180461 0.00707792 0.04959997
v -0.00162086 0.00639294 0.05109997
v -0.00162579 0.00663396 0.05109997
v -0.00168825 0.0068668 0.05109997
v -0.00180463 0.00707793 0.05109997
v -0.00196814 0.00725507 0.05109997
v -0.00196813 0.00725507 0.04959997
v -0.00216929 0.00738793 0.05109997
v -0.00239639 0.00746879 0.04959996
v -0.00216928 0.00738793 0.04959996
v -0.0023964 0.0074688 0.05109996
v -0.00037276 0.01099383 0.05109997
v -0.00037275 0.01099383 0.04959997
v -0.00227613 0.01076215 0.04959996
v -0.00227614 0.01076215 0.05109996
v -0.00263627 0.00749296 0.05109996
v -0.00263625 0.00749295 0.04959996
v -0.00287494 0.00745901 0.05109996
v -0.00309854 0.00736894 0.04959996
v -0.00287493 0.00745901 0.04959996
v -0.00309855 0.00736894 0.05109996
v -0.00345025 0.00704429 0.05109996
v -0.00345024 0.00704429 0.04959996
v -0.00329411 0.00722797 0.05109996
v -0.00355788 0.00682859 0.04959996
v -0.00361079 0.00659339 0.05109996
v -0.00361078 0.00659339 0.04959996
v -0.00355789 0.00682859 0.05109996
v -0.0032941 0.00722797 0.04959996
v -0.00411037 0.01020347 0.05109994
v -0.00411036 0.01020346 0.04959994
v -0.02607131 0.0018277 0.03500282
v -0.02459092 0.00216714 0.03538205
v -0.02453565 0.00202994 0.03580477
v -0.02451693 0.00198343 0.03624982
v -0.02590828 0.00142297 0.03624981
v -0.02592701 0.00146948 0.03580476
v -0.02598228 0.00160669 0.03538204
v -0.0073046 -0.00320008 0.05109996
v -0.00742098 -0.00298895 0.05109996
v -0.00730459 -0.00320008 0.04959996
v -0.00742096 -0.00298896 0.04959996
v -0.00714109 -0.00337722 0.05109996
v -0.00714108 -0.00337722 0.04959996
v -0.00748344 -0.00275611 0.05109996
v -0.00748343 -0.00275612 0.04959995
v -0.02451702 0.00198346 0.04859982
v -0.02590838 0.00142301 0.05009981
v -0.02358945 0.0023571 0.04959982
v -0.02498082 0.00179665 0.05109981
v -0.02379585 0.00227396 0.04957475
v -0.0239919 0.00219498 0.04950079
v -0.02431465 0.00206498 0.04922331
v -0.02416778 0.00212414 0.04938165
v -0.02442515 0.00202046 0.0490337
v -0.02449376 0.00199283 0.04882234
v -0.02518722 0.00171351 0.05107474
v -0.02538327 0.00163454 0.05100078
v -0.02555915 0.00156369 0.05088164
v -0.02570602 0.00150453 0.0507233
v -0.02581652 0.00146001 0.05053369
v -0.02588513 0.00143238 0.05032233
v -0.00697612 -0.00173954 0.05109996
v -0.0069761 -0.00173954 0.04959996
v -0.00717167 -0.00188051 0.04959995
v -0.00717168 -0.00188051 0.05109996
v -0.00743546 -0.00227989 0.04959995
v -0.00732781 -0.00206419 0.04959995
v -0.00732782 -0.00206419 0.05109995
v -0.00748835 -0.00251509 0.04959995
v -0.00743547 -0.00227989 0.05109995
v -0.00748836 -0.00251509 0.05109995
v -0.00708872 0.00198009 0.04959995
v -0.00725224 0.00215723 0.04959994
v -0.0073686 0.00236836 0.04959994
v -0.00708873 0.00198009 0.05109994
v -0.00743107 0.0026012 0.05109994
v -0.00736861 0.00236836 0.05109994
v -0.00725225 0.00215723 0.05109994
v -0.00743106 0.0026012 0.04959994
v -0.007436 0.00284222 0.04959994
v -0.00743601 0.00284222 0.05109994
v -0.00727546 0.00329313 0.05109994
v -0.00727544 0.00329312 0.04959994
v -0.0073831 0.00307742 0.04959994
v -0.00738311 0.00307742 0.05109994
v -0.03040762 -0.04227294 0.01224989
v -0.03096809 -0.04088157 0.01224989
v -0.02570459 -0.04037848 0.01730747
v -0.0259282 -0.04046855 0.01730747
v -0.02626504 -0.03898712 0.01730746
v -0.02614532 -0.04055601 0.01736516
v -0.02648867 -0.03907719 0.01730746
v -0.02670579 -0.03916465 0.01736515
v -0.02651071 -0.04070319 0.01763705
v -0.02634332 -0.04063576 0.01747719
v -0.02690378 -0.0392444 0.01747718
v -0.02707116 -0.03931182 0.01763704
v -0.02948008 -0.04189929 0.0162499
v -0.02950703 -0.04191015 0.01601058
v -0.02958632 -0.04194209 0.01578518
v -0.02971336 -0.04199326 0.01558677
v -0.02671702 -0.04078629 0.01806085
v -0.02958633 -0.04194209 0.01671462
v -0.02663773 -0.04075435 0.01783545
v -0.02950704 -0.04191015 0.01648922
v -0.03014679 -0.04055072 0.01578517
v -0.03027381 -0.04060189 0.01558677
v -0.02988073 -0.04206068 0.01542691
v -0.03007872 -0.04214044 0.01531488
v -0.03029584 -0.04222789 0.01525719
v -0.03051945 -0.04231796 0.01525718
v -0.03044118 -0.04066931 0.0154269
v -0.03073657 -0.04240542 0.01531488
v -0.03063919 -0.04074907 0.01531487
v -0.03085631 -0.04083653 0.01525718
v -0.02971337 -0.04199325 0.01691302
v -0.03027382 -0.04060189 0.01691301
v -0.02727749 -0.03939493 0.01806085
v -0.03014679 -0.04055072 0.01671462
v -0.02719819 -0.03936299 0.01783544
v -0.0300675 -0.04051879 0.01601057
v -0.03004054 -0.04050793 0.01624989
v -0.0300675 -0.04051879 0.01648921
v -0.02988074 -0.04206067 0.01707288
v -0.03044119 -0.04066931 0.01707287
v -0.03007874 -0.04214043 0.01718491
v -0.0306392 -0.04074907 0.01718491
v -0.03029586 -0.04222789 0.0172426
v -0.03085632 -0.04083652 0.0172426
v -0.03051946 -0.04231796 0.0172426
v -0.02491579 -0.04006074 0.0185395
v -0.02512212 -0.04014384 0.0189633
v -0.02528949 -0.04021126 0.01912316
v -0.02568257 -0.03875248 0.01896329
v -0.02547624 -0.03866937 0.01853949
v -0.02584994 -0.0388199 0.01912315
v -0.02499508 -0.04009267 0.0187649
v -0.02555555 -0.03870131 0.01876489
v -0.02394821 -0.03805384 0.02242695
v -0.0241462 -0.0381336 0.02231491
v -0.02358576 -0.03952496 0.02231492
v -0.02548749 -0.04029102 0.01923519
v -0.02338776 -0.03944521 0.02242695
v -0.02730445 -0.03940579 0.01830016
v -0.02674398 -0.04079715 0.01830017
v -0.02663774 -0.04075435 0.01876489
v -0.02671703 -0.04078629 0.01853948
v -0.0271982 -0.03936299 0.01876489
v -0.02727749 -0.03939493 0.01853948
v -0.02651072 -0.04070318 0.01896329
v -0.02707116 -0.03931182 0.01896329
v -0.02712238 -0.04094956 0.02139102
v -0.02592822 -0.04046855 0.01929288
v -0.02570461 -0.04037848 0.01929289
v -0.02614534 -0.040556 0.01923519
v -0.02763048 -0.04115423 0.02059742
v -0.02634333 -0.04063576 0.01912316
v -0.02604795 -0.03889966 0.01923518
v -0.02626506 -0.03898711 0.01929288
v -0.02648868 -0.03907719 0.01929288
v -0.0267058 -0.03916464 0.01923518
v -0.0269038 -0.0392444 0.01912315
v -0.02768285 -0.0395582 0.02139101
v -0.02380287 -0.03961242 0.02225723
v -0.02402648 -0.03970249 0.02225723
v -0.0242436 -0.03978995 0.02231491
v -0.0244416 -0.03986971 0.02242695
v -0.02458693 -0.03831113 0.02225722
v -0.02480405 -0.03839858 0.02231491
v -0.02436332 -0.03822106 0.02225722
v -0.02500205 -0.03847834 0.02242694
v -0.02529646 -0.03859693 0.0227852
v -0.02473601 -0.03998829 0.02278521
v -0.02516943 -0.03854576 0.0225868
v -0.02460898 -0.03993713 0.02258681
v -0.0248153 -0.04002023 0.02301061
v -0.02484226 -0.04003109 0.02324993
v -0.02537575 -0.03862887 0.0230106
v -0.02680522 -0.04082179 0.02229265
v -0.02669741 -0.04077836 0.02324991
v -0.02540271 -0.03863972 0.02324992
v -0.02725786 -0.039387 0.02324991
v -0.02736567 -0.03943043 0.02229265
v -0.02909199 -0.04174294 0.01950984
v -0.02886045 -0.04003255 0.01995796
v -0.02829999 -0.04142392 0.01995797
v -0.02965245 -0.04035158 0.01950983
v -0.02819095 -0.03976287 0.02059741
v -0.02996046 -0.04209277 0.01927906
v -0.03052091 -0.04070141 0.01927905
v -0.03085491 -0.04245307 0.01927906
v -0.03141536 -0.0410617 0.01927905
v -0.03073658 -0.04240542 0.01718491
v -0.03107993 -0.0409266 0.01724259
v -0.03273987 -0.04159527 0.01241699
v -0.03149503 -0.04109382 0.0154269
v -0.03129703 -0.04101406 0.01531487
v -0.03217942 -0.04298663 0.012417
v -0.03093458 -0.04248518 0.01542691
v -0.03110195 -0.0425526 0.01558677
v -0.0316624 -0.04116124 0.01558676
v -0.03107991 -0.04092661 0.01525718
v -0.03445783 -0.04228728 0.01291325
v -0.03130827 -0.04263571 0.01601057
v -0.03389738 -0.04367864 0.01291325
v -0.03122898 -0.04260376 0.01578517
v -0.03178944 -0.0412124 0.01578516
v -0.03186873 -0.04124434 0.01601056
v -0.03189569 -0.0412552 0.01624988
v -0.03133523 -0.04264656 0.01624989
v -0.03186874 -0.04124434 0.0164892
v -0.03130827 -0.04263571 0.0164892
v -0.03178945 -0.0412124 0.0167146
v -0.03122898 -0.04260376 0.01671461
v -0.03129705 -0.04101405 0.0171849
v -0.03093459 -0.04248518 0.01707287
v -0.03149504 -0.04109381 0.01707287
v -0.03110196 -0.0425526 0.01691301
v -0.03166241 -0.04116123 0.016913
v -0.03409831 -0.04375955 0.01806081
v -0.03503247 -0.04251872 0.01747713
v -0.03523047 -0.04259847 0.0173651
v -0.03447201 -0.04391008 0.01747714
v -0.03467 -0.04398984 0.0173651
v -0.0355093 -0.04432793 0.01372358
v -0.03430464 -0.04384266 0.017637
v -0.0341776 -0.04379149 0.0178354
v -0.03486509 -0.04245129 0.01763699
v -0.03473806 -0.04240013 0.01783539
v -0.03465877 -0.04236818 0.0180608
v -0.03606976 -0.04293657 0.01372358
v -0.03752668 -0.04352342 0.01482336
v -0.03696621 -0.04491479 0.01482337
v -0.03511074 -0.04416737 0.01730741
v -0.03532785 -0.04425482 0.0173651
v -0.03488712 -0.04407729 0.01730741
v -0.03552586 -0.04433458 0.01747713
v -0.03569323 -0.044402 0.01763699
v -0.03625368 -0.04301064 0.01763698
v -0.03608631 -0.04294322 0.01747712
v -0.03567119 -0.042776 0.0173074
v -0.03588831 -0.04286346 0.01736509
v -0.03544758 -0.04268593 0.0173074
v -0.03878431 -0.04403 0.01617917
v -0.03822386 -0.04542137 0.01617918
v -0.03980447 -0.04444093 0.01774983
v -0.03646001 -0.04309374 0.01806079
v -0.03638072 -0.0430618 0.01783538
v -0.03589956 -0.04448511 0.0180608
v -0.03582025 -0.04445317 0.01783539
v -0.03924402 -0.04583229 0.01774984
v -0.03172337 -0.04280289 0.01950982
v -0.03228383 -0.04141153 0.01950981
v -0.03251537 -0.04312192 0.01995794
v -0.03318489 -0.0433916 0.02059739
v -0.03307584 -0.04173055 0.01995794
v -0.03407136 -0.04374869 0.01830013
v -0.03374535 -0.04200023 0.02059738
v -0.03463182 -0.04235733 0.01830012
v -0.03409831 -0.04375955 0.01853944
v -0.03417761 -0.04379149 0.01876485
v -0.03465878 -0.04236818 0.01853943
v -0.03430464 -0.04384265 0.01896325
v -0.03473807 -0.04240013 0.01876484
v -0.0348651 -0.04245129 0.01896324
v -0.03447202 -0.04391007 0.01912311
v -0.033693 -0.04359626 0.02139098
v -0.03511076 -0.04416736 0.01929283
v -0.03488714 -0.04407728 0.01929283
v -0.03467001 -0.04398983 0.01923514
v -0.03523048 -0.04259847 0.01923513
v -0.03425346 -0.04220491 0.02139097
v -0.03503248 -0.04251871 0.0191231
v -0.0354476 -0.04268592 0.01929282
v -0.03588833 -0.04286345 0.01923512
v -0.03552587 -0.04433457 0.0191231
v -0.03608632 -0.04294321 0.01912309
v -0.03532786 -0.04425482 0.01923513
v -0.03567121 -0.042776 0.01929282
v -0.03693426 -0.04328475 0.02242686
v -0.03457064 -0.04233266 0.0222926
v -0.03401019 -0.04372403 0.02229261
v -0.03620643 -0.04460869 0.02258674
v -0.03637381 -0.04467611 0.02242687
v -0.03676689 -0.04321733 0.02258673
v -0.03656057 -0.04313422 0.02301054
v -0.03663986 -0.04316616 0.02278513
v -0.03467846 -0.04237609 0.02324986
v -0.03411801 -0.04376745 0.02324987
v -0.03600012 -0.04452558 0.02301054
v -0.03607941 -0.04455753 0.02278514
v -0.03653361 -0.04312336 0.02324985
v -0.03597316 -0.04451473 0.02324986
v -0.03648697 -0.0431046 0.0183001
v -0.03592651 -0.04449596 0.01830011
v -0.03625369 -0.04301063 0.01896323
v -0.03582026 -0.04445316 0.01876483
v -0.03589957 -0.0444851 0.01853943
v -0.03638073 -0.0430618 0.01876483
v -0.03646002 -0.04309374 0.01853942
v -0.03569324 -0.044402 0.01896324
v -0.03999567 -0.04613505 0.01948761
v -0.04101646 -0.04492911 0.02133969
v -0.04055613 -0.04474369 0.0194876
v -0.04045601 -0.04632047 0.0213397
v -0.03678893 -0.04484333 0.02225715
v -0.03701254 -0.0449334 0.02225715
v -0.03657181 -0.04475587 0.02231484
v -0.03722965 -0.04502086 0.02231483
v -0.03713226 -0.04336451 0.02231483
v -0.03734938 -0.04345196 0.02225714
v -0.03757298 -0.04354204 0.02225714
v -0.0377901 -0.04362949 0.02231483
v -0.03828251 -0.04382784 0.02278512
v -0.03772206 -0.0452192 0.02278513
v -0.03815549 -0.04377667 0.02258672
v -0.03742765 -0.04510061 0.02242687
v -0.03759502 -0.04516803 0.02258673
v -0.0379881 -0.04370925 0.02242686
v -0.03780136 -0.04525114 0.02301053
v -0.03838876 -0.04387064 0.02324984
v -0.03782832 -0.045262 0.02324985
v -0.03836181 -0.04385978 0.02301052
v -0.04061104 -0.04638291 0.02324983
v -0.04117149 -0.04499155 0.02324982
v -0.02394822 -0.03805384 0.02407292
v -0.02358577 -0.03952496 0.02418495
v -0.02414622 -0.03813359 0.02418494
v -0.02338777 -0.0394452 0.02407292
v -0.02380289 -0.03961241 0.02424264
v -0.02436334 -0.03822105 0.02424264
v -0.0240265 -0.03970249 0.02424264
v -0.02473602 -0.03998829 0.02371465
v -0.02481531 -0.04002023 0.02348925
v -0.02529646 -0.03859692 0.02371464
v -0.02537576 -0.03862887 0.02348924
v -0.02458695 -0.03831112 0.02424263
v -0.02424362 -0.03978994 0.02418495
v -0.02480406 -0.03839858 0.02418494
v -0.02500206 -0.03847834 0.02407291
v -0.02444161 -0.0398697 0.02407292
v -0.02460899 -0.03993712 0.02391305
v -0.02516944 -0.03854576 0.02391304
v -0.02512218 -0.04014382 0.02753655
v -0.02528955 -0.04021124 0.02737669
v -0.02548755 -0.040291 0.02726465
v -0.02499515 -0.04009265 0.02773495
v -0.02491586 -0.04006071 0.02796036
v -0.02585 -0.03881988 0.02737668
v -0.02568263 -0.03875246 0.02753654
v -0.02547631 -0.03866935 0.02796035
v -0.02555561 -0.03870129 0.02773494
v -0.02712241 -0.04094955 0.02510881
v -0.02680524 -0.04082179 0.02420718
v -0.02768287 -0.03955819 0.0251088
v -0.02736568 -0.03943042 0.02420717
v -0.02570467 -0.04037846 0.02720696
v -0.02604801 -0.03889964 0.02726465
v -0.02626512 -0.03898709 0.02720695
v -0.02592828 -0.04046853 0.02720696
v -0.02614539 -0.04055598 0.02726465
v -0.02763052 -0.04115422 0.0259024
v -0.02634339 -0.04063574 0.02737668
v -0.02670586 -0.03916462 0.02726464
v -0.02648874 -0.03907716 0.02720695
v -0.02690386 -0.03924438 0.02737668
v -0.02651078 -0.04070316 0.02753654
v -0.02707123 -0.0393118 0.02753653
v -0.02730452 -0.03940576 0.02819966
v -0.02674405 -0.04079712 0.02819966
v -0.02727756 -0.0393949 0.02796034
v -0.0267171 -0.04078627 0.02796035
v -0.02719827 -0.03936297 0.02773494
v -0.0266378 -0.04075433 0.02773494
v -0.02707124 -0.03931179 0.02886278
v -0.02663781 -0.04075432 0.02866439
v -0.02719827 -0.03936296 0.02866438
v -0.0267171 -0.04078627 0.02843898
v -0.02651079 -0.04070316 0.02886279
v -0.02727756 -0.0393949 0.02843897
v -0.02819099 -0.03976285 0.02590239
v -0.02830004 -0.0414239 0.02654184
v -0.0288605 -0.04003254 0.02654184
v -0.02909204 -0.04174292 0.02698997
v -0.02965251 -0.04035156 0.02698996
v -0.03027391 -0.04060186 0.02958677
v -0.02971346 -0.04199322 0.02958678
v -0.02996052 -0.04209275 0.02722073
v -0.03085497 -0.04245304 0.02722073
v -0.03052096 -0.04070139 0.02722072
v -0.03051955 -0.04231793 0.02925719
v -0.03073667 -0.04240538 0.02931487
v -0.03029594 -0.04222785 0.02925719
v -0.02988083 -0.04206064 0.02942691
v -0.03007883 -0.0421404 0.02931488
v -0.03044128 -0.04066928 0.0294269
v -0.03063929 -0.04074903 0.02931487
v -0.03085641 -0.04083649 0.02925718
v -0.03040778 -0.04227287 0.03424989
v -0.03096825 -0.04088151 0.03424988
v -0.02570468 -0.04037845 0.02919238
v -0.0263434 -0.04063573 0.02902265
v -0.02690387 -0.03924437 0.02902264
v -0.02626513 -0.03898709 0.02919237
v -0.02614541 -0.04055598 0.02913469
v -0.02670587 -0.03916462 0.02913468
v -0.02592829 -0.04046852 0.02919238
v -0.02648875 -0.03907716 0.02919237
v -0.02958643 -0.04194205 0.02978518
v -0.02950714 -0.04191011 0.03001058
v -0.02948018 -0.04189925 0.0302499
v -0.02958643 -0.04194205 0.03071462
v -0.02950714 -0.04191011 0.03048922
v -0.02971347 -0.04199322 0.03091302
v -0.0301469 -0.04055069 0.03071462
v -0.03027392 -0.04060185 0.03091301
v -0.0300676 -0.04051875 0.03048921
v -0.03004064 -0.04050789 0.03024989
v -0.03014689 -0.04055069 0.02978517
v -0.0300676 -0.04051875 0.03001058
v -0.03108002 -0.04092656 0.02925718
v -0.03029596 -0.04222785 0.0312426
v -0.03051957 -0.04231792 0.0312426
v -0.03085642 -0.04083649 0.0312426
v -0.03073668 -0.04240538 0.03118491
v -0.03108003 -0.04092656 0.03124259
v -0.03044129 -0.04066927 0.03107288
v -0.03007884 -0.04214039 0.03118491
v -0.0306393 -0.04074903 0.0311849
v -0.02988084 -0.04206064 0.03107288
v -0.03318493 -0.04339158 0.02590237
v -0.03369303 -0.04359625 0.02510877
v -0.03374539 -0.04200022 0.02590236
v -0.03425349 -0.04220489 0.02510876
v -0.03401021 -0.04372402 0.02420713
v -0.03457065 -0.04233266 0.02420713
v -0.03620644 -0.04460869 0.02391298
v -0.03607941 -0.04455752 0.02371458
v -0.03600012 -0.04452558 0.02348918
v -0.03637383 -0.04467611 0.02407284
v -0.03693428 -0.04328475 0.02407284
v -0.0367669 -0.04321733 0.02391297
v -0.03663987 -0.04316616 0.02371458
v -0.03656057 -0.04313422 0.02348917
v -0.03511082 -0.04416734 0.0272069
v -0.03567126 -0.04277597 0.02720689
v -0.03532792 -0.04425479 0.0272646
v -0.03141541 -0.04106168 0.02722072
v -0.03172342 -0.04280287 0.02698995
v -0.03228389 -0.04141151 0.02698994
v -0.03093468 -0.04248514 0.02942691
v -0.03110206 -0.04255256 0.02958677
v -0.03149513 -0.04109378 0.0294269
v -0.03129714 -0.04101402 0.02931487
v -0.03166251 -0.0411612 0.02958676
v -0.03465885 -0.04236815 0.02843893
v -0.03407143 -0.04374866 0.02819962
v -0.03251542 -0.0431219 0.02654182
v -0.03409839 -0.04375952 0.02843893
v -0.03307588 -0.04173053 0.02654181
v -0.03488719 -0.04407727 0.0272069
v -0.03467007 -0.04398981 0.0272646
v -0.03417767 -0.04379146 0.0277349
v -0.03430471 -0.04384263 0.02753649
v -0.03447208 -0.04391005 0.02737663
v -0.03409838 -0.04375952 0.0279603
v -0.03463189 -0.0423573 0.02819961
v -0.03465885 -0.04236816 0.0279603
v -0.03486516 -0.04245127 0.02753649
v -0.03473813 -0.0424001 0.02773489
v -0.03503254 -0.04251869 0.02737663
v -0.03523054 -0.04259844 0.02726459
v -0.03544766 -0.0426859 0.0272069
v -0.03552593 -0.04433455 0.02737663
v -0.03588838 -0.04286343 0.02726459
v -0.0356933 -0.04440197 0.02753649
v -0.03608638 -0.04294319 0.02737662
v -0.03417768 -0.04379146 0.02866434
v -0.03430472 -0.04384263 0.02886274
v -0.03473814 -0.0424001 0.02866433
v -0.03486517 -0.04245126 0.02886273
v -0.03657182 -0.04475586 0.02418487
v -0.03678894 -0.04484332 0.02424256
v -0.03713227 -0.0433645 0.02418486
v -0.03701255 -0.04493339 0.02424256
v -0.03734939 -0.04345196 0.02424256
v -0.03780136 -0.04525114 0.02348917
v -0.03836181 -0.04385978 0.02348916
v -0.03772207 -0.0452192 0.02371457
v -0.03828252 -0.04382784 0.02371456
v -0.037573 -0.04354203 0.02424255
v -0.03722967 -0.04502085 0.02418487
v -0.03779012 -0.04362949 0.02418486
v -0.03759503 -0.04516803 0.02391297
v -0.0381555 -0.04377667 0.02391296
v -0.03742766 -0.04510061 0.02407284
v -0.03798811 -0.04370924 0.02407283
v -0.03582033 -0.04445314 0.02773489
v -0.03638079 -0.04306178 0.02773488
v -0.03625375 -0.04301061 0.02753648
v -0.04055619 -0.04474367 0.02701205
v -0.03999572 -0.04613503 0.02701206
v -0.04045604 -0.04632046 0.02515996
v -0.04101649 -0.0449291 0.02515995
v -0.03648704 -0.04310457 0.0281996
v -0.03592658 -0.04449593 0.02819961
v -0.03646008 -0.04309372 0.02796029
v -0.03589964 -0.04448508 0.02796029
v -0.03625376 -0.04301061 0.02886273
v -0.03582034 -0.04445314 0.02866433
v -0.0363808 -0.04306177 0.02866432
v -0.03569331 -0.04440197 0.02886273
v -0.03589964 -0.04448508 0.02843892
v -0.03646009 -0.04309371 0.02843891
v -0.0392441 -0.04583226 0.02874984
v -0.03980454 -0.0444409 0.02874983
v -0.03122908 -0.04260373 0.02978517
v -0.03178954 -0.04121237 0.02978516
v -0.03130837 -0.04263567 0.03001057
v -0.03133533 -0.04264652 0.03024989
v -0.03186884 -0.04124431 0.03001056
v -0.0318958 -0.04125516 0.03024988
v -0.03130838 -0.04263567 0.03048921
v -0.03122909 -0.04260372 0.03071461
v -0.03178955 -0.04121236 0.03071461
v -0.03186884 -0.0412443 0.0304892
v -0.03110206 -0.04255256 0.03091301
v -0.03166251 -0.04116119 0.030913
v -0.0309347 -0.04248514 0.03107288
v -0.03129715 -0.04101402 0.0311849
v -0.03149515 -0.04109377 0.03107287
v -0.03447209 -0.04391005 0.0290226
v -0.03503256 -0.04251868 0.02902259
v -0.03467009 -0.0439898 0.02913463
v -0.03488721 -0.04407726 0.02919232
v -0.03523055 -0.04259844 0.02913462
v -0.03389753 -0.04367858 0.03358649
v -0.03550944 -0.04432788 0.03277614
v -0.03445798 -0.04228722 0.03358648
v -0.03217958 -0.04298657 0.03408277
v -0.03274003 -0.04159521 0.03408276
v -0.03511083 -0.04416733 0.02919232
v -0.03544767 -0.0426859 0.02919232
v -0.0358884 -0.04286343 0.02913462
v -0.03552594 -0.04433455 0.02902259
v -0.03608639 -0.04294318 0.02902259
v -0.03532793 -0.04425479 0.02913463
v -0.03567128 -0.04277597 0.02919232
v -0.03822397 -0.04542133 0.03032051
v -0.03696634 -0.04491474 0.03167634
v -0.0375268 -0.04352338 0.03167633
v -0.0360699 -0.04293652 0.03277613
v -0.03878441 -0.04402997 0.0303205
v -0.02633115 0.00247314 0.01205174
v -0.0264891 0.00286525 0.01219966
v -0.02665538 0.00327806 0.0122498
v -0.03126979 0.01473361 0.01224973
v -0.02633131 0.0024732 0.03444786
v -0.03043888 0.01668543 0.01224973
v -0.03137618 0.01493065 0.01224973
v -0.03152376 0.01509907 0.01224973
v -0.03170511 0.01523043 0.01224973
v -0.03191115 0.01531814 0.01224973
v -0.0317401 0.01723937 0.01224972
v -0.03152433 0.01729925 0.01224972
v -0.03108024 0.01726996 0.01224973
v -0.03069286 0.01705089 0.01224973
v -0.0308742 0.01718225 0.01224973
v -0.03054527 0.01688247 0.01224973
v -0.03130062 0.01730963 0.01224973
v -0.03235523 0.01534744 0.01224972
v -0.03213153 0.01535781 0.01224972
v -0.032571 0.01528755 0.01224972
v -0.04573857 0.00998355 0.01736488
v -0.05065872 0.00800164 0.01224961
v -0.04554057 0.01006331 0.01747691
v -0.04629902 0.01137492 0.01736487
v -0.05121917 0.00939301 0.0122496
v -0.04610103 0.01145468 0.0174769
v -0.04513992 0.0102247 0.0182999
v -0.04516688 0.01021384 0.01806058
v -0.04537319 0.01013073 0.01763677
v -0.04593366 0.0115221 0.01763676
v -0.04580662 0.01157327 0.01783516
v -0.04572733 0.01160521 0.01806057
v -0.04570037 0.01161606 0.01829989
v -0.04524617 0.0101819 0.01783517
v -0.04334443 0.01094797 0.02278493
v -0.04347147 0.0108968 0.02258653
v -0.0439049 0.01233933 0.02278492
v -0.04403192 0.01228816 0.02258652
v -0.04382561 0.01237127 0.02301033
v -0.04326515 0.01097991 0.02301034
v -0.0432382 0.01099076 0.02324965
v -0.04379865 0.01238213 0.02324965
v -0.04383684 0.01074962 0.02231463
v -0.04363884 0.01082937 0.02242667
v -0.0443973 0.01214098 0.02231463
v -0.0441993 0.01222074 0.02242666
v -0.04595569 0.0098961 0.01730718
v -0.04651614 0.01128746 0.01730717
v -0.04673975 0.01119739 0.01730717
v -0.0461793 0.00980602 0.01730718
v -0.04639642 0.00971857 0.01736487
v -0.04695687 0.01110993 0.01736487
v -0.04659441 0.00963881 0.0174769
v -0.04715488 0.01103017 0.0174769
v -0.0467618 0.00957139 0.01763676
v -0.04732225 0.01096275 0.01763676
v -0.0505249 0.00967269 0.01558648
v -0.04996444 0.00828132 0.01558649
v -0.04973117 0.00837529 0.01624962
v -0.04975813 0.00836443 0.0160103
v -0.04983742 0.00833249 0.01578489
v -0.04696812 0.00948828 0.01806057
v -0.04996445 0.00828133 0.01691274
v -0.04983743 0.00833249 0.01671434
v -0.04688882 0.00952022 0.01783516
v -0.04975813 0.00836443 0.01648893
v -0.05031858 0.0097558 0.01601029
v -0.05039787 0.00972385 0.01578488
v -0.05029162 0.00976665 0.01624961
v -0.05039787 0.00972386 0.01671433
v -0.04744927 0.01091159 0.01783516
v -0.05031858 0.0097558 0.01648892
v -0.04752857 0.01087965 0.01806056
v -0.05052491 0.00967269 0.01691273
v -0.05133101 0.00934798 0.01525689
v -0.05110738 0.00943805 0.01525689
v -0.05069227 0.00960526 0.01542662
v -0.05077055 0.00795661 0.0152569
v -0.05098766 0.00786916 0.01531459
v -0.05089027 0.00952551 0.01531459
v -0.05154811 0.00926052 0.01531458
v -0.05013182 0.0082139 0.01542663
v -0.05054694 0.00804669 0.0152569
v -0.05032982 0.00813414 0.0153146
v -0.05118566 0.0077894 0.01542662
v -0.05135305 0.00772198 0.01558648
v -0.0524305 0.00728795 0.01241671
v -0.0519135 0.00911334 0.01558647
v -0.05174613 0.00918076 0.01542661
v -0.05299097 0.00867931 0.01241671
v -0.05158633 0.00762802 0.0162496
v -0.05155937 0.00763887 0.01601029
v -0.05214677 0.00901938 0.0162496
v -0.05211983 0.00903024 0.01601028
v -0.05148007 0.00767081 0.01578488
v -0.05204052 0.00906218 0.01578487
v -0.05013184 0.0082139 0.0170726
v -0.05032983 0.00813415 0.01718463
v -0.05089028 0.00952551 0.01718462
v -0.0511074 0.00943806 0.01724231
v -0.05069228 0.00960527 0.01707259
v -0.05054695 0.00804669 0.01724232
v -0.05077056 0.00795662 0.01724232
v -0.05204053 0.00906218 0.01671432
v -0.05148008 0.00767082 0.01671433
v -0.05211983 0.00903024 0.01648891
v -0.05155937 0.00763888 0.01648892
v -0.05154813 0.00926053 0.01718462
v -0.05098768 0.00786916 0.01718462
v -0.05174614 0.00918077 0.01707258
v -0.05133102 0.00934798 0.01724231
v -0.05135306 0.00772198 0.01691273
v -0.05191351 0.00911335 0.01691272
v -0.05118567 0.00778941 0.01707259
v -0.04516688 0.01021384 0.01853921
v -0.04524618 0.0101819 0.01876462
v -0.04580663 0.01157327 0.01876461
v -0.04593366 0.0115221 0.01896301
v -0.0453732 0.01013074 0.01896302
v -0.04610104 0.01145468 0.01912287
v -0.04572733 0.01160521 0.0185392
v -0.04554059 0.01006332 0.01912288
v -0.04573859 0.00998356 0.01923491
v -0.0459557 0.0098961 0.0192926
v -0.04651615 0.01128747 0.01929259
v -0.04629903 0.01137492 0.0192349
v -0.04699508 0.00947743 0.01829989
v -0.04755552 0.01086879 0.01829988
v -0.04696812 0.00948829 0.0185392
v -0.04688883 0.00952023 0.01876461
v -0.04744928 0.01091159 0.0187646
v -0.04752857 0.01087965 0.01853919
v -0.04676181 0.00957139 0.01896301
v -0.04732226 0.01096276 0.018963
v -0.04737348 0.00932502 0.02139074
v -0.04639643 0.00971857 0.01923491
v -0.04617931 0.00980603 0.0192926
v -0.04673976 0.01119739 0.01929259
v -0.04695688 0.01110994 0.0192349
v -0.04659443 0.00963882 0.01912287
v -0.04715489 0.01103018 0.01912286
v -0.04793392 0.01071639 0.02139073
v -0.04855108 0.00885066 0.01995769
v -0.04788158 0.00912035 0.02059714
v -0.04844204 0.01051171 0.02059713
v -0.04911153 0.01024203 0.01995768
v -0.04405395 0.01066216 0.02225694
v -0.04427758 0.01057209 0.02225694
v -0.04449468 0.01048463 0.02231463
v -0.0446927 0.01040487 0.02242666
v -0.04505514 0.01187599 0.02231462
v -0.04483803 0.01196345 0.02225693
v -0.04461442 0.01205352 0.02225694
v -0.04525314 0.01179624 0.02242665
v -0.04486006 0.01033745 0.02258652
v -0.04542053 0.01172882 0.02258652
v -0.04509334 0.01024349 0.02324964
v -0.0450664 0.01025435 0.02301033
v -0.04565381 0.01163485 0.02324964
v -0.04562685 0.01164571 0.02301032
v -0.0469485 0.00949622 0.02324963
v -0.04498709 0.01028629 0.02278492
v -0.04554755 0.01167765 0.02278491
v -0.0470563 0.00945279 0.02229237
v -0.04761676 0.01084415 0.02229236
v -0.04750896 0.01088758 0.02324962
v -0.04934308 0.00853164 0.01950955
v -0.04990353 0.009923 0.01950955
v -0.05021154 0.00818181 0.01927878
v -0.050772 0.00957317 0.01927877
v -0.051106 0.00782151 0.01927877
v -0.05166645 0.00921288 0.01927876
v -0.05197446 0.00747169 0.01950954
v -0.05253491 0.00886305 0.01950953
v -0.05470892 0.0079873 0.01291296
v -0.0547231 0.0063645 0.01747685
v -0.05414846 0.00659594 0.01291297
v -0.05528355 0.00775586 0.01747685
v -0.05632084 0.00733801 0.01372329
v -0.05576039 0.00594665 0.0137233
v -0.0549211 0.00628474 0.01736482
v -0.05548155 0.00767611 0.01736481
v -0.0543494 0.00651503 0.01806052
v -0.0544287 0.00648309 0.01783512
v -0.05455572 0.00643192 0.01763671
v -0.05498914 0.00787446 0.01783511
v -0.05490986 0.0079064 0.01806051
v -0.05511618 0.00782328 0.01763671
v -0.05569866 0.00758865 0.01730712
v -0.05513822 0.00619729 0.01730713
v -0.05536182 0.00610721 0.01730712
v -0.05592229 0.00749858 0.01730712
v -0.0563374 0.00733136 0.01747684
v -0.05557894 0.00601976 0.01736482
v -0.05613939 0.00741112 0.01736481
v -0.05577694 0.00594 0.01747685
v -0.05777777 0.00675115 0.01482307
v -0.05721731 0.00535979 0.01482308
v -0.05903541 0.00624457 0.01617889
v -0.05847494 0.00485321 0.0161789
v -0.05594433 0.00587258 0.01763671
v -0.05607135 0.00582141 0.01783511
v -0.05615065 0.00578947 0.01806051
v -0.05650477 0.00726394 0.0176367
v -0.0566318 0.00721278 0.0178351
v -0.0594951 0.00444229 0.01774956
v -0.05671111 0.00718084 0.0180605
v -0.06005556 0.00583366 0.01774955
v -0.05276647 0.00715266 0.01995766
v -0.05434941 0.00651503 0.01853915
v -0.05432245 0.00652589 0.01829984
v -0.05488291 0.00791725 0.01829983
v -0.05332692 0.00854403 0.01995765
v -0.05490986 0.0079064 0.01853915
v -0.05498915 0.00787446 0.01876455
v -0.0544287 0.00648309 0.01876456
v -0.05343598 0.00688298 0.0205971
v -0.05399643 0.00827435 0.02059709
v -0.05455573 0.00643193 0.01896296
v -0.0539441 0.00667831 0.0213907
v -0.05513823 0.00619729 0.01929254
v -0.05492111 0.00628475 0.01923485
v -0.05472311 0.00636451 0.01912282
v -0.05548156 0.00767611 0.01923484
v -0.05450454 0.00806968 0.02139069
v -0.05528356 0.00775587 0.01912281
v -0.05511619 0.00782329 0.01896295
v -0.05671111 0.00718084 0.01853914
v -0.05615065 0.00578948 0.01853914
v -0.05673805 0.00716998 0.01829982
v -0.0561776 0.00577862 0.01829983
v -0.0561394 0.00741113 0.01923484
v -0.05577695 0.00594001 0.01912281
v -0.05633742 0.00733137 0.01912281
v -0.05650478 0.00726395 0.01896294
v -0.05607136 0.00582142 0.01876455
v -0.0566318 0.00721278 0.01876454
v -0.05594433 0.00587258 0.01896295
v -0.05557895 0.00601976 0.01923485
v -0.0559223 0.00749858 0.01929253
v -0.05569868 0.00758866 0.01929254
v -0.05536184 0.00610722 0.01929254
v -0.05726363 0.00534118 0.02225686
v -0.05426129 0.00655055 0.02229233
v -0.05645752 0.00566589 0.02258645
v -0.05662489 0.00559847 0.02242659
v -0.05482173 0.00794192 0.02229232
v -0.05492955 0.00789849 0.02324958
v -0.05436911 0.00650713 0.02324959
v -0.0562512 0.005749 0.02301026
v -0.05682289 0.00551871 0.02231455
v -0.05718536 0.00698983 0.02242658
v -0.05704001 0.00543125 0.02225686
v -0.05738335 0.00691007 0.02231454
v -0.05633049 0.00571706 0.02278485
v -0.05622426 0.00575985 0.02324957
v -0.05701797 0.00705725 0.02258644
v -0.05689095 0.00710842 0.02278484
v -0.05681166 0.00714036 0.02301025
v -0.05678471 0.00715122 0.02324957
v -0.06080721 0.00553089 0.01948732
v -0.06024676 0.00413953 0.01948733
v -0.05748073 0.00525372 0.02231455
v -0.0580412 0.00664508 0.02231454
v -0.05782408 0.00673254 0.02225685
v -0.06126755 0.00534547 0.02133941
v -0.06070711 0.00395411 0.02133942
v -0.05760047 0.00682261 0.02225685
v -0.05767875 0.00517397 0.02242658
v -0.05853361 0.00644674 0.02278483
v -0.05784612 0.00510655 0.02258644
v -0.05840658 0.00649791 0.02258644
v -0.05797314 0.00505538 0.02278484
v -0.0582392 0.00656533 0.02242657
v -0.05805245 0.00502344 0.02301025
v -0.0586129 0.0064148 0.02301024
v -0.05863986 0.00640394 0.02324956
v -0.0580794 0.00501258 0.02324956
v -0.06142259 0.00528303 0.02324954
v -0.06086212 0.00389167 0.02324954
v -0.03126995 0.01473367 0.03424973
v -0.02665554 0.00327812 0.0342498
v -0.02648926 0.00286531 0.03429994
v -0.02618962 0.00212145 0.03468614
v -0.03043904 0.01668549 0.03424973
v -0.03152392 0.01509913 0.03424973
v -0.03137634 0.01493071 0.03424973
v -0.03170527 0.01523049 0.03424973
v -0.03191131 0.0153182 0.03424973
v -0.03213169 0.01535787 0.03424972
v -0.03235539 0.0153475 0.03424972
v -0.03257116 0.01528761 0.03424972
v -0.03087436 0.01718231 0.03424973
v -0.03069302 0.01705095 0.03424973
v -0.0310804 0.01727002 0.03424973
v -0.03054543 0.01688253 0.03424973
v -0.03152449 0.01729931 0.03424972
v -0.03130078 0.01730969 0.03424972
v -0.03174026 0.01723943 0.03424972
v -0.04326515 0.01097991 0.02348897
v -0.04382561 0.01237127 0.02348896
v -0.0439049 0.01233933 0.02371437
v -0.04334444 0.01094797 0.02371438
v -0.04403193 0.01228816 0.02391277
v -0.04347148 0.0108968 0.02391278
v -0.04419931 0.01222074 0.02407263
v -0.04363885 0.01082938 0.02407264
v -0.04439731 0.01214099 0.02418466
v -0.04383685 0.01074962 0.02418467
v -0.04570045 0.01161609 0.02819938
v -0.04514 0.01022473 0.02819939
v -0.04516695 0.01021387 0.02843871
v -0.04524625 0.01018193 0.02866411
v -0.0458067 0.0115733 0.0286641
v -0.04572741 0.01160523 0.0284387
v -0.04537327 0.01013076 0.02886251
v -0.04593374 0.01152213 0.02886251
v -0.05121933 0.00939307 0.0342496
v -0.04629911 0.01137495 0.0291344
v -0.05065888 0.0080017 0.03424961
v -0.04573866 0.00998359 0.0291344
v -0.04554066 0.01006334 0.02902237
v -0.04610111 0.01145471 0.02902236
v -0.04483804 0.01196346 0.02424235
v -0.04427759 0.01057209 0.02424236
v -0.04505516 0.011876 0.02418466
v -0.04461443 0.01205353 0.02424235
v -0.04405397 0.01066217 0.02424236
v -0.0444947 0.01048464 0.02418466
v -0.04469271 0.01040488 0.02407263
v -0.04486008 0.01033746 0.02391277
v -0.04525315 0.01179624 0.02407262
v -0.04542054 0.01172882 0.02391276
v -0.0449871 0.01028629 0.02371437
v -0.04554756 0.01167765 0.02371436
v -0.04562685 0.01164571 0.02348895
v -0.0450664 0.01025435 0.02348896
v -0.04705631 0.00945279 0.0242069
v -0.04524624 0.01018193 0.02773467
v -0.04537326 0.01013076 0.02753627
v -0.04516695 0.01021387 0.02796008
v -0.04554065 0.01006334 0.02737641
v -0.04573864 0.00998358 0.02726437
v -0.04595576 0.00989612 0.02720668
v -0.0461011 0.0114547 0.0273764
v -0.0457274 0.01160523 0.02796007
v -0.04629909 0.01137495 0.02726436
v -0.04593373 0.01152212 0.02753626
v -0.04580669 0.01157329 0.02773466
v -0.04651621 0.01128749 0.02720667
v -0.04761678 0.01084415 0.02420689
v -0.0473735 0.00932503 0.02510852
v -0.04788161 0.00912036 0.02590212
v -0.04844208 0.01051173 0.02590211
v -0.04793395 0.0107164 0.02510851
v -0.04673982 0.01119742 0.02720667
v -0.04617937 0.00980605 0.02720667
v -0.04699515 0.00947746 0.02819938
v -0.04934314 0.00853166 0.02698968
v -0.04855113 0.00885068 0.02654156
v -0.04676187 0.00957142 0.02753626
v -0.04696819 0.00948831 0.02796007
v -0.04639649 0.0097186 0.02726437
v -0.0468889 0.00952025 0.02773466
v -0.04659449 0.00963884 0.0273764
v -0.04695694 0.01110996 0.02726436
v -0.04732232 0.01096278 0.02753625
v -0.04715495 0.0110302 0.02737639
v -0.04911158 0.01024204 0.02654155
v -0.04744935 0.01091162 0.02773465
v -0.0475556 0.01086882 0.02819937
v -0.04752864 0.01087968 0.02796006
v -0.0469682 0.00948831 0.02843869
v -0.04732233 0.01096279 0.0288625
v -0.0468889 0.00952025 0.0286641
v -0.04744935 0.01091162 0.02866409
v -0.04676188 0.00957142 0.02886251
v -0.04752864 0.01087968 0.02843869
v -0.04990359 0.00992302 0.02698967
v -0.05077206 0.00957319 0.02722044
v -0.0502116 0.00818183 0.02722045
v -0.05069238 0.0096053 0.02942662
v -0.05052501 0.00967272 0.02958648
v -0.05013192 0.00821394 0.02942663
v -0.05032992 0.00813418 0.02931459
v -0.04996454 0.00828136 0.02958649
v -0.05054704 0.00804673 0.0292569
v -0.05077065 0.00795665 0.0292569
v -0.05098777 0.0078692 0.02931459
v -0.05110606 0.00782154 0.02722044
v -0.05166651 0.0092129 0.02722043
v -0.05118576 0.00778944 0.02942662
v -0.05174623 0.0091808 0.02942661
v -0.05154822 0.00926056 0.02931458
v -0.05110749 0.00943809 0.0292569
v -0.05133111 0.00934801 0.02925689
v -0.05089037 0.00952555 0.02931459
v -0.05197452 0.00747171 0.02698967
v -0.05135315 0.00772202 0.02958648
v -0.05253496 0.00886307 0.02698966
v -0.05332696 0.00854405 0.02654153
v -0.0519136 0.00911338 0.02958648
v -0.05276652 0.00715268 0.02654153
v -0.04651622 0.01128749 0.02919209
v -0.04595578 0.00989613 0.0291921
v -0.04673984 0.01119742 0.02919209
v -0.04617938 0.00980606 0.0291921
v -0.0463965 0.0097186 0.0291344
v -0.0465945 0.00963884 0.02902237
v -0.04715496 0.01103021 0.02902236
v -0.04695695 0.01110996 0.02913439
v -0.04973127 0.00837533 0.03024961
v -0.04975823 0.00836447 0.0300103
v -0.04983752 0.00833253 0.02978489
v -0.04983753 0.00833253 0.03071434
v -0.04996455 0.00828136 0.03091274
v -0.04975823 0.00836447 0.03048893
v -0.05039797 0.00972389 0.02978488
v -0.05029172 0.00976669 0.03024961
v -0.05031868 0.00975583 0.03001029
v -0.05039798 0.0097239 0.03071433
v -0.05031868 0.00975583 0.03048893
v -0.05052501 0.00967273 0.03091273
v -0.05148017 0.00767085 0.02978488
v -0.05204062 0.00906222 0.02978487
v -0.05155947 0.00763891 0.03001029
v -0.05211993 0.00903027 0.03001028
v -0.05214687 0.00901942 0.03024959
v -0.05158643 0.00762805 0.0302496
v -0.05069239 0.00960531 0.03107259
v -0.05013194 0.00821394 0.0310726
v -0.05089038 0.00952555 0.03118462
v -0.05032993 0.00813419 0.03118463
v -0.0511075 0.00943809 0.03124231
v -0.05054705 0.00804673 0.03124232
v -0.05098778 0.0078692 0.03118462
v -0.05118578 0.00778944 0.03107259
v -0.05154823 0.00926057 0.03118462
v -0.05077066 0.00795666 0.03124232
v -0.05133113 0.00934802 0.03124231
v -0.05135316 0.00772202 0.03091273
v -0.05148018 0.00767085 0.03071433
v -0.05191361 0.00911339 0.03091272
v -0.05204063 0.00906222 0.03071432
v -0.05155947 0.00763891 0.03048892
v -0.05211994 0.00903028 0.03048891
v -0.05174624 0.00918081 0.03107258
v -0.05243066 0.00728801 0.03408248
v -0.05299112 0.00867937 0.03408248
v -0.05394412 0.00667832 0.02510848
v -0.0566249 0.00559847 0.02407256
v -0.05645753 0.00566589 0.0239127
v -0.0542613 0.00655056 0.02420685
v -0.05633049 0.00571706 0.0237143
v -0.0562512 0.005749 0.02348889
v -0.05450457 0.00806969 0.02510848
v -0.05482175 0.00794192 0.02420684
v -0.0553619 0.00610724 0.02720662
v -0.05343602 0.006883 0.02590208
v -0.05399647 0.00827436 0.02590208
v -0.05701798 0.00705725 0.02391269
v -0.05718537 0.00698983 0.02407255
v -0.05681166 0.00714036 0.02348888
v -0.05689096 0.00710842 0.02371429
v -0.05738337 0.00691008 0.02418458
v -0.0568229 0.00551871 0.02418459
v -0.05557901 0.00601978 0.02726431
v -0.05577701 0.00594003 0.02737634
v -0.05704002 0.00543126 0.02424228
v -0.0559444 0.00587261 0.0275362
v -0.05726365 0.00534118 0.02424228
v -0.05607142 0.00582144 0.0277346
v -0.05748075 0.00525373 0.02418458
v -0.05592236 0.0074986 0.02720661
v -0.05613946 0.00741115 0.0272643
v -0.05650485 0.00726397 0.02753619
v -0.05633748 0.00733139 0.02737634
v -0.05760049 0.00682262 0.02424227
v -0.05492117 0.00628477 0.02726431
v -0.05513829 0.00619731 0.02720662
v -0.05472317 0.00636453 0.02737635
v -0.05434948 0.00651506 0.02796002
v -0.05442877 0.00648312 0.02773461
v -0.05455579 0.00643195 0.02753621
v -0.05511625 0.00782331 0.0275362
v -0.05548162 0.00767614 0.02726431
v -0.05528362 0.00775589 0.02737634
v -0.05498921 0.00787448 0.0277346
v -0.05490993 0.00790642 0.02796001
v -0.05434948 0.00651506 0.02843865
v -0.05432252 0.00652592 0.02819933
v -0.05488298 0.00791728 0.02819933
v -0.05490993 0.00790642 0.02843864
v -0.05498922 0.00787448 0.02866405
v -0.05442877 0.00648312 0.02866406
v -0.05569873 0.00758868 0.02720661
v -0.05663187 0.0072128 0.02773459
v -0.05615072 0.0057895 0.02796001
v -0.05671118 0.00718086 0.02796
v -0.05673812 0.00717001 0.02819932
v -0.05617768 0.00577864 0.02819932
v -0.05671118 0.00718086 0.02843863
v -0.05607143 0.00582144 0.02866405
v -0.05615072 0.0057895 0.02843864
v -0.05663188 0.00721281 0.02866404
v -0.05782409 0.00673255 0.02424227
v -0.05804121 0.00664509 0.02418458
v -0.05823921 0.00656533 0.02407254
v -0.05853361 0.00644674 0.02371428
v -0.05797315 0.00505538 0.02371429
v -0.05861291 0.0064148 0.02348887
v -0.05840659 0.00649791 0.02391268
v -0.05784613 0.00510655 0.02391269
v -0.05767876 0.00517397 0.02407255
v -0.05805245 0.00502344 0.02348888
v -0.06024682 0.00413955 0.02701177
v -0.06070714 0.00395412 0.02515968
v -0.06126758 0.00534548 0.02515967
v -0.06080727 0.00553091 0.02701176
v -0.05949518 0.00444232 0.02874955
v -0.06005564 0.00583369 0.02874955
v -0.0545558 0.00643195 0.02886246
v -0.05472318 0.00636453 0.02902232
v -0.05528363 0.0077559 0.02902231
v -0.05511626 0.00782332 0.02886245
v -0.05548163 0.00767614 0.02913434
v -0.05492118 0.00628478 0.02913435
v -0.0551383 0.00619732 0.02919204
v -0.05569875 0.00758868 0.02919203
v -0.05613948 0.00741115 0.02913433
v -0.05557903 0.00601979 0.02913434
v -0.05633749 0.0073314 0.0290223
v -0.05577702 0.00594003 0.02902231
v -0.05594441 0.00587261 0.02886245
v -0.05592237 0.00749861 0.02919203
v -0.05536191 0.00610725 0.02919204
v -0.05576053 0.0059467 0.03277586
v -0.05632098 0.00733806 0.03277585
v -0.05414861 0.006596 0.03358621
v -0.05470908 0.00798736 0.0335862
v -0.05721743 0.00535984 0.03167606
v -0.05847505 0.00485325 0.03032022
v -0.05903551 0.00624461 0.03032022
v -0.0577779 0.0067512 0.03167605
v -0.05650486 0.00726397 0.02886244
vn 0.37364 -0.92758 1E-05
vn 0.37364 -0.92758 0
vn 0.37363 -0.92758 0
vn 0.37365 -0.92757 -0
vn 0.37362 -0.92758 1E-05
vn 0.37364 -0.92757 0
vn 0.37368 -0.92756 2E-05
vn 0.37363 -0.92758 1E-05
vn 0.37365 -0.92757 -1E-05
vn 0.37363 -0.92758 2E-05
vn 0.37364 -0.92758 1E-05
vn 0.37364 -0.92758 0
vn 0.37364 -0.92758 1E-05
vn 0.37366 -0.92757 6E-05
vn 0.37365 -0.92757 5E-05
vn 0.37364 -0.92757 1E-05
vn 0.37363 -0.92758 1E-05
vn 1E-05 -0 -1
vn -0.37363 0.92758 0
vn -0.37364 0.92757 -1E-05
vn -0.37363 0.92758 0
vn 0.37364 -0.92757 1E-05
vn 0.37363 -0.92758 -0
vn -0.37364 0.92757 -1E-05
vn -0.37364 0.92758 -0
vn 0.37364 -0.92758 0
vn 0.37364 -0.92757 1E-05
vn 0.37363 -0.92758 -0
vn 0.37364 -0.92758 1E-05
vn 0.37363 -0.92758 -0
vn 0.37364 -0.92757 1E-05
vn 0.37364 -0.92758 0
vn -0.37364 0.92758 -0
vn -0.37363 0.92758 0
vn -0.37364 0.92757 -1E-05
vn -0.37364 0.92758 -1E-05
vn 0.47514 -0.87991 1E-05
vn 0.9201 -0.39168 1E-05
vn 0.65903 -0.75211 1E-05
vn 0.80986 -0.58662 1E-05
vn 0.98419 -0.17714 1E-05
vn 0.96357 0.26747 1E-05
vn 0.99893 0.04628 1E-05
vn -0.80986 0.58662 -1E-05
vn -0.9201 0.39168 -1E-05
vn -0.47515 0.8799 -1E-05
vn -0.65901 0.75214 -1E-05
vn -0.99893 -0.04634 -1E-05
vn -0.96358 -0.2674 -1E-05
vn -0.98419 0.17714 -1E-05
vn -0.37364 0.92758 -1E-05
vn 0.37364 -0.92758 1E-05
vn 0.04184 -0.10386 -0.99371
vn 0.04184 -0.10386 -0.99371
vn 0.12341 -0.30636 -0.94388
vn 0.12341 -0.30636 -0.94388
vn 0.19879 -0.4935 -0.84672
vn 0.37129 -0.92174 -0.11196
vn 0.35267 -0.87553 -0.33027
vn 0.35267 -0.87552 -0.33027
vn 0.31637 -0.7854 -0.53203
vn 0.31637 -0.7854 -0.53202
vn 0.26421 -0.65589 -0.70711
vn 0.37129 -0.92174 -0.11197
vn -0.92758 -0.37364 -1E-05
vn 0.92758 0.37364 1E-05
vn 0.92757 0.37365 1E-05
vn 0.92757 0.37364 1E-05
vn -0.92757 -0.37364 -1E-05
vn -0.92758 -0.37362 -1E-05
vn -0.92757 -0.37365 -1E-05
vn 0.92758 0.37362 1E-05
vn 0.9201 -0.39169 1E-05
vn -1E-05 0 1
vn 0.8381 -0.54551 1E-05
vn 0.73064 -0.68276 1E-05
vn 0.60098 -0.79927 1E-05
vn 0.45306 -0.89148 1E-05
vn -0.7619 0.64769 -1E-05
vn -0.58477 0.8112 -1E-05
vn -0.89476 0.44654 -1E-05
vn -0.97563 0.21942 -1E-05
vn -0.96585 -0.25911 -1E-05
vn -0.99979 -0.02044 -1E-05
vn -0.33543 -0.94207 0
vn -0.73481 -0.67827 -0
vn -0.55113 -0.83442 -0
vn -0.87577 -0.48272 -1E-05
vn 0.97413 -0.22597 1E-05
vn 0.99857 -0.05338 1E-05
vn 0.99267 0.12083 1E-05
vn -0.99979 -0.02041 -1E-05
vn -0.97563 0.21942 -1E-05
vn -0.7619 0.64769 -1E-05
vn -0.89477 0.44652 -1E-05
vn -0.7348 -0.67829 -0
vn -0.87577 -0.48272 -1E-05
vn -0.55113 -0.83442 -0
vn -0.96585 -0.25911 -1E-05
vn 0.10023 0.99496 -0
vn -0.58475 0.81121 -1E-05
vn -0.37364 0.92757 -1E-05
vn -0.1408 0.99004 -0
vn 0.96585 0.25911 1E-05
vn 0.33542 0.94207 -0
vn 0.87577 0.48272 1E-05
vn 0.73481 0.67827 0
vn 0.55113 0.83442 0
vn 0.37364 -0.92757 1E-05
vn 0.1408 -0.99004 0
vn -0.33543 -0.94207 0
vn -0.10023 -0.99496 0
vn 0.58475 -0.81121 1E-05
vn 0.99979 0.02044 1E-05
vn 0.97562 -0.21945 1E-05
vn 0.7619 -0.64769 1E-05
vn 0.89477 -0.44652 1E-05
vn -0.7619 0.64769 -1E-05
vn -0.89477 0.44653 -1E-05
vn -0.99979 -0.02043 -1E-05
vn -0.97563 0.21943 -1E-05
vn 0.10023 0.99496 -0
vn -0.37363 0.92758 -1E-05
vn -0.1408 0.99004 -0
vn 0.7348 0.67829 0
vn 0.87579 0.4827 1E-05
vn 0.33543 0.94207 -0
vn 0.55113 0.83442 0
vn 0.97563 -0.21942 1E-05
vn 0.96585 0.25911 1E-05
vn 0.7619 -0.64769 1E-05
vn 0.58477 -0.8112 1E-05
vn 0.89476 -0.44654 1E-05
vn -0.10023 -0.99496 0
vn 0.37363 -0.92758 1E-05
vn 0.1408 -0.99004 0
vn -0.97562 0.21945 -1E-05
vn -0.7619 0.64769 -1E-05
vn -0.99979 -0.02047 -1E-05
vn -0.96585 -0.25911 -1E-05
vn -0.87579 -0.4827 -1E-05
vn 0.10024 0.99496 -0
vn -0.37363 0.92758 -1E-05
vn -0.58478 0.81119 -1E-05
vn 0.87576 0.48275 1E-05
vn 0.96585 0.25911 1E-05
vn 0.33543 0.94207 -0
vn 0.37364 -0.92757 1E-05
vn 0.14079 -0.99004 0
vn -0.10022 -0.99497 0
vn 0.7619 -0.64769 1E-05
vn 0.58476 -0.81121 1E-05
vn 0.89479 -0.44649 1E-05
vn 0.97562 -0.21945 1E-05
vn 0.99979 0.02041 1E-05
vn -0.58476 0.8112 -1E-05
vn -0.37364 0.92758 -1E-05
vn -0.1408 0.99004 -0
vn 0.33542 0.94207 -0
vn 0.7348 0.67828 0
vn 0.55114 0.83441 0
vn -0.58476 0.81121 -1E-05
vn -0.37364 0.92757 -1E-05
vn 0.87577 0.48272 1E-05
vn 0.96585 0.25911 1E-05
vn -0.73483 -0.67825 -0
vn -0.97564 0.21939 -1E-05
vn -0.87576 -0.48275 -1E-05
vn -0.10022 -0.99497 0
vn -0.33543 -0.94207 0
vn 0.95661 0.29137 1E-05
vn 0.89148 0.45306 1E-05
vn -0.7619 0.64769 -1E-05
vn -0.97562 0.21945 -1E-05
vn -0.37364 0.92757 -1E-05
vn -0.7348 -0.67829 -0
vn -0.87577 -0.48272 -1E-05
vn 0.37364 -0.92757 1E-05
vn 0.1408 -0.99004 0
vn -0.10023 -0.99496 0
vn -0.33543 -0.94207 0
vn 0.73481 0.67827 0
vn 0.97562 -0.21945 1E-05
vn 0.7619 -0.64769 1E-05
vn 0.89477 -0.44652 1E-05
vn 0.58476 -0.81121 1E-05
vn -0.87578 -0.48271 -1E-05
vn -0.7348 -0.67828 -0
vn -0.58477 0.8112 -1E-05
vn -0.55113 -0.83442 -0
vn 0.33543 0.94207 -0
vn -0.37363 0.92758 -1E-05
vn 0.10023 0.99496 -0
vn 0.79927 0.60098 0
vn 0.68276 0.73064 0
vn 0.54552 0.8381 0
vn -0.89476 0.44654 -1E-05
vn -0.97563 0.21942 -1E-05
vn -0.73481 -0.67827 -0
vn -0.55113 -0.83442 -0
vn 0.96586 0.25908 1E-05
vn 0.87577 0.48272 1E-05
vn 0.1408 -0.99004 0
vn -0.10022 -0.99497 0
vn 0.89476 -0.44654 1E-05
vn 0.97563 -0.21942 1E-05
vn 0.76192 -0.64768 1E-05
vn 0.58476 -0.81121 1E-05
vn 0.39169 0.9201 0
vn 0.22597 0.97413 -0
vn -0.33543 -0.94207 0
vn 0.1408 -0.99004 0
vn -0.10023 -0.99496 0
vn 0.37364 -0.92757 1E-05
vn 0.58476 -0.81121 1E-05
vn 0.97563 -0.21943 1E-05
vn 0.7619 -0.64769 1E-05
vn 0.89477 -0.44653 1E-05
vn -0.7619 0.64769 -1E-05
vn -0.37363 0.92758 -1E-05
vn -0.89476 0.44654 -1E-05
vn -0.58478 0.81119 -1E-05
vn 0.55113 0.83442 0
vn 0.10023 0.99496 -0
vn 0.33543 0.94207 -0
vn -0.97562 0.21945 -1E-05
vn -0.87579 -0.4827 -1E-05
vn -0.99979 -0.02047 -1E-05
vn -0.10023 -0.99496 0
vn -0.33543 -0.94207 0
vn 0.58478 -0.81119 1E-05
vn 0.37363 -0.92758 1E-05
vn -0.99979 -0.02044 -1E-05
vn 0.05338 0.99857 -0
vn -0.12083 0.99267 -0
vn 0.10023 0.99496 -0
vn 0.55116 0.8344 0
vn 0.87576 0.48275 1E-05
vn 0.3354 0.94208 -0
vn 0.97562 -0.21945 1E-05
vn 0.89479 -0.4465 1E-05
vn -0.29137 0.95661 -0
vn 0.73483 0.67825 0
vn 0.33543 0.94207 -0
vn 0.33543 0.94207 -0
vn 0.10022 0.99497 -0
vn 0.10385 0.04184 0.99371
vn 0.30634 0.1234 0.94389
vn 0.49351 0.1988 0.84671
vn 0.30635 0.12341 0.94388
vn 0.92174 0.37129 0.11198
vn 0.78541 0.31637 0.53202
vn 0.87552 0.35267 0.3303
vn 0.87553 0.35268 0.33024
vn 0.65589 0.2642 0.70711
vn 0.78538 0.31636 0.53207
vn 0.49348 0.19879 0.84673
vn 0.65589 0.2642 0.70711
vn 0.92174 0.37129 0.11198
vn -0.10385 -0.04184 -0.99371
vn -0.10385 -0.04184 -0.99371
vn -0.49349 -0.19879 -0.84673
vn -0.30635 -0.12341 -0.94388
vn -0.30635 -0.12341 -0.94388
vn -0.87552 -0.35267 -0.3303
vn -0.92174 -0.37129 -0.11198
vn -0.78541 -0.31637 -0.53202
vn -0.87552 -0.35267 -0.3303
vn -0.92174 -0.37129 -0.11198
vn -0.65589 -0.2642 -0.70711
vn -0.49348 -0.19879 -0.84673
vn -0.78541 -0.31637 -0.53202
vn -0.65589 -0.2642 -0.70711
vn -0.92758 -0.37364 -1E-05
vn 0.92758 0.37364 1E-05
vn 0.37364 -0.92757 1E-05
vn 0.58475 -0.81121 1E-05
vn 0.89476 -0.44654 1E-05
vn 0.97564 -0.21939 1E-05
vn 0.7348 0.67829 0
vn 0.89476 -0.44654 1E-05
vn 0.87579 0.4827 1E-05
vn 0.99979 0.02047 1E-05
vn -0.37364 0.92758 -1E-05
vn -0.37363 0.92758 -1E-05
vn -0.37364 0.92757 -0
vn -0.37364 0.92757 -0
vn -0.37364 0.92758 -1E-05
vn 0.92758 0.37364 -2E-05
vn 0.92758 0.37364 3E-05
vn 0.92758 0.37364 -2E-05
vn 0.92758 0.37364 -1E-05
vn 0.92758 0.37364 1E-05
vn 0.92758 0.37364 2E-05
vn 0.92758 0.37364 -0
vn -0.92758 -0.37364 1E-05
vn -0.92758 -0.37364 -2E-05
vn -0.92758 -0.37364 -3E-05
vn -0.92758 -0.37364 2E-05
vn -0.92758 -0.37364 2E-05
vn -0.92758 -0.37364 2E-05
vn -0.92758 -0.37364 -1E-05
vn -0.92758 -0.37364 1E-05
vn 0.92758 0.37364 1E-05
vn -0.92758 -0.37364 -1E-05
vn 0.92757 0.37366 1E-05
vn 0.92758 0.37362 1E-05
vn 0.92757 0.37365 1E-05
vn -1E-05 0 1
vn 0.37364 -0.92758 1E-05
vn 0.37364 -0.92758 1E-05
vn -0.37364 0.92758 -1E-05
vn -0.37364 0.92758 -1E-05
vn 0.37364 -0.92757 -0
vn 0.37363 -0.92758 1E-05
vn -0.37363 0.92758 -1E-05
vn -0.37364 0.92757 0
vn 0.37364 -0.92758 1E-05
vn -0.37364 0.92757 0
vn -0.37363 0.92758 -1E-05
vn -0.37364 0.92758 -1E-05
vn -0.37364 0.92757 0
vn -0.37363 0.92758 -1E-05
vn 0.37364 -0.92757 -0
vn 0.37363 -0.92758 1E-05
vn 0.37363 -0.92758 1E-05
vn 0.37364 -0.92757 -0
vn 0.92757 0.37366 1E-05
vn 0.04183 -0.10385 0.99371
vn 0.04183 -0.10385 0.99371
vn 0.1234 -0.30636 0.94388
vn 0.26419 -0.65589 0.70712
vn 0.19878 -0.4935 0.84672
vn 0.1234 -0.30636 0.94388
vn 0.31636 -0.7854 0.53204
vn 0.31636 -0.7854 0.53203
vn 0.35267 -0.87552 0.33028
vn 0.37128 -0.92174 0.11198
vn 0.35267 -0.87552 0.33028
vn 0.37129 -0.92174 0.11197
vn 0.37364 -0.92758 1E-05
vn 0.37363 -0.92758 0
vn 0.37365 -0.92757 2E-05
vn 0.37364 -0.92758 1E-05
vn 0.37363 -0.92758 -1E-05
vn 0.37363 -0.92758 1E-05
vn 0.37362 -0.92758 -0
vn 0.37365 -0.92757 1E-05
vn 0.37364 -0.92757 1E-05
vn 0.37366 -0.92757 -0
vn 0.3736 -0.92759 4E-05
vn 0.37365 -0.92757 -3E-05
vn 0.3737 -0.92755 -2E-05
vn 0.37364 -0.92758 1E-05
vn 0.37365 -0.92757 -2E-05
vn -0.92758 -0.37364 -1E-05
vn 0.92758 0.37364 -0
vn 0.92758 0.37364 1E-05
vn 0.92758 0.37364 2E-05
vn 0.92758 0.37364 -1E-05
vn -0.92758 -0.37364 -3E-05
vn -0.92758 -0.37364 -2E-05
vn -0.92758 -0.37364 -2E-05
vn -0.92758 -0.37364 0
vn -0.92758 -0.37364 1E-05
vn -0.92758 -0.37364 2E-05
vn -0.92758 -0.37364 -3E-05
vn 0.30637 0.1234 -0.94388
vn 0.10387 0.04183 -0.99371
vn 0.30635 0.1234 -0.94389
vn 0.49352 0.19879 -0.84671
vn 0.78539 0.31636 -0.53206
vn 0.6559 0.2642 -0.70711
vn 0.65589 0.2642 -0.70711
vn 0.4935 0.19878 -0.84673
vn 0.78541 0.31637 -0.53201
vn 0.92174 0.37129 -0.11197
vn 0.92174 0.37129 -0.11197
vn 0.87554 0.35267 -0.33023
vn 0.87552 0.35267 -0.33028
vn -0.30637 -0.1234 0.94388
vn -0.10387 -0.04183 0.99371
vn -0.10387 -0.04183 0.99371
vn -0.4935 -0.19878 0.84673
vn -0.30637 -0.1234 0.94388
vn -0.6559 -0.2642 0.70711
vn -0.6559 -0.2642 0.70711
vn -0.78541 -0.31637 0.53201
vn -0.92174 -0.37129 0.11197
vn -0.87552 -0.35267 0.33028
vn -0.87552 -0.35267 0.33028
vn -0.92174 -0.37129 0.11197
vn -0.78541 -0.31637 0.53201
vn -0.4935 -0.19878 0.84673
vn -0.37364 0.92758 -0
vn -0.37364 0.92758 -0
vn -0.37363 0.92758 -0
vn -0.37364 0.92757 -1E-05
vn -0.37364 0.92757 -1E-05
vn 0.37364 -0.92758 1E-05
vn -0.37364 0.92758 -1E-05
vn -0.61511 -0.24777 0.7485
vn -0.43108 -0.17364 0.88545
vn 0.37364 -0.92757 -0
vn 0.37364 -0.92757 0
vn -0.22201 -0.08942 0.97094
vn 0.22198 0.08942 0.97094
vn -0.43105 -0.17363 0.88546
vn -0.22199 -0.08942 0.97094
vn 0.22198 0.08942 0.97094
vn 0.61507 0.24777 0.74853
vn 0.43106 0.17364 0.88546
vn 0.43106 0.17364 0.88546
vn 0.6151 0.24777 0.7485
vn 0.37364 -0.92757 -0
vn 0.37363 -0.92758 2E-05
vn 0.37365 -0.92757 -2E-05
vn 0.37364 -0.92757 -0
vn 0.37364 -0.92757 -1E-05
vn 0.37363 -0.92758 1E-05
vn 0.37364 -0.92757 -0
vn 0.37364 -0.92758 1E-05
vn 0.37363 -0.92758 1E-05
vn 0.37363 -0.92758 1E-05
vn -0.37364 0.92757 0
vn 0.37363 -0.92758 1E-05
vn -0.37364 0.92757 -0
vn -0.37363 0.92758 -2E-05
vn -0.37364 0.92757 0
vn 0.37365 -0.92757 0
vn 0.37363 -0.92758 1E-05
vn -0.37365 0.92757 -0
vn 0.37364 -0.92757 1E-05
vn -0.37361 0.92759 -1E-05
vn 0.37365 -0.92757 0
vn -0.37364 0.92757 -1E-05
vn -0.22199 -0.08942 0.97094
vn -0.22199 -0.08942 0.97094
vn -0.61511 -0.24777 0.7485
vn -0.43105 -0.17363 0.88546
vn -0.43107 -0.17364 0.88545
vn 0.37363 -0.92758 2E-05
vn -0.37363 0.92758 -3E-05
vn -0.37364 0.92757 1E-05
vn -0.37363 0.92758 -1E-05
vn -0.37363 0.92758 -1E-05
vn -0.37364 0.92757 1E-05
vn -0.37364 0.92757 0
vn -0.37363 0.92758 -1E-05
vn -0.37364 0.92757 0
vn -0.37363 0.92758 -1E-05
vn -0.37364 0.92758 -1E-05
vn -0.76337 -0.30749 0.56809
vn -0.92081 -0.37092 -0.12056
vn -0.76339 -0.3075 0.56805
vn -0.8673 -0.34936 0.35459
vn -0.8673 -0.34936 0.35459
vn -0.92081 -0.37092 0.12055
vn -0.92081 -0.37092 0.12054
vn -0.92081 -0.37092 -0.12056
vn -0.8673 -0.34936 -0.3546
vn -0.8673 -0.34936 -0.3546
vn -0.76338 -0.3075 -0.56806
vn -0.76335 -0.30749 -0.5681
vn -0.6151 -0.24777 -0.7485
vn -0.43107 -0.17364 -0.88545
vn -0.22197 -0.08942 -0.97094
vn -0.43105 -0.17364 -0.88547
vn -0.22197 -0.08942 -0.97094
vn -0.92081 -0.37092 0.12055
vn -0.86729 -0.34934 0.35465
vn -0.92082 -0.37091 0.12048
vn -0.76339 -0.3075 0.56804
vn -0.76337 -0.30748 0.56809
vn -0.6151 -0.24777 -0.7485
vn -0.92082 -0.37091 -0.1205
vn -0.86728 -0.34936 -0.35466
vn -0.8673 -0.34935 -0.3546
vn -0.76336 -0.3075 -0.5681
vn -0.76339 -0.3075 -0.56805
vn -0.37365 0.92757 0
vn -0.37362 0.92758 -1E-05
vn 0.37363 -0.92758 1E-05
vn -0.43106 -0.17364 -0.88546
vn 0.37365 -0.92757 -0
vn 0.76336 0.3075 0.5681
vn 0.92081 0.37092 0.12056
vn 0.8673 0.34936 0.3546
vn 0.8673 0.34936 0.3546
vn 0.76339 0.3075 0.56805
vn 0.92081 0.37092 0.12056
vn 0.8673 0.34936 -0.35459
vn 0.8673 0.34936 -0.35459
vn 0.92081 0.37092 -0.12055
vn 0.76339 0.3075 -0.56804
vn 0.76336 0.30749 -0.56809
vn 0.92081 0.37092 -0.12054
vn 0.37364 -0.92757 1E-05
vn 0.37363 -0.92758 0
vn 0.37364 -0.92757 1E-05
vn 0.37364 -0.92757 1E-05
vn -0.43104 -0.17363 -0.88547
vn -0.22198 -0.08942 -0.97094
vn -0.22199 -0.08942 -0.97094
vn 0.22199 0.08942 -0.97094
vn 0.22199 0.08942 -0.97094
vn 0.43108 0.17364 -0.88545
vn 0.43107 0.17364 -0.88545
vn 0.61508 0.24776 -0.74852
vn 0.61511 0.24777 -0.7485
vn -0.37363 0.92758 0
vn -0.37364 0.92757 -1E-05
vn 0.37363 -0.92758 1E-05
vn 0.37365 -0.92757 0
vn 0.37362 -0.92758 1E-05
vn 0.37364 -0.92758 1E-05
vn 0.37364 -0.92757 0
vn 0.37364 -0.92757 0
vn 0.37364 -0.92757 0
vn 0.37364 -0.92757 0
vn 0.37363 -0.92758 1E-05
vn -0.37364 0.92757 -0
vn -0.37363 0.92758 -1E-05
vn -0.37363 0.92758 -1E-05
vn -0.37364 0.92757 -0
vn -0.37364 0.92757 -0
vn -0.37363 0.92758 -1E-05
vn -0.37365 0.92757 0
vn -0.22198 -0.08941 0.97094
vn -0.43108 -0.17364 0.88545
vn -0.61509 -0.24776 0.74852
vn -0.61512 -0.24777 0.74849
vn -0.76336 -0.30748 0.56809
vn -0.76339 -0.3075 0.56805
vn -0.43108 -0.17364 0.88545
vn -0.22198 -0.08941 0.97094
vn -0.92081 -0.37091 0.12055
vn -0.8673 -0.34935 0.35459
vn -0.92081 -0.37091 0.12054
vn -0.86731 -0.34935 0.35459
vn 0.43107 0.17364 0.88545
vn 0.76338 0.3075 0.56806
vn 0.22196 0.08941 0.97095
vn 0.61508 0.24776 0.74853
vn 0.22196 0.08941 0.97095
vn 0.8673 0.34935 0.3546
vn 0.92081 0.37091 0.12056
vn 0.37364 -0.92758 1E-05
vn -0.37364 0.92757 -0
vn 0.37364 -0.92757 0
vn -0.37364 0.92758 -1E-05
vn -0.37364 0.92757 -0
vn -0.37363 0.92758 -1E-05
vn 0.37363 -0.92758 1E-05
vn 0.37364 -0.92758 -0
vn 0.37364 -0.92758 0
vn 0.37364 -0.92758 1E-05
vn 0.37363 -0.92758 1E-05
vn 0.37364 -0.92758 1E-05
vn -0.37364 0.92758 -1E-05
vn -0.37364 0.92757 0
vn -0.37363 0.92758 -1E-05
vn -0.37364 0.92757 -0
vn -0.37364 0.92758 -1E-05
vn -0.37364 0.92758 -1E-05
vn -0.92081 -0.37091 0.12053
vn 0.37364 -0.92758 0
vn 0.37364 -0.92757 1E-05
vn -0.37364 0.92757 -1E-05
vn 0.37364 -0.92757 1E-05
vn -0.37364 0.92757 -1E-05
vn -0.37363 0.92758 0
vn -0.37364 0.92757 -1E-05
vn 0.37363 -0.92758 -0
vn 0.37364 -0.92758 0
vn -0.37363 0.92758 0
vn -0.6151 -0.24777 0.74851
vn -0.37363 0.92758 -0
vn -0.37364 0.92758 -0
vn -0.37364 0.92757 -1E-05
vn -0.37364 0.92758 -1E-05
vn 0.37363 -0.92758 -0
vn -0.37363 0.92758 -0
vn 0.37364 -0.92758 0
vn 0.37364 -0.92758 0
vn -0.43107 -0.17364 0.88545
vn -0.43107 -0.17364 0.88545
vn 0.37364 -0.92757 0
vn -0.22199 -0.08941 0.97094
vn 0.37363 -0.92758 1E-05
vn -0.22199 -0.08942 0.97094
vn 0.37365 -0.92757 1E-05
vn 0.37363 -0.92758 1E-05
vn 0.37364 -0.92757 1E-05
vn 0.37364 -0.92757 1E-05
vn -0.37364 0.92757 -0
vn -0.37361 0.92758 -1E-05
vn -0.37364 0.92757 -0
vn -0.37364 0.92757 -0
vn -0.37364 0.92757 -1E-05
vn -0.92081 -0.37091 0.12053
vn -0.76338 -0.3075 0.56806
vn -0.76338 -0.3075 0.56806
vn -0.8673 -0.34935 0.35459
vn -0.8673 -0.34936 0.3546
vn -0.08084 -0.03257 -0.9962
vn -0.37364 0.92757 -0
vn -0.08084 -0.03257 -0.9962
vn 0.37364 -0.92757 0
vn 0.37364 -0.92758 0
vn 0.37363 -0.92758 1E-05
vn -0.37364 0.92757 -0
vn -0.37363 0.92758 -0
vn -0.37364 0.92758 -1E-05
vn -0.37364 0.92757 -0
vn 0.37364 -0.92757 -0
vn -0.37363 0.92758 -2E-05
vn 0.37364 -0.92758 0
vn -0.24007 -0.09671 -0.96593
vn -0.24007 -0.09671 -0.96593
vn 0.37363 -0.92758 1E-05
vn -0.37364 0.92757 -0
vn 0.43104 0.17363 0.88547
vn 0.43106 0.17364 0.88546
vn 0.76336 0.3075 0.5681
vn 0.8673 0.34936 0.3546
vn 0.92081 0.37092 -0.12054
vn 0.8673 0.34936 -0.35459
vn 0.43108 0.17364 -0.88545
vn 0.22198 0.08941 -0.97094
vn 0.43106 0.17363 -0.88546
vn 0.22198 0.08941 -0.97094
vn 0.76339 0.3075 -0.56805
vn 0.76337 0.30748 -0.56809
vn 0.37364 -0.92758 0
vn -0.37364 0.92758 -1E-05
vn -0.37364 0.92757 -1E-05
vn 0.37364 -0.92758 0
vn 0.37365 -0.92757 1E-05
vn 0.37364 -0.92757 0
vn 0.37364 -0.92757 1E-05
vn 0.37363 -0.92758 -1E-05
vn 0.37363 -0.92758 -0
vn 0.37364 -0.92757 1E-05
vn 0.37364 -0.92757 1E-05
vn 0.37364 -0.92757 1E-05
vn -0.37364 0.92757 -1E-05
vn -0.37363 0.92758 0
vn -0.37364 0.92757 -1E-05
vn -0.37364 0.92757 -1E-05
vn -0.37364 0.92758 -0
vn -0.37363 0.92758 0
vn -0.37363 0.92758 1E-05
vn -0.61509 -0.24776 0.74852
vn -0.61511 -0.24777 0.7485
vn -0.392 -0.15791 -0.90631
vn -0.53203 -0.21431 -0.81916
vn -0.392 -0.15791 -0.90631
vn -0.37363 0.92758 -1E-05
vn 0.37365 -0.92757 -1E-05
vn 0.37364 -0.92757 1E-05
vn 0.37363 -0.92758 1E-05
vn 0.37364 -0.92757 0
vn 0.37363 -0.92758 1E-05
vn 0.37362 -0.92758 2E-05
vn -0.37364 0.92757 -0
vn -0.37364 0.92758 -1E-05
vn -0.37364 0.92757 -0
vn -0.37364 0.92757 0
vn -0.37363 0.92758 -1E-05
vn -0.37364 0.92757 -0
vn -0.22199 -0.08942 0.97094
vn 0.22199 0.08942 0.97094
vn 0.6151 0.24777 0.7485
vn 0.43104 0.17363 0.88547
vn 0.43106 0.17364 0.88546
vn 0.22198 0.08942 0.97094
vn -0.65589 -0.2642 -0.70711
vn -0.65589 -0.26421 -0.70711
vn -0.37364 0.92758 -0
vn -0.37364 0.92757 0
vn 0.37362 -0.92758 3E-05
vn 0.37364 -0.92758 1E-05
vn -0.37364 0.92758 -0
vn 0.37364 -0.92757 -1E-05
vn 0.37364 -0.92758 1E-05
vn -0.37363 0.92758 -2E-05
vn -0.75982 -0.30606 -0.57358
vn -0.75982 -0.30606 -0.57358
vn -0.37364 0.92757 -0
vn 0.37364 -0.92757 1E-05
vn 0.37364 -0.92757 1E-05
vn -0.37364 0.92757 -1E-05
vn -0.37363 0.92758 -0
vn -0.37363 0.92758 -0
vn -0.37365 0.92757 -0
vn 0.22198 0.08942 0.97094
vn 0.22197 0.08942 0.97094
vn 0.37363 -0.92758 1E-05
vn 0.43106 0.17364 0.88546
vn 0.61509 0.24777 0.74851
vn 0.43106 0.17364 0.88546
vn -0.37364 0.92758 -1E-05
vn 0.37364 -0.92758 1E-05
vn 0.37364 -0.92757 1E-05
vn 0.37364 -0.92757 -0
vn -0.37364 0.92757 0
vn -0.92081 -0.37092 0.12054
vn -0.76339 -0.3075 0.56804
vn -0.76337 -0.30749 0.56809
vn -0.8673 -0.34936 -0.3546
vn -0.76336 -0.3075 -0.5681
vn 0.37364 -0.92757 -0
vn 0.37364 -0.92758 0
vn 0.37363 -0.92758 2E-05
vn 0.37364 -0.92757 0
vn 0.37363 -0.92758 1E-05
vn 0.37363 -0.92758 1E-05
vn 0.37363 -0.92758 1E-05
vn 0.37364 -0.92757 -0
vn 0.37364 -0.92758 1E-05
vn -0.37363 0.92758 -1E-05
vn -0.37364 0.92758 -1E-05
vn -0.37364 0.92757 -0
vn -0.37364 0.92757 -0
vn -0.37364 0.92758 -1E-05
vn -0.37363 0.92758 -1E-05
vn -0.37364 0.92758 -1E-05
vn -0.37364 0.92757 0
vn -0.22198 -0.08942 -0.97094
vn -0.43106 -0.17364 -0.88546
vn -0.61507 -0.24777 -0.74853
vn 0.43108 0.17363 -0.88545
vn 0.43105 0.17363 -0.88546
vn 0.222 0.08942 -0.97094
vn 0.22199 0.08942 -0.97094
vn -0.37364 0.92757 -0
vn -0.37363 0.92758 -1E-05
vn -0.37364 0.92758 -0
vn 0.8673 0.34935 0.3546
vn 0.76337 0.3075 0.56807
vn 0.37364 -0.92757 1E-05
vn 0.86729 0.34936 0.35462
vn 0.76338 0.3075 0.56807
vn 0.37364 -0.92758 1E-05
vn 0.37363 -0.92758 -0
vn -0.37364 0.92757 -1E-05
vn -0.37363 0.92758 -0
vn -0.37363 0.92758 0
vn 0.92081 0.37091 0.12054
vn -0.37364 0.92758 -0
vn -0.37364 0.92758 -0
vn 0.37364 -0.92757 1E-05
vn -0.37363 0.92758 -1E-05
vn 0.37364 -0.92758 0
vn 0.37364 -0.92758 -0
vn 0.37364 -0.92758 0
vn 0.92081 0.37092 0.12056
vn 0.8673 0.34935 0.3546
vn 0.92082 0.37091 0.12049
vn 0.86728 0.34936 0.35465
vn 0.76338 0.3075 0.56806
vn 0.61511 0.24777 -0.7485
vn 0.86728 0.34935 -0.35464
vn 0.8673 0.34935 -0.35459
vn 0.76339 0.3075 -0.56805
vn 0.76337 0.30749 -0.56809
vn 0.92082 0.37091 -0.12048
vn 0.37364 -0.92758 0
vn 0.37364 -0.92757 -2E-05
vn 0.37363 -0.92758 2E-05
vn 0.37364 -0.92757 -0
vn -0.37364 0.92757 0
vn -0.37364 0.92758 -1E-05
vn -0.37363 0.92758 -1E-05
vn -0.89597 -0.36091 -0.25882
vn -0.89597 -0.3609 -0.25883
vn -0.84067 -0.33863 -0.42262
vn -0.84067 -0.33864 -0.42262
vn -0.37364 0.92758 -1E-05
vn 0.37364 -0.92757 1E-05
vn 0.37364 -0.92757 1E-05
vn 0.37362 -0.92758 -0
vn 0.37365 -0.92757 1E-05
vn 0.37363 -0.92758 0
vn 0.37364 -0.92757 1E-05
vn 0.37365 -0.92757 1E-05
vn 0.37364 -0.92757 1E-05
vn -0.37363 0.92758 -0
vn -0.37364 0.92757 -1E-05
vn -0.37362 0.92758 0
vn -0.37364 0.92757 -1E-05
vn -0.37364 0.92757 -1E-05
vn -0.37364 0.92757 -1E-05
vn -0.37364 0.92757 -1E-05
vn -0.37363 0.92758 -0
vn 0.37364 -0.92758 1E-05
vn -0.61509 -0.24776 0.74852
vn -0.61512 -0.24777 0.74849
vn -0.22198 -0.08941 0.97094
vn -0.22198 -0.08941 0.97094
vn -0.92081 -0.37091 0.12054
vn -0.92081 -0.37091 0.12055
vn 0.61511 0.24777 0.7485
vn 0.22196 0.08941 0.97095
vn 0.22196 0.08941 0.97095
vn 0.61508 0.24777 0.74853
vn 0.76335 0.30749 0.5681
vn 0.37364 -0.92757 -0
vn 0.37364 -0.92758 0
vn -0.37364 0.92758 -0
vn -0.37364 0.92758 -1E-05
vn -0.37364 0.92757 0
vn 0.37364 -0.92758 1E-05
vn -0.37364 0.92758 -1E-05
vn 0.37363 -0.92758 2E-05
vn -0.37363 0.92758 -1E-05
vn -0.37364 0.92758 -1E-05
vn 0.37364 -0.92757 -0
vn 0.37364 -0.92758 1E-05
vn -0.37364 0.92758 -1E-05
vn 0.37364 -0.92757 -0
vn -0.37364 0.92757 0
vn -0.92405 -0.37221 -0.08717
vn -0.92405 -0.37221 -0.08716
vn -0.92081 -0.37091 -0.12056
vn -0.92081 -0.37091 -0.12055
vn -0.8673 -0.34935 -0.3546
vn -0.76335 -0.30749 -0.5681
vn -0.76338 -0.3075 -0.56806
vn -0.43106 -0.17364 -0.88546
vn -0.61511 -0.24777 -0.7485
vn -0.22198 -0.08942 -0.97094
vn -0.61508 -0.24777 -0.74853
vn -0.43106 -0.17364 -0.88546
vn -0.22198 -0.08942 -0.97094
vn 0.8673 0.34935 -0.35459
vn 0.92081 0.37091 -0.12054
vn 0.22199 0.08941 -0.97094
vn 0.43107 0.17363 -0.88545
vn 0.22199 0.08941 -0.97094
vn 0.76339 0.30749 -0.56805
vn 0.61509 0.24776 -0.74852
vn 0.37364 -0.92757 1E-05
vn 0.37364 -0.92757 1E-05
vn 0.37362 -0.92758 -0
vn 0.37364 -0.92757 1E-05
vn 0.37363 -0.92758 0
vn 0.37364 -0.92758 0
vn 0.37365 -0.92757 1E-05
vn 0.37363 -0.92758 0
vn 0.37364 -0.92757 1E-05
vn -0.37363 0.92758 -0
vn -0.37364 0.92757 -1E-05
vn -0.37364 0.92757 -1E-05
vn -0.37363 0.92758 -0
vn -0.37365 0.92757 -1E-05
vn -0.37364 0.92757 -1E-05
vn -0.37363 0.92758 -0
vn 0.37363 -0.92758 0
vn 0.37364 -0.92758 0
vn 0.37364 -0.92758 -0
vn 0.37364 -0.92758 1E-05
vn 0.37363 -0.92758 -0
vn 0.37364 -0.92758 1E-05
vn -0.37364 0.92757 -1E-05
vn -0.37364 0.92758 -0
vn -0.92081 -0.37091 -0.12054
vn -0.37364 0.92757 -1E-05
vn -0.37364 0.92758 0
vn -0.37364 0.92758 -0
vn -0.37363 0.92758 0
vn 0.37364 -0.92758 1E-05
vn -0.37363 0.92758 -0
vn 0.37364 -0.92757 1E-05
vn -0.37364 0.92757 -1E-05
vn -0.37364 0.92757 -1E-05
vn -0.37364 0.92758 -1E-05
vn 0.37365 -0.92757 1E-05
vn -0.43108 -0.17364 0.88545
vn 0.37363 -0.92758 0
vn -0.37362 0.92758 0
vn -0.37365 0.92757 -1E-05
vn -0.61511 -0.24777 0.7485
vn -0.92081 -0.37092 0.12055
vn -0.92082 -0.37091 0.12048
vn -0.76337 -0.30749 0.56808
vn -0.76339 -0.3075 0.56804
vn -0.76339 -0.3075 -0.56805
vn -0.76336 -0.3075 -0.56809
vn 0.37363 -0.92758 1E-05
vn 0.37364 -0.92757 0
vn 0.37364 -0.92757 0
vn 0.37364 -0.92757 -0
vn -0.37364 0.92757 -0
vn -0.37363 0.92758 -1E-05
vn -0.43106 -0.17363 0.88546
vn 0.43107 0.17365 0.88545
vn 0.43107 0.17365 0.88545
vn 0.61507 0.24776 0.74853
vn 0.6151 0.24777 0.74851
vn 0.92081 0.37092 0.12056
vn 0.92081 0.37092 0.12056
vn 0.76336 0.3075 0.56809
vn 0.76339 0.3075 0.56805
vn 0.76337 0.30749 -0.56808
vn 0.7634 0.3075 -0.56804
vn -0.76337 -0.3075 -0.56807
vn -0.92081 -0.37091 -0.12054
vn -0.86729 -0.34936 -0.35462
vn -0.76338 -0.3075 -0.56807
vn -0.8673 -0.34935 -0.3546
vn 0.37364 -0.92758 1E-05
vn -0.37363 0.92758 -1E-05
vn -0.37364 0.92757 0
vn -0.37363 0.92758 -1E-05
vn 0.37363 -0.92758 1E-05
vn -0.37364 0.92758 -0
vn -0.37364 0.92758 -1E-05
vn 0.37364 -0.92758 1E-05
vn -0.61509 -0.24777 -0.74851
vn -0.43106 -0.17364 -0.88546
vn -0.37363 0.92758 -1E-05
vn -0.37364 0.92757 0
vn -0.37364 0.92757 -0
vn -0.37363 0.92758 -1E-05
vn 0.37364 -0.92757 0
vn -0.37364 0.92757 -0
vn 0.37364 -0.92758 1E-05
vn 0.37364 -0.92758 1E-05
vn 0.37364 -0.92757 -0
vn 0.37364 -0.92757 0
vn 0.37364 -0.92757 0
vn 0.37364 -0.92757 0
vn 0.37364 -0.92757 1E-05
vn 0.37363 -0.92758 0
vn 0.37365 -0.92757 0
vn 0.37363 -0.92758 0
vn -0.37364 0.92757 -1E-05
vn -0.37364 0.92757 -0
vn -0.43106 -0.17364 -0.88546
vn -0.37361 0.92758 -1E-05
vn -0.22198 -0.08942 -0.97094
vn -0.22197 -0.08942 -0.97094
vn -0.37364 0.92757 -1E-05
vn 0.37364 -0.92758 1E-05
vn -0.37364 0.92758 -1E-05
vn -0.6151 -0.24777 -0.74851
vn -0.43104 -0.17364 -0.88547
vn -0.43107 -0.17364 -0.88545
vn 0.61508 0.24776 -0.74853
vn 0.61511 0.24777 -0.7485
vn 0.43108 0.17364 -0.88545
vn 0.43108 0.17364 -0.88545
vn 0.37363 -0.92758 -1E-05
vn 0.37364 -0.92757 1E-05
vn 0.37363 -0.92758 -0
vn 0.37364 -0.92758 0
vn 0.37363 -0.92758 -0
vn 0.37363 -0.92758 -0
vn 0.37364 -0.92757 2E-05
vn 0.37363 -0.92758 -1E-05
vn 0.37365 -0.92757 3E-05
vn 0.37364 -0.92757 1E-05
vn -0.37364 0.92757 -1E-05
vn -0.37363 0.92758 2E-05
vn -0.37363 0.92758 0
vn -0.37364 0.92757 -1E-05
vn -0.37363 0.92758 0
vn -0.37364 0.92757 -2E-05
vn 0.37363 -0.92758 0
vn 0.37364 -0.92757 1E-05
vn 0.37364 -0.92757 1E-05
vn -0.37364 0.92757 -2E-05
vn -0.37364 0.92758 -0
vn -0.37364 0.92757 -1E-05
vn -0.37363 0.92758 0
vn -0.43106 -0.17363 0.88546
vn -0.76339 -0.3075 0.56805
vn -0.76337 -0.30748 0.56809
vn -0.43108 -0.17364 0.88545
vn -0.22198 -0.08941 0.97094
vn -0.22198 -0.08941 0.97094
vn -0.92081 -0.37092 0.12054
vn -0.8673 -0.34936 -0.3546
vn -0.8673 -0.34936 -0.3546
vn -0.92081 -0.37092 -0.12056
vn -0.92081 -0.37092 -0.12055
vn -0.37364 0.92757 -1E-05
vn -0.37363 0.92758 1E-05
vn -0.37364 0.92757 -1E-05
vn -0.43103 -0.17363 -0.88547
vn -0.37365 0.92757 -1E-05
vn 0.37364 -0.92757 1E-05
vn -0.37361 0.92759 -0
vn -0.37364 0.92757 -1E-05
vn 0.37365 -0.92757 1E-05
vn 0.37365 -0.92757 1E-05
vn 0.37363 -0.92758 0
vn 0.76338 0.3075 -0.56806
vn 0.76338 0.3075 -0.56806
vn 0.8673 0.34935 -0.35459
vn 0.8673 0.34936 -0.3546
vn 0.92081 0.37091 -0.12053
vn 0.37364 -0.92757 0
vn 0.37364 -0.92757 -0
vn 0.37363 -0.92758 1E-05
vn 0.37364 -0.92758 1E-05
vn 0.37364 -0.92758 1E-05
vn 0.37364 -0.92758 1E-05
vn -0.37364 0.92757 0
vn -0.37363 0.92758 -1E-05
vn -0.37363 0.92758 -1E-05
vn -0.37364 0.92758 -1E-05
vn -0.37363 0.92758 0
vn -0.37364 0.92758 -1E-05
vn 0.37364 -0.92758 1E-05
vn -0.37364 0.92758 -1E-05
vn 0.37365 -0.92757 -0
vn 0.22199 0.08941 -0.97094
vn 0.37363 -0.92758 0
vn 0.37364 -0.92757 0
vn 0.37364 -0.92757 0
vn 0.22199 0.08941 -0.97094
vn -0.37365 0.92757 -1E-05
vn -0.37364 0.92757 -1E-05
vn -0.37363 0.92758 -1E-05
vn -0.37364 0.92757 -0
vn -0.37363 0.92758 -1E-05
vn -0.37364 0.92758 -0
vn 0.37364 -0.92757 1E-05
vn 0.37364 -0.92757 1E-05
vn 0.37364 -0.92758 0
vn 0.43107 0.17364 -0.88545
vn 0.6151 0.24777 -0.74851
vn 0.43107 0.17364 -0.88545
vn 0.37363 -0.92758 -0
vn 0.37363 -0.92758 -0
vn 0.37363 -0.92758 -1E-05
vn 0.37364 -0.92757 1E-05
vn 0.37364 -0.92757 1E-05
vn 0.37364 -0.92758 0
vn 0.37364 -0.92758 1E-05
vn -0.37363 0.92758 0
vn -0.37364 0.92758 -0
vn -0.37364 0.92757 -1E-05
vn -0.37364 0.92758 -0
vn -0.37363 0.92758 0
vn -0.37364 0.92757 -1E-05
vn -0.37364 0.92758 -0
vn -0.37364 0.92757 -1E-05
vn -0.37364 0.92757 -1E-05
vn -0.37363 0.92758 -0
vn -0.61508 -0.24775 0.74853
vn -0.61511 -0.24777 0.7485
vn 0.43105 0.17364 0.88547
vn 0.6151 0.24777 0.74851
vn 0.43107 0.17364 0.88545
vn -0.37364 0.92757 -1E-05
vn -0.7634 -0.3075 0.56804
vn -0.76337 -0.30749 0.56808
vn -0.76336 -0.3075 -0.56809
vn 0.76336 0.30749 -0.56809
vn 0.61512 0.24777 -0.74849
vn 0.37364 -0.92757 0
vn 0.37364 -0.92757 0
vn 0.37364 -0.92757 0
vn 0.37363 -0.92758 1E-05
vn 0.37364 -0.92757 0
vn 0.37365 -0.92757 -0
vn 0.37362 -0.92758 1E-05
vn -0.37363 0.92758 -1E-05
vn -0.37362 0.92758 -1E-05
vn -0.37364 0.92757 -0
vn -0.37364 0.92757 -0
vn -0.37363 0.92758 -1E-05
vn -0.37364 0.92757 -0
vn -0.37364 0.92757 -0
vn -0.37364 0.92757 -0
vn -0.37364 0.92758 -1E-05
vn 0.37364 -0.92758 0
vn 0.37364 -0.92757 1E-05
vn -0.37364 0.92758 -1E-05
vn -0.37364 0.92758 0
vn -0.37364 0.92757 -1E-05
vn 0.37364 -0.92758 0
vn -0.37364 0.92758 -0
vn 0.37363 -0.92758 -1E-05
vn 0.37364 -0.92758 -0
vn -0.37364 0.92758 -1E-05
vn -0.37364 0.92757 -1E-05
vn 0.37364 -0.92758 1E-05
vn 0.37364 -0.92757 1E-05
vn -0.37363 0.92758 0
vn 0.37364 -0.92757 1E-05
vn -0.92405 -0.37221 0.08715
vn -0.92405 -0.37221 0.08715
vn 0.92081 0.37092 0.12056
vn 0.92082 0.37091 0.1205
vn 0.76336 0.3075 0.56809
vn 0.76339 0.3075 0.56805
vn 0.76337 0.30749 -0.56808
vn 0.7634 0.3075 -0.56804
vn 0.92082 0.37092 -0.12048
vn 0.92081 0.37091 -0.12054
vn 0.37363 -0.92758 -0
vn -0.37363 0.92758 0
vn -0.37364 0.92757 -1E-05
vn 0.37364 -0.92757 3E-05
vn 0.37364 -0.92757 1E-05
vn -0.37364 0.92758 0
vn 0.37364 -0.92758 1E-05
vn -0.84067 -0.33863 0.42261
vn -0.37364 0.92758 -0
vn -0.84068 -0.33863 0.42261
vn -0.89597 -0.3609 0.25881
vn -0.89597 -0.36091 0.25882
vn 0.22196 0.08942 0.97095
vn 0.22196 0.08942 0.97095
vn 0.43104 0.17364 0.88547
vn 0.37363 -0.92758 1E-05
vn 0.37364 -0.92757 -0
vn 0.37364 -0.92758 1E-05
vn 0.37363 -0.92758 2E-05
vn 0.92081 0.37092 -0.12054
vn 0.8673 0.34936 -0.35459
vn 0.43105 0.17363 -0.88547
vn 0.61512 0.24777 -0.74849
vn 0.37364 -0.92757 -0
vn 0.37364 -0.92757 -0
vn -0.37364 0.92757 0
vn -0.37363 0.92758 -1E-05
vn -0.37363 0.92758 -1E-05
vn -0.37364 0.92757 0
vn -0.37363 0.92758 -2E-05
vn -0.37364 0.92758 -1E-05
vn -0.43107 -0.17365 -0.88545
vn -0.61507 -0.24776 -0.74853
vn 0.37364 -0.92758 1E-05
vn 0.37365 -0.92757 0
vn 0.37364 -0.92757 1E-05
vn -0.37364 0.92757 -0
vn -0.37364 0.92758 -0
vn 0.37364 -0.92758 1E-05
vn 0.37364 -0.92758 1E-05
vn 0.37363 -0.92758 0
vn 0.37364 -0.92757 1E-05
vn 0.37364 -0.92757 1E-05
vn 0.37363 -0.92758 0
vn -0.37363 0.92758 -1E-05
vn -0.37364 0.92757 -1E-05
vn -0.37364 0.92758 -0
vn -0.37364 0.92757 -1E-05
vn -0.08085 -0.03256 0.99619
vn -0.08085 -0.03256 0.99619
vn -0.24008 -0.0967 0.96592
vn -0.24008 -0.0967 0.96592
vn -0.39202 -0.1579 0.9063
vn -0.37363 0.92758 1E-05
vn -0.37364 0.92757 -1E-05
vn -0.37364 0.92757 -1E-05
vn 0.43108 0.17364 -0.88545
vn 0.61511 0.24777 -0.7485
vn 0.43106 0.17363 -0.88546
vn 0.37362 -0.92758 -2E-05
vn 0.37364 -0.92757 2E-05
vn 0.37363 -0.92758 0
vn 0.37363 -0.92758 0
vn 0.37364 -0.92757 1E-05
vn 0.37362 -0.92758 -1E-05
vn 0.37365 -0.92757 2E-05
vn 0.37364 -0.92757 0
vn 0.37364 -0.92758 0
vn -0.37364 0.92758 -1E-05
vn -0.37364 0.92757 -1E-05
vn -0.37363 0.92758 -0
vn -0.37364 0.92757 -1E-05
vn -0.37364 0.92757 -1E-05
vn -0.37364 0.92757 -1E-05
vn -0.75983 -0.30606 0.57357
vn -0.6559 -0.2642 0.7071
vn -0.6559 -0.2642 0.7071
vn -0.75983 -0.30606 0.57357
vn 0.37364 -0.92758 0
vn -0.37364 0.92758 -1E-05
vn -0.37364 0.92757 -1E-05
vn -0.37363 0.92758 1E-05
vn -0.37364 0.92758 -1E-05
vn -0.39202 -0.15791 0.90631
vn -0.53204 -0.21431 0.81915
vn -0.37363 0.92758 -0
vn -0.37363 0.92758 -1E-05
vn -0.37365 0.92757 -4E-05
vn -0.37363 0.92758 -0
vn -0.37365 0.92757 -1E-05
vn -0.37368 0.92756 -2E-05
vn -0.37364 0.92757 -1E-05
vn -0.37364 0.92758 -1E-05
vn -0.37363 0.92758 -1E-05
vn -0.37364 0.92757 0
vn -0.37363 0.92758 -1E-05
vn -0.37364 0.92757 -1E-05
vn -0.37129 0.92174 -0.11197
vn -0.35267 0.87552 -0.33029
vn -0.35267 0.87552 -0.33029
vn -0.19878 0.4935 -0.84673
vn -0.31636 0.7854 -0.53203
vn -0.2642 0.65589 -0.70711
vn -0.2642 0.65589 -0.70711
vn -0.31636 0.7854 -0.53204
vn -0.19878 0.4935 -0.84673
vn -0.1234 0.30636 -0.94388
vn -0.1234 0.30636 -0.94389
vn -0.04183 0.10385 -0.99371
vn -0.04183 0.10385 -0.99371
vn -0.92757 -0.37364 -1E-05
vn 1E-05 -0 -1
vn 0.37364 -0.92758 1E-05
vn 0.37364 -0.92757 1E-05
vn -0.37364 0.92758 -1E-05
vn -0.37364 0.92757 -1E-05
vn 0.37364 -0.92758 0
vn 0.37363 -0.92758 -0
vn -0.37364 0.92757 -1E-05
vn -0.37363 0.92758 0
vn -0.37364 0.92757 -1E-05
vn -0.37363 0.92758 0
vn 0.37364 -0.92757 1E-05
vn 0.37364 -0.92757 1E-05
vn 0.37363 -0.92758 -0
vn -0.37364 0.92757 -1E-05
vn -0.37364 0.92758 -1E-05
vn -0.37364 0.92757 -1E-05
vn 0.37364 -0.92758 1E-05
vn 0.37364 -0.92757 1E-05
vn 0.37364 -0.92757 1E-05
vn -0.37363 0.92758 -0
vn -0.43108 -0.17364 0.88545
vn -0.76339 -0.30749 0.56805
vn -0.61509 -0.24776 0.74852
vn -0.61512 -0.24777 0.74849
vn -0.76336 -0.30749 0.56809
vn -0.8673 -0.34936 0.35459
vn -0.43108 -0.17364 0.88545
vn -0.92081 -0.37091 0.12055
vn -0.92082 -0.37092 0.12048
vn -0.61509 -0.24776 0.74852
vn -0.61511 -0.24777 0.7485
vn -0.43108 -0.17363 0.88545
vn -0.43108 -0.17364 0.88545
vn -0.22199 -0.08941 0.97094
vn 0.22198 0.08942 0.97094
vn 0.43106 0.17364 0.88546
vn 0.43104 0.17363 0.88547
vn 0.61508 0.24776 0.74853
vn 0.6151 0.24778 0.7485
vn 0.37363 -0.92758 1E-05
vn 0.37364 -0.92757 0
vn -0.37363 0.92758 -1E-05
vn -0.37364 0.92757 -0
vn -0.37364 0.92758 -1E-05
vn 0.37364 -0.92758 0
vn 0.37364 -0.92757 -0
vn 0.37364 -0.92758 0
vn 0.37363 -0.92758 1E-05
vn 0.37363 -0.92758 1E-05
vn 0.37363 -0.92758 2E-05
vn 0.37364 -0.92757 -0
vn 0.37364 -0.92757 0
vn 0.37364 -0.92757 0
vn 0.37363 -0.92758 1E-05
vn 0.37364 -0.92757 -0
vn 0.37363 -0.92758 1E-05
vn -0.37363 0.92758 -2E-05
vn -0.37364 0.92758 -1E-05
vn -0.37364 0.92757 -0
vn -0.37363 0.92758 -1E-05
vn -0.37364 0.92757 2E-05
vn -0.37364 0.92757 -0
vn -0.37364 0.92757 -0
vn -0.37364 0.92758 -1E-05
vn -0.37364 0.92757 0
vn -0.37364 0.92757 -0
vn -0.37363 0.92758 -2E-05
vn -0.37363 0.92758 -1E-05
vn -0.37365 0.92757 -0
vn 0.37363 -0.92758 0
vn -0.37363 0.92758 -1E-05
vn -0.37364 0.92757 -0
vn -0.37365 0.92757 -1E-05
vn 0.37362 -0.92758 1E-05
vn 0.37363 -0.92758 1E-05
vn 0.37364 -0.92757 1E-05
vn 0.37363 -0.92758 1E-05
vn 0.37364 -0.92757 1E-05
vn 0.37364 -0.92757 0
vn -0.37364 0.92757 -0
vn -0.37363 0.92758 -1E-05
vn -0.37364 0.92758 -1E-05
vn -0.08084 -0.03257 -0.9962
vn -0.08084 -0.03257 -0.9962
vn -0.22199 -0.08941 0.97094
vn -0.76339 -0.3075 0.56805
vn -0.76337 -0.30749 0.56809
vn -0.61509 -0.24776 0.74852
vn -0.61511 -0.24777 0.7485
vn -0.92081 -0.37091 0.12054
vn -0.8673 -0.34935 0.35459
vn -0.92081 -0.37091 0.12054
vn 0.43104 0.17363 0.88547
vn 0.43106 0.17364 0.88546
vn 0.22199 0.08943 0.97094
vn 0.22198 0.08942 0.97094
vn 0.92081 0.37091 0.12056
vn 0.92081 0.37092 0.1205
vn 0.86728 0.34935 0.35466
vn 0.8673 0.34936 0.3546
vn 0.6151 0.24778 0.7485
vn 0.76339 0.3075 0.56805
vn 0.61508 0.24776 0.74853
vn 0.76339 0.3075 0.56806
vn -0.8673 -0.34935 -0.3546
vn -0.92081 -0.37091 -0.12056
vn -0.92081 -0.37091 -0.12056
vn -0.43107 -0.17364 -0.88545
vn -0.22197 -0.08942 -0.97094
vn -0.61508 -0.24776 -0.74853
vn -0.43107 -0.17364 -0.88545
vn -0.76338 -0.30751 -0.56806
vn -0.6151 -0.24778 -0.7485
vn -0.76336 -0.30749 -0.5681
vn 0.86729 0.34935 -0.35464
vn 0.8673 0.34936 -0.35459
vn 0.92082 0.37091 -0.12049
vn 0.92081 0.37092 -0.12055
vn 0.43106 0.17363 -0.88546
vn 0.22198 0.08941 -0.97094
vn 0.222 0.08942 -0.97094
vn 0.76339 0.30749 -0.56805
vn 0.76339 0.30749 -0.56805
vn 0.43108 0.17364 -0.88545
vn 0.61508 0.24776 -0.74852
vn 0.61511 0.24777 -0.7485
vn -0.8673 -0.34935 0.35459
vn -0.76337 -0.30748 0.56809
vn -0.92081 -0.37091 0.12054
vn -0.76339 -0.3075 0.56805
vn -0.92081 -0.37091 0.12054
vn -0.8673 -0.34935 -0.3546
vn -0.6151 -0.24778 -0.7485
vn -0.76336 -0.30749 -0.5681
vn -0.76338 -0.30751 -0.56805
vn -0.61508 -0.24776 -0.74853
vn -0.22198 -0.08942 -0.97094
vn -0.43106 -0.17364 -0.88546
vn -0.37364 0.92757 -0
vn 0.37363 -0.92758 1E-05
vn -0.43106 -0.17364 -0.88546
vn -0.37363 0.92758 -1E-05
vn 0.37364 -0.92757 0
vn 0.92081 0.37091 0.12056
vn 0.92081 0.37091 0.12056
vn 0.8673 0.34935 0.3546
vn 0.92081 0.37091 -0.12054
vn 0.8673 0.34935 -0.35459
vn 0.92081 0.37091 -0.12055
vn 0.76339 0.3075 -0.56805
vn 0.76339 0.3075 -0.56805
vn 0.37363 -0.92758 0
vn 0.37364 -0.92757 1E-05
vn 0.22199 0.08941 -0.97094
vn 0.43108 0.17364 -0.88545
vn -0.37364 0.92757 -1E-05
vn 0.43105 0.17363 -0.88546
vn 0.61511 0.24777 -0.7485
vn 0.37364 -0.92757 1E-05
vn 0.37363 -0.92758 -0
vn 0.37363 -0.92758 -0
vn 0.37364 -0.92758 1E-05
vn 0.37364 -0.92757 1E-05
vn 0.37364 -0.92757 1E-05
vn -0.37363 0.92758 -0
vn -0.37363 0.92758 -0
vn -0.37363 0.92758 0
vn -0.37364 0.92757 -1E-05
vn -0.37364 0.92757 -1E-05
vn 0.37364 -0.92757 0
vn 0.37363 -0.92758 1E-05
vn 0.37365 -0.92757 -0
vn 0.37365 -0.92757 -0
vn 0.37363 -0.92758 1E-05
vn 0.37364 -0.92757 0
vn 0.37363 -0.92758 1E-05
vn 0.37363 -0.92758 1E-05
vn 0.37364 -0.92757 0
vn 0.37364 -0.92758 1E-05
vn 0.37363 -0.92758 1E-05
vn -0.37364 0.92757 -0
vn -0.37361 0.92758 -2E-05
vn -0.37363 0.92758 -1E-05
vn -0.37364 0.92757 -0
vn -0.37363 0.92758 -1E-05
vn -0.37363 0.92758 -1E-05
vn -0.37364 0.92757 -0
vn -0.37364 0.92757 -0
vn -0.37364 0.92757 -0
vn -0.37363 0.92758 -1E-05
vn 0.61511 0.24778 0.7485
vn 0.61508 0.24776 0.74853
vn -0.22198 -0.08941 0.97094
vn 0.43107 0.17365 0.88545
vn 0.22198 0.08942 0.97094
vn 0.22196 0.08941 0.97095
vn 0.43105 0.17363 0.88547
vn 0.92081 0.37092 0.1205
vn 0.92081 0.37091 0.12056
vn 0.37364 -0.92758 -1E-05
vn 0.76338 0.30751 0.56806
vn 0.37364 -0.92757 -0
vn 0.37364 -0.92758 0
vn 0.37363 -0.92758 2E-05
vn -0.8673 -0.34935 0.3546
vn -0.37364 0.92758 -0
vn 0.37364 -0.92758 0
vn -0.8673 -0.34936 0.35459
vn -0.76338 -0.3075 0.56807
vn -0.37364 0.92758 -1E-05
vn -0.37363 0.92758 -1E-05
vn -0.76339 -0.30749 0.56806
vn -0.37364 0.92758 -0
vn -0.92081 -0.37092 0.12053
vn -0.37364 0.92758 -1E-05
vn -0.37364 0.92758 -0
vn 0.37364 -0.92757 1E-05
vn -0.37364 0.92758 -1E-05
vn 0.37364 -0.92757 1E-05
vn -0.37363 0.92758 -0
vn -0.37364 0.92758 -0
vn -0.37364 0.92757 -1E-05
vn -0.37364 0.92758 -0
vn 0.37364 -0.92758 1E-05
vn 0.37364 -0.92758 0
vn 0.37363 -0.92758 1E-05
vn 0.37364 -0.92757 0
vn -0.22199 -0.08941 0.97094
vn -0.6151 -0.24776 0.74851
vn -0.43107 -0.17363 0.88545
vn -0.22199 -0.08942 0.97094
vn -0.37364 0.92757 -1E-05
vn -0.61511 -0.24777 0.7485
vn 0.37363 -0.92758 0
vn 0.37364 -0.92757 0
vn 0.37364 -0.92757 0
vn 0.37363 -0.92758 1E-05
vn 0.37363 -0.92758 1E-05
vn 0.37364 -0.92757 1E-05
vn 0.37364 -0.92757 1E-05
vn 0.37363 -0.92758 0
vn 0.22198 0.08942 0.97094
vn 0.22198 0.08942 0.97094
vn -0.37364 0.92757 -1E-05
vn -0.37363 0.92758 -1E-05
vn -0.37364 0.92757 -0
vn -0.37363 0.92758 -1E-05
vn -0.37363 0.92758 -1E-05
vn -0.37364 0.92757 -1E-05
vn -0.37364 0.92757 -0
vn -0.37365 0.92757 -1E-05
vn -0.37363 0.92758 -1E-05
vn -0.37364 0.92758 -1E-05
vn 0.37364 -0.92758 1E-05
vn 0.37364 -0.92757 0
vn -0.24007 -0.09671 -0.96593
vn -0.37364 0.92758 -0
vn 0.37364 -0.92757 0
vn 0.37364 -0.92758 1E-05
vn -0.37363 0.92758 -2E-05
vn -0.37364 0.92757 -0
vn -0.392 -0.15791 -0.90631
vn -0.392 -0.15791 -0.90631
vn 0.37364 -0.92758 1E-05
vn 0.37364 -0.92757 1E-05
vn -0.37364 0.92757 -1E-05
vn -0.37364 0.92757 -1E-05
vn 0.37364 -0.92757 1E-05
vn 0.37363 -0.92758 -0
vn 0.37364 -0.92757 1E-05
vn 0.37364 -0.92758 0
vn 0.37364 -0.92757 1E-05
vn 0.37364 -0.92757 1E-05
vn 0.37364 -0.92757 1E-05
vn -0.37363 0.92758 1E-05
vn -0.37364 0.92757 -1E-05
vn -0.37364 0.92757 -1E-05
vn -0.37363 0.92758 1E-05
vn -0.37364 0.92757 -2E-05
vn -0.37364 0.92757 -1E-05
vn -0.37363 0.92758 0
vn -0.37363 0.92758 -1E-05
vn 0.37364 -0.92757 0
vn -0.37363 0.92758 -1E-05
vn 0.37363 -0.92758 1E-05
vn 0.43104 0.17363 0.88547
vn -0.53203 -0.21431 -0.81916
vn -0.53203 -0.21431 -0.81916
vn -0.37364 0.92758 -1E-05
vn 0.37364 -0.92758 1E-05
vn -0.65589 -0.26421 -0.70711
vn 0.37364 -0.92757 1E-05
vn 0.37363 -0.92758 1E-05
vn 0.37364 -0.92757 0
vn 0.37364 -0.92757 0
vn 0.37364 -0.92757 0
vn 0.37363 -0.92758 1E-05
vn -0.37364 0.92758 -0
vn -0.37364 0.92757 -0
vn -0.37362 0.92758 -1E-05
vn 0.76339 0.3075 0.56806
vn -0.37364 0.92757 0
vn -0.37365 0.92757 0
vn 0.37364 -0.92758 1E-05
vn -0.37363 0.92758 -2E-05
vn -0.37364 0.92758 -1E-05
vn -0.75982 -0.30607 -0.57358
vn 0.37364 -0.92758 0
vn 0.37363 -0.92758 1E-05
vn 0.37364 -0.92757 0
vn 0.37364 -0.92758 1E-05
vn -0.37363 0.92758 -2E-05
vn -0.37364 0.92758 -0
vn -0.37364 0.92758 -0
vn -0.92082 -0.37091 0.12048
vn -0.37364 0.92757 0
vn -0.92081 -0.37092 0.12054
vn -0.92081 -0.37092 -0.1205
vn 0.43106 0.17364 0.88546
vn 0.61509 0.24777 0.74851
vn 0.61509 0.24777 0.74851
vn 0.37364 -0.92757 0
vn 0.37364 -0.92757 0
vn 0.37363 -0.92758 1E-05
vn 0.37363 -0.92758 1E-05
vn 0.37364 -0.92758 1E-05
vn 0.37364 -0.92757 0
vn 0.37364 -0.92757 0
vn -0.37364 0.92758 -0
vn -0.37364 0.92757 -0
vn -0.37364 0.92757 0
vn -0.37364 0.92758 -0
vn -0.37364 0.92757 -0
vn -0.37363 0.92758 -1E-05
vn -0.43106 -0.17364 -0.88546
vn -0.43106 -0.17364 -0.88546
vn 0.92082 0.37092 -0.12048
vn 0.92081 0.37092 0.12049
vn 0.43105 0.17363 -0.88546
vn 0.86728 0.34935 -0.35465
vn 0.8673 0.34935 -0.35459
vn 0.43108 0.17364 -0.88545
vn -0.37363 0.92758 -1E-05
vn -0.37363 0.92758 -1E-05
vn 0.37364 -0.92757 0
vn 0.222 0.08942 -0.97094
vn 0.37364 -0.92757 1E-05
vn 0.22199 0.08941 -0.97094
vn 0.37364 -0.92757 1E-05
vn 0.37364 -0.92757 1E-05
vn 0.37364 -0.92758 1E-05
vn 0.76338 0.3075 0.56807
vn 0.76338 0.3075 0.56807
vn 0.8673 0.34935 0.35462
vn 0.8673 0.34935 0.35462
vn 0.92081 0.37091 0.12054
vn 0.37364 -0.92757 0
vn 0.37364 -0.92757 1E-05
vn -0.37364 0.92758 -0
vn 0.37363 -0.92758 0
vn 0.37363 -0.92758 0
vn 0.37363 -0.92758 0
vn 0.37364 -0.92757 1E-05
vn -0.37362 0.92758 -0
vn -0.37365 0.92757 -1E-05
vn -0.37364 0.92757 -1E-05
vn 0.37363 -0.92758 0
vn 0.37364 -0.92758 -1E-05
vn 0.37364 -0.92758 2E-05
vn 0.37364 -0.92757 1E-05
vn -0.76339 -0.3075 0.56805
vn -0.92082 -0.37092 0.12049
vn -0.61509 -0.24776 0.74852
vn -0.76337 -0.30748 0.56809
vn -0.92081 -0.37091 0.12055
vn -0.37364 0.92758 -1E-05
vn -0.37364 0.92758 -1E-05
vn -0.37363 0.92758 0
vn -0.37364 0.92758 -1E-05
vn -0.37364 0.92758 -0
vn -0.37364 0.92758 -0
vn 0.37364 -0.92758 1E-05
vn -0.37364 0.92758 -0
vn -0.37364 0.92757 1E-05
vn -0.37363 0.92758 -2E-05
vn 0.37364 -0.92758 1E-05
vn 0.37364 -0.92757 -0
vn 0.37364 -0.92758 1E-05
vn -0.37364 0.92757 0
vn 0.37365 -0.92757 1E-05
vn 0.37364 -0.92758 0
vn -0.37364 0.92758 -1E-05
vn -0.37363 0.92758 -0
vn -0.37364 0.92757 -1E-05
vn -0.89597 -0.3609 -0.25883
vn -0.84067 -0.33864 -0.42262
vn -0.84067 -0.33863 -0.42262
vn -0.37364 0.92757 -1E-05
vn 0.37363 -0.92758 1E-05
vn -0.37363 0.92758 -0
vn -0.37364 0.92757 -1E-05
vn 0.76338 0.30751 0.56806
vn 0.61508 0.24776 0.74853
vn 0.43105 0.17363 0.88547
vn 0.43107 0.17365 0.88545
vn 0.61511 0.24778 0.7485
vn -0.37364 0.92758 -1E-05
vn -0.37363 0.92758 -1E-05
vn 0.37364 -0.92758 1E-05
vn -0.37364 0.92757 -0
vn 0.37364 -0.92758 0
vn -0.37364 0.92758 -1E-05
vn -0.37364 0.92757 0
vn -0.92405 -0.37221 -0.08716
vn -0.37364 0.92758 -1E-05
vn -0.37364 0.92757 -0
vn -0.92404 -0.37222 -0.08716
vn 0.37364 -0.92758 0
vn 0.37363 -0.92758 2E-05
vn 0.37364 -0.92758 -1E-05
vn -0.92758 -0.37364 -1E-05
vn -0.92758 -0.37362 -1E-05
vn -0.92757 -0.37365 -1E-05
vn -0.92758 -0.37362 -1E-05
vn -0.19879 0.49351 0.84672
vn -0.2642 0.65589 0.70711
vn -0.19879 0.49351 0.84672
vn -0.12341 0.30636 0.94388
vn -0.12341 0.30636 0.94388
vn -0.04184 0.10386 0.99371
vn -0.04184 0.10386 0.99371
vn -0.26421 0.6559 0.7071
vn -0.35267 0.87552 0.33028
vn -0.31637 0.7854 0.53203
vn -0.31637 0.7854 0.53202
vn -0.35267 0.87552 0.33028
vn -0.37129 0.92174 0.11196
vn 0.92758 0.37364 1E-05
vn -0.75212 -0.65903 -0
vn -0.87991 -0.47514 -1E-05
vn -0.58661 -0.80987 -0
vn -0.39169 -0.9201 -0
vn -0.17714 -0.98419 0
vn 0.04632 -0.99893 0
vn 0.26743 -0.96358 0
vn 0.58665 0.80984 0
vn 0.39168 0.9201 0
vn 0.87991 0.47514 1E-05
vn 0.75208 0.65907 0
vn -0.04632 0.99893 -0
vn -0.26744 0.96357 -0
vn 0.17715 0.98418 -0
vn 0.37364 -0.92758 1E-05
vn -0.92081 -0.37092 -0.12049
vn -0.76338 -0.30751 -0.56806
vn -0.8673 -0.34936 -0.3546
vn -0.61508 -0.24776 -0.74853
vn -0.76336 -0.30749 -0.5681
vn -0.43106 -0.17364 -0.88546
vn -0.61511 -0.24778 -0.7485
vn -0.43106 -0.17364 -0.88546
vn -0.92081 -0.37091 -0.12056
vn 0.37364 -0.92757 0
vn 0.37364 -0.92757 -0
vn 0.37363 -0.92758 1E-05
vn -0.37364 0.92758 -1E-05
vn -0.37364 0.92757 -0
vn 0.37364 -0.92758 1E-05
vn -0.37363 0.92758 -1E-05
vn -0.37364 0.92757 -0
vn 0.37364 -0.92758 1E-05
vn 0.37364 -0.92757 0
vn -0.37364 0.92757 -0
vn -0.37363 0.92758 -1E-05
vn 0.37364 -0.92757 0
vn -0.37363 0.92758 -1E-05
vn -0.37364 0.92758 -1E-05
vn 0.37364 -0.92758 1E-05
vn 0.37363 -0.92758 1E-05
vn 0.37364 -0.92757 -0
vn -0.37364 0.92757 -0
vn -0.37364 0.92757 0
vn -0.37363 0.92758 -0
vn -0.37363 0.92758 -0
vn -0.37364 0.92757 -1E-05
vn -0.37364 0.92758 -0
vn -0.37365 0.92757 3E-05
vn -0.37365 0.92757 -0
vn -0.37368 0.92756 1E-05
vn -0.37364 0.92757 0
vn -0.37364 0.92758 -1E-05
vn -0.37363 0.92758 -1E-05
vn -0.22198 -0.08942 -0.97094
vn 0.61512 0.24777 -0.74849
vn 0.61509 0.24776 -0.74852
vn 0.43105 0.17362 -0.88547
vn 0.43107 0.17364 -0.88545
vn 0.76339 0.3075 -0.56805
vn 0.8673 0.34936 -0.35459
vn 0.86729 0.34935 -0.35465
vn 0.92082 0.37091 -0.12048
vn 0.37364 -0.92758 1E-05
vn 0.92081 0.37092 -0.12054
vn 0.37363 -0.92758 0
vn 0.37364 -0.92757 1E-05
vn 0.37364 -0.92757 1E-05
vn 0.37363 -0.92758 0
vn 0.37363 -0.92758 0
vn 0.37365 -0.92757 1E-05
vn 0.37363 -0.92758 0
vn 0.37363 -0.92758 0
vn 0.37364 -0.92757 1E-05
vn 0.37365 -0.92757 1E-05
vn -0.37363 0.92758 -0
vn -0.37361 0.92758 1E-05
vn -0.37364 0.92757 -1E-05
vn -0.37364 0.92757 -1E-05
vn -0.37364 0.92757 -1E-05
vn -0.37363 0.92758 -0
vn -0.37364 0.92757 -1E-05
vn -0.37363 0.92758 -0
vn -0.37364 0.92757 -1E-05
vn -0.37363 0.92758 -0
vn 0.37364 -0.92757 0
vn -0.92081 -0.37092 -0.12054
vn 0.37364 -0.92758 2E-05
vn -0.37364 0.92758 -0
vn 0.37363 -0.92758 -1E-05
vn -0.37364 0.92758 -0
vn -0.76338 -0.3075 -0.56807
vn -0.86729 -0.34935 -0.35462
vn -0.37363 0.92758 0
vn -0.37364 0.92758 -1E-05
vn -0.37364 0.92758 -0
vn -0.76337 -0.30749 -0.56808
vn -0.8673 -0.34936 -0.3546
vn 0.37364 -0.92758 1E-05
vn -0.37364 0.92757 -1E-05
vn -0.37363 0.92758 -0
vn 0.37363 -0.92758 0
vn -0.43108 -0.17364 0.88545
vn 0.37364 -0.92757 1E-05
vn -0.43108 -0.17364 0.88545
vn -0.61511 -0.24777 0.7485
vn -0.92081 -0.37091 0.12054
vn -0.76337 -0.30749 0.56808
vn -0.61508 -0.24775 0.74853
vn -0.76339 -0.3075 0.56804
vn -0.76336 -0.30749 -0.56809
vn -0.76339 -0.30751 -0.56805
vn 0.37364 -0.92757 0
vn 0.37364 -0.92758 1E-05
vn 0.37363 -0.92758 1E-05
vn 0.37363 -0.92758 1E-05
vn 0.37364 -0.92757 0
vn 0.37364 -0.92758 0
vn 0.37364 -0.92757 0
vn 0.37364 -0.92757 -0
vn 0.6151 0.24778 0.74851
vn 0.61507 0.24776 0.74853
vn -0.37364 0.92757 -0
vn -0.37363 0.92758 -1E-05
vn -0.37364 0.92757 -0
vn -0.37364 0.92757 -0
vn -0.37363 0.92758 -1E-05
vn -0.37364 0.92757 -0
vn -0.37364 0.92757 0
vn -0.37363 0.92758 -1E-05
vn -0.37363 0.92758 -1E-05
vn 0.92081 0.37091 0.12056
vn 0.76339 0.3075 0.56805
vn 0.92081 0.37091 0.12056
vn 0.76339 0.3075 0.56805
vn 0.7634 0.3075 -0.56804
vn 0.7634 0.3075 -0.56804
vn 0.37364 -0.92757 -0
vn -0.22197 -0.08942 -0.97094
vn -0.61509 -0.24777 -0.74851
vn -0.43106 -0.17364 -0.88546
vn -0.6151 -0.24778 -0.74851
vn -0.22198 -0.08942 -0.97094
vn -0.37364 0.92757 -1E-05
vn -0.37363 0.92758 -0
vn 0.37364 -0.92757 1E-05
vn 0.37364 -0.92757 1E-05
vn 0.37363 -0.92758 0
vn -0.37364 0.92758 -1E-05
vn -0.37364 0.92757 -0
vn 0.37363 -0.92758 1E-05
vn -0.37364 0.92758 -1E-05
vn 0.37363 -0.92758 0
vn 0.37363 -0.92758 0
vn 0.37364 -0.92757 1E-05
vn 0.37364 -0.92757 0
vn -0.37363 0.92758 -1E-05
vn -0.37364 0.92757 -0
vn -0.37363 0.92758 -1E-05
vn -0.37363 0.92758 -0
vn -0.37365 0.92757 -0
vn -0.37364 0.92757 -0
vn 0.37364 -0.92757 0
vn 0.37363 -0.92758 1E-05
vn 0.43107 0.17363 -0.88545
vn -0.37364 0.92757 -0
vn 0.22199 0.08941 -0.97094
vn -0.37364 0.92757 -1E-05
vn 0.22199 0.08941 -0.97094
vn -0.61507 -0.24776 -0.74853
vn -0.6151 -0.24778 -0.74851
vn 0.43108 0.17364 -0.88545
vn 0.43106 0.17363 -0.88546
vn 0.61511 0.24777 -0.7485
vn 0.61508 0.24776 -0.74853
vn 0.37363 -0.92758 -0
vn 0.37363 -0.92758 -0
vn 0.37364 -0.92757 1E-05
vn 0.37364 -0.92757 1E-05
vn 0.37364 -0.92757 1E-05
vn 0.37363 -0.92758 0
vn 0.37363 -0.92758 -1E-05
vn 0.37364 -0.92758 1E-05
vn 0.37364 -0.92757 1E-05
vn 0.37363 -0.92758 0
vn -0.37363 0.92758 1E-05
vn -0.37364 0.92757 -1E-05
vn -0.37364 0.92757 -1E-05
vn -0.37364 0.92757 -1E-05
vn -0.37364 0.92758 -0
vn -0.37363 0.92758 -0
vn -0.37363 0.92758 1E-05
vn -0.37364 0.92758 -0
vn -0.37364 0.92757 -3E-05
vn -0.37364 0.92757 -1E-05
vn 0.37363 -0.92758 0
vn 0.37364 -0.92757 1E-05
vn 0.37364 -0.92758 1E-05
vn -0.37364 0.92758 -0
vn -0.37364 0.92757 -1E-05
vn -0.37363 0.92758 -0
vn -0.22198 -0.08941 0.97094
vn -0.76339 -0.3075 0.56805
vn -0.76337 -0.30748 0.56809
vn -0.92081 -0.37091 0.12054
vn 0.76338 0.3075 0.56806
vn 0.61511 0.24778 0.7485
vn 0.76338 0.3075 0.56806
vn -0.8673 -0.34935 -0.3546
vn -0.92081 -0.37091 -0.12055
vn -0.43106 -0.17364 -0.88546
vn -0.61508 -0.24776 -0.74853
vn -0.22198 -0.08942 -0.97094
vn -0.43106 -0.17364 -0.88546
vn 0.43107 0.17363 -0.88545
vn 0.61512 0.24777 -0.74849
vn 0.43105 0.17363 -0.88547
vn 0.92082 0.37092 -0.12048
vn 0.92081 0.37091 -0.12054
vn 0.61509 0.24776 -0.74852
vn -0.37365 0.92757 -1E-05
vn -0.37364 0.92757 -1E-05
vn -0.37365 0.92757 -0
vn -0.37363 0.92758 -0
vn -0.37363 0.92758 -0
vn 0.37362 -0.92758 0
vn 0.37364 -0.92757 1E-05
vn -0.08085 -0.03256 0.99619
vn -0.08085 -0.03256 0.99619
vn 0.37364 -0.92757 1E-05
vn 0.37364 -0.92757 1E-05
vn 0.37363 -0.92758 0
vn -0.37364 0.92757 -1E-05
vn -0.37363 0.92758 -0
vn -0.37364 0.92758 -1E-05
vn 0.37364 -0.92757 0
vn 0.37364 -0.92757 0
vn 0.92081 0.37091 -0.12053
vn 0.8673 0.34935 -0.3546
vn 0.37364 -0.92757 1E-05
vn 0.8673 0.34935 -0.3546
vn 0.76339 0.30749 -0.56806
vn 0.76339 0.30749 -0.56806
vn 0.37364 -0.92758 2E-05
vn -0.37364 0.92758 -0
vn -0.37363 0.92758 -1E-05
vn -0.37364 0.92758 -1E-05
vn 0.37364 -0.92758 -1E-05
vn -0.37364 0.92758 -1E-05
vn -0.76336 -0.30749 -0.5681
vn -0.92081 -0.37091 -0.12056
vn -0.76338 -0.30751 -0.56806
vn -0.92081 -0.37092 -0.12049
vn 0.37364 -0.92757 0
vn 0.37363 -0.92758 1E-05
vn 0.37364 -0.92757 0
vn 0.37363 -0.92758 1E-05
vn 0.37363 -0.92758 1E-05
vn 0.37363 -0.92758 1E-05
vn 0.37365 -0.92757 -0
vn -0.37364 0.92758 -1E-05
vn -0.37365 0.92757 0
vn -0.37364 0.92757 -0
vn -0.37362 0.92758 -1E-05
vn -0.37364 0.92757 -0
vn -0.37363 0.92758 -1E-05
vn 0.37364 -0.92757 1E-05
vn 0.37363 -0.92758 0
vn 0.37364 -0.92757 1E-05
vn 0.37364 -0.92757 1E-05
vn 0.37364 -0.92757 1E-05
vn 0.37363 -0.92758 -0
vn 0.37364 -0.92758 0
vn 0.6151 0.24776 -0.74851
vn -0.37364 0.92758 -1E-05
vn -0.37364 0.92757 -1E-05
vn -0.37364 0.92758 -1E-05
vn -0.37363 0.92758 0
vn -0.37364 0.92757 -1E-05
vn 0.6151 0.24776 -0.74851
vn -0.37364 0.92757 -1E-05
vn 0.37363 -0.92758 0
vn 0.37364 -0.92758 0
vn -0.37364 0.92758 -1E-05
vn -0.37363 0.92758 1E-05
vn 0.37364 -0.92757 1E-05
vn -0.37364 0.92758 -1E-05
vn -0.37364 0.92757 -1E-05
vn -0.92082 -0.37091 0.12048
vn -0.92081 -0.37092 0.12055
vn -0.37363 0.92758 -0
vn -0.37363 0.92758 -0
vn 0.37364 -0.92757 0
vn 0.43105 0.17363 0.88547
vn 0.76339 0.3075 0.56805
vn 0.92081 0.37092 0.1205
vn 0.92082 0.37091 -0.12048
vn 0.92081 0.37092 -0.12054
vn 0.43107 0.17364 -0.88545
vn 0.76339 0.3075 -0.56805
vn 0.61509 0.24776 -0.74852
vn 0.43105 0.17362 -0.88547
vn 0.76339 0.3075 -0.56805
vn 0.61512 0.24777 -0.74849
vn -0.37364 0.92757 -0
vn 0.37363 -0.92758 -0
vn 0.37364 -0.92758 2E-05
vn 0.37364 -0.92758 1E-05
vn 0.37363 -0.92758 -1E-05
vn -0.92405 -0.37221 0.08715
vn -0.92404 -0.37222 0.08715
vn 0.37364 -0.92758 1E-05
vn -0.37364 0.92758 -0
vn -0.37364 0.92758 -0
vn -0.37364 0.92757 -1E-05
vn -0.37364 0.92757 -1E-05
vn -0.37363 0.92758 0
vn -0.37364 0.92758 -0
vn -0.37364 0.92757 -1E-05
vn 0.37364 -0.92758 0
vn -0.37364 0.92757 -0
vn -0.37363 0.92758 -1E-05
vn -0.37364 0.92758 -0
vn 0.37364 -0.92758 1E-05
vn 0.37364 -0.92758 -0
vn 0.37364 -0.92757 1E-05
vn 0.37364 -0.92758 0
vn -0.37364 0.92758 -1E-05
vn 0.37364 -0.92758 0
vn -0.37364 0.92757 -1E-05
vn -0.37363 0.92758 0
vn -0.37364 0.92757 -2E-05
vn -0.84068 -0.33863 0.42261
vn -0.84067 -0.33863 0.42261
vn -0.89597 -0.3609 0.25882
vn 0.37364 -0.92757 0
vn 0.37364 -0.92757 0
vn 0.37364 -0.92757 0
vn 0.37364 -0.92757 0
vn 0.37364 -0.92758 1E-05
vn 0.37363 -0.92758 1E-05
vn -0.37364 0.92757 0
vn -0.37363 0.92758 -2E-05
vn -0.37364 0.92757 1E-05
vn -0.37364 0.92757 -0
vn -0.37363 0.92758 -1E-05
vn -0.37364 0.92757 0
vn -0.37363 0.92758 -2E-05
vn 0.43106 0.17363 -0.88546
vn 0.222 0.08942 -0.97094
vn 0.22199 0.08942 -0.97094
vn 0.37364 -0.92757 1E-05
vn -0.37363 0.92758 -0
vn 0.37363 -0.92758 0
vn -0.37363 0.92758 -0
vn -0.24008 -0.0967 0.96592
vn 0.37364 -0.92758 0
vn -0.37364 0.92758 -1E-05
vn -0.37363 0.92758 0
vn 0.37364 -0.92757 1E-05
vn -0.37364 0.92757 -1E-05
vn -0.37364 0.92758 -1E-05
vn 0.37364 -0.92758 0
vn 0.37364 -0.92757 1E-05
vn -0.39202 -0.15791 0.90631
vn -0.39202 -0.1579 0.9063
vn 0.37364 -0.92758 1E-05
vn -0.37364 0.92757 -1E-05
vn -0.37364 0.92757 -1E-05
vn 0.37364 -0.92757 0
vn 0.37363 -0.92758 0
vn 0.37364 -0.92757 1E-05
vn 0.37364 -0.92757 1E-05
vn 0.37364 -0.92757 1E-05
vn 0.37363 -0.92758 0
vn 0.37364 -0.92757 1E-05
vn -0.37364 0.92758 -1E-05
vn -0.37365 0.92757 -1E-05
vn -0.37363 0.92758 1E-05
vn -0.37364 0.92757 -1E-05
vn -0.37362 0.92758 0
vn -0.37364 0.92757 -1E-05
vn -0.75983 -0.30607 0.57357
vn -0.37364 0.92758 -0
vn 0.37364 -0.92758 0
vn -0.6559 -0.2642 0.7071
vn -0.37364 0.92758 -0
vn -0.53204 -0.2143 0.81915
vn -0.53204 -0.21431 0.81915
vn 0.37364 -0.92758 1E-05
f 1//1 2//1 3//1
f 2//2 4//2 3//2
f 5//3 4//3 6//3
f 6//4 4//4 7//4
f 7//5 4//5 8//5
f 8//6 4//6 2//6
f 9//7 10//7 11//7
f 12//8 11//8 13//8
f 13//9 11//9 14//9
f 14//10 11//10 5//10
f 11//11 10//11 4//11
f 11//12 4//12 5//12
f 15//13 9//13 11//13
f 16//14 17//14 18//14
f 4//15 17//15 16//15
f 4//16 10//16 17//16
f 19//17 12//17 20//17
f 19//17 11//17 12//17
f 21//18 22//18 23//18
f 23//18 22//18 24//18
f 21//18 23//18 25//18
f 26//18 27//18 21//18
f 27//18 22//18 21//18
f 27//18 28//18 22//18
f 29//18 30//18 22//18
f 28//18 31//18 32//18
f 28//18 32//18 33//18
f 34//18 29//18 22//18
f 35//18 34//18 22//18
f 28//18 33//18 36//18
f 22//18 36//18 35//18
f 28//18 36//18 22//18
f 37//19 31//19 38//19
f 39//20 31//20 40//20
f 40//21 31//21 41//21
f 28//22 42//22 43//22
f 28//23 43//23 44//23
f 45//24 31//24 37//24
f 41//25 31//25 45//25
f 28//26 44//26 46//26
f 28//27 46//27 47//27
f 28//28 47//28 48//28
f 28//29 49//29 42//29
f 28//30 50//30 51//30
f 28//31 51//31 52//31
f 28//32 52//32 49//32
f 53//33 31//33 54//33
f 55//34 31//34 53//34
f 56//35 31//35 55//35
f 54//36 31//36 39//36
f 57//37 58//37 28//37
f 59//38 21//38 25//38
f 57//37 28//37 27//37
f 60//39 27//39 26//39
f 59//38 61//38 21//38
f 60//39 57//39 27//39
f 61//40 26//40 21//40
f 61//40 60//40 26//40
f 59//41 25//41 23//41
f 62//42 63//42 24//42
f 62//42 24//42 22//42
f 63//43 64//43 23//43
f 63//43 23//43 24//43
f 64//41 59//41 23//41
f 33//44 65//44 36//44
f 66//45 67//45 35//45
f 68//46 69//46 32//46
f 65//44 66//44 36//44
f 36//45 66//45 35//45
f 69//47 65//47 33//47
f 32//47 69//47 33//47
f 31//46 68//46 32//46
f 70//48 71//48 34//48
f 29//49 71//49 30//49
f 34//48 71//48 29//48
f 35//50 67//50 34//50
f 67//50 70//50 34//50
f 71//49 72//49 30//49
f 56//51 68//51 31//51
f 58//52 50//52 28//52
f 30//18 73//18 22//18
f 30//18 74//18 73//18
f 74//53 75//53 73//53
f 73//54 75//54 76//54
f 76//55 77//55 78//55
f 75//56 77//56 76//56
f 77//57 79//57 78//57
f 80//58 19//58 20//58
f 81//59 82//59 83//59
f 83//60 82//60 80//60
f 84//61 81//61 85//61
f 85//62 81//62 83//62
f 79//63 84//63 86//63
f 86//63 84//63 85//63
f 82//64 19//64 80//64
f 78//57 79//57 86//57
f 72//65 87//65 74//65
f 72//65 74//65 30//65
f 88//66 62//66 22//66
f 73//66 88//66 22//66
f 76//67 88//67 73//67
f 89//67 88//67 76//67
f 90//68 91//68 86//68
f 92//69 79//69 77//69
f 93//70 94//70 77//70
f 93//70 77//70 75//70
f 93//71 75//71 74//71
f 78//72 91//72 76//72
f 86//68 91//68 78//68
f 95//73 96//73 97//73
f 95//73 97//73 98//73
f 97//18 99//18 100//18
f 101//74 96//74 102//74
f 96//75 103//75 104//75
f 96//75 104//75 97//75
f 97//18 100//18 105//18
f 102//74 96//74 106//74
f 106//74 96//74 95//74
f 97//18 105//18 98//18
f 103//76 107//76 108//76
f 103//76 108//76 104//76
f 104//18 109//18 97//18
f 104//18 110//18 109//18
f 111//74 103//74 112//74
f 97//18 109//18 99//18
f 112//74 103//74 96//74
f 112//74 96//74 101//74
f 104//18 113//18 110//18
f 108//18 113//18 104//18
f 108//18 114//18 113//18
f 115//74 107//74 103//74
f 115//74 103//74 111//74
f 116//74 107//74 115//74
f 117//74 118//74 107//74
f 119//18 120//18 108//18
f 121//74 122//74 107//74
f 122//74 117//74 107//74
f 123//18 124//18 108//18
f 107//77 119//77 108//77
f 107//77 118//77 119//77
f 120//18 123//18 108//18
f 118//78 3//78 119//78
f 118//78 1//78 3//78
f 3//18 125//18 119//18
f 119//18 125//18 126//18
f 3//18 127//18 128//18
f 119//18 126//18 120//18
f 3//18 129//18 125//18
f 3//18 128//18 129//18
f 130//74 118//74 131//74
f 130//74 1//74 118//74
f 132//74 1//74 133//74
f 131//74 118//74 117//74
f 133//74 1//74 134//74
f 134//74 1//74 130//74
f 121//74 107//74 116//74
f 108//18 124//18 114//18
f 126//79 125//79 131//79
f 130//80 129//80 134//80
f 125//80 129//80 130//80
f 131//79 125//79 130//79
f 120//81 126//81 117//81
f 117//81 126//81 131//81
f 123//82 120//82 122//82
f 122//82 120//82 117//82
f 135//83 124//83 136//83
f 136//83 124//83 121//83
f 121//84 123//84 122//84
f 124//84 123//84 121//84
f 136//74 121//74 116//74
f 137//74 136//74 138//74
f 137//74 138//74 139//74
f 140//18 141//18 142//18
f 143//74 137//74 139//74
f 144//18 140//18 142//18
f 135//18 140//18 144//18
f 136//74 116//74 138//74
f 124//18 135//18 114//18
f 114//18 135//18 144//18
f 145//85 146//85 147//85
f 147//85 146//85 148//85
f 143//86 140//86 137//86
f 148//87 141//87 143//87
f 141//86 140//86 143//86
f 137//88 135//88 136//88
f 146//87 141//87 148//87
f 140//88 135//88 137//88
f 98//18 149//18 150//18
f 150//18 151//18 152//18
f 153//74 95//74 154//74
f 154//89 98//89 150//89
f 154//89 95//89 98//89
f 155//90 150//90 152//90
f 155//90 154//90 150//90
f 156//74 154//74 155//74
f 157//91 155//91 152//91
f 157//91 152//91 158//91
f 152//18 159//18 158//18
f 160//74 155//74 157//74
f 161//74 155//74 160//74
f 151//18 162//18 152//18
f 152//18 162//18 159//18
f 161//74 156//74 155//74
f 163//74 106//74 95//74
f 149//18 164//18 150//18
f 105//18 165//18 98//18
f 153//74 163//74 95//74
f 156//74 166//74 154//74
f 167//18 151//18 150//18
f 165//18 149//18 98//18
f 164//18 167//18 150//18
f 168//74 153//74 154//74
f 166//74 168//74 154//74
f 149//92 165//92 153//92
f 153//92 165//92 163//92
f 163//93 105//93 106//93
f 100//94 99//94 102//94
f 102//94 99//94 101//94
f 105//95 100//95 106//95
f 106//95 100//95 102//95
f 165//93 105//93 163//93
f 151//96 167//96 156//96
f 166//97 164//97 168//97
f 167//97 164//97 166//97
f 169//98 151//98 156//98
f 164//99 149//99 168//99
f 168//99 149//99 153//99
f 170//98 151//98 169//98
f 156//96 167//96 166//96
f 171//18 172//18 173//18
f 174//74 175//74 176//74
f 176//74 169//74 177//74
f 176//74 175//74 169//74
f 171//18 173//18 170//18
f 170//18 173//18 178//18
f 177//74 169//74 156//74
f 177//74 156//74 161//74
f 151//18 178//18 162//18
f 170//18 178//18 151//18
f 113//100 114//100 116//100
f 101//101 109//101 112//101
f 99//101 109//101 101//101
f 112//102 110//102 111//102
f 109//102 110//102 112//102
f 115//100 113//100 116//100
f 111//103 113//103 115//103
f 110//103 113//103 111//103
f 179//104 180//104 181//104
f 116//105 144//105 138//105
f 182//104 180//104 179//104
f 183//106 182//106 184//106
f 184//106 182//106 179//106
f 142//107 183//107 139//107
f 139//107 183//107 184//107
f 144//108 142//108 138//108
f 138//108 142//108 139//108
f 114//105 144//105 116//105
f 185//109 186//109 187//109
f 188//110 189//110 190//110
f 171//111 170//111 175//111
f 175//111 170//111 169//111
f 189//112 171//112 190//112
f 187//109 186//109 188//109
f 190//112 171//112 175//112
f 186//110 189//110 188//110
f 191//113 185//113 192//113
f 192//113 185//113 187//113
f 181//114 193//114 194//114
f 180//114 193//114 181//114
f 194//115 195//115 196//115
f 193//115 195//115 194//115
f 197//116 191//116 198//116
f 196//117 197//117 198//117
f 195//117 197//117 196//117
f 198//116 191//116 192//116
f 148//74 143//74 184//74
f 145//18 199//18 146//18
f 142//18 141//18 183//18
f 141//18 146//18 183//18
f 146//18 199//18 183//18
f 143//74 139//74 184//74
f 200//74 148//74 184//74
f 200//74 147//74 148//74
f 182//18 201//18 180//18
f 182//18 199//18 201//18
f 193//18 201//18 195//18
f 183//18 199//18 182//18
f 180//18 201//18 193//18
f 202//74 194//74 196//74
f 202//74 179//74 181//74
f 202//74 181//74 194//74
f 201//118 199//118 202//118
f 202//118 199//118 200//118
f 200//74 184//74 179//74
f 200//74 179//74 202//74
f 185//18 203//18 186//18
f 204//74 187//74 188//74
f 174//74 190//74 175//74
f 189//18 172//18 171//18
f 205//74 204//74 206//74
f 204//74 188//74 207//74
f 208//18 203//18 209//18
f 186//18 203//18 208//18
f 203//18 210//18 209//18
f 186//18 208//18 189//18
f 207//74 190//74 174//74
f 207//74 188//74 190//74
f 204//74 207//74 206//74
f 189//18 208//18 172//18
f 211//18 203//18 191//18
f 197//18 211//18 191//18
f 195//18 201//18 211//18
f 195//18 211//18 197//18
f 191//18 203//18 185//18
f 204//74 192//74 187//74
f 204//74 212//74 192//74
f 211//119 201//119 212//119
f 212//74 196//74 198//74
f 202//74 196//74 212//74
f 212//74 198//74 192//74
f 212//119 201//119 202//119
f 205//120 203//120 204//120
f 210//120 203//120 205//120
f 204//121 211//121 212//121
f 203//121 211//121 204//121
f 213//74 1//74 132//74
f 214//74 1//74 213//74
f 3//18 215//18 216//18
f 3//18 216//18 127//18
f 132//122 127//122 213//122
f 129//123 128//123 134//123
f 134//123 128//123 133//123
f 128//124 127//124 133//124
f 127//122 216//122 213//122
f 133//124 127//124 132//124
f 217//125 218//125 219//125
f 220//126 221//126 222//126
f 218//126 221//126 220//126
f 213//127 215//127 214//127
f 219//125 218//125 220//125
f 215//128 217//128 214//128
f 214//128 217//128 219//128
f 216//127 215//127 213//127
f 3//18 223//18 224//18
f 3//18 224//18 225//18
f 3//18 225//18 215//18
f 226//74 1//74 214//74
f 227//74 1//74 226//74
f 228//74 1//74 227//74
f 215//18 225//18 217//18
f 217//18 225//18 229//18
f 226//74 219//74 230//74
f 226//74 214//74 219//74
f 230//74 219//74 220//74
f 217//18 229//18 218//18
f 231//129 232//129 233//129
f 233//129 232//129 234//129
f 235//114 231//114 236//114
f 236//114 231//114 233//114
f 221//130 235//130 222//130
f 222//130 235//130 236//130
f 237//131 238//131 239//131
f 240//131 238//131 237//131
f 239//132 241//132 242//132
f 238//132 241//132 239//132
f 234//133 240//133 237//133
f 232//133 240//133 234//133
f 243//18 244//18 245//18
f 245//18 244//18 145//18
f 240//18 246//18 238//18
f 238//18 246//18 241//18
f 241//18 246//18 243//18
f 243//18 246//18 244//18
f 247//74 248//74 249//74
f 247//74 249//74 147//74
f 245//134 145//134 249//134
f 241//135 243//135 242//135
f 249//134 145//134 147//134
f 243//136 245//136 248//136
f 242//135 243//135 248//135
f 248//136 245//136 249//136
f 250//74 237//74 239//74
f 250//74 239//74 242//74
f 250//74 248//74 247//74
f 250//74 242//74 248//74
f 231//18 251//18 232//18
f 252//18 251//18 231//18
f 253//18 252//18 235//18
f 235//18 252//18 231//18
f 221//18 253//18 235//18
f 218//18 254//18 221//18
f 221//18 254//18 253//18
f 218//18 229//18 254//18
f 255//74 256//74 236//74
f 255//74 236//74 233//74
f 230//74 220//74 257//74
f 258//74 233//74 234//74
f 257//74 222//74 256//74
f 257//74 220//74 222//74
f 258//74 255//74 233//74
f 256//74 222//74 236//74
f 232//18 259//18 240//18
f 240//18 259//18 246//18
f 260//74 234//74 237//74
f 260//74 237//74 250//74
f 258//74 234//74 260//74
f 232//18 251//18 259//18
f 256//81 254//81 257//81
f 253//81 254//81 256//81
f 252//137 253//137 255//137
f 257//138 229//138 230//138
f 254//138 229//138 257//138
f 255//137 253//137 256//137
f 251//139 252//139 258//139
f 258//139 252//139 255//139
f 261//140 251//140 258//140
f 262//140 251//140 261//140
f 262//18 263//18 264//18
f 251//18 262//18 259//18
f 259//18 262//18 264//18
f 263//18 265//18 264//18
f 266//87 265//87 267//87
f 268//87 265//87 266//87
f 267//96 263//96 269//96
f 261//74 258//74 260//74
f 261//74 260//74 270//74
f 265//96 263//96 267//96
f 269//74 261//74 270//74
f 269//141 262//141 261//141
f 263//141 262//141 269//141
f 267//74 269//74 270//74
f 223//142 271//142 272//142
f 225//143 224//143 226//143
f 224//124 223//124 227//124
f 227//124 223//124 228//124
f 230//144 225//144 226//144
f 226//143 224//143 227//143
f 229//144 225//144 230//144
f 228//142 223//142 272//142
f 273//145 274//145 275//145
f 276//145 274//145 273//145
f 274//146 277//146 275//146
f 275//146 277//146 278//146
f 272//147 279//147 280//147
f 271//147 279//147 272//147
f 280//128 281//128 282//128
f 279//128 281//128 280//128
f 281//125 276//125 282//125
f 282//125 276//125 273//125
f 283//148 284//148 285//148
f 285//148 284//148 286//148
f 287//85 268//85 288//85
f 288//85 268//85 266//85
f 286//149 289//149 290//149
f 289//150 287//150 290//150
f 284//149 289//149 286//149
f 290//150 287//150 288//150
f 291//151 292//151 293//151
f 294//152 283//152 285//152
f 292//152 283//152 294//152
f 293//151 292//151 294//151
f 295//153 291//153 296//153
f 296//153 291//153 293//153
f 297//154 295//154 298//154
f 298//154 295//154 296//154
f 277//155 297//155 278//155
f 278//155 297//155 298//155
f 199//156 244//156 200//156
f 247//157 246//157 250//157
f 247//74 147//74 200//74
f 145//18 244//18 199//18
f 200//156 244//156 247//156
f 244//157 246//157 247//157
f 250//158 259//158 260//158
f 246//158 259//158 250//158
f 260//100 264//100 270//100
f 259//100 264//100 260//100
f 270//159 299//159 300//159
f 268//18 299//18 264//18
f 265//18 268//18 264//18
f 264//159 299//159 270//159
f 300//74 266//74 270//74
f 266//74 267//74 270//74
f 287//18 299//18 268//18
f 300//74 288//74 266//74
f 301//74 285//74 286//74
f 287//18 289//18 299//18
f 283//18 302//18 284//18
f 284//18 302//18 289//18
f 289//18 302//18 299//18
f 301//74 286//74 290//74
f 301//74 290//74 300//74
f 290//74 288//74 300//74
f 283//18 303//18 302//18
f 304//74 285//74 301//74
f 302//160 305//160 301//160
f 300//161 299//161 301//161
f 302//18 306//18 305//18
f 301//160 305//160 307//160
f 308//74 301//74 307//74
f 299//161 302//161 301//161
f 304//74 301//74 308//74
f 302//18 303//18 306//18
f 291//18 309//18 292//18
f 292//18 303//18 283//18
f 291//18 310//18 309//18
f 292//18 309//18 303//18
f 295//18 310//18 291//18
f 276//18 311//18 274//18
f 274//18 311//18 312//18
f 295//18 313//18 310//18
f 297//18 313//18 295//18
f 297//18 314//18 313//18
f 274//18 312//18 277//18
f 277//18 312//18 314//18
f 277//18 314//18 297//18
f 315//74 296//74 293//74
f 316//74 294//74 304//74
f 316//74 293//74 294//74
f 304//74 294//74 285//74
f 315//74 293//74 316//74
f 317//74 278//74 298//74
f 318//74 275//74 319//74
f 320//74 296//74 315//74
f 319//74 275//74 278//74
f 320//74 298//74 296//74
f 317//74 298//74 320//74
f 319//74 278//74 317//74
f 303//94 309//94 304//94
f 309//162 310//162 316//162
f 304//94 309//94 316//94
f 315//163 313//163 320//163
f 316//162 310//162 315//162
f 310//163 313//163 315//163
f 320//124 314//124 317//124
f 313//124 314//124 320//124
f 306//81 303//81 308//81
f 308//81 303//81 304//81
f 305//18 321//18 322//18
f 306//18 323//18 305//18
f 324//18 325//18 322//18
f 323//18 321//18 305//18
f 321//18 324//18 322//18
f 326//74 327//74 307//74
f 326//74 307//74 328//74
f 329//74 326//74 328//74
f 330//74 329//74 328//74
f 327//74 308//74 307//74
f 305//164 322//164 307//164
f 307//164 322//164 328//164
f 331//18 332//18 333//18
f 325//18 334//18 331//18
f 322//18 325//18 331//18
f 335//74 336//74 337//74
f 335//74 338//74 336//74
f 334//18 332//18 331//18
f 338//74 330//74 336//74
f 322//165 331//165 328//165
f 328//165 331//165 336//165
f 330//74 328//74 336//74
f 338//166 325//166 330//166
f 334//166 325//166 338//166
f 323//167 306//167 327//167
f 325//168 324//168 330//168
f 330//168 324//168 329//168
f 324//99 321//99 329//99
f 329//99 321//99 326//99
f 326//92 323//92 327//92
f 321//92 323//92 326//92
f 327//167 306//167 308//167
f 339//169 340//169 341//169
f 341//169 340//169 342//169
f 332//18 340//18 333//18
f 332//98 334//98 335//98
f 342//74 335//74 337//74
f 335//98 334//98 338//98
f 340//170 332//170 342//170
f 342//170 332//170 335//170
f 343//171 158//171 344//171
f 343//171 157//171 158//171
f 345//18 346//18 344//18
f 347//18 345//18 158//18
f 158//18 159//18 348//18
f 158//18 345//18 344//18
f 160//74 157//74 349//74
f 350//74 349//74 157//74
f 351//74 157//74 343//74
f 352//74 351//74 343//74
f 348//18 347//18 158//18
f 351//74 350//74 157//74
f 344//18 353//18 354//18
f 344//172 354//172 355//172
f 346//18 353//18 344//18
f 356//74 343//74 355//74
f 356//74 352//74 343//74
f 357//74 356//74 355//74
f 358//74 357//74 355//74
f 353//18 359//18 354//18
f 359//18 360//18 354//18
f 344//172 355//172 343//172
f 348//95 159//95 349//95
f 160//173 162//173 161//173
f 159//173 162//173 160//173
f 161//162 178//162 177//162
f 349//95 159//95 160//95
f 347//174 348//174 350//174
f 162//162 178//162 161//162
f 350//174 348//174 349//174
f 177//175 173//175 176//175
f 172//100 208//100 207//100
f 173//103 172//103 176//103
f 176//103 172//103 174//103
f 174//100 172//100 207//100
f 178//175 173//175 177//175
f 351//84 347//84 350//84
f 352//99 345//99 351//99
f 346//99 345//99 352//99
f 345//84 347//84 351//84
f 358//98 359//98 357//98
f 360//98 359//98 358//98
f 357//176 353//176 356//176
f 359//176 353//176 357//176
f 356//177 346//177 352//177
f 353//177 346//177 356//177
f 361//18 362//18 363//18
f 361//18 363//18 354//18
f 360//18 361//18 354//18
f 364//74 365//74 366//74
f 365//74 358//74 355//74
f 366//74 365//74 355//74
f 367//178 368//178 369//178
f 369//178 368//178 370//178
f 362//18 371//18 363//18
f 370//179 362//179 364//179
f 368//179 362//179 370//179
f 372//74 364//74 366//74
f 364//180 361//180 365//180
f 362//180 361//180 364//180
f 365//181 360//181 358//181
f 361//181 360//181 365//181
f 373//18 210//18 374//18
f 209//18 210//18 373//18
f 210//18 375//18 374//18
f 374//18 375//18 376//18
f 376//18 375//18 377//18
f 206//108 373//108 378//108
f 209//108 373//108 206//108
f 378//182 374//182 379//182
f 208//105 209//105 207//105
f 374//164 376//164 379//164
f 207//105 209//105 206//105
f 379//164 376//164 380//164
f 373//182 374//182 378//182
f 381//74 205//74 379//74
f 205//74 378//74 379//74
f 381//74 380//74 382//74
f 381//74 379//74 380//74
f 205//74 206//74 378//74
f 383//183 384//183 385//183
f 382//114 383//114 385//114
f 380//104 377//104 382//104
f 385//183 384//183 386//183
f 376//104 377//104 380//104
f 377//114 383//114 382//114
f 387//184 388//184 389//184
f 386//185 387//185 389//185
f 389//184 388//184 390//184
f 390//186 367//186 369//186
f 388//186 367//186 390//186
f 384//185 387//185 386//185
f 381//99 210//99 205//99
f 391//74 381//74 382//74
f 375//99 210//99 381//99
f 375//18 392//18 377//18
f 391//187 375//187 381//187
f 392//187 375//187 391//187
f 393//74 391//74 386//74
f 393//74 386//74 389//74
f 393//188 392//188 391//188
f 392//18 394//18 384//18
f 384//18 394//18 387//18
f 383//18 392//18 384//18
f 377//18 392//18 383//18
f 391//74 382//74 385//74
f 391//74 385//74 386//74
f 394//188 392//188 393//188
f 368//18 371//18 362//18
f 367//18 395//18 368//18
f 387//18 396//18 388//18
f 395//18 371//18 368//18
f 388//18 396//18 397//18
f 388//18 397//18 367//18
f 387//18 398//18 396//18
f 367//18 397//18 395//18
f 399//74 389//74 390//74
f 399//74 390//74 400//74
f 401//74 389//74 399//74
f 372//74 370//74 364//74
f 372//74 402//74 370//74
f 402//74 369//74 370//74
f 400//74 390//74 369//74
f 400//74 369//74 402//74
f 396//189 398//189 399//189
f 399//189 398//189 401//189
f 397//173 396//173 400//173
f 400//173 396//173 399//173
f 394//18 398//18 387//18
f 401//74 393//74 389//74
f 403//74 393//74 404//74
f 394//18 405//18 398//18
f 404//74 393//74 401//74
f 394//18 406//18 405//18
f 407//190 394//190 393//190
f 408//190 394//190 407//190
f 394//18 408//18 406//18
f 407//74 393//74 403//74
f 404//158 406//158 403//158
f 409//191 410//191 411//191
f 401//192 405//192 404//192
f 398//192 405//192 401//192
f 411//191 410//191 412//191
f 403//193 406//193 411//193
f 406//193 409//193 411//193
f 405//158 406//158 404//158
f 413//18 414//18 415//18
f 408//18 414//18 410//18
f 410//18 414//18 413//18
f 408//18 410//18 409//18
f 408//18 409//18 406//18
f 412//108 413//108 416//108
f 417//74 416//74 418//74
f 411//74 407//74 403//74
f 410//108 413//108 412//108
f 417//74 412//74 416//74
f 412//74 407//74 411//74
f 417//74 407//74 412//74
f 363//194 366//194 355//194
f 363//195 419//195 420//195
f 363//195 420//195 366//195
f 354//194 363//194 355//194
f 372//74 366//74 420//74
f 363//18 371//18 419//18
f 371//18 421//18 419//18
f 421//18 422//18 419//18
f 422//18 423//18 419//18
f 424//74 425//74 420//74
f 425//74 372//74 420//74
f 426//74 424//74 420//74
f 419//196 427//196 428//196
f 419//196 428//196 420//196
f 419//18 423//18 427//18
f 426//74 420//74 428//74
f 395//197 397//197 402//197
f 402//197 397//197 400//197
f 371//198 395//198 372//198
f 372//198 395//198 402//198
f 421//84 371//84 425//84
f 425//84 371//84 372//84
f 424//99 421//99 425//99
f 423//88 422//88 426//88
f 429//199 423//199 426//199
f 430//199 423//199 429//199
f 426//88 422//88 424//88
f 422//99 421//99 424//99
f 431//200 430//200 432//200
f 432//200 430//200 429//200
f 433//111 431//111 434//111
f 429//74 426//74 428//74
f 434//111 431//111 432//111
f 432//74 429//74 428//74
f 423//18 430//18 427//18
f 430//18 431//18 427//18
f 435//201 436//201 437//201
f 437//201 436//201 438//201
f 416//125 415//125 418//125
f 438//114 439//114 440//114
f 413//125 415//125 416//125
f 418//202 435//202 437//202
f 415//202 435//202 418//202
f 436//114 439//114 438//114
f 441//135 442//135 443//135
f 444//203 445//203 446//203
f 445//204 433//204 446//204
f 442//203 445//203 444//203
f 446//204 433//204 434//204
f 443//135 442//135 444//135
f 447//205 448//205 449//205
f 439//206 450//206 440//206
f 440//206 450//206 447//206
f 450//205 448//205 447//205
f 448//207 451//207 449//207
f 451//208 441//208 452//208
f 452//208 441//208 443//208
f 449//207 451//207 452//207
f 433//18 453//18 431//18
f 431//18 453//18 427//18
f 427//209 454//209 428//209
f 427//209 453//209 454//209
f 454//74 432//74 428//74
f 454//74 434//74 432//74
f 455//74 452//74 443//74
f 455//74 443//74 444//74
f 454//74 446//74 434//74
f 455//74 444//74 454//74
f 451//18 456//18 441//18
f 442//18 453//18 445//18
f 445//18 453//18 433//18
f 442//18 456//18 453//18
f 454//74 444//74 446//74
f 441//18 456//18 442//18
f 453//210 455//210 454//210
f 453//210 456//210 455//210
f 457//74 437//74 438//74
f 414//211 408//211 417//211
f 457//74 417//74 437//74
f 415//18 414//18 435//18
f 414//18 458//18 435//18
f 435//18 458//18 436//18
f 417//74 418//74 437//74
f 417//211 408//211 407//211
f 459//212 458//212 457//212
f 460//212 458//212 459//212
f 457//213 414//213 417//213
f 458//213 414//213 457//213
f 458//18 461//18 436//18
f 462//74 457//74 438//74
f 460//18 463//18 458//18
f 460//18 464//18 463//18
f 460//18 465//18 464//18
f 458//18 463//18 461//18
f 460//18 466//18 465//18
f 467//18 466//18 460//18
f 468//74 459//74 469//74
f 470//214 460//214 459//214
f 469//74 457//74 462//74
f 471//74 459//74 468//74
f 467//214 460//214 470//214
f 469//74 459//74 457//74
f 471//74 470//74 459//74
f 472//18 473//18 467//18
f 472//18 474//18 473//18
f 467//18 475//18 466//18
f 467//18 473//18 475//18
f 476//74 477//74 478//74
f 478//74 477//74 470//74
f 479//74 470//74 471//74
f 478//74 470//74 480//74
f 480//74 470//74 479//74
f 472//215 467//215 477//215
f 477//215 467//215 470//215
f 337//216 481//216 482//216
f 331//114 333//114 336//114
f 336//114 333//114 337//114
f 333//216 481//216 337//216
f 483//217 472//217 477//217
f 482//218 484//218 483//218
f 481//218 484//218 482//218
f 484//217 472//217 483//217
f 485//74 486//74 483//74
f 481//18 487//18 488//18
f 489//74 482//74 486//74
f 488//18 490//18 484//18
f 486//74 482//74 483//74
f 481//18 491//18 487//18
f 333//18 491//18 481//18
f 481//18 488//18 484//18
f 492//74 337//74 482//74
f 492//74 482//74 489//74
f 493//74 342//74 337//74
f 333//18 494//18 491//18
f 493//74 337//74 495//74
f 333//18 496//18 494//18
f 495//74 337//74 492//74
f 340//18 496//18 333//18
f 497//74 341//74 498//74
f 339//18 499//18 340//18
f 500//18 501//18 339//18
f 339//18 501//18 499//18
f 498//74 341//74 342//74
f 497//74 502//74 341//74
f 500//18 503//18 501//18
f 498//74 342//74 493//74
f 340//18 499//18 496//18
f 504//74 502//74 497//74
f 489//219 491//219 492//219
f 494//220 496//220 495//220
f 487//219 491//219 489//219
f 488//221 487//221 486//221
f 492//222 494//222 495//222
f 491//222 494//222 492//222
f 486//221 487//221 489//221
f 495//220 496//220 493//220
f 504//223 505//223 506//223
f 503//223 505//223 504//223
f 499//224 501//224 497//224
f 496//158 499//158 493//158
f 497//225 503//225 504//225
f 501//225 503//225 497//225
f 493//158 499//158 498//158
f 498//224 499//224 497//224
f 507//18 508//18 472//18
f 490//18 509//18 484//18
f 484//18 507//18 472//18
f 509//18 507//18 484//18
f 510//74 511//74 483//74
f 510//74 483//74 477//74
f 512//74 510//74 477//74
f 511//74 485//74 483//74
f 490//226 488//226 485//226
f 507//99 509//99 510//99
f 485//226 488//226 486//226
f 512//227 507//227 510//227
f 510//99 509//99 511//99
f 509//228 490//228 511//228
f 508//227 507//227 512//227
f 511//228 490//228 485//228
f 513//18 514//18 515//18
f 516//18 517//18 518//18
f 514//18 517//18 516//18
f 474//18 508//18 519//18
f 472//18 508//18 474//18
f 508//18 513//18 519//18
f 517//18 520//18 518//18
f 519//18 513//18 515//18
f 515//18 514//18 516//18
f 512//74 476//74 521//74
f 522//74 523//74 524//74
f 512//74 477//74 476//74
f 522//74 524//74 525//74
f 523//74 512//74 521//74
f 523//74 521//74 524//74
f 526//74 525//74 527//74
f 526//74 522//74 525//74
f 528//74 526//74 527//74
f 528//229 517//229 526//229
f 523//176 508//176 512//176
f 520//229 517//229 528//229
f 526//230 514//230 522//230
f 513//176 508//176 523//176
f 514//98 513//98 522//98
f 522//98 513//98 523//98
f 517//230 514//230 526//230
f 529//231 530//231 531//231
f 532//116 533//116 534//116
f 534//116 533//116 529//116
f 535//179 520//179 536//179
f 533//231 530//231 529//231
f 531//232 535//232 536//232
f 530//232 535//232 531//232
f 536//179 520//179 528//179
f 436//18 537//18 439//18
f 538//18 539//18 448//18
f 461//18 537//18 436//18
f 450//18 538//18 448//18
f 537//18 540//18 439//18
f 439//18 540//18 450//18
f 540//18 538//18 450//18
f 541//74 462//74 438//74
f 542//74 543//74 449//74
f 541//74 438//74 440//74
f 544//74 541//74 440//74
f 543//74 544//74 447//74
f 543//74 447//74 449//74
f 544//74 440//74 447//74
f 462//197 463//197 469//197
f 544//233 537//233 541//233
f 461//197 463//197 462//197
f 464//162 465//162 468//162
f 540//233 537//233 544//233
f 468//162 465//162 471//162
f 463//173 464//173 469//173
f 541//198 461//198 462//198
f 537//198 461//198 541//198
f 469//173 464//173 468//173
f 545//98 546//98 547//98
f 543//99 540//99 544//99
f 538//99 540//99 543//99
f 542//97 538//97 543//97
f 546//199 539//199 547//199
f 547//199 539//199 542//199
f 548//98 546//98 545//98
f 539//97 538//97 542//97
f 549//111 548//111 545//111
f 550//111 548//111 549//111
f 539//18 551//18 448//18
f 448//18 551//18 451//18
f 451//18 551//18 456//18
f 456//234 551//234 552//234
f 552//74 452//74 455//74
f 552//74 449//74 452//74
f 552//74 542//74 449//74
f 456//234 552//234 455//234
f 553//18 554//18 550//18
f 550//18 554//18 548//18
f 548//18 554//18 551//18
f 547//74 542//74 552//74
f 539//18 546//18 551//18
f 555//74 545//74 552//74
f 545//74 547//74 552//74
f 555//74 556//74 549//74
f 546//18 548//18 551//18
f 555//74 549//74 545//74
f 551//235 554//235 555//235
f 551//235 555//235 552//235
f 471//175 466//175 479//175
f 465//175 466//175 471//175
f 480//236 475//236 478//236
f 479//103 475//103 480//103
f 466//103 475//103 479//103
f 475//236 473//236 478//236
f 474//237 519//237 476//237
f 521//125 515//125 524//125
f 519//125 515//125 521//125
f 524//238 516//238 525//238
f 515//238 516//238 524//238
f 525//104 518//104 527//104
f 516//104 518//104 525//104
f 473//239 474//239 478//239
f 478//239 474//239 476//239
f 476//237 519//237 521//237
f 556//204 550//204 549//204
f 553//204 550//204 556//204
f 557//110 553//110 558//110
f 558//110 553//110 556//110
f 559//109 557//109 560//109
f 560//109 557//109 558//109
f 518//155 561//155 527//155
f 562//240 563//240 564//240
f 561//240 563//240 562//240
f 564//241 565//241 566//241
f 563//241 565//241 564//241
f 566//116 567//116 568//116
f 527//155 561//155 562//155
f 565//116 567//116 566//116
f 568//208 559//208 560//208
f 567//208 559//208 568//208
f 561//18 535//18 563//18
f 536//74 562//74 564//74
f 528//74 527//74 562//74
f 536//74 528//74 562//74
f 518//18 520//18 561//18
f 520//18 535//18 561//18
f 535//18 569//18 563//18
f 570//74 536//74 564//74
f 535//18 530//18 569//18
f 531//74 536//74 570//74
f 529//74 531//74 570//74
f 530//18 533//18 569//18
f 563//18 569//18 565//18
f 565//18 569//18 567//18
f 553//18 569//18 554//18
f 567//18 569//18 559//18
f 559//18 569//18 557//18
f 557//18 569//18 553//18
f 570//74 568//74 560//74
f 570//74 556//74 555//74
f 570//74 560//74 558//74
f 570//74 564//74 566//74
f 570//74 558//74 556//74
f 570//74 566//74 568//74
f 554//242 569//242 570//242
f 554//242 570//242 555//242
f 3//18 4//18 223//18
f 2//74 1//74 228//74
f 2//74 282//74 273//74
f 2//74 280//74 282//74
f 2//74 272//74 280//74
f 2//74 228//74 272//74
f 2//74 273//74 275//74
f 281//18 4//18 276//18
f 279//18 4//18 281//18
f 271//18 4//18 279//18
f 223//18 4//18 271//18
f 276//18 4//18 311//18
f 2//74 275//74 318//74
f 571//18 4//18 572//18
f 572//18 4//18 573//18
f 2//74 318//74 574//74
f 2//74 574//74 575//74
f 311//18 4//18 571//18
f 2//74 575//74 576//74
f 571//243 572//243 574//243
f 574//243 572//243 575//243
f 311//108 571//108 318//108
f 318//108 571//108 574//108
f 312//244 311//244 319//244
f 319//245 311//245 318//245
f 314//246 312//246 319//246
f 317//246 314//246 319//246
f 576//104 577//104 578//104
f 573//104 577//104 576//104
f 572//145 573//145 575//145
f 575//145 573//145 576//145
f 4//18 579//18 573//18
f 580//74 2//74 576//74
f 2//247 580//247 8//247
f 8//248 581//248 7//248
f 7//249 582//249 6//249
f 581//250 582//250 7//250
f 580//247 581//247 8//247
f 13//251 583//251 12//251
f 584//252 585//252 14//252
f 585//253 583//253 13//253
f 14//254 585//254 13//254
f 586//255 584//255 5//255
f 5//256 584//256 14//256
f 582//257 586//257 6//257
f 6//258 586//258 5//258
f 583//259 587//259 12//259
f 579//260 4//260 16//260
f 588//261 579//261 16//261
f 589//262 18//262 17//262
f 588//263 16//263 18//263
f 589//264 588//264 18//264
f 590//265 591//265 15//265
f 590//266 15//266 11//266
f 591//267 592//267 9//267
f 591//268 9//268 15//268
f 593//269 590//269 11//269
f 594//270 17//270 10//270
f 594//271 589//271 17//271
f 592//272 10//272 9//272
f 592//273 594//273 10//273
f 19//274 595//274 11//274
f 11//274 595//274 593//274
f 596//275 12//275 587//275
f 596//275 20//275 12//275
f 502//110 339//110 341//110
f 500//110 339//110 502//110
f 597//276 500//276 598//276
f 598//276 500//276 502//276
f 599//277 597//277 600//277
f 600//277 597//277 598//277
f 601//116 599//116 600//116
f 602//116 599//116 601//116
f 603//278 602//278 604//278
f 604//278 602//278 601//278
f 605//279 603//279 606//279
f 606//279 603//279 604//279
f 578//155 605//155 606//155
f 577//155 605//155 578//155
f 603//18 607//18 608//18
f 603//18 608//18 602//18
f 602//18 608//18 609//18
f 597//18 503//18 500//18
f 602//18 609//18 599//18
f 599//18 609//18 505//18
f 597//18 505//18 503//18
f 599//18 505//18 597//18
f 610//74 601//74 611//74
f 610//74 604//74 601//74
f 611//74 601//74 600//74
f 611//74 600//74 506//74
f 504//74 598//74 502//74
f 506//74 600//74 598//74
f 506//74 598//74 504//74
f 506//280 609//280 611//280
f 505//280 609//280 506//280
f 580//74 606//74 604//74
f 580//74 604//74 610//74
f 580//74 578//74 606//74
f 580//74 576//74 578//74
f 612//281 532//281 534//281
f 613//281 532//281 612//281
f 614//183 613//183 615//183
f 615//183 613//183 612//183
f 611//282 608//282 610//282
f 609//282 608//282 611//282
f 608//104 607//104 610//104
f 610//104 607//104 616//104
f 616//283 614//283 615//283
f 607//283 614//283 616//283
f 580//74 529//74 570//74
f 580//74 610//74 616//74
f 580//74 616//74 615//74
f 580//74 615//74 612//74
f 579//284 580//284 569//284
f 580//51 570//51 569//51
f 580//74 612//74 534//74
f 533//18 579//18 569//18
f 580//74 534//74 529//74
f 603//18 579//18 607//18
f 532//18 579//18 533//18
f 573//18 579//18 577//18
f 577//18 579//18 605//18
f 605//18 579//18 603//18
f 613//18 579//18 532//18
f 614//18 579//18 613//18
f 607//18 579//18 614//18
f 579//285 586//285 582//285
f 579//286 582//286 581//286
f 579//287 581//287 580//287
f 579//288 584//288 586//288
f 617//289 86//289 85//289
f 618//290 85//290 83//290
f 617//291 85//291 618//291
f 619//292 80//292 596//292
f 618//293 80//293 619//293
f 596//294 80//294 20//294
f 618//295 83//295 80//295
f 84//296 620//296 81//296
f 84//297 621//297 620//297
f 81//298 622//298 82//298
f 79//299 623//299 621//299
f 79//300 621//300 84//300
f 82//301 595//301 19//301
f 81//302 620//302 622//302
f 82//303 622//303 595//303
f 624//66 625//66 617//66
f 617//304 625//304 86//304
f 92//305 623//305 79//305
f 626//306 624//306 617//306
f 627//68 626//68 628//68
f 628//306 626//306 617//306
f 629//307 630//307 627//307
f 631//308 629//308 632//308
f 632//307 629//307 627//307
f 633//308 631//308 632//308
f 58//74 60//74 59//74
f 59//74 64//74 63//74
f 58//74 59//74 62//74
f 59//74 63//74 62//74
f 60//309 61//309 59//309
f 58//309 57//309 60//309
f 58//74 67//74 66//74
f 58//74 66//74 65//74
f 58//74 65//74 69//74
f 58//74 69//74 68//74
f 58//74 62//74 67//74
f 67//74 62//74 70//74
f 70//74 62//74 71//74
f 71//74 62//74 72//74
f 58//310 634//310 635//310
f 58//311 636//311 634//311
f 637//312 68//312 638//312
f 638//313 68//313 639//313
f 58//314 635//314 640//314
f 58//315 640//315 50//315
f 639//316 68//316 641//316
f 641//317 68//317 56//317
f 58//318 642//318 643//318
f 644//319 68//319 637//319
f 645//320 68//320 644//320
f 646//321 68//321 645//321
f 647//322 68//322 646//322
f 648//323 68//323 647//323
f 58//324 649//324 642//324
f 58//325 650//325 649//325
f 58//326 643//326 651//326
f 58//327 651//327 636//327
f 86//328 625//328 90//328
f 91//72 89//72 76//72
f 94//69 92//69 77//69
f 87//71 93//71 74//71
f 72//74 88//74 87//74
f 62//74 88//74 72//74
f 93//329 87//329 89//329
f 89//330 87//330 88//330
f 94//331 93//331 91//331
f 625//332 92//332 90//332
f 90//333 92//333 91//333
f 652//332 92//332 625//332
f 92//333 94//333 91//333
f 91//334 93//334 89//334
f 653//335 652//335 654//335
f 654//336 652//336 625//336
f 655//337 653//337 656//337
f 657//338 655//338 658//338
f 656//339 653//339 654//339
f 658//340 655//340 656//340
f 659//1 660//1 661//1
f 662//341 659//341 661//341
f 663//17 657//17 658//17
f 664//17 657//17 663//17
f 664//342 663//342 665//342
f 664//343 665//343 666//343
f 662//344 664//344 667//344
f 664//345 666//345 667//345
f 662//346 667//346 668//346
f 662//347 669//347 670//347
f 662//348 668//348 669//348
f 662//349 670//349 659//349
f 671//350 672//350 664//350
f 673//351 671//351 674//351
f 674//352 662//352 675//352
f 671//353 676//353 672//353
f 671//354 664//354 662//354
f 671//355 662//355 674//355
f 677//18 678//18 679//18
f 677//18 680//18 678//18
f 677//18 679//18 681//18
f 682//73 683//73 677//73
f 684//74 683//74 685//74
f 685//74 683//74 686//74
f 682//73 677//73 681//73
f 686//74 683//74 682//74
f 683//75 687//75 688//75
f 683//75 688//75 677//75
f 687//76 689//76 688//76
f 687//76 690//76 689//76
f 691//74 687//74 692//74
f 692//74 683//74 684//74
f 692//74 687//74 683//74
f 688//18 693//18 694//18
f 677//18 694//18 680//18
f 688//18 694//18 677//18
f 688//18 695//18 693//18
f 689//18 696//18 695//18
f 697//74 690//74 698//74
f 698//74 687//74 691//74
f 698//74 690//74 687//74
f 689//18 695//18 688//18
f 690//77 699//77 700//77
f 690//77 700//77 689//77
f 701//74 699//74 690//74
f 702//74 701//74 690//74
f 703//18 704//18 689//18
f 700//18 703//18 689//18
f 704//18 705//18 689//18
f 706//74 702//74 690//74
f 699//78 660//78 700//78
f 699//78 661//78 660//78
f 707//74 699//74 701//74
f 708//74 661//74 709//74
f 709//74 661//74 710//74
f 700//18 711//18 703//18
f 710//74 699//74 707//74
f 660//18 712//18 713//18
f 660//18 713//18 700//18
f 660//18 714//18 712//18
f 710//74 661//74 699//74
f 700//18 713//18 711//18
f 689//18 705//18 696//18
f 706//74 690//74 697//74
f 701//81 703//81 707//81
f 711//79 713//79 710//79
f 713//80 712//80 709//80
f 710//80 713//80 709//80
f 703//81 711//81 707//81
f 707//79 711//79 710//79
f 704//82 703//82 701//82
f 702//82 704//82 701//82
f 706//84 705//84 702//84
f 715//83 716//83 706//83
f 716//83 705//83 706//83
f 705//84 704//84 702//84
f 715//74 706//74 697//74
f 715//74 697//74 717//74
f 718//18 719//18 720//18
f 716//18 719//18 718//18
f 696//18 716//18 718//18
f 721//74 717//74 722//74
f 721//74 715//74 717//74
f 719//18 723//18 720//18
f 705//18 716//18 696//18
f 724//74 721//74 722//74
f 723//86 719//86 721//86
f 719//88 716//88 715//88
f 721//88 719//88 715//88
f 725//87 723//87 724//87
f 724//86 723//86 721//86
f 726//87 725//87 724//87
f 727//74 728//74 729//74
f 681//18 730//18 731//18
f 732//18 733//18 731//18
f 733//18 734//18 731//18
f 735//74 727//74 729//74
f 728//74 736//74 729//74
f 729//89 682//89 681//89
f 729//89 681//89 731//89
f 736//74 682//74 729//74
f 730//18 732//18 731//18
f 679//18 737//18 681//18
f 736//74 738//74 682//74
f 737//18 730//18 681//18
f 738//74 686//74 682//74
f 679//95 678//95 685//95
f 730//92 737//92 738//92
f 686//95 679//95 685//95
f 737//93 679//93 686//93
f 736//92 730//92 738//92
f 738//93 737//93 686//93
f 732//99 730//99 736//99
f 735//96 734//96 727//96
f 734//96 733//96 727//96
f 733//97 732//97 728//97
f 728//99 732//99 736//99
f 727//97 733//97 728//97
f 739//91 740//91 741//91
f 739//91 741//91 742//91
f 743//74 740//74 739//74
f 741//18 744//18 742//18
f 740//90 729//90 731//90
f 745//74 740//74 743//74
f 740//90 731//90 741//90
f 741//18 746//18 744//18
f 734//18 746//18 741//18
f 747//74 735//74 745//74
f 747//74 748//74 735//74
f 749//74 748//74 747//74
f 734//18 750//18 746//18
f 745//74 735//74 740//74
f 751//18 750//18 734//18
f 751//18 752//18 750//18
f 731//18 734//18 741//18
f 735//74 729//74 740//74
f 693//103 695//103 691//103
f 691//103 695//103 698//103
f 694//102 693//102 691//102
f 680//101 694//101 692//101
f 692//102 694//102 691//102
f 678//94 680//94 684//94
f 684//101 680//101 692//101
f 685//94 678//94 684//94
f 695//100 696//100 698//100
f 697//105 696//105 717//105
f 698//100 696//100 697//100
f 696//105 718//105 717//105
f 717//108 720//108 722//108
f 718//108 720//108 717//108
f 722//107 753//107 754//107
f 720//107 753//107 722//107
f 754//106 753//106 755//106
f 753//106 756//106 755//106
f 755//104 756//104 757//104
f 756//104 758//104 757//104
f 751//98 734//98 735//98
f 759//111 751//111 760//111
f 748//98 751//98 735//98
f 760//111 751//111 748//111
f 761//110 762//110 763//110
f 764//112 759//112 760//112
f 763//112 764//112 760//112
f 762//110 764//110 763//110
f 765//115 766//115 767//115
f 758//114 766//114 765//114
f 757//114 758//114 765//114
f 766//115 768//115 767//115
f 769//109 770//109 761//109
f 771//116 772//116 773//116
f 767//117 768//117 774//117
f 772//113 770//113 769//113
f 770//109 762//109 761//109
f 773//113 772//113 769//113
f 774//116 771//116 773//116
f 768//117 771//117 774//117
f 723//18 725//18 753//18
f 724//74 722//74 754//74
f 725//18 775//18 753//18
f 720//18 723//18 753//18
f 776//74 726//74 754//74
f 726//74 724//74 754//74
f 756//18 775//18 777//18
f 758//18 777//18 766//18
f 753//18 775//18 756//18
f 756//18 777//18 758//18
f 766//18 777//18 768//18
f 778//74 765//74 767//74
f 776//74 754//74 755//74
f 776//74 755//74 778//74
f 778//74 757//74 765//74
f 778//118 777//118 776//118
f 777//118 775//118 776//118
f 778//74 755//74 757//74
f 749//74 760//74 748//74
f 759//18 752//18 751//18
f 764//18 779//18 780//18
f 764//18 780//18 759//18
f 781//74 761//74 763//74
f 781//74 763//74 782//74
f 762//18 779//18 764//18
f 782//74 760//74 749//74
f 782//74 763//74 760//74
f 759//18 780//18 752//18
f 783//18 784//18 785//18
f 779//18 783//18 785//18
f 786//74 787//74 788//74
f 787//74 761//74 781//74
f 787//74 781//74 788//74
f 762//18 783//18 779//18
f 771//18 789//18 772//18
f 789//18 783//18 772//18
f 787//74 773//74 769//74
f 787//74 790//74 773//74
f 787//74 769//74 761//74
f 790//74 767//74 774//74
f 790//74 774//74 773//74
f 770//18 783//18 762//18
f 772//18 783//18 770//18
f 768//18 789//18 771//18
f 789//119 777//119 778//119
f 778//74 767//74 790//74
f 768//18 777//18 789//18
f 790//119 789//119 778//119
f 783//121 789//121 790//121
f 787//121 783//121 790//121
f 784//120 783//120 787//120
f 786//120 784//120 787//120
f 660//18 791//18 792//18
f 793//74 661//74 794//74
f 794//74 661//74 795//74
f 660//18 792//18 714//18
f 795//74 661//74 708//74
f 660//18 796//18 791//18
f 792//122 791//122 794//122
f 712//123 714//123 708//123
f 709//123 712//123 708//123
f 714//124 792//124 708//124
f 795//122 792//122 794//122
f 708//124 792//124 795//124
f 796//128 797//128 798//128
f 799//126 800//126 801//126
f 791//127 796//127 794//127
f 793//128 796//128 798//128
f 802//126 800//126 799//126
f 797//125 802//125 798//125
f 794//127 796//127 793//127
f 798//125 802//125 799//125
f 803//74 661//74 804//74
f 805//74 661//74 803//74
f 660//18 806//18 807//18
f 660//18 808//18 806//18
f 660//18 807//18 796//18
f 804//74 661//74 793//74
f 809//74 799//74 801//74
f 804//74 793//74 798//74
f 797//18 810//18 802//18
f 802//18 810//18 811//18
f 796//18 807//18 797//18
f 797//18 807//18 810//18
f 804//74 798//74 812//74
f 802//18 811//18 800//18
f 812//74 799//74 809//74
f 812//74 798//74 799//74
f 813//134 814//134 815//134
f 816//134 813//134 815//134
f 817//136 813//136 816//136
f 818//135 817//135 819//135
f 819//136 817//136 816//136
f 815//85 725//85 726//85
f 814//85 725//85 815//85
f 820//135 818//135 819//135
f 821//114 822//114 823//114
f 800//130 822//130 821//130
f 801//130 800//130 821//130
f 823//129 824//129 825//129
f 822//114 824//114 823//114
f 824//129 826//129 825//129
f 827//131 828//131 829//131
f 830//132 818//132 820//132
f 826//133 828//133 827//133
f 825//133 826//133 827//133
f 829//132 830//132 820//132
f 828//131 830//131 829//131
f 818//18 831//18 817//18
f 818//18 832//18 831//18
f 817//18 831//18 813//18
f 830//18 832//18 818//18
f 813//18 831//18 814//18
f 828//18 832//18 830//18
f 814//18 775//18 725//18
f 833//74 816//74 815//74
f 833//74 819//74 816//74
f 834//74 819//74 833//74
f 776//74 815//74 726//74
f 834//74 827//74 829//74
f 834//74 829//74 820//74
f 834//74 820//74 819//74
f 822//18 835//18 824//18
f 800//18 836//18 822//18
f 836//18 835//18 822//18
f 800//18 811//18 836//18
f 835//18 837//18 824//18
f 824//18 837//18 826//18
f 838//74 801//74 821//74
f 809//74 801//74 838//74
f 839//74 823//74 825//74
f 840//74 838//74 821//74
f 839//74 840//74 823//74
f 840//74 821//74 823//74
f 826//18 841//18 828//18
f 828//18 841//18 832//18
f 826//18 837//18 841//18
f 839//74 825//74 842//74
f 842//74 825//74 827//74
f 842//74 827//74 834//74
f 836//81 811//81 809//81
f 809//138 811//138 812//138
f 835//137 836//137 838//137
f 843//140 844//140 839//140
f 839//139 837//139 840//139
f 844//140 837//140 839//140
f 838//81 836//81 809//81
f 811//138 810//138 812//138
f 840//137 835//137 838//137
f 837//139 835//139 840//139
f 841//18 844//18 845//18
f 837//18 844//18 841//18
f 846//18 847//18 845//18
f 844//18 846//18 845//18
f 843//74 839//74 842//74
f 848//74 843//74 849//74
f 850//74 848//74 849//74
f 843//74 842//74 849//74
f 850//96 847//96 848//96
f 851//87 852//87 850//87
f 852//87 847//87 850//87
f 846//141 844//141 843//141
f 848//141 846//141 843//141
f 847//96 846//96 848//96
f 808//142 853//142 805//142
f 812//144 810//144 804//144
f 805//142 853//142 854//142
f 806//124 808//124 803//124
f 803//124 808//124 805//124
f 807//143 806//143 803//143
f 810//144 807//144 804//144
f 804//143 807//143 803//143
f 855//146 856//146 857//146
f 858//146 855//146 857//146
f 859//145 855//145 858//145
f 860//128 861//128 862//128
f 863//128 861//128 860//128
f 861//125 859//125 862//125
f 864//145 859//145 858//145
f 854//147 853//147 860//147
f 862//125 859//125 864//125
f 853//147 863//147 860//147
f 865//150 866//150 867//150
f 868//149 866//149 865//149
f 866//150 869//150 867//150
f 870//148 868//148 871//148
f 867//85 852//85 851//85
f 871//149 868//149 865//149
f 872//148 870//148 871//148
f 869//85 852//85 867//85
f 873//152 870//152 872//152
f 874//151 873//151 875//151
f 875//152 873//152 872//152
f 876//153 874//153 877//153
f 877//151 874//151 875//151
f 878//154 876//154 879//154
f 879//153 876//153 877//153
f 856//155 878//155 880//155
f 857//155 856//155 880//155
f 880//154 878//154 879//154
f 833//74 815//74 776//74
f 776//156 775//156 833//156
f 833//157 831//157 834//157
f 775//156 831//156 833//156
f 831//157 832//157 834//157
f 834//158 841//158 842//158
f 814//18 831//18 775//18
f 832//158 841//158 834//158
f 847//18 852//18 845//18
f 852//18 881//18 845//18
f 842//100 841//100 849//100
f 882//74 851//74 849//74
f 851//74 850//74 849//74
f 849//159 845//159 882//159
f 841//100 845//100 849//100
f 845//159 881//159 882//159
f 882//74 867//74 851//74
f 868//18 883//18 866//18
f 865//74 867//74 882//74
f 869//18 866//18 881//18
f 869//18 881//18 852//18
f 884//74 865//74 882//74
f 870//18 883//18 868//18
f 884//74 871//74 865//74
f 866//18 883//18 881//18
f 884//74 872//74 871//74
f 870//18 885//18 883//18
f 886//74 872//74 884//74
f 881//161 883//161 882//161
f 882//161 883//161 884//161
f 884//160 887//160 888//160
f 883//18 889//18 887//18
f 883//160 887//160 884//160
f 883//18 885//18 889//18
f 886//74 884//74 890//74
f 890//74 884//74 888//74
f 874//18 891//18 873//18
f 873//18 891//18 885//18
f 873//18 885//18 870//18
f 876//18 892//18 874//18
f 874//18 892//18 891//18
f 878//18 893//18 894//18
f 878//18 894//18 876//18
f 855//18 895//18 856//18
f 855//18 896//18 895//18
f 856//18 895//18 893//18
f 856//18 893//18 878//18
f 876//18 894//18 892//18
f 897//74 875//74 886//74
f 898//74 879//74 877//74
f 898//74 877//74 897//74
f 897//74 877//74 875//74
f 886//74 875//74 872//74
f 899//74 858//74 857//74
f 900//74 880//74 879//74
f 901//74 880//74 900//74
f 899//74 857//74 901//74
f 900//74 879//74 898//74
f 902//74 864//74 858//74
f 902//74 858//74 899//74
f 901//74 857//74 880//74
f 885//94 891//94 897//94
f 892//163 894//163 900//163
f 897//162 891//162 898//162
f 889//81 885//81 886//81
f 886//94 885//94 897//94
f 891//162 892//162 898//162
f 898//163 892//163 900//163
f 890//81 889//81 886//81
f 889//18 903//18 887//18
f 887//18 904//18 905//18
f 904//18 906//18 905//18
f 903//18 904//18 887//18
f 906//18 907//18 905//18
f 908//74 888//74 909//74
f 908//74 910//74 888//74
f 911//74 908//74 909//74
f 912//74 911//74 909//74
f 910//74 890//74 888//74
f 887//164 905//164 888//164
f 888//164 905//164 909//164
f 913//74 914//74 915//74
f 907//18 916//18 917//18
f 916//18 918//18 917//18
f 909//165 905//165 915//165
f 913//74 915//74 919//74
f 912//74 909//74 915//74
f 905//18 907//18 917//18
f 917//18 918//18 920//18
f 914//74 912//74 915//74
f 905//165 917//165 915//165
f 911//99 906//99 908//99
f 914//166 916//166 912//166
f 904//92 903//92 910//92
f 912//168 907//168 911//168
f 916//166 907//166 912//166
f 907//168 906//168 911//168
f 903//167 889//167 890//167
f 908//92 904//92 910//92
f 910//167 903//167 890//167
f 906//99 904//99 908//99
f 921//170 918//170 922//170
f 918//18 921//18 920//18
f 918//98 916//98 914//98
f 913//98 918//98 914//98
f 922//170 918//170 913//170
f 923//169 921//169 922//169
f 922//74 913//74 919//74
f 924//169 923//169 922//169
f 925//171 742//171 926//171
f 925//171 739//171 742//171
f 743//74 739//74 927//74
f 928//74 927//74 739//74
f 742//18 929//18 926//18
f 930//74 739//74 925//74
f 929//18 931//18 926//18
f 932//18 933//18 742//18
f 933//18 929//18 742//18
f 742//18 744//18 932//18
f 930//74 928//74 739//74
f 934//74 930//74 925//74
f 926//18 935//18 936//18
f 931//18 935//18 926//18
f 937//74 925//74 938//74
f 939//74 940//74 938//74
f 937//74 934//74 925//74
f 940//74 937//74 938//74
f 935//18 941//18 936//18
f 926//172 936//172 938//172
f 926//172 938//172 925//172
f 941//18 942//18 936//18
f 746//162 750//162 747//162
f 744//173 746//173 745//173
f 745//162 746//162 747//162
f 932//95 744//95 743//95
f 928//174 933//174 927//174
f 743//173 744//173 745//173
f 933//174 932//174 927//174
f 927//95 932//95 743//95
f 747//175 750//175 749//175
f 780//100 779//100 782//100
f 782//100 779//100 781//100
f 752//103 780//103 749//103
f 749//103 780//103 782//103
f 750//175 752//175 749//175
f 934//99 931//99 930//99
f 940//176 941//176 937//176
f 942//98 941//98 940//98
f 929//84 933//84 928//84
f 937//177 935//177 934//177
f 939//98 942//98 940//98
f 931//99 929//99 930//99
f 930//84 929//84 928//84
f 935//177 931//177 934//177
f 941//176 935//176 937//176
f 942//18 943//18 936//18
f 943//18 944//18 936//18
f 943//18 945//18 944//18
f 946//74 947//74 948//74
f 948//74 947//74 938//74
f 947//74 939//74 938//74
f 949//178 950//178 951//178
f 943//181 942//181 947//181
f 947//181 942//181 939//181
f 945//180 943//180 947//180
f 946//180 945//180 947//180
f 952//74 946//74 948//74
f 950//179 945//179 946//179
f 951//179 950//179 946//179
f 953//178 949//178 951//178
f 945//18 954//18 944//18
f 955//18 956//18 957//18
f 958//18 784//18 955//18
f 784//18 956//18 955//18
f 785//18 784//18 958//18
f 957//18 956//18 959//18
f 788//108 958//108 960//108
f 785//108 958//108 788//108
f 960//182 955//182 961//182
f 781//105 779//105 788//105
f 955//164 957//164 961//164
f 961//164 957//164 962//164
f 779//105 785//105 788//105
f 958//182 955//182 960//182
f 786//74 788//74 960//74
f 786//74 960//74 961//74
f 963//74 961//74 962//74
f 963//74 786//74 961//74
f 963//74 962//74 964//74
f 964//114 959//114 965//114
f 962//104 957//104 964//104
f 957//104 959//104 964//104
f 966//183 967//183 968//183
f 965//183 966//183 968//183
f 959//114 966//114 965//114
f 969//186 970//186 953//186
f 967//185 971//185 972//185
f 968//185 967//185 972//185
f 971//184 970//184 969//184
f 972//184 971//184 969//184
f 970//186 949//186 953//186
f 963//99 956//99 786//99
f 956//18 973//18 959//18
f 974//74 963//74 964//74
f 973//187 956//187 963//187
f 974//187 973//187 963//187
f 956//99 784//99 786//99
f 975//188 973//188 976//188
f 976//188 973//188 974//188
f 974//74 965//74 968//74
f 974//74 964//74 965//74
f 976//74 974//74 968//74
f 966//18 973//18 967//18
f 959//18 973//18 966//18
f 976//74 968//74 972//74
f 973//18 975//18 967//18
f 967//18 975//18 971//18
f 949//18 977//18 950//18
f 949//18 978//18 977//18
f 971//18 979//18 970//18
f 970//18 978//18 949//18
f 971//18 980//18 979//18
f 970//18 979//18 978//18
f 977//18 954//18 950//18
f 950//18 954//18 945//18
f 981//74 953//74 982//74
f 981//74 969//74 953//74
f 982//74 953//74 951//74
f 952//74 951//74 946//74
f 952//74 982//74 951//74
f 983//74 972//74 969//74
f 984//74 972//74 983//74
f 983//74 969//74 981//74
f 975//18 980//18 971//18
f 981//173 978//173 983//173
f 983//189 979//189 984//189
f 978//173 979//173 983//173
f 984//74 976//74 972//74
f 979//189 980//189 984//189
f 985//74 976//74 984//74
f 986//74 976//74 987//74
f 988//190 975//190 986//190
f 975//18 989//18 980//18
f 987//74 976//74 985//74
f 975//18 990//18 989//18
f 975//18 988//18 990//18
f 986//190 975//190 976//190
f 991//191 992//191 993//191
f 990//193 991//193 987//193
f 994//191 991//191 993//191
f 987//193 991//193 994//193
f 989//158 990//158 985//158
f 985//158 990//158 987//158
f 980//192 989//192 985//192
f 984//192 980//192 985//192
f 992//18 995//18 996//18
f 996//18 995//18 997//18
f 988//18 995//18 992//18
f 988//18 992//18 991//18
f 988//18 991//18 990//18
f 998//74 986//74 993//74
f 998//74 993//74 999//74
f 998//74 999//74 1000//74
f 993//74 986//74 994//74
f 994//74 986//74 987//74
f 993//108 996//108 999//108
f 992//108 996//108 993//108
f 936//194 944//194 938//194
f 944//195 1001//195 1002//195
f 944//195 1002//195 948//195
f 944//194 948//194 938//194
f 1003//74 1004//74 1002//74
f 1004//74 1005//74 1002//74
f 944//18 954//18 1001//18
f 952//74 948//74 1002//74
f 1005//74 952//74 1002//74
f 954//18 1006//18 1001//18
f 1006//18 1007//18 1001//18
f 1007//18 1008//18 1001//18
f 1001//18 1008//18 1009//18
f 1001//196 1010//196 1002//196
f 1003//74 1002//74 1010//74
f 1001//196 1009//196 1010//196
f 1005//84 1006//84 952//84
f 977//197 978//197 981//197
f 952//198 954//198 982//198
f 954//198 977//198 982//198
f 1006//84 954//84 952//84
f 982//197 977//197 981//197
f 1003//88 1008//88 1004//88
f 1011//199 1012//199 1003//199
f 1012//199 1008//199 1003//199
f 1007//99 1006//99 1005//99
f 1004//99 1007//99 1005//99
f 1008//88 1007//88 1004//88
f 1013//111 1014//111 1015//111
f 1015//200 1014//200 1011//200
f 1016//111 1014//111 1013//111
f 1011//74 1003//74 1010//74
f 1014//200 1012//200 1011//200
f 1008//18 1012//18 1009//18
f 1012//18 1014//18 1009//18
f 1015//74 1011//74 1010//74
f 1000//202 997//202 1017//202
f 996//125 997//125 999//125
f 997//202 1018//202 1017//202
f 1019//114 1020//114 1021//114
f 1018//201 1019//201 1022//201
f 1022//114 1019//114 1021//114
f 999//125 997//125 1000//125
f 1017//201 1018//201 1022//201
f 1023//204 1016//204 1013//204
f 1024//135 1025//135 1026//135
f 1027//203 1023//203 1028//203
f 1028//204 1023//204 1013//204
f 1025//135 1027//135 1026//135
f 1026//203 1027//203 1028//203
f 1029//205 1030//205 1031//205
f 1032//208 1033//208 1024//208
f 1030//207 1033//207 1032//207
f 1021//206 1020//206 1034//206
f 1033//208 1025//208 1024//208
f 1034//205 1029//205 1031//205
f 1020//206 1029//206 1034//206
f 1031//207 1030//207 1032//207
f 1014//18 1035//18 1009//18
f 1016//18 1035//18 1014//18
f 1009//209 1036//209 1010//209
f 1009//209 1035//209 1036//209
f 1036//74 1015//74 1010//74
f 1036//74 1013//74 1015//74
f 1036//74 1028//74 1013//74
f 1036//74 1026//74 1028//74
f 1037//74 1026//74 1036//74
f 1037//74 1032//74 1024//74
f 1037//74 1024//74 1026//74
f 1033//18 1038//18 1025//18
f 1025//18 1038//18 1027//18
f 1027//18 1038//18 1035//18
f 1027//18 1035//18 1023//18
f 1023//18 1035//18 1016//18
f 1035//210 1038//210 1037//210
f 1035//210 1037//210 1036//210
f 995//211 988//211 986//211
f 997//18 995//18 1018//18
f 998//211 995//211 986//211
f 1039//74 1017//74 1022//74
f 1039//74 998//74 1017//74
f 995//18 1040//18 1018//18
f 1018//18 1040//18 1019//18
f 998//74 1000//74 1017//74
f 1041//212 1042//212 1039//212
f 1039//213 1040//213 998//213
f 1040//18 1043//18 1019//18
f 1042//212 1040//212 1039//212
f 1044//74 1039//74 1022//74
f 1040//213 995//213 998//213
f 1042//18 1045//18 1046//18
f 1042//18 1047//18 1045//18
f 1040//18 1046//18 1043//18
f 1042//18 1046//18 1040//18
f 1048//18 1047//18 1042//18
f 1049//74 1041//74 1050//74
f 1050//74 1041//74 1051//74
f 1051//74 1041//74 1052//74
f 1052//74 1039//74 1044//74
f 1052//74 1041//74 1039//74
f 1048//214 1042//214 1041//214
f 1049//74 1053//74 1041//74
f 1053//214 1048//214 1041//214
f 1048//18 1054//18 1055//18
f 1056//18 1054//18 1048//18
f 1056//18 1057//18 1054//18
f 1048//18 1055//18 1058//18
f 1048//18 1058//18 1047//18
f 1056//215 1048//215 1053//215
f 1059//74 1060//74 1061//74
f 1061//74 1053//74 1062//74
f 1062//74 1053//74 1049//74
f 1060//215 1056//215 1053//215
f 1061//74 1060//74 1053//74
f 920//216 1063//216 1064//216
f 917//114 920//114 919//114
f 919//216 920//216 1064//216
f 915//114 917//114 919//114
f 1065//217 1056//217 1060//217
f 1063//218 1065//218 1066//218
f 1066//217 1065//217 1060//217
f 1064//218 1063//218 1066//218
f 920//18 1067//18 1063//18
f 1063//18 1067//18 1068//18
f 1069//74 1070//74 1066//74
f 1071//74 1064//74 1070//74
f 1070//74 1064//74 1066//74
f 1072//74 1064//74 1071//74
f 1072//74 919//74 1064//74
f 1073//18 1074//18 1065//18
f 1063//18 1073//18 1065//18
f 1063//18 1068//18 1073//18
f 921//18 1075//18 920//18
f 920//18 1075//18 1076//18
f 1077//74 919//74 1078//74
f 1078//74 919//74 1072//74
f 1077//74 922//74 919//74
f 920//18 1076//18 1067//18
f 1079//74 1080//74 1081//74
f 1081//74 924//74 1082//74
f 1082//74 924//74 922//74
f 1082//74 922//74 1077//74
f 1083//18 1084//18 1085//18
f 923//18 1085//18 1086//18
f 1083//18 1085//18 923//18
f 1081//74 1080//74 924//74
f 923//18 1086//18 921//18
f 921//18 1086//18 1075//18
f 1078//220 1076//220 1077//220
f 1070//221 1073//221 1071//221
f 1067//222 1076//222 1078//222
f 1076//220 1075//220 1077//220
f 1068//219 1067//219 1072//219
f 1071//219 1068//219 1072//219
f 1073//221 1068//221 1071//221
f 1072//222 1067//222 1078//222
f 1085//225 1084//225 1079//225
f 1077//158 1086//158 1082//158
f 1086//224 1085//224 1082//224
f 1081//225 1085//225 1079//225
f 1075//158 1086//158 1077//158
f 1082//224 1085//224 1081//224
f 1087//18 1088//18 1065//18
f 1088//18 1089//18 1056//18
f 1065//18 1088//18 1056//18
f 1074//18 1087//18 1065//18
f 1090//74 1069//74 1066//74
f 1090//228 1087//228 1069//228
f 1091//74 1092//74 1060//74
f 1092//74 1066//74 1060//74
f 1092//99 1088//99 1090//99
f 1088//99 1087//99 1090//99
f 1087//228 1074//228 1069//228
f 1092//74 1090//74 1066//74
f 1093//18 1094//18 1095//18
f 1094//18 1096//18 1097//18
f 1095//18 1094//18 1097//18
f 1057//18 1089//18 1098//18
f 1056//18 1089//18 1057//18
f 1089//18 1099//18 1098//18
f 1098//18 1099//18 1100//18
f 1100//18 1093//18 1095//18
f 1099//18 1093//18 1100//18
f 1101//74 1102//74 1103//74
f 1091//74 1060//74 1059//74
f 1102//74 1104//74 1103//74
f 1105//74 1106//74 1107//74
f 1105//74 1101//74 1106//74
f 1108//74 1105//74 1107//74
f 1102//74 1091//74 1104//74
f 1101//74 1103//74 1106//74
f 1091//74 1059//74 1104//74
f 1089//227 1088//227 1092//227
f 1099//176 1089//176 1091//176
f 1091//227 1089//227 1092//227
f 1093//98 1099//98 1102//98
f 1102//176 1099//176 1091//176
f 1069//226 1074//226 1070//226
f 1074//226 1073//226 1070//226
f 1094//230 1093//230 1105//230
f 1101//98 1093//98 1102//98
f 1105//230 1093//230 1101//230
f 1109//232 1110//232 1111//232
f 1112//231 1110//231 1109//231
f 1111//179 1113//179 1108//179
f 1110//232 1113//232 1111//232
f 1108//229 1096//229 1105//229
f 1113//179 1096//179 1108//179
f 1096//229 1094//229 1105//229
f 1114//231 1112//231 1109//231
f 1043//18 1115//18 1019//18
f 1115//18 1116//18 1020//18
f 1020//18 1116//18 1029//18
f 1019//18 1115//18 1020//18
f 1117//18 1118//18 1030//18
f 1116//18 1117//18 1029//18
f 1029//18 1117//18 1030//18
f 1119//74 1022//74 1021//74
f 1119//74 1044//74 1022//74
f 1120//74 1119//74 1021//74
f 1120//74 1021//74 1034//74
f 1121//74 1120//74 1034//74
f 1121//74 1034//74 1031//74
f 1122//74 1121//74 1031//74
f 1115//198 1043//198 1044//198
f 1045//162 1047//162 1050//162
f 1046//173 1045//173 1051//173
f 1044//197 1043//197 1052//197
f 1116//233 1115//233 1119//233
f 1119//198 1115//198 1044//198
f 1052//173 1046//173 1051//173
f 1043//197 1046//197 1052//197
f 1051//162 1045//162 1050//162
f 1120//233 1116//233 1119//233
f 1121//99 1117//99 1120//99
f 1123//199 1124//199 1122//199
f 1117//99 1116//99 1120//99
f 1125//98 1124//98 1123//98
f 1126//111 1127//111 1125//111
f 1128//111 1126//111 1125//111
f 1127//98 1124//98 1125//98
f 1124//199 1118//199 1122//199
f 1122//97 1117//97 1121//97
f 1118//97 1117//97 1122//97
f 1129//74 1031//74 1032//74
f 1033//18 1130//18 1038//18
f 1118//18 1130//18 1030//18
f 1030//18 1130//18 1033//18
f 1129//74 1032//74 1037//74
f 1129//74 1122//74 1031//74
f 1038//234 1130//234 1129//234
f 1038//234 1129//234 1037//234
f 1125//74 1123//74 1129//74
f 1123//74 1122//74 1129//74
f 1118//18 1124//18 1130//18
f 1124//18 1127//18 1130//18
f 1126//18 1131//18 1127//18
f 1132//74 1125//74 1129//74
f 1132//74 1128//74 1125//74
f 1132//74 1133//74 1128//74
f 1134//18 1131//18 1126//18
f 1127//18 1131//18 1130//18
f 1130//235 1132//235 1129//235
f 1130//235 1131//235 1132//235
f 1050//175 1047//175 1049//175
f 1047//175 1058//175 1049//175
f 1049//103 1055//103 1062//103
f 1058//103 1055//103 1049//103
f 1062//236 1055//236 1061//236
f 1055//236 1054//236 1061//236
f 1059//237 1057//237 1104//237
f 1054//239 1057//239 1059//239
f 1095//104 1097//104 1107//104
f 1100//238 1095//238 1103//238
f 1061//239 1054//239 1059//239
f 1103//238 1095//238 1106//238
f 1098//125 1100//125 1103//125
f 1106//104 1095//104 1107//104
f 1057//237 1098//237 1104//237
f 1104//125 1098//125 1103//125
f 1135//110 1134//110 1133//110
f 1136//109 1137//109 1135//109
f 1134//204 1126//204 1128//204
f 1138//109 1136//109 1135//109
f 1137//110 1134//110 1135//110
f 1133//204 1134//204 1128//204
f 1139//116 1140//116 1141//116
f 1142//241 1140//241 1139//241
f 1107//155 1097//155 1143//155
f 1144//240 1142//240 1145//240
f 1145//241 1142//241 1139//241
f 1097//155 1144//155 1143//155
f 1143//240 1144//240 1145//240
f 1140//116 1146//116 1141//116
f 1141//208 1146//208 1138//208
f 1146//208 1136//208 1138//208
f 1096//18 1113//18 1144//18
f 1108//74 1107//74 1143//74
f 1111//74 1143//74 1145//74
f 1111//74 1108//74 1143//74
f 1144//18 1113//18 1142//18
f 1097//18 1096//18 1144//18
f 1109//74 1111//74 1147//74
f 1113//18 1110//18 1148//18
f 1110//18 1112//18 1148//18
f 1113//18 1148//18 1142//18
f 1147//74 1111//74 1145//74
f 1114//74 1109//74 1147//74
f 1134//18 1148//18 1131//18
f 1137//18 1148//18 1134//18
f 1136//18 1148//18 1137//18
f 1146//18 1148//18 1136//18
f 1140//18 1148//18 1146//18
f 1142//18 1148//18 1140//18
f 1147//74 1145//74 1139//74
f 1147//74 1139//74 1141//74
f 1147//74 1141//74 1138//74
f 1147//74 1138//74 1135//74
f 1147//74 1135//74 1133//74
f 1147//74 1133//74 1132//74
f 1131//242 1148//242 1147//242
f 1131//242 1147//242 1132//242
f 630//68 626//68 627//68
f 92//356 1149//356 623//356
f 624//291 654//291 625//291
f 1150//290 654//290 624//290
f 1151//357 654//357 1150//357
f 1151//358 656//358 654//358
f 1152//359 658//359 1151//359
f 1151//360 658//360 656//360
f 92//361 652//361 1149//361
f 655//362 1153//362 1154//362
f 653//363 1149//363 652//363
f 653//364 1154//364 1155//364
f 653//365 1155//365 1149//365
f 655//366 1154//366 653//366
f 657//367 1153//367 655//367
f 662//74 661//74 805//74
f 660//18 659//18 808//18
f 662//74 805//74 854//74
f 662//74 854//74 860//74
f 662//74 860//74 862//74
f 662//74 862//74 864//74
f 859//18 659//18 855//18
f 861//18 659//18 859//18
f 808//18 659//18 853//18
f 853//18 659//18 863//18
f 863//18 659//18 861//18
f 855//18 659//18 896//18
f 662//74 864//74 902//74
f 662//74 1156//74 1157//74
f 1158//18 659//18 1159//18
f 662//74 1160//74 1156//74
f 896//18 659//18 1161//18
f 1161//18 659//18 1158//18
f 662//74 902//74 1160//74
f 900//124 893//124 901//124
f 894//124 893//124 900//124
f 901//246 895//246 899//246
f 899//244 895//244 902//244
f 893//246 895//246 901//246
f 895//245 896//245 902//245
f 1157//104 1159//104 1162//104
f 1159//104 1163//104 1162//104
f 902//108 1161//108 1160//108
f 896//108 1161//108 902//108
f 1160//243 1158//243 1156//243
f 1161//243 1158//243 1160//243
f 1156//145 1159//145 1157//145
f 1158//145 1159//145 1156//145
f 1164//275 663//275 1152//275
f 664//274 1165//274 1153//274
f 664//274 1153//274 657//274
f 1152//275 663//275 658//275
f 659//18 1166//18 1159//18
f 1167//74 662//74 1157//74
f 1168//368 669//368 1169//368
f 1166//369 670//369 1168//369
f 670//370 669//370 1168//370
f 659//369 670//369 1166//369
f 669//371 668//371 1169//371
f 667//372 666//372 1170//372
f 1171//373 667//373 1170//373
f 668//374 667//374 1171//374
f 1169//375 668//375 1171//375
f 1170//376 666//376 1172//376
f 665//377 663//377 1173//377
f 1173//378 663//378 1164//378
f 666//379 665//379 1172//379
f 1172//380 665//380 1173//380
f 674//381 1174//381 1175//381
f 675//382 1167//382 1174//382
f 675//383 662//383 1167//383
f 673//384 674//384 1175//384
f 674//385 675//385 1174//385
f 671//386 1176//386 1177//386
f 671//387 673//387 1176//387
f 676//388 671//388 1178//388
f 672//389 1179//389 1165//389
f 672//390 1178//390 1179//390
f 672//391 676//391 1178//391
f 664//392 672//392 1165//392
f 671//393 1177//393 1178//393
f 673//394 1175//394 1176//394
f 1180//276 1181//276 1080//276
f 1182//277 1181//277 1180//277
f 1183//277 1182//277 1180//277
f 1181//276 1083//276 1080//276
f 1080//110 1083//110 924//110
f 1083//110 923//110 924//110
f 1184//278 1185//278 1186//278
f 1186//116 1185//116 1183//116
f 1187//279 1184//279 1188//279
f 1188//278 1184//278 1186//278
f 1163//155 1187//155 1189//155
f 1189//279 1187//279 1188//279
f 1162//155 1163//155 1189//155
f 1185//116 1182//116 1183//116
f 1182//18 1190//18 1181//18
f 1181//18 1190//18 1084//18
f 1182//18 1191//18 1190//18
f 1181//18 1084//18 1083//18
f 1185//18 1191//18 1182//18
f 1184//18 1192//18 1185//18
f 1185//18 1192//18 1191//18
f 1193//74 1183//74 1180//74
f 1193//74 1180//74 1079//74
f 1079//74 1180//74 1080//74
f 1194//74 1188//74 1195//74
f 1195//74 1188//74 1186//74
f 1195//74 1186//74 1196//74
f 1196//74 1186//74 1183//74
f 1196//74 1183//74 1193//74
f 1190//280 1191//280 1193//280
f 1193//280 1191//280 1196//280
f 1084//223 1190//223 1079//223
f 1079//223 1190//223 1193//223
f 1187//18 1166//18 1184//18
f 1184//18 1166//18 1192//18
f 1195//104 1192//104 1194//104
f 1197//283 1198//283 1199//283
f 1191//282 1192//282 1195//282
f 1194//283 1197//283 1199//283
f 1196//282 1191//282 1195//282
f 1192//104 1197//104 1194//104
f 1200//116 1201//116 1114//116
f 1202//281 1201//281 1200//281
f 1199//183 1198//183 1203//183
f 1198//183 1202//183 1203//183
f 1203//281 1202//281 1200//281
f 1201//116 1112//116 1114//116
f 1192//18 1166//18 1197//18
f 1112//18 1166//18 1148//18
f 1167//74 1114//74 1147//74
f 1197//18 1166//18 1198//18
f 1166//395 1167//395 1147//395
f 1148//51 1166//51 1147//51
f 1201//18 1166//18 1112//18
f 1198//18 1166//18 1202//18
f 1202//18 1166//18 1201//18
f 1167//74 1189//74 1188//74
f 1167//74 1162//74 1189//74
f 1167//74 1157//74 1162//74
f 1167//74 1188//74 1194//74
f 1159//18 1166//18 1163//18
f 1163//18 1166//18 1187//18
f 1167//74 1194//74 1199//74
f 1167//74 1199//74 1203//74
f 1167//74 1203//74 1200//74
f 1167//74 1200//74 1114//74
f 1170//396 1167//396 1171//396
f 1171//397 1167//397 1169//397
f 1169//398 1167//398 1168//398
f 1168//399 1167//399 1166//399
f 28//400 48//400 1204//400
f 38//401 31//401 1205//401
f 47//402 46//402 37//402
f 37//402 46//402 45//402
f 28//18 1204//18 31//18
f 1204//18 1205//18 31//18
f 48//403 47//403 37//403
f 48//404 1206//404 1204//404
f 1206//405 1207//405 1204//405
f 1208//406 1206//406 38//406
f 1207//74 1206//74 1208//74
f 1209//407 1207//407 1210//407
f 38//408 48//408 37//408
f 1210//74 1207//74 1208//74
f 1206//409 48//409 38//409
f 1211//410 1209//410 1210//410
f 1212//411 1213//411 1214//411
f 1213//412 1209//412 1211//412
f 1214//413 1213//413 1211//413
f 1215//414 1212//414 1214//414
f 1213//415 1216//415 1217//415
f 1207//416 1209//416 1218//416
f 1207//417 1218//417 1219//417
f 1220//418 1221//418 1222//418
f 1209//419 1213//419 1217//419
f 1209//420 1217//420 1218//420
f 1222//421 1221//421 1223//421
f 1222//422 1223//422 1212//422
f 1213//423 1212//423 1216//423
f 1212//424 1223//424 1216//424
f 1211//425 1210//425 1224//425
f 1207//426 1219//426 1204//426
f 1225//427 1210//427 1205//427
f 1210//428 1208//428 1205//428
f 1208//429 38//429 1205//429
f 1226//430 1227//430 1204//430
f 1227//431 1228//431 1204//431
f 1228//148 1229//148 1204//148
f 1230//432 1225//432 1205//432
f 1229//433 1231//433 1204//433
f 1232//434 1230//434 1205//434
f 1219//435 1226//435 1204//435
f 1233//436 1232//436 1205//436
f 1229//74 1228//74 1233//74
f 1233//437 1227//437 1232//437
f 1228//438 1227//438 1233//438
f 1230//439 1226//439 1225//439
f 1232//440 1226//440 1230//440
f 1227//441 1226//441 1232//441
f 1226//439 1219//439 1225//439
f 1220//442 1234//442 1221//442
f 1224//443 1210//443 1225//443
f 1235//444 1236//444 1237//444
f 1237//445 1236//445 1238//445
f 1214//446 1211//446 1239//446
f 1239//447 1211//447 1224//447
f 1215//448 1214//448 1240//448
f 1240//449 1214//449 1239//449
f 1241//450 1215//450 1240//450
f 1237//451 1238//451 1241//451
f 1241//452 1238//452 1215//452
f 1219//453 1218//453 1225//453
f 1216//454 1223//454 1240//454
f 1225//455 1218//455 1224//455
f 1224//456 1217//456 1239//456
f 1218//457 1217//457 1224//457
f 1239//458 1216//458 1240//458
f 1217//459 1216//459 1239//459
f 1240//460 1223//460 1241//460
f 1223//461 1221//461 1241//461
f 1241//462 1221//462 1237//462
f 1237//463 1234//463 1235//463
f 1221//464 1234//464 1237//464
f 1234//465 1242//465 1235//465
f 1235//465 1242//465 1243//465
f 1242//466 1244//466 1243//466
f 1245//467 1246//467 1247//467
f 1246//18 1248//18 1247//18
f 1243//468 1244//468 1245//468
f 1244//469 1246//469 1245//469
f 43//470 42//470 39//470
f 44//456 43//456 41//456
f 41//471 43//471 40//471
f 40//472 43//472 39//472
f 45//473 44//473 41//473
f 46//474 44//474 45//474
f 42//460 1249//460 39//460
f 1250//475 1251//475 1252//475
f 39//476 1249//476 1253//476
f 1252//475 1251//475 1254//475
f 1253//477 1255//477 1256//477
f 1249//478 1255//478 1253//478
f 1255//479 1250//479 1256//479
f 1256//480 1250//480 1252//480
f 1253//481 1257//481 39//481
f 1256//482 1258//482 1253//482
f 1259//483 1255//483 1249//483
f 1251//484 1260//484 1254//484
f 1261//485 1249//485 42//485
f 1238//486 1222//486 1215//486
f 1262//487 1263//487 1236//487
f 1236//488 1220//488 1238//488
f 1220//489 1222//489 1238//489
f 1222//490 1212//490 1215//490
f 1263//491 1220//491 1236//491
f 1264//492 1265//492 1266//492
f 1266//493 1265//493 1267//493
f 1267//494 1265//494 1262//494
f 1268//495 1264//495 1269//495
f 1269//496 1264//496 1266//496
f 1265//497 1263//497 1262//497
f 1270//498 1271//498 1272//498
f 1270//499 1273//499 1271//499
f 1270//500 1274//500 1273//500
f 1273//501 1274//501 1275//501
f 1254//502 1260//502 1276//502
f 1272//18 1271//18 1277//18
f 1277//18 1271//18 1278//18
f 1260//503 1272//503 1276//503
f 1276//504 1272//504 1277//504
f 1271//505 1273//505 1278//505
f 1278//506 1273//506 1279//506
f 1279//507 1275//507 1280//507
f 1273//508 1275//508 1279//508
f 1275//509 1268//509 1280//509
f 1280//510 1268//510 1269//510
f 1278//511 1281//511 1277//511
f 1279//512 1281//512 1278//512
f 1259//513 1282//513 1255//513
f 1261//514 1259//514 1249//514
f 49//515 1261//515 42//515
f 1282//516 1250//516 1255//516
f 1282//517 1283//517 1250//517
f 1283//518 1284//518 1251//518
f 1283//519 1251//519 1250//519
f 1284//520 1285//520 1260//520
f 1284//521 1260//521 1251//521
f 1254//522 1286//522 1252//522
f 1287//523 1286//523 1254//523
f 1252//524 1288//524 1256//524
f 1286//525 1288//525 1252//525
f 1288//526 1258//526 1256//526
f 1258//527 1257//527 1253//527
f 1257//528 54//528 39//528
f 1288//529 1259//529 1258//529
f 1259//530 1261//530 1258//530
f 1261//531 49//531 1257//531
f 1257//532 49//532 54//532
f 1283//74 1282//74 1288//74
f 54//533 52//533 53//533
f 49//534 52//534 54//534
f 1258//535 1261//535 1257//535
f 1282//536 1259//536 1288//536
f 55//537 51//537 56//537
f 52//538 51//538 53//538
f 51//539 50//539 56//539
f 53//540 51//540 55//540
f 1286//74 1283//74 1288//74
f 1285//541 1284//541 1287//541
f 1289//541 1285//541 1287//541
f 1290//542 1291//542 1292//542
f 1291//542 1293//542 1292//542
f 1287//543 1284//543 1286//543
f 1293//544 1285//544 1289//544
f 1292//544 1293//544 1289//544
f 1284//545 1283//545 1286//545
f 1294//546 1291//546 1290//546
f 1295//547 1294//547 1296//547
f 1296//546 1294//546 1290//546
f 1285//548 1270//548 1272//548
f 1277//549 1289//549 1276//549
f 1285//550 1272//550 1260//550
f 1281//551 1289//551 1277//551
f 1289//552 1287//552 1276//552
f 1276//553 1287//553 1254//553
f 1293//554 1297//554 1270//554
f 1294//555 1297//555 1291//555
f 1294//556 1298//556 1297//556
f 1295//557 1298//557 1294//557
f 1299//547 1295//547 1296//547
f 1285//558 1293//558 1270//558
f 1291//559 1297//559 1293//559
f 1300//560 1299//560 1296//560
f 1301//561 1296//561 1290//561
f 1292//562 1289//562 1281//562
f 1301//563 1292//563 1281//563
f 1300//564 1296//564 1301//564
f 1301//565 1290//565 1292//565
f 1297//566 1298//566 1300//566
f 1220//567 1302//567 1234//567
f 1263//568 1302//568 1220//568
f 1303//569 1267//569 1262//569
f 1264//570 1304//570 1265//570
f 1303//571 1262//571 1305//571
f 1305//572 1262//572 1236//572
f 1305//573 1236//573 1235//573
f 1265//574 1304//574 1263//574
f 1263//575 1304//575 1302//575
f 1303//576 1266//576 1267//576
f 1303//577 1304//577 1306//577
f 1306//578 1279//578 1280//578
f 1306//579 1281//579 1279//579
f 1269//580 1306//580 1280//580
f 1303//581 1306//581 1269//581
f 1274//582 1268//582 1275//582
f 1303//583 1269//583 1266//583
f 1304//577 1274//577 1306//577
f 1268//584 1304//584 1264//584
f 1274//585 1304//585 1268//585
f 1305//586 1304//586 1303//586
f 1302//587 1304//587 1305//587
f 1302//588 1242//588 1234//588
f 1307//589 1302//589 1308//589
f 1302//590 1307//590 1242//590
f 1308//591 1302//591 1305//591
f 1307//592 1244//592 1242//592
f 1309//74 1307//74 1310//74
f 1307//593 1246//593 1244//593
f 1307//594 1309//594 1248//594
f 1307//148 1248//148 1246//148
f 1309//595 1311//595 1248//595
f 1247//596 1308//596 1245//596
f 1310//74 1307//74 1308//74
f 1245//597 1308//597 1243//597
f 1312//598 1308//598 1247//598
f 1243//599 1305//599 1235//599
f 1308//600 1305//600 1243//600
f 1301//601 1297//601 1300//601
f 1274//602 1270//602 1306//602
f 1306//603 1270//603 1281//603
f 1270//604 1297//604 1301//604
f 1281//605 1270//605 1301//605
f 1313//606 1205//606 1204//606
f 1314//607 1315//607 1313//607
f 1313//608 1204//608 1316//608
f 1317//609 1318//609 1316//609
f 1231//610 1316//610 1204//610
f 1231//611 1317//611 1316//611
f 1319//612 1314//612 1313//612
f 1315//613 1320//613 1205//613
f 1320//163 1233//163 1205//163
f 1313//614 1315//614 1205//614
f 1321//615 1319//615 1313//615
f 1322//616 1323//616 1324//616
f 1321//617 1325//617 1319//617
f 1318//618 1323//618 1316//618
f 1321//619 1313//619 1316//619
f 1321//620 1316//620 1323//620
f 1324//621 1323//621 1318//621
f 1321//622 1326//622 1325//622
f 1320//74 1229//74 1233//74
f 1231//410 1229//410 1320//410
f 1317//623 1231//623 1315//623
f 1315//407 1231//407 1320//407
f 1318//414 1317//414 1314//414
f 1314//624 1317//624 1315//624
f 1324//490 1318//490 1319//490
f 1319//414 1318//414 1314//414
f 1325//625 1324//625 1319//625
f 1322//626 1324//626 1325//626
f 1327//491 1328//491 1326//491
f 1326//626 1322//626 1325//626
f 1328//491 1322//491 1326//491
f 1329//627 1330//627 1327//627
f 1331//628 1330//628 1329//628
f 1332//628 1330//628 1331//628
f 1330//627 1328//627 1327//627
f 1333//629 1334//629 1335//629
f 1247//18 1248//18 1312//18
f 1312//630 1311//630 1333//630
f 1311//631 1334//631 1333//631
f 1248//632 1311//632 1312//632
f 1336//633 1332//633 1331//633
f 1334//510 1336//510 1335//510
f 1335//510 1336//510 1337//510
f 1337//634 1336//634 1331//634
f 1336//635 1338//635 1332//635
f 1339//636 1326//636 1321//636
f 1340//637 1339//637 1321//637
f 1322//638 1341//638 1323//638
f 1341//639 1342//639 1323//639
f 1342//640 1343//640 1323//640
f 1328//641 1344//641 1341//641
f 1330//642 1345//642 1344//642
f 1330//643 1344//643 1328//643
f 1328//644 1341//644 1322//644
f 1332//645 1345//645 1330//645
f 1332//646 1338//646 1345//646
f 1339//647 1327//647 1326//647
f 1346//648 1327//648 1339//648
f 1347//649 1331//649 1329//649
f 1348//650 1331//650 1347//650
f 1347//651 1329//651 1346//651
f 1346//652 1329//652 1327//652
f 1348//653 1337//653 1331//653
f 1342//441 1341//441 1339//441
f 1339//654 1344//654 1346//654
f 1341//655 1344//655 1339//655
f 1349//656 1321//656 1323//656
f 1350//657 1343//657 1351//657
f 1350//657 1349//657 1343//657
f 1349//658 1323//658 1343//658
f 1349//659 1340//659 1321//659
f 1352//660 1353//660 1351//660
f 1352//661 1351//661 1343//661
f 1354//662 1352//662 1343//662
f 1355//663 1356//663 1351//663
f 1342//664 1354//664 1343//664
f 1353//665 1355//665 1351//665
f 1357//666 1358//666 1350//666
f 1350//667 1359//667 1349//667
f 1360//668 1359//668 1350//668
f 1358//669 1360//669 1350//669
f 1361//670 1340//670 1349//670
f 1359//671 1361//671 1349//671
f 1354//672 1342//672 1340//672
f 1340//441 1342//441 1339//441
f 1352//74 1354//74 1361//74
f 1361//672 1354//672 1340//672
f 1353//673 1352//673 1359//673
f 1359//74 1352//74 1361//74
f 1357//674 1356//674 1358//674
f 1355//675 1353//675 1360//675
f 1358//676 1355//676 1360//676
f 1360//677 1353//677 1359//677
f 1356//674 1355//674 1358//674
f 1362//678 1351//678 1363//678
f 1362//679 1350//679 1351//679
f 1364//680 1365//680 1362//680
f 1362//681 1365//681 1366//681
f 1367//682 1363//682 1368//682
f 1367//683 1369//683 1363//683
f 1362//684 1357//684 1350//684
f 1368//685 1363//685 1356//685
f 1356//686 1363//686 1351//686
f 1362//687 1366//687 1357//687
f 1364//688 1362//688 1363//688
f 1364//689 1363//689 1369//689
f 1310//690 1308//690 1312//690
f 1309//691 1370//691 1334//691
f 1370//692 1336//692 1334//692
f 1337//693 1371//693 1335//693
f 1371//694 1310//694 1335//694
f 1333//695 1310//695 1312//695
f 1335//696 1310//696 1333//696
f 1370//697 1309//697 1310//697
f 1371//698 1370//698 1310//698
f 1309//699 1334//699 1311//699
f 1372//700 1370//700 1371//700
f 1373//701 1372//701 1374//701
f 1374//702 1372//702 1371//702
f 1348//703 1371//703 1337//703
f 1370//704 1338//704 1336//704
f 1370//705 1372//705 1375//705
f 1370//706 1375//706 1338//706
f 1376//701 1373//701 1374//701
f 1377//707 1371//707 1348//707
f 1338//708 1375//708 1377//708
f 1347//457 1338//457 1348//457
f 1348//708 1338//708 1377//708
f 1346//709 1344//709 1347//709
f 1345//457 1338//457 1347//457
f 1344//710 1345//710 1347//710
f 1375//454 1378//454 1377//454
f 1378//711 1379//711 1380//711
f 1379//712 1381//712 1382//712
f 1382//480 1381//480 1383//480
f 1380//711 1379//711 1382//711
f 1377//454 1378//454 1380//454
f 1373//713 1384//713 1381//713
f 1372//714 1373//714 1381//714
f 1372//715 1381//715 1379//715
f 1372//716 1379//716 1378//716
f 1372//717 1378//717 1375//717
f 1385//718 1386//718 1387//718
f 1385//719 1387//719 1388//719
f 1373//720 1388//720 1384//720
f 1385//721 1388//721 1373//721
f 1380//722 1374//722 1377//722
f 1376//723 1374//723 1383//723
f 1389//724 1390//724 1376//724
f 1382//725 1374//725 1380//725
f 1383//726 1374//726 1382//726
f 1391//727 1376//727 1383//727
f 1374//728 1371//728 1377//728
f 1389//729 1376//729 1391//729
f 1389//730 1387//730 1392//730
f 1381//475 1384//475 1383//475
f 1384//731 1388//731 1391//731
f 1387//18 1386//18 1392//18
f 1391//731 1388//731 1389//731
f 1383//732 1384//732 1391//732
f 1388//730 1387//730 1389//730
f 1393//733 1394//733 1395//733
f 1396//734 1394//734 1393//734
f 1392//18 1386//18 1397//18
f 1386//735 1396//735 1397//735
f 1397//736 1396//736 1393//736
f 1397//737 1390//737 1392//737
f 1392//738 1390//738 1389//738
f 1398//739 1390//739 1397//739
f 1399//740 1400//740 1390//740
f 1390//741 1385//741 1376//741
f 1400//742 1401//742 1385//742
f 1400//743 1385//743 1390//743
f 1385//744 1373//744 1376//744
f 1385//745 1402//745 1386//745
f 1385//746 1401//746 1402//746
f 1403//747 1390//747 1398//747
f 1403//748 1399//748 1390//748
f 1404//749 1399//749 1405//749
f 1406//750 1407//750 1399//750
f 1405//751 1399//751 1403//751
f 1404//752 1406//752 1399//752
f 1400//753 1408//753 1409//753
f 1410//754 1406//754 1404//754
f 1400//755 1409//755 1401//755
f 1407//756 1411//756 1408//756
f 1407//757 1408//757 1400//757
f 1407//750 1400//750 1399//750
f 1412//758 1413//758 1365//758
f 1365//759 1367//759 1366//759
f 1413//760 1367//760 1365//760
f 1366//625 1368//625 1357//625
f 1367//761 1368//761 1366//761
f 1368//762 1356//762 1357//762
f 1395//763 1394//763 1414//763
f 1415//764 1416//764 1417//764
f 1417//765 1416//765 1418//765
f 1419//766 1415//766 1414//766
f 1414//767 1415//767 1417//767
f 1394//763 1419//763 1414//763
f 1418//497 1413//497 1412//497
f 1416//768 1413//768 1418//768
f 1415//769 1420//769 1369//769
f 1415//770 1369//770 1416//770
f 1416//771 1369//771 1413//771
f 1413//772 1369//772 1367//772
f 1364//773 1418//773 1412//773
f 1364//774 1412//774 1365//774
f 1364//775 1417//775 1418//775
f 1421//776 1422//776 1420//776
f 1421//777 1420//777 1423//777
f 1422//778 1364//778 1369//778
f 1422//779 1369//779 1420//779
f 1422//780 1417//780 1364//780
f 1424//781 1419//781 1394//781
f 1424//782 1425//782 1419//782
f 1426//783 1394//783 1396//783
f 1425//784 1415//784 1419//784
f 1426//785 1424//785 1394//785
f 1425//786 1427//786 1415//786
f 1402//787 1396//787 1386//787
f 1402//788 1426//788 1396//788
f 1428//789 1398//789 1393//789
f 1429//790 1428//790 1395//790
f 1417//791 1430//791 1414//791
f 1414//792 1429//792 1395//792
f 1395//793 1428//793 1393//793
f 1393//794 1398//794 1397//794
f 1430//795 1429//795 1414//795
f 1431//796 1430//796 1417//796
f 1427//797 1420//797 1415//797
f 1426//530 1402//530 1428//530
f 1402//798 1401//798 1403//798
f 1403//533 1409//533 1405//533
f 1428//535 1402//535 1398//535
f 1398//799 1402//799 1403//799
f 1424//800 1426//800 1428//800
f 1401//534 1409//534 1403//534
f 1429//801 1424//801 1428//801
f 1425//74 1424//74 1429//74
f 1408//802 1411//802 1404//802
f 1405//540 1408//540 1404//540
f 1409//538 1408//538 1405//538
f 1404//803 1411//803 1410//803
f 1432//542 1433//542 1434//542
f 1430//74 1425//74 1429//74
f 1435//541 1427//541 1431//541
f 1436//804 1435//804 1437//804
f 1431//805 1425//805 1430//805
f 1427//806 1425//806 1431//806
f 1437//541 1435//541 1431//541
f 1434//807 1436//807 1437//807
f 1433//808 1436//808 1434//808
f 1438//546 1433//546 1432//546
f 1439//547 1440//547 1441//547
f 1441//546 1438//546 1432//546
f 1440//547 1438//547 1441//547
f 1427//809 1435//809 1420//809
f 1435//810 1423//810 1420//810
f 1421//811 1437//811 1422//811
f 1422//812 1431//812 1417//812
f 1437//813 1431//813 1422//813
f 1440//814 1442//814 1438//814
f 1443//815 1439//815 1441//815
f 1433//816 1423//816 1436//816
f 1434//817 1437//817 1421//817
f 1443//818 1441//818 1421//818
f 1438//819 1423//819 1433//819
f 1438//820 1442//820 1423//820
f 1421//821 1432//821 1434//821
f 1435//822 1436//822 1423//822
f 1421//823 1441//823 1432//823
f 1443//824 1421//824 1423//824
f 1443//825 1423//825 1442//825
f 56//826 640//826 641//826
f 50//827 640//827 56//827
f 640//828 635//828 641//828
f 641//478 635//478 639//478
f 639//829 634//829 638//829
f 635//830 634//830 639//830
f 1444//831 1445//831 1446//831
f 638//832 1447//832 1444//832
f 1446//833 1448//833 1449//833
f 634//834 1447//834 638//834
f 1447//835 1445//835 1444//835
f 1445//836 1448//836 1446//836
f 1448//18 1450//18 1449//18
f 1451//837 1452//837 1453//837
f 1452//838 1295//838 1454//838
f 1453//837 1452//837 1454//837
f 1455//839 1456//839 1457//839
f 1457//840 1456//840 1458//840
f 1450//841 1456//841 1455//841
f 1456//840 1459//840 1458//840
f 1460//842 1451//842 1453//842
f 1459//843 1460//843 1458//843
f 1449//18 1450//18 1455//18
f 1458//843 1460//843 1461//843
f 1461//842 1460//842 1453//842
f 1462//844 1450//844 1448//844
f 1462//845 1463//845 1450//845
f 636//846 1447//846 634//846
f 1463//847 1456//847 1450//847
f 1463//848 1464//848 1456//848
f 1465//849 1462//849 1448//849
f 1466//850 1445//850 1447//850
f 1465//851 1448//851 1445//851
f 1464//852 1459//852 1456//852
f 1457//853 1467//853 1455//853
f 1467//854 1468//854 1455//854
f 1455//855 1468//855 1449//855
f 1446//856 1469//856 1444//856
f 1444//857 637//857 638//857
f 1449//858 1470//858 1446//858
f 1468//859 1470//859 1449//859
f 1460//860 1471//860 1472//860
f 1460//861 1472//861 1451//861
f 1452//862 1298//862 1295//862
f 1451//863 1472//863 1452//863
f 1454//838 1295//838 1299//838
f 1459//864 1471//864 1460//864
f 1452//865 1472//865 1298//865
f 1473//866 1461//866 1474//866
f 1474//867 1461//867 1453//867
f 1298//868 1472//868 1300//868
f 1474//869 1453//869 1454//869
f 1300//870 1454//870 1299//870
f 1474//871 1454//871 1300//871
f 1473//872 1458//872 1461//872
f 1475//873 1471//873 1459//873
f 1476//874 1467//874 1457//874
f 1464//875 1475//875 1459//875
f 1477//876 1476//876 1458//876
f 1458//877 1476//877 1457//877
f 1473//878 1477//878 1458//878
f 636//879 1466//879 1447//879
f 1464//880 1463//880 1467//880
f 1466//881 1465//881 1445//881
f 1470//882 1469//882 1446//882
f 1469//883 637//883 1444//883
f 1465//456 1466//456 1470//456
f 1467//884 1462//884 1468//884
f 1466//885 636//885 637//885
f 1470//471 1466//471 1469//471
f 1469//886 1466//886 637//886
f 1463//884 1462//884 1467//884
f 1462//887 1465//887 1468//887
f 1468//888 1465//888 1470//888
f 644//477 643//477 645//477
f 651//478 643//478 644//478
f 636//460 651//460 637//460
f 637//476 651//476 644//476
f 645//889 642//889 646//889
f 643//890 642//890 645//890
f 1478//891 1479//891 1471//891
f 1475//892 1478//892 1471//892
f 1479//893 1480//893 1471//893
f 1479//894 1481//894 1480//894
f 1482//895 1483//895 1473//895
f 1483//896 1477//896 1473//896
f 1479//407 1478//407 1483//407
f 1477//406 1475//406 1476//406
f 1478//74 1475//74 1477//74
f 1476//897 1464//897 1467//897
f 1475//409 1464//409 1476//409
f 1483//74 1478//74 1477//74
f 1481//898 1479//898 1482//898
f 1482//410 1479//410 1483//410
f 1484//899 1481//899 1482//899
f 1485//900 1481//900 1484//900
f 1486//901 1485//901 1484//901
f 1487//902 1488//902 1489//902
f 1489//488 1490//488 1491//488
f 1488//903 1490//903 1489//903
f 1491//904 1492//904 1486//904
f 1492//905 1485//905 1486//905
f 1490//489 1492//489 1491//489
f 1493//906 1494//906 1495//906
f 1496//497 1488//497 1487//497
f 1497//907 1494//907 1493//907
f 1494//492 1496//492 1495//492
f 1498//494 1496//494 1487//494
f 1495//493 1496//493 1498//493
f 1471//908 1480//908 1473//908
f 1300//909 1472//909 1474//909
f 1474//910 1471//910 1473//910
f 1473//911 1480//911 1499//911
f 1472//912 1471//912 1474//912
f 1485//913 1500//913 1480//913
f 1501//914 1491//914 1486//914
f 1486//915 1484//915 1499//915
f 1484//916 1482//916 1499//916
f 1481//917 1485//917 1480//917
f 1501//918 1486//918 1499//918
f 1499//919 1482//919 1473//919
f 1492//920 1500//920 1485//920
f 1499//921 1500//921 1501//921
f 1480//921 1500//921 1499//921
f 1500//922 1502//922 1501//922
f 1501//923 1489//923 1491//923
f 1501//924 1487//924 1489//924
f 1503//925 1487//925 1501//925
f 1503//926 1498//926 1487//926
f 1490//927 1500//927 1492//927
f 1504//928 1498//928 1503//928
f 1496//929 1505//929 1502//929
f 1488//717 1500//717 1490//717
f 1488//930 1502//930 1500//930
f 1496//931 1502//931 1488//931
f 1506//18 1507//18 1508//18
f 1509//932 1510//932 1507//932
f 1511//933 1507//933 1506//933
f 1511//934 1509//934 1507//934
f 1505//935 1512//935 1502//935
f 1512//936 1506//936 1502//936
f 1512//937 1513//937 1506//937
f 1513//938 1511//938 1506//938
f 1514//939 1504//939 1503//939
f 1508//940 1514//940 1503//940
f 1501//941 1502//941 1503//941
f 1515//942 1514//942 1508//942
f 1503//943 1506//943 1508//943
f 1502//944 1506//944 1503//944
f 1516//945 1515//945 1508//945
f 1517//74 58//74 68//74
f 1517//74 68//74 1518//74
f 58//946 1517//946 650//946
f 1518//947 68//947 648//947
f 646//948 649//948 647//948
f 642//948 649//948 646//948
f 647//949 650//949 648//949
f 649//950 650//950 647//950
f 650//503 1519//503 648//503
f 1520//951 1497//951 1521//951
f 648//504 1519//504 1522//504
f 1521//952 1497//952 1493//952
f 1523//953 1520//953 1524//953
f 1522//18 1525//18 1526//18
f 1524//954 1520//954 1521//954
f 1525//505 1523//505 1526//505
f 1526//506 1523//506 1524//506
f 1519//18 1525//18 1522//18
f 1496//955 1527//955 1505//955
f 1494//956 1528//956 1527//956
f 1497//957 1529//957 1528//957
f 1497//958 1528//958 1494//958
f 1494//956 1527//956 1496//956
f 1520//959 1529//959 1497//959
f 1523//960 1530//960 1531//960
f 1523//961 1531//961 1520//961
f 1525//962 1530//962 1523//962
f 1525//963 1532//963 1530//963
f 1520//964 1531//964 1529//964
f 1533//965 1526//965 1524//965
f 1534//966 1526//966 1533//966
f 1535//967 1521//967 1536//967
f 1536//968 1521//968 1493//968
f 1535//969 1524//969 1521//969
f 1533//970 1524//970 1535//970
f 1517//971 1532//971 1525//971
f 1519//972 1517//972 1525//972
f 650//973 1517//973 1519//973
f 1537//974 1498//974 1504//974
f 1538//975 1493//975 1495//975
f 1536//976 1493//976 1538//976
f 1537//977 1495//977 1498//977
f 1538//977 1495//977 1537//977
f 1515//978 1512//978 1514//978
f 1537//456 1528//456 1538//456
f 1527//457 1528//457 1537//457
f 1512//799 1505//799 1514//799
f 1514//799 1505//799 1504//799
f 1504//979 1527//979 1537//979
f 1505//980 1527//980 1504//980
f 1513//981 1512//981 1515//981
f 1516//982 1511//982 1515//982
f 1509//74 1511//74 1516//74
f 1511//983 1513//983 1515//983
f 1539//74 1509//74 1516//74
f 1538//885 1528//885 1536//885
f 1528//984 1529//984 1536//984
f 1530//464 1532//464 1533//464
f 1533//463 1532//463 1534//463
f 1531//985 1530//985 1535//985
f 1535//986 1530//986 1533//986
f 1536//987 1531//987 1535//987
f 1529//988 1531//988 1536//988
f 1518//989 648//989 1522//989
f 1518//990 1522//990 1526//990
f 1534//991 1518//991 1526//991
f 1540//18 1541//18 1542//18
f 1541//506 1543//506 1544//506
f 1545//992 1546//992 1547//992
f 1548//835 1546//835 1545//835
f 1542//18 1541//18 1544//18
f 1534//832 1548//832 1545//832
f 1547//503 1540//503 1542//503
f 1532//832 1548//832 1534//832
f 1546//730 1540//730 1547//730
f 1545//993 1518//993 1534//993
f 1517//994 1543//994 1541//994
f 1547//995 1518//995 1545//995
f 1542//996 1518//996 1547//996
f 1517//997 1548//997 1532//997
f 1517//998 1546//998 1548//998
f 1517//999 1540//999 1546//999
f 1517//148 1541//148 1540//148
f 1549//1000 1550//1000 1551//1000
f 1551//1001 1550//1001 1552//1001
f 1552//1002 1553//1002 1554//1002
f 1550//1003 1553//1003 1552//1003
f 1554//1004 1407//1004 1406//1004
f 1553//1004 1407//1004 1554//1004
f 1550//1005 1555//1005 1553//1005
f 1553//1006 1556//1006 1557//1006
f 1550//1007 1558//1007 1555//1007
f 1553//1008 1555//1008 1556//1008
f 1553//1009 1557//1009 1407//1009
f 1407//1010 1557//1010 1411//1010
f 1559//1011 1552//1011 1560//1011
f 1560//1012 1552//1012 1554//1012
f 1561//1013 1554//1013 1562//1013
f 1560//1014 1554//1014 1561//1014
f 1562//1015 1406//1015 1410//1015
f 1562//1016 1554//1016 1406//1016
f 1563//1017 1558//1017 1550//1017
f 1559//1018 1564//1018 1552//1018
f 1563//1019 1565//1019 1558//1019
f 1566//1020 1567//1020 1568//1020
f 1510//1021 1569//1021 1507//1021
f 1569//1022 1567//1022 1507//1022
f 1569//1023 1570//1023 1567//1023
f 1507//1024 1567//1024 1566//1024
f 1539//163 1516//163 1566//163
f 1571//1025 1572//1025 1566//1025
f 1566//1026 1516//1026 1508//1026
f 1508//18 1507//18 1566//18
f 1572//1027 1539//1027 1566//1027
f 1573//1028 1571//1028 1568//1028
f 1568//1029 1571//1029 1566//1029
f 1574//1030 1573//1030 1568//1030
f 1567//1031 1575//1031 1576//1031
f 1567//1032 1577//1032 1575//1032
f 1570//1033 1577//1033 1567//1033
f 1567//1034 1576//1034 1578//1034
f 1578//1035 1549//1035 1551//1035
f 1568//1036 1567//1036 1578//1036
f 1576//1035 1549//1035 1578//1035
f 1579//1037 1563//1037 1550//1037
f 1580//1038 1579//1038 1550//1038
f 1576//1039 1581//1039 1582//1039
f 1583//1040 1580//1040 1549//1040
f 1582//1041 1583//1041 1549//1041
f 1549//1042 1580//1042 1550//1042
f 1576//1043 1582//1043 1549//1043
f 1576//574 1575//574 1584//574
f 1576//570 1584//570 1581//570
f 1585//1044 1578//1044 1586//1044
f 1587//1045 1578//1045 1551//1045
f 1586//1046 1578//1046 1588//1046
f 1585//1047 1568//1047 1578//1047
f 1589//1048 1587//1048 1551//1048
f 1590//1049 1589//1049 1551//1049
f 1588//1050 1578//1050 1587//1050
f 1590//1051 1551//1051 1552//1051
f 1564//1052 1591//1052 1552//1052
f 1591//1053 1590//1053 1552//1053
f 1590//981 1583//981 1589//981
f 1591//672 1580//672 1590//672
f 1580//981 1583//981 1590//981
f 1563//74 1579//74 1591//74
f 1589//1054 1582//1054 1587//1054
f 1583//1055 1582//1055 1589//1055
f 1579//672 1580//672 1591//672
f 1565//673 1563//673 1564//673
f 1592//1056 1565//1056 1593//1056
f 1593//677 1565//677 1564//677
f 1564//74 1563//74 1591//74
f 1594//1057 1592//1057 1595//1057
f 1595//1058 1592//1058 1593//1058
f 1574//1059 1568//1059 1585//1059
f 1587//1060 1582//1060 1588//1060
f 1582//1061 1581//1061 1588//1061
f 1586//984 1584//984 1585//984
f 1584//984 1575//984 1585//984
f 1581//457 1584//457 1588//457
f 1588//457 1584//457 1586//457
f 1577//711 1596//711 1574//711
f 1596//1062 1597//1062 1598//1062
f 1574//711 1596//711 1598//711
f 1575//454 1577//454 1585//454
f 1598//889 1597//889 1599//889
f 1585//454 1577//454 1574//454
f 1411//827 1557//827 1410//827
f 1557//828 1556//828 1562//828
f 1410//826 1557//826 1562//826
f 1562//478 1556//478 1561//478
f 1600//836 1601//836 1602//836
f 1601//18 1603//18 1604//18
f 1560//832 1558//832 1559//832
f 1561//829 1555//829 1560//829
f 1556//830 1555//830 1561//830
f 1555//834 1558//834 1560//834
f 1559//831 1600//831 1602//831
f 1558//835 1600//835 1559//835
f 1602//833 1601//833 1604//833
f 1605//838 1440//838 1606//838
f 1606//838 1440//838 1439//838
f 1607//837 1605//837 1608//837
f 1608//837 1605//837 1606//837
f 1609//839 1610//839 1611//839
f 1612//1063 1607//1063 1613//1063
f 1613//842 1607//842 1608//842
f 1604//18 1603//18 1609//18
f 1614//1064 1612//1064 1613//1064
f 1610//840 1614//840 1611//840
f 1611//840 1614//840 1615//840
f 1603//841 1610//841 1609//841
f 1615//843 1614//843 1613//843
f 1565//1065 1600//1065 1558//1065
f 1594//1066 1603//1066 1601//1066
f 1592//1067 1594//1067 1601//1067
f 1592//1068 1601//1068 1600//1068
f 1616//1069 1610//1069 1603//1069
f 1616//1070 1603//1070 1594//1070
f 1565//1071 1592//1071 1600//1071
f 1602//1072 1593//1072 1559//1072
f 1609//1073 1617//1073 1618//1073
f 1604//1074 1595//1074 1602//1074
f 1618//1075 1595//1075 1604//1075
f 1611//1076 1617//1076 1609//1076
f 1595//1077 1593//1077 1602//1077
f 1593//1078 1564//1078 1559//1078
f 1609//1079 1618//1079 1604//1079
f 1619//1080 1617//1080 1611//1080
f 1616//1081 1620//1081 1610//1081
f 1607//1082 1621//1082 1605//1082
f 1622//1083 1606//1083 1443//1083
f 1443//1084 1606//1084 1439//1084
f 1622//1085 1608//1085 1606//1085
f 1605//1086 1621//1086 1442//1086
f 1622//1087 1613//1087 1608//1087
f 1612//1088 1621//1088 1607//1088
f 1605//1089 1442//1089 1440//1089
f 1622//1090 1619//1090 1615//1090
f 1619//1091 1611//1091 1615//1091
f 1620//1092 1621//1092 1614//1092
f 1614//1093 1621//1093 1612//1093
f 1622//1094 1615//1094 1613//1094
f 1610//1095 1620//1095 1614//1095
f 1442//1096 1622//1096 1443//1096
f 1442//1097 1621//1097 1622//1097
f 1623//1098 1624//1098 1625//1098
f 1625//759 1626//759 1617//759
f 1624//1099 1626//1099 1625//1099
f 1617//1100 1616//1100 1618//1100
f 1616//1101 1594//1101 1618//1101
f 1626//761 1616//761 1617//761
f 1618//1057 1594//1057 1595//1057
f 1627//1102 1628//1102 1629//1102
f 1630//1103 1628//1103 1627//1103
f 1631//1104 1624//1104 1623//1104
f 1628//764 1631//764 1629//764
f 1629//765 1631//765 1632//765
f 1632//1105 1631//1105 1623//1105
f 1624//1106 1633//1106 1626//1106
f 1634//1107 1625//1107 1617//1107
f 1634//1108 1623//1108 1625//1108
f 1626//1109 1633//1109 1616//1109
f 1631//1110 1633//1110 1624//1110
f 1634//1111 1632//1111 1623//1111
f 1616//1112 1633//1112 1620//1112
f 1620//1113 1634//1113 1619//1113
f 1634//1114 1617//1114 1619//1114
f 1620//1115 1633//1115 1634//1115
f 1621//1116 1619//1116 1622//1116
f 1621//1117 1620//1117 1619//1117
f 1570//804 1569//804 1571//804
f 1571//541 1569//541 1572//541
f 1635//542 1570//542 1573//542
f 1510//1118 1509//1118 1572//1118
f 1572//1119 1509//1119 1539//1119
f 1573//804 1570//804 1571//804
f 1636//808 1635//808 1573//808
f 1569//1120 1510//1120 1572//1120
f 1637//626 1635//626 1636//626
f 1638//903 1637//903 1639//903
f 1639//626 1637//626 1636//626
f 1640//903 1638//903 1639//903
f 1638//1121 1597//1121 1637//1121
f 1637//1122 1596//1122 1635//1122
f 1635//1123 1577//1123 1570//1123
f 1637//1124 1597//1124 1596//1124
f 1635//1122 1596//1122 1577//1122
f 1641//1125 1638//1125 1640//1125
f 1642//1126 1641//1126 1643//1126
f 1643//1126 1641//1126 1644//1126
f 1644//1125 1641//1125 1640//1125
f 1645//842 1642//842 1646//842
f 1543//1127 1647//1127 1648//1127
f 1647//1128 1645//1128 1646//1128
f 1648//840 1647//840 1649//840
f 1646//1063 1642//1063 1643//1063
f 1649//1128 1647//1128 1646//1128
f 1544//505 1543//505 1648//505
f 1638//1129 1650//1129 1597//1129
f 1641//1130 1650//1130 1638//1130
f 1651//1131 1644//1131 1640//1131
f 1599//1132 1640//1132 1639//1132
f 1651//1133 1640//1133 1599//1133
f 1598//1134 1639//1134 1636//1134
f 1598//1134 1636//1134 1574//1134
f 1574//1135 1636//1135 1573//1135
f 1599//1136 1639//1136 1598//1136
f 1652//730 1653//730 1654//730
f 1650//1137 1652//1137 1651//1137
f 1651//1137 1652//1137 1654//1137
f 1597//948 1650//948 1599//948
f 1599//1138 1650//1138 1651//1138
f 1655//1139 1650//1139 1641//1139
f 1655//1140 1652//1140 1650//1140
f 1655//1141 1656//1141 1652//1141
f 1654//1142 1657//1142 1651//1142
f 1651//1143 1657//1143 1644//1143
f 1658//1144 1655//1144 1645//1144
f 1517//1145 1658//1145 1543//1145
f 1658//1146 1647//1146 1543//1146
f 1658//1147 1645//1147 1647//1147
f 1642//1148 1655//1148 1641//1148
f 1645//1149 1655//1149 1642//1149
f 1648//1150 1518//1150 1544//1150
f 1646//1151 1659//1151 1649//1151
f 1544//163 1518//163 1542//163
f 1659//1152 1518//1152 1648//1152
f 1649//1153 1659//1153 1648//1153
f 1658//1154 1517//1154 1518//1154
f 1658//1155 1518//1155 1659//1155
f 1655//1156 1659//1156 1657//1156
f 1655//1157 1658//1157 1659//1157
f 1656//1158 1655//1158 1657//1158
f 1657//1159 1646//1159 1643//1159
f 1657//1160 1659//1160 1646//1160
f 1657//1161 1643//1161 1644//1161
f 1653//18 1660//18 1661//18
f 1662//1162 1663//1162 1664//1162
f 1664//1163 1630//1163 1627//1163
f 1663//1163 1630//1163 1664//1163
f 1665//1164 1663//1164 1662//1164
f 1660//735 1665//735 1666//735
f 1654//730 1653//730 1661//730
f 1661//18 1660//18 1666//18
f 1666//736 1665//736 1662//736
f 1628//1165 1667//1165 1631//1165
f 1630//1166 1667//1166 1628//1166
f 1656//1167 1653//1167 1652//1167
f 1656//1168 1660//1168 1653//1168
f 1668//1169 1630//1169 1663//1169
f 1668//1170 1663//1170 1665//1170
f 1668//1171 1665//1171 1660//1171
f 1656//1172 1668//1172 1660//1172
f 1668//1173 1667//1173 1630//1173
f 1669//1174 1670//1174 1666//1174
f 1666//1175 1670//1175 1661//1175
f 1661//1176 1670//1176 1654//1176
f 1662//1177 1669//1177 1666//1177
f 1664//1178 1669//1178 1662//1178
f 1627//1179 1669//1179 1664//1179
f 1633//1180 1671//1180 1634//1180
f 1667//1181 1668//1181 1669//1181
f 1667//1182 1669//1182 1671//1182
f 1633//1183 1667//1183 1671//1183
f 1631//1184 1667//1184 1633//1184
f 1671//1185 1632//1185 1634//1185
f 1671//1186 1629//1186 1632//1186
f 1671//1187 1627//1187 1629//1187
f 1671//1188 1669//1188 1627//1188
f 1656//1189 1657//1189 1670//1189
f 1668//1190 1670//1190 1669//1190
f 1668//1190 1656//1190 1670//1190
f 1670//1191 1657//1191 1654//1191
f 594//1192 592//1192 588//1192
f 594//1193 588//1193 589//1193
f 592//1194 593//1194 588//1194
f 592//1195 590//1195 593//1195
f 592//1196 591//1196 590//1196
f 588//1197 593//1197 579//1197
f 579//1198 593//1198 584//1198
f 593//1199 587//1199 583//1199
f 593//1200 585//1200 584//1200
f 593//1201 583//1201 585//1201
f 593//1202 595//1202 587//1202
f 587//1202 595//1202 596//1202
f 595//1203 622//1203 596//1203
f 596//1203 622//1203 619//1203
f 619//1204 620//1204 618//1204
f 622//1205 620//1205 619//1205
f 623//1206 1672//1206 628//1206
f 618//1207 621//1207 617//1207
f 621//1208 623//1208 617//1208
f 617//1209 623//1209 628//1209
f 620//1210 621//1210 618//1210
f 628//1211 1672//1211 627//1211
f 627//1212 1673//1212 632//1212
f 1672//1213 1673//1213 627//1213
f 632//1214 1674//1214 633//1214
f 1673//1215 1674//1215 632//1215
f 1674//18 1675//18 633//18
f 1676//1216 1672//1216 623//1216
f 633//18 1675//18 1677//18
f 1675//18 1678//18 1677//18
f 1678//18 1679//18 1677//18
f 1679//18 1680//18 1677//18
f 1681//18 1677//18 1680//18
f 1681//18 1682//18 1677//18
f 1682//18 1683//18 1677//18
f 1677//18 1683//18 1684//18
f 1677//18 1684//18 1685//18
f 1685//1217 1684//1217 1686//1217
f 1677//18 1685//18 1687//18
f 1683//18 1688//18 1684//18
f 1689//18 1682//18 1690//18
f 1691//18 1682//18 1689//18
f 1690//18 1682//18 1681//18
f 1691//1218 1692//1218 1693//1218
f 1691//1219 1694//1219 1692//1219
f 1695//1220 1682//1220 1696//1220
f 1697//1221 1682//1221 1695//1221
f 1693//18 1696//18 1691//18
f 1696//18 1682//18 1691//18
f 1691//1222 1698//1222 1699//1222
f 1691//1223 1700//1223 1694//1223
f 1701//1224 1682//1224 1697//1224
f 1702//1225 1682//1225 1701//1225
f 1703//1226 1682//1226 1702//1226
f 1704//1227 1682//1227 1703//1227
f 1691//1228 1705//1228 1700//1228
f 1691//1229 1699//1229 1705//1229
f 1691//1230 1706//1230 1707//1230
f 1708//1231 1682//1231 1709//1231
f 1709//1232 1682//1232 1704//1232
f 1710//1233 1682//1233 1708//1233
f 1691//1234 1707//1234 1698//1234
f 1691//1235 1711//1235 1706//1235
f 1691//1236 1712//1236 1711//1236
f 1713//1237 1682//1237 1710//1237
f 1714//1238 1715//1238 1716//1238
f 1709//1239 1707//1239 1708//1239
f 1717//1240 1707//1240 1709//1240
f 1715//1241 1707//1241 1717//1241
f 1707//1242 1706//1242 1708//1242
f 1708//1243 1711//1243 1710//1243
f 1716//1244 1715//1244 1717//1244
f 1706//1243 1711//1243 1708//1243
f 1710//1245 1712//1245 1713//1245
f 1711//1246 1712//1246 1710//1246
f 1694//1247 1700//1247 1697//1247
f 1697//1248 1700//1248 1701//1248
f 1692//1249 1694//1249 1695//1249
f 1695//1250 1694//1250 1697//1250
f 1718//1251 1692//1251 1719//1251
f 1719//1251 1692//1251 1695//1251
f 1720//74 1718//74 1719//74
f 1721//74 1718//74 1720//74
f 1722//1252 1721//1252 1723//1252
f 1723//1252 1721//1252 1720//1252
f 1724//1253 1722//1253 1725//1253
f 1725//1254 1722//1254 1723//1254
f 1726//1255 1724//1255 1727//1255
f 1727//1256 1724//1256 1725//1256
f 1692//1257 1718//1257 1693//1257
f 1718//1258 1721//1258 1693//1258
f 1719//1259 1695//1259 1696//1259
f 1720//1260 1719//1260 1696//1260
f 1728//1261 1720//1261 1696//1261
f 1721//1262 1729//1262 1693//1262
f 1724//1263 1730//1263 1731//1263
f 1722//1264 1724//1264 1731//1264
f 1722//1265 1731//1265 1732//1265
f 1721//1266 1722//1266 1732//1266
f 1721//1267 1732//1267 1729//1267
f 1733//1268 1734//1268 1735//1268
f 1736//1269 1735//1269 1737//1269
f 1733//1270 1735//1270 1736//1270
f 1726//1271 1737//1271 1730//1271
f 1736//1272 1737//1272 1726//1272
f 1724//1273 1726//1273 1730//1273
f 1725//1274 1723//1274 1738//1274
f 1738//1275 1723//1275 1739//1275
f 1740//1276 1725//1276 1738//1276
f 1723//1277 1720//1277 1739//1277
f 1739//1278 1720//1278 1728//1278
f 1741//1279 1742//1279 1743//1279
f 1743//1280 1742//1280 1727//1280
f 1743//1281 1727//1281 1740//1281
f 1727//1282 1725//1282 1740//1282
f 1741//1283 1744//1283 1742//1283
f 1745//1284 1744//1284 1741//1284
f 1746//1285 1747//1285 1696//1285
f 1748//1286 1728//1286 1696//1286
f 1749//1287 1750//1287 1693//1287
f 1747//1288 1751//1288 1696//1288
f 1751//1289 1748//1289 1696//1289
f 1752//1290 1746//1290 1696//1290
f 1729//1291 1753//1291 1693//1291
f 1754//148 1749//148 1693//148
f 1755//1292 1754//1292 1693//1292
f 1753//1293 1755//1293 1693//1293
f 1756//1294 1757//1294 1758//1294
f 1750//1295 1758//1295 1693//1295
f 1750//1296 1756//1296 1758//1296
f 1759//1297 1760//1297 1761//1297
f 1760//1298 1752//1298 1761//1298
f 1761//1299 1752//1299 1696//1299
f 1761//1300 1693//1300 1758//1300
f 1761//1301 1696//1301 1693//1301
f 1747//1302 1755//1302 1751//1302
f 1754//1302 1755//1302 1747//1302
f 1751//1249 1753//1249 1748//1249
f 1755//1250 1753//1250 1751//1250
f 1729//1303 1732//1303 1728//1303
f 1728//1304 1732//1304 1739//1304
f 1753//1305 1729//1305 1748//1305
f 1748//1306 1729//1306 1728//1306
f 1738//1307 1731//1307 1740//1307
f 1739//1308 1731//1308 1738//1308
f 1732//1308 1731//1308 1739//1308
f 1731//1309 1730//1309 1740//1309
f 1749//74 1754//74 1746//74
f 1760//1310 1750//1310 1752//1310
f 1756//1311 1750//1311 1760//1311
f 1752//1312 1749//1312 1746//1312
f 1750//1313 1749//1313 1752//1313
f 1746//74 1754//74 1747//74
f 1762//1314 1763//1314 1764//1314
f 1764//1315 1763//1315 1765//1315
f 1765//1316 1766//1316 1767//1316
f 1763//1317 1766//1317 1765//1317
f 1759//1318 1756//1318 1760//1318
f 1766//1319 1757//1319 1767//1319
f 1757//1320 1756//1320 1759//1320
f 1767//1321 1757//1321 1759//1321
f 1737//1322 1735//1322 1741//1322
f 1740//1323 1730//1323 1743//1323
f 1743//1322 1737//1322 1741//1322
f 1730//1324 1737//1324 1743//1324
f 1768//1325 1769//1325 1770//1325
f 1770//1326 1769//1326 1771//1326
f 1734//1327 1768//1327 1772//1327
f 1772//1328 1768//1328 1770//1328
f 1735//1329 1734//1329 1745//1329
f 1745//1330 1734//1330 1772//1330
f 1773//18 1774//18 1771//18
f 1769//1326 1773//1326 1771//1326
f 1741//1331 1735//1331 1745//1331
f 1775//1332 1776//1332 1777//1332
f 1776//1333 1778//1333 1777//1333
f 1777//1334 1762//1334 1764//1334
f 1778//1335 1762//1335 1777//1335
f 1779//1336 1780//1336 1781//1336
f 1774//1337 1780//1337 1779//1337
f 1771//18 1774//18 1782//18
f 1782//1338 1774//1338 1779//1338
f 1783//1339 1776//1339 1784//1339
f 1784//1340 1776//1340 1775//1340
f 1780//1341 1785//1341 1781//1341
f 1785//1342 1783//1342 1781//1342
f 1781//1343 1783//1343 1784//1343
f 1702//1344 1705//1344 1703//1344
f 1701//1345 1705//1345 1702//1345
f 1699//1346 1698//1346 1703//1346
f 1700//1347 1705//1347 1701//1347
f 1703//1348 1698//1348 1704//1348
f 1705//1344 1699//1344 1703//1344
f 1786//1349 1787//1349 1788//1349
f 1789//1350 1790//1350 1791//1350
f 1788//1351 1787//1351 1789//1351
f 1787//1352 1790//1352 1789//1352
f 1704//1324 1698//1324 1792//1324
f 1792//1349 1786//1349 1788//1349
f 1698//1323 1786//1323 1792//1323
f 1790//1353 1793//1353 1791//1353
f 1794//1354 1795//1354 1796//1354
f 1793//1355 1794//1355 1797//1355
f 1788//1356 1716//1356 1792//1356
f 1715//1357 1786//1357 1698//1357
f 1791//1358 1793//1358 1797//1358
f 1792//1359 1717//1359 1704//1359
f 1714//1360 1787//1360 1786//1360
f 1797//1354 1794//1354 1796//1354
f 1798//1361 1733//1361 1799//1361
f 1799//1362 1733//1362 1744//1362
f 1744//1363 1736//1363 1742//1363
f 1733//1363 1736//1363 1744//1363
f 1742//1319 1726//1319 1727//1319
f 1736//1321 1726//1321 1742//1321
f 1800//1364 1798//1364 1799//1364
f 1801//1365 1800//1365 1802//1365
f 1802//1365 1800//1365 1803//1365
f 1803//1366 1800//1366 1799//1366
f 1804//1367 1801//1367 1805//1367
f 1805//1368 1801//1368 1802//1368
f 1806//1369 1807//1369 1808//1369
f 1806//1370 1808//1370 1795//1370
f 1795//18 1808//18 1809//18
f 1809//1371 1808//1371 1810//1371
f 1807//1372 1811//1372 1812//1372
f 1808//1371 1807//1371 1810//1371
f 1809//1373 1813//1373 1796//1373
f 1810//1374 1807//1374 1812//1374
f 1812//1375 1804//1375 1805//1375
f 1796//18 1795//18 1809//18
f 1811//1342 1804//1342 1812//1342
f 1804//1376 1814//1376 1801//1376
f 1815//585 1814//585 1804//585
f 1800//1377 1814//1377 1798//1377
f 1815//1378 1804//1378 1811//1378
f 1806//1379 1815//1379 1807//1379
f 1807//1380 1815//1380 1811//1380
f 1801//1381 1814//1381 1800//1381
f 1810//1382 1813//1382 1809//1382
f 1816//1383 1813//1383 1810//1383
f 1805//580 1816//580 1812//580
f 1816//1384 1810//1384 1812//1384
f 1817//1385 1816//1385 1805//1385
f 1817//1386 1805//1386 1802//1386
f 1818//1387 1790//1387 1787//1387
f 1819//1388 1793//1388 1790//1388
f 1819//1389 1820//1389 1793//1389
f 1707//1390 1715//1390 1698//1390
f 1714//1391 1818//1391 1787//1391
f 1715//1392 1714//1392 1786//1392
f 1818//1393 1819//1393 1790//1393
f 1820//1394 1821//1394 1794//1394
f 1820//1395 1794//1395 1793//1395
f 1821//1396 1806//1396 1795//1396
f 1821//1397 1795//1397 1794//1397
f 1716//1398 1717//1398 1792//1398
f 1717//1399 1709//1399 1704//1399
f 1822//1400 1823//1400 1791//1400
f 1823//1401 1824//1401 1789//1401
f 1789//1402 1824//1402 1788//1402
f 1824//1403 1716//1403 1788//1403
f 1825//1404 1822//1404 1797//1404
f 1791//1405 1823//1405 1789//1405
f 1797//1406 1822//1406 1791//1406
f 1796//1407 1825//1407 1797//1407
f 1826//1408 1821//1408 1827//1408
f 1827//1409 1821//1409 1825//1409
f 1818//1410 1714//1410 1824//1410
f 1825//1411 1820//1411 1822//1411
f 1824//1410 1714//1410 1716//1410
f 1819//74 1818//74 1823//74
f 1823//74 1818//74 1824//74
f 1820//1412 1819//1412 1822//1412
f 1822//1413 1819//1413 1823//1413
f 1821//1414 1820//1414 1825//1414
f 1828//1415 1829//1415 1830//1415
f 1830//1416 1829//1416 1831//1416
f 1828//1417 1832//1417 1829//1417
f 1831//1317 1833//1317 1834//1317
f 1829//1316 1833//1316 1831//1316
f 1834//1418 1826//1418 1827//1418
f 1833//1418 1826//1418 1834//1418
f 1821//1419 1826//1419 1806//1419
f 1833//1420 1835//1420 1826//1420
f 1829//1421 1835//1421 1833//1421
f 1806//1422 1835//1422 1813//1422
f 1813//1423 1825//1423 1796//1423
f 1826//1424 1835//1424 1806//1424
f 1813//1425 1835//1425 1836//1425
f 1816//1426 1815//1426 1813//1426
f 1836//1427 1827//1427 1813//1427
f 1827//1428 1825//1428 1813//1428
f 1815//1429 1806//1429 1813//1429
f 1836//1430 1834//1430 1827//1430
f 1836//1431 1835//1431 1837//1431
f 1837//1432 1831//1432 1836//1432
f 1836//1433 1831//1433 1834//1433
f 1829//1434 1832//1434 1835//1434
f 1835//1431 1832//1431 1837//1431
f 1837//1435 1830//1435 1831//1435
f 1798//1436 1838//1436 1733//1436
f 1817//1437 1803//1437 1799//1437
f 1817//1438 1799//1438 1839//1438
f 1839//1439 1799//1439 1744//1439
f 1839//1440 1744//1440 1745//1440
f 1733//1441 1838//1441 1734//1441
f 1798//1442 1814//1442 1838//1442
f 1838//1443 1768//1443 1734//1443
f 1838//1444 1840//1444 1768//1444
f 1841//1445 1838//1445 1839//1445
f 1814//1446 1815//1446 1817//1446
f 1839//1447 1838//1447 1817//1447
f 1840//1448 1838//1448 1841//1448
f 1838//1447 1814//1447 1817//1447
f 1817//1449 1802//1449 1803//1449
f 1817//1450 1815//1450 1816//1450
f 1840//1451 1773//1451 1769//1451
f 1840//1452 1769//1452 1768//1452
f 1842//74 1840//74 1843//74
f 1840//1453 1774//1453 1773//1453
f 1840//1454 1842//1454 1774//1454
f 1842//1455 1780//1455 1774//1455
f 1842//1456 1785//1456 1780//1456
f 1842//1457 1844//1457 1785//1457
f 1844//1458 1783//1458 1785//1458
f 1844//1459 1842//1459 1845//1459
f 1845//1460 1842//1460 1843//1460
f 1770//1461 1841//1461 1772//1461
f 1771//1462 1841//1462 1770//1462
f 1772//1463 1839//1463 1745//1463
f 1841//1464 1839//1464 1772//1464
f 1843//74 1840//74 1841//74
f 1782//1465 1841//1465 1771//1465
f 1784//1466 1845//1466 1781//1466
f 1843//690 1841//690 1782//690
f 1845//1467 1843//1467 1781//1467
f 1779//1468 1843//1468 1782//1468
f 1781//1469 1843//1469 1779//1469
f 1846//1470 1759//1470 1761//1470
f 1763//1471 1847//1471 1848//1471
f 1763//1472 1848//1472 1766//1472
f 1846//1473 1758//1473 1848//1473
f 1849//1474 1765//1474 1846//1474
f 1766//1475 1848//1475 1757//1475
f 1757//1476 1848//1476 1758//1476
f 1846//1477 1765//1477 1767//1477
f 1846//1473 1761//1473 1758//1473
f 1846//1478 1767//1478 1759//1478
f 1850//1479 1846//1479 1848//1479
f 1850//1480 1848//1480 1851//1480
f 1852//1481 1851//1481 1848//1481
f 1847//1482 1852//1482 1848//1482
f 1853//1483 1849//1483 1846//1483
f 1850//1484 1853//1484 1846//1484
f 1776//1485 1854//1485 1855//1485
f 1762//1486 1856//1486 1847//1486
f 1783//1487 1854//1487 1776//1487
f 1778//1488 1856//1488 1762//1488
f 1762//1489 1847//1489 1763//1489
f 1778//1490 1855//1490 1856//1490
f 1776//1491 1855//1491 1778//1491
f 1857//1492 1775//1492 1777//1492
f 1858//1493 1784//1493 1775//1493
f 1859//1494 1764//1494 1849//1494
f 1849//1495 1764//1495 1765//1495
f 1859//1496 1777//1496 1764//1496
f 1858//1497 1775//1497 1857//1497
f 1857//1498 1777//1498 1859//1498
f 1860//1499 1853//1499 1850//1499
f 1861//1500 1862//1500 1851//1500
f 1863//1501 1860//1501 1850//1501
f 1852//1502 1861//1502 1851//1502
f 1859//1345 1855//1345 1857//1345
f 1860//1251 1852//1251 1853//1251
f 1856//1347 1855//1347 1859//1347
f 1847//1247 1856//1247 1849//1247
f 1849//1248 1856//1248 1859//1248
f 1861//1251 1852//1251 1860//1251
f 1852//1249 1847//1249 1853//1249
f 1853//1250 1847//1250 1849//1250
f 1864//1503 1865//1503 1866//1503
f 1862//74 1861//74 1863//74
f 1867//1253 1865//1253 1864//1253
f 1866//1312 1862//1312 1863//1312
f 1865//1313 1862//1313 1866//1313
f 1863//74 1861//74 1860//74
f 1868//1504 1851//1504 1869//1504
f 1868//1505 1850//1505 1851//1505
f 1868//1506 1863//1506 1850//1506
f 1862//1507 1869//1507 1851//1507
f 1870//1508 1869//1508 1871//1508
f 1870//1508 1868//1508 1869//1508
f 1872//1509 1871//1509 1869//1509
f 1867//1510 1872//1510 1869//1510
f 1873//1511 1871//1511 1872//1511
f 1865//1512 1867//1512 1869//1512
f 1874//1513 1871//1513 1873//1513
f 1862//1514 1865//1514 1869//1514
f 1870//1515 1875//1515 1868//1515
f 1872//1255 1867//1255 1875//1255
f 1875//1516 1864//1516 1868//1516
f 1864//1517 1866//1517 1868//1517
f 1876//1518 1872//1518 1875//1518
f 1875//1256 1867//1256 1864//1256
f 1873//1518 1872//1518 1876//1518
f 1870//1519 1876//1519 1875//1519
f 1866//1520 1863//1520 1868//1520
f 1874//1521 1877//1521 1871//1521
f 1870//1522 1878//1522 1876//1522
f 1879//1523 1878//1523 1870//1523
f 1879//1524 1871//1524 1877//1524
f 1879//1524 1870//1524 1871//1524
f 1844//1525 1854//1525 1783//1525
f 1880//1526 1881//1526 1882//1526
f 1844//1527 1882//1527 1854//1527
f 1844//1528 1880//1528 1882//1528
f 1883//1529 1845//1529 1858//1529
f 1884//1530 1845//1530 1883//1530
f 1858//1531 1845//1531 1784//1531
f 1882//1323 1881//1323 1885//1323
f 1885//1349 1881//1349 1886//1349
f 1858//1532 1854//1532 1883//1532
f 1857//1344 1854//1344 1858//1344
f 1881//1349 1887//1349 1886//1349
f 1885//1533 1884//1533 1883//1533
f 1854//1534 1882//1534 1883//1534
f 1883//1535 1882//1535 1885//1535
f 1855//1344 1854//1344 1857//1344
f 1880//1536 1844//1536 1884//1536
f 1884//1536 1844//1536 1845//1536
f 1888//1537 1880//1537 1889//1537
f 1889//1538 1880//1538 1884//1538
f 1880//1539 1887//1539 1881//1539
f 1880//1540 1890//1540 1887//1540
f 1891//1541 1892//1541 1893//1541
f 1888//1542 1894//1542 1890//1542
f 1880//1543 1888//1543 1890//1543
f 1891//1544 1893//1544 1888//1544
f 1888//1545 1893//1545 1894//1545
f 1895//1546 1896//1546 1889//1546
f 1895//1547 1889//1547 1897//1547
f 1897//1548 1889//1548 1898//1548
f 1889//1549 1884//1549 1898//1549
f 1886//1550 1884//1550 1885//1550
f 1898//1551 1884//1551 1886//1551
f 1894//1552 1893//1552 1897//1552
f 1897//1553 1893//1553 1895//1553
f 1886//1351 1887//1351 1898//1351
f 1898//1350 1890//1350 1897//1350
f 1887//1352 1890//1352 1898//1352
f 1890//1353 1894//1353 1897//1353
f 1899//1554 1900//1554 1901//1554
f 1902//1361 1874//1361 1901//1361
f 1901//1555 1874//1555 1878//1555
f 1878//1316 1873//1316 1876//1316
f 1900//1364 1902//1364 1901//1364
f 1874//1317 1873//1317 1878//1317
f 1903//1556 1904//1556 1905//1556
f 1906//1367 1907//1367 1908//1367
f 1904//1342 1909//1342 1905//1342
f 1909//1367 1907//1367 1906//1367
f 1908//1557 1900//1557 1899//1557
f 1907//1558 1900//1558 1908//1558
f 1905//1375 1909//1375 1906//1375
f 1910//1559 1904//1559 1903//1559
f 1911//1560 1896//1560 1912//1560
f 1912//1561 1896//1561 1895//1561
f 1891//1562 1913//1562 1892//1562
f 1912//18 1892//18 1911//18
f 1893//1354 1892//1354 1912//1354
f 1911//1563 1913//1563 1903//1563
f 1892//18 1913//18 1911//18
f 1914//1564 1907//1564 1909//1564
f 1913//1565 1910//1565 1903//1565
f 1895//1354 1893//1354 1912//1354
f 1915//1566 1916//1566 1891//1566
f 1891//1567 1916//1567 1917//1567
f 1891//1568 1917//1568 1913//1568
f 1891//1569 1888//1569 1896//1569
f 1896//1570 1888//1570 1889//1570
f 1915//1571 1891//1571 1918//1571
f 1918//1572 1891//1572 1896//1572
f 1919//1573 1915//1573 1918//1573
f 1920//1574 1921//1574 1915//1574
f 1920//1573 1915//1573 1919//1573
f 1922//1575 1904//1575 1910//1575
f 1923//1576 1896//1576 1911//1576
f 1922//1577 1924//1577 1904//1577
f 1924//1578 1909//1578 1904//1578
f 1917//1579 1910//1579 1913//1579
f 1917//1580 1922//1580 1910//1580
f 1905//1581 1925//1581 1903//1581
f 1903//1582 1923//1582 1911//1582
f 1925//1583 1923//1583 1903//1583
f 1924//1584 1914//1584 1909//1584
f 1915//1585 1926//1585 1916//1585
f 1920//1586 1927//1586 1921//1586
f 1915//1587 1921//1587 1926//1587
f 1928//1588 1926//1588 1929//1588
f 1921//1589 1927//1589 1930//1589
f 1923//1590 1916//1590 1928//1590
f 1917//1241 1916//1241 1923//1241
f 1926//1243 1921//1243 1929//1243
f 1916//1591 1926//1591 1928//1591
f 1930//1592 1927//1592 1931//1592
f 1929//1243 1921//1243 1930//1243
f 1928//1593 1918//1593 1896//1593
f 1930//1594 1918//1594 1929//1594
f 1928//1595 1896//1595 1923//1595
f 1929//1596 1918//1596 1928//1596
f 1931//1597 1919//1597 1930//1597
f 1930//1598 1919//1598 1918//1598
f 1907//1599 1877//1599 1900//1599
f 1932//1600 1908//1600 1879//1600
f 1879//1601 1908//1601 1899//1601
f 1879//1602 1899//1602 1901//1602
f 1902//1603 1877//1603 1874//1603
f 1900//1604 1877//1604 1902//1604
f 1907//1605 1933//1605 1877//1605
f 1879//1606 1901//1606 1878//1606
f 1914//1607 1934//1607 1907//1607
f 1934//1608 1933//1608 1907//1608
f 1932//1609 1935//1609 1908//1609
f 1935//1610 1936//1610 1908//1610
f 1908//1611 1936//1611 1906//1611
f 1937//1612 1932//1612 1933//1612
f 1937//1612 1933//1612 1938//1612
f 1932//1613 1879//1613 1877//1613
f 1932//1614 1877//1614 1933//1614
f 1936//1615 1939//1615 1906//1615
f 1934//1616 1940//1616 1933//1616
f 1939//1617 1925//1617 1905//1617
f 1906//1618 1939//1618 1905//1618
f 1924//1410 1922//1410 1939//1410
f 1922//1238 1917//1238 1925//1238
f 1935//1413 1914//1413 1936//1413
f 1939//1410 1922//1410 1925//1410
f 1925//1244 1917//1244 1923//1244
f 1934//1412 1914//1412 1935//1412
f 1936//74 1924//74 1939//74
f 1914//74 1924//74 1936//74
f 1941//1619 1942//1619 1943//1619
f 1944//1418 1942//1418 1941//1418
f 1943//1620 1940//1620 1945//1620
f 1946//1316 1944//1316 1947//1316
f 1947//1317 1944//1317 1941//1317
f 1948//1416 1946//1416 1947//1416
f 1949//1415 1946//1415 1948//1415
f 1940//1621 1934//1621 1945//1621
f 1945//1622 1934//1622 1935//1622
f 1942//1623 1940//1623 1943//1623
f 1937//1624 1945//1624 1932//1624
f 1943//1625 1945//1625 1937//1625
f 1940//822 1942//822 1938//822
f 1940//1626 1938//1626 1933//1626
f 1945//1627 1935//1627 1932//1627
f 1944//1628 1938//1628 1942//1628
f 1950//1629 1948//1629 1947//1629
f 1937//1630 1941//1630 1943//1630
f 1950//1631 1937//1631 1938//1631
f 1950//1632 1947//1632 1937//1632
f 1937//1633 1947//1633 1941//1633
f 1950//1634 1938//1634 1951//1634
f 1946//1635 1951//1635 1938//1635
f 1946//1636 1938//1636 1944//1636
f 1949//1637 1951//1637 1946//1637
f 1952//1638 1675//1638 1674//1638
f 1953//1638 1952//1638 1674//1638
f 1954//1639 1674//1639 1673//1639
f 1954//1639 1953//1639 1674//1639
f 1676//1640 1673//1640 1672//1640
f 1676//1640 1954//1640 1673//1640
f 1955//1216 1676//1216 623//1216
f 1149//1641 1955//1641 623//1641
f 1676//1642 1955//1642 630//1642
f 626//1643 1149//1643 624//1643
f 630//1644 1955//1644 626//1644
f 1954//1645 1676//1645 629//1645
f 629//1646 1676//1646 630//1646
f 631//1647 1954//1647 629//1647
f 1953//1648 1954//1648 631//1648
f 1955//1649 1149//1649 626//1649
f 1150//1650 1154//1650 1151//1650
f 1149//1651 1155//1651 624//1651
f 624//1652 1155//1652 1150//1652
f 1155//1653 1154//1653 1150//1653
f 1154//1654 1153//1654 1151//1654
f 1151//1654 1153//1654 1152//1654
f 1952//74 1953//74 631//74
f 1956//1655 631//1655 1677//1655
f 1677//1655 631//1655 633//1655
f 1679//1656 1678//1656 1957//1656
f 1958//1657 1675//1657 1952//1657
f 1678//1657 1675//1657 1958//1657
f 1957//1656 1678//1656 1958//1656
f 1959//1658 1679//1658 1957//1658
f 1681//1659 1680//1659 1959//1659
f 1680//1658 1679//1658 1959//1658
f 1960//1659 1681//1659 1959//1659
f 1961//1660 1681//1660 1960//1660
f 1689//1661 1690//1661 1962//1661
f 1962//1661 1690//1661 1961//1661
f 1963//1662 1689//1662 1962//1662
f 1691//1662 1689//1662 1963//1662
f 1690//1660 1681//1660 1961//1660
f 1686//1663 1964//1663 1965//1663
f 1686//1664 1966//1664 1964//1664
f 1686//1664 1684//1664 1966//1664
f 1685//1663 1686//1663 1965//1663
f 1677//1665 1687//1665 1956//1665
f 1687//1666 1685//1666 1965//1666
f 1687//1666 1965//1666 1967//1666
f 1687//1665 1967//1665 1956//1665
f 1688//1667 1683//1667 1968//1667
f 1688//1667 1968//1667 1969//1667
f 1683//1668 1682//1668 1968//1668
f 1682//1668 1970//1668 1968//1668
f 1684//1669 1688//1669 1969//1669
f 1684//1669 1969//1669 1966//1669
f 1952//74 631//74 1956//74
f 1958//74 1952//74 1956//74
f 1957//74 1958//74 1956//74
f 1959//74 1957//74 1956//74
f 1956//74 1960//74 1959//74
f 1970//74 1960//74 1956//74
f 1968//74 1970//74 1956//74
f 1966//74 1965//74 1964//74
f 1968//74 1956//74 1966//74
f 1969//74 1968//74 1966//74
f 1965//309 1956//309 1967//309
f 1966//74 1956//74 1965//74
f 1970//74 1962//74 1961//74
f 1970//74 1963//74 1962//74
f 1970//74 1961//74 1960//74
f 1713//51 1970//51 1682//51
f 1963//1670 1712//1670 1691//1670
f 1712//1671 1971//1671 1972//1671
f 1973//1672 1974//1672 1975//1672
f 1971//1673 1974//1673 1973//1673
f 1972//1673 1971//1673 1973//1673
f 1975//1674 1976//1674 1977//1674
f 1974//1675 1976//1675 1975//1675
f 1977//1676 1978//1676 1979//1676
f 1976//1677 1978//1677 1977//1677
f 1978//1678 1980//1678 1979//1678
f 1713//1679 1712//1679 1972//1679
f 1963//1680 1974//1680 1971//1680
f 1963//1681 1971//1681 1712//1681
f 1963//1682 1976//1682 1974//1682
f 1981//1683 1970//1683 1975//1683
f 1975//1684 1970//1684 1973//1684
f 1963//1685 1982//1685 1976//1685
f 1972//1686 1970//1686 1713//1686
f 1973//1687 1970//1687 1972//1687
f 1963//1688 1983//1688 1982//1688
f 1963//1689 1984//1689 1983//1689
f 1985//1690 1970//1690 1986//1690
f 1986//1691 1970//1691 1981//1691
f 1963//1692 1987//1692 1984//1692
f 1988//1693 1970//1693 1985//1693
f 1989//1694 1970//1694 1990//1694
f 1963//1695 1991//1695 1992//1695
f 1963//1696 1993//1696 1987//1696
f 1963//1697 1992//1697 1993//1697
f 1990//1698 1970//1698 1994//1698
f 1989//74 1991//74 1963//74
f 1970//74 1989//74 1963//74
f 1994//1699 1970//1699 1988//1699
f 1153//1202 1164//1202 1152//1202
f 1153//1202 1165//1202 1164//1202
f 1173//1700 1165//1700 1172//1700
f 1164//1701 1165//1701 1173//1701
f 1172//1702 1165//1702 1170//1702
f 1165//1703 1167//1703 1170//1703
f 1174//1704 1176//1704 1175//1704
f 1179//1705 1177//1705 1165//1705
f 1178//1706 1177//1706 1179//1706
f 1167//1707 1177//1707 1174//1707
f 1165//1708 1177//1708 1167//1708
f 1174//1709 1177//1709 1176//1709
f 1995//1565 1996//1565 1997//1565
f 1998//18 1996//18 1995//18
f 1999//18 1996//18 1998//18
f 1980//1710 1999//1710 1998//1710
f 1979//1710 1980//1710 1998//1710
f 1996//1563 2000//1563 1997//1563
f 2001//1711 2002//1711 2003//1711
f 2003//1712 2002//1712 2004//1712
f 2000//1713 2001//1713 2003//1713
f 1997//1714 2000//1714 2003//1714
f 2002//1715 2005//1715 2004//1715
f 2006//1716 2005//1716 2007//1716
f 2004//1715 2005//1715 2006//1715
f 2005//1717 2008//1717 2007//1717
f 2008//1718 1828//1718 2007//1718
f 2002//1719 2009//1719 2005//1719
f 2007//1720 1828//1720 1830//1720
f 2010//1721 1999//1721 1980//1721
f 2010//1722 2011//1722 1999//1722
f 2012//1723 1980//1723 1978//1723
f 2011//1724 2013//1724 1996//1724
f 2014//1725 2001//1725 2000//1725
f 1982//1726 1978//1726 1976//1726
f 2011//1727 1996//1727 1999//1727
f 2014//1728 2015//1728 2001//1728
f 2013//1729 2014//1729 2000//1729
f 2013//1730 2000//1730 1996//1730
f 1997//1731 2016//1731 1995//1731
f 1977//1732 1981//1732 1975//1732
f 1979//1733 2017//1733 1977//1733
f 2018//1734 2016//1734 1997//1734
f 1995//1735 2019//1735 1998//1735
f 1998//1736 2020//1736 1979//1736
f 2016//1737 2019//1737 1995//1737
f 2021//1738 2018//1738 2003//1738
f 2003//1739 2018//1739 1997//1739
f 2019//1740 2020//1740 1998//1740
f 2008//1741 2009//1741 1832//1741
f 1837//1742 1832//1742 2022//1742
f 2008//1743 1832//1743 1828//1743
f 1832//1742 2009//1742 2022//1742
f 2022//1596 2004//1596 2006//1596
f 1837//1744 2007//1744 1830//1744
f 2005//1745 2009//1745 2008//1745
f 2022//1746 2007//1746 1837//1746
f 2022//1594 2006//1594 2007//1594
f 2023//1747 2024//1747 2025//1747
f 2009//1748 2023//1748 2026//1748
f 2026//1749 2003//1749 2004//1749
f 2026//1750 2021//1750 2003//1750
f 2015//1568 2023//1568 2001//1568
f 2026//1751 2004//1751 2022//1751
f 2001//1567 2023//1567 2002//1567
f 2026//1752 2023//1752 2025//1752
f 2022//1753 2009//1753 2026//1753
f 2002//1754 2023//1754 2009//1754
f 2020//1755 2017//1755 1979//1755
f 2027//74 2015//74 2021//74
f 2028//74 2015//74 2027//74
f 2017//1756 1981//1756 1977//1756
f 2021//1251 2014//1251 2018//1251
f 2015//1251 2014//1251 2021//1251
f 1982//1757 2012//1757 1978//1757
f 2018//1758 2013//1758 2016//1758
f 2012//1759 2010//1759 1980//1759
f 2014//1760 2013//1760 2018//1760
f 2020//1344 2012//1344 2017//1344
f 2012//1245 1982//1245 2017//1245
f 2016//1761 2011//1761 2019//1761
f 2010//1344 2012//1344 2020//1344
f 2017//1762 1982//1762 1981//1762
f 2019//1763 2010//1763 2020//1763
f 2013//1764 2011//1764 2016//1764
f 2011//1765 2010//1765 2019//1765
f 1982//1323 1983//1323 1986//1323
f 1986//1349 1983//1349 1985//1349
f 1981//1324 1982//1324 1986//1324
f 1985//1766 1984//1766 1988//1766
f 1983//1349 1984//1349 1985//1349
f 1984//1767 1987//1767 1988//1767
f 2015//1768 2028//1768 2023//1768
f 2029//1769 2030//1769 2031//1769
f 2032//913 2031//913 2024//913
f 2029//1770 2031//1770 2033//1770
f 2028//1771 2034//1771 2023//1771
f 2033//1772 2031//1772 2035//1772
f 2034//1773 2024//1773 2023//1773
f 2034//1774 2036//1774 2024//1774
f 2035//1775 2031//1775 2032//1775
f 2036//917 2032//917 2024//917
f 2037//1252 2028//1252 2027//1252
f 2038//1776 2036//1776 2039//1776
f 2032//1777 2036//1777 2038//1777
f 2039//1621 2034//1621 2037//1621
f 2027//1778 2021//1778 2026//1778
f 2036//1622 2034//1622 2039//1622
f 2037//1779 2027//1779 2026//1779
f 2034//1252 2028//1252 2037//1252
f 2040//1780 2041//1780 2038//1780
f 2040//1781 2038//1781 2025//1781
f 2040//1782 2042//1782 2043//1782
f 2040//1783 2043//1783 2041//1783
f 2038//1784 2039//1784 2025//1784
f 2025//1785 2037//1785 2026//1785
f 2039//1786 2037//1786 2025//1786
f 2033//1363 2035//1363 2043//1363
f 2043//1363 2035//1363 2041//1363
f 2042//1787 2033//1787 2043//1787
f 2035//1788 2032//1788 2041//1788
f 2029//1789 2033//1789 2042//1789
f 2041//1790 2032//1790 2038//1790
f 2044//1364 2029//1364 2042//1364
f 2045//1791 2046//1791 2047//1791
f 2048//1792 2046//1792 2045//1792
f 2049//1366 2044//1366 2042//1366
f 2047//1365 2044//1365 2049//1365
f 2046//1365 2044//1365 2047//1365
f 2044//1793 2030//1793 2029//1793
f 2050//1794 2030//1794 2051//1794
f 2024//1795 2031//1795 2040//1795
f 2040//1796 2031//1796 2050//1796
f 2031//1796 2030//1796 2050//1796
f 2025//1797 2024//1797 2040//1797
f 2030//1798 2052//1798 2051//1798
f 2053//1799 2054//1799 2050//1799
f 2051//1800 2053//1800 2050//1800
f 2055//1801 2052//1801 2030//1801
f 2055//1802 2056//1802 2052//1802
f 2057//1803 2055//1803 2030//1803
f 2050//1804 2042//1804 2040//1804
f 2050//1805 2049//1805 2042//1805
f 2044//1525 2057//1525 2030//1525
f 2056//1806 2058//1806 2052//1806
f 2054//1807 2049//1807 2050//1807
f 2059//1808 2060//1808 2061//1808
f 2059//1809 2061//1809 2052//1809
f 2058//1810 2059//1810 2052//1810
f 2052//18 2061//18 2062//18
f 2060//1811 2063//1811 2061//1811
f 2064//1812 2065//1812 2062//1812
f 2062//1813 2066//1813 2051//1813
f 2067//1814 2066//1814 2062//1814
f 2051//18 2052//18 2062//18
f 2066//1815 2068//1815 2051//1815
f 2065//1816 2067//1816 2062//1816
f 2068//1817 2053//1817 2051//1817
f 2063//1818 2069//1818 2061//1818
f 2063//1819 2070//1819 2069//1819
f 2071//1820 2069//1820 2072//1820
f 2073//1821 2064//1821 2071//1821
f 2069//1820 2074//1820 2072//1820
f 2061//1822 2069//1822 2071//1822
f 2071//1823 2064//1823 2062//1823
f 2062//1824 2061//1824 2071//1824
f 2075//18 2076//18 2077//18
f 1993//1328 1992//1328 1990//1328
f 1990//1354 1992//1354 2075//1354
f 1987//1825 1993//1825 1994//1825
f 1994//1325 1993//1325 1990//1325
f 1992//1354 2076//1354 2075//1354
f 1988//1826 1987//1826 1994//1826
f 2076//18 2078//18 2077//18
f 2079//1827 2080//1827 2081//1827
f 2078//1371 2079//1371 2082//1371
f 2082//1828 2079//1828 2081//1828
f 2081//1829 2048//1829 2045//1829
f 2077//1371 2078//1371 2082//1371
f 2080//1830 2048//1830 2081//1830
f 2080//1831 2083//1831 2048//1831
f 2048//1832 2083//1832 2084//1832
f 2048//1833 2084//1833 2046//1833
f 2046//1834 2085//1834 2044//1834
f 2046//1834 2084//1834 2085//1834
f 2044//1835 2085//1835 2057//1835
f 2078//1836 2086//1836 2079//1836
f 2078//1837 2087//1837 2086//1837
f 2079//1838 2088//1838 2080//1838
f 2080//1839 2088//1839 2083//1839
f 2079//1840 2086//1840 2088//1840
f 2089//1841 2049//1841 2054//1841
f 2090//1842 2081//1842 2045//1842
f 2091//1843 2045//1843 2047//1843
f 2091//1844 2047//1844 2089//1844
f 2089//1844 2047//1844 2049//1844
f 2090//1845 2045//1845 2091//1845
f 2092//1846 2077//1846 2082//1846
f 2093//1847 2082//1847 2081//1847
f 2092//1848 2082//1848 2093//1848
f 2094//1849 2077//1849 2092//1849
f 2093//1850 2081//1850 2090//1850
f 1992//1851 1991//1851 2076//1851
f 2076//1852 1991//1852 2078//1852
f 1991//1853 2087//1853 2078//1853
f 2094//1854 1989//1854 2077//1854
f 1989//1855 2075//1855 2077//1855
f 1989//1856 1990//1856 2075//1856
f 2066//1857 2056//1857 2068//1857
f 2058//1857 2056//1857 2066//1857
f 2068//1760 2055//1760 2053//1760
f 2057//1858 2085//1858 2054//1858
f 2054//1859 2085//1859 2089//1859
f 2055//1590 2057//1590 2053//1590
f 2056//1758 2055//1758 2068//1758
f 2053//1241 2057//1241 2054//1241
f 2089//1308 2084//1308 2091//1308
f 2085//1308 2084//1308 2089//1308
f 2091//1592 2084//1592 2090//1592
f 2084//1860 2083//1860 2090//1860
f 2060//1413 2059//1413 2065//1413
f 2065//1412 2059//1412 2067//1412
f 2063//1411 2060//1411 2064//1411
f 2064//1414 2060//1414 2065//1414
f 2067//74 2058//74 2066//74
f 2059//74 2058//74 2067//74
f 2095//1861 2070//1861 2096//1861
f 2073//1862 2063//1862 2064//1862
f 2096//1863 2070//1863 2073//1863
f 2070//1620 2063//1620 2073//1620
f 2097//1317 2095//1317 2098//1317
f 2098//1316 2095//1316 2096//1316
f 2099//1415 2097//1415 2098//1415
f 2100//1416 2097//1416 2099//1416
f 2090//1679 2083//1679 2093//1679
f 2093//1864 2088//1864 2092//1864
f 2083//1865 2088//1865 2093//1865
f 2088//1864 2086//1864 2092//1864
f 2092//1331 2086//1331 2094//1331
f 2094//1677 2087//1677 2101//1677
f 2086//1329 2087//1329 2094//1329
f 2101//1866 2102//1866 2103//1866
f 2087//1867 2102//1867 2101//1867
f 2103//1868 2104//1868 2105//1868
f 2102//1869 2104//1869 2103//1869
f 2104//1868 2106//1868 2105//1868
f 2107//1870 2108//1870 2109//1870
f 2110//1565 2107//1565 2109//1565
f 2105//18 2106//18 2111//18
f 2106//18 2110//18 2111//18
f 2111//1563 2110//1563 2109//1563
f 2112//1339 2113//1339 2114//1339
f 2115//1557 2116//1557 2117//1557
f 2118//1871 2108//1871 2114//1871
f 2109//1872 2108//1872 2118//1872
f 2117//1873 2116//1873 2099//1873
f 2116//1874 2100//1874 2099//1874
f 2108//1875 2112//1875 2114//1875
f 2114//1340 2113//1340 2115//1340
f 2113//1558 2116//1558 2115//1558
f 2101//1876 1989//1876 2094//1876
f 2103//1877 1989//1877 2101//1877
f 2109//1878 1989//1878 2111//1878
f 2111//1879 1989//1879 2105//1879
f 2105//1880 1989//1880 2103//1880
f 1991//1881 2102//1881 2087//1881
f 1991//1882 2104//1882 2102//1882
f 1991//1287 2106//1287 2104//1287
f 1991//148 2110//148 2106//148
f 1991//1292 2107//1292 2110//1292
f 2119//1883 1989//1883 2120//1883
f 2119//1884 1991//1884 1989//1884
f 1991//1885 2119//1885 2107//1885
f 2119//1886 2108//1886 2107//1886
f 2119//1887 2112//1887 2108//1887
f 2114//1888 2120//1888 2118//1888
f 2118//1889 2120//1889 2109//1889
f 2120//1890 1989//1890 2109//1890
f 2121//1419 2122//1419 2123//1419
f 2121//1891 2123//1891 2124//1891
f 2124//1892 2125//1892 2126//1892
f 2124//1893 1920//1893 1919//1893
f 2121//1894 2124//1894 2127//1894
f 2128//1893 2124//1893 1919//1893
f 2124//1895 2126//1895 1920//1895
f 2127//1896 2124//1896 2128//1896
f 2129//1396 2122//1396 2121//1396
f 2130//1897 2121//1897 2131//1897
f 2131//1898 2121//1898 2127//1898
f 2124//1899 2123//1899 2125//1899
f 2132//1900 2127//1900 2128//1900
f 2133//1901 2127//1901 2132//1901
f 2134//1902 1919//1902 1931//1902
f 1920//1903 2126//1903 1927//1903
f 2135//1433 2128//1433 2134//1433
f 2134//1904 2128//1904 1919//1904
f 2132//1430 2128//1430 2135//1430
f 2133//1676 2122//1676 2136//1676
f 2123//1677 2122//1677 2133//1677
f 2122//1678 2137//1678 2136//1678
f 2125//1905 2123//1905 2132//1905
f 2134//1673 2126//1673 2135//1673
f 2132//1867 2123//1867 2133//1867
f 1931//1906 1927//1906 2134//1906
f 2126//1673 2125//1673 2135//1673
f 2135//1907 2125//1907 2132//1907
f 1927//1908 2126//1908 2134//1908
f 2138//1909 2139//1909 2137//1909
f 2139//1910 2140//1910 2137//1910
f 2138//1911 2137//1911 2122//1911
f 2139//1912 2141//1912 2140//1912
f 2141//1913 2142//1913 2140//1913
f 2129//1914 2138//1914 2122//1914
f 2143//1915 2144//1915 2142//1915
f 2133//1916 2145//1916 2127//1916
f 2146//1917 2145//1917 2133//1917
f 2147//1918 2148//1918 2149//1918
f 2148//1919 2146//1919 2136//1919
f 2136//1920 2146//1920 2133//1920
f 2149//1921 2148//1921 2136//1921
f 2130//1922 2150//1922 2121//1922
f 2150//1923 2151//1923 2121//1923
f 2151//1924 2129//1924 2121//1924
f 2152//1925 2150//1925 2130//1925
f 2074//1381 2153//1381 2154//1381
f 2074//1926 2154//1926 2155//1926
f 2155//1927 2152//1927 2130//1927
f 2074//1928 2155//1928 2130//1928
f 2072//1929 2130//1929 2131//1929
f 2156//1930 2072//1930 2131//1930
f 2157//1931 2158//1931 2131//1931
f 2157//1932 2131//1932 2127//1932
f 2159//1933 2072//1933 2156//1933
f 2160//1934 2072//1934 2159//1934
f 2074//1935 2130//1935 2072//1935
f 2158//1936 2156//1936 2131//1936
f 2070//1441 2161//1441 2069//1441
f 2074//1937 2162//1937 2153//1937
f 2069//1938 2162//1938 2074//1938
f 2163//1939 2071//1939 2072//1939
f 2164//1940 2071//1940 2163//1940
f 2069//1941 2161//1941 2162//1941
f 2164//1942 2073//1942 2071//1942
f 2163//1943 2072//1943 2160//1943
f 2156//1763 2154//1763 2159//1763
f 2155//1765 2154//1765 2156//1765
f 2154//1344 2153//1344 2159//1344
f 2159//1344 2153//1344 2160//1344
f 2162//1323 2161//1323 2164//1323
f 2160//1944 2153//1944 2163//1944
f 2164//1349 2161//1349 2165//1349
f 2161//1349 2166//1349 2165//1349
f 2163//1535 2162//1535 2164//1535
f 2153//1945 2162//1945 2163//1945
f 2167//1251 2150//1251 2157//1251
f 2167//1946 2157//1946 2127//1946
f 2151//1251 2150//1251 2167//1251
f 2145//1947 2167//1947 2127//1947
f 2143//1948 2142//1948 2141//1948
f 2145//74 2151//74 2167//74
f 2129//74 2151//74 2145//74
f 2138//1313 2129//1313 2146//1313
f 2146//1312 2129//1312 2145//1312
f 2157//1758 2152//1758 2158//1758
f 2152//1764 2155//1764 2158//1764
f 2158//1761 2155//1761 2156//1761
f 2150//1760 2152//1760 2157//1760
f 2148//1949 2138//1949 2146//1949
f 2139//1622 2138//1622 2148//1622
f 2141//1777 2139//1777 2147//1777
f 2147//1776 2139//1776 2148//1776
f 2143//1950 2141//1950 2168//1950
f 2168//1950 2141//1950 2147//1950
f 2169//1317 2143//1317 2170//1317
f 2170//1316 2143//1316 2168//1316
f 2171//1951 2169//1951 2170//1951
f 2172//1789 2169//1789 2171//1789
f 2173//1952 2172//1952 2171//1952
f 2174//1558 2175//1558 2176//1558
f 2176//1557 2175//1557 2173//1557
f 2175//1953 2172//1953 2173//1953
f 2136//1710 2137//1710 2149//1710
f 2137//1710 2140//1710 2149//1710
f 2177//1565 2142//1565 2178//1565
f 2142//1563 2144//1563 2178//1563
f 2149//18 2142//18 2177//18
f 2140//18 2142//18 2149//18
f 2178//1954 2144//1954 2179//1954
f 2180//1716 2181//1716 2182//1716
f 2183//1955 2181//1955 2180//1955
f 2179//1956 2184//1956 2183//1956
f 2144//1957 2185//1957 2179//1957
f 2186//1718 1949//1718 2182//1718
f 2182//1720 1949//1720 1948//1720
f 2181//1717 2186//1717 2182//1717
f 2184//1958 2181//1958 2183//1958
f 2185//1959 2184//1959 2179//1959
f 2177//1960 2147//1960 2149//1960
f 2144//1961 2187//1961 2185//1961
f 2186//1962 1951//1962 1949//1962
f 2186//1963 2188//1963 1951//1963
f 2181//1964 2188//1964 2186//1964
f 1951//1965 2188//1965 2189//1965
f 1951//1966 2189//1966 1950//1966
f 2184//1967 2188//1967 2181//1967
f 2189//1968 2182//1968 1950//1968
f 1950//1969 2182//1969 1948//1969
f 2189//1970 2180//1970 2182//1970
f 2189//1971 2183//1971 2180//1971
f 2189//1972 2179//1972 2183//1972
f 2189//1973 2190//1973 2179//1973
f 2190//1974 2178//1974 2179//1974
f 2185//1093 2188//1093 2184//1093
f 2187//1975 2188//1975 2185//1975
f 2177//1976 2168//1976 2147//1976
f 2178//1977 2168//1977 2177//1977
f 2190//1978 2168//1978 2178//1978
f 2143//1979 2187//1979 2144//1979
f 2175//1980 2191//1980 2172//1980
f 2172//1981 2191//1981 2169//1981
f 2169//1982 2191//1982 2143//1982
f 2192//1983 2168//1983 2190//1983
f 2143//1984 2191//1984 2187//1984
f 2192//1985 2173//1985 2171//1985
f 2192//1986 2171//1986 2170//1986
f 2192//1987 2170//1987 2168//1987
f 2187//1988 2192//1988 2190//1988
f 2187//1989 2191//1989 2192//1989
f 2188//1990 2190//1990 2189//1990
f 2188//1990 2187//1990 2190//1990
f 2095//1991 2166//1991 2161//1991
f 2095//1992 2161//1992 2070//1992
f 2097//1993 2193//1993 2166//1993
f 2116//1994 2194//1994 2100//1994
f 2097//1991 2166//1991 2095//1991
f 2100//1995 2193//1995 2097//1995
f 2100//1996 2194//1996 2193//1996
f 2195//1997 2099//1997 2196//1997
f 2165//1998 2098//1998 2096//1998
f 2196//1999 2099//1999 2098//1999
f 2165//2000 2096//2000 2164//2000
f 2196//2001 2098//2001 2165//2001
f 2164//2002 2096//2002 2073//2002
f 2195//2003 2117//2003 2099//2003
f 2165//1766 2166//1766 2196//1766
f 2196//1826 2193//1826 2195//1826
f 2195//1325 2194//1325 2197//1325
f 2198//1354 2199//1354 2200//1354
f 2166//1767 2193//1767 2196//1767
f 2193//1825 2194//1825 2195//1825
f 2197//1354 2198//1354 2200//1354
f 2194//1328 2198//1328 2197//1328
f 2201//2004 2202//2004 2203//2004
f 2204//1830 2205//1830 2203//1830
f 2202//1827 2204//1827 2203//1827
f 2200//18 2199//18 2206//18
f 2206//2005 2202//2005 2201//2005
f 2207//2006 2202//2006 2206//2006
f 2199//18 2207//18 2206//18
f 2208//2007 2207//2007 2199//2007
f 2200//2008 2209//2008 2197//2008
f 2208//2009 2199//2009 2198//2009
f 2206//2010 2209//2010 2200//2010
f 2210//2011 2120//2011 2211//2011
f 2210//2012 2194//2012 2116//2012
f 2211//2013 2120//2013 2114//2013
f 2211//2014 2115//2014 2117//2014
f 2210//2011 2119//2011 2120//2011
f 2113//2015 2210//2015 2116//2015
f 2211//2016 2114//2016 2115//2016
f 2195//2017 2211//2017 2117//2017
f 2119//2018 2210//2018 2112//2018
f 2112//2019 2210//2019 2113//2019
f 2208//2020 2210//2020 2211//2020
f 2208//2021 2211//2021 2209//2021
f 2210//2022 2208//2022 2198//2022
f 2209//2023 2211//2023 2197//2023
f 2197//2024 2211//2024 2195//2024
f 2210//2025 2198//2025 2194//2025
f 2212//2026 2202//2026 2207//2026
f 2174//2027 2213//2027 2175//2027
f 2205//2028 2213//2028 2174//2028
f 2212//2029 2204//2029 2202//2029
f 2212//2030 2205//2030 2204//2030
f 2212//2031 2213//2031 2205//2031
f 2214//2032 2215//2032 2216//2032
f 2201//2033 2215//2033 2206//2033
f 2214//2034 2176//2034 2173//2034
f 2214//2035 2216//2035 2176//2035
f 2205//1792 2174//1792 2176//1792
f 2203//1829 2205//1829 2216//1829
f 2203//2036 2215//2036 2201//2036
f 2216//2037 2215//2037 2203//2037
f 2216//1792 2205//1792 2176//1792
f 2191//2038 2213//2038 2214//2038
f 2191//2038 2214//2038 2192//2038
f 2214//2039 2173//2039 2192//2039
f 2175//2040 2213//2040 2191//2040
f 2213//2041 2212//2041 2215//2041
f 2215//2042 2209//2042 2206//2042
f 2213//2041 2215//2041 2214//2041
f 2212//2043 2208//2043 2209//2043
f 2212//2044 2209//2044 2215//2044
f 2208//2045 2212//2045 2207//2045
# Vertices: 2216, normals: 2045, texture coordinates: 0, faces: 4572

