# File generated by ImageToStl.com - Free Image and 3D model conversion tools

o obj1
v 0.0553617 -0.00610717 0.02040754
v 0.05721721 -0.00535975 0.01792351
v 0.05576029 -0.00594661 0.01682372
v 0.05777766 -0.00675111 0.01792351
v 0.05632075 -0.00733797 0.01682372
v 0.05903528 -0.00624453 0.01927934
v 0.05847483 -0.00485317 0.01927934
v 0.05592215 -0.00749853 0.02040754
v 0.05615052 -0.00578942 0.02116094
v 0.05949498 -0.00444224 0.02085
v 0.06005542 -0.00583361 0.02085
v 0.05671097 -0.00718079 0.02116094
v 0.05663168 -0.00721273 0.02093553
v 0.05607121 -0.00582137 0.02093553
v 0.05594419 -0.00587253 0.02073713
v 0.05633727 -0.00733132 0.02057727
v 0.05613927 -0.00741107 0.02046524
v 0.05650465 -0.0072639 0.02073713
v 0.05577682 -0.00593995 0.02057727
v 0.05557881 -0.00601971 0.02046524
v 0.05414838 -0.00659591 0.01601338
v 0.05492096 -0.0062847 0.02046524
v 0.05548143 -0.00767606 0.02046524
v 0.05528343 -0.00775582 0.02057727
v 0.05470882 -0.00798727 0.01601338
v 0.05472296 -0.00636445 0.02057727
v 0.05155925 -0.00763883 0.01911068
v 0.05147996 -0.00767077 0.01888528
v 0.05135293 -0.00772194 0.01868688
v 0.05204041 -0.00906213 0.01888528
v 0.05191338 -0.0091133 0.01868688
v 0.05243042 -0.00728791 0.01551711
v 0.05299088 -0.00867928 0.01551711
v 0.05211971 -0.00903019 0.01911068
v 0.05513808 -0.00619724 0.02040754
v 0.05569854 -0.0075886 0.02040754
v 0.05455559 -0.00643187 0.02073713
v 0.05442856 -0.00648304 0.02093553
v 0.05511604 -0.00782324 0.02073713
v 0.05498902 -0.0078744 0.02093553
v 0.05211971 -0.00903019 0.01958932
v 0.05214665 -0.00901934 0.01935
v 0.05204041 -0.00906213 0.01981472
v 0.05490973 -0.00790634 0.02116094
v 0.05191338 -0.0091133 0.02001312
v 0.05147996 -0.00767077 0.01981472
v 0.05434927 -0.00651499 0.02116094
v 0.05135293 -0.00772194 0.02001312
v 0.05155925 -0.00763883 0.01958932
v 0.05158621 -0.00762797 0.01935
v 0.06126739 -0.00534541 0.02443987
v 0.06080708 -0.00553084 0.02258778
v 0.06024661 -0.00413947 0.02258778
v 0.06070695 -0.00395405 0.02443987
v 0.05617746 -0.00577857 0.02140025
v 0.05607121 -0.00582137 0.02186497
v 0.05663168 -0.00721273 0.02186497
v 0.05671097 -0.00718079 0.02163957
v 0.05615052 -0.00578942 0.02163957
v 0.05673793 -0.00716993 0.02140025
v 0.05782391 -0.00673248 0.02535729
v 0.05650465 -0.0072639 0.02206338
v 0.05804103 -0.00664502 0.02541498
v 0.05726346 -0.00534112 0.02535729
v 0.05748058 -0.00525366 0.02541498
v 0.05767858 -0.00517391 0.02552702
v 0.05823902 -0.00656527 0.02552702
v 0.05784596 -0.00510648 0.02568688
v 0.05840641 -0.00649785 0.02568688
v 0.05805228 -0.00502338 0.02611068
v 0.05797298 -0.00505531 0.02588528
v 0.06142241 -0.00528297 0.02635
v 0.05863968 -0.00640388 0.02635
v 0.05861273 -0.00641474 0.02611068
v 0.05853343 -0.00644668 0.02588528
v 0.06086196 -0.00389161 0.02635
v 0.05807924 -0.00501252 0.02635
v 0.0576003 -0.00682256 0.02535729
v 0.05738318 -0.00691001 0.02541498
v 0.05633727 -0.00733132 0.02222324
v 0.05662474 -0.0055984 0.02552702
v 0.05718519 -0.00698977 0.02552702
v 0.05682274 -0.00551865 0.02541498
v 0.05703985 -0.00543119 0.02535729
v 0.05594419 -0.00587253 0.02206338
v 0.05577682 -0.00593995 0.02222324
v 0.05557881 -0.00601971 0.02233527
v 0.05613927 -0.00741107 0.02233527
v 0.05528343 -0.00775582 0.02222324
v 0.05492096 -0.0062847 0.02233527
v 0.05548143 -0.00767606 0.02233527
v 0.05472296 -0.00636445 0.02222324
v 0.05455559 -0.00643187 0.02206338
v 0.05442856 -0.00648304 0.02186497
v 0.05511604 -0.00782324 0.02206338
v 0.05498902 -0.0078744 0.02186497
v 0.05592215 -0.00749853 0.02239296
v 0.0553617 -0.00610717 0.02239296
v 0.05513808 -0.00619724 0.02239296
v 0.05569854 -0.0075886 0.02239296
v 0.05394393 -0.00667826 0.02449111
v 0.05450439 -0.00806962 0.02449111
v 0.05432232 -0.00652584 0.02140025
v 0.05488277 -0.0079172 0.02140025
v 0.05490973 -0.00790634 0.02163957
v 0.05332677 -0.00854397 0.02305806
v 0.05434927 -0.00651499 0.02163957
v 0.05197432 -0.00747164 0.02260994
v 0.05276632 -0.00715261 0.02305806
v 0.05253478 -0.008863 0.02260994
v 0.05399629 -0.00827429 0.02369751
v 0.05343582 -0.00688292 0.02369751
v 0.05678453 -0.00715115 0.02635
v 0.05492938 -0.00789843 0.02635
v 0.05681149 -0.0071403 0.02611068
v 0.05701782 -0.00705719 0.02568688
v 0.05482156 -0.00794186 0.02539274
v 0.05689078 -0.00710836 0.02588528
v 0.05633033 -0.00571699 0.02588528
v 0.05625104 -0.00574893 0.02611068
v 0.05645735 -0.00566583 0.02568688
v 0.05622408 -0.00575979 0.02635
v 0.05426111 -0.00655049 0.02539274
v 0.05436893 -0.00650706 0.02635
v 0.05118555 -0.00778936 0.01852702
v 0.05098755 -0.00786911 0.01841498
v 0.05065863 -0.00800161 0.01535
v 0.05121909 -0.00939297 0.01535
v 0.05154801 -0.00926048 0.01841498
v 0.05174601 -0.00918072 0.01852702
v 0.05133089 -0.00934794 0.01835729
v 0.05110728 -0.00943801 0.01835729
v 0.04996433 -0.00828128 0.01868688
v 0.0501317 -0.00821386 0.01852702
v 0.05069216 -0.00960522 0.01852702
v 0.05052478 -0.00967264 0.01868688
v 0.05032971 -0.0081341 0.01841498
v 0.05054682 -0.00804665 0.01835729
v 0.05077044 -0.00795657 0.01835729
v 0.05089016 -0.00952546 0.01841498
v 0.0498373 -0.00833245 0.01888528
v 0.05039776 -0.00972381 0.01888528
v 0.049758 -0.00836439 0.01911068
v 0.05031846 -0.00975575 0.01911068
v 0.05029151 -0.00976661 0.01935
v 0.04973105 -0.00837524 0.01935
v 0.05077044 -0.00795657 0.02034271
v 0.05098755 -0.00786911 0.02028502
v 0.05154801 -0.00926048 0.02028502
v 0.05118555 -0.00778936 0.02017298
v 0.05174601 -0.00918072 0.02017298
v 0.05133089 -0.00934794 0.02034271
v 0.05110728 -0.00943801 0.02034271
v 0.049758 -0.00836439 0.01958932
v 0.0498373 -0.00833245 0.01981472
v 0.05039776 -0.00972381 0.01981472
v 0.05031846 -0.00975575 0.01958932
v 0.04996433 -0.00828128 0.02001312
v 0.0501317 -0.00821386 0.02017298
v 0.05069216 -0.00960522 0.02017298
v 0.05089016 -0.00952546 0.02028502
v 0.05052478 -0.00967264 0.02001312
v 0.05032971 -0.0081341 0.02028502
v 0.05054682 -0.00804665 0.02034271
v 0.04595556 -0.00989605 0.02040754
v 0.04617917 -0.00980598 0.02040754
v 0.04573844 -0.00998351 0.02046524
v 0.04673963 -0.01119734 0.02040754
v 0.04651601 -0.01128741 0.02040754
v 0.0462989 -0.01137487 0.02046524
v 0.04715474 -0.01103013 0.02057727
v 0.04695674 -0.01110989 0.02046524
v 0.04752844 -0.0108796 0.02116094
v 0.04744915 -0.01091154 0.02093553
v 0.04732212 -0.01096271 0.02073713
v 0.04659429 -0.00963876 0.02057727
v 0.04639629 -0.00971852 0.02046524
v 0.04696799 -0.00948823 0.02116094
v 0.04688869 -0.00952018 0.02093553
v 0.04676167 -0.00957134 0.02073713
v 0.04554044 -0.01006327 0.02057727
v 0.0461009 -0.01145463 0.02057727
v 0.04537306 -0.01013069 0.02073713
v 0.04593352 -0.01152205 0.02073713
v 0.05166631 -0.00921282 0.02237916
v 0.05077185 -0.00957312 0.02237916
v 0.0502114 -0.00818176 0.02237916
v 0.04990339 -0.00992295 0.02260994
v 0.05110586 -0.00782146 0.02237916
v 0.04934294 -0.00853158 0.02260994
v 0.04755539 -0.01086874 0.02140025
v 0.04911139 -0.01024197 0.02305806
v 0.04699494 -0.00947738 0.02140025
v 0.04855094 -0.00885061 0.02305806
v 0.04752844 -0.0108796 0.02163957
v 0.04788143 -0.00912029 0.02369751
v 0.04844188 -0.01051166 0.02369751
v 0.04744915 -0.01091154 0.02186497
v 0.04688869 -0.00952018 0.02186497
v 0.04696799 -0.00948823 0.02163957
v 0.04676167 -0.00957134 0.02206338
v 0.04732212 -0.01096271 0.02206338
v 0.04715474 -0.01103013 0.02222324
v 0.04695674 -0.01110989 0.02233527
v 0.04793377 -0.01071633 0.02449111
v 0.04673963 -0.01119734 0.02239296
v 0.04639629 -0.00971852 0.02233527
v 0.04659429 -0.00963876 0.02222324
v 0.04737332 -0.00932496 0.02449111
v 0.04617917 -0.00980598 0.02239296
v 0.04651601 -0.01128741 0.02239296
v 0.04595556 -0.00989605 0.02239296
v 0.04524604 -0.01018185 0.02093553
v 0.04580649 -0.01157322 0.02093553
v 0.04516674 -0.0102138 0.02116094
v 0.04513979 -0.01022465 0.02140025
v 0.0457272 -0.01160516 0.02116094
v 0.04570025 -0.01161601 0.02140025
v 0.0457272 -0.01160516 0.02163957
v 0.04593352 -0.01152205 0.02206338
v 0.04537306 -0.01013069 0.02206338
v 0.0461009 -0.01145463 0.02222324
v 0.04524604 -0.01018185 0.02186497
v 0.04554044 -0.01006327 0.02222324
v 0.04516674 -0.0102138 0.02163957
v 0.04580649 -0.01157322 0.02186497
v 0.04573844 -0.00998351 0.02233527
v 0.0462989 -0.01137487 0.02233527
v 0.04363868 -0.01082931 0.02552702
v 0.04419913 -0.01222068 0.02552702
v 0.04439714 -0.01214092 0.02541498
v 0.04383668 -0.01074956 0.02541498
v 0.04761659 -0.01084409 0.02539274
v 0.04542036 -0.01172875 0.02568688
v 0.0448599 -0.01033739 0.02568688
v 0.04705614 -0.00945273 0.02539274
v 0.04525298 -0.01179618 0.02552702
v 0.04694832 -0.00949616 0.02635
v 0.04750878 -0.01088752 0.02635
v 0.04554738 -0.01167759 0.02588528
v 0.04562668 -0.01164565 0.02611068
v 0.04565363 -0.01163479 0.02635
v 0.04506622 -0.01025429 0.02611068
v 0.04483786 -0.01196339 0.02535729
v 0.04461425 -0.01205347 0.02535729
v 0.04505498 -0.01187593 0.02541498
v 0.04403175 -0.0122881 0.02568688
v 0.04469252 -0.01040481 0.02552702
v 0.04405379 -0.0106621 0.02535729
v 0.04427741 -0.01057203 0.02535729
v 0.04449452 -0.01048457 0.02541498
v 0.0434713 -0.01089673 0.02568688
v 0.04498693 -0.01028622 0.02588528
v 0.04509318 -0.01024343 0.02635
v 0.02555878 -0.00156355 -0.00128183
v 0.02570565 -0.00150439 -0.00112349
v 0.02518685 -0.00171337 -0.00147493
v 0.0253829 -0.00163439 -0.00140097
v 0.02590802 -0.00142287 -0.0005
v 0.02588476 -0.00143224 -0.00072252
v 0.02581616 -0.00145987 -0.00093388
v 0.02498044 -0.00179651 -0.0015
v 0.02431429 -0.00206484 0.00037651
v 0.02451666 -0.00198333 0.001
v 0.0244934 -0.0019927 0.00077748
v 0.0244248 -0.00202033 0.00056612
v 0.02590802 -0.00142287 0.01335
v 0.02451666 -0.00198333 0.01335
v 0.03257091 -0.01528752 0.01535
v 0.03174001 -0.01723933 0.01535
v 0.04326498 -0.01097984 0.02611068
v 0.04334428 -0.0109479 0.02588528
v 0.04390473 -0.01233926 0.02588528
v 0.04382543 -0.01237121 0.02611068
v 0.04323803 -0.0109907 0.02635
v 0.04379848 -0.01238206 0.02635
v 0.03235514 -0.0153474 0.01535
v 0.03213145 -0.01535777 0.01535
v 0.03191106 -0.01531811 0.01535
v 0.03152423 -0.01729922 0.01535
v 0.03043879 -0.01668539 0.01535
v 0.03069277 -0.01705085 0.01535
v 0.03108015 -0.01726992 0.01535
v 0.03087411 -0.01718222 0.01535
v 0.03130054 -0.01730959 0.01535
v 0.03054519 -0.01688243 0.01535
v 0.0312697 -0.01473358 0.01535
v 0.0313761 -0.01493062 0.01535
v 0.03152367 -0.01509904 0.01535
v 0.03170502 -0.0152304 0.01535
v 0.02526392 -0.00383848 0.01535
v 0.02665529 -0.00327802 0.01535
v 0.026489 -0.00286522 0.01529986
v 0.02509764 -0.00342567 0.01529986
v 0.02633106 -0.00247311 0.01515194
v 0.0249397 -0.00303356 0.01515194
v 0.02479801 -0.00268181 0.01491366
v 0.02467969 -0.00238806 0.01459698
v 0.02618937 -0.00212136 0.01491366
v 0.02607105 -0.00182761 0.01459698
v 0.02592675 -0.00146939 0.01379504
v 0.02453539 -0.00202984 0.01379504
v 0.02598202 -0.00160659 0.01421777
v 0.02459066 -0.00216705 0.01421777
v 0.02633106 -0.00247311 0.03754806
v 0.06070695 -0.00395405 0.02826013
v 0.06126739 -0.00534541 0.02826013
v 0.05853343 -0.00644668 0.02681472
v 0.05861273 -0.00641474 0.02658932
v 0.05797298 -0.00505531 0.02681472
v 0.05805228 -0.00502338 0.02658932
v 0.05784596 -0.00510648 0.02701312
v 0.05840641 -0.00649785 0.02701312
v 0.05823902 -0.00656527 0.02717298
v 0.05767858 -0.00517391 0.02717298
v 0.06080708 -0.00553084 0.03011222
v 0.06024661 -0.00413947 0.03011222
v 0.05804103 -0.00664502 0.02728502
v 0.05748058 -0.00525366 0.02728502
v 0.05726346 -0.00534112 0.02734271
v 0.05738318 -0.00691001 0.02728502
v 0.05682274 -0.00551865 0.02728502
v 0.0576003 -0.00682256 0.02734271
v 0.05703985 -0.00543119 0.02734271
v 0.05782391 -0.00673248 0.02734271
v 0.05650465 -0.0072639 0.03063662
v 0.06005542 -0.00583361 0.03185
v 0.05949498 -0.00444224 0.03185
v 0.05607121 -0.00582137 0.03083503
v 0.05663168 -0.00721273 0.03083503
v 0.05615052 -0.00578942 0.03153906
v 0.05617746 -0.00577857 0.03129975
v 0.05671097 -0.00718079 0.03106043
v 0.05615052 -0.00578942 0.03106043
v 0.05671097 -0.00718079 0.03153906
v 0.05673793 -0.00716993 0.03129975
v 0.05625104 -0.00574893 0.02658932
v 0.05633033 -0.00571699 0.02681472
v 0.05689078 -0.00710836 0.02681472
v 0.05701782 -0.00705719 0.02701312
v 0.05645735 -0.00566583 0.02701312
v 0.05718519 -0.00698977 0.02717298
v 0.05662474 -0.0055984 0.02717298
v 0.05681149 -0.0071403 0.02658932
v 0.05482156 -0.00794186 0.02730726
v 0.05426111 -0.00655049 0.02730726
v 0.05450439 -0.00806962 0.02820889
v 0.05633727 -0.00733132 0.03047676
v 0.05613927 -0.00741107 0.03036473
v 0.05592215 -0.00749853 0.03030704
v 0.05594419 -0.00587253 0.03063662
v 0.05577682 -0.00593995 0.03047676
v 0.0553617 -0.00610717 0.03030704
v 0.05557881 -0.00601971 0.03036473
v 0.05394393 -0.00667826 0.02820889
v 0.05343582 -0.00688292 0.02900249
v 0.05399629 -0.00827429 0.02900249
v 0.05569854 -0.0075886 0.03030704
v 0.05548143 -0.00767606 0.03036473
v 0.05513808 -0.00619724 0.03030704
v 0.05492096 -0.0062847 0.03036473
v 0.05607121 -0.00582137 0.03176447
v 0.05663168 -0.00721273 0.03176447
v 0.05472296 -0.00636445 0.03047676
v 0.05455559 -0.00643187 0.03063662
v 0.05528343 -0.00775582 0.03047676
v 0.05511604 -0.00782324 0.03063662
v 0.05276632 -0.00715261 0.02964194
v 0.05332677 -0.00854397 0.02964194
v 0.05498902 -0.0078744 0.03083503
v 0.05490973 -0.00790634 0.03106043
v 0.05442856 -0.00648304 0.03083503
v 0.05434927 -0.00651499 0.03106043
v 0.05488277 -0.0079172 0.03129975
v 0.05432232 -0.00652584 0.03129975
v 0.05490973 -0.00790634 0.03153906
v 0.05434927 -0.00651499 0.03153906
v 0.05498902 -0.0078744 0.03176447
v 0.05442856 -0.00648304 0.03176447
v 0.05197432 -0.00747164 0.03009007
v 0.05191338 -0.0091133 0.03268688
v 0.05253478 -0.008863 0.03009007
v 0.05135293 -0.00772194 0.03268688
v 0.05847483 -0.00485317 0.03342066
v 0.05903528 -0.00624453 0.03342066
v 0.05594419 -0.00587253 0.03196287
v 0.05650465 -0.0072639 0.03196287
v 0.05633727 -0.00733132 0.03212273
v 0.05613927 -0.00741107 0.03223477
v 0.05777766 -0.00675111 0.03477649
v 0.05592215 -0.00749853 0.03229246
v 0.05721721 -0.00535975 0.03477649
v 0.05557881 -0.00601971 0.03223477
v 0.0553617 -0.00610717 0.03229246
v 0.05577682 -0.00593995 0.03212273
v 0.05576029 -0.00594661 0.03587628
v 0.05632075 -0.00733797 0.03587628
v 0.05569854 -0.0075886 0.03229246
v 0.05513808 -0.00619724 0.03229246
v 0.05548143 -0.00767606 0.03223477
v 0.05492096 -0.0062847 0.03223477
v 0.05455559 -0.00643187 0.03196287
v 0.05472296 -0.00636445 0.03212273
v 0.05528343 -0.00775582 0.03212273
v 0.05511604 -0.00782324 0.03196287
v 0.05211971 -0.00903019 0.03311068
v 0.05204041 -0.00906213 0.03288528
v 0.05214665 -0.00901934 0.03335
v 0.05211971 -0.00903019 0.03358932
v 0.05155925 -0.00763883 0.03311068
v 0.05147996 -0.00767077 0.03288528
v 0.05158621 -0.00762797 0.03335
v 0.05155925 -0.00763883 0.03358932
v 0.05414838 -0.00659591 0.03668662
v 0.05470882 -0.00798727 0.03668662
v 0.05204041 -0.00906213 0.03381472
v 0.05191338 -0.0091133 0.03401312
v 0.05243042 -0.00728791 0.03718288
v 0.05299088 -0.00867928 0.03718288
v 0.05135293 -0.00772194 0.03401312
v 0.05147996 -0.00767077 0.03381472
v 0.05166631 -0.00921282 0.03032083
v 0.05110586 -0.00782146 0.03032083
v 0.05174601 -0.00918072 0.03252701
v 0.05118555 -0.00778936 0.03252701
v 0.05110728 -0.00943801 0.03235729
v 0.05077185 -0.00957312 0.03032083
v 0.05133089 -0.00934794 0.03235729
v 0.05089016 -0.00952546 0.03241498
v 0.05069216 -0.00960522 0.03252701
v 0.05154801 -0.00926048 0.03241498
v 0.0502114 -0.00818176 0.03032083
v 0.05054682 -0.00804665 0.03235729
v 0.05077044 -0.00795657 0.03235729
v 0.05098755 -0.00786911 0.03241498
v 0.04911139 -0.01024197 0.02964194
v 0.04855094 -0.00885061 0.02964194
v 0.04990339 -0.00992295 0.03009007
v 0.04844188 -0.01051166 0.02900249
v 0.04788143 -0.00912029 0.02900249
v 0.04934294 -0.00853158 0.03009007
v 0.04996433 -0.00828128 0.03268688
v 0.0501317 -0.00821386 0.03252701
v 0.05052478 -0.00967264 0.03268688
v 0.04752844 -0.0108796 0.03153906
v 0.05032971 -0.0081341 0.03241498
v 0.04755539 -0.01086874 0.03129975
v 0.04696799 -0.00948823 0.03153906
v 0.04498693 -0.01028622 0.02681472
v 0.04705614 -0.00945273 0.02730726
v 0.04506622 -0.01025429 0.02658932
v 0.04761659 -0.01084409 0.02730726
v 0.04542036 -0.01172875 0.02701312
v 0.04554738 -0.01167759 0.02681472
v 0.04562668 -0.01164565 0.02658932
v 0.04793377 -0.01071633 0.02820889
v 0.04737332 -0.00932496 0.02820889
v 0.04525298 -0.01179618 0.02717298
v 0.04469252 -0.01040481 0.02717298
v 0.0448599 -0.01033739 0.02701312
v 0.04651601 -0.01128741 0.03030704
v 0.04595556 -0.00989605 0.03030704
v 0.04505498 -0.01187593 0.02728502
v 0.04449452 -0.01048457 0.02728502
v 0.04427741 -0.01057203 0.02734271
v 0.04461425 -0.01205347 0.02734271
v 0.04483786 -0.01196339 0.02734271
v 0.04405379 -0.0106621 0.02734271
v 0.04383668 -0.01074956 0.02728502
v 0.04439714 -0.01214092 0.02728502
v 0.0457272 -0.01160516 0.03106043
v 0.04419913 -0.01222068 0.02717298
v 0.04570025 -0.01161601 0.03129975
v 0.04403175 -0.0122881 0.02701312
v 0.04593352 -0.01152205 0.03063662
v 0.04580649 -0.01157322 0.03083503
v 0.0461009 -0.01145463 0.03047676
v 0.0462989 -0.01137487 0.03036473
v 0.04524604 -0.01018185 0.03083503
v 0.04537306 -0.01013069 0.03063662
v 0.04554044 -0.01006327 0.03047676
v 0.04516674 -0.0102138 0.03106043
v 0.04363868 -0.01082931 0.02717298
v 0.04573844 -0.00998351 0.03036473
v 0.04513979 -0.01022465 0.03129975
v 0.0434713 -0.01089673 0.02701312
v 0.04744915 -0.01091154 0.03083503
v 0.04732212 -0.01096271 0.03063662
v 0.04715474 -0.01103013 0.03047676
v 0.04695674 -0.01110989 0.03036473
v 0.04752844 -0.0108796 0.03106043
v 0.04617917 -0.00980598 0.03030704
v 0.04673963 -0.01119734 0.03030704
v 0.04676167 -0.00957134 0.03063662
v 0.04659429 -0.00963876 0.03047676
v 0.04639629 -0.00971852 0.03036473
v 0.04696799 -0.00948823 0.03106043
v 0.04688869 -0.00952018 0.03083503
v 0.04699494 -0.00947738 0.03129975
v 0.04676167 -0.00957134 0.03196287
v 0.04688869 -0.00952018 0.03176447
v 0.04732212 -0.01096271 0.03196287
v 0.04744915 -0.01091154 0.03176447
v 0.04516674 -0.0102138 0.03153906
v 0.04524604 -0.01018185 0.03176447
v 0.04580649 -0.01157322 0.03176447
v 0.04593352 -0.01152205 0.03196287
v 0.0457272 -0.01160516 0.03153906
v 0.04537306 -0.01013069 0.03196287
v 0.0498373 -0.00833245 0.03288528
v 0.05039776 -0.00972381 0.03288528
v 0.049758 -0.00836439 0.03311068
v 0.05031846 -0.00975575 0.03311068
v 0.04973105 -0.00837524 0.03335
v 0.05029151 -0.00976661 0.03335
v 0.05174601 -0.00918072 0.03417299
v 0.05118555 -0.00778936 0.03417299
v 0.05077044 -0.00795657 0.03434271
v 0.05098755 -0.00786911 0.03428502
v 0.05154801 -0.00926048 0.03428502
v 0.05133089 -0.00934794 0.03434271
v 0.05054682 -0.00804665 0.03434271
v 0.05069216 -0.00960522 0.03417299
v 0.0501317 -0.00821386 0.03417299
v 0.05089016 -0.00952546 0.03428502
v 0.05032971 -0.0081341 0.03428502
v 0.05110728 -0.00943801 0.03434271
v 0.05052478 -0.00967264 0.03401312
v 0.04996433 -0.00828128 0.03401312
v 0.049758 -0.00836439 0.03358932
v 0.0498373 -0.00833245 0.03381472
v 0.05039776 -0.00972381 0.03381472
v 0.05031846 -0.00975575 0.03358932
v 0.05065863 -0.00800161 0.03735
v 0.05121909 -0.00939297 0.03735
v 0.04715474 -0.01103013 0.03212273
v 0.04695674 -0.01110989 0.03223477
v 0.04673963 -0.01119734 0.03229246
v 0.04659429 -0.00963876 0.03212273
v 0.04617917 -0.00980598 0.03229246
v 0.04639629 -0.00971852 0.03223477
v 0.04573844 -0.00998351 0.03223477
v 0.04595556 -0.00989605 0.03229246
v 0.0462989 -0.01137487 0.03223477
v 0.04651601 -0.01128741 0.03229246
v 0.0461009 -0.01145463 0.03212273
v 0.04554044 -0.01006327 0.03212273
v 0.04382543 -0.01237121 0.02658932
v 0.04334428 -0.0109479 0.02681472
v 0.04326498 -0.01097984 0.02658932
v 0.04390473 -0.01233926 0.02681472
v 0.03257091 -0.01528752 0.03735
v 0.03174001 -0.01723933 0.03735
v 0.03152423 -0.01729922 0.03735
v 0.03130054 -0.01730959 0.03735
v 0.03108015 -0.01726992 0.03735
v 0.03069277 -0.01705085 0.03735
v 0.03054519 -0.01688243 0.03735
v 0.03043879 -0.01668539 0.03735
v 0.03087411 -0.01718222 0.03735
v 0.03235514 -0.0153474 0.03735
v 0.03213145 -0.01535777 0.03735
v 0.03191106 -0.01531811 0.03735
v 0.03170502 -0.0152304 0.03735
v 0.0313761 -0.01493062 0.03735
v 0.03152367 -0.01509904 0.03735
v 0.0312697 -0.01473358 0.03735
v 0.02526392 -0.00383848 0.03735
v 0.02665529 -0.00327802 0.03735
v 0.026489 -0.00286522 0.03740014
v 0.02607105 -0.00182761 0.03810302
v 0.02618937 -0.00212136 0.03778634
v 0.02509764 -0.00342567 0.03740014
v 0.0249397 -0.00303356 0.03754806
v 0.02479801 -0.00268181 0.03778634
v 0.02467969 -0.00238806 0.03810302
v 0.02598202 -0.00160659 0.03848223
v 0.02459066 -0.00216705 0.03848223
v 0.02592675 -0.00146939 0.03890496
v 0.02590802 -0.00142287 0.03935
v 0.02453539 -0.00202984 0.03890496
v 0.02451666 -0.00198333 0.03935
v 0.02451666 -0.00198333 0.0517
v 0.02590802 -0.00142287 0.0532
v 0.02498044 -0.00179651 0.0542
v 0.02570565 -0.00150439 0.05382349
v 0.02518685 -0.00171337 0.05417493
v 0.02581616 -0.00145987 0.05363388
v 0.02588476 -0.00143224 0.05342252
v 0.02555878 -0.00156355 0.05398183
v 0.0253829 -0.00163439 0.05410097
v 0.02431429 -0.00206484 0.05232349
v 0.0244934 -0.0019927 0.05192252
v 0.0244248 -0.00202033 0.05213388
v 0.03980434 0.04444097 0.02085
v 0.03878419 0.04403005 0.01927934
v 0.03822374 0.04542141 0.01927934
v 0.03924388 0.04583234 0.02085
v 0.03638058 0.04306185 0.02093553
v 0.03625356 0.04301069 0.02073713
v 0.03752657 0.04352346 0.01792351
v 0.03696612 0.04491483 0.01792351
v 0.03645988 0.04309379 0.02116094
v 0.03589942 0.04448516 0.02116094
v 0.03582013 0.04445321 0.02093553
v 0.0356931 0.04440205 0.02073713
v 0.03606965 0.04293661 0.01682372
v 0.03389728 0.04367867 0.01601338
v 0.03550921 0.04432797 0.01682372
v 0.03445774 0.04228731 0.01601338
v 0.03523033 0.04259852 0.02046524
v 0.03567107 0.04277605 0.02040754
v 0.03588818 0.04286351 0.02046524
v 0.03544745 0.04268598 0.02040754
v 0.03608618 0.04294326 0.02057727
v 0.03552572 0.04433463 0.02057727
v 0.03488699 0.04407734 0.02040754
v 0.03511061 0.04416741 0.02040754
v 0.03532773 0.04425487 0.02046524
v 0.03466988 0.04398988 0.02046524
v 0.03503234 0.04251876 0.02057727
v 0.03110184 0.04255264 0.01868688
v 0.03217933 0.04298666 0.01551711
v 0.03273978 0.0415953 0.01551711
v 0.03122886 0.04260381 0.01888528
v 0.0316623 0.04116128 0.01868688
v 0.03130816 0.04263575 0.01911068
v 0.03178932 0.04121245 0.01888528
v 0.03186862 0.04124439 0.01911068
v 0.03149492 0.04109386 0.01852702
v 0.03129691 0.0410141 0.01841498
v 0.03096799 0.04088161 0.01535
v 0.0310798 0.04092665 0.01835729
v 0.03085619 0.04083657 0.01835729
v 0.03073646 0.04240546 0.01841498
v 0.03093446 0.04248522 0.01852702
v 0.03040753 0.04227297 0.01535
v 0.03447188 0.04391013 0.02057727
v 0.0343045 0.04384271 0.02073713
v 0.03486496 0.04245134 0.02073713
v 0.03465863 0.04236823 0.02116094
v 0.03178932 0.04121245 0.01981472
v 0.03473793 0.04240017 0.02093553
v 0.03186862 0.04124439 0.01958932
v 0.03189557 0.04125524 0.01935
v 0.0316623 0.04116128 0.02001312
v 0.03133511 0.04264661 0.01935
v 0.03130816 0.04263575 0.01958932
v 0.03417748 0.04379154 0.02093553
v 0.03122886 0.04260381 0.01981472
v 0.03409818 0.0437596 0.02116094
v 0.03051935 0.04231801 0.01835729
v 0.03110184 0.04255264 0.02001312
v 0.0310798 0.04092665 0.02034271
v 0.03073646 0.04240546 0.02028502
v 0.03129691 0.0410141 0.02028502
v 0.03051935 0.04231801 0.02034271
v 0.03093446 0.04248522 0.02017298
v 0.03149492 0.04109386 0.02017298
v 0.03085619 0.04083657 0.02034271
v 0.04055598 0.04474374 0.02258778
v 0.03638058 0.04306185 0.02186497
v 0.03999554 0.04613511 0.02258778
v 0.04101631 0.04492917 0.02443987
v 0.04045586 0.04632053 0.02443987
v 0.03582013 0.04445321 0.02186497
v 0.03589942 0.04448516 0.02163957
v 0.03645988 0.04309379 0.02163957
v 0.03648683 0.04310465 0.02140025
v 0.03592638 0.04449601 0.02140025
v 0.0356931 0.04440205 0.02206338
v 0.03625356 0.04301069 0.02206338
v 0.03552572 0.04433463 0.02222324
v 0.03608618 0.04294326 0.02222324
v 0.03798794 0.04370931 0.02552702
v 0.03722949 0.04502092 0.02541498
v 0.03742749 0.04510067 0.02552702
v 0.03778994 0.04362955 0.02541498
v 0.04117132 0.04499161 0.02635
v 0.04061087 0.04638297 0.02635
v 0.03836165 0.04385984 0.02611068
v 0.03828235 0.0438279 0.02588528
v 0.03772189 0.04521926 0.02588528
v 0.03759487 0.04516809 0.02568688
v 0.03782814 0.04526206 0.02635
v 0.03780119 0.04525121 0.02611068
v 0.03815532 0.04377673 0.02568688
v 0.03838859 0.0438707 0.02635
v 0.03757283 0.0435421 0.02535729
v 0.03734921 0.04345202 0.02535729
v 0.03588818 0.04286351 0.02233527
v 0.0369341 0.04328481 0.02552702
v 0.03567107 0.04277605 0.02239296
v 0.0371321 0.04336457 0.02541498
v 0.03678876 0.04484339 0.02535729
v 0.03701238 0.04493346 0.02535729
v 0.03637365 0.04467618 0.02552702
v 0.03657164 0.04475593 0.02541498
v 0.03532773 0.04425487 0.02233527
v 0.03511061 0.04416741 0.02239296
v 0.03620626 0.04460875 0.02568688
v 0.03607924 0.04455759 0.02588528
v 0.03676672 0.04321739 0.02568688
v 0.03663969 0.04316622 0.02588528
v 0.03599994 0.04452565 0.02611068
v 0.03597299 0.04451479 0.02635
v 0.0365604 0.04313428 0.02611068
v 0.03653344 0.04312342 0.02635
v 0.03463168 0.04235738 0.02140025
v 0.03407123 0.04374874 0.02140025
v 0.03409818 0.0437596 0.02163957
v 0.03465863 0.04236823 0.02163957
v 0.03417748 0.04379154 0.02186497
v 0.0343045 0.04384271 0.02206338
v 0.03473793 0.04240017 0.02186497
v 0.03486496 0.04245134 0.02206338
v 0.03228368 0.04141158 0.02260994
v 0.03544745 0.04268598 0.02239296
v 0.03488699 0.04407734 0.02239296
v 0.03447188 0.04391013 0.02222324
v 0.03466988 0.04398988 0.02233527
v 0.03523033 0.04259852 0.02233527
v 0.03503234 0.04251876 0.02222324
v 0.0342533 0.04220496 0.02449111
v 0.0337452 0.04200029 0.02369751
v 0.03307568 0.04173061 0.02305806
v 0.03251523 0.04312197 0.02305806
v 0.03318474 0.04339165 0.02369751
v 0.03369284 0.04359632 0.02449111
v 0.03172323 0.04280294 0.02260994
v 0.03141522 0.04106176 0.02237916
v 0.03085477 0.04245312 0.02237916
v 0.03052077 0.04070146 0.02237916
v 0.03401003 0.04372409 0.02539274
v 0.03457047 0.04233272 0.02539274
v 0.0346783 0.04237615 0.02635
v 0.03411784 0.04376752 0.02635
v 0.03044107 0.04066936 0.01852702
v 0.03027369 0.04060194 0.01868688
v 0.03063907 0.04074911 0.01841498
v 0.03029573 0.04222793 0.01835729
v 0.03007861 0.04214048 0.01841498
v 0.02988062 0.04206072 0.01852702
v 0.02971324 0.0419933 0.01868688
v 0.02648853 0.03907724 0.02040754
v 0.02626492 0.03898717 0.02040754
v 0.02592809 0.0404686 0.02040754
v 0.02604781 0.03889971 0.02046524
v 0.02958621 0.04194213 0.01888528
v 0.03014666 0.04055077 0.01888528
v 0.03006737 0.04051883 0.01911068
v 0.02947997 0.04189933 0.01935
v 0.03004042 0.04050797 0.01935
v 0.02950692 0.04191019 0.01911068
v 0.02950692 0.04191019 0.01958932
v 0.03006737 0.04051883 0.01958932
v 0.03007861 0.04214048 0.02028502
v 0.03029573 0.04222793 0.02034271
v 0.03063907 0.04074911 0.02028502
v 0.03044107 0.04066936 0.02017298
v 0.02958621 0.04194213 0.01981472
v 0.02971324 0.0419933 0.02001312
v 0.03014666 0.04055077 0.01981472
v 0.03027369 0.04060194 0.02001312
v 0.02988062 0.04206072 0.02017298
v 0.02707103 0.03931187 0.02073713
v 0.02690366 0.03924445 0.02057727
v 0.02719806 0.03936304 0.02093553
v 0.02670565 0.0391647 0.02046524
v 0.02727735 0.03939498 0.02116094
v 0.0267169 0.04078634 0.02116094
v 0.02570447 0.04037853 0.02040754
v 0.02548735 0.04029107 0.02046524
v 0.0263432 0.04063582 0.02057727
v 0.02651058 0.04070324 0.02073713
v 0.0266376 0.0407544 0.02093553
v 0.0261452 0.04055606 0.02046524
v 0.02584981 0.03881995 0.02057727
v 0.02528935 0.04021132 0.02057727
v 0.02512198 0.04014389 0.02073713
v 0.02568243 0.03875253 0.02073713
v 0.01288028 0.0335957 0.01535
v 0.01092845 0.03442661 0.01535
v 0.02996031 0.04209282 0.02237916
v 0.0296523 0.04035163 0.02260994
v 0.02909184 0.041743 0.02260994
v 0.02829985 0.04142397 0.02305806
v 0.0288603 0.04003261 0.02305806
v 0.0267169 0.04078634 0.02163957
v 0.02674385 0.0407972 0.02140025
v 0.0266376 0.0407544 0.02186497
v 0.0273043 0.03940584 0.02140025
v 0.02719806 0.03936304 0.02186497
v 0.02727735 0.03939498 0.02163957
v 0.02763034 0.04115429 0.02369751
v 0.0281908 0.03976293 0.02369751
v 0.02670565 0.0391647 0.02233527
v 0.02690366 0.03924445 0.02222324
v 0.02707103 0.03931187 0.02206338
v 0.02768268 0.03955825 0.02449111
v 0.02651058 0.04070324 0.02206338
v 0.0263432 0.04063582 0.02222324
v 0.02712223 0.04094962 0.02449111
v 0.02680505 0.04082185 0.02539274
v 0.02736551 0.03943049 0.02539274
v 0.02725769 0.03938706 0.02635
v 0.0261452 0.04055606 0.02233527
v 0.02648853 0.03907724 0.02239296
v 0.02584981 0.03881995 0.02222324
v 0.02548735 0.04029107 0.02233527
v 0.02604781 0.03889971 0.02233527
v 0.02570447 0.04037853 0.02239296
v 0.02592809 0.0404686 0.02239296
v 0.02626492 0.03898717 0.02239296
v 0.02491565 0.04006078 0.02116094
v 0.0248887 0.04004993 0.02140025
v 0.02544915 0.03865857 0.02140025
v 0.02499495 0.04009273 0.02093553
v 0.0255554 0.03870136 0.02093553
v 0.02547611 0.03866942 0.02116094
v 0.0255554 0.03870136 0.02186497
v 0.02512198 0.04014389 0.02206338
v 0.02568243 0.03875253 0.02206338
v 0.02491565 0.04006078 0.02163957
v 0.02499495 0.04009273 0.02186497
v 0.02547611 0.03866942 0.02163957
v 0.02528935 0.04021132 0.02222324
v 0.02358559 0.03952502 0.02541498
v 0.02394805 0.0380539 0.02552702
v 0.02338759 0.03944527 0.02552702
v 0.02414604 0.03813366 0.02541498
v 0.02480389 0.03839865 0.02541498
v 0.02500189 0.0384784 0.02552702
v 0.02444144 0.03986977 0.02552702
v 0.02540254 0.03863979 0.02635
v 0.02537559 0.03862893 0.02611068
v 0.02516927 0.03854582 0.02568688
v 0.02529629 0.03859699 0.02588528
v 0.02481513 0.04002029 0.02611068
v 0.02473584 0.03998835 0.02588528
v 0.02669724 0.04077842 0.02635
v 0.02484209 0.04003115 0.02635
v 0.02460881 0.03993719 0.02568688
v 0.02458678 0.03831119 0.02535729
v 0.02436316 0.03822112 0.02535729
v 0.02378067 0.03798648 0.02568688
v 0.0238027 0.03961248 0.02535729
v 0.02402632 0.03970255 0.02535729
v 0.02424343 0.03979001 0.02541498
v 0.02322021 0.03937785 0.02568688
v 0.02309318 0.03932668 0.02588528
v 0.02365364 0.03793531 0.02588528
v 0.02301389 0.03929474 0.02611068
v 0.02298694 0.03928388 0.02635
v 0.02354739 0.03789252 0.02635
v 0.02357434 0.03790337 0.02611068
v 0.04045586 0.04632053 0.02826013
v 0.04101631 0.04492917 0.02826013
v 0.03780119 0.04525121 0.02658932
v 0.03772189 0.04521926 0.02681472
v 0.03759487 0.04516809 0.02701312
v 0.03815532 0.04377673 0.02701312
v 0.03828235 0.0438279 0.02681472
v 0.03836165 0.04385984 0.02658932
v 0.04055598 0.04474374 0.03011222
v 0.03798794 0.04370931 0.02717298
v 0.03778994 0.04362955 0.02728502
v 0.03722949 0.04502092 0.02728502
v 0.03999554 0.04613511 0.03011222
v 0.03742749 0.04510067 0.02717298
v 0.03734921 0.04345202 0.02734271
v 0.03701238 0.04493346 0.02734271
v 0.03757283 0.0435421 0.02734271
v 0.03599994 0.04452565 0.02658932
v 0.0365604 0.04313428 0.02658932
v 0.03607924 0.04455759 0.02681472
v 0.03663969 0.04316622 0.02681472
v 0.03637365 0.04467618 0.02717298
v 0.03657164 0.04475593 0.02728502
v 0.0369341 0.04328481 0.02717298
v 0.0371321 0.04336457 0.02728502
v 0.03678876 0.04484339 0.02734271
v 0.03620626 0.04460875 0.02701312
v 0.03676672 0.04321739 0.02701312
v 0.03582013 0.04445321 0.03083503
v 0.03638058 0.04306185 0.03083503
v 0.03588818 0.04286351 0.03036473
v 0.03608618 0.04294326 0.03047676
v 0.03625356 0.04301069 0.03063662
v 0.03567107 0.04277605 0.03030704
v 0.03532773 0.04425487 0.03036473
v 0.03552572 0.04433463 0.03047676
v 0.0356931 0.04440205 0.03063662
v 0.03980434 0.04444097 0.03185
v 0.03924388 0.04583234 0.03185
v 0.03589942 0.04448516 0.03153906
v 0.03592638 0.04449601 0.03129975
v 0.03589942 0.04448516 0.03106043
v 0.03645988 0.04309379 0.03106043
v 0.03648683 0.04310465 0.03129975
v 0.03645988 0.04309379 0.03153906
v 0.03582013 0.04445321 0.03176447
v 0.03638058 0.04306185 0.03176447
v 0.03625356 0.04301069 0.03196287
v 0.0356931 0.04440205 0.03196287
v 0.03457047 0.04233272 0.02730726
v 0.0342533 0.04220496 0.02820889
v 0.03401003 0.04372409 0.02730726
v 0.03369284 0.04359632 0.02820889
v 0.03511061 0.04416741 0.03030704
v 0.0337452 0.04200029 0.02900249
v 0.03318474 0.04339165 0.02900249
v 0.03544745 0.04268598 0.03030704
v 0.03523033 0.04259852 0.03036473
v 0.03488699 0.04407734 0.03030704
v 0.03447188 0.04391013 0.03047676
v 0.03503234 0.04251876 0.03047676
v 0.03466988 0.04398988 0.03036473
v 0.0343045 0.04384271 0.03063662
v 0.03486496 0.04245134 0.03063662
v 0.03463168 0.04235738 0.03129975
v 0.03228368 0.04141158 0.03009007
v 0.03307568 0.04173061 0.02964194
v 0.03465863 0.04236823 0.03106043
v 0.03473793 0.04240017 0.03083503
v 0.03251523 0.04312197 0.02964194
v 0.03409818 0.0437596 0.03106043
v 0.03417748 0.04379154 0.03083503
v 0.03407123 0.04374874 0.03129975
v 0.03409818 0.0437596 0.03153906
v 0.03465863 0.04236823 0.03153906
v 0.03417748 0.04379154 0.03176447
v 0.03473793 0.04240017 0.03176447
v 0.0343045 0.04384271 0.03196287
v 0.03486496 0.04245134 0.03196287
v 0.03172323 0.04280294 0.03009007
v 0.0316623 0.04116128 0.03268688
v 0.03110184 0.04255264 0.03268688
v 0.03149492 0.04109386 0.03252701
v 0.03141522 0.04106176 0.03032083
v 0.03085619 0.04083657 0.03235729
v 0.03052077 0.04070146 0.03032083
v 0.0310798 0.04092665 0.03235729
v 0.03085477 0.04245312 0.03032083
v 0.03129691 0.0410141 0.03241498
v 0.03093446 0.04248522 0.03252701
v 0.03073646 0.04240546 0.03241498
v 0.03822374 0.04542141 0.03342066
v 0.03752657 0.04352346 0.03477649
v 0.03878419 0.04403005 0.03342066
v 0.03696612 0.04491483 0.03477649
v 0.03532773 0.04425487 0.03223477
v 0.03552572 0.04433463 0.03212273
v 0.03588818 0.04286351 0.03223477
v 0.03511061 0.04416741 0.03229246
v 0.03567107 0.04277605 0.03229246
v 0.03608618 0.04294326 0.03212273
v 0.03488699 0.04407734 0.03229246
v 0.03544745 0.04268598 0.03229246
v 0.03523033 0.04259852 0.03223477
v 0.03606965 0.04293661 0.03587628
v 0.03550921 0.04432797 0.03587628
v 0.03466988 0.04398988 0.03223477
v 0.03445774 0.04228731 0.03668662
v 0.03447188 0.04391013 0.03212273
v 0.03503234 0.04251876 0.03212273
v 0.03189557 0.04125524 0.03335
v 0.03186862 0.04124439 0.03311068
v 0.03178932 0.04121245 0.03288528
v 0.03130816 0.04263575 0.03358932
v 0.03133511 0.04264661 0.03335
v 0.03186862 0.04124439 0.03358932
v 0.03389728 0.04367867 0.03668662
v 0.03130816 0.04263575 0.03311068
v 0.03122886 0.04260381 0.03288528
v 0.03051935 0.04231801 0.03235729
v 0.03122886 0.04260381 0.03381472
v 0.03178932 0.04121245 0.03381472
v 0.03110184 0.04255264 0.03401312
v 0.0316623 0.04116128 0.03401312
v 0.03093446 0.04248522 0.03417299
v 0.03073646 0.04240546 0.03428502
v 0.03129691 0.0410141 0.03428502
v 0.03149492 0.04109386 0.03417299
v 0.0310798 0.04092665 0.03434271
v 0.03273978 0.0415953 0.03718288
v 0.03217933 0.04298666 0.03718288
v 0.03096799 0.04088161 0.03735
v 0.03085619 0.04083657 0.03434271
v 0.03040753 0.04227297 0.03735
v 0.02680505 0.04082185 0.02730726
v 0.02736551 0.03943049 0.02730726
v 0.02712223 0.04094962 0.02820889
v 0.02768268 0.03955825 0.02820889
v 0.02763034 0.04115429 0.02900249
v 0.0281908 0.03976293 0.02900249
v 0.02909184 0.041743 0.03009007
v 0.02996031 0.04209282 0.03032083
v 0.0296523 0.04035163 0.03009007
v 0.03063907 0.04074911 0.03241498
v 0.03044107 0.04066936 0.03252701
v 0.03027369 0.04060194 0.03268688
v 0.0288603 0.04003261 0.02964194
v 0.03029573 0.04222793 0.03235729
v 0.02971324 0.0419933 0.03268688
v 0.02988062 0.04206072 0.03252701
v 0.03007861 0.04214048 0.03241498
v 0.02829985 0.04142397 0.02964194
v 0.02707103 0.03931187 0.03063662
v 0.02690366 0.03924445 0.03047676
v 0.02719806 0.03936304 0.03083503
v 0.02651058 0.04070324 0.03063662
v 0.0263432 0.04063582 0.03047676
v 0.0266376 0.0407544 0.03083503
v 0.02670565 0.0391647 0.03036473
v 0.02727735 0.03939498 0.03153906
v 0.0273043 0.03940584 0.03129975
v 0.02727735 0.03939498 0.03106043
v 0.0267169 0.04078634 0.03106043
v 0.0267169 0.04078634 0.03153906
v 0.02674385 0.0407972 0.03129975
v 0.02537559 0.03862893 0.02658932
v 0.02516927 0.03854582 0.02701312
v 0.02529629 0.03859699 0.02681472
v 0.02500189 0.0384784 0.02717298
v 0.02473584 0.03998835 0.02681472
v 0.02481513 0.04002029 0.02658932
v 0.02460881 0.03993719 0.02701312
v 0.02444144 0.03986977 0.02717298
v 0.02570447 0.04037853 0.03030704
v 0.02626492 0.03898717 0.03030704
v 0.02604781 0.03889971 0.03036473
v 0.02480389 0.03839865 0.02728502
v 0.02584981 0.03881995 0.03047676
v 0.02548735 0.04029107 0.03036473
v 0.02458678 0.03831119 0.02734271
v 0.02424343 0.03979001 0.02728502
v 0.02402632 0.03970255 0.02734271
v 0.02436316 0.03822112 0.02734271
v 0.02301389 0.03929474 0.02658932
v 0.02357434 0.03790337 0.02658932
v 0.02309318 0.03932668 0.02681472
v 0.02365364 0.03793531 0.02681472
v 0.02394805 0.0380539 0.02717298
v 0.02358559 0.03952502 0.02728502
v 0.02414604 0.03813366 0.02728502
v 0.02322021 0.03937785 0.02701312
v 0.02338759 0.03944527 0.02717298
v 0.02378067 0.03798648 0.02701312
v 0.0238027 0.03961248 0.02734271
v 0.02544915 0.03865857 0.03129975
v 0.02568243 0.03875253 0.03063662
v 0.0255554 0.03870136 0.03083503
v 0.02547611 0.03866942 0.03106043
v 0.02528935 0.04021132 0.03047676
v 0.02512198 0.04014389 0.03063662
v 0.02499495 0.04009273 0.03083503
v 0.02491565 0.04006078 0.03106043
v 0.0248887 0.04004993 0.03129975
v 0.02648853 0.03907724 0.03030704
v 0.0261452 0.04055606 0.03036473
v 0.02592809 0.0404686 0.03030704
v 0.02707103 0.03931187 0.03196287
v 0.0266376 0.0407544 0.03176447
v 0.02719806 0.03936304 0.03176447
v 0.02651058 0.04070324 0.03196287
v 0.02499495 0.04009273 0.03176447
v 0.02512198 0.04014389 0.03196287
v 0.0255554 0.03870136 0.03176447
v 0.02491565 0.04006078 0.03153906
v 0.02547611 0.03866942 0.03153906
v 0.02568243 0.03875253 0.03196287
v 0.02958621 0.04194213 0.03288528
v 0.03014666 0.04055077 0.03288528
v 0.02950692 0.04191019 0.03311068
v 0.03006737 0.04051883 0.03311068
v 0.03006737 0.04051883 0.03358932
v 0.02958621 0.04194213 0.03381472
v 0.03014666 0.04055077 0.03381472
v 0.02950692 0.04191019 0.03358932
v 0.02947997 0.04189933 0.03335
v 0.03004042 0.04050797 0.03335
v 0.02971324 0.0419933 0.03401312
v 0.03027369 0.04060194 0.03401312
v 0.03051935 0.04231801 0.03434271
v 0.03029573 0.04222793 0.03434271
v 0.03007861 0.04214048 0.03428502
v 0.03063907 0.04074911 0.03428502
v 0.02988062 0.04206072 0.03417299
v 0.03044107 0.04066936 0.03417299
v 0.02648853 0.03907724 0.03229246
v 0.02626492 0.03898717 0.03229246
v 0.02604781 0.03889971 0.03223477
v 0.02690366 0.03924445 0.03212273
v 0.02670565 0.0391647 0.03223477
v 0.0263432 0.04063582 0.03212273
v 0.0261452 0.04055606 0.03223477
v 0.02592809 0.0404686 0.03229246
v 0.02570447 0.04037853 0.03229246
v 0.02548735 0.04029107 0.03223477
v 0.01288028 0.0335957 0.03735
v 0.01092845 0.03442661 0.03735
v 0.02528935 0.04021132 0.03212273
v 0.02584981 0.03881995 0.03212273
v 0.02379548 -0.00227382 2.507E-05
v 0.02358908 -0.00235697 -0
v 0.02399154 -0.00219485 9.903E-05
v 0.02416741 -0.00212401 0.00021817
v 0.00727508 -0.00329299 -0.0015
v 0.00711895 -0.00347666 -0.0015
v 0.00738273 -0.00307728 -0.0015
v 0.00743563 -0.00284209 -0.0015
v 0.0074307 -0.00260106 -0.0015
v 0.00743509 0.00228003 -0.0015
v 0.0074206 0.00298909 -0.0015
v 0.00748307 0.00275625 -0.0015
v 0.00748799 0.00251523 -0.0015
v 0.00738273 -0.00307728 -0
v 0.00727508 -0.00329299 -0
v 0.00743563 -0.00284209 -0
v 0.0074307 -0.00260106 -0
v 0.00411 -0.01020333 -0
v 0.00411 -0.01020333 -0.0015
v 0.00736825 -0.00236822 -0
v 0.00711895 -0.00347666 -0
v 0.00736825 -0.00236822 -0.0015
v 0.00725187 -0.00215709 -0
v 0.00725187 -0.00215709 -0.0015
v 0.00743509 0.00228003 -0
v 0.00748799 0.00251523 -0
v 0.00748307 0.00275625 -0
v 0.0074206 0.00298909 -0
v 0.00708836 -0.00197995 -0
v 0.00708836 -0.00197995 -0.0015
v 0.00697574 0.00173968 -0.0015
v 0.0068872 -0.00184709 -0.0015
v 0.00732745 0.00206433 -0.0015
v 0.00717131 0.00188065 -0.0015
v 0.00675213 0.00164961 -0.0015
v 0.00732745 0.00206433 -0
v 0.00717131 0.00188065 -0
v 0.00697574 0.00173968 -0
v 0.0068872 -0.00184709 -0
v 0.00675213 0.00164961 -0
v 0.00651346 0.00161566 -0.0015
v 0.00651346 0.00161566 -0
v 0.01748565 0.01890227 -0.00112349
v 0.01759616 0.01894678 -0.00093388
v 0.01766476 0.01897441 -0.00072252
v 0.01733878 0.01884311 -0.00128183
v 0.01768802 0.01898378 -0.0005
v 0.01696685 0.01869329 -0.00147493
v 0.0171629 0.01877226 -0.00140097
v 0.01676044 0.01861015 -0.0015
v 0.01620479 0.01838633 0.00056612
v 0.0162734 0.01841396 0.00077748
v 0.01609428 0.01834181 0.00037651
v 0.01594741 0.01828265 0.00021817
v 0.01629665 0.01842333 0.001
v 0.01577154 0.01821181 9.903E-05
v 0.01557549 0.01813283 2.507E-05
v 0.01536908 0.01804969 -0
v 0.01629665 0.01842333 0.01335
v 0.01768802 0.01898378 0.01335
v 0.00730423 0.00320022 -0
v 0.00730423 0.00320022 -0.0015
v 0.00693956 0.00351022 -0
v 0.00714071 0.00337736 -0.0015
v 0.00714071 0.00337736 -0
v 0.00693956 0.00351022 -0.0015
v 0.00647259 0.00361524 -0
v 0.00647259 0.00361524 -0.0015
v 0.00671245 0.00359108 -0
v 0.00671245 0.00359108 -0.0015
v 0.00366943 0.00681431 -0
v 0.00355306 0.00702543 -0.0015
v 0.00296128 0.0074163 -0.0015
v 0.00318839 0.00733544 -0.0015
v 0.00272142 0.00744046 -0.0015
v 0.00296128 0.0074163 -0
v 0.00318839 0.00733544 -0
v 0.00338955 0.00720257 -0
v 0.00355306 0.00702543 -0
v 0.00338955 0.00720257 -0.0015
v 0.00272142 0.00744046 -0
v -0.00411 0.01020333 0
v -0.00411 0.01020333 -0.0015
v 0.01752499 0.01938852 0.01459698
v 0.01761402 0.0191675 0.01421777
v 0.01766928 0.0190303 0.01379504
v 0.01740666 0.01968227 0.01491366
v 0.01627792 0.01846984 0.01379504
v 0.0160153 0.01912181 0.01491366
v 0.01613363 0.01882806 0.01459698
v 0.01622265 0.01860704 0.01421777
v 0.01613363 0.01882806 0.03810302
v 0.01740666 0.01968227 0.03778634
v 0.00227577 -0.01076201 -0.0015
v 0.00227577 -0.01076201 -0
v 0.00329373 -0.00722783 -0.0015
v 0.00309817 -0.0073688 -0.0015
v 0.00287456 -0.00745888 -0.0015
v 0.00263589 -0.00749282 -0.0015
v 0.00355752 -0.00682845 -0.0015
v 0.00344987 -0.00704416 -0.0015
v 0.00287456 -0.00745888 -0
v 0.00263589 -0.00749282 -0
v 0.00309817 -0.0073688 -0
v 0.00329373 -0.00722783 -0
v 0.00355752 -0.00682845 -0
v 0.00344987 -0.00704416 -0
v 0.00692338 -0.00361763 -0.0015
v 0.00692338 -0.00361763 -0
v 0.00669978 -0.00370771 -0.0015
v 0.00669978 -0.00370771 -0
v 0.00361042 -0.00659325 -0.0015
v 0.0064611 -0.00374165 -0
v 0.00360549 -0.00635223 -0
v 0.00361042 -0.00659325 -0
v 0.00360549 -0.00635223 -0.0015
v 0.0064611 -0.00374165 -0.0015
v 0.00239603 -0.00746865 -0.0015
v 0.00239603 -0.00746865 -0
v 0.00342666 -0.00590826 -0.0015
v 0.00354303 -0.00611939 -0.0015
v 0.00342666 -0.00590826 -0
v 0.00354303 -0.00611939 -0
v 0.00326314 -0.00573112 -0.0015
v 0.00326314 -0.00573112 -0
v 0.00306199 -0.00559826 -0.0015
v 0.00306199 -0.00559826 -0
v 0.00283488 -0.0055174 -0.0015
v 0.00283488 -0.0055174 -0
v 0.00235635 -0.00552718 -0
v 0.00259502 -0.00549324 -0.0015
v 0.00259502 -0.00549324 -0
v 0.00235635 -0.00552718 -0.0015
v 0.00213273 -0.00561725 -0
v 0.00213273 -0.00561725 -0.0015
v 0.00037239 -0.01099369 -0.0015
v 0.00037239 -0.01099369 -0
v 0.00180425 -0.00707779 -0.0015
v 0.00196776 -0.00725493 -0.0015
v 0.00216892 -0.00738779 -0.0015
v 0.00196776 -0.00725493 -0
v 0.00180425 -0.00707779 -0
v 0.00216892 -0.00738779 -0
v -0.00190744 -0.0069918 0
v -0.00206358 -0.00717547 0
v -0.0015423 -0.01089134 0
v -0.0015423 -0.01089134 -0.0015
v -0.00190744 -0.0069918 -0.0015
v -0.00206358 -0.00717547 -0.0015
v 0.00168787 -0.00686666 -0.0015
v 0.00162542 -0.00663382 -0.0015
v 0.00168787 -0.00686666 -0
v 0.00162542 -0.00663382 -0
v 0.00167339 -0.0061576 -0.0015
v 0.00178104 -0.0059419 -0.0015
v 0.00167339 -0.0061576 -0
v 0.00178104 -0.0059419 -0
v 0.00193718 -0.00575822 -0.0015
v 0.00193718 -0.00575822 -0
v 0.00162049 -0.0063928 -0.0015
v 0.00162049 -0.0063928 -0
v -0.00179979 -0.00677609 -0.0015
v -0.0017469 -0.0065409 -0.0015
v -0.00175182 -0.00629987 -0.0015
v -0.0017469 -0.0065409 0
v -0.00179979 -0.00677609 0
v -0.00175182 -0.00629987 0
v 0.00599413 -0.00363662 -0.0015
v 0.00579298 -0.00350376 -0.0015
v 0.00599413 -0.00363662 -0
v 0.00579298 -0.00350376 -0
v 0.00562946 -0.00332662 -0.0015
v 0.00562946 -0.00332662 -0
v 0.00622125 -0.00371749 -0.0015
v 0.00622125 -0.00371749 -0
v 0.00271311 -0.00293922 -0.0015
v 0.00271311 -0.00293922 -0
v 0.00333768 -0.00220452 -0.0015
v 0.00551309 -0.00311549 -0.0015
v 0.0054457 -0.00264163 -0.0015
v 0.00545063 -0.00288265 -0.0015
v 0.00551309 -0.00311549 -0
v 0.00545063 -0.00288265 -0
v 0.0054457 -0.00264163 -0
v 0.0054986 -0.00240643 -0.0015
v 0.0054986 -0.00240643 -0
v 0.00333768 -0.00220452 -0
v 0.00666009 -0.00176623 -0.0015
v 0.00666009 -0.00176623 -0
v 0.00642023 -0.00174207 -0.0015
v 0.00618156 -0.00177601 -0.0015
v 0.00618156 -0.00177601 -0
v 0.00642023 -0.00174207 -0
v 0.00595795 -0.00186608 -0
v 0.00595795 -0.00186608 -0.0015
v 0.00576239 -0.00200705 -0.0015
v 0.00576239 -0.00200705 -0
v 0.00560625 -0.00219073 -0.0015
v 0.00560625 -0.00219073 -0
v 0.0062736 0.00163983 -0.0015
v 0.0062736 0.00163983 -0
v 0.00397986 -0.00040091 -0.0015
v 0.00397986 -0.00040091 -0
v 0.00376827 -0.0013417 -0
v 0.00376827 -0.0013417 -0.0015
v 0.00396016 0.00056318 -0.0015
v 0.00396016 0.00056318 -0
v 0.00193087 -0.0035031 -0.0015
v 0.00193087 -0.0035031 -0
v 0.00103642 -0.00386339 -0.0015
v 8.173E-05 -0.00399917 -0.0015
v 0.00103642 -0.00386339 -0
v 8.173E-05 -0.00399917 -0
v -0.0008777 -0.00390252 -0.0015
v -0.0008777 -0.00390252 0
v -0.00181429 -0.00606703 -0.0015
v -0.00193066 -0.00585591 -0.0015
v -0.00193066 -0.00585591 0
v -0.00181429 -0.00606703 0
v -0.00178613 -0.00357907 -0.0015
v -0.00178613 -0.00357907 0
v -0.00341013 -0.01045806 -0.0015
v -0.00341013 -0.01045806 0
v -0.00248276 -0.00740652 -0.0015
v -0.00272143 -0.00744046 0
v -0.00296129 -0.0074163 0
v -0.00272143 -0.00744046 -0.0015
v -0.00296129 -0.0074163 -0.0015
v -0.00248276 -0.00740652 0
v -0.00225914 -0.00731644 -0.0015
v -0.00225914 -0.00731644 0
v -0.00517435 -0.00970702 -0.0015
v -0.00517435 -0.00970702 0
v -0.00318839 -0.00733544 -0.0015
v -0.00318839 -0.00733544 0
v -0.00209417 -0.00567877 0
v -0.00209417 -0.00567877 -0.0015
v -0.00338955 -0.00720257 0
v -0.00355306 -0.00702543 -0.0015
v -0.00338955 -0.00720257 -0.0015
v -0.00355306 -0.00702543 0
v -0.00366943 -0.0068143 -0.0015
v -0.0037319 -0.00658146 -0.0015
v -0.00366943 -0.0068143 0
v -0.0037319 -0.00658146 0
v -0.00373682 -0.00634044 -0.0015
v -0.00373682 -0.00634044 0
v -0.00368393 -0.00610524 -0.0015
v -0.00368393 -0.00610524 0
v -0.00357628 -0.00588954 -0.0015
v -0.00357628 -0.00588954 0
v -0.00678134 -0.00866103 -0.0015
v -0.00678134 -0.00866103 0
v -0.00818229 -0.00735188 -0.0015
v -0.00818229 -0.00735188 0
v -0.00933463 -0.00581935 -0.0015
v -0.00933463 -0.00581935 0
v -0.00229533 -0.0055459 -0.0015
v -0.00252243 -0.00546504 -0.0015
v -0.00276229 -0.00544088 -0.0015
v -0.00229533 -0.0055459 0
v -0.00252243 -0.00546504 0
v -0.00276229 -0.00544088 0
v -0.00300096 -0.00547482 -0.0015
v -0.00300096 -0.00547482 0
v -0.00322458 -0.00556489 -0.0015
v -0.00322458 -0.00556489 0
v -0.00259076 -0.00304762 0
v -0.00259076 -0.00304762 -0.0015
v -0.00342014 -0.00570586 0
v -0.00565861 -0.00316658 0
v -0.00342014 -0.00570586 -0.0015
v -0.00565861 -0.00316658 -0.0015
v -0.00623392 -0.0035813 -0.0015
v -0.00647259 -0.00361524 -0.0015
v -0.00601031 -0.00349123 -0.0015
v -0.00581475 -0.00335026 -0.0015
v -0.00581475 -0.00335026 0
v -0.00623392 -0.0035813 0
v -0.00647259 -0.00361524 0
v -0.00601031 -0.00349123 0
v -0.00324482 -0.00233905 0
v -0.00555096 -0.00295088 0
v -0.00324482 -0.00233905 -0.0015
v -0.00555096 -0.00295088 -0.0015
v -0.00550299 -0.00247466 0
v -0.00549807 -0.00271568 0
v -0.00549807 -0.00271568 -0.0015
v -0.00550299 -0.00247466 -0.0015
v -0.00371031 -0.00149455 -0.0015
v -0.00396016 -0.00056318 -0.0015
v -0.00371031 -0.00149455 0
v -0.00396016 -0.00056318 0
v -0.00556545 -0.00224182 -0.0015
v -0.00556545 -0.00224182 0
v -0.00584534 -0.00185355 -0.0015
v -0.00568182 -0.00203069 -0.0015
v -0.0060465 -0.00172069 -0.0015
v -0.00584534 -0.00185355 0
v -0.00568182 -0.00203069 0
v -0.0060465 -0.00172069 0
v -0.0062736 -0.00163983 0
v -0.0062736 -0.00163983 -0.0015
v -0.00671245 -0.00359108 0
v -0.00693956 -0.00351022 -0.0015
v -0.00693956 -0.00351022 0
v -0.00671245 -0.00359108 -0.0015
v -0.00714072 -0.00337736 -0.0015
v -0.00714072 -0.00337736 0
v -0.00730423 -0.00320022 -0.0015
v -0.0074206 -0.00298909 -0.0015
v -0.00730423 -0.00320022 0
v -0.0074206 -0.00298909 0
v -0.00748307 -0.00275625 -0.0015
v -0.00748307 -0.00275625 0
v -0.007488 -0.00251523 -0.0015
v -0.007488 -0.00251523 0
v -0.00675213 -0.0016496 0
v -0.00651346 -0.00161566 -0.0015
v -0.00651346 -0.00161566 0
v -0.00675213 -0.0016496 -0.0015
v -0.00697575 -0.00173968 -0.0015
v -0.00697575 -0.00173968 0
v -0.00717131 -0.00188065 0
v -0.00717131 -0.00188065 -0.0015
v -0.00732745 -0.00206432 -0.0015
v -0.00732745 -0.00206432 0
v -0.00743509 -0.00228003 -0.0015
v -0.00743509 -0.00228003 0
v -0.01020333 -0.00411 0
v -0.01020333 -0.00411 -0.0015
v -0.01076201 -0.00227577 0
v -0.01076201 -0.00227577 -0.0015
v 0.00604649 0.00172069 -0
v 0.00604649 0.00172069 -0.0015
v 0.00584533 0.00185355 -0.0015
v 0.00584533 0.00185355 -0
v 0.00556545 0.00224182 -0.0015
v 0.00550299 0.00247466 -0.0015
v 0.00556545 0.00224182 -0
v 0.00550299 0.00247466 -0
v 0.00549806 0.00271568 -0.0015
v 0.00549806 0.00271568 -0
v 0.00555096 0.00295088 -0.0015
v 0.00555096 0.00295088 -0
v 0.00568182 0.00203069 -0.0015
v 0.00568182 0.00203069 -0
v 0.0037103 0.00149455 -0
v 0.0037103 0.00149455 -0.0015
v 0.00324482 0.00233905 -0.0015
v 0.00324482 0.00233905 -0
v 0.00565861 0.00316659 -0
v 0.00581475 0.00335026 -0.0015
v 0.00581475 0.00335026 -0
v 0.00565861 0.00316659 -0.0015
v 0.0060103 0.00349123 -0.0015
v 0.0060103 0.00349123 -0
v 0.00623392 0.0035813 -0.0015
v 0.00623392 0.0035813 -0
v 0.00366943 0.00681431 -0.0015
v 0.00368392 0.00610524 -0.0015
v 0.0037319 0.00658146 -0.0015
v 0.00373682 0.00634044 -0.0015
v 0.00357628 0.00588954 -0.0015
v 0.00342014 0.00570586 -0.0015
v 0.00322458 0.00556489 -0.0015
v 0.0037319 0.00658146 -0
v 0.00368392 0.00610524 -0
v 0.00373682 0.00634044 -0
v 0.00342014 0.00570586 -0
v 0.00357628 0.00588954 -0
v 0.00322458 0.00556489 -0
v 0.00178613 0.00357907 -0
v 0.00178613 0.00357907 -0.0015
v 0.00259076 0.00304762 -0
v 0.00259076 0.00304762 -0.0015
v 0.00300096 0.00547482 -0
v 0.00300096 0.00547482 -0.0015
v 0.00252243 0.00546504 -0.0015
v 0.00276229 0.00544088 -0.0015
v 0.00276229 0.00544088 -0
v 0.00229533 0.0055459 -0.0015
v 0.00252243 0.00546504 -0
v 0.00229533 0.0055459 -0
v 0.0008777 0.00390252 -0
v 0.00209417 0.00567877 -0
v 0.0008777 0.00390252 -0.0015
v 0.00209417 0.00567877 -0.0015
v -8.173E-05 0.00399917 -0.0015
v -8.173E-05 0.00399917 0
v -0.00103642 0.0038634 -0.0015
v -0.00103642 0.0038634 0
v -0.00193088 0.0035031 -0.0015
v -0.00193088 0.0035031 0
v -0.00271311 0.00293922 -0.0015
v -0.00271311 0.00293922 0
v -0.00283488 0.0055174 0
v -0.00283488 0.0055174 -0.0015
v 0.00225914 0.00731644 -0.0015
v 0.00248275 0.00740652 -0.0015
v 0.00225914 0.00731644 -0
v 0.00248275 0.00740652 -0
v 0.00206358 0.00717547 -0.0015
v 0.00206358 0.00717547 -0
v 0.00193065 0.00585591 -0.0015
v 0.00181428 0.00606703 -0.0015
v 0.00175181 0.00629987 -0.0015
v 0.00193065 0.00585591 -0
v 0.00181428 0.00606703 -0
v 0.00175181 0.00629987 -0
v 0.0017469 0.0065409 -0.0015
v 0.00179979 0.00677609 -0.0015
v 0.0017469 0.0065409 -0
v 0.00179979 0.00677609 -0
v 0.00190743 0.0069918 -0.0015
v 0.00190743 0.0069918 -0
v -0.00178104 0.0059419 -0.0015
v -0.00167339 0.0061576 -0.0015
v -0.00167339 0.0061576 0
v -0.00178104 0.0059419 0
v -0.00162049 0.0063928 -0.0015
v -0.00180425 0.00707779 -0.0015
v -0.00168788 0.00686666 -0.0015
v -0.00162542 0.00663382 -0.0015
v -0.00168788 0.00686666 0
v -0.00162542 0.00663382 0
v -0.00162049 0.0063928 0
v -0.00180425 0.00707779 0
v -0.00235635 0.00552718 -0.0015
v -0.00213273 0.00561725 -0.0015
v -0.00259502 0.00549324 -0.0015
v -0.00193718 0.00575822 -0.0015
v -0.00193718 0.00575822 0
v -0.00235635 0.00552718 0
v -0.00213273 0.00561725 0
v -0.00259502 0.00549324 0
v -0.00196776 0.00725493 -0.0015
v -0.00196776 0.00725493 0
v -0.00216892 0.00738779 -0.0015
v -0.00216892 0.00738779 0
v -0.00239603 0.00746866 -0.0015
v -0.00239603 0.00746866 0
v -0.00287456 0.00745888 -0.0015
v -0.00263589 0.00749282 -0.0015
v -0.00287456 0.00745888 0
v -0.00263589 0.00749282 0
v -0.00309817 0.0073688 -0.0015
v -0.00309817 0.0073688 0
v -0.00397986 0.00040091 -0.0015
v -0.00376827 0.0013417 -0.0015
v -0.00397986 0.00040091 0
v -0.00376827 0.0013417 0
v -0.0054986 0.00240643 -0.0015
v -0.00333768 0.00220452 -0.0015
v -0.00560625 0.00219073 -0.0015
v -0.00576239 0.00200705 -0.0015
v -0.00595795 0.00186608 -0.0015
v -0.00576239 0.00200705 0
v -0.00595795 0.00186608 0
v -0.00333768 0.00220452 0
v -0.00560625 0.00219073 0
v -0.0054986 0.00240643 0
v -0.00618156 0.00177601 0
v -0.00618156 0.00177601 -0.0015
v -0.00642023 0.00174207 0
v -0.00642023 0.00174207 -0.0015
v -0.00666009 0.00176623 0
v -0.00666009 0.00176623 -0.0015
v -0.00551309 0.00311549 -0.0015
v -0.00545063 0.00288266 -0.0015
v -0.00544571 0.00264163 -0.0015
v -0.00562946 0.00332662 -0.0015
v -0.00562946 0.00332662 0
v -0.00551309 0.00311549 0
v -0.00545063 0.00288266 0
v -0.00544571 0.00264163 0
v -0.00306199 0.00559826 0
v -0.00326314 0.00573112 0
v -0.00326314 0.00573112 -0.0015
v -0.00306199 0.00559826 -0.0015
v -0.00579298 0.00350376 0
v -0.00579298 0.00350376 -0.0015
v -0.00688721 0.00184709 -0.0015
v -0.00688721 0.00184709 0
v -0.00622125 0.00371749 0
v -0.00599414 0.00363663 -0.0015
v -0.00599414 0.00363663 0
v -0.00622125 0.00371749 -0.0015
v -0.00711895 0.00347666 -0.0015
v -0.00692339 0.00361763 -0.0015
v -0.00711895 0.00347666 0
v -0.00692339 0.00361763 0
v -0.00669978 0.00370771 -0.0015
v -0.00669978 0.00370771 0
v -0.0064611 0.00374165 -0.0015
v -0.0064611 0.00374165 0
v -0.00708836 0.00197995 0
v -0.00708836 0.00197995 -0.0015
v -0.00736825 0.00236822 0
v -0.00743071 0.00260106 -0.0015
v -0.00743071 0.00260106 0
v -0.00736825 0.00236822 -0.0015
v -0.00725187 0.0021571 -0.0015
v -0.00725187 0.0021571 0
v -0.00743564 0.00284208 0
v -0.00738273 0.00307728 -0.0015
v -0.00738273 0.00307728 0
v -0.00727509 0.00329299 0
v -0.00743564 0.00284208 -0.0015
v -0.00727509 0.00329299 -0.0015
v -0.01089134 0.0015423 0
v -0.01045806 0.00341013 -0.0015
v -0.01045806 0.00341013 0
v -0.01089134 0.0015423 -0.0015
v -0.01099369 -0.00037239 0
v -0.01099369 -0.00037239 -0.0015
v -0.00342666 0.00590826 -0.0015
v -0.00354303 0.00611939 -0.0015
v -0.00342666 0.00590826 0
v -0.00354303 0.00611939 0
v -0.00360549 0.00635223 0
v -0.00360549 0.00635223 -0.0015
v -0.00361042 0.00659325 0
v -0.00355752 0.00682845 -0.0015
v -0.00355752 0.00682845 0
v -0.00361042 0.00659325 -0.0015
v -0.00344987 0.00704416 -0.0015
v -0.00344987 0.00704416 0
v -0.00329373 0.00722783 -0.0015
v -0.00329373 0.00722783 0
v -0.00735188 0.00818229 0
v -0.00735188 0.00818229 -0.0015
v -0.00581935 0.00933462 -0.0015
v -0.00581935 0.00933462 0
v -0.00866103 0.00678134 -0.0015
v -0.00866103 0.00678134 0
v -0.00970702 0.00517435 0
v -0.00970702 0.00517435 -0.0015
v 0.01587361 0.01947356 0.01515194
v 0.01726498 0.02003401 0.01515194
v 0.01710703 0.02042612 0.01529986
v 0.01571567 0.01986567 0.01529986
v 0.01694075 0.02083893 0.01535
v 0.01554938 0.02027848 0.01535
v 0.01232633 0.03229449 0.01535
v 0.01037452 0.0331254 0.01535
v 0.0160153 0.01912181 0.03778634
v 0.01587361 0.01947356 0.03754806
v 0.01571567 0.01986567 0.03740014
v 0.01554938 0.02027848 0.03735
v 0.01710703 0.02042612 0.03740014
v 0.01726498 0.02003401 0.03754806
v 0.01037452 0.0331254 0.03735
v 0.01232633 0.03229449 0.03735
v 0.01694075 0.02083893 0.03735
v 0.01238346 0.03316037 0.01535
v 0.01229574 0.03295434 0.01535
v 0.01251482 0.03334172 0.01535
v 0.01225608 0.03273395 0.01535
v 0.01226645 0.03251026 0.01535
v 0.01268324 0.0334893 0.01535
v 0.01030426 0.03356486 0.01535
v 0.01031463 0.03334117 0.01535
v 0.010563 0.03417264 0.01535
v 0.01073142 0.03432021 0.01535
v 0.01043164 0.03399128 0.01535
v 0.01034393 0.03378525 0.01535
v 0.01229574 0.03295434 0.03735
v 0.01225608 0.03273395 0.03735
v 0.01226645 0.03251026 0.03735
v 0.01251482 0.03334172 0.03735
v 0.01238346 0.03316037 0.03735
v 0.01268324 0.0334893 0.03735
v 0.01034393 0.03378525 0.03735
v 0.01030426 0.03356486 0.03735
v 0.01031463 0.03334117 0.03735
v 0.01043164 0.03399128 0.03735
v 0.010563 0.03417264 0.03735
v 0.01073142 0.03432021 0.03735
v 0.01768802 0.01898378 0.03935
v 0.01766928 0.0190303 0.03890496
v 0.01761402 0.0191675 0.03848223
v 0.01752499 0.01938852 0.03810302
v 0.01629665 0.01842333 0.03935
v 0.01622265 0.01860704 0.03848223
v 0.01627792 0.01846984 0.03890496
v 0.02379548 -0.00227382 0.05267493
v 0.02358908 -0.00235697 0.0527
v 0.02399154 -0.00219485 0.05260097
v 0.02416741 -0.00212401 0.05248183
v 0.0074206 0.00298909 0.0527
v 0.00748307 0.00275625 0.0527
v 0.00748799 0.00251523 0.0542
v 0.00743509 0.00228003 0.0542
v 0.00748307 0.00275625 0.0542
v 0.0074206 0.00298909 0.0542
v 0.00748799 0.00251523 0.0527
v 0.0074307 -0.00260106 0.0542
v 0.00743563 -0.00284209 0.0542
v 0.00738273 -0.00307728 0.0542
v 0.00727508 -0.00329299 0.0542
v 0.00711895 -0.00347666 0.0542
v 0.00411 -0.01020333 0.0542
v 0.00711895 -0.00347666 0.0527
v 0.00411 -0.01020333 0.0527
v 0.00736825 -0.00236822 0.0527
v 0.0074307 -0.00260106 0.0527
v 0.00743563 -0.00284209 0.0527
v 0.00738273 -0.00307728 0.0527
v 0.00727508 -0.00329299 0.0527
v 0.00725187 -0.00215709 0.0542
v 0.00725187 -0.00215709 0.0527
v 0.00736825 -0.00236822 0.0542
v 0.00743509 0.00228003 0.0527
v 0.00708836 -0.00197995 0.0542
v 0.0068872 -0.00184709 0.0527
v 0.00708836 -0.00197995 0.0527
v 0.0068872 -0.00184709 0.0542
v 0.00717131 0.00188065 0.0527
v 0.00697574 0.00173968 0.0527
v 0.00675213 0.00164961 0.0527
v 0.00732745 0.00206433 0.0527
v 0.00717131 0.00188065 0.0542
v 0.00732745 0.00206433 0.0542
v 0.00697574 0.00173968 0.0542
v 0.00675213 0.00164961 0.0542
v 0.00651346 0.00161566 0.0527
v 0.00651346 0.00161566 0.0542
v 0.01629665 0.01842333 0.0517
v 0.01768802 0.01898378 0.0532
v 0.01759616 0.01894678 0.05363388
v 0.01748565 0.01890227 0.05382349
v 0.01733878 0.01884311 0.05398183
v 0.01766476 0.01897441 0.05342252
v 0.0171629 0.01877226 0.05410097
v 0.01696685 0.01869329 0.05417493
v 0.01676044 0.01861015 0.0542
v 0.01594741 0.01828265 0.05248183
v 0.01620479 0.01838633 0.05213388
v 0.0162734 0.01841396 0.05192252
v 0.01609428 0.01834181 0.05232349
v 0.01536908 0.01804969 0.0527
v 0.01557549 0.01813283 0.05267493
v 0.01577154 0.01821181 0.05260097
v 0.00714071 0.00337736 0.0527
v 0.00730423 0.00320022 0.0527
v 0.00714071 0.00337736 0.0542
v 0.00730423 0.00320022 0.0542
v 0.00693956 0.00351022 0.0527
v 0.00693956 0.00351022 0.0542
v 0.00671245 0.00359108 0.0542
v 0.00671245 0.00359108 0.0527
v 0.00647259 0.00361524 0.0542
v 0.00623392 0.0035813 0.0527
v 0.00647259 0.00361524 0.0527
v 0.00623392 0.0035813 0.0542
v 0.00355306 0.00702543 0.0542
v 0.00366943 0.00681431 0.0527
v 0.00296128 0.0074163 0.0527
v 0.00318839 0.00733544 0.0527
v 0.00296128 0.0074163 0.0542
v 0.00318839 0.00733544 0.0542
v 0.00338955 0.00720257 0.0527
v 0.00272142 0.00744046 0.0542
v 0.00355306 0.00702543 0.0527
v 0.00272142 0.00744046 0.0527
v 0.00338955 0.00720257 0.0542
v -0.00411 0.01020333 0.0527
v -0.00411 0.01020333 0.0542
v 0.00227577 -0.01076201 0.0527
v 0.00227577 -0.01076201 0.0542
v 0.00263589 -0.00749282 0.0527
v 0.00355752 -0.00682845 0.0527
v 0.00344987 -0.00704416 0.0527
v 0.00329373 -0.00722783 0.0527
v 0.00309817 -0.0073688 0.0527
v 0.00287456 -0.00745888 0.0527
v 0.00287456 -0.00745888 0.0542
v 0.00263589 -0.00749282 0.0542
v 0.00309817 -0.0073688 0.0542
v 0.00329373 -0.00722783 0.0542
v 0.00344987 -0.00704416 0.0542
v 0.00355752 -0.00682845 0.0542
v 0.00692338 -0.00361763 0.0542
v 0.00669978 -0.00370771 0.0542
v 0.00669978 -0.00370771 0.0527
v 0.00692338 -0.00361763 0.0527
v 0.00361042 -0.00659325 0.0527
v 0.00360549 -0.00635223 0.0527
v 0.0064611 -0.00374165 0.0527
v 0.0064611 -0.00374165 0.0542
v 0.00361042 -0.00659325 0.0542
v 0.00360549 -0.00635223 0.0542
v 0.00239603 -0.00746865 0.0542
v 0.00239603 -0.00746865 0.0527
v 0.00342666 -0.00590826 0.0527
v 0.00354303 -0.00611939 0.0527
v 0.00342666 -0.00590826 0.0542
v 0.00354303 -0.00611939 0.0542
v 0.00326314 -0.00573112 0.0527
v 0.00306199 -0.00559826 0.0527
v 0.00326314 -0.00573112 0.0542
v 0.00283488 -0.0055174 0.0527
v 0.00306199 -0.00559826 0.0542
v 0.00283488 -0.0055174 0.0542
v 0.00259502 -0.00549324 0.0527
v 0.00235635 -0.00552718 0.0527
v 0.00235635 -0.00552718 0.0542
v 0.00259502 -0.00549324 0.0542
v 0.00213273 -0.00561725 0.0527
v 0.00213273 -0.00561725 0.0542
v 0.00037239 -0.01099369 0.0527
v 0.00037239 -0.01099369 0.0542
v 0.00216892 -0.00738779 0.0542
v 0.00216892 -0.00738779 0.0527
v 0.00196776 -0.00725493 0.0527
v 0.00180425 -0.00707779 0.0527
v 0.00196776 -0.00725493 0.0542
v 0.00180425 -0.00707779 0.0542
v -0.00206358 -0.00717547 0.0527
v -0.0015423 -0.01089134 0.0527
v -0.00190744 -0.0069918 0.0527
v -0.00190744 -0.0069918 0.0542
v -0.00206358 -0.00717547 0.0542
v -0.0015423 -0.01089134 0.0542
v 0.00168787 -0.00686666 0.0527
v 0.00168787 -0.00686666 0.0542
v 0.00162542 -0.00663382 0.0527
v 0.00162542 -0.00663382 0.0542
v 0.00162049 -0.0063928 0.0527
v 0.00162049 -0.0063928 0.0542
v 0.00167339 -0.0061576 0.0542
v 0.00167339 -0.0061576 0.0527
v 0.00178104 -0.0059419 0.0542
v 0.00193718 -0.00575822 0.0527
v 0.00178104 -0.0059419 0.0527
v 0.00193718 -0.00575822 0.0542
v -0.00179979 -0.00677609 0.0527
v -0.0017469 -0.0065409 0.0527
v -0.00175182 -0.00629987 0.0527
v -0.00179979 -0.00677609 0.0542
v -0.00175182 -0.00629987 0.0542
v -0.0017469 -0.0065409 0.0542
v 0.00622125 -0.00371749 0.0542
v 0.00622125 -0.00371749 0.0527
v 0.0054457 -0.00264163 0.0527
v 0.0054986 -0.00240643 0.0527
v 0.0054986 -0.00240643 0.0542
v 0.00599413 -0.00363662 0.0527
v 0.00599413 -0.00363662 0.0542
v 0.00579298 -0.00350376 0.0527
v 0.00562946 -0.00332662 0.0527
v 0.00562946 -0.00332662 0.0542
v 0.00579298 -0.00350376 0.0542
v 0.00551309 -0.00311549 0.0527
v 0.00551309 -0.00311549 0.0542
v 0.0054457 -0.00264163 0.0542
v 0.00271311 -0.00293922 0.0527
v 0.00271311 -0.00293922 0.0542
v 0.00545063 -0.00288265 0.0527
v 0.00333768 -0.00220452 0.0527
v 0.00545063 -0.00288265 0.0542
v 0.00333768 -0.00220452 0.0542
v 0.00642023 -0.00174207 0.0527
v 0.00666009 -0.00176623 0.0527
v 0.00642023 -0.00174207 0.0542
v 0.00666009 -0.00176623 0.0542
v 0.00618156 -0.00177601 0.0527
v 0.00618156 -0.00177601 0.0542
v 0.00595795 -0.00186608 0.0542
v 0.00595795 -0.00186608 0.0527
v 0.00576239 -0.00200705 0.0527
v 0.00560625 -0.00219073 0.0527
v 0.00576239 -0.00200705 0.0542
v 0.00560625 -0.00219073 0.0542
v 0.0062736 0.00163983 0.0527
v 0.0062736 0.00163983 0.0542
v 0.00397986 -0.00040091 0.0527
v 0.00397986 -0.00040091 0.0542
v 0.00376827 -0.0013417 0.0542
v 0.00376827 -0.0013417 0.0527
v 0.00396016 0.00056318 0.0542
v 0.00396016 0.00056318 0.0527
v 0.00193087 -0.0035031 0.0527
v 0.00193087 -0.0035031 0.0542
v 0.00103642 -0.00386339 0.0527
v 8.173E-05 -0.00399917 0.0527
v 0.00103642 -0.00386339 0.0542
v 8.173E-05 -0.00399917 0.0542
v -0.0008777 -0.00390252 0.0527
v -0.0008777 -0.00390252 0.0542
v -0.00181429 -0.00606703 0.0527
v -0.00178613 -0.00357907 0.0542
v -0.00181429 -0.00606703 0.0542
v -0.00193066 -0.00585591 0.0527
v -0.00178613 -0.00357907 0.0527
v -0.00193066 -0.00585591 0.0542
v -0.00341013 -0.01045806 0.0527
v -0.00341013 -0.01045806 0.0542
v -0.00248276 -0.00740652 0.0542
v -0.00248276 -0.00740652 0.0527
v -0.00225914 -0.00731644 0.0527
v -0.00225914 -0.00731644 0.0542
v -0.00272143 -0.00744046 0.0542
v -0.00296129 -0.0074163 0.0542
v -0.00272143 -0.00744046 0.0527
v -0.00296129 -0.0074163 0.0527
v -0.00318839 -0.00733544 0.0542
v -0.00517435 -0.00970702 0.0542
v -0.00318839 -0.00733544 0.0527
v -0.00517435 -0.00970702 0.0527
v -0.00209417 -0.00567877 0.0527
v -0.00209417 -0.00567877 0.0542
v -0.00338955 -0.00720257 0.0527
v -0.00355306 -0.00702543 0.0527
v -0.00338955 -0.00720257 0.0542
v -0.00355306 -0.00702543 0.0542
v -0.00366943 -0.0068143 0.0542
v -0.00366943 -0.0068143 0.0527
v -0.0037319 -0.00658146 0.0542
v -0.0037319 -0.00658146 0.0527
v -0.00373682 -0.00634044 0.0542
v -0.00373682 -0.00634044 0.0527
v -0.00368393 -0.00610524 0.0542
v -0.00368393 -0.00610524 0.0527
v -0.00357628 -0.00588954 0.0527
v -0.00357628 -0.00588954 0.0542
v -0.00678134 -0.00866103 0.0527
v -0.00678134 -0.00866103 0.0542
v -0.00818229 -0.00735188 0.0542
v -0.00818229 -0.00735188 0.0527
v -0.00933463 -0.00581935 0.0542
v -0.00933463 -0.00581935 0.0527
v -0.00229533 -0.0055459 0.0527
v -0.00252243 -0.00546504 0.0527
v -0.00276229 -0.00544088 0.0527
v -0.00229533 -0.0055459 0.0542
v -0.00252243 -0.00546504 0.0542
v -0.00276229 -0.00544088 0.0542
v -0.00322458 -0.00556489 0.0542
v -0.00322458 -0.00556489 0.0527
v -0.00300096 -0.00547482 0.0542
v -0.00300096 -0.00547482 0.0527
v -0.00259076 -0.00304762 0.0542
v -0.00259076 -0.00304762 0.0527
v -0.00565861 -0.00316658 0.0527
v -0.00342014 -0.00570586 0.0527
v -0.00342014 -0.00570586 0.0542
v -0.00565861 -0.00316658 0.0542
v -0.00623392 -0.0035813 0.0527
v -0.00647259 -0.00361524 0.0527
v -0.00601031 -0.00349123 0.0527
v -0.00581475 -0.00335026 0.0527
v -0.00623392 -0.0035813 0.0542
v -0.00647259 -0.00361524 0.0542
v -0.00581475 -0.00335026 0.0542
v -0.00601031 -0.00349123 0.0542
v -0.00324482 -0.00233905 0.0542
v -0.00555096 -0.00295088 0.0542
v -0.00550299 -0.00247466 0.0527
v -0.00324482 -0.00233905 0.0527
v -0.00549807 -0.00271568 0.0527
v -0.00555096 -0.00295088 0.0527
v -0.00550299 -0.00247466 0.0542
v -0.00549807 -0.00271568 0.0542
v -0.00371031 -0.00149455 0.0542
v -0.00371031 -0.00149455 0.0527
v -0.00396016 -0.00056318 0.0527
v -0.00396016 -0.00056318 0.0542
v -0.00556545 -0.00224182 0.0527
v -0.00556545 -0.00224182 0.0542
v -0.00584534 -0.00185355 0.0527
v -0.00568182 -0.00203069 0.0527
v -0.0060465 -0.00172069 0.0527
v -0.00568182 -0.00203069 0.0542
v -0.00584534 -0.00185355 0.0542
v -0.0060465 -0.00172069 0.0542
v -0.0062736 -0.00163983 0.0542
v -0.0062736 -0.00163983 0.0527
v -0.00671245 -0.00359108 0.0527
v -0.00693956 -0.00351022 0.0527
v -0.00671245 -0.00359108 0.0542
v -0.00693956 -0.00351022 0.0542
v -0.00714072 -0.00337736 0.0542
v -0.00714072 -0.00337736 0.0527
v -0.00730423 -0.00320022 0.0542
v -0.00730423 -0.00320022 0.0527
v -0.0074206 -0.00298909 0.0542
v -0.00748307 -0.00275625 0.0527
v -0.007488 -0.00251523 0.0527
v -0.007488 -0.00251523 0.0542
v -0.0074206 -0.00298909 0.0527
v -0.00748307 -0.00275625 0.0542
v -0.00697575 -0.00173968 0.0542
v -0.00697575 -0.00173968 0.0527
v -0.00675213 -0.0016496 0.0542
v -0.00651346 -0.00161566 0.0527
v -0.00651346 -0.00161566 0.0542
v -0.00675213 -0.0016496 0.0527
v -0.00717131 -0.00188065 0.0527
v -0.00732745 -0.00206432 0.0527
v -0.00717131 -0.00188065 0.0542
v -0.00743509 -0.00228003 0.0542
v -0.00743509 -0.00228003 0.0527
v -0.00732745 -0.00206432 0.0542
v -0.01020333 -0.00411 0.0527
v -0.01020333 -0.00411 0.0542
v -0.01076201 -0.00227577 0.0527
v -0.01076201 -0.00227577 0.0542
v 0.00604649 0.00172069 0.0542
v 0.00604649 0.00172069 0.0527
v 0.00584533 0.00185355 0.0527
v 0.00584533 0.00185355 0.0542
v 0.00549806 0.00271568 0.0527
v 0.00555096 0.00295088 0.0527
v 0.00555096 0.00295088 0.0542
v 0.00550299 0.00247466 0.0527
v 0.00549806 0.00271568 0.0542
v 0.00556545 0.00224182 0.0527
v 0.00550299 0.00247466 0.0542
v 0.00568182 0.00203069 0.0542
v 0.00568182 0.00203069 0.0527
v 0.00556545 0.00224182 0.0542
v 0.0037103 0.00149455 0.0527
v 0.0037103 0.00149455 0.0542
v 0.00324482 0.00233905 0.0527
v 0.00324482 0.00233905 0.0542
v 0.0060103 0.00349123 0.0527
v 0.00581475 0.00335026 0.0527
v 0.0060103 0.00349123 0.0542
v 0.00565861 0.00316659 0.0527
v 0.00581475 0.00335026 0.0542
v 0.00565861 0.00316659 0.0542
v 0.0037319 0.00658146 0.0527
v 0.00368392 0.00610524 0.0527
v 0.00373682 0.00634044 0.0527
v 0.00342014 0.00570586 0.0527
v 0.00357628 0.00588954 0.0527
v 0.00322458 0.00556489 0.0527
v 0.00366943 0.00681431 0.0542
v 0.00373682 0.00634044 0.0542
v 0.00368392 0.00610524 0.0542
v 0.0037319 0.00658146 0.0542
v 0.00357628 0.00588954 0.0542
v 0.00342014 0.00570586 0.0542
v 0.00322458 0.00556489 0.0542
v 0.00259076 0.00304762 0.0527
v 0.00259076 0.00304762 0.0542
v 0.00178613 0.00357907 0.0527
v 0.00178613 0.00357907 0.0542
v 0.00276229 0.00544088 0.0542
v 0.00252243 0.00546504 0.0542
v 0.00229533 0.0055459 0.0542
v 0.00300096 0.00547482 0.0527
v 0.00252243 0.00546504 0.0527
v 0.00229533 0.0055459 0.0527
v 0.00276229 0.00544088 0.0527
v 0.00300096 0.00547482 0.0542
v 0.00209417 0.00567877 0.0527
v 0.0008777 0.00390252 0.0527
v 0.00209417 0.00567877 0.0542
v 0.0008777 0.00390252 0.0542
v -8.173E-05 0.00399917 0.0527
v -8.173E-05 0.00399917 0.0542
v -0.00103642 0.0038634 0.0542
v -0.00193088 0.0035031 0.0527
v -0.00103642 0.0038634 0.0527
v -0.00271311 0.00293922 0.0527
v -0.00193088 0.0035031 0.0542
v -0.00271311 0.00293922 0.0542
v -0.00283488 0.0055174 0.0527
v -0.00283488 0.0055174 0.0542
v 0.00206358 0.00717547 0.0527
v 0.00225914 0.00731644 0.0527
v 0.00225914 0.00731644 0.0542
v 0.00248275 0.00740652 0.0527
v 0.00248275 0.00740652 0.0542
v 0.00206358 0.00717547 0.0542
v 0.00175181 0.00629987 0.0527
v 0.00181428 0.00606703 0.0527
v 0.00193065 0.00585591 0.0527
v 0.00193065 0.00585591 0.0542
v 0.00181428 0.00606703 0.0542
v 0.00175181 0.00629987 0.0542
v 0.0017469 0.0065409 0.0527
v 0.00179979 0.00677609 0.0527
v 0.00179979 0.00677609 0.0542
v 0.00190743 0.0069918 0.0542
v 0.00190743 0.0069918 0.0527
v 0.0017469 0.0065409 0.0542
v -0.00167339 0.0061576 0.0542
v -0.00178104 0.0059419 0.0527
v -0.00167339 0.0061576 0.0527
v -0.00178104 0.0059419 0.0542
v -0.00168788 0.00686666 0.0527
v -0.00162542 0.00663382 0.0527
v -0.00162049 0.0063928 0.0527
v -0.00168788 0.00686666 0.0542
v -0.00162542 0.00663382 0.0542
v -0.00162049 0.0063928 0.0542
v -0.00235635 0.00552718 0.0527
v -0.00259502 0.00549324 0.0527
v -0.00306199 0.00559826 0.0527
v -0.00193718 0.00575822 0.0527
v -0.00213273 0.00561725 0.0527
v -0.00213273 0.00561725 0.0542
v -0.00235635 0.00552718 0.0542
v -0.00193718 0.00575822 0.0542
v -0.00259502 0.00549324 0.0542
v -0.00306199 0.00559826 0.0542
v -0.00216892 0.00738779 0.0527
v -0.00196776 0.00725493 0.0527
v -0.00180425 0.00707779 0.0527
v -0.00196776 0.00725493 0.0542
v -0.00180425 0.00707779 0.0542
v -0.00216892 0.00738779 0.0542
v -0.00239603 0.00746866 0.0527
v -0.00239603 0.00746866 0.0542
v -0.00309817 0.0073688 0.0527
v -0.00287456 0.00745888 0.0527
v -0.00287456 0.00745888 0.0542
v -0.00263589 0.00749282 0.0527
v -0.00263589 0.00749282 0.0542
v -0.00309817 0.0073688 0.0542
v -0.00397986 0.00040091 0.0542
v -0.00397986 0.00040091 0.0527
v -0.00376827 0.0013417 0.0542
v -0.00376827 0.0013417 0.0527
v -0.0054986 0.00240643 0.0527
v -0.00333768 0.00220452 0.0527
v -0.00333768 0.00220452 0.0542
v -0.0054986 0.00240643 0.0542
v -0.00560625 0.00219073 0.0542
v -0.00576239 0.00200705 0.0542
v -0.00576239 0.00200705 0.0527
v -0.00595795 0.00186608 0.0527
v -0.00595795 0.00186608 0.0542
v -0.00618156 0.00177601 0.0542
v -0.00618156 0.00177601 0.0527
v -0.00560625 0.00219073 0.0527
v -0.00666009 0.00176623 0.0542
v -0.00688721 0.00184709 0.0542
v -0.00666009 0.00176623 0.0527
v -0.00642023 0.00174207 0.0527
v -0.00688721 0.00184709 0.0527
v -0.00642023 0.00174207 0.0542
v -0.00562946 0.00332662 0.0527
v -0.00551309 0.00311549 0.0527
v -0.00544571 0.00264163 0.0527
v -0.00545063 0.00288266 0.0527
v -0.00544571 0.00264163 0.0542
v -0.00551309 0.00311549 0.0542
v -0.00562946 0.00332662 0.0542
v -0.00545063 0.00288266 0.0542
v -0.00579298 0.00350376 0.0527
v -0.00326314 0.00573112 0.0527
v -0.00326314 0.00573112 0.0542
v -0.00579298 0.00350376 0.0542
v -0.00708836 0.00197995 0.0542
v -0.00708836 0.00197995 0.0527
v -0.0064611 0.00374165 0.0542
v -0.00622125 0.00371749 0.0527
v -0.00622125 0.00371749 0.0542
v -0.00599414 0.00363663 0.0542
v -0.00599414 0.00363663 0.0527
v -0.0064611 0.00374165 0.0527
v -0.00692339 0.00361763 0.0527
v -0.00669978 0.00370771 0.0527
v -0.00669978 0.00370771 0.0542
v -0.00711895 0.00347666 0.0527
v -0.00692339 0.00361763 0.0542
v -0.00727509 0.00329299 0.0542
v -0.00727509 0.00329299 0.0527
v -0.00711895 0.00347666 0.0542
v -0.01099369 -0.00037239 0.0527
v -0.01089134 0.0015423 0.0527
v -0.01099369 -0.00037239 0.0542
v -0.01089134 0.0015423 0.0542
v -0.00725187 0.0021571 0.0542
v -0.00736825 0.00236822 0.0542
v -0.00736825 0.00236822 0.0527
v -0.00743071 0.00260106 0.0542
v -0.00725187 0.0021571 0.0527
v -0.00743071 0.00260106 0.0527
v -0.00743564 0.00284208 0.0527
v -0.00738273 0.00307728 0.0527
v -0.00738273 0.00307728 0.0542
v -0.00743564 0.00284208 0.0542
v -0.01045806 0.00341013 0.0527
v -0.01045806 0.00341013 0.0542
v -0.00342666 0.00590826 0.0542
v -0.00342666 0.00590826 0.0527
v -0.00354303 0.00611939 0.0542
v -0.00354303 0.00611939 0.0527
v -0.00360549 0.00635223 0.0542
v -0.00360549 0.00635223 0.0527
v -0.00361042 0.00659325 0.0527
v -0.00361042 0.00659325 0.0542
v -0.00355752 0.00682845 0.0542
v -0.00355752 0.00682845 0.0527
v -0.00344987 0.00704416 0.0542
v -0.00344987 0.00704416 0.0527
v -0.00329373 0.00722783 0.0542
v -0.00329373 0.00722783 0.0527
v -0.00735188 0.00818229 0.0542
v -0.00735188 0.00818229 0.0527
v -0.00581935 0.00933462 0.0527
v -0.00581935 0.00933462 0.0542
v -0.00866103 0.00678134 0.0542
v -0.00866103 0.00678134 0.0527
v -0.00970702 0.00517435 0.0527
v -0.00970702 0.00517435 0.0542
vn -0.37363 0.92758 0
vn 0.53203 0.21431 -0.81915
vn 0.53203 0.21431 -0.81915
vn 0.6559 0.2642 -0.70711
vn 0.37364 -0.92758 -0
vn -0.37364 0.92758 -0
vn 0.75983 0.30606 -0.57358
vn 0.75983 0.30606 -0.57358
vn 0.37364 -0.92758 -0
vn 0.37363 -0.92758 -1E-05
vn -0.76339 -0.30751 0.56805
vn 0.37363 -0.92758 -0
vn 0.37364 -0.92757 1E-05
vn 0.37363 -0.92758 -0
vn 0.37364 -0.92757 -0
vn 0.37364 -0.92757 0
vn -0.61511 -0.24777 0.7485
vn -0.76339 -0.3075 0.56805
vn -0.61508 -0.24776 0.74853
vn -0.37363 0.92758 0
vn -0.37364 0.92757 -0
vn -0.37363 0.92758 0
vn -0.37363 0.92758 1E-05
vn -0.37364 0.92758 -0
vn -0.37364 0.92757 -0
vn 0.39201 0.15791 -0.90631
vn -0.37364 0.92758 -0
vn 0.37365 -0.92757 -0
vn -0.37363 0.92758 -0
vn 0.39201 0.1579 -0.90631
vn 0.37364 -0.92758 0
vn -0.37363 0.92758 1E-05
vn -0.37364 0.92757 -0
vn -0.37364 0.92757 -0
vn 0.37363 -0.92758 -1E-05
vn -0.37364 0.92758 0
vn 0.37364 -0.92758 0
vn 0.24008 0.0967 -0.96593
vn 0.24007 0.0967 -0.96593
vn 0.37364 -0.92757 0
vn 0.37364 -0.92758 -0
vn -0.37363 0.92758 0
vn -0.37364 0.92757 -0
vn 0.37363 -0.92758 -0
vn 0.37364 -0.92757 0
vn -0.43107 -0.17364 0.88545
vn -0.43105 -0.17363 0.88547
vn -0.22198 -0.08942 0.97094
vn -0.222 -0.08942 0.97094
vn 0 -0 1
vn 0 -0 1
vn 0.22198 0.08942 0.97094
vn 0.22198 0.08942 0.97094
vn 0.76336 0.30749 0.56809
vn 0.76339 0.30751 0.56805
vn 0.61511 0.24777 0.7485
vn 0.61508 0.24776 0.74853
vn 0.43107 0.17364 0.88545
vn 0.43107 0.17364 0.88545
vn 0.37364 -0.92758 -0
vn 0.37364 -0.92758 0
vn 0.37363 -0.92758 1E-05
vn 0.37364 -0.92758 0
vn 0.37364 -0.92757 -1E-05
vn 0.37363 -0.92758 1E-05
vn 0.37364 -0.92757 -1E-05
vn -0.37364 0.92757 1E-05
vn -0.37364 0.92757 1E-05
vn -0.37363 0.92758 -1E-05
vn -0.37364 0.92757 1E-05
vn -0.37364 0.92758 -0
vn -0.37363 0.92758 -1E-05
vn -0.37364 0.92757 1E-05
vn 0.89597 0.36091 -0.25882
vn 0.89597 0.3609 -0.25882
vn 0.84067 0.33863 -0.42262
vn 0.84067 0.33864 -0.42261
vn -0.37364 0.92757 -1E-05
vn -0.37364 0.92758 -0
vn 0.37364 -0.92757 1E-05
vn 0.37364 -0.92758 -0
vn -0.37364 0.92757 -1E-05
vn -0.37363 0.92758 1E-05
vn 0.37363 -0.92758 -1E-05
vn 0.37364 -0.92757 1E-05
vn 0.37365 -0.92757 -1E-05
vn 0.37364 -0.92757 -0
vn -0.37364 0.92757 0
vn 0.37364 -0.92758 0
vn -0.37364 0.92758 0
vn -0.37364 0.92758 0
vn 0.37364 -0.92757 1E-05
vn -0.37363 0.92758 1E-05
vn 0.37364 -0.92758 0
vn 0.37363 -0.92758 -1E-05
vn -0.37363 0.92758 1E-05
vn 0.37364 -0.92758 -1E-05
vn 0.37364 -0.92758 -0
vn -0.37364 0.92758 -0
vn 0.37364 -0.92757 1E-05
vn -0.37364 0.92757 -1E-05
vn 0.37364 -0.92758 -0
vn -0.37364 0.92758 1E-05
vn 0.92405 0.37221 -0.08716
vn 0.92405 0.37221 -0.08716
vn 0.37363 -0.92758 0
vn -0.37363 0.92758 0
vn 0.37363 -0.92758 0
vn 0.37364 -0.92757 -0
vn -0.76339 -0.3075 0.56806
vn -0.92081 -0.37091 0.12055
vn -0.43108 -0.17364 0.88545
vn -0.43108 -0.17364 0.88545
vn -0.61508 -0.24776 0.74852
vn -0.76339 -0.3075 0.56805
vn -0.8673 -0.34935 0.3546
vn -0.8673 -0.34935 0.3546
vn 0.43108 0.17364 0.88545
vn 0.43108 0.17364 0.88545
vn 0.22197 0.08941 0.97095
vn 0.22197 0.08941 0.97095
vn 0 0 1
vn 0 -0 1
vn -0.22197 -0.08941 0.97095
vn -0.92082 -0.37092 0.12049
vn -0.92081 -0.37091 0.12055
vn -0.92082 -0.37092 -0.12049
vn -0.92081 -0.37091 -0.12055
vn -0.86728 -0.34935 0.35465
vn -0.8673 -0.34936 0.3546
vn -0.61508 -0.24776 -0.74853
vn -0.61511 -0.24777 -0.7485
vn -0.76339 -0.3075 -0.56805
vn -0.8673 -0.34935 -0.3546
vn -0.86728 -0.34935 -0.35465
vn -0.76339 -0.3075 -0.56805
vn -0.43104 -0.17363 -0.88547
vn -0.43107 -0.17364 -0.88545
vn 0.43107 0.17364 -0.88545
vn 0.43107 0.17364 -0.88545
vn 0.61511 0.24777 -0.7485
vn 0.76336 0.30749 -0.56809
vn 0.61508 0.24776 -0.74853
vn 0.76339 0.30751 -0.56805
vn -0.22198 -0.08942 -0.97094
vn 0.22198 0.08942 -0.97094
vn -0 0 -1
vn -0.37363 0.92758 1E-05
vn -0 0 -1
vn -0.222 -0.08942 -0.97094
vn -0.37363 0.92758 -0
vn 0.22198 0.08942 -0.97094
vn 0.37364 -0.92757 0
vn 0.37363 -0.92758 -0
vn 0.92082 0.37091 0.12049
vn 0.8673 0.34936 0.3546
vn 0.92081 0.37092 0.12055
vn 0.37363 -0.92758 -1E-05
vn 0.92082 0.37092 -0.12049
vn 0.92081 0.37091 -0.12055
vn 0.8673 0.34936 -0.3546
vn -0.37363 0.92758 1E-05
vn -0.37364 0.92758 -0
vn 0.37364 -0.92758 -0
vn 0.37364 -0.92758 -0
vn 0.37364 -0.92757 1E-05
vn -0.37364 0.92758 0
vn -0.37364 0.92757 -1E-05
vn 0.37364 -0.92758 -0
vn 0.37364 -0.92757 0
vn 0.37364 -0.92758 -0
vn 0.37364 -0.92757 1E-05
vn 0.37363 -0.92758 -1E-05
vn 0.37364 -0.92757 1E-05
vn -0.37363 0.92758 0
vn -0.37364 0.92758 0
vn -0.37364 0.92757 -1E-05
vn -0.37364 0.92758 0
vn -0.37364 0.92757 -1E-05
vn -0.37364 0.92757 -0
vn -0.37364 0.92757 -0
vn -0.6151 -0.24777 0.74851
vn -0.43106 -0.17363 0.88546
vn -0.61509 -0.24776 0.74851
vn -0.43107 -0.17364 0.88546
vn -0.37363 0.92758 -0
vn -0.37364 0.92757 0
vn 0.37363 -0.92758 0
vn -0.37364 0.92757 0
vn -0.37364 0.92757 0
vn 0.37364 -0.92757 -0
vn 0.37364 -0.92757 -0
vn -0.37364 0.92757 0
vn -0.37363 0.92758 -0
vn 0.37364 -0.92758 0
vn 0.37364 -0.92758 1E-05
vn 0.37364 -0.92758 -0
vn 0.37364 -0.92757 -1E-05
vn 0.37364 -0.92757 -1E-05
vn 0.37364 -0.92758 0
vn 0.37363 -0.92758 2E-05
vn 0.8673 0.34935 0.3546
vn 0.61508 0.24776 0.74852
vn 0.76336 0.30749 0.56809
vn 0.61511 0.24778 0.7485
vn 0.8673 0.34935 0.3546
vn 0.76338 0.3075 0.56806
vn 0.92081 0.37091 0.12055
vn -0.37364 0.92757 2E-05
vn -0.37364 0.92758 -1E-05
vn -0.37363 0.92758 -1E-05
vn -0.37364 0.92758 -0
vn -0.37364 0.92757 0
vn -0.92081 -0.37091 0.12054
vn -0.8673 -0.34936 0.3546
vn -0.8673 -0.34935 0.35461
vn -0.76338 -0.3075 0.56806
vn -0.37364 0.92758 -0
vn -0.37363 0.92758 -1E-05
vn -0.76338 -0.3075 0.56806
vn -0.37364 0.92758 0
vn -0.37364 0.92757 -0
vn 0.08084 0.03256 -0.99619
vn 0.37364 -0.92757 0
vn 0.37364 -0.92757 0
vn 0.37364 -0.92758 0
vn -0.37363 0.92758 0
vn 0.37363 -0.92758 0
vn -0.37364 0.92758 -0
vn 0.37364 -0.92758 0
vn -0.37364 0.92757 -0
vn -0.37363 0.92758 -0
vn -0.37363 0.92758 -0
vn -0.37364 0.92757 0
vn 0.37364 -0.92757 0
vn 0.37363 -0.92758 0
vn 0.37364 -0.92757 -0
vn -0.92081 -0.37091 0.12055
vn -0.92081 -0.37091 0.12052
vn -0.8673 -0.34936 0.3546
vn -0.8673 -0.34936 0.3546
vn -0.76338 -0.3075 0.56807
vn -0.76337 -0.3075 0.56807
vn -0.61509 -0.24777 0.74851
vn -0.43107 -0.17364 0.88545
vn 0 0 1
vn -0.22198 -0.08942 0.97094
vn -0.43107 -0.17364 0.88545
vn 0.22199 0.08942 0.97094
vn 0.76339 0.3075 0.56805
vn 0.61509 0.24777 0.74851
vn 0.43106 0.17363 0.88546
vn 0.86729 0.34935 0.35463
vn 0.92081 0.37091 0.12052
vn -0.8673 -0.34936 -0.3546
vn -0.8673 -0.34936 -0.35459
vn -0.92082 -0.37091 -0.12052
vn -0.92081 -0.37091 -0.12055
vn -0.22198 -0.08941 -0.97094
vn -0.43108 -0.17364 -0.88545
vn -0.43107 -0.17364 -0.88545
vn -0.61509 -0.24777 -0.74851
vn -0.76337 -0.30749 -0.56808
vn -0.76337 -0.30749 -0.56807
vn 0 0 -1
vn 0.86729 0.34935 -0.35462
vn 0.92081 0.37091 -0.12052
vn 0.61509 0.24777 -0.74851
vn 0.43106 0.17364 -0.88546
vn 0.76339 0.3075 -0.56805
vn 0.22198 0.08942 -0.97094
vn -0.37363 0.92758 0
vn -0.37363 0.92758 0
vn 0.37364 -0.92758 0
vn -0.37364 0.92757 -0
vn 0.37363 -0.92758 -0
vn 0.37364 -0.92757 1E-05
vn 0.37364 -0.92758 -0
vn 0.37364 -0.92758 0
vn 0.37363 -0.92758 -0
vn 0.37364 -0.92757 0
vn 0.37364 -0.92758 0
vn 0.37364 -0.92758 -0
vn 0.37364 -0.92758 -0
vn 0.37364 -0.92758 0
vn 0.37364 -0.92758 -0
vn 0.37364 -0.92758 -0
vn 0.37364 -0.92758 -0
vn -0.37364 0.92758 0
vn -0.37364 0.92757 -0
vn -0.37364 0.92757 -0
vn -0.37364 0.92757 -1E-05
vn -0.37364 0.92757 -1E-05
vn -0.37364 0.92758 0
vn -0.37364 0.92757 -1E-05
vn -0.37364 0.92758 -0
vn -0.37364 0.92758 0
vn -0.37363 0.92758 1E-05
vn -0.37364 0.92758 0
vn -0.61509 -0.24777 0.74851
vn -0.43106 -0.17363 0.88546
vn -0.22199 -0.08942 0.97094
vn 0 -0 1
vn 0 0 1
vn 0.22198 0.08942 0.97094
vn 0.22199 0.08942 0.97094
vn 0.43107 0.17364 0.88545
vn 0.43106 0.17363 0.88546
vn 0.61509 0.24777 0.74851
vn 0.37365 -0.92757 0
vn 0.37364 -0.92757 0
vn 0.37364 -0.92758 -0
vn 0.37364 -0.92758 -0
vn 0.37364 -0.92757 0
vn 0.37363 -0.92758 -0
vn 0.37363 -0.92758 -0
vn 0.37364 -0.92757 -0
vn 0 -0 1
vn 0.37364 -0.92758 0
vn 0.37364 -0.92758 0
vn -0.37364 0.92758 0
vn -0.37363 0.92758 0
vn -0.22198 -0.08942 0.97094
vn -0.37364 0.92758 0
vn -0.37363 0.92758 0
vn -0.37364 0.92757 0
vn 0 -0 1
vn -0.37363 0.92758 0
vn -0.37364 0.92758 -0
vn -0.37364 0.92757 0
vn -0.37364 0.92757 0
vn 0.37364 -0.92758 0
vn 0.37364 -0.92758 0
vn 0.37364 -0.92758 0
vn -0.37364 0.92758 0
vn -0.37364 0.92758 0
vn -0.37363 0.92758 -0
vn 0.37364 -0.92757 -0
vn -0.37364 0.92758 0
vn 0.6151 0.24777 0.74851
vn 0.6151 0.24777 0.74851
vn 0.43106 0.17364 0.88546
vn 0.22199 0.08942 0.97094
vn 0.37364 -0.92758 0
vn 0.22198 0.08942 0.97094
vn 0.43107 0.17364 0.88546
vn -0.76338 -0.30749 0.56807
vn -0.92081 -0.37091 0.12052
vn -0.76339 -0.3075 0.56805
vn -0.86729 -0.34935 0.35463
vn -0.8673 -0.34935 -0.3546
vn -0.76338 -0.3075 -0.56807
vn -0.76339 -0.3075 -0.56805
vn -0.92081 -0.37091 -0.12052
vn -0.86729 -0.34935 -0.35463
vn 0.37364 -0.92758 0
vn 0.37364 -0.92757 -0
vn 0.37364 -0.92758 0
vn 0.37364 -0.92758 -0
vn 0.37363 -0.92758 0
vn 0.37364 -0.92758 0
vn -0.37364 0.92758 0
vn -0.37363 0.92758 -1E-05
vn -0.37364 0.92757 1E-05
vn -0.37364 0.92757 1E-05
vn -0.37364 0.92757 0
vn -0.37364 0.92758 -0
vn -0.37363 0.92758 -0
vn -0.43107 -0.17364 -0.88545
vn -0.61509 -0.24777 -0.74851
vn -0.22199 -0.08942 -0.97094
vn -0 -0 -1
vn -0 0 -1
vn 0.37363 -0.92758 0
vn -0.43106 -0.17363 -0.88546
vn -0.37364 0.92757 0
vn -0.37363 0.92758 -0
vn 0.76338 0.30749 0.56807
vn 0.76339 0.3075 0.56805
vn 0.92081 0.37091 0.12052
vn 0.8673 0.34935 0.3546
vn 0.86729 0.34935 0.35463
vn 0.92081 0.37091 0.12052
vn 0.92081 0.37091 -0.12052
vn 0.61509 0.24777 -0.74851
vn 0.76339 0.3075 -0.56805
vn 0.8673 0.34936 -0.3546
vn 0.86729 0.34935 -0.35463
vn 0.76338 0.30749 -0.56807
vn 0.92081 0.37091 -0.12052
vn 0.43106 0.17363 -0.88546
vn -0.37364 0.92757 -0
vn 0.22199 0.08942 -0.97094
vn 0.22198 0.08942 -0.97094
vn 0.37367 -0.92756 1E-05
vn 0.43107 0.17364 -0.88545
vn 0.37363 -0.92758 -1E-05
vn -0.37363 0.92758 0
vn 0.76338 0.3075 0.56807
vn 0.76338 0.30749 0.56806
vn 0.37364 -0.92758 -0
vn -0.37364 0.92757 -0
vn 0.37364 -0.92758 0
vn 0.37364 -0.92758 -0
vn 0.8673 0.34936 0.3546
vn 0.8673 0.34935 0.35461
vn 0.92081 0.37091 0.12054
vn 0.37363 -0.92758 -1E-05
vn 0.37364 -0.92758 0
vn 0.37364 -0.92757 1E-05
vn 0.37364 -0.92758 0
vn 0.92081 0.37091 0.12054
vn -0.37364 0.92758 0
vn 0.37365 -0.92757 0
vn 0.37364 -0.92758 0
vn 0.37363 -0.92758 -0
vn 0.37364 -0.92757 0
vn 0.37363 -0.92758 -0
vn 0.37364 -0.92757 0
vn 0.37364 -0.92758 0
vn 0.37363 -0.92758 -0
vn 0.37364 -0.92757 0
vn 0.37364 -0.92757 -0
vn -0.37363 0.92758 0
vn -0.37364 0.92758 -0
vn -0.37363 0.92758 0
vn -0.37363 0.92758 0
vn -0.37363 0.92758 0
vn -0.37364 0.92757 -0
vn -0.37363 0.92758 0
vn -0.37364 0.92757 -0
vn -0.37364 0.92758 -0
vn -0.37364 0.92758 -0
vn -0.37364 0.92757 -0
vn -0.92081 -0.37091 0.12052
vn -0.76337 -0.3075 0.56807
vn -0.37364 0.92757 1E-05
vn -0.37364 0.92758 0
vn -0.37364 0.92757 -1E-05
vn -0.76337 -0.30749 0.56808
vn -0.37363 0.92758 1E-05
vn 0.22198 0.08941 0.97094
vn -0.6151 -0.24777 0.74851
vn 0 -0 1
vn -0.43107 -0.17364 0.88545
vn -0.22197 -0.08941 0.97095
vn -0.22197 -0.08941 0.97095
vn -0.43108 -0.17364 0.88545
vn 0.37364 -0.92758 -0
vn 0.37361 -0.92758 5E-05
vn 0.37364 -0.92758 0
vn 0.37363 -0.92758 0
vn 0.3736 -0.92759 2E-05
vn 0.37364 -0.92757 -0
vn 0.37364 -0.92758 -0
vn 0.37363 -0.92758 -1E-05
vn 0.37364 -0.92757 0
vn 0.37364 -0.92757 0
vn 0.37364 -0.92758 -0
vn 0.37364 -0.92758 -0
vn -0.37364 0.92758 -0
vn -0 -0 -1
vn 0.37364 -0.92758 0
vn -0.37364 0.92758 0
vn -0 -0 -1
vn 0.37363 -0.92758 1E-05
vn 0.37364 -0.92758 0
vn 0.37364 -0.92757 -1E-05
vn 0.37364 -0.92757 -2E-05
vn -0.37364 0.92758 0
vn 0.37363 -0.92758 1E-05
vn -0.37364 0.92758 -0
vn -0.37364 0.92758 -0
vn -0.37364 0.92758 -0
vn -0.37364 0.92758 -0
vn 0.37364 -0.92758 0
vn -0.37364 0.92758 -0
vn -0.37364 0.92758 -0
vn 0.37364 -0.92758 0
vn 0.37364 -0.92758 0
vn 0.43106 0.17364 0.88546
vn 0.76339 0.3075 0.56805
vn 0.6151 0.24777 0.74851
vn 0.92081 0.37091 0.12052
vn 0.37364 -0.92757 -0
vn -0.37364 0.92757 0
vn -0 0 -1
vn -0 -0 -1
vn 0 -0 -1
vn -0 -0 -1
vn -0 -0 -1
vn 0 0 -1
vn -0 0 -1
vn 0 0 -1
vn -0 0 -1
vn -0 -0 -1
vn -0 -0 -1
vn -0 -0 -1
vn -0 0 -1
vn -0 -0 -1
vn -0 0 -1
vn 0.04183 -0.10386 -0.99371
vn 0.1234 -0.30636 -0.94388
vn 0.1234 -0.30636 -0.94388
vn 0.19879 -0.4935 -0.84672
vn 0.2642 -0.6559 -0.70711
vn 0.2642 -0.65589 -0.70711
vn 0.37129 -0.92174 -0.11196
vn 0.19879 -0.4935 -0.84672
vn 0.37129 -0.92174 -0.11196
vn 0.35267 -0.87552 -0.33028
vn 0.35267 -0.87552 -0.33028
vn 0.31637 -0.7854 -0.53204
vn 0.31637 -0.7854 -0.53203
vn 0.92757 0.37364 -0
vn 0.92405 0.37221 0.08716
vn 0.92405 0.37221 0.08716
vn 0.37364 -0.92757 -1E-05
vn -0.37363 0.92758 -1E-05
vn -0.37364 0.92757 1E-05
vn -0.37364 0.92758 -1E-05
vn 0.37364 -0.92758 1E-05
vn 0.37364 -0.92758 0
vn -0.37364 0.92758 0
vn 0.37364 -0.92758 0
vn 0.37363 -0.92758 1E-05
vn -0.37363 0.92758 -1E-05
vn 0.37364 -0.92758 -0
vn -0.37364 0.92758 -0
vn 0.37364 -0.92757 -1E-05
vn -0.61508 -0.24776 -0.74852
vn -0.92081 -0.37091 -0.12055
vn -0.8673 -0.34935 -0.3546
vn -0.76339 -0.3075 -0.56806
vn -0.76339 -0.3075 -0.56805
vn -0.43106 -0.17363 -0.88546
vn -0.43107 -0.17364 -0.88546
vn 0.22199 0.08942 -0.97094
vn -0 -0 -1
vn -0.37363 0.92758 -0
vn 0.37364 -0.92757 0
vn 0.89597 0.36091 0.25882
vn 0.89597 0.3609 0.25882
vn 0.84067 0.33863 0.42262
vn 0.84067 0.33863 0.42261
vn -0.37364 0.92758 -0
vn 0.37365 -0.92757 1E-05
vn 0.37364 -0.92757 0
vn 0.37364 -0.92758 -0
vn -0.37364 0.92757 1E-05
vn -0.37364 0.92758 0
vn 0.37364 -0.92757 -1E-05
vn -0.37363 0.92758 -1E-05
vn 0.37364 -0.92758 0
vn 0.37364 -0.92757 -1E-05
vn -0.37364 0.92757 1E-05
vn 0.37363 -0.92758 1E-05
vn 0.8673 0.34935 -0.3546
vn 0.61511 0.24778 -0.7485
vn 0.76338 0.3075 -0.56806
vn 0.43107 0.17364 -0.88546
vn 0.8673 0.34935 -0.3546
vn 0.76336 0.30749 -0.56809
vn 0.92081 0.37091 -0.12055
vn 0.43106 0.17363 -0.88546
vn 0.61508 0.24776 -0.74852
vn 0.37364 -0.92757 1E-05
vn -0.37364 0.92757 -2E-05
vn 0.37364 -0.92758 0
vn 0.37364 -0.92757 1E-05
vn 0.37363 -0.92758 -2E-05
vn 0.37364 -0.92758 -0
vn -0.37364 0.92758 1E-05
vn 0.37364 -0.92758 -1E-05
vn 0.37363 -0.92758 -0
vn 0.37364 -0.92758 -0
vn 0.37364 -0.92757 0
vn 0.37364 -0.92757 0
vn 0.37363 -0.92758 -0
vn 0.37363 -0.92758 -0
vn -0.37364 0.92757 -0
vn -0.37364 0.92757 -0
vn -0.37364 0.92757 -0
vn -0.37364 0.92757 -0
vn -0.37363 0.92758 0
vn -0.37363 0.92758 0
vn -0.37364 0.92757 -0
vn -0.37364 0.92758 0
vn -0.37363 0.92758 1E-05
vn -0.37363 0.92758 1E-05
vn -0.92081 -0.37091 -0.12054
vn -0.86729 -0.34936 -0.35461
vn -0.8673 -0.34935 -0.3546
vn -0.76338 -0.3075 -0.56806
vn -0.76338 -0.3075 -0.56806
vn -0.37364 0.92758 0
vn 0.37363 -0.92758 0
vn 0.37364 -0.92757 -0
vn 0 0 1
vn -0.37363 0.92758 0
vn -0.76339 -0.30751 0.56805
vn -0.43108 -0.17364 0.88545
vn -0.61508 -0.24776 0.74853
vn -0.6151 -0.24777 0.7485
vn -0.76339 -0.30751 0.56805
vn -0.43105 -0.17363 0.88546
vn -0.92082 -0.37091 -0.12049
vn -0.92081 -0.37092 -0.12055
vn -0.92082 -0.37092 0.12049
vn -0.92081 -0.37091 0.12055
vn 0.6151 0.24777 0.7485
vn 0.61508 0.24776 0.74853
vn 0.43107 0.17364 0.88545
vn 0.43108 0.17364 0.88545
vn -0.6151 -0.24777 -0.74851
vn -0.61509 -0.24777 -0.74851
vn 0.37364 -0.92757 -1E-05
vn 0.37363 -0.92758 1E-05
vn 0.37364 -0.92758 0
vn 0.37364 -0.92757 -0
vn 0.37364 -0.92758 0
vn 0.37364 -0.92757 -1E-05
vn -0.37363 0.92758 -0
vn -0.37364 0.92758 -0
vn -0.37364 0.92757 0
vn -0.37364 0.92757 0
vn -0.37364 0.92758 -0
vn -0.37364 0.92757 1E-05
vn -0.37364 0.92757 1E-05
vn -0.37363 0.92758 -1E-05
vn 0.76339 0.30751 0.56805
vn 0.76336 0.30749 0.56809
vn 0.37363 -0.92758 1E-05
vn 0.92082 0.37091 0.12049
vn 0.92081 0.37092 0.12055
vn -0.37363 0.92758 -1E-05
vn 0.37364 -0.92758 0
vn 0.37364 -0.92757 -1E-05
vn 0.37364 -0.92758 0
vn -0.37364 0.92758 -0
vn -0.37364 0.92757 1E-05
vn -0.37364 0.92758 0
vn 0.37364 -0.92758 0
vn 0.75983 0.30606 0.57358
vn 0.75983 0.30606 0.57358
vn 0.37363 -0.92758 1E-05
vn -0.76339 -0.30751 -0.56805
vn 0.37364 -0.92757 -1E-05
vn -0.76339 -0.30751 -0.56805
vn -0.61507 -0.24776 -0.74853
vn 0.37364 -0.92757 -0
vn 0.37363 -0.92758 0
vn 0.37363 -0.92758 0
vn 0.37364 -0.92757 0
vn -0.37364 0.92757 0
vn -0.37363 0.92758 -0
vn -0.37364 0.92758 0
vn -0.37364 0.92757 0
vn -0.37363 0.92758 -0
vn -0.37363 0.92758 -1E-05
vn 0.6559 0.2642 0.7071
vn 0.53203 0.21431 0.81915
vn 0.53204 0.21431 0.81915
vn -0.37363 0.92758 -0
vn 0.37364 -0.92758 0
vn -0.43105 -0.17363 -0.88546
vn -0 -0 -1
vn -0.6151 -0.24777 -0.7485
vn -0.222 -0.08942 -0.97094
vn -0.22198 -0.08942 -0.97094
vn -0.43108 -0.17364 -0.88545
vn 0.6151 0.24777 -0.7485
vn 0.76339 0.30751 -0.56805
vn 0.43108 0.17364 -0.88545
vn 0.61508 0.24776 -0.74853
vn 0.43107 0.17364 -0.88545
vn 0.76336 0.30749 -0.56809
vn -0.37364 0.92757 0
vn 0.37364 -0.92757 -0
vn 0.37363 -0.92758 0
vn -0.37363 0.92758 -0
vn 0.37364 -0.92757 1E-05
vn 0.37364 -0.92758 -0
vn 0.37363 -0.92758 -1E-05
vn 0.37364 -0.92758 -0
vn 0.37363 -0.92758 -1E-05
vn -0.37363 0.92758 1E-05
vn -0.37364 0.92758 0
vn -0.37364 0.92757 -1E-05
vn -0.37364 0.92757 -1E-05
vn -0.37363 0.92758 1E-05
vn -0.37364 0.92757 -1E-05
vn -0.37364 0.92757 -1E-05
vn -0.37364 0.92758 0
vn -0.37363 0.92758 0
vn 0.39201 0.1579 0.90631
vn 0.39201 0.15791 0.90631
vn 0.37365 -0.92757 0
vn 0.37364 -0.92758 -0
vn 0.37364 -0.92757 -0
vn 0.37363 -0.92758 1E-05
vn 0.37364 -0.92758 0
vn 0.24007 0.0967 0.96593
vn -0.37364 0.92757 0
vn 0.24007 0.0967 0.96593
vn -0.37364 0.92758 -0
vn -0.37363 0.92758 -1E-05
vn -0.37364 0.92757 0
vn 0.37364 -0.92758 -0
vn -0.22198 -0.08942 -0.97094
vn 0.37364 -0.92758 0
vn 0.37364 -0.92758 0
vn -0.43107 -0.17364 -0.88546
vn -0.37364 0.92758 -0
vn -0.37364 0.92758 -0
vn -0.43106 -0.17363 -0.88546
vn 0.37364 -0.92757 -0
vn 0.37363 -0.92758 -0
vn 0.37363 -0.92758 0
vn 0.37364 -0.92757 0
vn 0.37364 -0.92757 -0
vn -0 -0 -1
vn 0.37365 -0.92757 -0
vn -0.37363 0.92758 -0
vn -0.37364 0.92757 -0
vn -0.37364 0.92758 0
vn -0 -0 -1
vn -0.37363 0.92758 -0
vn 0.43107 0.17364 -0.88546
vn 0.6151 0.24777 -0.74851
vn 0.6151 0.24777 -0.74851
vn 0.22198 0.08942 -0.97094
vn 0.22198 0.08942 -0.97094
vn 0.43106 0.17363 -0.88546
vn -0.37364 0.92758 -0
vn -0.37364 0.92757 -0
vn 0.37364 -0.92758 -0
vn -0.37364 0.92757 -0
vn 0.37364 -0.92758 -0
vn 0.37364 -0.92758 -0
vn -0.37364 0.92758 -0
vn -0.37363 0.92758 -0
vn 0.37364 -0.92758 -0
vn 0.37364 -0.92758 -0
vn -0.37363 0.92758 -1E-05
vn 0.92081 0.37091 -0.12053
vn 0.37363 -0.92758 1E-05
vn 0.37364 -0.92757 -1E-05
vn -0.37364 0.92758 -0
vn 0.92081 0.37091 -0.12054
vn 0.37364 -0.92758 -0
vn 0.37364 -0.92758 -0
vn -0.37364 0.92757 -1E-05
vn 0.76338 0.30749 -0.56807
vn 0.37364 -0.92758 -0
vn 0.76338 0.3075 -0.56806
vn -0.37364 0.92758 -0
vn 0.37364 -0.92758 0
vn 0.37364 -0.92758 0
vn 0.8673 0.34935 -0.35461
vn -0.37364 0.92758 0
vn 0.8673 0.34936 -0.3546
vn -0.92081 -0.37091 -0.12055
vn -0.92082 -0.37091 -0.12052
vn -0.8673 -0.34936 -0.3546
vn -0.37364 0.92757 1E-05
vn -0.8673 -0.34936 -0.3546
vn -0.6151 -0.24777 -0.74851
vn -0.43106 -0.17364 -0.88546
vn -0.43106 -0.17364 -0.88546
vn -0.22198 -0.08942 -0.97094
vn -0 0 -1
vn -0 0 -1
vn -0.22198 -0.08942 -0.97094
vn 0.22199 0.08942 -0.97094
vn 0.37364 -0.92757 0
vn 0.37364 -0.92758 -0
vn 0.37364 -0.92757 -0
vn 0.37363 -0.92758 0
vn 0.37364 -0.92757 -0
vn 0.37364 -0.92757 -0
vn 0.37363 -0.92758 0
vn 0.37363 -0.92758 0
vn 0.37364 -0.92758 -0
vn 0.37365 -0.92757 -0
vn -0.37363 0.92758 -0
vn -0.37364 0.92758 0
vn -0.37364 0.92757 0
vn -0.37364 0.92757 0
vn -0.37363 0.92758 -0
vn -0.37363 0.92758 -0
vn -0.37363 0.92758 -0
vn -0.37364 0.92757 0
vn -0.37363 0.92758 -0
vn -0.37364 0.92758 0
vn 0.37364 -0.92758 -0
vn 0.37364 -0.92758 -0
vn 0.37364 -0.92758 -0
vn 0.37364 -0.92758 0
vn 0.37364 -0.92757 0
vn 0.37364 -0.92757 0
vn 0.37364 -0.92758 -0
vn -0.61509 -0.24776 0.74852
vn 0.37363 -0.92758 -0
vn -0.43106 -0.17363 0.88546
vn 0.37363 -0.92758 -0
vn -0.37364 0.92757 -0
vn -0.37364 0.92757 -1E-05
vn -0.37364 0.92757 -1E-05
vn -0.37363 0.92758 1E-05
vn -0.37364 0.92758 0
vn -0.37364 0.92757 -0
vn -0.37363 0.92758 0
vn -0.37363 0.92758 0
vn -0.37364 0.92758 -0
vn -0.37363 0.92758 0
vn -0.92081 -0.37091 0.12052
vn -0.76339 -0.3075 0.56805
vn -0.76338 -0.30749 0.56807
vn -0.76338 -0.3075 -0.56807
vn -0.76339 -0.3075 -0.56805
vn 0.37367 -0.92756 -1E-05
vn -0.37363 0.92758 -0
vn 0.37363 -0.92758 1E-05
vn -0.37364 0.92757 0
vn 0.43108 0.17364 0.88545
vn 0.43106 0.17363 0.88546
vn 0.61509 0.24776 0.74852
vn 0.92081 0.37091 0.12052
vn 0.92081 0.37091 0.12052
vn 0.76338 0.30749 0.56807
vn 0.76339 0.3075 0.56805
vn 0.8673 0.34936 0.3546
vn 0.86729 0.34935 0.35463
vn 0.76338 0.30749 -0.56807
vn 0.76339 0.3075 -0.56805
vn 0 0 1
vn 0 -0 1
vn -0.8673 -0.34936 -0.3546
vn -0.8673 -0.34936 -0.3546
vn -0.92081 -0.37091 -0.12052
vn -0.43106 -0.17364 -0.88546
vn -0.43106 -0.17364 -0.88546
vn 0.43105 0.17363 -0.88546
vn -0 -0 -1
vn 0.6151 0.24777 -0.74851
vn 0.86729 0.34935 -0.35463
vn 0.92081 0.37091 -0.12052
vn 0.08084 0.03256 0.99619
vn -0.37364 0.92757 0
vn 0.37364 -0.92757 -0
vn 0.37364 -0.92758 -0
vn 0.37364 -0.92757 -0
vn -0.37363 0.92758 -0
vn -0.37364 0.92758 -0
vn -0.37363 0.92758 0
vn -0.37364 0.92757 -0
vn -0.37363 0.92758 0
vn -0.37364 0.92757 0
vn -0.37364 0.92758 0
vn 0.37364 -0.92758 -0
vn 0.37364 -0.92757 -0
vn 0.37363 -0.92758 -0
vn 0.37363 -0.92758 -0
vn 0.37364 -0.92757 0
vn 0.37364 -0.92758 0
vn 0.37364 -0.92758 -0
vn 0.37364 -0.92758 0
vn 0.37364 -0.92758 0
vn 0.37364 -0.92758 0
vn 0.37364 -0.92758 0
vn 0.37364 -0.92757 -0
vn 0.37364 -0.92758 -0
vn 0.37364 -0.92758 0
vn 0.37363 -0.92758 0
vn 0.37364 -0.92758 -0
vn -0.37363 0.92758 -1E-05
vn -0.37364 0.92758 -0
vn -0.37364 0.92757 1E-05
vn -0.37364 0.92758 -0
vn -0.37364 0.92758 -0
vn -0.37364 0.92758 0
vn -0.37364 0.92757 1E-05
vn -0.37364 0.92758 -0
vn -0.37364 0.92757 0
vn -0.37364 0.92757 1E-05
vn -0.37364 0.92757 0
vn -0.37363 0.92758 -0
vn 0.37364 -0.92757 -1E-05
vn -0.37363 0.92758 -0
vn -0.37364 0.92757 0
vn 0.37363 -0.92758 0
vn 0.37364 -0.92758 -0
vn -0.61509 -0.24776 -0.74852
vn -0.43106 -0.17363 -0.88546
vn 0.61509 0.24776 -0.74852
vn 0.43108 0.17364 -0.88545
vn 0.43106 0.17363 -0.88546
vn -0.37364 0.92758 0
vn 0.37364 -0.92758 -0
vn -0.37364 0.92758 0
vn -0.37364 0.92758 0
vn 0.37364 -0.92758 -0
vn 0.37364 -0.92757 0
vn 0.37364 -0.92758 -0
vn 0.37364 -0.92758 -0
vn -0.37364 0.92758 0
vn -0.37364 0.92757 -0
vn -0.37364 0.92758 -0
vn -0.37364 0.92758 0
vn 0.37363 -0.92758 -1E-05
vn 0.37364 -0.92757 2E-05
vn -0.37364 0.92758 0
vn 0.37364 -0.92757 1E-05
vn -0.37364 0.92758 -0
vn -0.37364 0.92758 0
vn 0.37364 -0.92758 -0
vn 0.37363 -0.92758 -1E-05
vn -0.37364 0.92758 0
vn 0.37364 -0.92758 -0
vn 0 0 1
vn 0 0 1
vn 0.04631 -0.99893 -0
vn -0.17714 -0.98419 0
vn -0.17714 -0.98419 0
vn 0.26744 -0.96358 -0
vn 0.04631 -0.99893 -0
vn 0.26744 -0.96358 -0
vn -0.39167 -0.9201 0
vn -0.58663 -0.80985 0
vn -0.87991 -0.47514 0
vn -0.75212 -0.65903 0
vn -0.39167 -0.9201 0
vn -0.75212 -0.65903 0
vn -0.87991 -0.47514 0
vn -0.58663 -0.80985 0
vn -0.26744 0.96358 0
vn -0.04631 0.99893 0
vn -0.04631 0.99893 0
vn 0.17714 0.98419 -0
vn -0.26744 0.96358 0
vn 0.17714 0.98419 -0
vn 0.39169 0.9201 -0
vn 0.8799 0.47516 -0
vn 0.39169 0.9201 -0
vn 0.58662 0.80986 -0
vn 0.58662 0.80986 -0
vn 0.75212 0.65903 -0
vn 0.75212 0.65903 -0
vn 0.8799 0.47516 -0
vn -0.92758 -0.37364 0
vn -0.92758 -0.37364 0
vn -0 0 1
vn -0 0 1
vn 0 -0 1
vn 0 0 1
vn 0 -0 1
vn 0 0 1
vn 0 0 1
vn 0 0 1
vn 0 0 1
vn 0 -0 1
vn 0 0 1
vn 0 -0 1
vn 0.92758 0.37364 -0
vn 0.92758 0.37364 -0
vn 0.92758 0.37364 -0
vn 0.92758 0.37364 -0
vn 0.92758 0.37364 -0
vn 0.92757 0.37364 -0
vn 0.92758 0.37364 -0
vn 0 0 1
vn 0.04183 -0.10386 0.99371
vn 0.12341 -0.30636 0.94388
vn 0.19879 -0.4935 0.84672
vn 0.19879 -0.4935 0.84672
vn 0.2642 -0.65589 0.70711
vn 0.2642 -0.65589 0.70711
vn 0.1234 -0.30636 0.94388
vn 0.31637 -0.7854 0.53204
vn 0.37129 -0.92174 0.11196
vn 0.37129 -0.92174 0.11196
vn 0.35267 -0.87552 0.33028
vn 0.35267 -0.87552 0.33028
vn 0.31637 -0.7854 0.53203
vn 0.37364 -0.92758 -0
vn 0.37364 -0.92758 -0
vn 0.37364 -0.92757 1E-05
vn 0.3736 -0.92759 -2E-05
vn 0.37363 -0.92758 -0
vn 0.37361 -0.92758 -5E-05
vn 0.37364 -0.92758 0
vn 0.37364 -0.92758 0
vn 0.37363 -0.92758 1E-05
vn 0.37364 -0.92757 -0
vn 0.37364 -0.92757 -0
vn 0.37364 -0.92758 0
vn 0.75982 0.30607 -0.57358
vn 0.37364 -0.92757 1E-05
vn 0.6559 0.2642 -0.70711
vn 0.37364 -0.92758 -0
vn 0.37363 -0.92758 -0
vn 0.37364 -0.92757 0
vn -0.37364 0.92757 -0
vn -0.37364 0.92758 0
vn -0.37363 0.92758 0
vn -0.37364 0.92758 -0
vn 0.39201 0.1579 -0.90631
vn 0.39201 0.15791 -0.90631
vn 0.53204 0.21431 -0.81915
vn 0.53203 0.21431 -0.81915
vn 0.37364 -0.92758 -0
vn 0.37364 -0.92758 -0
vn 0.37364 -0.92757 0
vn 0.37363 -0.92758 -0
vn 0.37364 -0.92758 -0
vn 0.37363 -0.92758 -0
vn 0.37363 -0.92758 -0
vn -0.37364 0.92758 -0
vn -0.37363 0.92758 0
vn -0.37364 0.92757 -0
vn -0.37363 0.92758 0
vn -0.37364 0.92757 -0
vn -0.37364 0.92758 -0
vn -0.61509 -0.24777 0.74851
vn -0.22199 -0.08942 0.97094
vn -0.43107 -0.17364 0.88545
vn -0.43106 -0.17363 0.88546
vn 0 -0 1
vn 0.22199 0.08942 0.97094
vn 0.43107 0.17364 0.88545
vn 0.22198 0.08942 0.97094
vn -0.22198 -0.08942 0.97094
vn -0.37364 0.92758 0
vn 0.24007 0.0967 -0.96593
vn 0.24007 0.0967 -0.96593
vn -0.37364 0.92757 -0
vn 0.37364 -0.92758 -0
vn -0.37363 0.92758 0
vn 0.37364 -0.92757 0
vn 0.37363 -0.92758 -0
vn 0.37363 -0.92758 -0
vn 0.37364 -0.92758 -0
vn 0.37364 -0.92757 -0
vn 0.37364 -0.92758 -0
vn -0.37363 0.92758 0
vn -0.37364 0.92758 0
vn 0.08084 0.03256 -0.99619
vn -0.37364 0.92758 0
vn -0.37363 0.92758 -0
vn -0.37364 0.92758 0
vn 0.37364 -0.92757 -0
vn -0.37364 0.92758 0
vn 0.37364 -0.92758 -0
vn 0.61509 0.24777 0.74851
vn 0.61509 0.24777 0.74851
vn 0.43106 0.17363 0.88546
vn 0.37364 -0.92757 -0
vn 0.37363 -0.92758 1E-05
vn 0.37364 -0.92757 -1E-05
vn 0.37363 -0.92758 1E-05
vn 0.37364 -0.92757 -0
vn 0.37363 -0.92758 1E-05
vn 0.37364 -0.92758 0
vn -0.37363 0.92758 -0
vn -0.37364 0.92757 1E-05
vn -0.37364 0.92758 -0
vn -0.37364 0.92757 0
vn -0.37363 0.92758 -0
vn -0.37363 0.92758 -0
vn -0.76339 -0.3075 0.56805
vn -0.61509 -0.24777 0.74851
vn -0.43106 -0.17363 0.88546
vn -0.22199 -0.08942 0.97094
vn 0 -0 1
vn -0.76339 -0.3075 0.56805
vn -0.92081 -0.37091 0.12052
vn -0.86729 -0.34935 0.35462
vn -0.92081 -0.37091 0.12052
vn -0.37364 0.92757 1E-05
vn -0.92081 -0.37091 -0.12052
vn -0.86729 -0.34935 -0.35462
vn -0.92081 -0.37091 -0.12052
vn -0.22198 -0.08942 -0.97094
vn -0.43106 -0.17364 -0.88546
vn -0.43106 -0.17364 -0.88546
vn -0.76339 -0.3075 -0.56805
vn -0.61509 -0.24777 -0.74851
vn -0.76339 -0.3075 -0.56805
vn -0 0 -1
vn 0.37364 -0.92758 0
vn 0.84067 0.33863 -0.42262
vn 0.84067 0.33863 -0.42262
vn 0.89597 0.3609 -0.25882
vn -0.37364 0.92758 0
vn -0.37364 0.92758 0
vn 0.37364 -0.92757 1E-05
vn 0.37364 -0.92758 -1E-05
vn 0.37364 -0.92758 1E-05
vn -0.37364 0.92758 -1E-05
vn -0.37364 0.92758 1E-05
vn -0.76338 -0.3075 0.56807
vn -0.8673 -0.34935 0.3546
vn -0.86729 -0.34935 0.35462
vn -0.76339 -0.3075 0.56805
vn -0.76338 -0.3075 -0.56807
vn -0.86729 -0.34935 -0.35462
vn -0.8673 -0.34935 -0.3546
vn -0.76339 -0.3075 -0.56805
vn -0.61509 -0.24777 -0.74851
vn -0.92081 -0.37091 -0.12052
vn 0.37364 -0.92758 -0
vn -0.37363 0.92758 0
vn 0.37363 -0.92758 -0
vn 0.37364 -0.92758 -0
vn -0.37364 0.92758 -0
vn 0.92405 0.37222 -0.08716
vn 0.92405 0.37221 -0.08716
vn 0.37363 -0.92758 -0
vn -0.37364 0.92757 -1E-05
vn 0.37364 -0.92758 -0
vn -0.37364 0.92758 -0
vn -0.37364 0.92758 -1E-05
vn 0.37364 -0.92758 -0
vn 0.37364 -0.92758 1E-05
vn 0.37364 -0.92757 0
vn -0.37363 0.92758 1E-05
vn -0.37364 0.92758 -0
vn 0.37364 -0.92757 -0
vn -0.37364 0.92758 -0
vn 0.37363 -0.92758 0
vn 0.37364 -0.92757 -0
vn 0.37364 -0.92758 0
vn 0.37364 -0.92757 -0
vn 0.37363 -0.92758 0
vn 0.37363 -0.92758 0
vn 0.37364 -0.92757 -0
vn -0.37364 0.92758 0
vn -0.37364 0.92758 0
vn -0.37364 0.92757 0
vn -0.37363 0.92758 -0
vn -0.37364 0.92757 0
vn -0.37363 0.92758 -0
vn -0.37364 0.92757 0
vn -0.37363 0.92758 -0
vn -0.22198 -0.08941 0.97094
vn -0.76339 -0.3075 0.56805
vn -0.6151 -0.24777 0.74851
vn -0.76339 -0.3075 0.56805
vn -0.43106 -0.17364 0.88546
vn -0.43106 -0.17364 0.88546
vn -0.86729 -0.34935 0.35462
vn -0.92081 -0.37091 0.12052
vn 0.43108 0.17364 0.88545
vn 0.76337 0.30749 0.56807
vn 0.6151 0.24777 0.74851
vn 0.22197 0.08941 0.97095
vn 0 -0 1
vn 0.92081 0.37091 0.12052
vn 0.92081 0.37091 0.12055
vn 0.8673 0.34936 0.3546
vn 0.76339 0.3075 0.56805
vn 0.92081 0.37091 0.12052
vn 0.86729 0.34935 0.35462
vn 0.76338 0.3075 0.56807
vn 0.92081 0.37091 -0.12052
vn 0.76339 0.3075 -0.56805
vn 0.76338 0.3075 -0.56807
vn 0.8673 0.34935 -0.3546
vn 0.86729 0.34935 -0.35462
vn 0.37363 -0.92758 -1E-05
vn -0.43107 -0.17364 -0.88545
vn -0.22199 -0.08942 -0.97094
vn -0.22198 -0.08942 -0.97094
vn -0.43106 -0.17363 -0.88546
vn -0 0 -1
vn 0.61509 0.24777 -0.74851
vn 0.22199 0.08942 -0.97094
vn 0.22198 0.08942 -0.97094
vn 0.43106 0.17363 -0.88546
vn 0.43107 0.17364 -0.88545
vn 0.61509 0.24777 -0.74851
vn 0.37363 -0.92758 -0
vn 0.37363 -0.92758 -0
vn 0.37364 -0.92757 0
vn 0.37364 -0.92758 -0
vn 0.37364 -0.92757 1E-05
vn 0.37364 -0.92757 0
vn 0.37363 -0.92758 -0
vn 0.37364 -0.92757 0
vn 0.37364 -0.92758 0
vn 0.37364 -0.92758 -0
vn -0.37364 0.92758 0
vn -0.37364 0.92757 -1E-05
vn -0.37363 0.92758 0
vn -0.37364 0.92757 -0
vn -0.37364 0.92757 -1E-05
vn -0.37363 0.92758 0
vn -0.37364 0.92758 -0
vn -0.37363 0.92758 0
vn -0.37363 0.92758 0
vn -0.43106 -0.17364 0.88546
vn -0.37364 0.92758 -0
vn -0.6151 -0.24777 0.74851
vn -0.6151 -0.24777 0.74851
vn -0.37364 0.92758 -0
vn 0.37364 -0.92758 0
vn -0.37363 0.92758 1E-05
vn 0.37364 -0.92758 0
vn -0.37364 0.92758 -0
vn -0.22199 -0.08942 0.97094
vn 0.37363 -0.92758 -0
vn 0.37364 -0.92757 -0
vn 0.37364 -0.92757 0
vn -0.37363 0.92758 0
vn -0.37364 0.92757 -0
vn 0.37364 -0.92758 0
vn -0.76338 -0.3075 0.56806
vn -0.8673 -0.34936 0.35461
vn -0.76338 -0.3075 0.56806
vn -0.37364 0.92758 0
vn -0.8673 -0.34935 0.3546
vn 0.37364 -0.92758 -0
vn -0.37364 0.92758 0
vn 0.37364 -0.92758 0
vn -0.37364 0.92758 -0
vn 0.37364 -0.92758 -0
vn -0.92081 -0.37091 0.12054
vn 0.37364 -0.92758 -0
vn 0.37364 -0.92758 0
vn -0.37364 0.92757 0
vn -0.37364 0.92758 -0
vn -0.92081 -0.37091 0.12054
vn 0.37364 -0.92758 -0
vn 0.37364 -0.92758 0
vn -0.37364 0.92758 0
vn -0.37364 0.92758 0
vn 0.37364 -0.92758 -0
vn 0.37364 -0.92757 0
vn -0.37364 0.92758 0
vn 0.37363 -0.92758 -0
vn -0.37363 0.92758 0
vn -0.37364 0.92757 0
vn -0.37364 0.92758 0
vn -0.37364 0.92757 0
vn 0.43107 0.17364 0.88545
vn 0.61509 0.24777 0.74851
vn 0.37364 -0.92758 -0
vn 0.37364 -0.92757 0
vn -0.37364 0.92758 0
vn 0.37363 -0.92758 -0
vn 0.76338 0.3075 0.56807
vn 0.92081 0.37091 0.12055
vn 0.8673 0.34936 0.3546
vn 0.92081 0.37091 0.12052
vn 0.8673 0.34936 0.3546
vn 0.92081 0.37091 -0.12055
vn 0.92082 0.37091 -0.12052
vn 0.22198 0.08941 -0.97094
vn -0 0 -1
vn 0.43108 0.17364 -0.88545
vn 0.76337 0.30749 -0.56807
vn 0.8673 0.34936 -0.3546
vn 0.8673 0.34936 -0.35459
vn 0.37364 -0.92757 1E-05
vn 0.37364 -0.92758 -0
vn 0.37364 -0.92757 1E-05
vn 0.37363 -0.92758 -1E-05
vn 0.37364 -0.92757 0
vn 0.37364 -0.92757 0
vn 0.37363 -0.92758 -0
vn 0.37363 -0.92758 -1E-05
vn 0.37364 -0.92758 -0
vn 0.37364 -0.92757 0
vn -0.37364 0.92758 0
vn -0.37363 0.92758 0
vn -0.37363 0.92758 0
vn 0.37363 -0.92758 -0
vn -0.37363 0.92758 1E-05
vn -0.37363 0.92758 0
vn -0.37364 0.92757 -1E-05
vn -0.37364 0.92757 -1E-05
vn -0.37364 0.92758 0
vn -0.37364 0.92758 -0
vn -0.37364 0.92758 0
vn -0.37363 0.92758 0
vn -0.37364 0.92757 -0
vn -0.37364 0.92757 -1E-05
vn -0.61511 -0.24777 0.7485
vn -0.61509 -0.24777 0.74851
vn 0.43107 0.17364 0.88545
vn 0 0 1
vn 0.37364 -0.92758 0
vn -0 -0 -1
vn -0 0 -1
vn -0.37364 0.92758 0
vn 0 -0 1
vn 0.37364 -0.92758 0
vn 0.37364 -0.92758 0
vn 0.37363 -0.92758 -0
vn 0.37364 -0.92757 -0
vn -0.37364 0.92758 0
vn -0.37364 0.92757 0
vn -0.37364 0.92757 0
vn -0.37363 0.92758 0
vn -0.37364 0.92758 -0
vn 0.43107 0.17364 0.88546
vn 0.43106 0.17363 0.88546
vn 0.22198 0.08942 0.97094
vn -0.37364 0.92758 -0
vn -0.37364 0.92757 1E-05
vn -0.37364 0.92757 0
vn -0.37363 0.92758 -0
vn -0.37363 0.92758 -1E-05
vn 0.37364 -0.92758 0
vn 0.37364 -0.92757 -1E-05
vn 0.37364 -0.92758 0
vn 0.37364 -0.92757 -0
vn -0.37364 0.92758 -0
vn 0.37363 -0.92758 1E-05
vn 0.6151 0.24777 0.74851
vn 0.37363 -0.92758 0
vn 0.37364 -0.92757 -1E-05
vn 0.6151 0.24777 0.74851
vn 0.37364 -0.92757 -0
vn 0.37364 -0.92758 0
vn 0.37363 -0.92758 0
vn -0.37364 0.92757 1E-05
vn -0.37364 0.92758 -0
vn -0.37363 0.92758 -0
vn 0.8673 0.34936 0.3546
vn 0.92081 0.37091 0.12054
vn 0.76338 0.3075 0.56807
vn 0.76338 0.3075 0.56807
vn -0.76338 -0.3075 0.56807
vn -0.92082 -0.37091 0.12052
vn -0.92081 -0.37091 0.12055
vn -0.92081 -0.37091 -0.12055
vn -0.76338 -0.3075 -0.56807
vn -0.43106 -0.17363 -0.88546
vn -0.61511 -0.24777 -0.7485
vn -0.61509 -0.24777 -0.74851
vn 0.43107 0.17364 -0.88545
vn -0 -0 -1
vn 0.37363 -0.92758 0
vn 0.37364 -0.92757 -0
vn -0.37364 0.92757 0
vn -0.37363 0.92758 -0
vn -0.37364 0.92758 -0
vn -0.37363 0.92758 -0
vn 0.92081 0.37091 0.12055
vn 0.76338 0.3075 0.56807
vn 0.76338 0.3075 -0.56807
vn 0.8673 0.34936 -0.3546
vn 0.92081 0.37091 -0.12055
vn -0.37364 0.92757 -0
vn 0.37363 -0.92758 -0
vn -0.37363 0.92758 0
vn 0.37364 -0.92757 0
vn 0.37364 -0.92757 0
vn 0.37363 -0.92758 -0
vn -0.37364 0.92758 -0
vn 0.37364 -0.92758 0
vn 0.37363 -0.92758 -0
vn -0.37363 0.92758 0
vn 0.37364 -0.92758 1E-05
vn 0.37364 -0.92758 -0
vn 0.37364 -0.92758 -0
vn 0.37364 -0.92758 0
vn 0.37364 -0.92758 -1E-05
vn 0.37364 -0.92758 -0
vn -0.37363 0.92758 0
vn -0.37364 0.92758 -0
vn 0.92081 0.37091 0.12054
vn -0.37364 0.92758 -0
vn -0.37364 0.92757 -1E-05
vn -0.37364 0.92758 0
vn -0.37364 0.92758 0
vn 0.37364 -0.92758 -0
vn 0.37363 -0.92758 -0
vn 0.37363 -0.92758 -0
vn 0.37363 -0.92758 -0
vn 0.37364 -0.92757 0
vn 0.37364 -0.92757 0
vn 0.37364 -0.92758 -0
vn -0.37363 0.92758 0
vn -0.37363 0.92758 0
vn -0.37364 0.92757 -0
vn -0.37363 0.92758 0
vn -0.37364 0.92758 0
vn -0.37364 0.92757 -0
vn -0.37363 0.92758 0
vn -0.37364 0.92757 -0
vn -0.92081 -0.37091 0.12052
vn 0.22197 0.08941 0.97095
vn 0.43108 0.17364 0.88545
vn 0.76337 0.30749 0.56807
vn 0 0 1
vn 0.76337 0.30749 0.56807
vn 0.92082 0.37091 0.12052
vn 0.92081 0.37091 0.12055
vn 0.92405 0.37221 0.08716
vn 0.92404 0.37222 0.08716
vn -0.37364 0.92758 0
vn -0.37364 0.92758 1E-05
vn -0.37363 0.92758 -1E-05
vn -0.37364 0.92757 1E-05
vn 0.37364 -0.92757 -0
vn 0.37363 -0.92758 0
vn 0.37364 -0.92758 -1E-05
vn 0.37364 -0.92758 0
vn 0.37364 -0.92758 0
vn 0.37363 -0.92758 0
vn -0.37363 0.92758 -0
vn -0.37364 0.92758 0
vn -0.37364 0.92758 0
vn 0.37364 -0.92758 0
vn -0.86729 -0.34935 -0.35462
vn -0.92081 -0.37091 -0.12052
vn -0.43105 -0.17363 -0.88546
vn -0.76339 -0.3075 -0.56805
vn -0.22199 -0.08942 -0.97094
vn -0.6151 -0.24777 -0.74851
vn -0.76339 -0.3075 -0.56805
vn -0.43105 -0.17363 -0.88546
vn 0.92082 0.37091 -0.12052
vn 0.92081 0.37091 -0.12055
vn 0.43106 0.17364 -0.88546
vn 0.6151 0.24777 -0.74851
vn -0.37364 0.92758 0
vn 0.37364 -0.92758 0
vn 0.37364 -0.92757 0
vn 0.37363 -0.92758 -0
vn 0.37364 -0.92757 0
vn 0.37363 -0.92758 -0
vn 0.37364 -0.92758 -0
vn 0.37363 -0.92758 -0
vn 0.37364 -0.92757 0
vn 0.37364 -0.92757 0
vn -0.37364 0.92757 -0
vn -0.37364 0.92757 -0
vn -0.37363 0.92758 0
vn -0.37364 0.92757 -0
vn -0.37363 0.92758 0
vn -0.37364 0.92758 -0
vn -0.37364 0.92758 -0
vn 0.84067 0.33863 0.42262
vn 0.37364 -0.92758 -0
vn 0.84067 0.33863 0.42262
vn 0.89597 0.3609 0.25882
vn -0.37364 0.92758 -0
vn -0.37364 0.92758 1E-05
vn -0.37364 0.92758 -0
vn 0.37364 -0.92757 -1E-05
vn 0.37364 -0.92758 1E-05
vn 0.37364 -0.92758 -1E-05
vn -0.37364 0.92758 -1E-05
vn -0.76339 -0.3075 0.56805
vn -0.61509 -0.24776 0.74852
vn -0.76338 -0.3075 0.56807
vn -0.76339 -0.3075 -0.56805
vn -0.76338 -0.3075 -0.56807
vn 0.37364 -0.92758 -0
vn 0.37364 -0.92758 0
vn 0.37364 -0.92758 -0
vn 0.37364 -0.92758 0
vn 0.37364 -0.92758 0
vn 0.37364 -0.92758 0
vn -0.37364 0.92758 -0
vn -0.37364 0.92758 -0
vn -0.37364 0.92758 0
vn -0.37364 0.92757 -0
vn -0.37364 0.92758 -0
vn -0.37364 0.92758 -0
vn -0.37364 0.92758 0
vn -0.37363 0.92758 0
vn 0.37364 -0.92758 -0
vn -0.76338 -0.3075 -0.56806
vn -0.76338 -0.3075 -0.56806
vn -0.8673 -0.34935 -0.3546
vn -0.8673 -0.34936 -0.35461
vn -0.92081 -0.37091 -0.12054
vn -0.92081 -0.37091 -0.12054
vn 0.37363 -0.92758 0
vn 0.37363 -0.92758 0
vn -0.43108 -0.17364 0.88545
vn 0.43108 0.17364 0.88545
vn 0.22198 0.08942 0.97094
vn 0.22199 0.08942 0.97094
vn 0.61509 0.24776 0.74852
vn 0.43106 0.17363 0.88546
vn 0.61509 0.24776 0.74852
vn 0.37364 -0.92758 -0
vn 0.37364 -0.92757 -0
vn 0.37364 -0.92757 -0
vn 0.37364 -0.92757 -1E-05
vn 0.37364 -0.92758 0
vn 0.37363 -0.92758 0
vn 0.37364 -0.92758 0
vn -0.37363 0.92758 -0
vn -0.37364 0.92757 1E-05
vn -0.37363 0.92758 -0
vn -0.37364 0.92758 -0
vn -0.37363 0.92758 -0
vn -0.37364 0.92757 0
vn -0.37364 0.92758 0
vn 0.76339 0.3075 0.56805
vn 0.92081 0.37091 0.12052
vn 0.76338 0.3075 0.56807
vn 0.76338 0.3075 -0.56807
vn 0.76339 0.3075 -0.56805
vn 0.37363 -0.92758 1E-05
vn -0.37363 0.92758 -1E-05
vn -0.43106 -0.17364 -0.88546
vn -0.37364 0.92758 0
vn -0.6151 -0.24777 -0.74851
vn -0.6151 -0.24777 -0.74851
vn 0.37364 -0.92758 -0
vn -0.37364 0.92758 0
vn 0.37364 -0.92758 -0
vn 0.37364 -0.92758 -0
vn 0.37363 -0.92758 -0
vn -0 0 -1
vn 0.37364 -0.92757 0
vn 0.37363 -0.92758 0
vn 0.37364 -0.92757 -0
vn -0.22198 -0.08942 -0.97094
vn -0.37364 0.92758 0
vn -0.37363 0.92758 -0
vn 0.6559 0.2642 0.7071
vn 0.75982 0.30607 0.57358
vn -0.37364 0.92758 -0
vn 0.37364 -0.92757 -0
vn 0.37364 -0.92757 -1E-05
vn 0.37363 -0.92758 0
vn 0.37364 -0.92758 0
vn -0.37363 0.92758 -0
vn -0.37364 0.92757 0
vn -0.43108 -0.17364 -0.88545
vn -0.61509 -0.24776 -0.74852
vn 0.37363 -0.92758 0
vn 0.37364 -0.92758 0
vn 0.37363 -0.92758 0
vn 0.37363 -0.92758 0
vn 0.37364 -0.92757 -0
vn 0.37364 -0.92758 0
vn -0.37364 0.92758 0
vn -0.37364 0.92757 0
vn -0.37363 0.92758 -0
vn -0.37364 0.92758 0
vn -0.37364 0.92757 0
vn -0.37363 0.92758 -0
vn -0.37364 0.92758 0
vn 0.53204 0.21431 0.81915
vn 0.53203 0.21431 0.81915
vn 0.39201 0.1579 0.90631
vn 0.37364 -0.92758 0
vn 0.43106 0.17364 -0.88546
vn 0.43108 0.17364 -0.88545
vn 0.61509 0.24776 -0.74852
vn 0.61509 0.24776 -0.74852
vn 0.37364 -0.92757 1E-05
vn 0.37364 -0.92757 0
vn -0.37364 0.92758 0
vn 0.37363 -0.92758 -1E-05
vn 0.37364 -0.92758 -0
vn 0.37363 -0.92758 -1E-05
vn 0.37363 -0.92758 -1E-05
vn -0.37363 0.92758 0
vn 0.37364 -0.92757 0
vn 0.37364 -0.92757 0
vn 0.37364 -0.92758 0
vn -0.37364 0.92758 -0
vn -0.37364 0.92758 -0
vn -0.37363 0.92758 0
vn -0.37363 0.92758 0
vn -0.37364 0.92757 -1E-05
vn -0.37364 0.92757 -1E-05
vn -0.37364 0.92757 -0
vn -0.92081 -0.37091 -0.12052
vn -0.86729 -0.34935 -0.35462
vn -0.92081 -0.37091 -0.12052
vn 0.37364 -0.92758 0
vn 0.39201 0.15791 0.90631
vn 0.24007 0.0967 0.96593
vn 0.37363 -0.92758 0
vn 0.37364 -0.92757 -0
vn 0.24007 0.0967 0.96593
vn 0.37364 -0.92758 0
vn 0.37363 -0.92758 0
vn 0.37364 -0.92758 0
vn 0.37364 -0.92757 0
vn -0.37364 0.92758 -0
vn -0.37363 0.92758 -0
vn -0.37364 0.92757 0
vn -0.37364 0.92758 -0
vn -0.37363 0.92758 -0
vn -0.37364 0.92758 -0
vn 0.08084 0.03256 0.99619
vn 0.92081 0.37091 -0.12054
vn 0.8673 0.34936 -0.3546
vn 0.76338 0.3075 -0.56807
vn 0.76338 0.3075 -0.56807
vn 0.22198 0.08942 -0.97094
vn 0.37363 -0.92758 0
vn 0.37364 -0.92758 -0
vn 0.43106 0.17364 -0.88546
vn 0.37364 -0.92757 0
vn 0.37364 -0.92758 -0
vn -0.37364 0.92758 0
vn -0.37364 0.92757 -0
vn -0.37364 0.92758 0
vn -0.37364 0.92758 -0
vn -0.37363 0.92758 -0
vn -0.37364 0.92757 -0
vn -0.37364 0.92758 0
vn 0.43107 0.17364 -0.88546
vn 0.6151 0.24777 -0.74851
vn 0.6151 0.24777 -0.74851
vn 0.37364 -0.92757 1E-05
vn 0.37364 -0.92758 -0
vn -0.37364 0.92758 0
vn -0.37363 0.92758 0
vn -0.37364 0.92757 -1E-05
vn 0.37363 -0.92758 -0
vn 0.37363 -0.92758 -0
vn 0.37364 -0.92757 0
vn 0.37364 -0.92757 1E-05
vn 0.37364 -0.92758 -0
vn 0.37363 -0.92758 -1E-05
vn 0.37364 -0.92758 -0
vn -0.37364 0.92758 0
vn -0.37363 0.92758 1E-05
vn -0.37364 0.92757 -0
vn 0.37364 -0.92758 -1E-05
vn 0.37364 -0.92758 -0
vn 0.37364 -0.92758 0
vn 0.37364 -0.92758 0
vn 0.37364 -0.92758 1E-05
vn 0.37364 -0.92758 0
vn -0.37363 0.92758 -0
vn -0.37364 0.92757 1E-05
vn -0.37364 0.92758 0
vn -0.37364 0.92758 -0
vn -0.37364 0.92758 0
vn 0.92081 0.37091 -0.12054
vn -0.37364 0.92758 -0
vn -0.37364 0.92758 0
vn 0.37364 -0.92758 -0
vn 0.37363 -0.92758 0
vn 0.37363 -0.92758 0
vn 0.37364 -0.92757 -0
vn -0.37363 0.92758 -0
vn -0.92081 -0.37091 -0.12052
vn -0.43105 -0.17363 -0.88546
vn -0.43105 -0.17363 -0.88546
vn 0.92082 0.37091 -0.12052
vn 0.92081 0.37091 -0.12055
vn 0.8673 0.34936 -0.3546
vn 0.43106 0.17364 -0.88546
vn 0.76337 0.30749 -0.56807
vn -0 -0 -1
vn 0.43106 0.17364 -0.88546
vn 0.22198 0.08942 -0.97094
vn 0.37364 -0.92757 -0
vn 0.37364 -0.92758 0
vn 0.37364 -0.92758 0
vn 0.37363 -0.92758 0
vn 0.37363 -0.92758 0
vn 0.37363 -0.92758 0
vn 0.37364 -0.92757 -0
vn -0.37364 0.92757 0
vn -0.37364 0.92757 0
vn -0.37363 0.92758 -0
vn -0.37363 0.92758 -0
vn -0.37364 0.92757 0
vn -0.37363 0.92758 -0
vn -0.37364 0.92758 -0
vn 0.37363 -0.92758 -0
vn 0.37364 -0.92757 0
vn -0.61509 -0.24776 0.74852
vn -0.6151 -0.24777 0.7485
vn -0.37363 0.92758 0
vn -0.37364 0.92758 0
vn -0.37364 0.92757 -0
vn -0.37363 0.92758 0
vn -0.92081 -0.37091 0.12055
vn -0.92082 -0.37091 0.12052
vn -0.76338 -0.3075 0.56807
vn -0.76338 -0.3075 -0.56807
vn 0.37364 -0.92757 -0
vn -0.37364 0.92757 0
vn 0.37363 -0.92758 0
vn -0.37363 0.92758 -0
vn 0.76338 0.3075 0.56807
vn 0.61509 0.24776 0.74852
vn 0.92081 0.37091 0.12055
vn 0.76338 0.3075 -0.56807
vn 0.8673 0.34936 -0.3546
vn 0.37364 -0.92758 0
vn 0.37364 -0.92758 0
vn 0.37363 -0.92758 1E-05
vn 0.37364 -0.92757 -0
vn -0.37364 0.92758 -0
vn -0.37364 0.92757 -0
vn -0.37364 0.92758 -0
vn -0.37364 0.92757 -0
vn 0.37364 -0.92758 0
vn 0.37364 -0.92757 -0
vn 0.37363 -0.92758 0
vn -0.37363 0.92758 -0
vn 0.37364 -0.92758 0
vn 0.37364 -0.92757 -0
vn 0.37363 -0.92758 0
vn 0.37364 -0.92757 -1E-05
vn 0.37364 -0.92757 -1E-05
vn 0.37363 -0.92758 0
vn 0.37363 -0.92758 1E-05
vn 0.37364 -0.92757 -0
vn 0.37363 -0.92758 0
vn -0.37364 0.92758 -0
vn -0.37364 0.92758 -0
vn -0.37363 0.92758 -0
vn -0.37364 0.92757 1E-05
vn -0.37364 0.92757 1E-05
vn -0.37363 0.92758 -0
vn -0.37363 0.92758 -1E-05
vn -0.37364 0.92758 0
vn -0.37364 0.92758 -0
vn -0.37364 0.92757 1E-05
vn -0.37364 0.92757 0
vn -0.6151 -0.24777 -0.7485
vn -0.61509 -0.24776 -0.74852
vn -0.37364 0.92758 -0
vn -0.37363 0.92758 -0
vn -0.37363 0.92758 -0
vn 0.37364 -0.92758 -0
vn -0.37364 0.92758 -0
vn 0.43108 0.17364 -0.88545
vn 0 0 1
vn 0 0 1
vn 0.37364 -0.92757 0
vn 0.37364 -0.92757 0
vn 0.37363 -0.92758 -0
vn 0.37364 -0.92758 -0
vn -0 0 -1
vn -0 -0 -1
vn -0 0 -1
vn -0 0 -1
vn -0 0 -1
vn -0 0 -1
vn -0 -0 -1
vn -0 0 -1
vn 0 0 1
vn 0 -0 1
vn 0 -0 1
vn 0.37364 -0.92758 -0
vn 0 0 1
vn 0 -0 1
vn 0.37364 -0.92758 -0
vn 0 -0 1
vn -0 0 -1
vn -0.96586 -0.25908 0
vn -0.96586 -0.25908 0
vn -0.87577 -0.48272 0
vn -0.89476 0.44655 0
vn -0.89476 0.44655 0
vn -0.87577 -0.48272 0
vn -0.99979 -0.02044 0
vn -0.99979 -0.02044 0
vn -0.97563 0.21942 0
vn -0.97563 0.21942 0
vn 0 -0 1
vn 0 -0 1
vn 0 0 1
vn 0 -0 1
vn -0.7348 -0.67829 0
vn -0.7348 -0.67829 0
vn -0 0 -1
vn -0 0 -1
vn -0 0 -1
vn -0 0 -1
vn -0 0 -1
vn 0 0 -1
vn -0 0 -1
vn -0 0 -1
vn 0 -0 1
vn 0 -0 1
vn 0 -0 1
vn 0 -0 1
vn 0 -0 1
vn 0 -0 1
vn 0 -0 1
vn -0.97563 0.21942 0
vn -0.99979 -0.02041 0
vn -0.99979 -0.02041 0
vn -0.97563 0.21942 0
vn -0.89477 0.44652 0
vn -0.89477 0.44652 0
vn -0.7619 0.64769 0
vn -0.7619 0.64769 0
vn -0.58475 0.81121 0
vn -0.58475 0.81121 0
vn -0.37364 0.92757 0
vn -0.1408 0.99004 0
vn -0.37364 0.92757 0
vn -0.1408 0.99004 0
vn 0.65589 0.2642 -0.70711
vn 0.87553 0.35267 -0.33026
vn 0.7854 0.31637 -0.53204
vn 0.4935 0.19879 -0.84672
vn 0.92174 0.37129 -0.11198
vn 0.87553 0.35267 -0.33026
vn 0.92174 0.37129 -0.11197
vn 0.30636 0.12341 -0.94388
vn 0.10385 0.04183 -0.99371
vn 0.10386 0.04183 -0.99371
vn 0.30635 0.1234 -0.94389
vn -0.7854 -0.31637 0.53204
vn -0.87552 -0.35267 0.33029
vn -0.65589 -0.2642 0.70711
vn -0.7854 -0.31637 0.53204
vn -0.49351 -0.19879 0.84672
vn -0.92174 -0.37129 0.11197
vn -0.87553 -0.35267 0.33026
vn -0.92175 -0.37129 0.11194
vn -0.4935 -0.19879 0.84672
vn -0.10386 -0.04183 0.99371
vn -0.30635 -0.1234 0.94389
vn -0.30636 -0.12341 0.94388
vn -0.10385 -0.04183 0.99371
vn -0 0 -1
vn 0 -0 1
vn -0.92758 -0.37364 0
vn -0.92758 -0.37364 0
vn 0.92758 0.37364 -0
vn 0.92758 0.37364 -0
vn -0.96585 -0.25911 0
vn -0.96585 -0.25911 0
vn -0.87577 -0.48272 0
vn -0.87577 -0.48272 0
vn -0.55113 -0.83442 0
vn -0.55113 -0.83442 0
vn -0.7348 -0.67829 0
vn -0.7348 -0.67829 0
vn -0.10023 -0.99496 -0
vn -0.10023 -0.99496 -0
vn -0.33543 -0.94207 0
vn -0.33543 -0.94207 0
vn -0 0 -1
vn -0 -0 -1
vn -0 0 -1
vn 0 -0 1
vn 0 0 1
vn 0 -0 1
vn 0 -0 1
vn -0 0 -1
vn -0 0 -1
vn -0 0 -1
vn 0 -0 1
vn 0 0 1
vn 0 -0 1
vn -0 0 -1
vn 0 0 1
vn 0 -0 1
vn -0 -0 -1
vn 0 -0 1
vn -0 0 -1
vn -0.92758 -0.37364 0
vn -0.92758 -0.37363 0
vn -0.92758 -0.37364 0
vn -0.92758 -0.37362 0
vn -0.92757 -0.37364 0
vn -0.92758 -0.37362 0
vn -0.92758 -0.37363 0
vn 0.92758 0.37364 -0
vn 0.92758 0.37364 0
vn 0.92758 0.37364 -1E-05
vn 0.92758 0.37364 -1E-05
vn 0.92758 0.37364 1E-05
vn 0.92758 0.37364 1E-05
vn 0.92758 0.37364 -0
vn 0.92758 0.37364 0
vn -0.92758 -0.37364 1E-05
vn -0.92758 -0.37364 -0
vn -0.92758 -0.37364 0
vn -0.92758 -0.37364 2E-05
vn -0.92758 -0.37364 -1E-05
vn -0.92758 -0.37364 1E-05
vn -0.92758 -0.37364 -1E-05
vn -0.92758 -0.37364 0
vn -0.92758 -0.37364 0
vn 0.92758 0.37364 -0
vn 0.29137 -0.95661 -0
vn 0.29137 -0.95661 -0
vn -0 -0 -1
vn -0 -0 -1
vn -0 0 -1
vn -0 0 -1
vn -0 0 -1
vn -0 0 -1
vn 0 -0 1
vn 0 0 1
vn 0 0 1
vn 0 -0 1
vn 0 -0 1
vn 0 -0 1
vn -0 0 -1
vn 0 -0 1
vn -0 0 -1
vn 0 -0 1
vn -0 0 -1
vn 0 -0 1
vn -0 -0 -1
vn 0 -0 1
vn -0 0 -1
vn -0 0 -1
vn 0 0 1
vn 0 -0 1
vn -0.7619 0.64769 0
vn -0.7619 0.64769 0
vn -0.97563 0.21942 0
vn -0.89476 0.44655 0
vn -0.58477 0.8112 0
vn -0.89476 0.44655 0
vn -0.58477 0.8112 0
vn -0.37363 0.92758 0
vn 0.10023 0.99496 -0
vn -0.37363 0.92758 0
vn -0.1408 0.99004 0
vn -0.1408 0.99004 0
vn 0.10023 0.99496 -0
vn -0.87577 -0.48272 0
vn -0.87577 -0.48272 0
vn -0.73481 -0.67827 0
vn -0.73481 -0.67827 0
vn -0.55113 -0.83442 0
vn -0.55113 -0.83442 0
vn -0.33544 -0.94206 0
vn -0.33544 -0.94206 0
vn -0.96585 -0.25911 0
vn -0.96585 -0.25911 0
vn 0.14079 -0.99004 -0
vn 0.14079 -0.99004 -0
vn 0.37364 -0.92757 -0
vn 0.37364 -0.92757 -0
vn -0.10022 -0.99497 -0
vn -0.10022 -0.99497 -0
vn 0.12083 -0.99267 -0
vn 0.12083 -0.99267 -0
vn -0 0 -1
vn -0 0 -1
vn -0 0 -1
vn 0 -0 1
vn 0 -0 1
vn -0 0 -1
vn 0 -0 1
vn 0 -0 1
vn 0 -0 1
vn -0 0 -1
vn 0 -0 1
vn 0 0 1
vn 0 -0 1
vn -0.05338 -0.99857 -0
vn -0.05338 -0.99857 -0
vn -0 -0 -1
vn -0 0 -1
vn -0 0 -1
vn 0.87577 0.48272 -0
vn 0.96586 0.25908 -0
vn 0.96586 0.25908 -0
vn 0.87577 0.48272 -0
vn 0.7348 0.67829 -0
vn 0.7348 0.67829 -0
vn 0.55113 0.83442 -0
vn 0.33542 0.94207 -0
vn 0.33542 0.94207 -0
vn 0.55113 0.83442 -0
vn 0.89476 -0.44655 -0
vn 0.7619 -0.64769 -0
vn 0.89476 -0.44655 -0
vn 0.7619 -0.64769 -0
vn 0.97563 -0.21942 -0
vn 0.97563 -0.21942 -0
vn 0.99979 0.02044 -0
vn 0.99979 0.02044 -0
vn 0.58477 -0.8112 -0
vn 0.58477 -0.8112 -0
vn -0 -0 -1
vn -0 -0 -1
vn -0 -0 -1
vn -0 0 -1
vn -0 0 -1
vn -0 0 -1
vn 0 0 1
vn 0 -0 1
vn 0 -0 1
vn 0 0 1
vn 0 0 1
vn 0 -0 1
vn -0.1408 0.99004 0
vn -0.37364 0.92757 0
vn -0.37364 0.92757 0
vn -0.58475 0.81121 0
vn -0.58475 0.81121 0
vn -0.76192 0.64767 0
vn -0.76192 0.64767 0
vn 0.55113 0.83442 -0
vn 0.55113 0.83442 -0
vn 0.73481 0.67827 -0
vn 0.73481 0.67827 -0
vn 0.33542 0.94207 -0
vn 0.33542 0.94207 -0
vn 0.10023 0.99496 0
vn 0.10023 0.99496 -0
vn -0 -0 -1
vn -0 0 -1
vn -0 -0 -1
vn -0 0 -1
vn -0 0 -1
vn -0 0 -1
vn -0 -0 -1
vn -0 -0 -1
vn -0 0 -1
vn 0 -0 1
vn 0 0 1
vn 0 -0 1
vn 0 0 1
vn 0 0 1
vn 0 -0 1
vn 0 0 1
vn 0 -0 1
vn 0 -0 1
vn -0 0 -1
vn -0 -0 -1
vn -0 0 -1
vn -0 0 -1
vn 0.87577 0.48272 -0
vn 0.96585 0.25911 -0
vn 0.99979 0.02044 -0
vn 0.97563 -0.21942 -0
vn 0.97563 -0.21942 -0
vn 0.96585 0.25911 -0
vn 0.99979 0.02044 -0
vn 0 -0 1
vn 0 -0 1
vn 0 -0 1
vn 0 0 1
vn -0.33543 -0.94207 0
vn -0.33543 -0.94207 0
vn -0.10023 -0.99496 -0
vn 0.1408 -0.99004 -0
vn 0.1408 -0.99004 -0
vn -0.10023 -0.99496 0
vn 0.37363 -0.92758 -0
vn 0.37363 -0.92758 -0
vn 0.58477 -0.8112 -0
vn 0.58477 -0.8112 -0
vn 0.7619 -0.64769 -0
vn 0.89476 -0.44655 -0
vn -0 0 -1
vn -0 0 -1
vn -0 0 -1
vn 0 -0 1
vn 0 -0 1
vn 0 -0 1
vn 0 -0 1
vn -0 0 -1
vn 0 -0 1
vn -0 0 -1
vn -0 -0 -1
vn 0 -0 1
vn 0 -0 1
vn 0 0 1
vn -0 0 -1
vn -0 0 -1
vn 0 -0 1
vn 0 -0 1
vn 0 -0 1
vn -0 0 -1
vn 0 -0 1
vn 0 0 1
vn -0 0 -1
vn -0 0 -1
vn -0 -0 -1
vn -0 0 -1
vn -0.89477 0.44653 0
vn -0.7619 0.64769 0
vn -0.7619 0.64769 0
vn -0.89477 0.44653 0
vn -0.99979 -0.02043 0
vn -0.99979 -0.02043 0
vn -0.97563 0.21943 0
vn -0.97563 0.21943 0
vn -0 0 -1
vn -0 0 -1
vn -0 0 -1
vn -0 0 -1
vn 0 -0 1
vn 0 -0 1
vn -0.58476 0.81121 0
vn 0 -0 1
vn -0.58476 0.81121 0
vn 0 -0 1
vn 0 -0 1
vn -0 -0 -1
vn -0 0 -1
vn -0 -0 -1
vn -0 0 -1
vn -0 0 -1
vn -0 0 -1
vn -0.37364 0.92757 0
vn -0.37364 0.92757 0
vn 0 0 1
vn 0 -0 1
vn 0 -0 1
vn 0 0 1
vn 0 -0 1
vn -0 0 -1
vn 0.10023 0.99496 0
vn 0.10023 0.99496 -0
vn -0.1408 0.99004 0
vn 0 -0 1
vn -0.1408 0.99004 0
vn -0 0 -1
vn -0 -0 -1
vn -0 0 -1
vn 0 -0 1
vn 0 0 1
vn 0.33543 0.94207 -0
vn 0.33543 0.94207 -0
vn 0 -0 1
vn -0.22597 -0.97413 -0
vn -0.22597 -0.97413 0
vn -0 0 -1
vn 0 -0 1
vn -0 0 -1
vn -0 0 -1
vn 0 -0 1
vn -0 0 -1
vn -0 0 -1
vn 0 -0 1
vn 0 -0 1
vn 0 -0 1
vn -0.39169 -0.9201 0
vn -0.39169 -0.9201 0
vn -0 0 -1
vn -0 0 -1
vn 0 -0 1
vn 0 -0 1
vn -0.58477 0.8112 0
vn -0.58477 0.8112 0
vn -0.97563 0.21942 0
vn -0.7619 0.64769 0
vn -0.7619 0.64769 0
vn -0.89476 0.44655 0
vn -0.37363 0.92758 0
vn -0.37363 0.92758 0
vn 0.10023 0.99496 -0
vn -0.73481 -0.67827 0
vn -0.73481 -0.67827 0
vn -0.87577 -0.48272 0
vn -0.96585 -0.25911 0
vn -0.96585 -0.25911 0
vn -0.99979 -0.02044 0
vn -0.99979 -0.02044 0
vn 0 0 1
vn -0 -0 -1
vn 0.33542 0.94207 0
vn 0.55113 0.83442 0
vn 0 0 1
vn -0 -0 -1
vn 0.96585 0.25911 -0
vn 0.96585 0.25911 -0
vn 0.87577 0.48272 -0
vn 0.73482 0.67827 -0
vn 0.73482 0.67827 -0
vn 0.89476 -0.44654 -0
vn 0.89476 -0.44654 -0
vn -0.54552 -0.8381 0
vn -0.54552 -0.8381 0
vn 0 -0 1
vn -0 0 -1
vn 0 -0 1
vn -0 0 -1
vn -0 0 -1
vn -0 -0 -1
vn 0 0 1
vn 0 -0 1
vn -0 0 -1
vn 0 -0 1
vn -0.68276 -0.73064 0
vn -0.79926 -0.60098 0
vn -0.68276 -0.73064 0
vn -0.79926 -0.60098 0
vn -0 0 -1
vn -0 -0 -1
vn -0 0 -1
vn -0 0 -1
vn -0 0 -1
vn 0 -0 1
vn 0 -0 1
vn -0.55113 -0.83442 0
vn 0 -0 1
vn 0 -0 1
vn -0.55113 -0.83442 0
vn 0 0 1
vn -0.33542 -0.94207 0
vn -0.33542 -0.94207 0
vn -0.10023 -0.99496 -0
vn -0.10023 -0.99496 0
vn 0 -0 1
vn -0 0 -1
vn 0 -0 1
vn -0 0 -1
vn -0 0 -1
vn 0.55113 0.83442 -0
vn 0.55113 0.83442 -0
vn 0 -0 1
vn 0.58477 -0.8112 -0
vn 0 -0 1
vn 0.7619 -0.64769 -0
vn -0 0 -1
vn -0 0 -1
vn -0 -0 -1
vn -0 -0 -1
vn -0 0 -1
vn -0 0 -1
vn -0 -0 -1
vn -0 0 -1
vn -0 0 -1
vn 0 -0 1
vn 0 -0 1
vn 0 -0 1
vn 0 -0 1
vn 0 0 1
vn 0 0 1
vn 0 -0 1
vn 0 0 1
vn 0 -0 1
vn -0 0 -1
vn -0 -0 -1
vn 0 -0 1
vn -0 -0 -1
vn -0 0 -1
vn 0.73481 0.67828 -0
vn 0 0 1
vn 0 0 1
vn 0.73481 0.67828 -0
vn 0.96585 0.2591 -0
vn -0 0 -1
vn 0 -0 1
vn 0.96585 0.2591 -0
vn 0.87577 0.48272 -0
vn -0.89477 0.44652 0
vn -0.89477 0.44652 0
vn -0.58475 0.81121 0
vn -0.7619 0.64769 0
vn -0.58475 0.81121 0
vn -0.99979 -0.02041 0
vn -0.96585 -0.25911 0
vn -0.99979 -0.02041 0
vn -0.97563 0.21942 0
vn -0.97563 0.21942 0
vn -0 0 -1
vn -0 -0 -1
vn -0 -0 -1
vn -0 0 -1
vn -0 -0 -1
vn 0 -0 1
vn 0 0 1
vn 0 0 1
vn 0 0 1
vn 0 -0 1
vn -0.87577 -0.48272 0
vn -0.7348 -0.67829 0
vn -0.33543 -0.94207 0
vn -0 0 -1
vn -0.37364 0.92757 0
vn 0.33542 0.94207 -0
vn 0 -0 1
vn 0.10023 0.99496 -0
vn 0 -0 1
vn -0 0 -1
vn -0 0 -1
vn -0 0 -1
vn 0 -0 1
vn 0 -0 1
vn 0.55113 0.83442 -0
vn 0.73481 0.67827 -0
vn 0.96585 0.25911 -0
vn 0.14079 -0.99004 -0
vn 0.14079 -0.99004 -0
vn -0.10023 -0.99496 -0
vn 0.37363 -0.92758 -0
vn 0.37363 -0.92758 -0
vn 0.58477 -0.8112 -0
vn 0.58477 -0.8112 -0
vn 0.7619 -0.64769 -0
vn 0.7619 -0.64769 -0
vn 0.89477 -0.44652 -0
vn 0.89477 -0.44652 -0
vn 0.97562 -0.21945 -0
vn 0.97562 -0.21945 -0
vn 0 0 1
vn 0 -0 1
vn 0 -0 1
vn 0 0 1
vn -0.89148 -0.45306 0
vn -0.89148 -0.45306 0
vn -0 -0 -1
vn -0 0 -1
vn -0 -0 -1
vn -0 0 -1
vn -0 0 -1
vn 0 0 1
vn 0 -0 1
vn 0 -0 1
vn 0 -0 1
vn -0 -0 -1
vn -0 0 -1
vn -0 0 -1
vn 0 0 1
vn -0 -0 -1
vn -0.95661 -0.29137 0
vn -0.95661 -0.29137 0
vn 0 0 1
vn 0.55113 0.83442 -0
vn 0.55113 0.83442 -0
vn 0.33542 0.94207 -0
vn -0 -0 -1
vn 0.33542 0.94207 -0
vn 0.10023 0.99496 0
vn 0.10023 0.99496 0
vn 0.96585 0.25911 -0
vn 0.96585 0.25911 -0
vn 0.99979 0.02044 -0
vn 0.99979 0.02044 -0
vn 0.97562 -0.21945 -0
vn 0.97562 -0.21945 -0
vn 0.87577 0.48272 -0
vn 0.73481 0.67827 -0
vn 0.73481 0.67827 -0
vn 0.87577 0.48272 -0
vn -0 0 -1
vn -0.96585 -0.25911 0
vn 0 -0 1
vn 0 0 1
vn -0 -0 -1
vn -0.96585 -0.25911 0
vn 0 0 1
vn -0 0 -1
vn -0 -0 -1
vn 0 -0 1
vn -0 0 -1
vn -0 -0 -1
vn -0 0 -1
vn -0 0 -1
vn -0 -0 -1
vn 0 0 1
vn -0.87578 -0.48272 0
vn 0 -0 1
vn -0.87578 -0.48272 0
vn 0 0 1
vn 0 -0 1
vn 0 -0 1
vn 0.7619 -0.64769 -0
vn 0.89477 -0.44652 -0
vn 0.89477 -0.44652 -0
vn 0.7619 -0.64769 -0
vn 0.58477 -0.8112 -0
vn 0.58477 -0.8112 -0
vn 0.37363 -0.92758 -0
vn 0.14079 -0.99004 -0
vn 0.37363 -0.92758 -0
vn 0.14079 -0.99004 -0
vn -0 0 -1
vn -0 0 -1
vn -0 -0 -1
vn -0 0 -1
vn -0 -0 -1
vn -0 0 -1
vn -0 -0 -1
vn -0 0 -1
vn -0 0 -1
vn -0 -0 -1
vn -0 0 -1
vn -0 -0 -1
vn -0 -0 -1
vn 0 0 1
vn 0 -0 1
vn 0 -0 1
vn 0 -0 1
vn 0 0 1
vn 0 -0 1
vn 0 -0 1
vn 0 -0 1
vn 0 0 1
vn 0 0 1
vn 0 0 1
vn 0 -0 1
vn -0.55113 -0.83442 0
vn -0 0 -1
vn 0 -0 1
vn -0 -0 -1
vn 0 0 1
vn -0.7348 -0.67828 0
vn -0.55113 -0.83442 0
vn -0.7348 -0.67828 0
vn 0 -0 1
vn -0 0 -1
vn 0 -0 1
vn -0 0 -1
vn -0 0 -1
vn -0 0 -1
vn 0 -0 1
vn -0 0 -1
vn -0 0 -1
vn 0 -0 1
vn 0 -0 1
vn 0 -0 1
vn 0 -0 1
vn 0 -0 1
vn -0.33543 -0.94207 0
vn -0.33543 -0.94207 0
vn -0 0 -1
vn -0 0 -1
vn -0.10023 -0.99496 -0
vn -0.10023 -0.99496 -0
vn 0.1408 -0.99004 -0
vn 0.1408 -0.99004 -0
vn 0.37364 -0.92758 -0
vn 0.37364 -0.92758 -0
vn 0.58476 -0.8112 -0
vn 0.58476 -0.8112 -0
vn 0 -0 1
vn -0 0 -1
vn -0.58477 0.8112 0
vn -0.99979 -0.02044 0
vn -0.99979 -0.02044 0
vn -0.97562 0.21945 0
vn -0.7619 0.64769 0
vn -0.58477 0.8112 0
vn -0.97562 0.21945 0
vn -0.89477 0.44652 0
vn 0.33543 0.94207 -0
vn 0.33543 0.94207 -0
vn -0.1408 0.99004 0
vn -0.37363 0.92758 0
vn -0.37363 0.92758 0
vn -0.73481 -0.67827 0
vn -0.73481 -0.67827 0
vn -0.33542 -0.94207 0
vn -0.87577 -0.48272 0
vn -0.33542 -0.94207 0
vn 0.37364 -0.92757 -0
vn 0.1408 -0.99004 -0
vn 0.1408 -0.99004 -0
vn 0.37364 -0.92757 -0
vn 0.58475 -0.81121 -0
vn 0.58475 -0.81121 -0
vn -0 -0 -1
vn -0 0 -1
vn -0 0 -1
vn -0 0 -1
vn 0 -0 1
vn 0.55113 0.83442 -0
vn 0.7348 0.67829 -0
vn 0.7348 0.67829 -0
vn 0 -0 1
vn 0 -0 1
vn 0 0 1
vn 0.97563 -0.21942 -0
vn 0.97563 -0.21942 -0
vn 0.99979 0.02041 -0
vn 0.89477 -0.44652 -0
vn 0.99979 0.02041 -0
vn 0.96585 0.25911 -0
vn 0.89477 -0.44652 -0
vn 0.7619 -0.64769 -0
vn 0.7619 -0.64769 -0
vn -0 0 -1
vn 0 -0 1
vn 0 -0 1
vn -0 0 -1
vn -0 -0 -1
vn -0 -0 -1
vn -0 0 -1
vn -0 -0 -1
vn -0 0 -1
vn -0 0 -1
vn -0 0 -1
vn -0 -0 -1
vn 0 0 1
vn 0 0 1
vn 0 0 1
vn 0 -0 1
vn 0 -0 1
vn 0 0 1
vn 0 -0 1
vn 0 -0 1
vn -0 0 -1
vn -0 0 -1
vn -0 0 -1
vn -0 0 -1
vn -0 -0 -1
vn -0 0 -1
vn 0 0 1
vn 0 -0 1
vn 0 -0 1
vn 0 -0 1
vn -0.37363 0.92758 0
vn 0 -0 1
vn 0 -0 1
vn -0.89476 0.44655 0
vn -0.89476 0.44655 0
vn -0 -0 -1
vn 0 0 1
vn -0 0 -1
vn 0 0 1
vn -0 -0 -1
vn 0 -0 1
vn -0 0 -1
vn 0 -0 1
vn 0 0 1
vn -0 0 -1
vn -0 -0 -1
vn 0 -0 1
vn -0.73481 -0.67827 0
vn 0.37364 -0.92757 -0
vn 0.37364 -0.92757 -0
vn -0 0 -1
vn -0 0 -1
vn 0 -0 1
vn 0 -0 1
vn 0.97563 -0.21943 -0
vn 0.97563 -0.21943 -0
vn 0.99979 0.02043 -0
vn 0.99979 0.02043 -0
vn -0 -0 -1
vn -0 -0 -1
vn -0 0 -1
vn -0 -0 -1
vn -0 -0 -1
vn 0 -0 1
vn 0.89477 -0.44653 -0
vn 0.89477 -0.44653 -0
vn 0 0 1
vn 0 0 1
vn 0 0 1
vn 0 0 1
vn 0 -0 1
vn 0 -0 1
vn -0 0 -1
vn -0 0 -1
vn -0 0 -1
vn 0 -0 1
vn -0 -0 -1
vn 0 0 1
vn -0 0 -1
vn -0 -0 -1
vn -0 0 -1
vn -0 0 -1
vn -0 -0 -1
vn 0.7619 -0.64769 -0
vn 0 0 1
vn 0 -0 1
vn 0 -0 1
vn 0 0 1
vn 0 -0 1
vn 0.7619 -0.64769 -0
vn 0 -0 1
vn 0 -0 1
vn 0 -0 1
vn -0 0 -1
vn -0 0 -1
vn 0 0 1
vn -0 0 -1
vn -0 -0 -1
vn -0.58475 0.81121 0
vn -0.89477 0.44652 0
vn -0.89477 0.44652 0
vn 0.33542 0.94207 -0
vn -0.1408 0.99004 0
vn -0.37364 0.92757 0
vn -0.33542 -0.94207 0
vn -0.33542 -0.94207 0
vn -0.55113 -0.83442 0
vn -0.55113 -0.83442 0
vn -0.96585 -0.25911 0
vn -0.96585 -0.25911 0
vn 0.58477 -0.8112 -0
vn 0.58477 -0.8112 -0
vn -0.10023 -0.99496 -0
vn 0.1408 -0.99004 -0
vn -0.10023 -0.99496 -0
vn 0 -0 1
vn 0 -0 1
vn 0 -0 1
vn 0 -0 1
vn -0 0 -1
vn -0 0 -1
vn 0 -0 1
vn -0 0 -1
vn -0 0 -1
vn -0 0 -1
vn 0.96585 0.25911 -0
vn 0.96585 0.25911 -0
vn 0.73482 0.67827 -0
vn 0.73482 0.67827 -0
vn 0.89477 -0.44652 -0
vn 0 -0 1
vn 0 -0 1
vn -0 -0 -1
vn 0 0 1
vn -0 -0 -1
vn 0 0 1
vn -0 0 -1
vn 0 0 1
vn -0 0 -1
vn -0 -0 -1
vn 0 -0 1
vn -0 0 -1
vn -0 0 -1
vn 0 -0 1
vn 0 -0 1
vn -0.99267 -0.12083 0
vn -0 0 -1
vn -0.99267 -0.12083 0
vn -0.99857 0.05338 0
vn -0.99857 0.05338 0
vn -0 0 -1
vn 0 -0 1
vn -0 0 -1
vn -0.97413 0.22597 0
vn -0.97413 0.22597 0
vn 0 -0 1
vn 0.87579 0.4827 -0
vn 0.87579 0.4827 -0
vn 0 -0 1
vn 0 -0 1
vn 0 -0 1
vn -0 0 -1
vn -0 0 -1
vn -0 0 -1
vn 0 -0 1
vn -0 0 -1
vn 0.89476 -0.44654 -0
vn 0.89476 -0.44654 -0
vn 0.58477 -0.8112 -0
vn 0 -0 1
vn -0 0 -1
vn -0 0 -1
vn -0 0 -1
vn -0 -0 -1
vn -0 -0 -1
vn -0 0 -1
vn -0 0 -1
vn 0 0 1
vn 0 -0 1
vn 0 -0 1
vn 0 -0 1
vn 0 -0 1
vn 0 0 1
vn -0.45306 0.89148 0
vn -0.45306 0.89148 0
vn -0 -0 -1
vn -0 0 -1
vn -0 0 -1
vn 0 0 1
vn 0 -0 1
vn -0.60098 0.79927 0
vn -0.60098 0.79927 0
vn 0 -0 1
vn -0 0 -1
vn -0 0 -1
vn -0 0 -1
vn 0 -0 1
vn 0 -0 1
vn 0 -0 1
vn 0 -0 1
vn 0 0 1
vn 0 -0 1
vn -0 0 -1
vn -0 0 -1
vn -0 -0 -1
vn -0.73064 0.68276 0
vn -0.73064 0.68276 0
vn -0.9201 0.39169 0
vn -0.9201 0.39169 0
vn -0 0 -1
vn -0 0 -1
vn -0.8381 0.54552 0
vn -0.8381 0.54552 0
vn -0 -0 -1
vn 0 -0 1
vn 0 -0 1
vn 0 0 1
vn -0.37361 0.92758 -1E-05
vn -0.37364 0.92758 0
vn -0.37364 0.92757 0
vn -0.37363 0.92758 -3E-05
vn -0.37363 0.92758 -2E-05
vn -0.37367 0.92756 1E-05
vn -0.37364 0.92758 -0
vn -0.37364 0.92757 -1E-05
vn -0.37363 0.92758 0
vn -0.37364 0.92758 0
vn -0.37364 0.92757 -0
vn -0.37364 0.92757 -0
vn -0.37363 0.92758 1E-05
vn -0.37364 0.92758 0
vn -0.37364 0.92758 0
vn -0.37364 0.92758 0
vn -0.37364 0.92758 -0
vn -0.37364 0.92758 0
vn -0.37129 0.92174 -0.11196
vn -0.35267 0.87552 -0.33028
vn -0.37129 0.92174 -0.11197
vn -0.35267 0.87552 -0.33028
vn -0.31637 0.7854 -0.53203
vn -0.2642 0.65589 -0.70711
vn -0.19879 0.4935 -0.84672
vn -0.19879 0.4935 -0.84672
vn -0.1234 0.30636 -0.94388
vn -0.04183 0.10386 -0.99371
vn -0.04183 0.10386 -0.99371
vn -0.1234 0.30636 -0.94388
vn -0 0 -1
vn -0 0 -1
vn -0.92757 -0.37364 0
vn -0.92758 -0.37363 0
vn -0.92757 -0.37364 0
vn -0.92758 -0.37364 0
vn -0.92758 -0.37364 0
vn 0.92758 0.37364 -0
vn 0.92758 0.37364 -0
vn 0.92757 0.37364 -0
vn 0.92758 0.37364 -0
vn -0.92758 -0.37364 0
vn -0.92758 -0.37364 0
vn 0.92758 0.37364 -0
vn 0.92758 0.37364 -0
vn 0.37364 -0.92758 0
vn 0.37364 -0.92757 -0
vn 0.37363 -0.92758 1E-05
vn 0.37364 -0.92758 0
vn 0.37364 -0.92757 -1E-05
vn -0.37364 0.92758 -0
vn -0.37363 0.92758 -1E-05
vn -0.37364 0.92757 0
vn -0.37364 0.92757 1E-05
vn -0.37364 0.92758 -0
vn -0.37363 0.92758 -0
vn -0.37364 0.92757 0
vn -0.37364 0.92757 1E-05
vn -0.37364 0.92758 0
vn 0.37364 -0.92758 0
vn 0.37364 -0.92757 -0
vn 0.37363 -0.92758 1E-05
vn 0.37364 -0.92758 -0
vn -0 0 -1
vn -0 0 -1
vn -0 -0 -1
vn -0 0 -1
vn -0 -0 -1
vn -0 0 -1
vn -0 -0 -1
vn -0 0 -1
vn 0 -0 -1
vn -0 0 -1
vn -0.37364 0.92758 0
vn 0.37364 -0.92758 -0
vn 0.98419 -0.17711 -0
vn 0.99893 0.04631 -0
vn 0.96358 0.2674 -0
vn 0.99893 0.04631 -0
vn 0.96358 0.2674 -0
vn 0.98419 -0.17711 -0
vn 0.80986 -0.58662 -0
vn 0.92009 -0.39171 -0
vn 0.92009 -0.39171 -0
vn 0.65904 -0.75211 -0
vn 0.80986 -0.58662 -0
vn 0.47514 -0.87991 -0
vn 0.65904 -0.75211 -0
vn 0.47514 -0.87991 -0
vn -0.98419 0.17714 0
vn -0.98419 0.17714 0
vn -0.99893 -0.04631 0
vn -0.99893 -0.04631 0
vn -0.96358 -0.26744 0
vn -0.96358 -0.26744 0
vn -0.80986 0.58662 0
vn -0.65904 0.75211 0
vn -0.47514 0.87991 0
vn -0.47514 0.87991 0
vn -0.9201 0.39168 0
vn -0.9201 0.39168 0
vn -0.65904 0.75211 0
vn -0.80986 0.58662 0
vn -0.92757 -0.37364 0
vn 0.92758 0.37364 0
vn 0.92758 0.37364 -1E-05
vn 0.92758 0.37364 -1E-05
vn 0.92758 0.37364 1E-05
vn 0.92758 0.37364 -0
vn 0.92758 0.37364 -0
vn 0.92758 0.37364 1E-05
vn -0.92758 -0.37364 -1E-05
vn -0.92758 -0.37364 -0
vn -0.92758 -0.37364 -2E-05
vn -0.92758 -0.37364 1E-05
vn -0.92758 -0.37364 1E-05
vn -0.92758 -0.37364 -1E-05
vn 0.37364 -0.92757 -0
vn 0.37364 -0.92757 -0
vn 0.37363 -0.92758 0
vn 0.37364 -0.92758 0
vn -0 -0 -1
vn 0 -0 1
vn 0 0 1
vn 0 0 1
vn -0 -0 -1
vn 0 0 1
vn 0 0 1
vn 0 -0 1
vn 0 -0 1
vn 0 -0 1
vn 0.37364 -0.92758 0
vn -0 0 -1
vn 0.37364 -0.92758 -0
vn 0 -0 1
vn -0 -0 -1
vn -0 -0 -1
vn -0 -0 -1
vn -0 0 -1
vn -0 0 -1
vn -0.96586 -0.25908 0
vn -0 0 -1
vn -0 0 -1
vn -0 0 -1
vn -0 0 -1
vn -0 0 -1
vn 0 -0 1
vn 0 -0 1
vn 0 -0 1
vn -0 -0 1
vn -0.37364 0.92757 0
vn -0.92758 -0.37364 0
vn -0.92758 -0.37364 0
vn 0.92758 0.37364 -0
vn 0.92758 0.37364 -0
vn 0.7854 0.31637 0.53204
vn 0.65589 0.2642 0.70711
vn 0.92174 0.37129 0.11198
vn 0.87553 0.35267 0.33026
vn 0.92174 0.37129 0.11198
vn 0.87553 0.35267 0.33026
vn 0.4935 0.19879 0.84672
vn 0.30636 0.12341 0.94388
vn 0.30635 0.1234 0.94389
vn 0.10386 0.04184 0.99371
vn 0.10386 0.04184 0.99371
vn -0.4935 -0.19879 -0.84672
vn -0.87552 -0.35267 -0.33029
vn -0.92174 -0.37129 -0.11197
vn -0.65589 -0.2642 -0.70711
vn -0.92175 -0.37129 -0.11194
vn -0.7854 -0.31637 -0.53204
vn -0.7854 -0.31637 -0.53204
vn -0.87553 -0.35267 -0.33026
vn -0.10386 -0.04184 -0.99371
vn -0.10386 -0.04184 -0.99371
vn -0.30635 -0.1234 -0.94389
vn -0.4935 -0.19879 -0.84672
vn -0.30636 -0.12341 -0.94388
vn 0 -0 1
vn -0 0 -1
vn -0.96585 -0.25911 0
vn 0 0 1
vn 0 0 1
vn 0 0 1
vn -0 -0 -1
vn -0 -0 -1
vn -0 -0 -1
vn 0 -0 1
vn -0 0 -1
vn -0 -0 -1
vn 0 0 1
vn -0 0 -1
vn 0 0 1
vn -0 -0 -1
vn -0 -0 -1
vn -0 -0 -1
vn 0 0 1
vn 0 -0 1
vn -0 0 -1
vn 0 -0 1
vn -0 -0 -1
vn 0 0 -1
vn -0 -0 -1
vn -0 0 -1
vn -0 0 -1
vn 0 -0 1
vn 0 -0 1
vn 0 0 1
vn -0 -0 1
vn 0 0 1
vn -0 0 1
vn 0 -0 1
vn -0 0 1
vn -0 0 -1
vn 0 -0 -1
vn 0 -0 -1
vn -0 0 -1
vn -0 -0 -1
vn 0 -0 1
vn 0 -0 1
vn 0 0 1
vn -0 0 -1
vn -0.7619 0.64769 0
vn -0.73481 -0.67827 0
vn -0.55113 -0.83442 0
vn -0.96585 -0.25911 0
vn 0 0 1
vn 0 0 1
vn -0 -0 -1
vn -0 -0 -1
vn -0 -0 -1
vn -0 -0 -1
vn -0 -0 -1
vn 0 0 1
vn 0 0 1
vn 0 0 1
vn -0 0 -1
vn -0 -0 -1
vn 0 -0 1
vn 0 -0 1
vn 0 0 1
vn -0 0 -1
vn 0.96586 0.25908 -0
vn 0.99979 0.02044 -0
vn -0 0 -1
vn -0 0 -1
vn -0 -0 -1
vn -0 0 -1
vn -0 -0 -1
vn 0 -0 1
vn 0 -0 1
vn 0 0 1
vn 0 -0 1
vn 0 0 1
vn -0.1408 0.99004 0
vn -0.37364 0.92757 0
vn 0.97563 -0.21942 -0
vn -0 -0 -1
vn -0 -0 -1
vn -0 -0 -1
vn -0 -0 -1
vn -0 -0 -1
vn -0 -0 -1
vn -0 -0 -1
vn -0 -0 -1
vn -0 -0 -1
vn 0 0 1
vn 0 0 1
vn 0 0 1
vn 0 0 1
vn 0 0 1
vn 0 0 1
vn 0 0 1
vn 0 0 1
vn 0 0 1
vn -0 -0 -1
vn -0 0 -1
vn -0 0 -1
vn -0 -0 -1
vn 0 0 1
vn 0 -0 1
vn 0 0 1
vn 0.96585 0.25911 -0
vn 0 -0 1
vn 0.89476 -0.44655 -0
vn -0 0 -1
vn 0 0 -1
vn -0 0 -1
vn 0 0 -1
vn 0 -0 1
vn -0 -0 1
vn -0 -0 1
vn 0 -0 1
vn -0 0 -1
vn -0 0 -1
vn -0 0 -1
vn 0 -0 1
vn 0 -0 1
vn 0 -0 1
vn 0 -0 1
vn -0 0 -1
vn 0 -0 1
vn 0 -0 1
vn 0 -0 1
vn 0 0 1
vn -0 0 -1
vn -0 0 -1
vn -0 0 -1
vn -0 -0 -1
vn -0.97563 0.21943 0
vn -0.97563 0.21943 0
vn -0.99979 -0.02043 0
vn -0 -0 -1
vn -0 -0 -1
vn 0 0 1
vn 0 0 1
vn -0 -0 -1
vn -0 0 -1
vn -0 -0 -1
vn -0 -0 -1
vn 0 0 1
vn 0 -0 1
vn 0 0 1
vn 0 -0 1
vn 0 0 1
vn 0 0 1
vn -0 -0 -1
vn -0.1408 0.99004 0
vn -0 -0 -1
vn -0 -0 -1
vn 0 0 1
vn -0 -0 -1
vn 0 0 1
vn 0 0 1
vn 0 0 1
vn -0 -0 -1
vn -0 0 -1
vn -0 0 -1
vn 0 -0 1
vn 0 -0 1
vn 0 -0 1
vn -0 0 -1
vn 0 -0 1
vn -0 0 -1
vn -0.58477 0.8112 0
vn -0.89476 0.44655 0
vn -0 -0 -1
vn -0 0 -1
vn 0.33542 0.94207 -0
vn 0.55113 0.83442 -0
vn 0 -0 1
vn 0 0 1
vn 0.73482 0.67827 -0
vn 0.96585 0.25911 -0
vn 0.89476 -0.44654 -0
vn 0 -0 1
vn -0 0 -1
vn 0 -0 1
vn -0 0 -1
vn -0 -0 -1
vn -0 -0 -1
vn 0 0 1
vn -0 -0 -1
vn 0 0 1
vn 0 0 1
vn -0 -0 -1
vn -0 -0 -1
vn -0 -0 -1
vn -0 -0 -1
vn -0 -0 -1
vn 0 0 1
vn 0 0 1
vn 0 0 1
vn 0 0 1
vn 0 0 1
vn -0 0 1
vn 0 -0 1
vn 0 -0 -1
vn -0 0 -1
vn 0 -0 1
vn -0 0 -1
vn -0 -0 -1
vn 0 0 1
vn -0 0 -1
vn -0 0 -1
vn -0 0 -1
vn -0 0 -1
vn -0 0 -1
vn -0 -0 -1
vn -0 -0 -1
vn 0 -0 1
vn 0 -0 1
vn 0 -0 1
vn 0 -0 1
vn 0 0 1
vn 0 0 1
vn 0 -0 1
vn 0 -0 1
vn -0 -0 -1
vn -0 0 -1
vn 0 0 1
vn -0 0 -1
vn -0 0 -1
vn 0 -0 1
vn 0 -0 1
vn 0 0 1
vn -0 -0 -1
vn -0.89477 0.44652 0
vn -0.99979 -0.02041 0
vn -0 -0 -1
vn -0 -0 -1
vn -0 -0 -1
vn -0 -0 -1
vn -0 -0 -1
vn 0 0 1
vn 0 0 1
vn 0 0 1
vn 0 0 1
vn 0 0 1
vn -0 -0 -1
vn 0 0 1
vn 0.10023 0.99496 -0
vn -0 -0 -1
vn -0 0 -1
vn -0 -0 -1
vn 0 0 1
vn 0 0 1
vn 0 -0 1
vn 0.58477 -0.8112 -0
vn 0.7619 -0.64769 -0
vn 0.89477 -0.44652 -0
vn 0 -0 1
vn 0 -0 1
vn 0 0 1
vn 0 0 1
vn -0 -0 -1
vn -0 -0 -1
vn -0 0 -1
vn -0 0 -1
vn -0 -0 -1
vn -0 -0 -1
vn -0 0 -1
vn -0 0 -1
vn -0 0 -1
vn 0 0 1
vn 0 0 1
vn 0 -0 1
vn 0 -0 1
vn 0 -0 1
vn 0 0 1
vn -0 -0 -1
vn 0.55113 0.83442 0
vn 0.33542 0.94207 0
vn 0.97562 -0.21945 -0
vn 0 0 1
vn -0 -0 -1
vn -0 -0 -1
vn 0 0 1
vn -0 0 -1
vn 0 0 1
vn 0 -0 1
vn -0 -0 -1
vn -0 -0 -1
vn -0 -0 -1
vn -0 -0 -1
vn -0 -0 -1
vn -0 0 -1
vn 0 0 1
vn 0 0 1
vn 0 0 1
vn 0 0 1
vn 0 -0 1
vn 0.37363 -0.92758 -0
vn 0.58477 -0.8112 -0
vn 0 0 -1
vn -0 -0 -1
vn -0 -0 -1
vn -0 0 -1
vn -0 0 -1
vn -0 0 -1
vn -0 -0 -1
vn -0 0 -1
vn -0 -0 -1
vn -0 0 -1
vn -0 0 -1
vn -0 -0 1
vn 0 -0 1
vn 0 0 1
vn 0 -0 1
vn 0 0 1
vn 0 0 1
vn 0 -0 1
vn 0 0 1
vn 0 0 1
vn 0 -0 1
vn 0 -0 1
vn 0 -0 1
vn -0.55113 -0.83442 0
vn 0 -0 1
vn -0 0 -1
vn 0 -0 1
vn -0 0 -1
vn 0 -0 1
vn -0 0 -1
vn 0 0 1
vn 0 -0 1
vn -0 0 -1
vn -0 -0 -1
vn 0 -0 1
vn -0 0 -1
vn -0 -0 -1
vn 0 0 1
vn 0 0 1
vn -0 -0 -1
vn 0.37364 -0.92758 -0
vn -0 -0 -1
vn 0 0 1
vn -0.99979 -0.02044 0
vn 0.37364 -0.92757 -0
vn -0 -0 -1
vn -0 -0 -1
vn -0 -0 -1
vn -0 -0 -1
vn 0 0 1
vn 0 0 1
vn 0 0 1
vn 0 0 1
vn 0.89477 -0.44652 -0
vn 0.7619 -0.64769 -0
vn 0 -0 1
vn -0 0 -1
vn -0 0 -1
vn 0 -0 1
vn -0 -0 -1
vn -0 0 -1
vn -0 0 -1
vn -0 -0 -1
vn 0 -0 1
vn 0 0 1
vn 0 -0 1
vn 0 0 1
vn -0 0 -1
vn 0 0 -1
vn -0 0 -1
vn -0 0 -1
vn -0 -0 -1
vn -0 -0 -1
vn 0 0 1
vn 0 -0 1
vn 0 -0 1
vn 0 -0 1
vn 0 -0 1
vn -0 -0 1
vn -0.58477 0.8112 0
vn -0.89476 0.44655 0
vn -0 -0 -1
vn -0 0 -1
vn -0 -0 -1
vn -0 -0 -1
vn 0 0 1
vn 0 0 1
vn -0 -0 -1
vn 0 -0 1
vn 0 0 1
vn 0 0 1
vn 0 -0 1
vn -0 0 -1
vn 0 -0 1
vn -0 0 -1
vn 0 -0 1
vn -0 0 -1
vn 0.37364 -0.92757 -0
vn -0 -0 1
vn 0 0 -1
vn -0 -0 -1
vn 0 0 1
vn -0 0 -1
vn 0 -0 1
vn -0 -0 -1
vn 0 0 1
vn 0 0 1
vn -0 0 -1
vn -0 0 -1
vn 0 -0 1
vn 0 -0 1
vn 0 -0 1
vn -0 0 -1
vn 0 0 -1
vn -0 -0 -1
vn -0 -0 1
vn 0 0 1
vn 0 -0 1
vn -0 -0 -1
vn -0 0 -1
vn -0 -0 -1
vn 0 0 1
vn -0 -0 -1
vn 0 -0 -1
vn -0 -0 -1
vn 0 0 1
vn -0 0 1
vn 0 0 1
vn -0 -0 -1
vn -0 0 -1
vn -0 0 -1
vn -0 -0 -1
vn -0 -0 -1
vn 0 -0 1
vn 0 -0 1
vn 0 0 1
vn 0 0 1
vn 0 0 1
vn -0 -0 -1
vn 0 0 1
vn -0.37364 0.92757 0
vn -0.89477 0.44652 0
vn -0.99979 -0.02041 0
vn -0.1408 0.99004 0
vn -0.96585 -0.25911 0
vn -0 -0 -1
vn -0 -0 -1
vn 0 0 1
vn 0 0 1
vn 0 -0 1
vn -0 -0 -1
vn 0 0 1
vn -0 0 -1
vn 0.96585 0.25911 -0
vn -0 0 -1
vn -0 -0 -1
vn 0 -0 1
vn 0 0 1
vn 0 0 1
vn 0 0 1
vn 0 -0 1
vn -0 -0 -1
vn -0 0 -1
vn -0 -0 -1
vn -0 0 -1
vn 0 -0 1
vn -0.97413 0.22597 0
vn 0.87579 0.4827 -0
vn -0 0 -1
vn 0 0 1
vn 0 -0 1
vn 0 0 1
vn -0 -0 -1
vn -0 0 -1
vn -0 -0 -1
vn 0 -0 1
vn 0 0 1
vn -0 -0 -1
vn 0.7619 -0.64769 -0
vn 0.89476 -0.44654 -0
vn 0 0 1
vn -0 -0 -1
vn 0 -0 1
vn -0 0 -1
vn 0 0 1
vn 0 -0 1
vn 0 -0 1
vn -0 0 -1
vn -0 -0 -1
vn 0 -0 1
vn -0 0 -1
vn -0 0 -1
vn 0 -0 1
vn -0 0 -1
vn 0 -0 1
vn -0 0 -1
vn -0 0 -1
vn 0 -0 1
vn -0 -0 1
vn 0 0 -1
vn -0 0 -1
vn 0 0 1
vn 0 -0 1
vn -0 -0 -1
vn -0 -0 -1
vn 0 0 1
vn -0.9201 0.39169 0
vn 0 -0 1
vn 0 -0 1
vn 0 0 1
vn -0 -0 -1
vn -0 0 -1
vn -0 0 -1
vn -0.92758 -0.37364 0
vn -0.92758 -0.37363 0
vn 0.92757 0.37364 -0
vn 0.92758 0.37364 -0
vn -0.2642 0.65589 0.70711
vn -0.19879 0.4935 0.84672
vn -0.04183 0.10386 0.99371
vn -0.04183 0.10386 0.99371
vn -0.19879 0.4935 0.84672
vn -0.1234 0.30636 0.94388
vn -0.1234 0.30636 0.94388
vn -0.37129 0.92174 0.11197
vn -0.37129 0.92174 0.11196
vn -0.35267 0.87552 0.33028
vn -0.35267 0.87552 0.33028
vn -0.31637 0.7854 0.53203
vn 0 -0 1
vn 0 -0 1
vn 0.37363 -0.92758 -1E-05
vn -0.37364 0.92758 -0
vn -0.37363 0.92758 0
vn -0.37364 0.92757 -0
vn -0.37364 0.92757 -1E-05
vn 0.37364 -0.92758 0
vn 0.37364 -0.92757 0
vn 0.37364 -0.92758 -0
vn -0.37363 0.92758 1E-05
vn 0.37364 -0.92758 -0
vn -0.37364 0.92758 0
vn -0.37364 0.92757 -1E-05
vn 0.37364 -0.92757 0
vn 0.37363 -0.92758 -1E-05
vn 0.37364 -0.92758 -0
vn 0.37364 -0.92757 1E-05
vn -0.37364 0.92758 0
vn -0.37364 0.92757 -0
vn 0 0 1
vn 0 0 1
vn 0 0 1
vn 0 -0 1
vn 0 -0 1
vn 0 -0 1
vn 0 -0 1
vn 0 -0 1
vn 0 0 1
vn -0 0 1
vn -0.37364 0.92758 0
vn -0.37364 0.92758 0
vn -0.37364 0.92758 -0
vn -0.37364 0.92758 -0
vn -0.37364 0.92758 0
vn -0.37363 0.92758 -0
vn -0.37364 0.92757 1E-05
vn -0.37364 0.92757 0
vn -0.37365 0.92757 -2E-05
vn -0.37363 0.92758 -1E-05
vn -0.37363 0.92758 1E-05
vn -0.37364 0.92757 0
vn -0.37363 0.92758 3E-05
vn -0.37359 0.92759 3E-05
vn -0.37364 0.92757 -0
vn -0.37364 0.92758 -0
vn -0.37364 0.92758 0
vn -0.37364 0.92758 0
f 1//1 2//1 3//1
f 4//2 3//2 2//2
f 4//3 5//3 3//3
f 6//4 2//4 7//4
f 6//4 4//4 2//4
f 4//5 8//5 5//5
f 9//6 10//6 7//6
f 11//7 7//7 10//7
f 11//8 6//8 7//8
f 11//9 12//9 6//9
f 6//10 12//10 13//10
f 14//11 15//11 13//11
f 16//12 17//12 4//12
f 6//13 13//13 18//13
f 18//14 16//14 4//14
f 6//15 18//15 4//15
f 17//16 8//16 4//16
f 15//17 19//17 18//17
f 13//18 15//18 18//18
f 18//19 19//19 16//19
f 14//20 7//20 15//20
f 19//21 15//21 2//21
f 20//22 19//22 2//22
f 9//23 7//23 14//23
f 15//24 7//24 2//24
f 1//25 20//25 2//25
f 5//26 21//26 3//26
f 22//27 3//27 21//27
f 23//28 24//28 25//28
f 26//29 22//29 21//29
f 5//30 25//30 21//30
f 5//31 23//31 25//31
f 27//32 21//32 28//32
f 27//33 26//33 21//33
f 28//34 21//34 29//34
f 25//35 30//35 31//35
f 29//36 21//36 32//36
f 25//37 31//37 33//37
f 25//38 33//38 32//38
f 25//39 32//39 21//39
f 25//40 34//40 30//40
f 24//41 34//41 25//41
f 35//42 1//42 3//42
f 22//43 35//43 3//43
f 36//44 23//44 5//44
f 8//45 36//45 5//45
f 16//46 20//46 17//46
f 19//47 20//47 16//47
f 17//48 1//48 8//48
f 20//49 1//49 17//49
f 8//50 35//50 36//50
f 1//51 35//51 8//51
f 36//52 22//52 23//52
f 35//53 22//53 36//53
f 37//54 38//54 39//54
f 39//55 38//55 40//55
f 26//56 37//56 24//56
f 24//57 37//57 39//57
f 22//58 26//58 23//58
f 23//59 26//59 24//59
f 39//60 41//60 42//60
f 24//61 42//61 34//61
f 39//62 42//62 24//62
f 40//63 41//63 39//63
f 40//64 43//64 41//64
f 44//65 45//65 43//65
f 44//66 43//66 40//66
f 46//67 47//67 38//67
f 48//68 47//68 46//68
f 46//69 38//69 49//69
f 50//70 37//70 26//70
f 49//71 38//71 37//71
f 49//72 37//72 50//72
f 50//73 26//73 27//73
f 51//74 52//74 53//74
f 51//75 53//75 54//75
f 52//76 11//76 10//76
f 52//77 10//77 53//77
f 55//78 10//78 9//78
f 56//79 53//79 10//79
f 11//80 57//80 58//80
f 52//81 57//81 11//81
f 56//82 10//82 59//82
f 59//83 10//83 55//83
f 11//84 58//84 60//84
f 11//85 60//85 12//85
f 57//86 61//86 62//86
f 63//87 61//87 57//87
f 64//88 65//88 56//88
f 52//89 63//89 57//89
f 65//90 53//90 56//90
f 66//91 54//91 53//91
f 67//92 63//92 52//92
f 66//93 68//93 54//93
f 51//94 67//94 52//94
f 69//95 67//95 51//95
f 70//96 54//96 71//96
f 72//97 73//97 74//97
f 51//98 75//98 69//98
f 70//99 76//99 54//99
f 51//100 74//100 75//100
f 71//101 54//101 68//101
f 72//102 74//102 51//102
f 77//103 76//103 70//103
f 72//104 54//104 76//104
f 72//105 51//105 54//105
f 78//106 79//106 80//106
f 65//107 66//107 53//107
f 62//108 78//108 80//108
f 61//109 78//109 62//109
f 71//110 68//110 75//110
f 77//111 70//111 73//111
f 66//112 65//112 67//112
f 67//113 65//113 63//113
f 68//114 66//114 69//114
f 75//115 68//115 69//115
f 70//116 71//116 74//116
f 74//117 71//117 75//117
f 73//111 70//111 74//111
f 69//114 66//114 67//114
f 79//118 81//118 82//118
f 83//119 81//119 79//119
f 84//120 83//120 78//120
f 78//121 83//121 79//121
f 61//122 84//122 78//122
f 64//123 84//123 61//123
f 65//124 64//124 63//124
f 63//124 64//124 61//124
f 55//125 9//125 60//125
f 60//126 9//126 12//126
f 59//127 55//127 60//127
f 58//128 59//128 60//128
f 9//129 14//129 12//129
f 12//130 14//130 13//130
f 80//131 85//131 62//131
f 86//132 85//132 80//132
f 62//133 56//133 57//133
f 57//134 59//134 58//134
f 56//135 59//135 57//135
f 85//136 56//136 62//136
f 87//137 86//137 88//137
f 88//138 86//138 80//138
f 89//139 90//139 91//139
f 92//140 90//140 89//140
f 93//141 92//141 89//141
f 94//142 93//142 95//142
f 95//143 93//143 89//143
f 96//144 94//144 95//144
f 97//145 98//145 88//145
f 90//146 99//146 100//146
f 100//147 99//147 97//147
f 101//148 98//148 99//148
f 99//149 98//149 97//149
f 98//150 87//150 88//150
f 64//151 56//151 85//151
f 91//152 90//152 100//152
f 97//153 102//153 100//153
f 100//154 102//154 91//154
f 47//155 103//155 104//155
f 38//156 47//156 40//156
f 40//156 47//156 44//156
f 44//157 47//157 104//157
f 105//158 106//158 104//158
f 103//159 107//159 105//159
f 104//160 103//160 105//160
f 107//161 94//161 96//161
f 105//161 107//161 96//161
f 108//162 103//162 47//162
f 108//163 109//163 103//163
f 44//164 110//164 45//164
f 106//165 110//165 104//165
f 104//166 110//166 44//166
f 108//167 47//167 48//167
f 109//168 107//168 103//168
f 111//169 106//169 95//169
f 91//170 102//170 111//170
f 95//171 106//171 96//171
f 96//172 106//172 105//172
f 89//173 111//173 95//173
f 91//174 111//174 89//174
f 112//175 90//175 92//175
f 101//176 90//176 112//176
f 112//177 92//177 93//177
f 109//178 93//178 94//178
f 109//179 94//179 107//179
f 101//180 99//180 90//180
f 109//181 112//181 93//181
f 112//182 109//182 111//182
f 109//183 108//183 106//183
f 111//184 109//184 106//184
f 106//185 108//185 110//185
f 83//186 86//186 87//186
f 83//187 84//187 86//187
f 80//188 79//188 88//188
f 84//189 85//189 86//189
f 84//190 64//190 85//190
f 79//191 82//191 88//191
f 88//192 82//192 97//192
f 81//193 87//193 98//193
f 81//194 83//194 87//194
f 82//195 102//195 97//195
f 113//196 114//196 115//196
f 116//197 117//197 102//197
f 115//198 117//198 118//198
f 116//199 102//199 82//199
f 115//200 114//200 117//200
f 118//201 117//201 116//201
f 119//202 120//202 118//202
f 81//203 121//203 82//203
f 116//204 119//204 118//204
f 82//205 121//205 116//205
f 118//206 120//206 115//206
f 121//207 119//207 116//207
f 115//208 122//208 113//208
f 120//208 122//208 115//208
f 123//209 119//209 121//209
f 124//210 122//210 120//210
f 123//211 120//211 119//211
f 124//212 120//212 123//212
f 123//213 121//213 101//213
f 124//214 123//214 114//214
f 114//214 123//214 117//214
f 117//215 101//215 102//215
f 123//216 101//216 117//216
f 102//217 112//217 111//217
f 101//218 81//218 98//218
f 101//219 121//219 81//219
f 101//220 112//220 102//220
f 125//221 29//221 32//221
f 126//222 32//222 127//222
f 33//223 127//223 32//223
f 33//223 128//223 127//223
f 33//224 129//224 128//224
f 130//225 129//225 33//225
f 31//226 130//226 33//226
f 126//227 125//227 32//227
f 131//228 132//228 128//228
f 133//229 134//229 127//229
f 135//230 136//230 128//230
f 134//231 137//231 127//231
f 137//232 138//232 127//232
f 138//233 139//233 127//233
f 139//234 126//234 127//234
f 140//235 135//235 128//235
f 132//236 140//236 128//236
f 129//237 131//237 128//237
f 50//238 27//238 42//238
f 42//239 27//239 34//239
f 34//240 28//240 30//240
f 27//241 28//241 34//241
f 30//242 29//242 31//242
f 28//243 29//243 30//243
f 31//244 125//244 130//244
f 29//244 125//244 31//244
f 130//245 126//245 129//245
f 131//246 138//246 132//246
f 139//246 138//246 131//246
f 126//247 139//247 129//247
f 125//248 126//248 130//248
f 129//247 139//247 131//247
f 132//249 137//249 140//249
f 133//250 141//250 136//250
f 136//250 141//250 142//250
f 134//251 133//251 135//251
f 135//251 133//251 136//251
f 137//252 134//252 140//252
f 138//249 137//249 132//249
f 140//252 134//252 135//252
f 142//253 143//253 144//253
f 144//254 143//254 145//254
f 141//253 143//253 142//253
f 143//254 146//254 145//254
f 43//255 46//255 41//255
f 46//256 49//256 41//256
f 41//257 50//257 42//257
f 49//258 50//258 41//258
f 147//259 148//259 149//259
f 148//260 150//260 151//260
f 149//261 148//261 151//261
f 152//259 147//259 149//259
f 151//262 48//262 45//262
f 48//263 46//263 45//263
f 45//264 46//264 43//264
f 153//265 147//265 152//265
f 150//262 48//262 151//262
f 154//266 155//266 156//266
f 146//267 154//267 157//267
f 157//266 154//266 156//266
f 145//267 146//267 157//267
f 158//268 159//268 160//268
f 160//269 159//269 161//269
f 155//270 158//270 162//270
f 161//271 163//271 153//271
f 159//269 163//269 161//269
f 164//265 147//265 153//265
f 156//270 155//270 162//270
f 163//271 164//271 153//271
f 162//268 158//268 160//268
f 165//272 166//272 127//272
f 167//273 165//273 127//273
f 136//274 168//274 128//274
f 166//275 133//275 127//275
f 168//276 169//276 128//276
f 169//277 170//277 128//277
f 145//278 171//278 144//278
f 142//279 168//279 136//279
f 172//280 168//280 142//280
f 144//281 172//281 142//281
f 171//282 172//282 144//282
f 162//283 173//283 156//283
f 156//284 173//284 174//284
f 157//285 175//285 145//285
f 157//286 174//286 175//286
f 175//287 171//287 145//287
f 156//288 174//288 157//288
f 176//289 146//289 143//289
f 166//290 141//290 133//290
f 177//291 143//291 141//291
f 177//292 176//292 143//292
f 166//293 177//293 141//293
f 178//294 158//294 155//294
f 178//295 155//295 179//295
f 180//296 154//296 146//296
f 179//297 155//297 154//297
f 179//298 154//298 180//298
f 176//299 180//299 146//299
f 175//300 176//300 171//300
f 180//300 176//300 175//300
f 171//301 177//301 172//301
f 176//245 177//245 171//245
f 172//302 166//302 168//302
f 177//48 166//48 172//48
f 166//303 165//303 168//303
f 168//304 165//304 169//304
f 169//305 167//305 170//305
f 165//306 167//306 169//306
f 170//307 181//307 182//307
f 167//308 181//308 170//308
f 182//309 183//309 184//309
f 181//309 183//309 182//309
f 151//310 185//310 149//310
f 149//311 185//311 152//311
f 110//312 185//312 151//312
f 45//313 110//313 151//313
f 185//314 186//314 152//314
f 153//315 186//315 161//315
f 152//316 186//316 153//316
f 161//317 186//317 160//317
f 185//318 187//318 186//318
f 186//319 188//319 160//319
f 160//320 188//320 162//320
f 189//321 108//321 150//321
f 189//322 150//322 148//322
f 110//323 189//323 185//323
f 108//323 189//323 110//323
f 108//324 48//324 150//324
f 187//325 164//325 163//325
f 187//326 163//326 159//326
f 189//327 187//327 185//327
f 187//328 147//328 164//328
f 187//329 189//329 147//329
f 189//330 148//330 147//330
f 190//331 187//331 159//331
f 188//332 173//332 162//332
f 188//333 191//333 173//333
f 192//334 191//334 188//334
f 190//335 159//335 158//335
f 193//336 194//336 190//336
f 193//337 190//337 178//337
f 192//338 195//338 191//338
f 178//339 190//339 158//339
f 194//340 196//340 192//340
f 192//341 196//341 197//341
f 190//342 194//342 192//342
f 187//343 190//343 186//343
f 192//344 198//344 195//344
f 186//345 190//345 188//345
f 188//346 190//346 192//346
f 179//347 180//347 174//347
f 178//240 179//240 173//240
f 191//348 178//348 173//348
f 193//348 178//348 191//348
f 174//349 180//349 175//349
f 173//350 179//350 174//350
f 199//351 200//351 198//351
f 201//352 199//352 202//352
f 202//353 199//353 198//353
f 200//354 193//354 191//354
f 195//354 200//354 191//354
f 198//355 200//355 195//355
f 202//356 197//356 203//356
f 197//357 204//357 203//357
f 192//358 197//358 202//358
f 197//359 205//359 204//359
f 204//360 205//360 206//360
f 192//361 202//361 198//361
f 200//362 194//362 193//362
f 201//363 194//363 199//363
f 199//364 194//364 200//364
f 207//365 196//365 208//365
f 209//366 196//366 207//366
f 196//367 201//367 208//367
f 196//368 194//368 201//368
f 210//145 207//145 204//145
f 207//369 208//369 203//369
f 203//370 201//370 202//370
f 206//371 210//371 204//371
f 208//370 201//370 203//370
f 211//372 212//372 206//372
f 212//373 210//373 206//373
f 206//374 205//374 211//374
f 204//375 207//375 203//375
f 209//376 207//376 210//376
f 209//377 210//377 212//377
f 184//378 213//378 214//378
f 183//379 213//379 184//379
f 215//380 216//380 217//380
f 214//381 213//381 217//381
f 213//382 215//382 217//382
f 217//383 216//383 218//383
f 218//384 216//384 219//384
f 220//385 221//385 222//385
f 223//386 221//386 220//386
f 221//385 224//385 222//385
f 219//387 225//387 226//387
f 225//388 223//388 226//388
f 226//389 223//389 220//389
f 216//390 225//390 219//390
f 224//391 227//391 228//391
f 229//392 225//392 216//392
f 227//393 212//393 211//393
f 228//394 227//394 211//394
f 219//395 230//395 218//395
f 222//396 224//396 228//396
f 226//397 231//397 219//397
f 232//398 223//398 225//398
f 197//399 196//399 205//399
f 196//400 209//400 205//400
f 233//401 234//401 205//401
f 235//402 236//402 209//402
f 234//403 237//403 205//403
f 205//404 237//404 211//404
f 205//405 236//405 233//405
f 209//406 236//406 205//406
f 236//407 238//407 239//407
f 233//408 240//408 234//408
f 239//409 241//409 233//409
f 233//410 241//410 240//410
f 239//411 242//411 241//411
f 233//412 236//412 239//412
f 243//413 238//413 236//413
f 244//414 245//414 220//414
f 222//415 244//415 220//415
f 246//416 244//416 222//416
f 220//417 245//417 226//417
f 245//418 231//418 226//418
f 237//419 246//419 228//419
f 230//420 247//420 218//420
f 228//421 246//421 222//421
f 211//422 237//422 228//422
f 231//423 230//423 219//423
f 248//424 212//424 227//424
f 248//425 209//425 212//425
f 249//426 221//426 223//426
f 249//427 250//427 221//427
f 232//428 249//428 223//428
f 251//429 227//429 224//429
f 251//430 248//430 227//430
f 229//431 232//431 225//431
f 252//432 229//432 216//432
f 250//433 224//433 221//433
f 250//434 251//434 224//434
f 241//240 253//240 240//240
f 242//435 243//435 241//435
f 254//111 243//111 242//111
f 240//436 235//436 234//436
f 254//437 238//437 243//437
f 248//438 235//438 209//438
f 253//439 236//439 235//439
f 253//440 235//440 240//440
f 243//241 253//241 241//241
f 243//441 236//441 253//441
f 245//442 232//442 231//442
f 249//442 232//442 245//442
f 234//443 248//443 237//443
f 235//443 248//443 234//443
f 250//303 249//303 244//303
f 244//444 249//444 245//444
f 237//445 251//445 246//445
f 251//446 250//446 246//446
f 246//447 250//447 244//447
f 248//448 251//448 237//448
f 255//449 256//449 257//449
f 255//450 257//450 258//450
f 256//451 259//451 257//451
f 256//452 260//452 259//452
f 256//453 261//453 260//453
f 257//454 259//454 262//454
f 262//455 259//455 263//455
f 259//456 264//456 265//456
f 259//457 266//457 263//457
f 259//458 265//458 266//458
f 259//459 267//459 264//459
f 264//460 267//460 268//460
f 269//461 167//461 127//461
f 128//462 270//462 269//462
f 170//463 270//463 128//463
f 269//464 181//464 167//464
f 127//465 128//465 269//465
f 182//466 270//466 170//466
f 184//467 270//467 182//467
f 214//468 270//468 184//468
f 218//469 270//469 217//469
f 269//470 216//470 215//470
f 217//471 270//471 214//471
f 269//472 213//472 183//472
f 269//473 183//473 181//473
f 269//474 215//474 213//474
f 269//475 252//475 216//475
f 247//476 270//476 218//476
f 269//477 271//477 272//477
f 269//478 272//478 252//478
f 273//479 270//479 247//479
f 274//480 270//480 273//480
f 231//481 229//481 230//481
f 232//481 229//481 231//481
f 247//482 252//482 273//482
f 230//483 252//483 247//483
f 229//483 252//483 230//483
f 252//482 272//482 273//482
f 273//253 271//253 274//253
f 272//253 271//253 273//253
f 274//484 275//484 276//484
f 271//484 275//484 274//484
f 276//485 270//485 274//485
f 269//486 275//486 271//486
f 277//487 270//487 278//487
f 278//488 270//488 279//488
f 269//489 270//489 277//489
f 270//490 280//490 281//490
f 282//491 283//491 284//491
f 281//492 280//492 283//492
f 281//493 283//493 282//493
f 280//265 285//265 283//265
f 281//494 282//494 286//494
f 287//495 288//495 281//495
f 288//496 289//496 281//496
f 289//497 290//497 281//497
f 279//498 270//498 281//498
f 279//499 281//499 290//499
f 291//500 287//500 281//500
f 292//501 287//501 291//501
f 293//502 292//502 294//502
f 294//502 292//502 291//502
f 295//503 293//503 296//503
f 296//504 293//504 294//504
f 297//505 295//505 296//505
f 298//506 299//506 297//506
f 300//507 299//507 298//507
f 267//508 301//508 268//508
f 299//509 295//509 297//509
f 268//510 301//510 302//510
f 302//511 303//511 304//511
f 301//512 303//512 302//512
f 304//513 300//513 298//513
f 303//514 300//514 304//514
f 305//515 295//515 299//515
f 76//516 306//516 307//516
f 76//517 307//517 72//517
f 307//518 308//518 309//518
f 310//519 306//519 311//519
f 312//520 306//520 310//520
f 311//521 76//521 77//521
f 72//522 309//522 73//522
f 307//523 313//523 308//523
f 311//524 306//524 76//524
f 307//525 309//525 72//525
f 307//526 314//526 313//526
f 315//527 306//527 312//527
f 307//528 316//528 314//528
f 317//529 306//529 315//529
f 316//530 318//530 314//530
f 308//351 310//351 309//351
f 315//531 312//531 314//531
f 311//532 77//532 309//532
f 309//532 77//532 73//532
f 314//531 312//531 313//531
f 310//533 311//533 309//533
f 312//534 310//534 313//534
f 313//535 310//535 308//535
f 318//536 319//536 314//536
f 319//537 315//537 314//537
f 320//145 319//145 318//145
f 321//538 322//538 323//538
f 322//394 324//394 323//394
f 325//145 320//145 318//145
f 323//539 320//539 325//539
f 324//265 320//265 323//265
f 319//540 317//540 315//540
f 325//541 326//541 323//541
f 306//542 317//542 316//542
f 306//543 316//543 307//543
f 317//544 327//544 316//544
f 317//545 328//545 327//545
f 329//546 317//546 319//546
f 325//547 330//547 326//547
f 318//548 330//548 325//548
f 316//549 330//549 318//549
f 331//550 328//550 332//550
f 329//551 328//551 317//551
f 327//552 333//552 330//552
f 332//553 328//553 334//553
f 327//554 330//554 316//554
f 327//555 335//555 336//555
f 334//556 328//556 329//556
f 327//557 336//557 333//557
f 337//558 338//558 339//558
f 340//559 341//559 342//559
f 338//560 341//560 340//560
f 343//561 322//561 321//561
f 344//562 337//562 339//562
f 339//563 338//563 340//563
f 122//564 337//564 344//564
f 113//564 122//564 344//564
f 342//565 343//565 321//565
f 341//566 343//566 342//566
f 339//567 345//567 344//567
f 346//568 341//568 338//568
f 340//569 347//569 345//569
f 342//570 347//570 340//570
f 340//571 345//571 339//571
f 344//572 345//572 114//572
f 124//573 337//573 122//573
f 344//574 114//574 113//574
f 348//575 349//575 321//575
f 342//576 350//576 347//576
f 349//577 350//577 342//577
f 321//578 349//578 342//578
f 326//579 348//579 323//579
f 323//580 348//580 321//580
f 351//581 320//581 324//581
f 352//582 351//582 324//582
f 352//583 324//583 322//583
f 353//584 354//584 343//584
f 354//585 322//585 343//585
f 354//586 352//586 322//586
f 329//587 319//587 320//587
f 346//588 337//588 124//588
f 346//589 338//589 337//589
f 355//402 341//402 346//402
f 355//590 343//590 341//590
f 346//591 124//591 114//591
f 355//592 346//592 347//592
f 347//593 346//593 345//593
f 345//591 346//591 114//591
f 356//594 355//594 357//594
f 357//595 355//595 347//595
f 353//596 343//596 355//596
f 358//597 359//597 347//597
f 350//598 358//598 347//598
f 354//49 353//49 349//49
f 349//48 353//48 350//48
f 350//599 360//599 358//599
f 353//51 360//51 350//51
f 329//600 320//600 351//600
f 358//52 361//52 359//52
f 360//53 361//53 358//53
f 330//601 351//601 326//601
f 334//129 329//129 333//129
f 348//602 354//602 349//602
f 326//603 352//603 348//603
f 351//604 352//604 326//604
f 333//130 329//130 330//130
f 329//605 351//605 330//605
f 352//606 354//606 348//606
f 331//607 332//607 335//607
f 335//608 332//608 336//608
f 362//135 331//135 363//135
f 332//609 334//609 336//609
f 336//610 334//610 333//610
f 363//134 331//134 335//134
f 364//611 365//611 366//611
f 366//612 365//612 367//612
f 359//613 364//613 366//613
f 361//614 364//614 359//614
f 368//615 356//615 369//615
f 369//616 356//616 357//616
f 359//617 366//617 357//617
f 366//618 367//618 357//618
f 367//619 369//619 357//619
f 359//620 357//620 347//620
f 370//621 369//621 367//621
f 371//622 369//622 370//622
f 364//623 361//623 356//623
f 356//624 361//624 355//624
f 368//625 365//625 356//625
f 361//626 360//626 355//626
f 368//627 372//627 365//627
f 368//628 373//628 372//628
f 365//629 364//629 356//629
f 360//630 353//630 355//630
f 370//156 373//156 371//156
f 372//156 373//156 370//156
f 367//631 372//631 370//631
f 365//632 372//632 367//632
f 374//633 369//633 371//633
f 373//634 375//634 374//634
f 371//635 373//635 374//635
f 374//160 375//160 376//160
f 376//161 377//161 378//161
f 375//159 377//159 376//159
f 377//161 379//161 378//161
f 380//336 375//336 368//336
f 380//636 377//636 375//636
f 376//637 381//637 382//637
f 376//638 382//638 374//638
f 374//639 382//639 369//639
f 383//640 377//640 380//640
f 368//641 375//641 373//641
f 331//642 384//642 328//642
f 385//643 335//643 327//643
f 328//644 385//644 327//644
f 328//645 384//645 385//645
f 385//646 363//646 335//646
f 386//647 362//647 363//647
f 385//648 387//648 363//648
f 387//649 386//649 363//649
f 388//650 386//650 387//650
f 389//651 390//651 391//651
f 388//652 390//652 389//652
f 387//653 390//653 388//653
f 385//654 390//654 387//654
f 392//655 393//655 394//655
f 392//656 395//656 393//656
f 392//657 384//657 386//657
f 392//658 386//658 395//658
f 386//659 384//659 362//659
f 362//660 384//660 331//660
f 384//661 392//661 390//661
f 384//661 390//661 385//661
f 392//662 396//662 397//662
f 392//663 397//663 390//663
f 396//664 392//664 394//664
f 390//665 397//665 391//665
f 393//666 395//666 388//666
f 398//667 399//667 391//667
f 395//668 386//668 388//668
f 399//149 394//149 391//149
f 394//669 393//669 391//669
f 391//670 393//670 389//670
f 389//671 393//671 388//671
f 400//152 401//152 398//152
f 402//672 403//672 404//672
f 378//673 379//673 405//673
f 401//146 399//146 398//146
f 403//674 401//674 400//674
f 405//675 402//675 404//675
f 404//676 403//676 400//676
f 379//677 402//677 405//677
f 396//678 399//678 401//678
f 391//679 397//679 398//679
f 398//680 397//680 400//680
f 396//681 394//681 399//681
f 378//682 406//682 407//682
f 405//285 408//285 406//285
f 404//683 409//683 408//683
f 404//684 408//684 405//684
f 405//685 406//685 378//685
f 376//686 407//686 381//686
f 378//682 407//682 376//682
f 410//687 379//687 411//687
f 410//688 402//688 379//688
f 411//689 377//689 383//689
f 412//690 403//690 402//690
f 412//691 402//691 410//691
f 413//692 403//692 412//692
f 411//693 379//693 377//693
f 414//694 396//694 401//694
f 414//695 401//695 403//695
f 396//696 414//696 415//696
f 396//697 415//697 397//697
f 400//698 415//698 404//698
f 397//699 415//699 400//699
f 415//700 416//700 409//700
f 415//701 417//701 416//701
f 404//702 415//702 409//702
f 414//703 418//703 419//703
f 414//704 403//704 413//704
f 414//705 419//705 415//705
f 418//706 414//706 420//706
f 421//707 414//707 413//707
f 420//708 414//708 421//708
f 415//709 419//709 417//709
f 422//710 423//710 382//710
f 382//711 424//711 422//711
f 381//712 424//712 382//712
f 382//713 380//713 369//713
f 423//710 380//710 382//710
f 425//714 383//714 380//714
f 425//715 380//715 423//715
f 380//716 368//716 369//716
f 422//717 426//717 427//717
f 428//718 426//718 422//718
f 426//719 429//719 427//719
f 429//720 430//720 427//720
f 431//721 428//721 422//721
f 427//722 432//722 422//722
f 424//723 431//723 422//723
f 433//724 434//724 432//724
f 434//725 435//725 423//725
f 434//726 423//726 432//726
f 432//727 423//727 422//727
f 435//728 425//728 423//728
f 436//729 437//729 438//729
f 439//730 440//730 436//730
f 440//731 437//731 436//731
f 441//732 432//732 427//732
f 438//733 441//733 427//733
f 437//734 441//734 438//734
f 442//735 443//735 441//735
f 443//736 432//736 441//736
f 444//737 445//737 438//737
f 443//738 446//738 432//738
f 438//739 445//739 447//739
f 430//740 444//740 438//740
f 448//741 442//741 441//741
f 446//742 433//742 432//742
f 438//743 447//743 436//743
f 427//744 430//744 438//744
f 449//745 450//745 451//745
f 239//746 238//746 452//746
f 452//747 453//747 454//747
f 452//748 454//748 455//748
f 451//749 450//749 238//749
f 238//750 450//750 452//750
f 239//751 455//751 242//751
f 452//752 455//752 239//752
f 451//753 238//753 254//753
f 456//754 457//754 439//754
f 456//755 458//755 453//755
f 457//756 440//756 439//756
f 459//757 457//757 460//757
f 460//213 457//213 450//213
f 456//758 461//758 458//758
f 456//759 453//759 452//759
f 450//760 457//760 456//760
f 462//761 457//761 459//761
f 452//762 450//762 456//762
f 451//763 254//763 455//763
f 455//764 254//764 242//764
f 449//765 451//765 455//765
f 460//766 450//766 449//766
f 453//264 449//264 454//264
f 454//767 449//767 455//767
f 459//768 460//768 458//768
f 458//768 460//768 453//768
f 463//769 464//769 458//769
f 464//770 459//770 458//770
f 460//263 449//263 453//263
f 465//771 464//771 463//771
f 466//772 465//772 467//772
f 468//773 465//773 466//773
f 467//774 465//774 463//774
f 469//775 468//775 466//775
f 470//775 469//775 466//775
f 470//776 471//776 472//776
f 472//777 473//777 474//777
f 475//778 476//778 466//778
f 463//779 477//779 467//779
f 458//780 478//780 463//780
f 461//781 478//781 458//781
f 466//782 476//782 470//782
f 478//783 477//783 463//783
f 477//784 475//784 467//784
f 467//785 475//785 466//785
f 479//786 468//786 469//786
f 480//787 481//787 465//787
f 482//788 469//788 483//788
f 481//789 484//789 464//789
f 484//790 459//790 464//790
f 480//791 465//791 468//791
f 479//792 480//792 468//792
f 481//793 464//793 465//793
f 484//794 462//794 459//794
f 485//795 483//795 486//795
f 436//796 487//796 488//796
f 488//797 489//797 439//797
f 436//798 488//798 439//798
f 439//799 490//799 456//799
f 489//800 490//800 439//800
f 436//801 447//801 491//801
f 436//802 491//802 487//802
f 490//302 492//302 493//302
f 494//803 495//803 488//803
f 495//445 496//445 489//445
f 493//804 461//804 456//804
f 489//805 496//805 490//805
f 496//48 492//48 490//48
f 490//806 493//806 456//806
f 488//803 495//803 489//803
f 496//807 440//807 457//807
f 496//808 495//808 440//808
f 497//809 437//809 498//809
f 498//810 437//810 494//810
f 495//811 494//811 440//811
f 492//812 496//812 457//812
f 494//813 437//813 440//813
f 462//814 492//814 457//814
f 499//815 437//815 497//815
f 499//163 441//163 437//163
f 448//816 441//816 499//816
f 499//817 497//817 447//817
f 447//817 497//817 491//817
f 491//350 498//350 487//350
f 497//240 498//240 491//240
f 487//818 494//818 488//818
f 498//819 494//819 487//819
f 500//820 501//820 502//820
f 448//354 499//354 447//354
f 501//351 448//351 503//351
f 502//821 501//821 503//821
f 503//355 448//355 445//355
f 445//354 448//354 447//354
f 471//822 473//822 472//822
f 493//246 462//246 461//246
f 492//246 462//246 493//246
f 482//823 479//823 469//823
f 461//305 484//305 478//305
f 462//306 484//306 461//306
f 476//824 471//824 470//824
f 485//825 482//825 483//825
f 478//826 481//826 477//826
f 484//827 481//827 478//827
f 477//828 480//828 475//828
f 482//829 485//829 471//829
f 481//828 480//828 477//828
f 471//830 485//830 473//830
f 475//831 479//831 476//831
f 480//832 479//832 475//832
f 476//833 482//833 471//833
f 479//834 482//834 476//834
f 504//388 505//388 506//388
f 506//835 505//835 507//835
f 485//390 504//390 508//390
f 508//387 504//387 506//387
f 473//384 485//384 508//384
f 505//836 509//836 507//836
f 412//111 410//111 408//111
f 408//435 410//435 406//435
f 406//240 411//240 407//240
f 410//241 411//241 406//241
f 407//436 383//436 381//436
f 411//440 383//440 407//440
f 381//443 425//443 424//443
f 383//443 425//443 381//443
f 424//445 435//445 431//445
f 435//446 434//446 431//446
f 428//837 433//837 426//837
f 431//446 434//446 428//446
f 434//838 433//838 428//838
f 425//448 435//448 424//448
f 442//482 510//482 444//482
f 430//483 442//483 444//483
f 446//481 443//481 429//481
f 429//481 443//481 430//481
f 433//442 446//442 426//442
f 426//442 446//442 429//442
f 443//483 442//483 430//483
f 444//482 510//482 511//482
f 511//253 512//253 513//253
f 510//253 512//253 511//253
f 512//484 514//484 515//484
f 513//484 512//484 515//484
f 413//532 412//532 408//532
f 421//839 413//839 416//839
f 416//840 413//840 409//840
f 409//841 413//841 408//841
f 420//263 421//263 417//263
f 516//768 517//768 417//768
f 518//771 519//771 520//771
f 520//842 517//842 516//842
f 417//264 421//264 416//264
f 517//768 420//768 417//768
f 521//771 518//771 520//771
f 519//843 517//843 520//843
f 522//773 518//773 521//773
f 523//844 524//844 525//844
f 526//775 522//775 527//775
f 525//775 526//775 527//775
f 524//844 526//844 525//844
f 527//845 522//845 521//845
f 528//846 529//846 523//846
f 529//846 524//846 523//846
f 530//847 531//847 532//847
f 531//270 529//270 528//270
f 532//270 531//270 528//270
f 514//848 530//848 533//848
f 533//847 530//847 532//847
f 515//848 514//848 533//848
f 418//849 534//849 535//849
f 418//849 535//849 419//849
f 534//850 418//850 519//850
f 419//851 535//851 520//851
f 417//852 419//852 516//852
f 516//853 419//853 520//853
f 418//854 517//854 519//854
f 418//855 420//855 517//855
f 534//856 518//856 522//856
f 534//857 519//857 518//857
f 534//858 522//858 526//858
f 534//859 526//859 524//859
f 534//860 524//860 529//860
f 523//861 535//861 528//861
f 525//862 535//862 523//862
f 527//863 535//863 525//863
f 521//864 535//864 527//864
f 520//865 535//865 521//865
f 513//866 502//866 503//866
f 515//867 502//867 513//867
f 511//868 503//868 445//868
f 511//869 445//869 444//869
f 513//870 503//870 511//870
f 515//871 536//871 502//871
f 532//872 537//872 533//872
f 533//873 537//873 536//873
f 533//874 536//874 515//874
f 532//875 538//875 537//875
f 528//876 538//876 532//876
f 500//877 512//877 501//877
f 539//878 514//878 500//878
f 501//879 510//879 448//879
f 501//880 512//880 510//880
f 448//881 510//881 442//881
f 500//882 514//882 512//882
f 540//883 531//883 541//883
f 539//884 530//884 514//884
f 541//885 531//885 530//885
f 541//886 530//886 539//886
f 540//887 529//887 531//887
f 542//888 534//888 543//888
f 535//889 544//889 545//889
f 543//890 534//890 540//890
f 534//891 529//891 540//891
f 535//892 545//892 538//892
f 528//893 535//893 538//893
f 539//894 500//894 536//894
f 536//894 500//894 502//894
f 541//261 539//261 536//261
f 540//145 541//145 537//145
f 537//895 541//895 536//895
f 538//371 540//371 537//371
f 542//393 543//393 545//393
f 507//896 509//896 546//896
f 543//265 540//265 538//265
f 546//897 547//897 544//897
f 509//896 547//896 546//896
f 544//394 542//394 545//394
f 547//898 542//898 544//898
f 545//265 543//265 538//265
f 483//844 469//844 470//844
f 276//848 275//848 548//848
f 486//846 483//846 472//846
f 472//844 483//844 470//844
f 549//270 486//270 474//270
f 474//846 486//846 472//846
f 550//847 549//847 551//847
f 551//270 549//270 474//270
f 275//848 550//848 548//848
f 548//847 550//847 551//847
f 552//899 275//899 269//899
f 276//900 553//900 270//900
f 552//901 485//901 486//901
f 552//902 486//902 549//902
f 473//903 553//903 474//903
f 548//904 553//904 276//904
f 551//905 553//905 548//905
f 474//906 553//906 551//906
f 552//907 549//907 550//907
f 552//908 550//908 275//908
f 552//909 504//909 485//909
f 552//910 505//910 504//910
f 506//911 553//911 508//911
f 508//912 553//912 473//912
f 552//913 509//913 505//913
f 507//914 553//914 506//914
f 552//915 542//915 547//915
f 552//916 547//916 509//916
f 535//917 553//917 544//917
f 544//918 553//918 546//918
f 552//919 534//919 542//919
f 546//920 553//920 507//920
f 535//921 534//921 552//921
f 553//922 535//922 552//922
f 285//923 280//923 554//923
f 283//924 555//924 556//924
f 283//925 285//925 555//925
f 270//926 553//926 554//926
f 285//927 554//927 555//927
f 280//928 270//928 554//928
f 284//929 283//929 556//929
f 282//930 284//930 557//930
f 286//931 558//931 559//931
f 286//932 557//932 558//932
f 284//933 556//933 560//933
f 286//934 282//934 557//934
f 281//935 286//935 559//935
f 284//936 560//936 557//936
f 269//937 277//937 552//937
f 561//938 278//938 562//938
f 277//939 278//939 561//939
f 562//940 279//940 563//940
f 552//941 277//941 561//941
f 278//942 279//942 562//942
f 563//943 279//943 564//943
f 288//944 287//944 565//944
f 279//945 290//945 564//945
f 564//946 289//946 566//946
f 290//947 289//947 564//947
f 566//948 288//948 565//948
f 289//949 288//949 566//949
f 565//950 287//950 567//950
f 281//951 568//951 291//951
f 559//952 568//952 281//952
f 553//953 561//953 562//953
f 553//954 552//954 561//954
f 553//955 562//955 563//955
f 556//246 559//246 557//246
f 554//956 559//956 556//956
f 554//957 553//957 559//957
f 556//246 557//246 560//246
f 555//958 554//958 556//958
f 557//246 559//246 558//246
f 564//959 566//959 559//959
f 559//960 563//960 564//960
f 565//961 567//961 559//961
f 553//962 563//962 559//962
f 566//963 565//963 559//963
f 567//964 568//964 559//964
f 567//965 287//965 292//965
f 569//965 567//965 292//965
f 570//966 292//966 293//966
f 571//967 572//967 299//967
f 570//968 569//968 292//968
f 305//969 293//969 295//969
f 572//970 305//970 299//970
f 305//971 570//971 293//971
f 567//972 569//972 568//972
f 568//973 570//973 573//973
f 569//973 570//973 568//973
f 570//974 305//974 573//974
f 574//975 572//975 575//975
f 305//976 572//976 574//976
f 575//977 571//977 576//977
f 572//978 571//978 575//978
f 573//979 305//979 574//979
f 576//980 577//980 578//980
f 579//981 580//981 581//981
f 581//982 580//982 582//982
f 577//983 579//983 578//983
f 578//984 579//984 581//984
f 571//985 577//985 576//985
f 580//986 583//986 582//986
f 580//987 584//987 583//987
f 585//988 586//988 587//988
f 588//989 586//989 589//989
f 589//990 586//990 584//990
f 587//991 590//991 591//991
f 584//992 585//992 592//992
f 584//993 586//993 585//993
f 583//994 584//994 593//994
f 593//995 584//995 594//995
f 594//996 584//996 592//996
f 587//997 586//997 590//997
f 595//998 596//998 597//998
f 595//998 597//998 598//998
f 596//999 599//999 600//999
f 596//1000 601//1000 602//1000
f 595//1001 603//1001 596//1001
f 596//1000 602//1000 597//1000
f 596//1002 603//1002 599//1002
f 596//1003 600//1003 601//1003
f 604//1004 597//1004 605//1004
f 604//1005 598//1005 597//1005
f 605//1006 597//1006 606//1006
f 606//1007 597//1007 602//1007
f 607//1008 608//1008 609//1008
f 607//1009 610//1009 608//1009
f 601//1010 609//1010 602//1010
f 601//1011 607//1011 609//1011
f 607//1012 611//1012 610//1012
f 601//1013 612//1013 607//1013
f 613//1014 612//1014 601//1014
f 612//1015 614//1015 607//1015
f 600//1016 615//1016 601//1016
f 614//1017 611//1017 607//1017
f 615//1018 613//1018 601//1018
f 616//1019 606//1019 602//1019
f 617//1020 618//1020 609//1020
f 619//1021 616//1021 602//1021
f 618//1022 619//1022 602//1022
f 620//1023 617//1023 609//1023
f 618//1024 602//1024 609//1024
f 606//1025 616//1025 615//1025
f 613//1026 619//1026 612//1026
f 616//1027 619//1027 613//1027
f 615//1028 616//1028 613//1028
f 600//1025 606//1025 615//1025
f 612//1029 618//1029 614//1029
f 617//1030 620//1030 611//1030
f 611//1031 620//1031 621//1031
f 618//1029 617//1029 614//1029
f 614//1032 617//1032 611//1032
f 619//1033 618//1033 612//1033
f 622//1034 608//1034 623//1034
f 610//1035 623//1035 608//1035
f 610//1036 624//1036 623//1036
f 625//1037 608//1037 622//1037
f 610//1038 626//1038 624//1038
f 627//1039 608//1039 625//1039
f 610//1040 628//1040 626//1040
f 610//1041 629//1041 628//1041
f 630//1042 631//1042 624//1042
f 624//1043 631//1043 632//1043
f 631//1044 633//1044 632//1044
f 633//864 634//864 632//864
f 626//1045 630//1045 624//1045
f 635//1046 636//1046 623//1046
f 635//1047 623//1047 637//1047
f 624//1048 632//1048 637//1048
f 636//1049 622//1049 623//1049
f 624//1048 637//1048 623//1048
f 638//1050 620//1050 608//1050
f 620//1051 609//1051 608//1051
f 611//1052 621//1052 610//1052
f 627//1053 638//1053 608//1053
f 621//1054 629//1054 610//1054
f 638//1055 639//1055 621//1055
f 621//1056 639//1056 640//1056
f 620//1057 638//1057 621//1057
f 641//1058 642//1058 643//1058
f 643//1059 642//1059 644//1059
f 640//1060 644//1060 645//1060
f 643//1061 644//1061 640//1061
f 641//1062 646//1062 642//1062
f 621//1063 645//1063 629//1063
f 640//1064 645//1064 621//1064
f 647//1065 639//1065 638//1065
f 648//1066 649//1066 639//1066
f 647//1067 638//1067 627//1067
f 648//1068 639//1068 647//1068
f 650//1069 649//1069 648//1069
f 650//1070 651//1070 649//1070
f 625//1071 622//1071 626//1071
f 626//1072 622//1072 630//1072
f 630//1073 636//1073 631//1073
f 622//1072 636//1072 630//1072
f 631//1074 635//1074 633//1074
f 636//1028 635//1028 631//1028
f 633//1075 652//1075 634//1075
f 635//1074 652//1074 633//1074
f 628//1076 625//1076 626//1076
f 647//1077 627//1077 629//1077
f 629//1078 627//1078 628//1078
f 645//1079 647//1079 629//1079
f 627//1078 625//1078 628//1078
f 653//1080 651//1080 650//1080
f 648//1081 647//1081 645//1081
f 650//1082 648//1082 642//1082
f 644//1083 648//1083 645//1083
f 642//1082 648//1082 644//1082
f 654//1084 655//1084 656//1084
f 657//1084 655//1084 654//1084
f 656//1085 658//1085 659//1085
f 655//1086 658//1086 656//1086
f 646//1087 653//1087 642//1087
f 659//1088 653//1088 646//1088
f 658//1088 653//1088 659//1088
f 653//1089 650//1089 642//1089
f 660//1090 657//1090 654//1090
f 661//1091 662//1091 595//1091
f 661//1092 598//1092 663//1092
f 661//1093 595//1093 598//1093
f 664//1094 663//1094 665//1094
f 664//1094 661//1094 663//1094
f 666//1095 598//1095 667//1095
f 666//1096 663//1096 598//1096
f 595//1097 662//1097 668//1097
f 595//1098 668//1098 669//1098
f 595//1099 669//1099 603//1099
f 670//1100 598//1100 604//1100
f 667//1101 598//1101 670//1101
f 605//1102 606//1102 600//1102
f 670//1079 604//1079 603//1079
f 604//1103 605//1103 599//1103
f 603//1104 604//1104 599//1104
f 599//1105 605//1105 600//1105
f 669//1079 670//1079 603//1079
f 671//1106 666//1106 672//1106
f 662//1107 667//1107 668//1107
f 666//1108 667//1108 662//1108
f 672//1109 666//1109 662//1109
f 673//1110 671//1110 672//1110
f 668//1111 670//1111 669//1111
f 674//1110 673//1110 672//1110
f 667//1111 670//1111 668//1111
f 664//1112 675//1112 661//1112
f 676//1113 677//1113 663//1113
f 675//1114 678//1114 661//1114
f 661//1115 678//1115 662//1115
f 677//1116 665//1116 663//1116
f 679//1117 665//1117 680//1117
f 679//1118 664//1118 665//1118
f 664//1119 681//1119 682//1119
f 683//1120 665//1120 684//1120
f 679//1121 681//1121 664//1121
f 677//1122 684//1122 665//1122
f 685//1123 680//1123 686//1123
f 687//1124 675//1124 664//1124
f 679//1125 688//1125 681//1125
f 664//1126 682//1126 687//1126
f 686//1127 665//1127 683//1127
f 686//1128 680//1128 665//1128
f 678//1129 689//1129 662//1129
f 676//1130 663//1130 666//1130
f 689//1131 690//1131 672//1131
f 662//1132 689//1132 672//1132
f 672//1133 690//1133 674//1133
f 691//1134 692//1134 693//1134
f 690//1135 694//1135 674//1135
f 674//1136 694//1136 691//1136
f 694//1137 692//1137 691//1137
f 695//1138 696//1138 671//1138
f 695//1139 671//1139 673//1139
f 697//1140 698//1140 699//1140
f 698//1141 695//1141 673//1141
f 698//1142 673//1142 699//1142
f 697//1143 699//1143 700//1143
f 696//1144 676//1144 666//1144
f 696//1145 666//1145 671//1145
f 676//1146 696//1146 678//1146
f 678//1146 696//1146 689//1146
f 682//1147 683//1147 687//1147
f 689//1075 696//1075 690//1075
f 687//1148 684//1148 675//1148
f 683//1149 684//1149 687//1149
f 675//1150 677//1150 678//1150
f 684//1148 677//1148 675//1148
f 677//1151 676//1151 678//1151
f 686//1152 683//1152 682//1152
f 681//1104 686//1104 682//1104
f 688//1153 685//1153 681//1153
f 685//1153 686//1153 681//1153
f 698//1154 697//1154 694//1154
f 694//1154 697//1154 692//1154
f 701//1155 702//1155 703//1155
f 703//1155 702//1155 704//1155
f 697//1156 701//1156 703//1156
f 692//1156 697//1156 703//1156
f 690//1157 695//1157 694//1157
f 696//1158 695//1158 690//1158
f 695//1157 698//1157 694//1157
f 705//1159 706//1159 707//1159
f 707//1160 706//1160 708//1160
f 704//1161 705//1161 707//1161
f 702//1161 705//1161 704//1161
f 639//1162 649//1162 643//1162
f 641//1163 651//1163 709//1163
f 649//1164 651//1164 643//1164
f 651//1163 710//1163 709//1163
f 643//1161 651//1161 641//1161
f 640//1165 639//1165 643//1165
f 709//1166 711//1166 712//1166
f 713//1167 714//1167 715//1167
f 715//1168 714//1168 716//1168
f 710//1166 711//1166 709//1166
f 712//1169 713//1169 715//1169
f 711//1170 713//1170 712//1170
f 709//1171 717//1171 641//1171
f 699//1172 673//1172 691//1172
f 693//1173 699//1173 691//1173
f 700//1174 699//1174 693//1174
f 691//1175 673//1175 674//1175
f 718//1176 700//1176 693//1176
f 719//1176 700//1176 718//1176
f 714//1177 720//1177 716//1177
f 721//1178 719//1178 722//1178
f 722//1179 719//1179 718//1179
f 720//1180 721//1180 723//1180
f 723//1181 721//1181 722//1181
f 716//1182 720//1182 723//1182
f 693//1183 724//1183 718//1183
f 718//1184 724//1184 722//1184
f 722//1185 724//1185 725//1185
f 725//1186 726//1186 716//1186
f 712//1187 726//1187 709//1187
f 715//1188 726//1188 712//1188
f 716//1189 726//1189 715//1189
f 722//1190 725//1190 723//1190
f 726//1191 717//1191 709//1191
f 723//1192 725//1192 716//1192
f 727//1193 728//1193 714//1193
f 727//1194 714//1194 713//1194
f 727//1195 713//1195 711//1195
f 729//1196 719//1196 721//1196
f 727//1197 711//1197 710//1197
f 729//1198 700//1198 719//1198
f 729//1199 721//1199 728//1199
f 728//1200 721//1200 720//1200
f 728//1201 720//1201 714//1201
f 727//1202 730//1202 717//1202
f 730//1203 651//1203 653//1203
f 728//1204 727//1204 726//1204
f 726//1202 727//1202 717//1202
f 725//1205 728//1205 726//1205
f 730//1206 727//1206 710//1206
f 641//1207 717//1207 646//1207
f 730//1208 710//1208 651//1208
f 646//1209 717//1209 659//1209
f 730//1210 653//1210 658//1210
f 717//1211 730//1211 731//1211
f 659//1212 731//1212 656//1212
f 730//1211 732//1211 731//1211
f 656//1213 731//1213 654//1213
f 717//1214 731//1214 659//1214
f 732//1215 658//1215 655//1215
f 732//1216 730//1216 658//1216
f 731//1217 733//1217 654//1217
f 729//1218 728//1218 725//1218
f 734//1219 729//1219 724//1219
f 724//1220 729//1220 725//1220
f 734//1221 701//1221 729//1221
f 735//1222 734//1222 724//1222
f 703//1223 735//1223 724//1223
f 729//1224 701//1224 697//1224
f 692//1225 724//1225 693//1225
f 729//1226 697//1226 700//1226
f 703//1227 724//1227 692//1227
f 736//1228 737//1228 735//1228
f 707//1229 735//1229 704//1229
f 704//1230 735//1230 703//1230
f 734//1231 705//1231 702//1231
f 734//1232 702//1232 701//1232
f 737//1233 734//1233 735//1233
f 707//1234 736//1234 735//1234
f 708//1235 736//1235 707//1235
f 737//1236 706//1236 705//1236
f 737//1237 705//1237 734//1237
f 738//1238 739//1238 632//1238
f 740//1239 738//1239 632//1239
f 741//1240 652//1240 637//1240
f 634//1241 740//1241 632//1241
f 742//1242 741//1242 637//1242
f 743//1243 742//1243 637//1243
f 744//1244 743//1244 637//1244
f 652//1245 635//1245 637//1245
f 652//1158 741//1158 634//1158
f 742//1246 743//1246 740//1246
f 740//1246 743//1246 738//1246
f 634//1032 742//1032 740//1032
f 741//1032 742//1032 634//1032
f 743//1247 744//1247 739//1247
f 738//1247 743//1247 739//1247
f 739//1248 745//1248 632//1248
f 745//1249 746//1249 632//1249
f 747//1250 744//1250 637//1250
f 746//1251 748//1251 632//1251
f 739//1252 749//1252 750//1252
f 751//1253 752//1253 753//1253
f 744//1252 749//1252 739//1252
f 749//1254 754//1254 750//1254
f 754//1255 752//1255 751//1255
f 750//1256 754//1256 751//1256
f 753//1257 755//1257 756//1257
f 752//1258 755//1258 753//1258
f 757//1259 758//1259 759//1259
f 758//1260 657//1260 660//1260
f 759//1259 758//1259 660//1259
f 760//1261 757//1261 759//1261
f 761//1262 762//1262 763//1262
f 756//1263 761//1263 763//1263
f 764//1182 765//1182 760//1182
f 755//1264 761//1264 756//1264
f 765//1261 757//1261 760//1261
f 763//1262 762//1262 764//1262
f 762//1182 765//1182 764//1182
f 766//1265 767//1265 753//1265
f 756//1266 768//1266 766//1266
f 753//1267 767//1267 751//1267
f 756//1268 766//1268 753//1268
f 763//1269 768//1269 756//1269
f 750//1270 745//1270 739//1270
f 751//1271 769//1271 750//1271
f 767//1272 769//1272 751//1272
f 764//1273 770//1273 763//1273
f 763//1274 770//1274 768//1274
f 771//1275 762//1275 761//1275
f 772//1276 747//1276 637//1276
f 773//1277 772//1277 637//1277
f 769//1278 745//1278 750//1278
f 774//1279 752//1279 754//1279
f 774//1280 775//1280 752//1280
f 776//1281 755//1281 775//1281
f 775//1282 755//1282 752//1282
f 776//1283 761//1283 755//1283
f 777//1284 754//1284 749//1284
f 777//1285 774//1285 754//1285
f 771//1286 761//1286 776//1286
f 747//1287 749//1287 744//1287
f 747//1288 777//1288 749//1288
f 774//1073 777//1073 769//1073
f 766//1289 775//1289 767//1289
f 769//1033 777//1033 745//1033
f 767//1028 774//1028 769//1028
f 775//1290 774//1290 767//1290
f 748//1291 773//1291 778//1291
f 772//1032 773//1032 748//1032
f 745//246 747//246 746//246
f 777//1026 747//1026 745//1026
f 746//1032 772//1032 748//1032
f 747//1292 772//1292 746//1292
f 779//1247 780//1247 778//1247
f 778//1247 780//1247 781//1247
f 773//1291 779//1291 778//1291
f 748//1293 782//1293 632//1293
f 783//1294 637//1294 782//1294
f 637//1295 632//1295 782//1295
f 783//1296 773//1296 637//1296
f 731//1297 784//1297 733//1297
f 654//316 733//316 660//316
f 733//1298 785//1298 760//1298
f 760//1299 785//1299 764//1299
f 660//1300 733//1300 759//1300
f 759//1301 733//1301 760//1301
f 784//1302 732//1302 657//1302
f 732//1297 784//1297 731//1297
f 784//1303 757//1303 765//1303
f 732//1304 655//1304 657//1304
f 784//1305 758//1305 757//1305
f 784//1306 657//1306 758//1306
f 786//1307 787//1307 785//1307
f 785//1308 787//1308 788//1308
f 784//1309 786//1309 733//1309
f 733//1309 786//1309 785//1309
f 786//715 784//715 765//715
f 786//1310 765//1310 762//1310
f 789//1311 787//1311 790//1311
f 790//1312 787//1312 786//1312
f 791//1313 787//1313 789//1313
f 790//1314 786//1314 771//1314
f 785//1315 770//1315 764//1315
f 785//1316 792//1316 770//1316
f 788//1317 792//1317 785//1317
f 788//1318 793//1318 794//1318
f 771//1319 786//1319 762//1319
f 788//1320 794//1320 792//1320
f 787//1321 795//1321 796//1321
f 796//1322 797//1322 798//1322
f 799//1323 796//1323 798//1323
f 788//1324 787//1324 796//1324
f 788//1325 796//1325 799//1325
f 788//1326 799//1326 793//1326
f 796//1327 800//1327 797//1327
f 801//1328 787//1328 791//1328
f 795//1329 787//1329 801//1329
f 795//1330 801//1330 802//1330
f 803//1331 804//1331 805//1331
f 805//1332 804//1332 806//1332
f 795//1333 803//1333 796//1333
f 796//1334 803//1334 800//1334
f 800//1331 803//1331 805//1331
f 776//1105 775//1105 766//1105
f 771//1104 776//1104 768//1104
f 768//1335 776//1335 766//1335
f 790//1336 771//1336 770//1336
f 770//1103 771//1103 768//1103
f 792//1337 790//1337 770//1337
f 791//1107 789//1107 793//1107
f 793//1108 789//1108 794//1108
f 794//1338 789//1338 792//1338
f 801//1109 791//1109 799//1109
f 789//1083 790//1083 792//1083
f 799//1339 791//1339 793//1339
f 807//1340 802//1340 797//1340
f 798//1341 801//1341 799//1341
f 802//1342 801//1342 798//1342
f 808//1174 807//1174 797//1174
f 797//1175 802//1175 798//1175
f 809//1343 810//1343 811//1343
f 812//1344 813//1344 814//1344
f 813//1173 807//1173 808//1173
f 811//1179 812//1179 814//1179
f 814//265 813//265 808//265
f 810//1179 812//1179 811//1179
f 797//1345 800//1345 808//1345
f 808//1346 800//1346 814//1346
f 803//1347 807//1347 813//1347
f 803//1348 813//1348 812//1348
f 803//1349 795//1349 807//1349
f 807//1350 795//1350 802//1350
f 815//1351 816//1351 817//1351
f 818//1161 815//1161 819//1161
f 819//1161 815//1161 820//1161
f 780//1352 818//1352 781//1352
f 820//1351 815//1351 817//1351
f 781//1352 818//1352 819//1352
f 821//1353 822//1353 823//1353
f 824//1354 825//1354 826//1354
f 825//1353 822//1353 821//1353
f 826//1354 825//1354 821//1354
f 817//1355 824//1355 826//1355
f 823//1182 827//1182 809//1182
f 816//1355 824//1355 817//1355
f 822//1182 827//1182 823//1182
f 828//1356 825//1356 824//1356
f 826//1357 829//1357 817//1357
f 827//1343 810//1343 809//1343
f 830//1358 824//1358 816//1358
f 821//1359 831//1359 826//1359
f 811//1360 832//1360 809//1360
f 833//1361 832//1361 811//1361
f 834//1362 803//1362 812//1362
f 800//1363 833//1363 814//1363
f 814//1364 833//1364 811//1364
f 834//1365 812//1365 810//1365
f 806//1366 835//1366 836//1366
f 805//1367 837//1367 800//1367
f 837//1368 833//1368 800//1368
f 805//1369 838//1369 837//1369
f 805//1370 836//1370 838//1370
f 806//1371 836//1371 805//1371
f 839//1372 804//1372 840//1372
f 839//1373 841//1373 804//1373
f 804//1374 841//1374 806//1374
f 842//1375 841//1375 839//1375
f 840//1376 804//1376 843//1376
f 834//1377 843//1377 803//1377
f 843//1378 804//1378 803//1378
f 809//1379 844//1379 823//1379
f 823//1380 845//1380 821//1380
f 844//1381 845//1381 823//1381
f 845//1382 831//1382 821//1382
f 832//1383 844//1383 809//1383
f 831//1384 829//1384 826//1384
f 829//1385 846//1385 817//1385
f 847//1386 848//1386 822//1386
f 847//1387 822//1387 825//1387
f 848//1388 849//1388 827//1388
f 828//1389 847//1389 825//1389
f 848//433 827//433 822//433
f 850//1390 830//1390 816//1390
f 830//1391 828//1391 824//1391
f 849//1392 834//1392 810//1392
f 849//1393 810//1393 827//1393
f 843//1148 834//1148 833//1148
f 833//1150 834//1150 832//1150
f 840//1149 843//1149 837//1149
f 837//1148 843//1148 833//1148
f 844//246 848//246 845//246
f 849//1146 848//1146 844//1146
f 832//1146 849//1146 844//1146
f 834//1151 849//1151 832//1151
f 838//1147 840//1147 837//1147
f 839//1078 840//1078 838//1078
f 842//1394 839//1394 836//1394
f 836//1078 839//1078 838//1078
f 835//1153 842//1153 836//1153
f 847//1395 828//1395 845//1395
f 828//1396 830//1396 831//1396
f 850//1397 851//1397 846//1397
f 830//1156 850//1156 829//1156
f 829//1156 850//1156 846//1156
f 845//1395 828//1395 831//1395
f 848//1398 847//1398 845//1398
f 831//1154 830//1154 829//1154
f 846//1399 851//1399 852//1399
f 851//1256 853//1256 852//1256
f 853//1400 854//1400 855//1400
f 852//1256 853//1256 856//1256
f 856//1401 853//1401 855//1401
f 680//1402 857//1402 858//1402
f 680//1403 858//1403 679//1403
f 859//1404 857//1404 680//1404
f 859//1405 680//1405 685//1405
f 860//1406 857//1406 859//1406
f 861//1407 857//1407 860//1407
f 858//1408 862//1408 863//1408
f 858//1409 863//1409 864//1409
f 679//1410 864//1410 688//1410
f 858//1411 864//1411 679//1411
f 858//1412 865//1412 866//1412
f 865//1413 867//1413 866//1413
f 868//1414 869//1414 870//1414
f 869//1415 857//1415 870//1415
f 870//1416 857//1416 861//1416
f 858//1417 866//1417 862//1417
f 863//1107 859//1107 864//1107
f 860//1418 859//1418 863//1418
f 864//1419 685//1419 688//1419
f 859//1419 685//1419 864//1419
f 871//1090 872//1090 873//1090
f 868//1420 870//1420 867//1420
f 861//1421 860//1421 862//1421
f 873//1422 868//1422 867//1422
f 870//1423 861//1423 862//1423
f 862//1424 860//1424 863//1424
f 866//1423 870//1423 862//1423
f 867//1425 870//1425 866//1425
f 872//1422 868//1422 873//1422
f 706//1426 874//1426 708//1426
f 708//1427 874//1427 875//1427
f 875//1354 876//1354 877//1354
f 874//1354 876//1354 875//1354
f 878//1428 879//1428 880//1428
f 880//1428 879//1428 881//1428
f 882//1260 872//1260 871//1260
f 879//1179 882//1179 881//1179
f 883//1429 878//1429 884//1429
f 884//1429 878//1429 880//1429
f 881//1179 882//1179 871//1179
f 876//1262 883//1262 877//1262
f 877//1262 883//1262 884//1262
f 885//1430 869//1430 868//1430
f 865//1431 886//1431 867//1431
f 881//1432 887//1432 880//1432
f 888//1433 887//1433 881//1433
f 867//1434 886//1434 873//1434
f 873//1435 889//1435 871//1435
f 889//1436 888//1436 871//1436
f 871//1437 888//1437 881//1437
f 873//1438 886//1438 889//1438
f 887//1439 890//1439 880//1439
f 891//1440 892//1440 879//1440
f 885//1441 868//1441 872//1441
f 885//1442 872//1442 893//1442
f 891//1443 879//1443 878//1443
f 892//1444 882//1444 879//1444
f 892//1445 893//1445 882//1445
f 893//1446 872//1446 882//1446
f 869//1447 894//1447 865//1447
f 894//1448 886//1448 865//1448
f 869//1449 895//1449 894//1449
f 857//1450 865//1450 858//1450
f 857//1450 869//1450 865//1450
f 885//1451 895//1451 869//1451
f 896//1452 895//1452 897//1452
f 898//1453 895//1453 885//1453
f 894//1454 899//1454 886//1454
f 894//1455 900//1455 899//1455
f 894//1456 901//1456 900//1456
f 897//1457 895//1457 898//1457
f 898//1103 885//1103 886//1103
f 886//1458 885//1458 889//1458
f 897//1153 898//1153 899//1153
f 889//1459 893//1459 888//1459
f 899//1104 898//1104 886//1104
f 885//1460 893//1460 889//1460
f 900//1153 897//1153 899//1153
f 902//1108 896//1108 903//1108
f 896//1111 897//1111 900//1111
f 901//1111 896//1111 900//1111
f 903//1107 896//1107 901//1107
f 904//1461 902//1461 903//1461
f 905//1462 902//1462 904//1462
f 875//1463 736//1463 708//1463
f 875//1464 906//1464 736//1464
f 884//1465 906//1465 877//1465
f 877//1466 906//1466 875//1466
f 884//1467 907//1467 906//1467
f 880//1468 907//1468 884//1468
f 737//1469 874//1469 706//1469
f 908//1470 874//1470 737//1470
f 908//1471 883//1471 876//1471
f 908//1472 876//1472 874//1472
f 909//1473 878//1473 883//1473
f 909//1474 883//1474 908//1474
f 910//1475 878//1475 909//1475
f 910//1476 891//1476 878//1476
f 880//1477 890//1477 907//1477
f 911//1478 909//1478 907//1478
f 912//1479 909//1479 911//1479
f 907//1480 908//1480 906//1480
f 909//1481 908//1481 907//1481
f 906//1482 737//1482 736//1482
f 908//1483 737//1483 906//1483
f 890//1484 913//1484 907//1484
f 913//1485 914//1485 907//1485
f 890//1029 910//1029 913//1029
f 891//1033 910//1033 890//1033
f 888//1151 892//1151 887//1151
f 892//1486 891//1486 887//1486
f 887//1026 891//1026 890//1026
f 893//1459 892//1459 888//1459
f 910//1029 915//1029 913//1029
f 914//1487 916//1487 917//1487
f 913//1488 918//1488 914//1488
f 915//1489 918//1489 913//1489
f 916//1490 919//1490 917//1490
f 918//1491 916//1491 914//1491
f 917//1492 919//1492 920//1492
f 921//1493 922//1493 923//1493
f 924//1318 923//1318 925//1318
f 914//1494 911//1494 907//1494
f 914//1495 917//1495 911//1495
f 921//1496 923//1496 924//1496
f 920//1497 923//1497 911//1497
f 925//1498 923//1498 920//1498
f 917//1499 920//1499 911//1499
f 926//1313 927//1313 928//1313
f 915//1500 910//1500 909//1500
f 926//1311 929//1311 927//1311
f 926//1501 928//1501 919//1501
f 916//1502 918//1502 912//1502
f 926//1503 919//1503 912//1503
f 919//1504 916//1504 912//1504
f 918//1505 915//1505 909//1505
f 912//1506 918//1506 909//1506
f 919//1507 928//1507 925//1507
f 924//1508 927//1508 921//1508
f 920//1509 919//1509 925//1509
f 928//1164 927//1164 925//1164
f 925//1161 927//1161 924//1161
f 927//1508 929//1508 921//1508
f 921//1166 930//1166 931//1166
f 929//1166 930//1166 921//1166
f 931//1169 932//1169 933//1169
f 930//1170 932//1170 931//1170
f 933//1510 934//1510 935//1510
f 932//1511 934//1511 933//1511
f 931//1512 922//1512 921//1512
f 936//1513 930//1513 929//1513
f 922//1514 936//1514 923//1514
f 936//1515 929//1515 926//1515
f 936//1514 926//1514 923//1514
f 923//1516 912//1516 911//1516
f 926//1517 912//1517 923//1517
f 931//1518 937//1518 922//1518
f 938//1519 930//1519 936//1519
f 937//1520 939//1520 922//1520
f 940//1521 941//1521 942//1521
f 943//1522 941//1522 940//1522
f 942//1523 944//1523 940//1523
f 945//1524 943//1524 940//1524
f 939//1525 945//1525 940//1525
f 922//1526 939//1526 940//1526
f 944//1527 936//1527 940//1527
f 940//1527 936//1527 922//1527
f 946//331 936//331 944//331
f 946//1528 938//1528 936//1528
f 947//1529 946//1529 944//1529
f 948//1530 949//1530 950//1530
f 895//1531 948//1531 950//1531
f 895//1531 950//1531 894//1531
f 948//1530 951//1530 949//1530
f 896//1532 948//1532 895//1532
f 950//1533 949//1533 904//1533
f 950//1534 904//1534 903//1534
f 950//1535 903//1535 901//1535
f 950//1536 901//1536 894//1536
f 905//1537 948//1537 902//1537
f 902//1538 948//1538 896//1538
f 952//1539 953//1539 954//1539
f 955//1174 952//1174 956//1174
f 954//1086 953//1086 957//1086
f 956//1173 952//1173 954//1173
f 958//1176 955//1176 959//1176
f 953//1540 905//1540 957//1540
f 960//1179 958//1179 959//1179
f 957//1540 905//1540 904//1540
f 959//1176 955//1176 956//1176
f 959//1541 961//1541 960//1541
f 904//1542 949//1542 957//1542
f 956//1543 961//1543 959//1543
f 957//1544 949//1544 954//1544
f 954//1545 949//1545 956//1545
f 949//1546 961//1546 956//1546
f 951//1547 905//1547 953//1547
f 951//1548 953//1548 952//1548
f 951//1549 952//1549 955//1549
f 951//1550 948//1550 905//1550
f 962//1551 958//1551 963//1551
f 962//1552 955//1552 958//1552
f 962//1553 951//1553 955//1553
f 951//1554 962//1554 961//1554
f 951//1555 961//1555 949//1555
f 962//1556 964//1556 961//1556
f 961//1557 964//1557 960//1557
f 965//1558 963//1558 966//1558
f 966//1559 963//1559 960//1559
f 963//1178 958//1178 960//1178
f 935//1560 965//1560 966//1560
f 934//1561 965//1561 935//1561
f 935//1562 967//1562 968//1562
f 933//1563 969//1563 931//1563
f 970//1564 965//1564 971//1564
f 966//1565 972//1565 967//1565
f 966//1566 967//1566 935//1566
f 933//1567 968//1567 969//1567
f 935//1568 968//1568 933//1568
f 971//1569 965//1569 934//1569
f 931//1570 969//1570 937//1570
f 960//1571 964//1571 966//1571
f 966//1572 964//1572 972//1572
f 973//1573 962//1573 963//1573
f 973//1574 965//1574 970//1574
f 973//1575 963//1575 965//1575
f 974//1576 932//1576 975//1576
f 974//1577 934//1577 932//1577
f 975//1576 932//1576 930//1576
f 975//1578 930//1578 938//1578
f 971//1579 934//1579 974//1579
f 946//1151 947//1151 945//1151
f 938//1148 946//1148 939//1148
f 939//1150 946//1150 945//1150
f 947//1146 976//1146 945//1146
f 945//1146 976//1146 943//1146
f 975//1149 938//1149 937//1149
f 937//1148 938//1148 939//1148
f 969//1147 975//1147 937//1147
f 974//1078 975//1078 969//1078
f 971//1394 974//1394 968//1394
f 968//1078 974//1078 969//1078
f 967//1153 971//1153 968//1153
f 970//1580 971//1580 967//1580
f 977//1581 970//1581 978//1581
f 978//1581 970//1581 972//1581
f 972//1582 970//1582 967//1582
f 979//1421 977//1421 980//1421
f 980//1424 977//1424 978//1424
f 981//1423 979//1423 980//1423
f 982//1420 981//1420 983//1420
f 983//1425 981//1425 984//1425
f 984//1423 981//1423 980//1423
f 985//1422 982//1422 983//1422
f 964//1583 986//1583 980//1583
f 962//1584 973//1584 964//1584
f 973//1585 987//1585 986//1585
f 964//1586 978//1586 972//1586
f 964//1587 980//1587 978//1587
f 973//1588 986//1588 964//1588
f 980//1589 986//1589 984//1589
f 984//1590 986//1590 983//1590
f 986//1591 988//1591 983//1591
f 983//1592 988//1592 985//1592
f 985//228 988//228 989//228
f 987//1593 979//1593 981//1593
f 987//1594 981//1594 982//1594
f 979//1595 973//1595 977//1595
f 987//1596 973//1596 979//1596
f 977//1597 973//1597 970//1597
f 990//1598 987//1598 982//1598
f 987//1599 990//1599 988//1599
f 987//1599 988//1599 986//1599
f 806//1600 991//1600 992//1600
f 992//1601 993//1601 994//1601
f 991//1601 993//1601 992//1601
f 994//1602 995//1602 996//1602
f 993//1603 995//1603 994//1603
f 997//1604 998//1604 999//1604
f 941//1605 1000//1605 942//1605
f 999//1604 998//1604 942//1604
f 1001//1606 1002//1606 999//1606
f 1003//1607 997//1607 999//1607
f 1000//1608 1001//1608 942//1608
f 942//1609 1001//1609 999//1609
f 1004//1610 944//1610 998//1610
f 976//1611 947//1611 944//1611
f 1005//1612 1006//1612 997//1612
f 1004//1613 976//1613 944//1613
f 1007//1614 1004//1614 998//1614
f 1006//1615 1007//1615 998//1615
f 1006//1616 998//1616 997//1616
f 998//1523 944//1523 942//1523
f 1008//1617 997//1617 1003//1617
f 995//1618 1008//1618 996//1618
f 996//1619 1008//1619 1003//1619
f 1009//1620 1010//1620 996//1620
f 1003//1621 1011//1621 1009//1621
f 1012//1622 1008//1622 995//1622
f 1013//1623 1012//1623 995//1623
f 1014//1624 1008//1624 1012//1624
f 996//1625 1015//1625 994//1625
f 1010//1626 1015//1626 996//1626
f 1003//1627 1009//1627 996//1627
f 999//1628 1016//1628 1017//1628
f 999//1629 1017//1629 1003//1629
f 1003//1630 1017//1630 1018//1630
f 1002//1631 1016//1631 999//1631
f 1019//1195 1008//1195 1014//1195
f 1020//1632 1005//1632 997//1632
f 1021//1197 1008//1197 1019//1197
f 1020//1633 997//1633 1021//1633
f 1003//1188 1018//1188 1011//1188
f 1021//1634 997//1634 1008//1634
f 806//1635 1022//1635 835//1635
f 992//1636 1023//1636 1024//1636
f 994//1637 1025//1637 1023//1637
f 992//1638 1022//1638 806//1638
f 992//1639 1024//1639 1022//1639
f 994//1640 1023//1640 992//1640
f 1026//1641 991//1641 1027//1641
f 1028//1642 991//1642 1026//1642
f 1027//1643 841//1643 842//1643
f 1029//1644 993//1644 1028//1644
f 1027//1645 991//1645 841//1645
f 841//1646 991//1646 806//1646
f 1028//1647 993//1647 991//1647
f 1030//1648 993//1648 1029//1648
f 994//1649 1031//1649 1025//1649
f 1025//1650 1032//1650 1033//1650
f 1031//1651 1032//1651 1025//1651
f 1032//1652 1034//1652 1033//1652
f 1035//1653 1030//1653 1029//1653
f 1024//1581 1027//1581 1022//1581
f 1026//1581 1027//1581 1024//1581
f 1022//1419 842//1419 835//1419
f 1027//1654 842//1654 1022//1654
f 1023//1087 1028//1087 1024//1087
f 1036//1422 1037//1422 1033//1422
f 1037//1655 1029//1655 1025//1655
f 1038//1422 1037//1422 1036//1422
f 1033//1656 1037//1656 1025//1656
f 1028//1089 1026//1089 1024//1089
f 1029//1423 1028//1423 1025//1423
f 1025//1423 1028//1423 1023//1423
f 1039//265 1038//265 1036//265
f 854//1657 1040//1657 855//1657
f 855//1658 1040//1658 1041//1658
f 1041//1659 1042//1659 1043//1659
f 1040//1659 1042//1659 1041//1659
f 1044//1660 1045//1660 1046//1660
f 1047//1429 1048//1429 1049//1429
f 1049//1429 1048//1429 1044//1429
f 1042//1661 1047//1661 1043//1661
f 1043//1262 1047//1262 1049//1262
f 1050//1662 1038//1662 1039//1662
f 1048//1663 1045//1663 1044//1663
f 1045//1664 1050//1664 1046//1664
f 1046//1664 1050//1664 1039//1664
f 1033//1665 1034//1665 1036//1665
f 1044//1666 1051//1666 1049//1666
f 1034//1667 1052//1667 1036//1667
f 1036//1668 1052//1668 1039//1668
f 1052//1669 1053//1669 1039//1669
f 1039//1670 1053//1670 1046//1670
f 1046//1671 1054//1671 1044//1671
f 1055//1672 1035//1672 1037//1672
f 1056//787 1055//787 1038//787
f 1055//1673 1037//1673 1038//1673
f 1057//1674 1050//1674 1045//1674
f 1057//1675 1056//1675 1050//1675
f 1056//791 1038//791 1050//791
f 1058//1676 1045//1676 1048//1676
f 1035//1677 1029//1677 1037//1677
f 1059//1678 1048//1678 1047//1678
f 1015//1679 1060//1679 994//1679
f 1060//1680 1031//1680 994//1680
f 1013//1150 1061//1150 1015//1150
f 1015//1033 1061//1033 1060//1033
f 1012//1681 1013//1681 1010//1681
f 1010//1151 1013//1151 1015//1151
f 1009//1682 1012//1682 1010//1682
f 1060//246 1062//246 1031//246
f 1032//1487 1035//1487 1034//1487
f 1030//1032 1035//1032 1032//1032
f 1061//1026 1062//1026 1060//1026
f 1062//246 1030//246 1031//246
f 1031//1032 1030//1032 1032//1032
f 1061//1683 1013//1683 995//1683
f 1061//1684 995//1684 993//1684
f 1062//1685 1061//1685 993//1685
f 1030//1686 1062//1686 993//1686
f 1017//1687 1021//1687 1018//1687
f 1018//1103 1019//1103 1011//1103
f 1021//1688 1019//1688 1018//1688
f 1011//1689 1014//1689 1009//1689
f 1019//1104 1014//1104 1011//1104
f 1014//1458 1012//1458 1009//1458
f 1020//1083 1021//1083 1017//1083
f 1063//1690 1064//1690 1065//1690
f 1066//1461 1064//1461 1063//1461
f 1016//1338 1020//1338 1017//1338
f 1065//1108 1020//1108 1016//1108
f 1064//1107 1020//1107 1065//1107
f 1053//1691 1054//1691 1046//1691
f 1058//1692 1057//1692 1045//1692
f 1054//1693 1051//1693 1044//1693
f 1059//1694 1058//1694 1048//1694
f 1035//1487 1055//1487 1034//1487
f 1052//1695 1057//1695 1053//1695
f 1034//1696 1056//1696 1052//1696
f 1056//1695 1057//1695 1052//1695
f 1054//1697 1058//1697 1051//1697
f 1053//1161 1058//1161 1054//1161
f 1057//1161 1058//1161 1053//1161
f 1055//1696 1056//1696 1034//1696
f 1058//1697 1059//1697 1051//1697
f 1067//1698 1068//1698 1069//1698
f 1070//1354 1067//1354 1071//1354
f 1071//1354 1067//1354 1069//1354
f 1051//1355 1070//1355 1071//1355
f 1059//1355 1070//1355 1051//1355
f 1069//1698 1068//1698 1072//1698
f 943//246 976//246 941//246
f 941//1157 1004//1157 1000//1157
f 976//246 1004//246 941//246
f 1004//1157 1007//1157 1000//1157
f 1000//1154 1006//1154 1001//1154
f 1005//1155 1073//1155 1002//1155
f 1002//1155 1073//1155 1074//1155
f 1006//1156 1005//1156 1001//1156
f 1001//1156 1005//1156 1002//1156
f 1007//1154 1006//1154 1000//1154
f 1073//1254 1075//1254 1074//1254
f 1074//1256 1075//1256 1076//1256
f 1077//1354 1078//1354 1079//1354
f 1080//1699 1078//1699 1077//1699
f 1075//1400 1081//1400 1082//1400
f 1079//1262 1083//1262 1084//1262
f 1078//1262 1083//1262 1079//1262
f 1082//1658 1080//1658 1077//1658
f 1081//1657 1080//1657 1082//1657
f 1076//1401 1075//1401 1082//1401
f 1074//1700 1016//1700 1002//1700
f 1076//1701 1063//1701 1065//1701
f 1082//1702 1063//1702 1076//1702
f 1074//1703 1065//1703 1016//1703
f 1076//1703 1065//1703 1074//1703
f 1085//1422 982//1422 985//1422
f 1086//265 1085//265 989//265
f 989//265 1085//265 985//265
f 1087//1179 1086//1179 1088//1179
f 1084//1429 1089//1429 1090//1429
f 1083//1429 1089//1429 1084//1429
f 1088//1179 1086//1179 989//1179
f 1089//1428 1087//1428 1090//1428
f 1090//1428 1087//1428 1088//1428
f 990//1704 1089//1704 1083//1704
f 990//1705 1087//1705 1089//1705
f 990//1706 1085//1706 1086//1706
f 990//1707 982//1707 1085//1707
f 1090//1708 988//1708 1084//1708
f 1088//1709 988//1709 1090//1709
f 989//1710 988//1710 1088//1710
f 990//1711 1086//1711 1087//1711
f 1084//1712 988//1712 1091//1712
f 988//1713 1092//1713 1091//1713
f 988//1714 1093//1714 1092//1714
f 1077//1715 1094//1715 1082//1715
f 1082//1716 1094//1716 1063//1716
f 1079//1717 1095//1717 1077//1717
f 1077//1718 1095//1718 1094//1718
f 1084//1719 1091//1719 1079//1719
f 1079//1720 1091//1720 1095//1720
f 1020//1721 1073//1721 1005//1721
f 1064//1722 1075//1722 1073//1722
f 1064//1723 1073//1723 1020//1723
f 1066//1724 1075//1724 1064//1724
f 1066//1725 1081//1725 1075//1725
f 1096//1726 1081//1726 1066//1726
f 1096//1727 1080//1727 1081//1727
f 1097//1728 1078//1728 1080//1728
f 1097//1729 1080//1729 1096//1729
f 1098//1730 1078//1730 1097//1730
f 1098//1731 1083//1731 1078//1731
f 1095//1086 1096//1086 1094//1086
f 1098//1173 1097//1173 1091//1173
f 1091//1174 1097//1174 1095//1174
f 1097//1085 1096//1085 1095//1085
f 1094//1732 1066//1732 1063//1732
f 1093//1179 1099//1179 1092//1179
f 1096//1733 1066//1733 1094//1733
f 1092//265 1098//265 1091//265
f 1099//265 1098//265 1092//265
f 990//1734 1083//1734 1098//1734
f 1100//1735 990//1735 1099//1735
f 1099//1736 990//1736 1098//1736
f 988//1737 1101//1737 1093//1737
f 1102//1738 990//1738 1100//1738
f 1072//1560 1103//1560 1104//1560
f 1068//1560 1103//1560 1072//1560
f 1104//1739 1100//1739 1093//1739
f 1103//1739 1100//1739 1104//1739
f 1100//1179 1099//1179 1093//1179
f 990//1740 1101//1740 988//1740
f 990//1741 1102//1741 1101//1741
f 262//1742 1105//1742 1106//1742
f 262//1743 1107//1743 1105//1743
f 262//1744 1108//1744 1107//1744
f 262//1745 263//1745 1108//1745
f 1109//1746 262//1746 1110//1746
f 1111//1747 262//1747 1109//1747
f 1112//1748 262//1748 1111//1748
f 1113//1749 262//1749 1112//1749
f 1114//1750 262//1750 1113//1750
f 1115//1751 262//1751 1116//1751
f 1116//1752 262//1752 1117//1752
f 1117//1753 262//1753 1114//1753
f 1106//1754 1118//1754 1119//1754
f 1106//1755 1120//1755 1118//1755
f 1106//1756 1121//1756 1120//1756
f 1106//1757 1122//1757 1123//1757
f 1106//1758 1124//1758 1121//1758
f 1106//1759 1125//1759 1122//1759
f 262//1760 1106//1760 1123//1760
f 1106//1761 1119//1761 1125//1761
f 1110//1762 262//1762 1123//1762
f 1124//1763 1113//1763 1121//1763
f 1126//1764 1113//1764 1124//1764
f 1127//1765 1126//1765 1124//1765
f 1111//1766 1109//1766 1118//1766
f 1118//1767 1109//1767 1119//1767
f 1128//1768 1126//1768 1127//1768
f 1121//1769 1112//1769 1120//1769
f 1113//1770 1112//1770 1121//1770
f 1120//1771 1111//1771 1118//1771
f 1112//1772 1111//1772 1120//1772
f 1106//1773 1129//1773 1124//1773
f 1106//1774 1130//1774 1129//1774
f 1106//1775 1131//1775 1130//1775
f 1106//1776 1132//1776 1131//1776
f 1133//1777 1128//1777 1127//1777
f 1134//1778 1128//1778 1133//1778
f 1135//1779 1134//1779 1136//1779
f 1114//1780 1126//1780 1137//1780
f 1138//1781 1134//1781 1135//1781
f 1138//1782 1128//1782 1134//1782
f 1137//1783 1128//1783 1138//1783
f 1114//1784 1113//1784 1126//1784
f 1135//1785 1136//1785 1139//1785
f 1137//1786 1126//1786 1128//1786
f 1127//1787 1140//1787 1141//1787
f 1127//1788 1141//1788 1133//1788
f 1133//1789 1141//1789 1142//1789
f 1133//1790 1142//1790 1143//1790
f 1124//1791 1129//1791 1140//1791
f 1124//1792 1140//1792 1127//1792
f 1143//1793 1142//1793 1144//1793
f 1130//1794 1114//1794 1129//1794
f 1116//1795 1117//1795 1131//1795
f 1131//1796 1117//1796 1130//1796
f 1117//1797 1114//1797 1130//1797
f 1129//1798 1137//1798 1140//1798
f 1114//1799 1137//1799 1129//1799
f 1140//1800 1138//1800 1141//1800
f 1137//1801 1138//1801 1140//1801
f 1141//1802 1135//1802 1142//1802
f 1138//1803 1135//1803 1141//1803
f 1142//1804 1139//1804 1144//1804
f 1139//1805 1145//1805 1144//1805
f 1135//1806 1139//1806 1142//1806
f 1144//1807 1145//1807 1146//1807
f 256//1808 255//1808 1147//1808
f 261//1809 1148//1809 1149//1809
f 256//1810 1147//1810 1148//1810
f 261//1810 256//1810 1148//1810
f 255//1811 258//1811 1150//1811
f 255//1808 1150//1808 1147//1808
f 259//1812 260//1812 1151//1812
f 260//1813 261//1813 1149//1813
f 260//1814 1149//1814 1151//1814
f 257//1815 1152//1815 1153//1815
f 262//1816 1154//1816 1152//1816
f 257//1817 262//1817 1152//1817
f 258//1811 1153//1811 1150//1811
f 258//1818 257//1818 1153//1818
f 263//1819 266//1819 1155//1819
f 1155//1820 266//1820 1156//1820
f 1108//1821 263//1821 1157//1821
f 1157//1822 263//1822 1155//1822
f 1107//1823 1108//1823 1158//1823
f 1158//1821 1108//1821 1157//1821
f 265//1824 264//1824 1159//1824
f 266//1825 265//1825 1156//1825
f 1156//1826 265//1826 1159//1826
f 1160//1827 1107//1827 1158//1827
f 1106//1828 1105//1828 1161//1828
f 1105//1829 1107//1829 1160//1829
f 1161//1830 1105//1830 1160//1830
f 1162//1831 1106//1831 1161//1831
f 1154//1832 262//1832 1115//1832
f 1106//1833 1162//1833 1132//1833
f 268//1834 1163//1834 1159//1834
f 268//1835 1159//1835 264//1835
f 1151//1836 267//1836 259//1836
f 1164//1837 267//1837 1151//1837
f 1132//1838 1116//1838 1131//1838
f 1115//1839 1116//1839 1132//1839
f 1165//1840 1115//1840 1132//1840
f 1166//1841 1115//1841 1165//1841
f 1167//1842 1168//1842 1169//1842
f 1170//1843 1168//1843 1167//1843
f 1169//1844 1166//1844 1165//1844
f 1168//1845 1166//1845 1169//1845
f 1171//1846 1172//1846 1173//1846
f 1172//1847 1174//1847 1173//1847
f 1173//1848 1170//1848 1167//1848
f 1174//1849 1170//1849 1173//1849
f 1166//1850 1154//1850 1115//1850
f 1168//1851 1154//1851 1166//1851
f 1170//1852 1154//1852 1168//1852
f 1162//1853 1167//1853 1169//1853
f 1162//1854 1169//1854 1165//1854
f 1162//1855 1165//1855 1132//1855
f 1162//1856 1175//1856 1167//1856
f 1176//1857 1154//1857 1170//1857
f 1177//1858 1154//1858 1178//1858
f 1179//1859 1154//1859 1177//1859
f 1162//1860 1180//1860 1181//1860
f 1162//1861 1181//1861 1182//1861
f 1162//1862 1182//1862 1183//1862
f 1184//1863 1154//1863 1176//1863
f 1162//1864 1183//1864 1175//1864
f 1162//1865 1185//1865 1180//1865
f 1178//1866 1154//1866 1184//1866
f 1162//1867 1186//1867 1185//1867
f 1187//1868 1154//1868 1179//1868
f 291//1869 568//1869 294//1869
f 294//1870 573//1870 296//1870
f 568//1871 573//1871 294//1871
f 575//1872 576//1872 298//1872
f 296//1873 575//1873 297//1873
f 297//1874 575//1874 298//1874
f 573//1875 574//1875 296//1875
f 1188//1876 303//1876 1189//1876
f 1188//1877 300//1877 303//1877
f 1189//1878 301//1878 1190//1878
f 1189//1879 303//1879 301//1879
f 1190//1880 267//1880 1164//1880
f 1190//1881 301//1881 267//1881
f 1191//1882 299//1882 300//1882
f 1191//1883 300//1883 1188//1883
f 302//1884 1192//1884 268//1884
f 298//1885 1193//1885 1194//1885
f 304//1886 1194//1886 1195//1886
f 298//1887 1194//1887 304//1887
f 304//1888 1192//1888 302//1888
f 268//1889 1192//1889 1163//1889
f 304//1890 1195//1890 1192//1890
f 576//1891 1196//1891 298//1891
f 298//1892 1196//1892 1193//1892
f 1197//1893 299//1893 1191//1893
f 1198//1894 1123//1894 1122//1894
f 1198//1895 1122//1895 1199//1895
f 1200//1896 1123//1896 1201//1896
f 1201//1897 1123//1897 1202//1897
f 1202//1898 1123//1898 1203//1898
f 1203//1899 1123//1899 1198//1899
f 1204//1900 1123//1900 1205//1900
f 1205//1901 1123//1901 1200//1901
f 1122//1902 1206//1902 1207//1902
f 1122//1903 1208//1903 1206//1903
f 1122//1904 1209//1904 1208//1904
f 1122//1905 1207//1905 1199//1905
f 1122//1906 1210//1906 1211//1906
f 1122//1907 1211//1907 1209//1907
f 1212//1908 1110//1908 1123//1908
f 1125//1909 1213//1909 1122//1909
f 1214//1910 1123//1910 1204//1910
f 1213//1911 1215//1911 1122//1911
f 1214//1912 1212//1912 1123//1912
f 1122//1913 1215//1913 1210//1913
f 1216//1914 1214//1914 1204//1914
f 1217//1915 1218//1915 1219//1915
f 1220//1916 1221//1916 1216//1916
f 1221//1917 1214//1917 1216//1917
f 1215//1918 1219//1918 1210//1918
f 1215//1919 1217//1919 1219//1919
f 1220//1770 1216//1770 1218//1770
f 1218//1769 1216//1769 1219//1769
f 1205//1920 1200//1920 1211//1920
f 1211//1921 1200//1921 1209//1921
f 1219//1922 1204//1922 1210//1922
f 1216//1772 1204//1772 1219//1772
f 1210//1923 1205//1923 1211//1923
f 1209//1924 1201//1924 1208//1924
f 1204//1925 1205//1925 1210//1925
f 1200//1926 1201//1926 1209//1926
f 1208//1927 1202//1927 1206//1927
f 1207//1928 1222//1928 1223//1928
f 1201//1929 1202//1929 1208//1929
f 1206//1930 1203//1930 1207//1930
f 1202//1931 1203//1931 1206//1931
f 1203//1932 1222//1932 1207//1932
f 1224//1933 1225//1933 1226//1933
f 1226//1934 1225//1934 1227//1934
f 1228//1935 1224//1935 1229//1935
f 1229//1936 1224//1936 1226//1936
f 1230//1937 1228//1937 1231//1937
f 1231//1938 1228//1938 1229//1938
f 1232//1939 1230//1939 1233//1939
f 1233//1940 1230//1940 1231//1940
f 1227//1941 1220//1941 1218//1941
f 1225//1942 1220//1942 1227//1942
f 1234//1943 1235//1943 1236//1943
f 1237//1944 1235//1944 1234//1944
f 1238//1945 1237//1945 1234//1945
f 1239//1946 1237//1946 1238//1946
f 1236//1947 1235//1947 1233//1947
f 1235//1948 1232//1948 1233//1948
f 1240//1949 1199//1949 1241//1949
f 1240//1950 1198//1950 1199//1950
f 1242//1951 1243//1951 1240//1951
f 1243//1952 1244//1952 1240//1952
f 1203//1953 1198//1953 1222//1953
f 1245//1954 1246//1954 1241//1954
f 1247//1955 1245//1955 1241//1955
f 1222//1956 1198//1956 1244//1956
f 1199//1957 1247//1957 1241//1957
f 1199//1958 1207//1958 1223//1958
f 1199//1959 1223//1959 1247//1959
f 1244//1960 1198//1960 1240//1960
f 1241//1961 1246//1961 1248//1961
f 1241//1962 1248//1962 1249//1962
f 1241//1963 1249//1963 1250//1963
f 1251//1964 1240//1964 1241//1964
f 1251//1965 1241//1965 1250//1965
f 1252//1966 1240//1966 1253//1966
f 1242//1967 1240//1967 1252//1967
f 1253//1968 1240//1968 1251//1968
f 1242//1969 1254//1969 1246//1969
f 1254//1970 1255//1970 1256//1970
f 1256//1971 1255//1971 1257//1971
f 1246//1972 1254//1972 1256//1972
f 1243//1973 1242//1973 1245//1973
f 1245//1974 1242//1974 1246//1974
f 1244//1975 1243//1975 1247//1975
f 1223//1976 1244//1976 1247//1976
f 1222//1977 1244//1977 1223//1977
f 1247//1978 1243//1978 1245//1978
f 1258//1979 1259//1979 1260//1979
f 1261//1980 1262//1980 1263//1980
f 1260//1981 1259//1981 1261//1981
f 1259//1982 1262//1982 1261//1982
f 1264//1983 1258//1983 1265//1983
f 1265//1984 1258//1984 1260//1984
f 1255//1985 1264//1985 1257//1985
f 1257//1986 1264//1986 1265//1986
f 1262//1987 1239//1987 1263//1987
f 1263//1988 1239//1988 1238//1988
f 1254//1989 1242//1989 1252//1989
f 1266//1990 1254//1990 1252//1990
f 1264//1991 1255//1991 1267//1991
f 1267//1992 1255//1992 1266//1992
f 1255//1993 1254//1993 1266//1993
f 1258//1994 1264//1994 1268//1994
f 1268//1991 1264//1991 1267//1991
f 1257//1995 1265//1995 1269//1995
f 1257//1996 1269//1996 1270//1996
f 1256//1997 1257//1997 1270//1997
f 1256//1998 1270//1998 1248//1998
f 1246//1999 1256//1999 1248//1999
f 1265//1995 1271//1995 1269//1995
f 1265//2000 1260//2000 1271//2000
f 1214//2001 1221//2001 1215//2001
f 1215//1930 1221//1930 1217//1930
f 1212//2002 1214//2002 1213//2002
f 1213//2003 1214//2003 1215//2003
f 1110//2004 1212//2004 1125//2004
f 1125//2005 1212//2005 1213//2005
f 1119//2006 1110//2006 1125//2006
f 1109//2007 1110//2007 1119//2007
f 1272//2008 1273//2008 1274//2008
f 1274//2009 1273//2009 1275//2009
f 1275//2010 1276//2010 1277//2010
f 1273//2011 1276//2011 1275//2011
f 1278//2012 1272//2012 1279//2012
f 1279//2013 1272//2013 1274//2013
f 1217//2014 1278//2014 1279//2014
f 1221//2015 1278//2015 1217//2015
f 1225//2016 1278//2016 1220//2016
f 1280//2017 1276//2017 1230//2017
f 1278//2018 1221//2018 1220//2018
f 1224//2019 1272//2019 1225//2019
f 1272//2020 1278//2020 1225//2020
f 1273//2021 1272//2021 1224//2021
f 1230//2022 1276//2022 1228//2022
f 1276//2023 1273//2023 1228//2023
f 1228//2024 1273//2024 1224//2024
f 1275//2025 1229//2025 1226//2025
f 1275//2026 1277//2026 1229//2026
f 1277//2027 1281//2027 1231//2027
f 1217//2028 1279//2028 1218//2028
f 1277//2029 1231//2029 1229//2029
f 1279//2030 1274//2030 1227//2030
f 1279//2031 1227//2031 1218//2031
f 1274//2032 1275//2032 1226//2032
f 1274//2033 1226//2033 1227//2033
f 1282//2034 1283//2034 1280//2034
f 1284//2035 1285//2035 1282//2035
f 1283//2036 1276//2036 1280//2036
f 1285//2037 1283//2037 1282//2037
f 1277//2038 1283//2038 1286//2038
f 1283//2039 1285//2039 1286//2039
f 1276//1969 1283//1969 1277//1969
f 1285//2040 1284//2040 1287//2040
f 1288//2041 1289//2041 1290//2041
f 1284//2042 1289//2042 1288//2042
f 1286//2043 1285//2043 1287//2043
f 1287//2044 1284//2044 1288//2044
f 1286//2045 1287//2045 1291//2045
f 1286//2046 1291//2046 1281//2046
f 1277//2047 1286//2047 1281//2047
f 1287//2048 1288//2048 1291//2048
f 1136//1937 1134//1937 1143//1937
f 1143//1938 1134//1938 1133//1938
f 1292//2049 1136//2049 1293//2049
f 1293//2050 1136//2050 1143//2050
f 1294//2051 1292//2051 1293//2051
f 1295//2052 1294//2052 1296//2052
f 1296//2053 1294//2053 1297//2053
f 1297//2054 1294//2054 1293//2054
f 1298//2055 1295//2055 1296//2055
f 1299//2056 1295//2056 1298//2056
f 1300//2057 1299//2057 1301//2057
f 1301//2058 1299//2058 1298//2058
f 1302//1982 1300//1982 1303//1982
f 1303//2059 1300//2059 1301//2059
f 1289//2060 1302//2060 1290//2060
f 1290//1981 1302//1981 1303//1981
f 1145//2061 1292//2061 1294//2061
f 1139//2062 1292//2062 1145//2062
f 1304//2063 1294//2063 1295//2063
f 1143//2064 1144//2064 1293//2064
f 1293//2065 1144//2065 1146//2065
f 1293//2066 1146//2066 1297//2066
f 1297//2067 1146//2067 1305//2067
f 1145//2068 1294//2068 1304//2068
f 1297//2069 1305//2069 1296//2069
f 1139//2070 1136//2070 1292//2070
f 1306//2071 1299//2071 1300//2071
f 1296//2072 1307//2072 1298//2072
f 1296//2073 1305//2073 1307//2073
f 1298//2074 1307//2074 1301//2074
f 1304//2075 1295//2075 1306//2075
f 1306//2076 1295//2076 1299//2076
f 1301//2077 1308//2077 1303//2077
f 1301//2078 1307//2078 1308//2078
f 1290//2079 1308//2079 1291//2079
f 1309//2080 1289//2080 1282//2080
f 1303//2081 1308//2081 1290//2081
f 1288//2082 1290//2082 1291//2082
f 1306//2083 1300//2083 1309//2083
f 1309//2084 1300//2084 1302//2084
f 1289//2085 1284//2085 1282//2085
f 1309//2086 1302//2086 1289//2086
f 1308//2087 1282//2087 1291//2087
f 1282//2088 1280//2088 1291//2088
f 1291//2089 1280//2089 1281//2089
f 1309//2090 1282//2090 1308//2090
f 1310//2091 1306//2091 1311//2091
f 1311//2092 1306//2092 1307//2092
f 1307//2093 1309//2093 1308//2093
f 1306//2094 1309//2094 1307//2094
f 1312//2095 1235//2095 1237//2095
f 1280//2096 1230//2096 1232//2096
f 1280//2097 1232//2097 1312//2097
f 1312//2098 1232//2098 1235//2098
f 1231//2099 1281//2099 1233//2099
f 1233//2100 1281//2100 1313//2100
f 1280//2101 1312//2101 1281//2101
f 1234//2102 1313//2102 1238//2102
f 1281//2103 1312//2103 1313//2103
f 1233//2104 1313//2104 1236//2104
f 1236//2105 1313//2105 1234//2105
f 1314//2106 1259//2106 1315//2106
f 1314//2107 1262//2107 1259//2107
f 1314//2108 1239//2108 1262//2108
f 1315//2109 1259//2109 1258//2109
f 1314//2110 1237//2110 1239//2110
f 1312//2111 1237//2111 1314//2111
f 1312//2112 1314//2112 1313//2112
f 1313//2113 1314//2113 1316//2113
f 1261//2114 1316//2114 1317//2114
f 1263//2115 1316//2115 1261//2115
f 1261//2116 1317//2116 1260//2116
f 1238//2117 1316//2117 1263//2117
f 1238//2118 1313//2118 1316//2118
f 1315//2119 1258//2119 1268//2119
f 1315//2120 1318//2120 1317//2120
f 1317//2121 1318//2121 1319//2121
f 1314//2122 1315//2122 1316//2122
f 1260//2123 1317//2123 1271//2123
f 1316//2124 1315//2124 1317//2124
f 1320//2125 1315//2125 1268//2125
f 1318//2126 1315//2126 1320//2126
f 1321//2127 1318//2127 1320//2127
f 1319//2128 1322//2128 1323//2128
f 1317//2129 1319//2129 1323//2129
f 1319//2130 1324//2130 1325//2130
f 1318//2131 1324//2131 1319//2131
f 1317//2132 1323//2132 1271//2132
f 1326//2133 1251//2133 1250//2133
f 1326//2134 1250//2134 1327//2134
f 1328//2135 1251//2135 1326//2135
f 1327//2136 1329//2136 1330//2136
f 1331//2137 1326//2137 1332//2137
f 1328//2138 1326//2138 1331//2138
f 1327//2139 1333//2139 1329//2139
f 1253//2140 1251//2140 1334//2140
f 1334//2141 1251//2141 1328//2141
f 1250//2142 1333//2142 1327//2142
f 1250//2143 1335//2143 1333//2143
f 1250//2144 1249//2144 1335//2144
f 1336//2145 1326//2145 1327//2145
f 1336//2146 1327//2146 1337//2146
f 1338//2147 1326//2147 1336//2147
f 1332//2148 1326//2148 1338//2148
f 1327//2149 1330//2149 1339//2149
f 1327//2150 1339//2150 1337//2150
f 1249//2151 1334//2151 1335//2151
f 1253//2152 1334//2152 1249//2152
f 1269//1771 1266//1771 1270//1771
f 1267//2153 1266//2153 1269//2153
f 1252//2154 1253//2154 1248//2154
f 1248//2155 1253//2155 1249//2155
f 1270//2156 1252//2156 1248//2156
f 1266//1766 1252//1766 1270//1766
f 1335//2157 1328//2157 1333//2157
f 1328//2122 1331//2122 1333//2122
f 1333//1930 1331//1930 1329//1930
f 1331//1932 1332//1932 1329//1932
f 1334//2158 1328//2158 1335//2158
f 1329//2159 1332//2159 1330//2159
f 1340//2160 1321//2160 1322//2160
f 1341//2161 1321//2161 1340//2161
f 1322//2162 1320//2162 1323//2162
f 1321//1933 1320//1933 1322//1933
f 1320//2163 1268//2163 1323//2163
f 1323//2164 1268//2164 1271//2164
f 1271//2165 1267//2165 1269//2165
f 1268//2166 1267//2166 1271//2166
f 1339//2167 1342//2167 1337//2167
f 1343//2168 1344//2168 1336//2168
f 1330//2169 1338//2169 1339//2169
f 1332//1977 1338//1977 1330//1977
f 1339//1978 1344//1978 1342//1978
f 1338//2170 1344//2170 1339//2170
f 1342//2171 1345//2171 1337//2171
f 1344//2172 1338//2172 1336//2172
f 1346//2173 1347//2173 1348//2173
f 1348//2174 1347//2174 1349//2174
f 1343//2175 1346//2175 1345//2175
f 1345//2038 1346//2038 1348//2038
f 1344//2176 1343//2176 1342//2176
f 1342//2177 1343//2177 1345//2177
f 1349//2044 1350//2044 1351//2044
f 1347//2040 1350//2040 1349//2040
f 1351//2041 1352//2041 1353//2041
f 1350//2042 1352//2042 1351//2042
f 1353//2178 1354//2178 1355//2178
f 1352//2179 1354//2179 1353//2179
f 1356//2180 1337//2180 1357//2180
f 1356//2181 1336//2181 1337//2181
f 1345//2182 1357//2182 1337//2182
f 1356//2183 1343//2183 1336//2183
f 1348//2184 1349//2184 1357//2184
f 1358//2185 1350//2185 1356//2185
f 1347//2186 1346//2186 1356//2186
f 1350//2187 1347//2187 1356//2187
f 1349//2188 1351//2188 1357//2188
f 1351//2189 1359//2189 1357//2189
f 1346//2190 1343//2190 1356//2190
f 1345//2191 1348//2191 1357//2191
f 1358//2192 1357//2192 1359//2192
f 1360//2193 1358//2193 1361//2193
f 1358//2194 1356//2194 1357//2194
f 1358//2195 1359//2195 1361//2195
f 1341//2196 1318//2196 1321//2196
f 1362//2197 1318//2197 1341//2197
f 1324//2198 1363//2198 1364//2198
f 1324//2199 1318//2199 1362//2199
f 1324//2200 1362//2200 1363//2200
f 1365//2201 1325//2201 1366//2201
f 1319//2202 1325//2202 1365//2202
f 1362//2203 1341//2203 1365//2203
f 1319//2204 1340//2204 1322//2204
f 1366//2205 1325//2205 1367//2205
f 1365//2206 1341//2206 1340//2206
f 1319//2207 1365//2207 1340//2207
f 1363//2208 1362//2208 1366//2208
f 1366//2209 1362//2209 1365//2209
f 1364//2210 1363//2210 1366//2210
f 1368//2052 1364//2052 1369//2052
f 1369//2053 1364//2053 1367//2053
f 1367//2211 1364//2211 1366//2211
f 1370//2056 1368//2056 1371//2056
f 1371//2055 1368//2055 1369//2055
f 1325//2212 1372//2212 1367//2212
f 1373//2213 1324//2213 1364//2213
f 1367//2214 1372//2214 1369//2214
f 1373//2215 1364//2215 1368//2215
f 1373//2216 1368//2216 1370//2216
f 1325//2217 1373//2217 1372//2217
f 1324//2218 1373//2218 1325//2218
f 1369//2219 1372//2219 1371//2219
f 1374//2220 1370//2220 1371//2220
f 1371//2221 1372//2221 1375//2221
f 1376//1987 1370//1987 1374//1987
f 1355//2222 1376//2222 1374//2222
f 1373//2223 1370//2223 1377//2223
f 1354//1982 1376//1982 1355//1982
f 1378//2224 1350//2224 1379//2224
f 1380//2225 1354//2225 1352//2225
f 1381//2226 1354//2226 1380//2226
f 1380//2227 1352//2227 1378//2227
f 1352//2228 1350//2228 1378//2228
f 1377//2229 1370//2229 1376//2229
f 1381//2230 1376//2230 1354//2230
f 1377//2231 1376//2231 1381//2231
f 1374//2232 1375//2232 1382//2232
f 1351//2233 1383//2233 1384//2233
f 1351//2234 1353//2234 1383//2234
f 1353//2235 1385//2235 1383//2235
f 1355//2236 1382//2236 1385//2236
f 1355//2237 1385//2237 1353//2237
f 1374//2238 1382//2238 1355//2238
f 1371//2239 1375//2239 1374//2239
f 1372//2240 1386//2240 1387//2240
f 1388//2241 1373//2241 1389//2241
f 1389//2242 1373//2242 1377//2242
f 1386//2243 1390//2243 1391//2243
f 1392//2244 1388//2244 1389//2244
f 1393//2245 1388//2245 1392//2245
f 1373//2246 1388//2246 1372//2246
f 1372//2247 1387//2247 1375//2247
f 1386//2248 1391//2248 1387//2248
f 1372//2249 1388//2249 1386//2249
f 1394//2250 1395//2250 1396//2250
f 1394//2251 1388//2251 1393//2251
f 1386//2252 1396//2252 1390//2252
f 1396//2253 1395//2253 1397//2253
f 1386//2254 1394//2254 1396//2254
f 1388//2175 1394//2175 1386//2175
f 1387//2255 1377//2255 1375//2255
f 1389//2256 1377//2256 1387//2256
f 1381//2257 1380//2257 1382//2257
f 1375//2258 1381//2258 1382//2258
f 1382//2259 1380//2259 1385//2259
f 1377//1920 1381//1920 1375//1920
f 1390//2260 1392//2260 1391//2260
f 1398//2163 1393//2163 1399//2163
f 1399//2261 1393//2261 1390//2261
f 1393//2262 1392//2262 1390//2262
f 1391//2263 1389//2263 1387//2263
f 1392//2264 1389//2264 1391//2264
f 1400//2265 1395//2265 1401//2265
f 1395//2266 1394//2266 1401//2266
f 1398//2267 1394//2267 1393//2267
f 1401//2268 1394//2268 1398//2268
f 1402//2269 1395//2269 1400//2269
f 1397//2270 1403//2270 1404//2270
f 1397//2271 1405//2271 1403//2271
f 1396//2272 1397//2272 1404//2272
f 1396//2273 1399//2273 1390//2273
f 1396//2274 1404//2274 1399//2274
f 1400//1778 1401//1778 1403//1778
f 1404//2275 1398//2275 1399//2275
f 1401//1933 1398//1933 1404//1933
f 1403//2276 1401//2276 1404//2276
f 1405//1938 1400//1938 1403//1938
f 1402//1937 1400//1937 1405//1937
f 1406//2277 1402//2277 1405//2277
f 1407//2049 1402//2049 1406//2049
f 1379//2278 1350//2278 1358//2278
f 1408//2013 1409//2013 1410//2013
f 1385//2279 1378//2279 1383//2279
f 1411//2280 1409//2280 1408//2280
f 1379//2015 1411//2015 1384//2015
f 1380//2002 1378//2002 1385//2002
f 1383//1930 1379//1930 1384//1930
f 1351//2281 1384//2281 1359//2281
f 1384//2282 1411//2282 1408//2282
f 1378//1931 1379//1931 1383//1931
f 1384//2283 1408//2283 1359//2283
f 1409//2284 1411//2284 1360//2284
f 1411//2285 1358//2285 1360//2285
f 1411//2286 1379//2286 1358//2286
f 1359//2287 1408//2287 1361//2287
f 1408//2288 1410//2288 1361//2288
f 1410//2289 1412//2289 1413//2289
f 1414//1969 1415//1969 1416//1969
f 1409//2008 1412//2008 1410//2008
f 1413//2010 1414//2010 1416//2010
f 1412//2290 1414//2290 1413//2290
f 1416//2038 1415//2038 1417//2038
f 1415//2039 1418//2039 1417//2039
f 1417//2291 1418//2291 1419//2291
f 1419//2044 1420//2044 1421//2044
f 1418//1985 1420//1985 1419//1985
f 1422//2292 1423//2292 1424//2292
f 1425//2293 1423//2293 1422//2293
f 1424//2054 1423//2054 1406//2054
f 1423//2294 1407//2294 1406//2294
f 1426//2295 1425//2295 1427//2295
f 1427//2296 1425//2296 1422//2296
f 1428//2297 1426//2297 1427//2297
f 1429//2298 1426//2298 1428//2298
f 1430//2299 1429//2299 1431//2299
f 1431//2300 1429//2300 1428//2300
f 1432//2301 1430//2301 1433//2301
f 1433//2302 1430//2302 1431//2302
f 1420//2303 1432//2303 1421//2303
f 1421//2304 1432//2304 1433//2304
f 1416//2305 1417//2305 1434//2305
f 1416//2306 1434//2306 1361//2306
f 1413//2307 1416//2307 1361//2307
f 1410//2308 1413//2308 1361//2308
f 1435//2309 1360//2309 1361//2309
f 1435//2310 1361//2310 1434//2310
f 1412//2311 1409//2311 1360//2311
f 1414//2312 1412//2312 1360//2312
f 1415//2313 1414//2313 1435//2313
f 1435//2314 1414//2314 1360//2314
f 1418//2315 1415//2315 1435//2315
f 1419//2316 1421//2316 1436//2316
f 1421//2317 1433//2317 1436//2317
f 1419//2318 1436//2318 1434//2318
f 1417//2319 1419//2319 1434//2319
f 1420//2320 1418//2320 1437//2320
f 1437//2321 1418//2321 1435//2321
f 1432//2322 1420//2322 1437//2322
f 1431//2323 1436//2323 1433//2323
f 1437//2324 1430//2324 1432//2324
f 1434//2325 1436//2325 1437//2325
f 1434//2326 1437//2326 1435//2326
f 1305//2327 1438//2327 1307//2327
f 1439//2328 1440//2328 1438//2328
f 1438//2329 1440//2329 1441//2329
f 1304//2330 1439//2330 1305//2330
f 1439//2331 1304//2331 1306//2331
f 1305//2332 1439//2332 1438//2332
f 1146//2333 1304//2333 1305//2333
f 1145//2334 1304//2334 1146//2334
f 1442//2335 1443//2335 1444//2335
f 1444//2336 1443//2336 1445//2336
f 1445//2337 1446//2337 1447//2337
f 1443//2338 1446//2338 1445//2338
f 1447//2339 1448//2339 1449//2339
f 1446//2340 1448//2340 1447//2340
f 1450//2341 1442//2341 1451//2341
f 1441//2342 1450//2342 1451//2342
f 1440//2343 1450//2343 1441//2343
f 1451//2344 1442//2344 1444//2344
f 1440//2345 1439//2345 1310//2345
f 1452//2346 1310//2346 1311//2346
f 1451//2347 1452//2347 1311//2347
f 1441//2348 1451//2348 1311//2348
f 1310//2349 1439//2349 1306//2349
f 1453//2350 1310//2350 1452//2350
f 1438//2351 1311//2351 1307//2351
f 1453//2352 1450//2352 1310//2352
f 1450//2353 1440//2353 1310//2353
f 1438//2354 1441//2354 1311//2354
f 1442//2355 1450//2355 1453//2355
f 1446//2356 1443//2356 1454//2356
f 1454//2357 1443//2357 1453//2357
f 1448//2358 1446//2358 1454//2358
f 1443//2359 1442//2359 1453//2359
f 1444//2360 1445//2360 1452//2360
f 1455//2361 1453//2361 1452//2361
f 1451//2362 1444//2362 1452//2362
f 1454//2363 1453//2363 1455//2363
f 1445//2364 1447//2364 1455//2364
f 1447//2365 1449//2365 1455//2365
f 1445//2366 1455//2366 1452//2366
f 1456//2367 1457//2367 1458//2367
f 1448//2368 1459//2368 1449//2368
f 1449//2369 1459//2369 1456//2369
f 1459//2370 1457//2370 1456//2370
f 1458//2371 1460//2371 1461//2371
f 1457//2372 1460//2372 1458//2372
f 1461//2373 1462//2373 1463//2373
f 1462//2374 1172//2374 1463//2374
f 1460//2375 1462//2375 1461//2375
f 1463//2376 1172//2376 1171//2376
f 1464//2377 1170//2377 1174//2377
f 1465//2378 1462//2378 1460//2378
f 1466//2379 1172//2379 1467//2379
f 1467//2380 1462//2380 1465//2380
f 1176//2381 1170//2381 1464//2381
f 1467//2382 1172//2382 1462//2382
f 1466//2383 1174//2383 1172//2383
f 1464//2384 1174//2384 1466//2384
f 1468//2385 1457//2385 1469//2385
f 1469//2386 1459//2386 1470//2386
f 1469//2387 1457//2387 1459//2387
f 1468//2388 1460//2388 1457//2388
f 1465//2389 1460//2389 1468//2389
f 1173//2390 1471//2390 1171//2390
f 1463//2391 1472//2391 1461//2391
f 1173//2392 1175//2392 1471//2392
f 1171//2393 1473//2393 1463//2393
f 1171//2394 1471//2394 1473//2394
f 1167//2395 1175//2395 1173//2395
f 1463//2396 1473//2396 1472//2396
f 1458//2397 1474//2397 1456//2397
f 1461//2398 1475//2398 1458//2398
f 1456//2399 1474//2399 1476//2399
f 1461//2400 1472//2400 1475//2400
f 1458//2401 1475//2401 1474//2401
f 1477//2402 1478//2402 1479//2402
f 1480//2403 1448//2403 1454//2403
f 1449//2404 1479//2404 1455//2404
f 1480//2405 1459//2405 1448//2405
f 1456//2406 1479//2406 1449//2406
f 1480//2407 1454//2407 1479//2407
f 1478//2408 1480//2408 1479//2408
f 1479//2409 1454//2409 1455//2409
f 1456//2410 1476//2410 1479//2410
f 1470//2411 1459//2411 1480//2411
f 1479//2412 1476//2412 1481//2412
f 1470//2413 1480//2413 1482//2413
f 1483//2414 1484//2414 1478//2414
f 1482//2415 1480//2415 1484//2415
f 1479//2416 1485//2416 1477//2416
f 1483//2417 1478//2417 1486//2417
f 1484//2418 1480//2418 1478//2418
f 1477//2419 1487//2419 1488//2419
f 1479//2420 1481//2420 1485//2420
f 1485//2421 1487//2421 1477//2421
f 1477//2422 1488//2422 1489//2422
f 1488//2423 1490//2423 1489//2423
f 1491//2424 1478//2424 1489//2424
f 1489//2425 1478//2425 1477//2425
f 1492//2426 1486//2426 1491//2426
f 1486//2427 1478//2427 1491//2427
f 1493//2428 1491//2428 1494//2428
f 1494//2429 1491//2429 1489//2429
f 1495//2430 1493//2430 1496//2430
f 1496//2431 1493//2431 1494//2431
f 1497//2432 1495//2432 1498//2432
f 1498//2433 1495//2433 1496//2433
f 1499//2434 1497//2434 1500//2434
f 1500//2435 1497//2435 1498//2435
f 1498//2436 1501//2436 1500//2436
f 1502//2437 1497//2437 1499//2437
f 1469//2438 1470//2438 1474//2438
f 1468//1801 1469//1801 1475//1801
f 1471//2439 1467//2439 1473//2439
f 1466//2440 1467//2440 1471//2440
f 1473//2441 1465//2441 1472//2441
f 1475//2442 1469//2442 1474//2442
f 1465//1799 1468//1799 1472//1799
f 1474//2443 1470//2443 1476//2443
f 1467//2444 1465//2444 1473//2444
f 1472//2445 1468//2445 1475//2445
f 1483//2446 1486//2446 1487//2446
f 1487//2447 1486//2447 1488//2447
f 1484//2334 1483//2334 1485//2334
f 1481//2448 1484//2448 1485//2448
f 1485//2333 1483//2333 1487//2333
f 1482//1805 1484//1805 1481//1805
f 1470//2449 1482//2449 1476//2449
f 1476//2450 1482//2450 1481//2450
f 1175//1838 1466//1838 1471//1838
f 1178//1843 1184//1843 1181//1843
f 1182//2451 1176//2451 1183//2451
f 1184//2452 1176//2452 1182//2452
f 1464//1839 1466//1839 1175//1839
f 1181//1842 1184//1842 1182//1842
f 1177//2453 1178//2453 1180//2453
f 1183//2454 1464//2454 1175//2454
f 1180//2455 1178//2455 1181//2455
f 1176//1841 1464//1841 1183//1841
f 1503//2456 1504//2456 1505//2456
f 1185//1846 1179//1846 1180//1846
f 1506//2457 1179//2457 1185//2457
f 1504//2458 1179//2458 1506//2458
f 1179//1847 1177//1847 1180//1847
f 1505//2459 1504//2459 1506//2459
f 1507//2460 1503//2460 1508//2460
f 1508//2461 1503//2461 1505//2461
f 1509//2462 1492//2462 1491//2462
f 1510//2463 1509//2463 1491//2463
f 1493//2464 1510//2464 1491//2464
f 1511//2465 1510//2465 1493//2465
f 1512//2466 1513//2466 1489//2466
f 1488//2329 1492//2329 1490//2329
f 1486//2467 1492//2467 1488//2467
f 1490//2468 1509//2468 1512//2468
f 1492//2469 1509//2469 1490//2469
f 1512//2344 1510//2344 1513//2344
f 1509//2341 1510//2341 1512//2341
f 1513//2470 1514//2470 1494//2470
f 1513//2471 1494//2471 1489//2471
f 1490//2472 1512//2472 1489//2472
f 1515//2473 1516//2473 1517//2473
f 1517//2474 1516//2474 1518//2474
f 1511//2475 1515//2475 1514//2475
f 1518//2476 1519//2476 1520//2476
f 1514//2477 1515//2477 1517//2477
f 1513//2478 1511//2478 1514//2478
f 1516//2479 1519//2479 1518//2479
f 1510//2335 1511//2335 1513//2335
f 1520//2480 1507//2480 1508//2480
f 1519//2481 1507//2481 1520//2481
f 1521//2482 1493//2482 1495//2482
f 1522//2109 1493//2109 1521//2109
f 1514//2483 1523//2483 1494//2483
f 1494//2116 1523//2116 1524//2116
f 1494//2484 1524//2484 1496//2484
f 1522//2485 1511//2485 1493//2485
f 1515//2486 1511//2486 1525//2486
f 1525//2487 1511//2487 1522//2487
f 1526//2488 1507//2488 1519//2488
f 1527//2489 1516//2489 1528//2489
f 1526//2490 1519//2490 1527//2490
f 1527//2491 1519//2491 1516//2491
f 1528//2492 1515//2492 1525//2492
f 1516//2493 1515//2493 1528//2493
f 1518//2494 1529//2494 1530//2494
f 1514//2495 1517//2495 1531//2495
f 1517//2496 1518//2496 1530//2496
f 1520//2497 1532//2497 1529//2497
f 1508//2498 1532//2498 1520//2498
f 1514//2499 1531//2499 1523//2499
f 1520//2500 1529//2500 1518//2500
f 1517//2501 1530//2501 1531//2501
f 1533//2502 1495//2502 1497//2502
f 1534//2503 1495//2503 1533//2503
f 1533//2504 1497//2504 1535//2504
f 1535//2505 1497//2505 1502//2505
f 1521//2506 1495//2506 1536//2506
f 1536//2507 1495//2507 1534//2507
f 1496//2508 1524//2508 1537//2508
f 1496//2509 1538//2509 1498//2509
f 1496//2510 1537//2510 1539//2510
f 1496//2511 1539//2511 1538//2511
f 1539//2512 1533//2512 1538//2512
f 1534//2449 1533//2449 1539//2449
f 1538//2448 1535//2448 1540//2448
f 1535//2334 1502//2334 1540//2334
f 1498//2513 1538//2513 1540//2513
f 1533//1805 1535//1805 1538//1805
f 1498//2514 1540//2514 1501//2514
f 1540//2333 1502//2333 1501//2333
f 1521//1801 1536//1801 1524//1801
f 1537//2443 1534//2443 1539//2443
f 1523//2515 1521//2515 1524//2515
f 1522//2516 1521//2516 1523//2516
f 1524//2442 1536//2442 1537//2442
f 1536//2438 1534//2438 1537//2438
f 1525//1797 1522//1797 1531//1797
f 1531//1794 1522//1794 1523//1794
f 1528//2440 1525//2440 1530//2440
f 1530//2439 1525//2439 1531//2439
f 1529//1838 1528//1838 1530//1838
f 1527//1839 1528//1839 1529//1839
f 1541//2517 1503//2517 1507//2517
f 1508//2518 1542//2518 1532//2518
f 1543//2519 1503//2519 1541//2519
f 1505//2520 1542//2520 1508//2520
f 1541//2521 1507//2521 1526//2521
f 1505//2522 1544//2522 1542//2522
f 1187//2523 1179//2523 1504//2523
f 1185//2524 1186//2524 1506//2524
f 1506//2525 1186//2525 1505//2525
f 1187//2526 1503//2526 1543//2526
f 1187//2527 1504//2527 1503//2527
f 1505//2528 1186//2528 1544//2528
f 1542//2529 1526//2529 1532//2529
f 1543//1843 1541//1843 1544//1843
f 1541//2452 1526//2452 1542//2452
f 1544//1842 1541//1842 1542//1842
f 1545//1849 1543//1849 1546//1849
f 1546//1848 1543//1848 1544//1848
f 1526//1841 1527//1841 1532//1841
f 1532//1840 1527//1840 1529//1840
f 1547//2374 1548//2374 1549//2374
f 1549//2376 1548//2376 1550//2376
f 1548//1847 1545//1847 1546//1847
f 1550//1846 1548//1846 1546//1846
f 1551//2530 1547//2530 1552//2530
f 1552//2531 1547//2531 1549//2531
f 1187//2532 1543//2532 1545//2532
f 1187//2533 1545//2533 1548//2533
f 1544//2534 1186//2534 1546//2534
f 1546//2535 1186//2535 1550//2535
f 1553//2536 1554//2536 1555//2536
f 1555//2537 1554//2537 1556//2537
f 1397//2538 1553//2538 1555//2538
f 1395//2539 1553//2539 1397//2539
f 1557//2540 1558//2540 1554//2540
f 1559//2541 1554//2541 1560//2541
f 1560//2542 1553//2542 1561//2542
f 1557//2543 1554//2543 1559//2543
f 1554//2544 1553//2544 1560//2544
f 1555//2545 1562//2545 1563//2545
f 1554//2546 1558//2546 1556//2546
f 1556//2547 1558//2547 1564//2547
f 1556//2548 1565//2548 1562//2548
f 1555//2549 1556//2549 1562//2549
f 1564//2550 1566//2550 1556//2550
f 1556//2551 1566//2551 1565//2551
f 1397//2552 1555//2552 1405//2552
f 1555//2553 1567//2553 1406//2553
f 1568//2554 1553//2554 1407//2554
f 1406//2065 1567//2065 1569//2065
f 1553//2555 1395//2555 1402//2555
f 1407//2556 1553//2556 1402//2556
f 1406//2066 1569//2066 1424//2066
f 1570//2061 1407//2061 1423//2061
f 1568//2062 1407//2062 1570//2062
f 1555//2557 1406//2557 1405//2557
f 1424//2066 1569//2066 1571//2066
f 1561//2558 1553//2558 1568//2558
f 1555//2559 1563//2559 1567//2559
f 1570//2061 1423//2061 1572//2061
f 1573//2560 1558//2560 1574//2560
f 1574//2561 1558//2561 1575//2561
f 1575//2562 1558//2562 1557//2562
f 1573//2563 1499//2563 1558//2563
f 1576//2564 1499//2564 1573//2564
f 1558//2565 1499//2565 1564//2565
f 1500//2566 1577//2566 1578//2566
f 1564//2567 1578//2567 1579//2567
f 1500//2568 1578//2568 1564//2568
f 1564//2569 1579//2569 1580//2569
f 1564//2570 1580//2570 1566//2570
f 1564//2571 1499//2571 1500//2571
f 1500//2572 1581//2572 1577//2572
f 1500//2573 1501//2573 1581//2573
f 1581//2574 1582//2574 1577//2574
f 1583//2575 1584//2575 1576//2575
f 1584//2576 1499//2576 1576//2576
f 1582//2577 1585//2577 1577//2577
f 1502//2578 1499//2578 1584//2578
f 1586//2579 1583//2579 1576//2579
f 1559//1801 1560//1801 1565//1801
f 1565//2442 1560//2442 1562//2442
f 1562//2580 1561//2580 1563//2580
f 1560//1803 1561//1803 1562//1803
f 1566//2581 1559//2581 1565//2581
f 1557//2582 1559//2582 1566//2582
f 1575//1797 1557//1797 1580//1797
f 1580//1794 1557//1794 1566//1794
f 1574//1795 1575//1795 1579//1795
f 1579//1796 1575//1796 1580//1796
f 1569//2333 1572//2333 1571//2333
f 1570//2334 1572//2334 1569//2334
f 1571//2583 1587//2583 1588//2583
f 1572//2330 1587//2330 1571//2330
f 1567//2448 1570//2448 1569//2448
f 1568//2584 1570//2584 1567//2584
f 1561//1806 1568//1806 1563//1806
f 1563//2585 1568//2585 1567//2585
f 1589//2586 1590//2586 1591//2586
f 1592//2587 1590//2587 1589//2587
f 1591//2588 1586//2588 1585//2588
f 1590//2589 1586//2589 1591//2589
f 1573//2590 1574//2590 1578//2590
f 1576//1841 1573//1841 1577//1841
f 1578//2591 1574//2591 1579//2591
f 1577//1840 1573//1840 1578//1840
f 1585//1844 1576//1844 1577//1844
f 1586//1845 1576//1845 1585//1845
f 1593//2592 1594//2592 1595//2592
f 1596//2373 1597//2373 1598//2373
f 1594//2375 1597//2375 1596//2375
f 1595//2593 1594//2593 1596//2593
f 1597//2458 1599//2458 1598//2458
f 1600//2594 1599//2594 1589//2594
f 1598//2595 1599//2595 1600//2595
f 1599//2596 1592//2596 1589//2596
f 1427//2597 1588//2597 1601//2597
f 1427//2598 1601//2598 1428//2598
f 1422//2599 1588//2599 1427//2599
f 1422//2600 1571//2600 1588//2600
f 1602//2601 1426//2601 1429//2601
f 1587//2602 1426//2602 1602//2602
f 1424//2603 1571//2603 1422//2603
f 1587//2604 1425//2604 1426//2604
f 1572//2605 1425//2605 1587//2605
f 1572//2606 1423//2606 1425//2606
f 1588//2329 1602//2329 1601//2329
f 1603//2607 1604//2607 1605//2607
f 1606//2608 1604//2608 1603//2608
f 1587//2467 1602//2467 1588//2467
f 1602//2609 1607//2609 1601//2609
f 1601//2610 1607//2610 1608//2610
f 1608//2344 1606//2344 1603//2344
f 1607//2341 1606//2341 1608//2341
f 1609//2339 1610//2339 1611//2339
f 1612//2480 1593//2480 1595//2480
f 1604//2338 1613//2338 1605//2338
f 1610//2368 1614//2368 1611//2368
f 1605//2337 1613//2337 1609//2337
f 1614//2481 1593//2481 1612//2481
f 1613//2340 1610//2340 1609//2340
f 1611//2611 1614//2611 1612//2611
f 1603//2612 1605//2612 1615//2612
f 1608//2613 1603//2613 1615//2613
f 1610//2614 1613//2614 1616//2614
f 1605//2615 1609//2615 1617//2615
f 1607//2616 1602//2616 1618//2616
f 1609//2617 1611//2617 1617//2617
f 1606//2618 1607//2618 1618//2618
f 1601//2619 1608//2619 1615//2619
f 1604//2620 1606//2620 1618//2620
f 1613//2621 1604//2621 1616//2621
f 1428//2622 1601//2622 1619//2622
f 1620//2623 1429//2623 1430//2623
f 1602//2624 1429//2624 1620//2624
f 1428//2625 1619//2625 1431//2625
f 1431//2626 1619//2626 1436//2626
f 1436//2627 1619//2627 1620//2627
f 1620//2628 1430//2628 1437//2628
f 1436//2629 1620//2629 1437//2629
f 1619//2630 1615//2630 1618//2630
f 1619//2631 1618//2631 1620//2631
f 1618//2632 1602//2632 1620//2632
f 1601//2633 1615//2633 1619//2633
f 1616//2634 1604//2634 1618//2634
f 1615//2635 1617//2635 1616//2635
f 1615//2636 1616//2636 1618//2636
f 1605//2637 1617//2637 1615//2637
f 1621//2638 1622//2638 1623//2638
f 1623//2639 1622//2639 1624//2639
f 1583//2469 1621//2469 1582//2469
f 1582//2468 1621//2468 1623//2468
f 1501//2447 1584//2447 1581//2447
f 1584//2467 1583//2467 1581//2467
f 1581//2329 1583//2329 1582//2329
f 1502//2446 1584//2446 1501//2446
f 1624//2640 1589//2640 1591//2640
f 1624//2641 1625//2641 1589//2641
f 1623//2642 1591//2642 1585//2642
f 1592//2643 1622//2643 1590//2643
f 1626//2644 1622//2644 1592//2644
f 1622//2645 1621//2645 1590//2645
f 1623//2646 1624//2646 1591//2646
f 1590//2647 1621//2647 1586//2647
f 1582//2577 1623//2577 1585//2577
f 1621//2579 1583//2579 1586//2579
f 1627//2474 1628//2474 1629//2474
f 1630//2473 1628//2473 1627//2473
f 1626//2338 1630//2338 1625//2338
f 1622//2335 1626//2335 1624//2335
f 1624//2336 1626//2336 1625//2336
f 1625//2337 1630//2337 1627//2337
f 1628//2648 1631//2648 1629//2648
f 1629//2649 1631//2649 1632//2649
f 1631//2370 1633//2370 1632//2370
f 1632//2367 1633//2367 1634//2367
f 1634//2650 1551//2650 1552//2650
f 1633//2592 1551//2592 1634//2592
f 1625//2651 1635//2651 1589//2651
f 1636//2652 1626//2652 1592//2652
f 1187//2653 1551//2653 1633//2653
f 1187//2654 1548//2654 1547//2654
f 1637//2655 1631//2655 1628//2655
f 1637//2656 1633//2656 1631//2656
f 1187//2657 1547//2657 1551//2657
f 1187//2658 1633//2658 1637//2658
f 1634//2659 1638//2659 1632//2659
f 1552//2660 1186//2660 1634//2660
f 1550//2661 1186//2661 1549//2661
f 1634//2662 1186//2662 1638//2662
f 1549//2663 1186//2663 1552//2663
f 1632//2664 1638//2664 1629//2664
f 1638//2665 1187//2665 1637//2665
f 1638//2666 1186//2666 1187//2666
f 1630//2667 1626//2667 1636//2667
f 1628//2668 1630//2668 1636//2668
f 1637//2669 1628//2669 1636//2669
f 1625//2670 1627//2670 1635//2670
f 1627//2671 1629//2671 1635//2671
f 1635//2672 1637//2672 1636//2672
f 1635//2673 1638//2673 1637//2673
f 1629//2674 1638//2674 1635//2674
f 1636//2675 1592//2675 1599//2675
f 1639//2676 1599//2676 1597//2676
f 1636//2677 1599//2677 1639//2677
f 1589//2678 1635//2678 1600//2678
f 1600//2679 1640//2679 1598//2679
f 1600//2680 1635//2680 1640//2680
f 1598//2681 1640//2681 1596//2681
f 1596//2682 1641//2682 1595//2682
f 1596//2683 1640//2683 1641//2683
f 1639//2684 1597//2684 1594//2684
f 1639//2685 1594//2685 1642//2685
f 1642//2686 1594//2686 1593//2686
f 1640//2687 1635//2687 1636//2687
f 1640//2688 1636//2688 1639//2688
f 1617//2689 1642//2689 1616//2689
f 1617//2690 1641//2690 1642//2690
f 1642//2691 1614//2691 1610//2691
f 1642//2692 1593//2692 1614//2692
f 1641//2693 1640//2693 1639//2693
f 1641//2694 1639//2694 1642//2694
f 1642//2695 1610//2695 1616//2695
f 1595//2696 1641//2696 1612//2696
f 1612//2697 1641//2697 1611//2697
f 1611//2698 1641//2698 1617//2698
f 1148//2699 1147//2699 1151//2699
f 1151//2700 1147//2700 1154//2700
f 1154//2701 1147//2701 1150//2701
f 1154//2702 1150//2702 1152//2702
f 1152//2703 1150//2703 1153//2703
f 1149//2704 1148//2704 1151//2704
f 1151//2705 1154//2705 1157//2705
f 1159//2706 1151//2706 1156//2706
f 1156//2707 1151//2707 1155//2707
f 1155//2708 1151//2708 1157//2708
f 1158//2709 1154//2709 1160//2709
f 1160//2710 1154//2710 1161//2710
f 1161//2711 1154//2711 1162//2711
f 1157//2712 1154//2712 1158//2712
f 1164//2713 1159//2713 1163//2713
f 1164//2714 1151//2714 1159//2714
f 1162//2715 1154//2715 1187//2715
f 1186//2716 1162//2716 1187//2716
f 1192//2717 1164//2717 1163//2717
f 1189//2718 1190//2718 1195//2718
f 1190//2719 1164//2719 1192//2719
f 1195//2720 1190//2720 1192//2720
f 1188//2721 1189//2721 1194//2721
f 1194//2721 1189//2721 1195//2721
f 1191//2722 1188//2722 1193//2722
f 1643//2723 1191//2723 1193//2723
f 1193//2722 1188//2722 1194//2722
f 1644//2724 1191//2724 1643//2724
f 1645//2725 1644//2725 1646//2725
f 1647//2726 1645//2726 1648//2726
f 1648//2727 1645//2727 1646//2727
f 1646//2728 1644//2728 1643//2728
f 1649//2729 1647//2729 1648//2729
f 1649//2730 1648//2730 1650//2730
f 1651//2731 1652//2731 1193//2731
f 1643//2732 1652//2732 1646//2732
f 1193//2733 1652//2733 1643//2733
f 1653//2734 1654//2734 1646//2734
f 1646//2735 1654//2735 1648//2735
f 1655//2736 1645//2736 1647//2736
f 1655//2737 1644//2737 1645//2737
f 1197//2738 1191//2738 1644//2738
f 1655//2739 1656//2739 1644//2739
f 1654//2740 1657//2740 1650//2740
f 1648//2741 1654//2741 1650//2741
f 1658//2742 1647//2742 1649//2742
f 1658//2743 1659//2743 1647//2743
f 817//2744 782//2744 820//2744
f 820//2745 782//2745 819//2745
f 819//2746 782//2746 781//2746
f 781//2747 782//2747 778//2747
f 778//2748 782//2748 748//2748
f 783//2749 780//2749 779//2749
f 783//2750 818//2750 780//2750
f 783//2751 815//2751 818//2751
f 783//2752 779//2752 773//2752
f 783//2753 816//2753 815//2753
f 783//2754 851//2754 850//2754
f 783//2755 853//2755 851//2755
f 783//2756 854//2756 853//2756
f 783//2757 850//2757 816//2757
f 852//2758 782//2758 846//2758
f 856//2759 782//2759 852//2759
f 855//2760 782//2760 856//2760
f 846//2761 782//2761 817//2761
f 783//2762 1660//2762 1650//2762
f 1650//2763 1660//2763 1661//2763
f 783//2764 1662//2764 1660//2764
f 1661//2765 1663//2765 1650//2765
f 1663//2766 1664//2766 1650//2766
f 783//2767 782//2767 1665//2767
f 1664//2768 1649//2768 1650//2768
f 783//2769 1665//2769 1662//2769
f 1666//265 1650//265 1667//265
f 1668//2770 1669//2770 1670//2770
f 1669//2771 783//2771 1650//2771
f 1669//265 1650//265 1670//265
f 1670//265 1650//265 1666//265
f 1670//265 1666//265 1671//265
f 1102//2772 854//2772 783//2772
f 855//2773 1101//2773 782//2773
f 1672//2774 1673//2774 1663//2774
f 1663//2775 1674//2775 1664//2775
f 1674//2776 1658//2776 1649//2776
f 1673//2777 1674//2777 1663//2777
f 1664//2778 1674//2778 1649//2778
f 1661//2779 1672//2779 1663//2779
f 1675//2780 1676//2780 1660//2780
f 1660//2781 1676//2781 1661//2781
f 1676//2782 1672//2782 1661//2782
f 1677//2783 1675//2783 1662//2783
f 1662//2784 1675//2784 1660//2784
f 1101//2785 1677//2785 1665//2785
f 1665//2786 1677//2786 1662//2786
f 782//2787 1101//2787 1665//2787
f 1678//2788 1671//2788 1666//2788
f 1679//2789 1678//2789 1666//2789
f 1680//2790 1666//2790 1667//2790
f 1680//2791 1679//2791 1666//2791
f 1657//2792 1667//2792 1650//2792
f 1657//2793 1680//2793 1667//2793
f 1681//2794 1668//2794 1670//2794
f 1682//2795 1683//2795 1669//2795
f 1683//2796 1102//2796 783//2796
f 1683//2797 783//2797 1669//2797
f 1678//2798 1681//2798 1670//2798
f 1678//2799 1670//2799 1671//2799
f 1682//2800 1669//2800 1668//2800
f 1681//2801 1682//2801 1668//2801
f 574//2802 575//2802 296//2802
f 1197//2803 571//2803 299//2803
f 1684//2804 580//2804 1685//2804
f 1685//2805 580//2805 579//2805
f 1685//2806 579//2806 1686//2806
f 1197//2807 1687//2807 571//2807
f 1686//2808 577//2808 571//2808
f 1686//2809 579//2809 577//2809
f 1686//1877 571//1877 1687//1877
f 582//2810 1688//2810 581//2810
f 576//2811 1689//2811 1196//2811
f 578//2812 1689//2812 576//2812
f 581//2813 1689//2813 578//2813
f 581//2814 1690//2814 1689//2814
f 581//2815 1688//2815 1690//2815
f 1691//2816 585//2816 1692//2816
f 1693//2817 585//2817 1691//2817
f 1694//2818 585//2818 1693//2818
f 592//2819 585//2819 1694//2819
f 1695//2820 1692//2820 1696//2820
f 585//2821 1697//2821 1698//2821
f 585//2822 1699//2822 1697//2822
f 585//2823 1700//2823 1699//2823
f 1696//2824 1692//2824 1701//2824
f 585//2825 1702//2825 1703//2825
f 585//2826 1703//2826 1704//2826
f 585//2827 1704//2827 1705//2827
f 585//2828 1705//2828 1706//2828
f 585//2829 1698//2829 1702//2829
f 1692//2830 585//2830 1707//2830
f 1708//2831 1692//2831 1709//2831
f 1709//2832 1692//2832 1707//2832
f 585//2833 1706//2833 1707//2833
f 1710//2834 1692//2834 1711//2834
f 1711//2835 1692//2835 1712//2835
f 1712//2836 1692//2836 1713//2836
f 1713//2837 1692//2837 1714//2837
f 1714//2838 1692//2838 1708//2838
f 1703//1772 1712//1772 1704//1772
f 1704//1766 1713//1766 1705//1766
f 1714//2006 1708//2006 1706//2006
f 1713//1923 1714//1923 1705//1923
f 1705//2007 1714//2007 1706//2007
f 1712//1771 1713//1771 1704//1771
f 1715//1768 1716//1768 1717//1768
f 1711//1769 1712//1769 1703//1769
f 1716//1934 1710//1934 1717//1934
f 1710//2839 1711//2839 1702//2839
f 1702//1770 1711//1770 1703//1770
f 1717//1764 1710//1764 1702//1764
f 1701//2840 1692//2840 1718//2840
f 1718//2841 1692//2841 1710//2841
f 1719//1777 1716//1777 1715//1777
f 1720//1937 1721//1937 1722//1937
f 1722//1938 1721//1938 1719//1938
f 1721//1778 1716//1778 1719//1778
f 1723//265 1721//265 1724//265
f 1724//2842 1720//2842 1725//2842
f 1726//265 1716//265 1723//265
f 1724//265 1721//265 1720//265
f 1718//2843 1710//2843 1726//2843
f 1726//2844 1710//2844 1716//2844
f 1723//265 1716//265 1721//265
f 1715//246 1727//246 1719//246
f 1715//246 1728//246 1727//246
f 1717//2845 1728//2845 1715//2845
f 1717//2846 1698//2846 1728//2846
f 1719//246 1727//246 1729//246
f 1719//246 1729//246 1722//246
f 1722//2847 1729//2847 1730//2847
f 1702//2848 1698//2848 1717//2848
f 1697//1797 1701//1797 1698//1797
f 1696//1796 1701//1796 1697//1796
f 1699//1795 1696//1795 1697//1795
f 1698//1799 1718//1799 1728//1799
f 1701//1794 1718//1794 1698//1794
f 1728//1801 1726//1801 1727//1801
f 1718//2445 1726//2445 1728//2445
f 1726//1800 1723//1800 1727//1800
f 1727//1803 1723//1803 1729//1803
f 1724//2849 1725//2849 1730//2849
f 1729//1806 1724//1806 1730//1806
f 1725//1807 1731//1807 1732//1807
f 1723//2580 1724//2580 1729//2580
f 1730//1805 1725//1805 1732//1805
f 582//2850 1733//2850 1688//2850
f 583//2851 1733//2851 582//2851
f 1734//2852 584//2852 580//2852
f 1734//2853 580//2853 1684//2853
f 1735//2854 1736//2854 588//2854
f 1736//2855 1737//2855 590//2855
f 1736//2855 590//2855 586//2855
f 1734//2856 1738//2856 584//2856
f 1738//2857 1735//2857 588//2857
f 1738//2858 589//2858 584//2858
f 1736//2854 586//2854 588//2854
f 1738//2859 588//2859 589//2859
f 1737//2860 591//2860 590//2860
f 1739//2861 1740//2861 587//2861
f 1737//2860 1739//2860 591//2860
f 1739//2862 587//2862 591//2862
f 1740//2863 1741//2863 585//2863
f 1740//2864 585//2864 587//2864
f 1693//2865 1742//2865 1694//2865
f 1743//2866 1744//2866 594//2866
f 593//2867 1733//2867 583//2867
f 1694//2868 1745//2868 592//2868
f 1742//2868 1745//2868 1694//2868
f 1744//2869 1733//2869 593//2869
f 592//2870 1743//2870 594//2870
f 1745//2871 1743//2871 592//2871
f 594//2872 1744//2872 593//2872
f 1746//2873 1747//2873 1692//2873
f 1692//2874 1747//2874 1691//2874
f 1691//2875 1748//2875 1693//2875
f 1748//2876 1742//2876 1693//2876
f 1747//2877 1748//2877 1691//2877
f 585//2878 1741//2878 1700//2878
f 1746//2879 1692//2879 1695//2879
f 1749//1845 1750//1845 1751//1845
f 1751//1844 1750//1844 1752//1844
f 1753//1843 1749//1843 1754//1843
f 1754//1842 1749//1842 1751//1842
f 1750//1841 1695//1841 1752//1841
f 1752//1840 1695//1840 1700//1840
f 1695//2880 1696//2880 1699//2880
f 1700//1839 1695//1839 1699//1839
f 1755//1849 1756//1849 1754//1849
f 1757//1847 1756//1847 1755//1847
f 1758//2374 1759//2374 1760//2374
f 1759//1846 1756//1846 1757//1846
f 1756//1848 1753//1848 1754//1848
f 1760//2376 1759//2376 1757//2376
f 1741//2881 1754//2881 1751//2881
f 1741//2882 1751//2882 1752//2882
f 1741//2883 1752//2883 1700//2883
f 1753//2884 1746//2884 1749//2884
f 1749//2885 1746//2885 1750//2885
f 1750//2886 1746//2886 1695//2886
f 1741//2887 1761//2887 1754//2887
f 1762//2888 1746//2888 1753//2888
f 1763//2889 1746//2889 1764//2889
f 1741//2890 1765//2890 1766//2890
f 1764//2891 1746//2891 1767//2891
f 1741//2892 1768//2892 1765//2892
f 1767//2893 1746//2893 1769//2893
f 1769//2894 1746//2894 1762//2894
f 1770//2895 1746//2895 1763//2895
f 1741//2896 1771//2896 1761//2896
f 1741//2897 1766//2897 1771//2897
f 1772//2898 1746//2898 1770//2898
f 1741//2899 1773//2899 1768//2899
f 1774//1895 1707//1895 1775//1895
f 1774//1894 1709//1894 1707//1894
f 1776//2900 1709//2900 1774//2900
f 1777//2901 1709//2901 1778//2901
f 1778//265 1709//265 1779//265
f 1779//2902 1709//2902 1780//2902
f 1780//2903 1709//2903 1781//2903
f 1781//2904 1709//2904 1776//2904
f 1707//2905 1782//2905 1783//2905
f 1707//2906 1784//2906 1782//2906
f 1707//2907 1785//2907 1784//2907
f 1707//246 1786//246 1785//246
f 1707//2908 1787//2908 1786//2908
f 1707//2909 1783//2909 1775//2909
f 1788//2910 1789//2910 1707//2910
f 1707//2911 1789//2911 1787//2911
f 1706//2912 1788//2912 1707//2912
f 1790//2913 1709//2913 1777//2913
f 1791//2914 1708//2914 1709//2914
f 1790//2915 1791//2915 1709//2915
f 1792//2916 1790//2916 1777//2916
f 1793//2917 1794//2917 1792//2917
f 1789//2918 1795//2918 1796//2918
f 1789//2919 1796//2919 1787//2919
f 1795//2920 1797//2920 1796//2920
f 1794//2921 1790//2921 1792//2921
f 1792//1922 1777//1922 1787//1922
f 1797//1770 1793//1770 1796//1770
f 1785//1926 1779//1926 1784//1926
f 1777//1767 1778//1767 1786//1767
f 1787//1925 1777//1925 1786//1925
f 1793//1769 1792//1769 1796//1769
f 1786//1920 1778//1920 1785//1920
f 1796//1772 1792//1772 1787//1772
f 1778//2922 1779//2922 1785//2922
f 1779//1924 1780//1924 1784//1924
f 1784//1929 1780//1929 1782//1929
f 1780//1927 1781//1927 1782//1927
f 1782//1930 1776//1930 1783//1930
f 1783//1932 1776//1932 1798//1932
f 1776//2159 1799//2159 1798//2159
f 1781//1931 1776//1931 1782//1931
f 1800//1933 1801//1933 1802//1933
f 1802//1934 1801//1934 1803//1934
f 1804//2923 1800//2923 1802//2923
f 1805//2924 1804//2924 1806//2924
f 1806//1935 1804//1935 1802//1935
f 1807//1940 1805//1940 1808//1940
f 1803//1942 1801//1942 1797//1942
f 1801//2925 1793//2925 1797//2925
f 1808//1937 1805//1937 1806//1937
f 1809//1939 1807//1939 1808//1939
f 1810//1948 1807//1948 1809//1948
f 1811//1944 1810//1944 1812//1944
f 1813//1947 1810//1947 1809//1947
f 1812//1943 1810//1943 1813//1943
f 1814//1945 1811//1945 1812//1945
f 1815//1946 1814//1946 1812//1946
f 1816//1949 1775//1949 1817//1949
f 1816//1950 1774//1950 1775//1950
f 1775//2926 1783//2926 1798//2926
f 1775//2927 1798//2927 1818//2927
f 1819//2928 1774//2928 1816//2928
f 1776//2929 1774//2929 1799//2929
f 1799//2930 1774//2930 1819//2930
f 1820//2931 1819//2931 1816//2931
f 1821//2932 1820//2932 1816//2932
f 1775//2933 1818//2933 1817//2933
f 1818//2934 1822//2934 1817//2934
f 1822//2935 1823//2935 1817//2935
f 1824//2936 1816//2936 1825//2936
f 1821//2937 1816//2937 1826//2937
f 1817//2938 1827//2938 1828//2938
f 1817//2939 1828//2939 1829//2939
f 1817//2940 1823//2940 1827//2940
f 1826//2941 1816//2941 1824//2941
f 1825//1964 1816//1964 1817//1964
f 1825//1965 1817//1965 1829//1965
f 1823//1972 1830//1972 1831//1972
f 1821//1969 1830//1969 1823//1969
f 1830//2942 1832//2942 1833//2942
f 1831//1970 1830//1970 1833//1970
f 1820//1974 1821//1974 1823//1974
f 1819//1975 1820//1975 1818//1975
f 1822//1973 1820//1973 1823//1973
f 1798//1977 1799//1977 1818//1977
f 1818//1978 1820//1978 1822//1978
f 1799//1976 1819//1976 1818//1976
f 1832//2943 1834//2943 1835//2943
f 1836//1979 1837//1979 1838//1979
f 1839//1988 1814//1988 1815//1988
f 1834//1984 1837//1984 1836//1984
f 1840//2222 1839//2222 1841//2222
f 1833//1985 1832//1985 1835//1985
f 1841//1987 1839//1987 1815//1987
f 1835//1983 1834//1983 1836//1983
f 1837//1981 1840//1981 1838//1981
f 1838//1982 1840//1982 1841//1982
f 1830//2944 1821//2944 1826//2944
f 1842//2945 1830//2945 1826//2945
f 1832//2946 1830//2946 1842//2946
f 1843//2947 1832//2947 1842//2947
f 1834//2948 1832//2948 1843//2948
f 1837//2947 1834//2947 1844//2947
f 1844//2948 1834//2948 1843//2948
f 1823//2949 1831//2949 1827//2949
f 1831//2950 1845//2950 1827//2950
f 1831//2951 1833//2951 1845//2951
f 1835//2952 1836//2952 1846//2952
f 1835//2953 1846//2953 1847//2953
f 1833//2953 1835//2953 1847//2953
f 1833//2952 1847//2952 1845//2952
f 1789//2954 1790//2954 1795//2954
f 1708//2005 1791//2005 1788//2005
f 1788//2002 1791//2002 1789//2002
f 1706//2004 1708//2004 1788//2004
f 1791//2955 1790//2955 1789//2955
f 1795//2015 1794//2015 1848//2015
f 1790//1930 1794//1930 1795//1930
f 1794//2014 1849//2014 1848//2014
f 1850//2956 1851//2956 1852//2956
f 1848//2013 1853//2013 1854//2013
f 1855//2010 1856//2010 1857//2010
f 1854//2008 1853//2008 1858//2008
f 1856//2038 1859//2038 1860//2038
f 1849//2012 1853//2012 1848//2012
f 1858//2011 1855//2011 1857//2011
f 1853//2009 1855//2009 1858//2009
f 1857//1969 1856//1969 1860//1969
f 1861//2042 1850//2042 1852//2042
f 1855//2957 1853//2957 1800//2957
f 1800//2958 1853//2958 1801//2958
f 1862//2959 1856//2959 1805//2959
f 1804//2960 1855//2960 1800//2960
f 1856//2961 1855//2961 1804//2961
f 1853//2962 1849//2962 1801//2962
f 1805//2963 1856//2963 1804//2963
f 1849//2964 1794//2964 1793//2964
f 1801//2965 1849//2965 1793//2965
f 1858//2966 1857//2966 1806//2966
f 1854//2967 1802//2967 1803//2967
f 1858//2968 1806//2968 1802//2968
f 1795//2969 1848//2969 1797//2969
f 1848//2970 1854//2970 1803//2970
f 1854//2971 1858//2971 1802//2971
f 1857//2972 1808//2972 1806//2972
f 1848//2973 1803//2973 1797//2973
f 1857//2974 1863//2974 1808//2974
f 1850//2975 1864//2975 1865//2975
f 1859//2976 1856//2976 1862//2976
f 1865//2977 1859//2977 1862//2977
f 1864//2978 1859//2978 1865//2978
f 1866//2979 1861//2979 1867//2979
f 1860//2980 1867//2980 1863//2980
f 1860//2981 1866//2981 1867//2981
f 1860//2039 1859//2039 1866//2039
f 1866//2040 1864//2040 1861//2040
f 1859//2982 1864//2982 1866//2982
f 1857//2983 1860//2983 1863//2983
f 1864//2044 1850//2044 1861//2044
f 1868//2054 1869//2054 1870//2054
f 1869//2277 1720//2277 1722//2277
f 1871//2049 1869//2049 1722//2049
f 1870//2051 1869//2051 1871//2051
f 1872//2052 1868//2052 1873//2052
f 1873//2053 1868//2053 1870//2053
f 1874//2056 1875//2056 1873//2056
f 1876//2058 1875//2058 1874//2058
f 1875//2055 1872//2055 1873//2055
f 1877//2059 1876//2059 1878//2059
f 1878//2057 1876//2057 1874//2057
f 1851//2984 1877//2984 1879//2984
f 1879//1982 1877//1982 1878//1982
f 1852//2060 1851//2060 1879//2060
f 1880//2985 1868//2985 1872//2985
f 1725//2986 1720//2986 1869//2986
f 1725//2987 1869//2987 1731//2987
f 1731//2988 1869//2988 1868//2988
f 1731//2988 1868//2988 1880//2988
f 1870//2989 1881//2989 1873//2989
f 1870//2990 1732//2990 1881//2990
f 1722//2991 1730//2991 1871//2991
f 1871//2990 1732//2990 1870//2990
f 1871//2992 1730//2992 1732//2992
f 1882//2993 1875//2993 1876//2993
f 1880//2994 1872//2994 1882//2994
f 1882//2995 1872//2995 1875//2995
f 1873//2996 1881//2996 1883//2996
f 1873//2997 1883//2997 1874//2997
f 1874//2998 1883//2998 1878//2998
f 1879//2999 1884//2999 1852//2999
f 1885//3000 1876//3000 1877//3000
f 1878//3001 1883//3001 1884//3001
f 1878//3002 1884//3002 1879//3002
f 1852//3003 1884//3003 1867//3003
f 1861//3004 1852//3004 1867//3004
f 1882//3005 1876//3005 1885//3005
f 1885//3006 1851//3006 1865//3006
f 1885//3007 1877//3007 1851//3007
f 1851//3008 1850//3008 1865//3008
f 1865//2089 1862//2089 1863//2089
f 1884//2090 1885//2090 1867//2090
f 1885//2087 1865//2087 1867//2087
f 1867//2088 1865//2088 1863//2088
f 1886//2091 1887//2091 1883//2091
f 1882//3009 1885//3009 1884//3009
f 1883//3010 1882//3010 1884//3010
f 1887//3011 1882//3011 1883//3011
f 1862//3012 1807//3012 1888//3012
f 1888//265 1807//265 1810//265
f 1862//3013 1805//3013 1807//3013
f 1888//265 1810//265 1811//265
f 1888//265 1811//265 1814//265
f 1809//246 1889//246 1813//246
f 1813//246 1889//246 1812//246
f 1862//2103 1888//2103 1889//2103
f 1808//3014 1863//3014 1809//3014
f 1809//3015 1863//3015 1889//3015
f 1863//2101 1862//2101 1889//2101
f 1890//3016 1840//3016 1891//3016
f 1891//3017 1840//3017 1837//3017
f 1888//3018 1814//3018 1890//3018
f 1890//3019 1814//3019 1839//3019
f 1890//265 1839//265 1840//265
f 1838//3020 1892//3020 1893//3020
f 1838//3021 1893//3021 1836//3021
f 1888//2113 1890//2113 1892//2113
f 1889//2112 1888//2112 1892//2112
f 1841//246 1892//246 1838//246
f 1815//3022 1892//3022 1841//3022
f 1812//3023 1892//3023 1815//3023
f 1812//3024 1889//3024 1892//3024
f 1836//3025 1893//3025 1846//3025
f 1892//2122 1890//2122 1893//2122
f 1891//3026 1837//3026 1844//3026
f 1891//2121 1894//2121 1895//2121
f 1893//2120 1891//2120 1895//2120
f 1890//3027 1891//3027 1893//3027
f 1896//3028 1891//3028 1844//3028
f 1894//3029 1891//3029 1896//3029
f 1895//2131 1894//2131 1897//2131
f 1893//3030 1898//3030 1846//3030
f 1899//3031 1894//3031 1896//3031
f 1894//2130 1900//2130 1897//2130
f 1893//3032 1895//3032 1898//3032
f 1895//3033 1901//3033 1898//3033
f 1902//2133 1825//2133 1829//2133
f 1902//2134 1829//2134 1903//2134
f 1829//3034 1904//3034 1903//3034
f 1905//3035 1825//3035 1902//3035
f 1906//3036 1825//3036 1905//3036
f 1824//3037 1825//3037 1906//3037
f 1829//3038 1828//3038 1907//3038
f 1903//246 1908//246 1909//246
f 1829//3039 1907//3039 1904//3039
f 1903//3040 1904//3040 1908//3040
f 1910//265 1902//265 1911//265
f 1905//3041 1902//3041 1910//3041
f 1903//3042 1912//3042 1913//3042
f 1911//265 1902//265 1914//265
f 1914//3043 1902//3043 1915//3043
f 1903//246 1909//246 1912//246
f 1915//2145 1902//2145 1903//2145
f 1915//2146 1903//2146 1913//2146
f 1828//2152 1824//2152 1907//2152
f 1824//3044 1906//3044 1907//3044
f 1842//3045 1826//3045 1827//3045
f 1826//2155 1824//2155 1828//2155
f 1827//2154 1826//2154 1828//2154
f 1847//2153 1843//2153 1845//2153
f 1843//1771 1842//1771 1845//1771
f 1845//1766 1842//1766 1827//1766
f 1908//1932 1910//1932 1909//1932
f 1906//2157 1905//2157 1904//2157
f 1904//2122 1905//2122 1908//2122
f 1905//1930 1910//1930 1908//1930
f 1907//2158 1906//2158 1904//2158
f 1910//1928 1911//1928 1909//1928
f 1846//2166 1844//2166 1847//2166
f 1844//2165 1843//2165 1847//2165
f 1896//2164 1844//2164 1846//2164
f 1899//2162 1896//2162 1898//2162
f 1916//2161 1899//2161 1917//2161
f 1901//1933 1899//1933 1898//1933
f 1898//2163 1896//2163 1846//2163
f 1917//2160 1899//2160 1901//2160
f 1918//3046 1914//3046 1915//3046
f 1919//3047 1918//3047 1915//3047
f 1914//1978 1918//1978 1920//1978
f 1909//3048 1914//3048 1912//3048
f 1912//3049 1914//3049 1920//3049
f 1920//3050 1921//3050 1913//3050
f 1911//1977 1914//1977 1909//1977
f 1912//3051 1920//3051 1913//3051
f 1920//2176 1918//2176 1921//2176
f 1922//2173 1923//2173 1924//2173
f 1921//2175 1919//2175 1922//2175
f 1918//3052 1919//3052 1921//3052
f 1919//2254 1923//2254 1922//2254
f 1923//3053 1925//3053 1924//3053
f 1926//2042 1927//2042 1928//2042
f 1925//2044 1927//2044 1926//2044
f 1924//2040 1925//2040 1926//2040
f 1929//3054 1930//3054 1931//3054
f 1927//2956 1929//2956 1928//2956
f 1928//2179 1929//2179 1931//2179
f 1932//2181 1915//2181 1913//2181
f 1921//3055 1933//3055 1913//3055
f 1932//2180 1913//2180 1933//2180
f 1932//3056 1919//3056 1915//3056
f 1926//3057 1934//3057 1933//3057
f 1935//3058 1927//3058 1932//3058
f 1927//3059 1925//3059 1932//3059
f 1925//3060 1923//3060 1932//3060
f 1924//3061 1926//3061 1933//3061
f 1923//3062 1919//3062 1932//3062
f 1922//3063 1924//3063 1933//3063
f 1921//3064 1922//3064 1933//3064
f 1935//2192 1933//2192 1934//2192
f 1935//2195 1934//2195 1936//2195
f 1935//2194 1932//2194 1933//2194
f 1937//2193 1935//2193 1936//2193
f 1938//3065 1894//3065 1916//3065
f 1900//3066 1894//3066 1938//3066
f 1900//3067 1939//3067 1940//3067
f 1916//3068 1894//3068 1899//3068
f 1900//3069 1938//3069 1939//3069
f 1941//3070 1897//3070 1942//3070
f 1895//3071 1897//3071 1941//3071
f 1895//3072 1917//3072 1901//3072
f 1941//2206 1916//2206 1917//2206
f 1942//3073 1897//3073 1943//3073
f 1938//2203 1916//2203 1941//2203
f 1895//3074 1941//3074 1917//3074
f 1944//2056 1945//2056 1946//2056
f 1943//2210 1939//2210 1942//2210
f 1942//2208 1939//2208 1941//2208
f 1940//2211 1939//2211 1943//2211
f 1939//2209 1938//2209 1941//2209
f 1947//2052 1940//2052 1946//2052
f 1946//2053 1940//2053 1943//2053
f 1945//2055 1947//2055 1946//2055
f 1946//3075 1948//3075 1944//3075
f 1943//3076 1948//3076 1946//3076
f 1949//3077 1947//3077 1945//3077
f 1949//3078 1940//3078 1947//3078
f 1897//3079 1948//3079 1943//3079
f 1949//3080 1900//3080 1940//3080
f 1900//2218 1949//2218 1897//2218
f 1897//2217 1949//2217 1948//2217
f 1949//3081 1945//3081 1950//3081
f 1951//2058 1945//2058 1944//2058
f 1930//1980 1951//1980 1952//1980
f 1952//1987 1951//1987 1944//1987
f 1931//1982 1930//1982 1952//1982
f 1944//3082 1948//3082 1953//3082
f 1950//3083 1945//3083 1951//3083
f 1954//3084 1927//3084 1955//3084
f 1929//3085 1927//3085 1954//3085
f 1956//3086 1929//3086 1954//3086
f 1957//3087 1951//3087 1930//3087
f 1950//3087 1951//3087 1957//3087
f 1956//3088 1930//3088 1929//3088
f 1957//3089 1930//3089 1956//3089
f 1926//3090 1958//3090 1959//3090
f 1944//3091 1953//3091 1952//3091
f 1926//3092 1928//3092 1958//3092
f 1952//3093 1953//3093 1960//3093
f 1952//3093 1960//3093 1931//3093
f 1931//3094 1960//3094 1961//3094
f 1931//3095 1961//3095 1928//3095
f 1928//3096 1961//3096 1958//3096
f 1948//3097 1962//3097 1963//3097
f 1964//3098 1965//3098 1966//3098
f 1966//3099 1965//3099 1967//3099
f 1962//3100 1968//3100 1969//3100
f 1965//3101 1949//3101 1967//3101
f 1967//3102 1949//3102 1950//3102
f 1948//3103 1963//3103 1953//3103
f 1949//2246 1965//2246 1948//2246
f 1948//2249 1965//2249 1962//2249
f 1962//3104 1969//3104 1963//3104
f 1962//2175 1965//2175 1970//2175
f 1962//3105 1970//3105 1968//3105
f 1971//3106 1965//3106 1964//3106
f 1965//2254 1971//2254 1970//2254
f 1971//2253 1972//2253 1973//2253
f 1970//2250 1971//2250 1973//2250
f 1957//2005 1956//2005 1961//2005
f 1950//2155 1957//2155 1960//2155
f 1967//3107 1950//3107 1953//3107
f 1953//1920 1950//1920 1960//1920
f 1963//2256 1967//2256 1953//2256
f 1960//2257 1957//2257 1961//2257
f 1966//2263 1967//2263 1963//2263
f 1964//3108 1966//3108 1969//3108
f 1969//2264 1966//2264 1963//2264
f 1974//2164 1964//2164 1968//2164
f 1968//2262 1964//2262 1969//2262
f 1975//2163 1974//2163 1968//2163
f 1976//3109 1972//3109 1977//3109
f 1974//3110 1971//3110 1964//3110
f 1977//3111 1971//3111 1974//3111
f 1972//3112 1971//3112 1977//3112
f 1978//3113 1972//3113 1976//3113
f 1970//3114 1973//3114 1979//3114
f 1973//3115 1980//3115 1979//3115
f 1973//3116 1981//3116 1980//3116
f 1970//3117 1979//3117 1975//3117
f 1970//3118 1975//3118 1968//3118
f 1977//1933 1974//1933 1979//1933
f 1980//2276 1977//2276 1979//2276
f 1979//2275 1974//2275 1975//2275
f 1982//2049 1983//2049 1981//2049
f 1983//2277 1978//2277 1981//2277
f 1981//1938 1976//1938 1980//1938
f 1976//1778 1977//1778 1980//1778
f 1978//1937 1976//1937 1981//1937
f 1956//2279 1954//2279 1958//2279
f 1958//1931 1954//1931 1959//1931
f 1955//3119 1927//3119 1935//3119
f 1926//3120 1959//3120 1934//3120
f 1984//2280 1985//2280 1986//2280
f 1959//2015 1955//2015 1986//2015
f 1986//2013 1985//2013 1987//2013
f 1955//3121 1984//3121 1986//3121
f 1961//2002 1956//2002 1958//2002
f 1954//1930 1955//1930 1959//1930
f 1984//3122 1935//3122 1937//3122
f 1985//3123 1984//3123 1937//3123
f 1984//3124 1955//3124 1935//3124
f 1959//3125 1986//3125 1934//3125
f 1934//3126 1986//3126 1936//3126
f 1986//3127 1987//3127 1936//3127
f 1987//2008 1985//2008 1988//2008
f 1988//2290 1989//2290 1990//2290
f 1985//1978 1989//1978 1988//1978
f 1990//1969 1991//1969 1992//1969
f 1989//2010 1991//2010 1990//2010
f 1993//2044 1994//2044 1995//2044
f 1991//2254 1996//2254 1992//2254
f 1992//2039 1996//2039 1997//2039
f 1997//1985 1993//1985 1995//1985
f 1996//2291 1993//2291 1997//2291
f 1998//2295 1999//2295 2000//2295
f 2001//2054 1983//2054 2002//2054
f 2002//2294 1983//2294 1982//2294
f 1999//2296 2003//2296 2000//2296
f 2000//2292 2001//2292 2002//2292
f 2003//2293 2001//2293 2000//2293
f 2004//3128 1999//3128 1998//3128
f 2005//3129 2004//3129 2006//3129
f 2007//2301 2008//2301 2009//2301
f 1994//2304 2008//2304 2007//2304
f 2009//2299 2005//2299 2006//2299
f 2008//3130 2005//3130 2009//3130
f 1995//2303 1994//2303 2007//2303
f 2006//2298 2004//2298 1998//2298
f 2010//2309 1937//2309 1936//2309
f 2010//2310 1936//2310 2011//2310
f 1990//3131 2011//3131 1936//3131
f 1990//3132 1992//3132 2011//3132
f 1988//3133 1990//3133 1936//3133
f 1987//3134 1988//3134 1936//3134
f 1991//3135 1989//3135 1937//3135
f 1989//3136 1985//3136 1937//3136
f 2010//3137 1991//3137 1937//3137
f 1996//3138 1991//3138 2010//3138
f 1993//3139 1996//3139 2010//3139
f 1994//3140 1993//3140 2012//3140
f 2012//3141 1993//3141 2010//3141
f 2008//3142 1994//3142 2012//3142
f 2012//3143 2005//3143 2008//3143
f 1992//3144 1997//3144 2011//3144
f 1997//3145 1995//3145 2013//3145
f 1997//3146 2013//3146 2011//3146
f 1995//3147 2007//3147 2013//3147
f 2009//3148 2013//3148 2007//3148
f 2011//2326 2012//2326 2010//2326
f 2011//2325 2013//2325 2012//2325
f 1881//3149 2014//3149 1883//3149
f 2015//3150 1880//3150 1882//3150
f 2015//2329 2016//2329 2017//2329
f 1880//2330 2015//2330 1881//2330
f 2014//3151 2015//3151 2017//3151
f 1881//3152 2015//3152 2014//3152
f 1731//2333 1880//2333 1881//2333
f 1732//2334 1731//2334 1881//2334
f 2018//3153 2019//3153 2020//3153
f 2021//2337 2018//2337 2022//2337
f 2022//2340 2018//2340 2020//2340
f 2023//2478 2021//2478 2024//2478
f 2017//2343 2016//2343 2025//2343
f 2024//2338 2021//2338 2022//2338
f 2025//2341 2026//2341 2027//2341
f 2016//2342 2026//2342 2025//2342
f 2027//2335 2023//2335 2024//2335
f 2026//2344 2023//2344 2027//2344
f 2014//3154 1886//3154 1883//3154
f 1887//3155 2015//3155 1882//3155
f 2016//3156 2015//3156 1887//3156
f 2014//3157 2017//3157 1886//3157
f 2028//2346 1887//2346 1886//2346
f 2026//3158 2016//3158 1887//3158
f 2029//2350 2028//2350 1886//2350
f 2025//3159 2029//3159 1886//3159
f 2017//3160 2025//3160 1886//3160
f 2028//3161 2026//3161 1887//3161
f 2030//3162 2021//3162 2028//3162
f 2023//3163 2026//3163 2028//3163
f 2018//3164 2021//3164 2030//3164
f 2021//3165 2023//3165 2028//3165
f 2019//3166 2018//3166 2030//3166
f 2024//3167 2022//3167 2031//3167
f 2024//3168 2031//3168 2029//3168
f 2027//3169 2024//3169 2029//3169
f 2025//3170 2027//3170 2029//3170
f 2022//3171 2020//3171 2031//3171
f 2030//2363 2028//2363 2031//2363
f 2031//2361 2028//2361 2029//2361
f 2032//3172 1758//3172 1760//3172
f 2033//3173 2032//3173 2034//3173
f 2034//2375 2032//2375 1760//2375
f 2035//2367 2033//2367 2036//2367
f 2036//2372 2033//2372 2034//2372
f 2019//2611 2035//2611 2037//2611
f 2037//2370 2035//2370 2036//2370
f 2020//2368 2019//2368 2037//2368
f 1762//3174 1753//3174 1756//3174
f 1762//3175 1756//3175 2038//3175
f 2038//3176 1756//3176 1759//3176
f 2039//3177 1758//3177 2032//3177
f 2040//3178 1759//3178 1758//3178
f 2038//2379 1759//2379 2040//2379
f 2040//3179 1758//3179 2039//3179
f 2041//3180 2033//3180 2035//3180
f 2042//3181 2032//3181 2033//3181
f 2042//3182 2033//3182 2041//3182
f 2041//3183 2035//3183 2043//3183
f 2039//3184 2032//3184 2042//3184
f 1754//3185 2044//3185 1755//3185
f 1760//3186 2045//3186 2046//3186
f 1755//3187 2044//3187 2047//3187
f 1757//3188 2045//3188 1760//3188
f 1754//3189 1761//3189 2044//3189
f 1755//3190 2047//3190 1757//3190
f 1757//2394 2047//2394 2045//2394
f 1760//3191 2046//3191 2034//3191
f 2036//3192 2048//3192 2049//3192
f 2036//3193 2049//3193 2037//3193
f 2037//3194 2049//3194 2050//3194
f 2034//3195 2046//3195 2048//3195
f 2034//3196 2048//3196 2036//3196
f 2051//2407 2030//2407 2052//2407
f 2052//2409 2030//2409 2031//2409
f 2053//2402 2051//2402 2054//2402
f 2054//3197 2051//3197 2052//3197
f 2020//3198 2052//3198 2031//3198
f 2051//3199 2019//3199 2030//3199
f 2037//3200 2052//3200 2020//3200
f 2051//3201 2035//3201 2019//3201
f 2037//3202 2050//3202 2052//3202
f 2043//3203 2035//3203 2051//3203
f 2055//3204 2056//3204 2054//3204
f 2054//3205 2056//3205 2057//3205
f 2043//265 2051//265 2058//265
f 2059//3206 2053//3206 2060//3206
f 2058//265 2051//265 2061//265
f 2059//3207 2061//3207 2053//3207
f 2052//3208 2055//3208 2054//3208
f 2052//246 2050//246 2062//246
f 2052//246 2062//246 2055//246
f 2061//3209 2051//3209 2053//3209
f 2063//3210 2060//3210 2064//3210
f 2057//3211 2065//3211 2066//3211
f 2054//3212 2057//3212 2066//3212
f 2064//2425 2053//2425 2054//2425
f 2067//2429 2064//2429 2066//2429
f 2066//2424 2064//2424 2054//2424
f 2060//3213 2053//3213 2064//3213
f 2068//2428 2067//2428 2066//2428
f 2069//2431 2067//2431 2068//2431
f 2070//3214 2071//3214 2069//3214
f 2072//2435 2070//2435 2073//2435
f 2073//2432 2070//2432 2069//2432
f 2074//2434 2072//2434 2073//2434
f 2075//3215 2070//3215 2072//3215
f 2071//2430 2067//2430 2069//2430
f 2073//3216 2076//3216 2074//3216
f 2041//2443 2043//2443 2050//2443
f 2047//2440 2038//2440 2045//2440
f 2042//1800 2041//1800 2049//1800
f 2045//2444 2040//2444 2046//2444
f 2038//3217 2040//3217 2045//3217
f 2046//1799 2039//1799 2048//1799
f 2040//2441 2039//2441 2046//2441
f 2048//1801 2042//1801 2049//1801
f 2039//1798 2042//1798 2048//1798
f 2049//2438 2041//2438 2050//2438
f 2056//2447 2060//2447 2057//2447
f 2050//2449 2043//2449 2062//2449
f 2059//2446 2060//2446 2056//2446
f 2062//1805 2058//1805 2055//1805
f 2043//2512 2058//2512 2062//2512
f 2055//2334 2061//2334 2056//2334
f 2058//1807 2061//1807 2055//1807
f 2061//2333 2059//2333 2056//2333
f 1762//2880 2038//2880 2047//2880
f 1767//2452 1769//2452 1771//2452
f 1763//2455 1764//2455 1766//2455
f 1766//1842 1767//1842 1771//1842
f 1769//1840 1762//1840 2044//1840
f 2044//1839 1762//1839 2047//1839
f 1764//1843 1767//1843 1766//1843
f 1761//1841 1769//1841 2044//1841
f 1771//2451 1769//2451 1761//2451
f 1765//2453 1763//2453 1766//2453
f 2077//2461 2078//2461 2079//2461
f 2078//3218 2080//3218 2081//3218
f 2079//2456 2078//2456 2081//2456
f 1768//1847 1763//1847 1765//1847
f 2080//2458 1770//2458 2081//2458
f 2082//2460 2077//2460 2079//2460
f 2081//2457 1770//2457 1768//2457
f 1770//1846 1763//1846 1768//1846
f 2083//3219 2084//3219 2067//3219
f 2084//3220 2085//3220 2064//3220
f 2085//3221 2063//3221 2064//3221
f 2067//3222 2084//3222 2064//3222
f 2060//2329 2063//2329 2065//2329
f 2065//2469 2063//2469 2086//2469
f 2065//3223 2086//3223 2066//3223
f 2086//2341 2085//2341 2087//2341
f 2063//2468 2085//2468 2086//2468
f 2087//3224 2068//3224 2066//3224
f 2057//2467 2060//2467 2065//2467
f 2085//2344 2084//2344 2087//2344
f 2087//3225 2088//3225 2068//3225
f 2086//3226 2087//3226 2066//3226
f 2089//2474 2090//2474 2091//2474
f 2092//2481 2093//2481 2082//2481
f 2088//2475 2083//2475 2094//2475
f 2084//2478 2083//2478 2088//2478
f 2087//2335 2084//2335 2088//2335
f 2091//2479 2090//2479 2092//2479
f 2090//3227 2093//3227 2092//3227
f 2094//2473 2089//2473 2091//2473
f 2083//2477 2089//2477 2094//2477
f 2093//3228 2077//3228 2082//3228
f 2088//3229 2095//3229 2068//3229
f 2096//2482 2067//2482 2071//2482
f 2097//3230 2083//3230 2067//3230
f 2097//3231 2067//3231 2096//3231
f 2068//3232 2095//3232 2098//3232
f 2068//2484 2098//2484 2069//2484
f 2099//3233 2090//3233 2100//3233
f 2099//3234 2093//3234 2090//3234
f 2100//2948 2089//2948 2101//2948
f 2090//2947 2089//2947 2100//2947
f 2101//3235 2083//3235 2097//3235
f 2089//3236 2083//3236 2101//3236
f 2092//3237 2102//3237 2091//3237
f 2094//2953 2103//2953 2104//2953
f 2094//2952 2091//2952 2103//2952
f 2091//3238 2102//3238 2103//3238
f 2088//3239 2104//3239 2095//3239
f 2088//3240 2094//3240 2104//3240
f 2105//3241 2070//3241 2106//3241
f 2106//3242 2070//3242 2075//3242
f 2075//265 2072//265 2107//265
f 2096//3243 2071//3243 2108//3243
f 2108//3244 2071//3244 2109//3244
f 2109//3245 2070//3245 2105//3245
f 2109//3246 2071//3246 2070//3246
f 2069//3247 2110//3247 2111//3247
f 2069//3248 2112//3248 2110//3248
f 2069//3249 2098//3249 2112//3249
f 2069//3250 2111//3250 2073//3250
f 2073//3251 2111//3251 2113//3251
f 2074//246 2076//246 2114//246
f 2073//3252 2113//3252 2076//3252
f 2096//1800 2108//1800 2112//1800
f 2095//2516 2097//2516 2098//2516
f 2108//3253 2109//3253 2110//3253
f 2112//2438 2108//2438 2110//2438
f 2098//1801 2096//1801 2112//1801
f 2097//3254 2096//3254 2098//3254
f 2104//1797 2101//1797 2095//1797
f 2101//1794 2097//1794 2095//1794
f 2102//1839 2099//1839 2103//1839
f 2103//2440 2100//2440 2104//2440
f 2100//2439 2101//2439 2104//2439
f 2099//2880 2100//2880 2103//2880
f 2075//2446 2107//2446 2076//2446
f 2110//2449 2109//2449 2111//2449
f 2111//1805 2105//1805 2113//1805
f 2109//2450 2105//2450 2111//2450
f 2113//2334 2106//2334 2076//2334
f 2105//1807 2106//1807 2113//1807
f 2106//2333 2075//2333 2076//2333
f 2076//2447 2107//2447 2114//2447
f 2115//3255 2078//3255 2116//3255
f 2117//3256 2077//3256 2093//3256
f 2116//3257 2077//3257 2117//3257
f 2116//3258 2078//3258 2077//3258
f 2082//3259 2118//3259 2119//3259
f 2079//3260 2120//3260 2118//3260
f 2117//3261 2093//3261 2099//3261
f 2082//3262 2119//3262 2092//3262
f 2079//3263 2118//3263 2082//3263
f 2092//3264 2119//3264 2102//3264
f 2079//3265 1773//3265 2120//3265
f 1772//3266 1770//3266 2080//3266
f 1768//3267 1773//3267 2081//3267
f 1772//3268 2080//3268 2078//3268
f 2081//3269 1773//3269 2079//3269
f 1772//3270 2078//3270 2115//3270
f 2119//1840 2099//1840 2102//1840
f 2116//2452 2117//2452 2118//2452
f 2118//2529 2117//2529 2119//2529
f 2115//1842 2116//1842 2118//1842
f 2121//1849 2115//1849 2122//1849
f 2120//1843 2115//1843 2118//1843
f 2122//1848 2115//1848 2120//1848
f 2117//1841 2099//1841 2119//1841
f 2123//3271 2124//3271 2125//3271
f 2125//2376 2126//2376 2127//2376
f 2127//1846 2126//1846 2122//1846
f 2124//2374 2126//2374 2125//2374
f 2126//1847 2121//1847 2122//1847
f 2128//2530 2123//2530 2125//2530
f 2120//3272 1773//3272 2122//3272
f 1772//3273 2115//3273 2121//3273
f 1772//3274 2121//3274 2126//3274
f 2122//3275 1773//3275 2127//3275
f 1772//3276 2126//3276 2124//3276
f 2127//3277 1773//3277 2125//3277
f 1973//2539 1972//2539 2129//2539
f 2129//2536 2130//2536 2131//2536
f 2130//2537 2132//2537 2131//2537
f 1972//2538 2130//2538 2129//2538
f 2133//3278 2134//3278 2132//3278
f 2131//2546 2132//2546 2135//2546
f 2132//2547 2134//2547 2135//2547
f 2135//3279 2136//3279 2131//3279
f 2131//3280 2137//3280 2138//3280
f 2132//3281 2130//3281 2139//3281
f 2139//3282 2130//3282 2140//3282
f 2129//3283 2131//3283 2138//3283
f 2129//3284 2138//3284 2141//3284
f 2129//3285 2141//3285 2142//3285
f 2140//3286 2130//3286 2143//3286
f 2133//3287 2132//3287 2144//3287
f 2144//3288 2132//3288 2139//3288
f 2131//3289 2136//3289 2137//3289
f 1973//3290 2129//3290 1981//3290
f 2129//3291 1982//3291 1981//3291
f 2143//3292 2130//3292 1983//3292
f 1983//3293 2130//3293 1978//3293
f 2130//3294 1972//3294 1978//3294
f 2129//3295 2142//3295 1982//3295
f 2000//246 2145//246 2146//246
f 2147//265 2001//265 2003//265
f 2148//3296 2001//3296 2147//3296
f 2147//265 2003//265 2149//265
f 2143//3297 1983//3297 2148//3297
f 2148//3298 1983//3298 2001//3298
f 2002//246 2145//246 2000//246
f 2002//3299 2150//3299 2145//3299
f 1982//3300 2142//3300 2150//3300
f 1982//3301 2150//3301 2002//3301
f 2151//3302 2072//3302 2152//3302
f 2153//3303 2134//3303 2133//3303
f 2152//3304 2072//3304 2134//3304
f 2154//3305 2134//3305 2153//3305
f 2152//3306 2134//3306 2154//3306
f 2135//3307 2155//3307 2136//3307
f 2074//3308 2156//3308 2135//3308
f 2074//3309 2157//3309 2156//3309
f 2135//3310 2158//3310 2155//3310
f 2134//2571 2072//2571 2074//2571
f 2135//3311 2156//3311 2158//3311
f 2135//2565 2134//2565 2074//2565
f 2074//2974 2114//2974 2157//2974
f 2159//3312 2160//3312 2151//3312
f 2107//2959 2072//2959 2151//2959
f 2114//2972 2161//2972 2157//2972
f 2161//3313 2162//3313 2157//3313
f 2160//2963 2107//2963 2151//2963
f 2139//2580 2140//2580 2141//2580
f 2141//1806 2140//1806 2142//1806
f 2136//2582 2133//2582 2137//2582
f 2144//1800 2139//1800 2138//1800
f 2138//1803 2139//1803 2141//1803
f 2140//3314 2143//3314 2142//3314
f 2133//3315 2144//3315 2137//3315
f 2137//1801 2144//1801 2138//1801
f 2158//1795 2154//1795 2155//1795
f 2153//1794 2133//1794 2136//1794
f 2154//3316 2153//3316 2155//3316
f 2155//1797 2153//1797 2136//1797
f 2148//2333 2147//2333 2145//2333
f 2145//2583 2149//2583 2146//2583
f 2146//2467 2149//2467 2163//2467
f 2147//2330 2149//2330 2145//2330
f 2149//2329 2164//2329 2163//2329
f 2143//1807 2148//1807 2150//1807
f 2142//3317 2143//3317 2150//3317
f 2150//2334 2148//2334 2145//2334
f 2157//1841 2151//1841 2156//1841
f 2156//2590 2152//2590 2158//2590
f 2152//3318 2154//3318 2158//3318
f 2151//1840 2152//1840 2156//1840
f 2165//2596 2166//2596 2167//2596
f 2167//2587 2166//2587 2168//2587
f 2169//2589 2159//2589 2168//2589
f 2170//2594 2166//2594 2165//2594
f 2166//2586 2169//2586 2168//2586
f 2168//2588 2159//2588 2162//2588
f 2162//1844 2151//1844 2157//1844
f 2159//1845 2151//1845 2162//1845
f 2171//2373 2172//2373 2173//2373
f 2174//2593 2171//2593 2175//2593
f 2176//2481 2177//2481 2178//2481
f 2175//2375 2171//2375 2173//2375
f 2177//3228 2174//3228 2178//3228
f 2173//2595 2170//2595 2165//2595
f 2172//2458 2170//2458 2173//2458
f 2178//2592 2174//2592 2175//2592
f 2164//3319 2004//3319 2179//3319
f 2180//2632 2164//2632 2179//2632
f 2000//246 2146//246 1998//246
f 2164//3320 1999//3320 2004//3320
f 2006//3321 2163//3321 2181//3321
f 2149//265 1999//265 2164//265
f 2149//265 2003//265 1999//265
f 1998//246 2146//246 2163//246
f 2163//2633 2182//2633 2181//2633
f 1998//3322 2163//3322 2006//3322
f 2181//2631 2180//2631 2179//2631
f 2006//3323 2181//3323 2009//3323
f 2181//2630 2182//2630 2180//2630
f 2013//2629 2179//2629 2012//2629
f 2013//2627 2181//2627 2179//2627
f 2179//3324 2005//3324 2012//3324
f 2009//3325 2181//3325 2013//3325
f 2179//3326 2004//3326 2005//3326
f 2163//2609 2164//2609 2183//2609
f 2184//2608 2185//2608 2186//2608
f 2164//2610 2187//2610 2183//2610
f 2183//2341 2187//2341 2184//2341
f 2185//3327 2188//3327 2186//3327
f 2187//2344 2185//2344 2184//2344
f 2189//2339 2190//2339 2191//2339
f 2192//2340 2189//2340 2191//2340
f 2186//2338 2188//2338 2192//2338
f 2188//2337 2189//2337 2192//2337
f 2190//2369 2177//2369 2176//2369
f 2191//2368 2190//2368 2176//2368
f 2190//3328 2189//3328 2193//3328
f 2189//3329 2188//3329 2193//3329
f 2192//3330 2191//3330 2194//3330
f 2186//3331 2192//3331 2194//3331
f 2184//3332 2186//3332 2182//3332
f 2183//3333 2184//3333 2182//3333
f 2163//3334 2183//3334 2182//3334
f 2185//3335 2187//3335 2180//3335
f 2193//3336 2188//3336 2180//3336
f 2188//3337 2185//3337 2180//3337
f 2187//3338 2164//3338 2180//3338
f 2186//3339 2194//3339 2182//3339
f 2182//3340 2194//3340 2193//3340
f 2182//2636 2193//2636 2180//2636
f 2114//2467 2107//2467 2161//2467
f 2161//2469 2160//2469 2195//2469
f 2107//2329 2160//2329 2161//2329
f 2195//2638 2196//2638 2197//2638
f 2160//2468 2196//2468 2195//2468
f 2196//3341 2198//3341 2197//3341
f 2196//3342 2160//3342 2159//3342
f 2197//3343 2199//3343 2167//3343
f 2161//3344 2195//3344 2162//3344
f 2197//3345 2167//3345 2168//3345
f 2198//3346 2196//3346 2169//3346
f 2169//3347 2196//3347 2159//3347
f 2200//3348 2198//3348 2166//3348
f 2195//3349 2168//3349 2162//3349
f 2195//3350 2197//3350 2168//3350
f 2166//3351 2198//3351 2169//3351
f 2200//2337 2201//2337 2202//2337
f 2197//2335 2198//2335 2199//2335
f 2199//2338 2200//2338 2202//2338
f 2202//2473 2201//2473 2203//2473
f 2198//2478 2200//2478 2199//2478
f 2201//2474 2204//2474 2203//2474
f 2205//2370 2206//2370 2207//2370
f 2203//2648 2204//2648 2205//2648
f 2207//2592 2208//2592 2128//2592
f 2206//3352 2208//3352 2207//3352
f 2208//2650 2123//2650 2128//2650
f 2204//3353 2206//3353 2205//3353
f 2199//3354 2209//3354 2167//3354
f 2210//3355 2200//3355 2166//3355
f 2128//3356 1773//3356 2207//3356
f 2211//3357 2206//3357 2204//3357
f 2207//3358 2212//3358 2205//3358
f 2207//3359 1773//3359 2212//3359
f 2125//3360 1773//3360 2128//3360
f 1772//3361 2208//3361 2211//3361
f 2211//3362 2208//3362 2206//3362
f 2205//3363 2212//3363 2203//3363
f 1772//3364 2123//3364 2208//3364
f 1772//3365 2124//3365 2123//3365
f 2212//2665 1772//2665 2211//2665
f 2212//2666 1773//2666 1772//2666
f 2203//3366 2212//3366 2209//3366
f 2209//2672 2211//2672 2210//2672
f 2201//2667 2200//2667 2210//2667
f 2209//2673 2212//2673 2211//2673
f 2202//2671 2203//2671 2209//2671
f 2204//2668 2201//2668 2210//2668
f 2199//2670 2202//2670 2209//2670
f 2211//3367 2204//3367 2210//3367
f 2165//3368 2209//3368 2213//3368
f 2210//3369 2170//3369 2214//3369
f 2214//3370 2170//3370 2172//3370
f 2165//3371 2213//3371 2173//3371
f 2167//3372 2209//3372 2165//3372
f 2210//3373 2166//3373 2170//3373
f 2215//3374 2171//3374 2174//3374
f 2175//3375 2213//3375 2216//3375
f 2175//3376 2216//3376 2178//3376
f 2214//3377 2171//3377 2215//3377
f 2214//3378 2172//3378 2171//3378
f 2173//3379 2213//3379 2175//3379
f 2213//2687 2209//2687 2210//2687
f 2213//2688 2210//2688 2214//2688
f 2194//2690 2216//2690 2215//2690
f 2194//3380 2215//3380 2193//3380
f 2216//2693 2213//2693 2214//2693
f 2216//2694 2214//2694 2215//2694
f 2178//3381 2216//3381 2176//3381
f 2176//3382 2216//3382 2191//3382
f 2191//3383 2216//3383 2194//3383
f 2215//3384 2190//3384 2193//3384
f 2215//3385 2174//3385 2177//3385
f 2215//3386 2177//3386 2190//3386
f 1193//3387 1196//3387 1651//3387
f 1652//3388 1653//3388 1646//3388
f 1656//3389 1197//3389 1644//3389
f 1659//3390 1655//3390 1647//3390
f 1196//3391 1197//3391 1651//3391
f 1651//3392 1197//3392 1652//3392
f 1655//3393 1659//3393 1653//3393
f 1653//3394 1659//3394 1654//3394
f 1687//3391 1197//3391 1196//3391
f 1197//3395 1656//3395 1652//3395
f 1652//3396 1655//3396 1653//3396
f 1656//3397 1655//3397 1652//3397
f 1684//3398 1685//3398 1688//3398
f 1688//3399 1685//3399 1690//3399
f 1690//3400 1686//3400 1689//3400
f 1685//3401 1686//3401 1690//3401
f 1689//3402 1687//3402 1196//3402
f 1686//3402 1687//3402 1689//3402
f 1658//3403 1654//3403 1659//3403
f 1657//3404 1654//3404 1658//3404
f 1041//3405 1101//3405 855//3405
f 1102//3406 1059//3406 1047//3406
f 1102//3407 1047//3407 1042//3407
f 1102//3408 1042//3408 1040//3408
f 1102//3409 1040//3409 854//3409
f 1051//3410 1101//3410 1049//3410
f 1043//3411 1101//3411 1041//3411
f 1049//3412 1101//3412 1043//3412
f 1102//3413 1068//3413 1067//3413
f 1071//3414 1101//3414 1051//3414
f 1102//3415 1103//3415 1068//3415
f 1102//3416 1100//3416 1103//3416
f 1069//3417 1101//3417 1071//3417
f 1072//3418 1101//3418 1069//3418
f 1104//3419 1101//3419 1072//3419
f 1093//3420 1101//3420 1104//3420
f 1102//3421 1070//3421 1059//3421
f 1102//3422 1067//3422 1070//3422
f 1674//3423 1657//3423 1658//3423
f 1673//3424 1657//3424 1674//3424
f 1672//3425 1657//3425 1673//3425
f 1102//3426 1657//3426 1672//3426
f 1102//3427 1677//3427 1101//3427
f 1102//3428 1675//3428 1677//3428
f 1102//3429 1676//3429 1675//3429
f 1102//3430 1672//3430 1676//3430
f 1102//246 1683//246 1682//246
f 1682//246 1681//246 1678//246
f 1678//3431 1680//3431 1657//3431
f 1102//246 1678//246 1657//246
f 1678//3432 1679//3432 1680//3432
f 1102//246 1682//246 1678//246
f 1733//3433 1684//3433 1688//3433
f 1734//3434 1684//3434 1733//3434
f 1734//3435 1743//3435 1745//3435
f 1741//3436 1745//3436 1742//3436
f 1741//3437 1734//3437 1745//3437
f 1734//3438 1744//3438 1743//3438
f 1734//3439 1733//3439 1744//3439
f 1741//3440 1748//3440 1747//3440
f 1737//3441 1736//3441 1739//3441
f 1741//3442 1747//3442 1746//3442
f 1736//3443 1741//3443 1739//3443
f 1741//3444 1742//3444 1748//3444
f 1739//3445 1741//3445 1740//3445
f 1736//3446 1735//3446 1738//3446
f 1736//3447 1738//3447 1734//3447
f 1736//3448 1734//3448 1741//3448
f 1741//3449 1746//3449 1773//3449
f 1746//3450 1772//3450 1773//3450
# Vertices: 2216, normals: 3450, texture coordinates: 0, faces: 4572

