# File generated by ImageToStl.com - Free Image and 3D model conversion tools

o obj1
v 0.03410613 -0.04828345 -0.09488443
v 0.03468055 -0.04749339 -0.09402304
v 0.03465152 -0.04804852 -0.09394974
v 0.0341061 -0.04751945 -0.0950502
v 0.03455417 -0.04699636 -0.09429584
v 0.03547432 -0.04728358 -0.0921198
v 0.03410608 -0.04673875 -0.09500874
v 0.03330827 -0.04708199 -0.09591705
v 0.03330824 -0.04608831 -0.09572963
v 0.03412202 -0.04602058 -0.09475005
v 0.03436716 -0.0465032 -0.09453927
v 0.03233105 -0.04434644 -0.09546978
v 0.03307467 -0.04469982 -0.0951604
v 0.03233108 -0.04533324 -0.09612548
v 0.03216515 -0.04398368 -0.09523188
v 0.03330821 -0.04517914 -0.09528695
v 0.03382209 -0.045555 -0.09492532
v 0.04279805 -0.03632874 -0.07555314
v 0.0431348 -0.04525875 -0.0737522
v 0.03006159 -0.04311309 -0.09487763
v 0.04047402 -0.02804075 -0.07206678
v 0.04086748 -0.02797098 -0.07190869
v 0.04029291 -0.02805813 -0.07210618
v 0.04012252 -0.02806391 -0.07211928
v 0.03114244 -0.04344511 -0.0951359
v 0.04145395 -0.02780554 -0.07153381
v 0.02374085 -0.04311326 -0.09487763
v 0.01367907 -0.02806467 -0.07211928
v 0.04672559 -0.02723391 -0.07023866
v 0.04489558 -0.02922844 -0.07001881
v 0.04437489 -0.02842078 -0.07010784
v 0.04281527 -0.02723403 -0.07023866
v 0.04327241 -0.02746983 -0.07021267
v 0.04370385 -0.02776447 -0.07018019
v 0.04540126 -0.04465969 -0.06831787
v 0.04540089 -0.03145789 -0.06977306
v 0.04533142 -0.04545563 -0.06823013
v 0.04456032 -0.04732041 -0.06802458
v 0.04373792 -0.04824429 -0.06792275
v 0.03367294 -0.05054633 -0.09326625
v 0.03397266 -0.05010541 -0.09343986
v 0.0342232 -0.04962899 -0.09359687
v 0.0451084 -0.04627242 -0.0681401
v 0.03442139 -0.04912308 -0.0937353
v 0.03456476 -0.04859405 -0.09385342
v 0.04270209 -0.0489601 -0.06784385
v 0.0414175 -0.04945344 -0.06778947
v 0.03206586 -0.05185242 -0.09245201
v 0.03294161 -0.05130007 -0.09287815
v 0.03998879 -0.04962973 -0.06777005
v 0.03108963 -0.05217569 -0.09200922
v 0.04526353 -0.0302514 -0.06990606
v 0.03330829 -0.04808993 -0.09583593
v 0.03330832 -0.04904085 -0.09549204
v 0.03233117 -0.04879888 -0.09630953
v 0.03233121 -0.04984956 -0.09576204
v 0.0312287 -0.04953044 -0.09643146
v 0.03410614 -0.04897675 -0.09452317
v 0.03330834 -0.04986752 -0.09490966
v 0.03233123 -0.05071879 -0.09495699
v 0.03410615 -0.04955032 -0.09399194
v 0.03330836 -0.05051146 -0.09413001
v 0.03233124 -0.05134511 -0.0939513
v 0.03233114 -0.04764105 -0.09656074
v 0.03233111 -0.04645794 -0.09649791
v 0.03122863 -0.04702587 -0.09697487
v 0.0312286 -0.04575537 -0.09673525
v 0.03122867 -0.04831459 -0.09687117
v 0.0300617 -0.04735259 -0.09711932
v 0.03122873 -0.05058739 -0.09568686
v 0.0300618 -0.05061106 -0.09585194
v 0.03006176 -0.04963688 -0.09653146
v 0.03006173 -0.04852989 -0.09696202
v 0.03006181 -0.05139749 -0.09496181
v 0.03122876 -0.05141071 -0.09469001
v 0.03006185 -0.05225364 -0.09157198
v 0.03006184 -0.05224263 -0.09275969
v 0.03122878 -0.05194221 -0.0935114
v 0.03006183 -0.05195177 -0.0939113
v 0.03006167 -0.0461714 -0.0969945
v 0.03122856 -0.04459294 -0.09616924
v 0.03006164 -0.04505298 -0.09659458
v 0.03006159 -0.04324981 -0.09507401
v 0.03006158 -0.04320318 -0.09500928
v 0.03122854 -0.0436208 -0.09531688
v 0.03006161 -0.04406044 -0.09594215
v 0.03006158 -0.04315761 -0.09494381
v 0.02374098 -0.04735277 -0.09711932
v 0.023741 -0.04853008 -0.09696202
v 0.02374093 -0.04617157 -0.0969945
v 0.02374088 -0.04406063 -0.09594215
v 0.0237409 -0.04505316 -0.09659458
v 0.02374086 -0.04324998 -0.09507401
v 0.02374086 -0.04320337 -0.09500928
v 0.02374085 -0.04315778 -0.09494381
v 0.02257407 -0.04893744 -0.09669191
v 0.02374104 -0.04963705 -0.09653146
v 0.02374106 -0.05061125 -0.09585194
v 0.02374109 -0.05139766 -0.09496181
v 0.02374111 -0.05195195 -0.0939113
v 0.02374111 -0.0522428 -0.09275969
v 0.02374111 -0.05225382 -0.09157198
v 0.02257413 -0.05103258 -0.09521592
v 0.02257415 -0.05171606 -0.09411845
v 0.02147164 -0.05106584 -0.09447505
v 0.02257411 -0.05008401 -0.09609445
v 0.02147162 -0.05031136 -0.09538853
v 0.0214716 -0.04934281 -0.09607086
v 0.02049448 -0.05021589 -0.09454133
v 0.02257417 -0.05208612 -0.09287965
v 0.02147166 -0.05155288 -0.09339502
v 0.02271332 -0.05217592 -0.09200922
v 0.02173706 -0.05185272 -0.09245201
v 0.02049449 -0.05075045 -0.09368298
v 0.02086128 -0.05130042 -0.09287815
v 0.02012991 -0.05054673 -0.09326625
v 0.02257405 -0.04767394 -0.09696605
v 0.022574 -0.04638285 -0.09689748
v 0.02147154 -0.0470477 -0.09656882
v 0.02257395 -0.04407866 -0.09577552
v 0.02266001 -0.04344534 -0.0951359
v 0.02257397 -0.04515549 -0.09649106
v 0.02163733 -0.04398397 -0.09523188
v 0.02147147 -0.04481826 -0.09583057
v 0.02049435 -0.04561931 -0.09553865
v 0.02072784 -0.04470016 -0.0951604
v 0.0214715 -0.04588345 -0.09634925
v 0.02147157 -0.04822866 -0.09647379
v 0.02049441 -0.04758902 -0.09591015
v 0.02049444 -0.04857723 -0.09569573
v 0.02049446 -0.049474 -0.09522845
v 0.01969659 -0.04790738 -0.09499282
v 0.01969661 -0.04864257 -0.09472695
v 0.01983017 -0.05010581 -0.09343986
v 0.01969664 -0.04977953 -0.09367394
v 0.01957961 -0.04962941 -0.09359687
v 0.01969663 -0.04928168 -0.0942767
v 0.01923798 -0.04859448 -0.09385342
v 0.01938138 -0.0491235 -0.0937353
v 0.02049438 -0.04657925 -0.09585652
v 0.01969655 -0.04635988 -0.09491064
v 0.01998049 -0.04555539 -0.09492532
v 0.01969657 -0.04712813 -0.09505554
v 0.01943548 -0.04650361 -0.09453927
v 0.01968058 -0.04602099 -0.09475005
v 0.01924849 -0.04699678 -0.09429584
v 0.01915119 -0.04804897 -0.09394974
v 0.01912214 -0.04749383 -0.09402304
v 0.01832836 -0.04728407 -0.0921198
v 0.01066777 -0.04525967 -0.0737522
v 0.01100401 -0.03632962 -0.07555314
v 0.01381401 -0.04963046 -0.06777005
v 0.01303087 -0.04957819 -0.06777581
v 0.01222625 -0.04941187 -0.06779414
v 0.01122493 -0.04902507 -0.06783678
v 0.00854347 -0.0457923 -0.06819313
v 0.00894087 -0.04682377 -0.06807943
v 0.01030317 -0.04844326 -0.06790092
v 0.00952568 -0.04769314 -0.0679836
v 0.01341655 -0.02805137 -0.07208915
v 0.01312969 -0.02801135 -0.07199843
v 0.01271068 -0.02791628 -0.07178295
v 0.01189956 -0.02764273 -0.07116295
v 0.01098627 -0.02723491 -0.07023866
v 0.01015141 -0.0277243 -0.07018472
v 0.01013265 -0.02723494 -0.07023866
v 0.00888452 -0.02927324 -0.07001399
v 0.00943359 -0.0284134 -0.07010876
v 0.0084009 -0.03145891 -0.06977306
v 0.00843451 -0.03085273 -0.06983989
v 0.00853807 -0.03025297 -0.069906
v 0.00840126 -0.04466071 -0.06831787
v 0.00910028 -0.02742282 -0.07021795
v 0.00855119 -0.02770337 -0.07018703
v 0.00962003 -0.0272797 -0.07023373
v 0.00806636 -0.02810725 -0.07014252
v 0.04558628 -0.04650259 -0.06811473
v 0.04661606 -0.04254427 -0.06409828
v 0.04664328 -0.02968857 -0.06669093
v 0.04620731 -0.03017485 -0.06659286
v 0.04696431 -0.029139 -0.06680176
v 0.04723817 -0.02800438 -0.06703058
v 0.04716061 -0.02856551 -0.06691741
v 0.04510536 -0.03083414 -0.0664599
v 0.0445705 -0.03097236 -0.06643204
v 0.04405264 -0.03101559 -0.06642332
v 0.04568229 -0.03056381 -0.06651442
v 0.04544688 -0.04727184 -0.06802993
v 0.04460873 -0.04866603 -0.06787626
v 0.04405547 -0.04911476 -0.0678268
v 0.04509836 -0.04804338 -0.06794489
v 0.04234471 -0.04962966 -0.06777005
v 0.03920339 -0.04559279 -0.05862112
v 0.04344014 -0.04942662 -0.06779242
v 0.04288283 -0.04958134 -0.06777537
v 0.05540075 -0.02674554 -0.02114879
v 0.05540076 -0.02675579 -0.01976184
v 0.05540076 -0.0266421 -0.02160041
v 0.05540075 -0.0262171 -0.02214254
v 0.05540074 -0.02632156 -0.02208283
v 0.05540074 -0.02641642 -0.02199977
v 0.05540076 -0.02652518 -0.02185565
v 0.0541859 -0.02689817 -0.02864018
v 0.03920326 -0.04101833 -0.0606396
v 0.05484021 -0.02715028 -0.01845786
v 0.05427236 -0.02781155 -0.01936079
v 0.05359517 -0.02843031 -0.02020567
v 0.05316686 -0.0287145 -0.02059371
v 0.04603472 -0.0268984 -0.02864018
v 0.04609324 -0.03135216 -0.02634819
v 0.05234413 -0.02896186 -0.02093146
v 0.05289649 -0.02884421 -0.02077081
v 0.05270319 -0.02890996 -0.0208606
v 0.05251885 -0.028949 -0.0209139
v 0.03920284 -0.02593523 -0.06729501
v 0.05341974 -0.01578681 -0.0367775
v 0.05356306 -0.01493145 -0.03740393
v 0.05354032 -0.01535389 -0.03709456
v 0.05316789 -0.01624341 -0.03644313
v 0.05279409 -0.0166536 -0.03614274
v 0.05231845 -0.01698834 -0.03589759
v 0.05177436 -0.01722817 -0.03572198
v 0.05120105 -0.0173666 -0.03562061
v 0.054477 -0.0112125 -0.03393001
v 0.04609268 -0.01169462 -0.03502208
v 0.05063535 -0.01740976 -0.03558901
v 0.04554086 -0.01740991 -0.03558901
v 0.03920297 -0.03050971 -0.06527653
v 0.01459863 -0.02593593 -0.06729501
v 0.01459877 -0.03051039 -0.06527653
v 0.01459919 -0.04559347 -0.05862112
v 0.01459905 -0.04101902 -0.0606396
v 0.00718635 -0.04254537 -0.06409828
v 0.00669243 -0.03101664 -0.06642332
v 0.01145809 -0.04963053 -0.06777005
v 0.01089388 -0.04957742 -0.06777591
v 0.01031006 -0.04940707 -0.06779468
v 0.0097413 -0.04911183 -0.06782722
v 0.00922628 -0.04869899 -0.06787273
v 0.00848601 -0.04762498 -0.06799112
v 0.00879994 -0.04819174 -0.06792865
v 0.0082975 -0.04705773 -0.06805365
v 0.00821633 -0.04650363 -0.06811473
v 0.00726102 -0.030362 -0.06989398
v 0.00741677 -0.02918322 -0.07002392
v 0.00728011 -0.02977904 -0.06995824
v 0.00768076 -0.02861233 -0.07008684
v 0.00198745 -0.0194636 -0.04519473
v 0.00776682 -0.02689947 -0.02864018
v -0.00038437 -0.02689969 -0.02864018
v 0.00044629 -0.0286021 -0.02043822
v -0.00051018 -0.02777125 -0.01930368
v 0.00145752 -0.02896329 -0.02093146
v 0.00113963 -0.02892224 -0.02087538
v 0.0008539 -0.02882432 -0.02074167
v 0.00130242 -0.02895312 -0.02091755
v -0.00159926 -0.0262187 -0.02214254
v -0.00159925 -0.02641897 -0.02199876
v -0.00159924 -0.02674713 -0.02114886
v -0.00159925 -0.0263237 -0.02208245
v -0.00159923 -0.02666116 -0.02154705
v -0.00159924 -0.0265041 -0.02189123
v -0.00159924 -0.0265787 -0.02175972
v -0.00159924 -0.02673944 -0.01956536
v 0.00826014 -0.01741095 -0.03558901
v 0.00770799 -0.01169569 -0.03502208
v 0.00188893 -0.01133991 -0.03410198
v 0.00200606 -0.01128378 -0.03402534
v 0.00212738 -0.01124453 -0.03397173
v 0.00238033 -0.01121397 -0.03393001
v 0.00225233 -0.01122148 -0.03394027
v 0.00141118 -0.01736862 -0.04233405
v 0.00105822 -0.01527482 -0.03947498
v 0.00101503 -0.01338216 -0.03689059
v 0.00177658 -0.01141348 -0.03420243
v 0.00121313 -0.01230598 -0.0354211
v 0.00010894 -0.01741118 -0.03558901
v 0.00144416 -0.01179004 -0.03471659
v 0.00163526 -0.01153952 -0.03437452
v 0.05540074 -0.02637693 -0.01740189
v 0.05540024 -0.00835279 -0.03002517
v 0.05040074 -0.0260077 -0.01689753
v 0.05540015 -0.00481815 -0.00637719
v 0.05040018 -0.00590703 -0.00806786
v 0.05040025 -0.0082584 -0.02989608
v 0.05540014 -0.00462365 -0.00651963
v 0.05540014 -0.00440072 -0.00661138
v 0.05540013 -0.0041623 -0.00664711
v 0.0554 0.00058112 -0.00779004
v 0.05539976 0.0088762 -0.00649928
v 0.05539997 0.00151021 -0.00781601
v 0.05539999 0.00080405 -0.00788179
v 0.05539998 0.00104247 -0.00791752
v 0.05539997 0.0012825 -0.00789516
v 0.05039977 0.00887605 -0.00649928
v 0.05039997 0.00152835 -0.00988274
v 0.05039992 0.00342704 -0.00939495
v 0.05040002 -0.00042901 -0.00999073
v 0.05039987 0.00519407 -0.00854612
v 0.05040007 -0.00236984 -0.00971479
v 0.05040013 -0.00421953 -0.00906552
v 0.00340025 -0.00825972 -0.02989608
v 0.05540015 -0.0049729 -0.00619235
v 0.05540016 -0.00507892 -0.00597584
v 0.05540023 -0.00791206 -0.00116161
v 0.05540023 -0.00790533 -0.00092063
v 0.05540023 -0.00786093 -0.0013972
v 0.05540023 -0.00760015 -0.00179855
v 0.05540023 -0.00775491 -0.0016137
v 0.05040028 -0.00988133 -0.00152695
v 0.05040027 -0.00939354 -0.00342563
v 0.05040025 -0.00854471 -0.00519267
v 0.05040022 -0.00736746 -0.00676016
v 0.05540026 -0.0088731 0.00649928
v 0.05040026 -0.00887324 0.00649928
v 0.05040029 -0.00971339 0.00237124
v 0.05040029 -0.00998933 0.00043042
v 0.05340017 -0.00590695 -0.00806786
v 0.05340013 -0.00440077 -0.00661138
v 0.05340013 -0.00421945 -0.00906552
v 0.05340014 -0.0046237 -0.00651963
v 0.05340014 -0.0048182 -0.00637719
v 0.05340021 -0.00736738 -0.00676016
v 0.05340014 -0.00497296 -0.00619235
v 0.05340013 -0.00416237 -0.00664711
v 0.05540012 -0.00369456 -0.0065456
v 0.05340012 -0.00369462 -0.0065456
v 0.05540012 -0.00392227 -0.00662476
v 0.05340012 -0.00392233 -0.00662476
v 0.05340008 -0.00236975 -0.00971479
v 0.05340015 -0.00507897 -0.00597584
v 0.05340016 -0.0051301 -0.00574025
v 0.05540016 -0.00513005 -0.00574025
v 0.05540016 -0.00494114 -0.00505666
v 0.05340014 -0.00477636 -0.00488075
v 0.05540014 -0.0047763 -0.00488075
v 0.05340015 -0.0049412 -0.00505666
v 0.05540015 -0.0051233 -0.00549927
v 0.05340016 -0.00512337 -0.00549927
v 0.05540015 -0.0050591 -0.00526691
v 0.05340014 -0.00505916 -0.00526691
v 0.05540011 -0.00332757 -0.00623835
v 0.05340012 -0.00349247 -0.00641426
v 0.0554001 -0.00349241 -0.00641426
v 0.0534001 -0.00320967 -0.0060281
v 0.0534001 -0.00332762 -0.00623835
v 0.05340011 -0.00314546 -0.00579574
v 0.05540009 -0.00314541 -0.00579574
v 0.0554001 -0.00320962 -0.0060281
v 0.0534001 -0.00313872 -0.00555476
v 0.05540009 -0.00313867 -0.00555476
v 0.0534001 -0.00318985 -0.00531917
v 0.0554001 -0.0031898 -0.00531917
v 0.0534001 -0.00329587 -0.00510266
v 0.0554001 -0.00329582 -0.00510266
v 0.0534001 -0.00345063 -0.00491782
v 0.0554001 -0.00345058 -0.00491782
v 0.05340026 -0.00854463 -0.00519267
v 0.05540021 -0.00718273 -0.00203274
v 0.05540021 -0.00740566 -0.00194099
v 0.0554002 -0.00694431 -0.00206847
v 0.05540019 -0.00670428 -0.00204612
v 0.05540019 -0.00647657 -0.00196696
v 0.05540013 -0.00434644 -0.00467025
v 0.05540018 -0.00627442 -0.00183561
v 0.05540013 -0.00457415 -0.0047494
v 0.05540011 -0.0033526 -0.00217937
v 0.05540012 -0.0037767 -0.00131334
v 0.05540017 -0.00592741 -0.0012171
v 0.05540018 -0.00599162 -0.00144946
v 0.05540018 -0.00610958 -0.00165971
v 0.05540017 -0.00592068 -0.00097612
v 0.0534002 -0.00670434 -0.00204612
v 0.05340021 -0.00694437 -0.00206847
v 0.05340021 -0.00718278 -0.00203274
v 0.05340017 -0.00592748 -0.0012171
v 0.05340018 -0.00599168 -0.00144946
v 0.05340018 -0.00610963 -0.00165971
v 0.05340018 -0.00627448 -0.00183561
v 0.0534002 -0.00647663 -0.00196696
v 0.05540011 -0.00364508 -0.00477538
v 0.05540004 -0.00106389 -0.0038555
v 0.05540006 -0.00195561 -0.00348849
v 0.05540011 -0.003868 -0.00468363
v 0.05340012 -0.00364512 -0.00477538
v 0.05540009 -0.00273359 -0.00291874
v 0.05540012 -0.00410641 -0.0046479
v 0.05340009 -0.00273364 -0.00291874
v 0.05340014 -0.00457421 -0.0047494
v 0.05340014 -0.0043465 -0.00467025
v 0.05340012 -0.00386805 -0.00468363
v 0.05340013 -0.00410647 -0.0046479
v 0.05340011 -0.00335267 -0.00217937
v 0.05340011 -0.00377675 -0.00131334
v 0.05340017 -0.00592073 -0.00097612
v 0.05340027 -0.00939345 -0.00342563
v 0.05340022 -0.0076002 -0.00179855
v 0.05340022 -0.0074057 -0.00194099
v 0.05340023 -0.00775496 -0.0016137
v 0.05340029 -0.00988124 -0.00152695
v 0.05340023 -0.00786098 -0.0013972
v 0.05340023 -0.00791211 -0.00116161
v 0.05340023 -0.00790538 -0.00092063
v 0.05340023 -0.00784116 -0.00068827
v 0.05540023 -0.00784111 -0.00068827
v 0.05340023 -0.00755837 -0.00030211
v 0.05340021 -0.00735622 -0.00017076
v 0.05540022 -0.0075583 -0.00030211
v 0.05540022 -0.00735617 -0.00017076
v 0.05540022 -0.00772316 -0.00047802
v 0.05340022 -0.00772321 -0.00047802
v 0.0554002 -0.00712845 -9.161E-05
v 0.0534002 -0.00688848 -6.925E-05
v 0.0554002 -0.00688841 -6.925E-05
v 0.05340021 -0.00712851 -9.161E-05
v 0.05340017 -0.00597186 -0.00074053
v 0.05540018 -0.00597181 -0.00074053
v 0.05540018 -0.00607782 -0.00052402
v 0.05340018 -0.00607789 -0.00052402
v 0.0534002 -0.00665007 -0.00010499
v 0.05340018 -0.00642713 -0.00019674
v 0.0554002 -0.00665001 -0.00010499
v 0.05540019 -0.00642708 -0.00019674
v 0.05340018 -0.00623265 -0.00033918
v 0.05540019 -0.00623258 -0.00033918
v 0.05540017 -0.00567391 0.0031363
v 0.05340013 -0.00398127 -0.00037098
v 0.05340013 -0.00395432 0.00059293
v 0.05540012 -0.00398121 -0.00037098
v 0.05540012 -0.00395427 0.00059293
v 0.05340011 -0.00369748 0.00152239
v 0.05540011 -0.00369741 0.00152239
v 0.05340017 -0.00567396 0.0031363
v 0.0554002 -0.0064845 0.00359106
v 0.05540019 -0.00659052 0.00380757
v 0.05540017 -0.00591232 0.00317203
v 0.05540017 -0.00613525 0.00326378
v 0.05540018 -0.00632975 0.00340622
v 0.05340019 -0.00632979 0.00340622
v 0.05340019 -0.00648455 0.00359106
v 0.05340018 -0.00613529 0.00326378
v 0.05340018 -0.00591237 0.00317203
v 0.0534002 -0.00659058 0.00380757
v 0.05540019 -0.00664165 0.00404316
v 0.0534002 -0.00664169 0.00404316
v 0.0534002 -0.00663496 0.00428413
v 0.05540019 -0.00663492 0.00428413
v 0.0554001 -0.0032256 0.00236337
v 0.05340008 -0.00256629 0.00306701
v 0.05540008 -0.00256622 0.00306701
v 0.05540014 -0.00483917 0.00354506
v 0.05540015 -0.00500401 0.00336915
v 0.05340011 -0.00322566 0.00236337
v 0.05540015 -0.00520616 0.0032378
v 0.05540016 -0.00543387 0.00315865
v 0.05540014 -0.004657 0.00398767
v 0.05540015 -0.00472121 0.0037553
v 0.05540014 -0.00465027 0.00422865
v 0.05540006 -0.00175764 0.00359239
v 0.05340013 -0.00465032 0.00422865
v 0.05340014 -0.00465707 0.00398767
v 0.05540014 -0.0047014 0.00446424
v 0.05340016 -0.00520622 0.0032378
v 0.05340017 -0.00543393 0.00315865
v 0.05340015 -0.00500407 0.00336915
v 0.05340014 -0.00483923 0.00354506
v 0.05340014 -0.00472127 0.0037553
v 0.05340029 -0.00998924 0.00043042
v 0.05340028 -0.00971331 0.00237124
v 0.05340027 -0.00906403 0.00422094
v 0.05040026 -0.00906412 0.00422094
v 0.05540018 -0.00585805 0.00511315
v 0.05540022 -0.00760969 0.0079416
v 0.05540018 -0.00608576 0.005034
v 0.05540019 -0.00628791 0.00490266
v 0.05540016 -0.005618 0.00513551
v 0.0554002 -0.0065707 0.0045165
v 0.05540019 -0.00645275 0.00472675
v 0.05340019 -0.00657075 0.0045165
v 0.05340018 -0.0064528 0.00472675
v 0.05340019 -0.00628796 0.00490266
v 0.05340018 -0.00608581 0.005034
v 0.05340017 -0.00561807 0.00513551
v 0.05340017 -0.0058581 0.00511315
v 0.0534002 -0.00675867 0.00736887
v 0.05540007 -0.00206301 0.00682516
v 0.05540006 -0.00205626 0.00706615
v 0.05540016 -0.00515667 0.00500803
v 0.05540016 -0.0053796 0.00509978
v 0.05540006 -0.00175111 0.00618823
v 0.05540007 -0.00190586 0.00637307
v 0.05540015 -0.00480741 0.00468075
v 0.05540015 -0.00496217 0.00486559
v 0.05540007 -0.00201188 0.00658958
v 0.05340014 -0.00470145 0.00446424
v 0.05340015 -0.00480748 0.00468075
v 0.05340016 -0.00537966 0.00509978
v 0.05340015 -0.00496224 0.00486559
v 0.05340015 -0.00515672 0.00500803
v 0.05340007 -0.00190591 0.00637307
v 0.05340006 -0.00206306 0.00682516
v 0.05340006 -0.00201193 0.00658958
v 0.05340016 -0.00519118 0.00854612
v 0.05540019 -0.00611501 0.00914263
v 0.05040018 -0.00611515 0.00914263
v 0.05540005 -0.00170926 0.00768466
v 0.05540013 -0.00443448 0.01006586
v 0.05540007 -0.0018741 0.00750876
v 0.05540007 -0.00199206 0.00729851
v 0.05540008 -0.00261918 0.01068325
v 0.05340011 -0.00342414 0.00939495
v 0.05340007 -0.00199211 0.00729851
v 0.05040014 -0.00443463 0.01006586
v 0.05340006 -0.00205633 0.00706615
v 0.0504001 -0.00342423 0.00939495
v 0.05340023 -0.00806637 0.00590843
v 0.05040023 -0.00806645 0.00590843
v 0.05040019 -0.00675876 0.00736887
v 0.05040022 -0.00760983 0.0079416
v 0.05040015 -0.00519127 0.00854612
v 0.0554 0.00038662 -0.0076476
v 0.05540001 0.00012585 -0.00724625
v 0.05540001 0.00023187 -0.00746276
v 0.05540001 0.00014567 -0.00653732
v 0.05540001 8.146E-05 -0.00676968
v 0.05540001 7.472E-05 -0.00701066
v 0.0554 0.00026362 -0.00632707
v 0.05540001 -0.00011024 -0.00399844
v 0.0534 0.00012579 -0.00724625
v 0.05339999 0.00058107 -0.00779004
v 0.05339999 0.00038657 -0.0076476
v 0.05340001 0.00023182 -0.00746276
v 0.05339997 0.00128243 -0.00789516
v 0.05339998 0.0010424 -0.00791752
v 0.05339998 0.00080399 -0.00788179
v 0.05340001 8.139E-05 -0.00676968
v 0.05340001 0.00014562 -0.00653732
v 0.05340001 7.466E-05 -0.00701066
v 0.0534 0.00026357 -0.00632707
v 0.05339999 0.0004284 -0.00615116
v 0.0554 0.00042847 -0.00615116
v 0.05339999 0.00063056 -0.00601982
v 0.05539999 0.00063062 -0.00601982
v 0.05539998 0.00109836 -0.0059183
v 0.05339997 0.00133672 -0.00595404
v 0.05539997 0.00133677 -0.00595404
v 0.05339998 0.0010983 -0.0059183
v 0.05339999 0.00085826 -0.00594066
v 0.05539998 0.00085833 -0.00594066
v 0.05539987 0.00481052 -0.00468075
v 0.05539988 0.00470448 -0.00446424
v 0.05539995 0.00190895 -0.00637307
v 0.05539995 0.00206609 -0.00682517
v 0.05539987 0.00496527 -0.00486559
v 0.05539995 0.00201497 -0.00658958
v 0.05539985 0.0056211 -0.00513551
v 0.05539985 0.0053827 -0.00509978
v 0.05539995 0.00199515 -0.00729851
v 0.05539995 0.00205936 -0.00706615
v 0.05539987 0.00515976 -0.00500803
v 0.05539996 0.00175419 -0.00618823
v 0.05539996 0.00187719 -0.00750876
v 0.05339986 0.00515971 -0.00500803
v 0.05539996 0.00171236 -0.00768467
v 0.05339997 0.00152844 -0.00988274
v 0.05339997 0.00151014 -0.00781601
v 0.05339995 0.00199509 -0.00729851
v 0.05339995 0.00187714 -0.00750876
v 0.05339997 0.00171229 -0.00768467
v 0.05339996 0.0020593 -0.00706615
v 0.05339992 0.00342712 -0.00939495
v 0.05339995 0.00206605 -0.00682517
v 0.05339987 0.00519416 -0.00854612
v 0.05339995 0.00201492 -0.00658958
v 0.05339995 0.00190889 -0.00637307
v 0.05339997 0.00155964 -0.00604579
v 0.05539997 0.00155969 -0.00604579
v 0.05339996 0.00175414 -0.00618823
v 0.05339987 0.00496521 -0.00486559
v 0.05339988 0.00470443 -0.00446424
v 0.05339988 0.00481045 -0.00468075
v 0.05340001 -0.00042893 -0.00999073
v 0.05340001 -0.00011031 -0.00399844
v 0.05340004 -0.00106394 -0.0038555
v 0.05539996 0.00176073 -0.00359239
v 0.05339996 0.00176067 -0.00359239
v 0.05539998 0.0008499 -0.003909
v 0.05339998 0.00084983 -0.003909
v 0.05340007 -0.00195566 -0.00348849
v 0.05539988 0.00465335 -0.00422865
v 0.05539988 0.0047243 -0.00375531
v 0.05539994 0.00256933 -0.00306701
v 0.05539988 0.0046601 -0.00398767
v 0.05339992 0.00322863 -0.00236337
v 0.05339994 0.00256926 -0.00306701
v 0.05539992 0.00322868 -0.00236337
v 0.05539988 0.00484226 -0.00354506
v 0.05539987 0.00500711 -0.00336915
v 0.05339988 0.0046533 -0.00422865
v 0.05339988 0.00472425 -0.00375531
v 0.05339988 0.00484221 -0.00354506
v 0.05339988 0.00466004 -0.00398767
v 0.05339987 0.00500704 -0.00336915
v 0.05339986 0.00520919 -0.0032378
v 0.05539986 0.00520926 -0.0032378
v 0.05539986 0.00543697 -0.00315865
v 0.0553999 0.00370051 -0.00152239
v 0.05539985 0.005677 -0.0031363
v 0.0553999 0.00395736 -0.00059293
v 0.05539983 0.00643017 0.00019674
v 0.05339991 0.00370045 -0.00152239
v 0.05339989 0.0039573 -0.00059293
v 0.05339986 0.0054369 -0.00315865
v 0.05539984 0.00608093 0.00052402
v 0.05539989 0.00398431 0.00037098
v 0.05539984 0.00623569 0.00033918
v 0.0533999 0.00398425 0.00037098
v 0.05539983 0.00645583 -0.00472675
v 0.05539983 0.00629099 -0.00490266
v 0.05539983 0.00657379 -0.0045165
v 0.05539984 0.00608884 -0.005034
v 0.05539974 0.00986995 -0.00485947
v 0.05539983 0.006638 -0.00428414
v 0.05539983 0.00664474 -0.00404316
v 0.05539983 0.00659361 -0.00380757
v 0.05539984 0.00586114 -0.00511316
v 0.05339986 0.00538263 -0.00509978
v 0.05339985 0.00586107 -0.00511316
v 0.05339986 0.00562104 -0.00513551
v 0.05339983 0.00645578 -0.00472675
v 0.05339982 0.00657373 -0.0045165
v 0.05339984 0.00629093 -0.00490266
v 0.05339983 0.0060888 -0.005034
v 0.05339982 0.00676165 -0.00736887
v 0.05339978 0.00806936 -0.00590844
v 0.05339982 0.00663795 -0.00428414
v 0.05339976 0.009067 -0.00422094
v 0.05039973 0.00986982 -0.00485947
v 0.05039982 0.00676157 -0.00736887
v 0.05039978 0.00806927 -0.00590844
v 0.05039975 0.00906692 -0.00422094
v 0.05539971 0.01056387 -0.00307201
v 0.05539983 0.00648759 -0.00359106
v 0.05339985 0.00567693 -0.0031363
v 0.05339984 0.00591535 -0.00317203
v 0.05539985 0.00591541 -0.00317203
v 0.05339982 0.00659355 -0.00380757
v 0.05339982 0.00664468 -0.00404316
v 0.05339983 0.00648754 -0.00359106
v 0.05339984 0.00613828 -0.00326378
v 0.05539984 0.00613833 -0.00326378
v 0.05539983 0.00633283 -0.00340622
v 0.05339983 0.00633278 -0.00340622
v 0.05339974 0.00971628 -0.00237125
v 0.05539981 0.00689151 6.925E-05
v 0.05539982 0.00665311 0.00010499
v 0.0553998 0.00735926 0.00017076
v 0.05539981 0.00713155 9.161E-05
v 0.05539971 0.01093685 -0.00119122
v 0.05539979 0.00772624 0.00047802
v 0.0533998 0.00756134 0.00030211
v 0.05539979 0.00756141 0.00030211
v 0.05339979 0.00772619 0.00047802
v 0.0533998 0.00735921 0.00017076
v 0.05539979 0.0078442 0.00068826
v 0.0553997 0.01097758 0.00072578
v 0.05339983 0.00643012 0.00019674
v 0.05339982 0.00665304 0.00010499
v 0.05339982 0.00689145 6.925E-05
v 0.05339981 0.00713148 9.161E-05
v 0.05339983 0.00623562 0.00033918
v 0.05339984 0.00608086 0.00052402
v 0.05039972 0.01056373 -0.00307201
v 0.0503997 0.01093671 -0.00119122
v 0.05039974 0.0097162 -0.00237125
v 0.05339979 0.00784414 0.00068826
v 0.05339978 0.00790836 0.00092063
v 0.05339973 0.00999223 -0.00043042
v 0.05039973 0.00999215 -0.00043042
v 0.0503997 0.01097743 0.00072578
v 0.05540005 -0.00155661 0.00604579
v 0.05540003 -0.00085523 0.00594067
v 0.05540004 -0.00109526 0.0059183
v 0.05540003 -0.0008468 0.003909
v 0.0554 0.00011334 0.00399844
v 0.05540003 -0.00062752 0.00601981
v 0.05540005 -0.00133368 0.00595404
v 0.05540002 -0.00042537 0.00615116
v 0.05340004 -0.00084686 0.003909
v 0.05540002 -0.00026053 0.00632707
v 0.05539998 0.00106698 0.0038555
v 0.05340001 0.00011328 0.00399844
v 0.05339998 0.00106693 0.0038555
v 0.05540002 -0.00014258 0.00653732
v 0.05539992 0.00314176 0.00555476
v 0.05340006 -0.00175769 0.00359239
v 0.05340006 -0.00175115 0.00618823
v 0.05340004 -0.00155666 0.00604579
v 0.05340004 -0.00133373 0.00595404
v 0.05340003 -0.00085529 0.00594067
v 0.05340002 -0.00062758 0.00601981
v 0.05340004 -0.00109533 0.0059183
v 0.05340002 -0.00042543 0.00615116
v 0.05340001 -0.00026058 0.00632707
v 0.05340002 -0.00014263 0.00653732
v 0.05539984 0.00597489 0.00074053
v 0.05539985 0.00592377 0.00097612
v 0.0553999 0.00377979 0.00131334
v 0.05539984 0.00627752 0.00183561
v 0.05539991 0.0033557 0.00217937
v 0.05539984 0.00611267 0.00165971
v 0.05539984 0.00599471 0.00144946
v 0.05539984 0.00593051 0.00121709
v 0.05539993 0.00273668 0.00291874
v 0.05339992 0.00335564 0.00217937
v 0.05339993 0.00273663 0.00291874
v 0.0533999 0.00377974 0.00131334
v 0.05539992 0.00319289 0.00531917
v 0.05539989 0.00410951 0.0046479
v 0.05539991 0.00364816 0.00477538
v 0.05539992 0.00345366 0.00491782
v 0.05539991 0.00387109 0.00468363
v 0.05539989 0.00434954 0.00467025
v 0.05539992 0.00329891 0.00510266
v 0.05539996 0.0019587 0.00348849
v 0.05539983 0.00647967 0.00196696
v 0.05539988 0.0047794 0.00488075
v 0.05539988 0.00457725 0.0047494
v 0.0533999 0.00387104 0.00468363
v 0.0533999 0.00364811 0.00477538
v 0.05339989 0.00410944 0.0046479
v 0.05339989 0.00434948 0.00467025
v 0.05339992 0.00345361 0.00491782
v 0.05339988 0.00457718 0.0047494
v 0.05339988 0.00477933 0.00488075
v 0.05539987 0.00494423 0.00505666
v 0.05339987 0.00494418 0.00505666
v 0.05539986 0.00512641 0.00549927
v 0.05339987 0.00506214 0.00526691
v 0.05539987 0.00506219 0.00526691
v 0.05339992 0.00314171 0.00555476
v 0.05339992 0.00319284 0.00531917
v 0.05339996 0.00195865 0.00348849
v 0.05339992 0.00329886 0.00510266
v 0.05339992 0.00314844 0.00579574
v 0.05539992 0.0031485 0.00579574
v 0.05539992 0.00321271 0.0060281
v 0.05540001 -7.163E-05 0.00701066
v 0.05540001 -7.836E-05 0.00676968
v 0.05539991 0.00349551 0.00641425
v 0.05540002 -0.00012276 0.00724625
v 0.05539992 0.00333066 0.00623835
v 0.05340001 -7.842E-05 0.00676968
v 0.05340001 -7.168E-05 0.00701066
v 0.05540005 -0.0012794 0.00789516
v 0.05340004 -0.00103943 0.00791753
v 0.05540004 -0.00103936 0.00791753
v 0.05340005 -0.00150717 0.00781601
v 0.05340005 -0.00127946 0.00789516
v 0.05540005 -0.0015071 0.00781601
v 0.05340007 -0.00170932 0.00768466
v 0.05340006 -0.00187416 0.00750876
v 0.05340001 -0.00012281 0.00724625
v 0.05340002 -0.00022883 0.00746275
v 0.05540002 -0.00022878 0.00746275
v 0.05340002 -0.00057808 0.00779004
v 0.05340002 -0.00038358 0.0076476
v 0.05540003 -0.00057803 0.00779004
v 0.05540002 -0.00038353 0.0076476
v 0.05340003 -0.00080101 0.00788179
v 0.05540004 -0.00080096 0.00788179
v 0.05540003 -0.00072423 0.01097603
v 0.05539992 0.00307355 0.01056232
v 0.0534 0.00043191 0.00999073
v 0.05539998 0.00119276 0.01093531
v 0.05039997 0.00119262 0.01093531
v 0.0533999 0.0039253 0.00662476
v 0.0533999 0.00416534 0.00664711
v 0.0553999 0.00392537 0.00662476
v 0.05539989 0.0041654 0.00664711
v 0.05339991 0.0036976 0.0065456
v 0.0553999 0.00369766 0.0065456
v 0.05339988 0.00440376 0.00661137
v 0.05539989 0.00440381 0.00661137
v 0.05339987 0.00482118 0.00637719
v 0.05339987 0.00497594 0.00619234
v 0.05539988 0.00482123 0.00637719
v 0.05539988 0.00462674 0.00651962
v 0.05339987 0.00508196 0.00597584
v 0.05539987 0.00497599 0.00619234
v 0.05339988 0.00462668 0.00651962
v 0.05539987 0.00508201 0.00597584
v 0.05539984 0.00650082 0.00887465
v 0.05539988 0.00486101 0.00986841
v 0.05339991 0.00349544 0.00641425
v 0.05339992 0.00321266 0.0060281
v 0.05339992 0.00333061 0.00623835
v 0.05339995 0.00237273 0.00971479
v 0.05339989 0.00422243 0.00906552
v 0.05039987 0.00486088 0.00986841
v 0.05039994 0.00237264 0.00971479
v 0.05039989 0.00422235 0.00906552
v 0.05039993 0.00307342 0.01056232
v 0.05040008 -0.00261931 0.01068325
v 0.05340005 -0.00152545 0.00988274
v 0.05040003 -0.00072437 0.01097603
v 0.05040006 -0.00152555 0.00988274
v 0.05039999 0.00043182 0.00999073
v 0.05539978 0.00790841 0.00092063
v 0.05539979 0.00791515 0.00116161
v 0.05539972 0.01068479 0.00262072
v 0.05539979 0.00786402 0.0013972
v 0.05539979 0.007758 0.0016137
v 0.0553998 0.00760324 0.00179855
v 0.05339979 0.00791509 0.00116161
v 0.05339979 0.00786396 0.0013972
v 0.05339979 0.00775794 0.0016137
v 0.0533998 0.00718576 0.00203274
v 0.0533998 0.00740869 0.00194098
v 0.05539981 0.00718582 0.00203274
v 0.0553998 0.00740874 0.00194098
v 0.05539982 0.00694741 0.00206847
v 0.0533998 0.00760319 0.00179855
v 0.05339984 0.00597485 0.00074053
v 0.05339985 0.00592372 0.00097612
v 0.05339985 0.00593045 0.00121709
v 0.05339984 0.00599466 0.00144946
v 0.05339983 0.00627745 0.00183561
v 0.05339983 0.0064796 0.00196696
v 0.05339983 0.00611262 0.00165971
v 0.05339982 0.00670731 0.00204611
v 0.05339982 0.00694734 0.00206847
v 0.05539982 0.00670738 0.00204611
v 0.05339975 0.00939644 0.00342563
v 0.05539972 0.01006741 0.00443604
v 0.05539975 0.00914418 0.00611655
v 0.05339976 0.00854761 0.00519267
v 0.05039973 0.00988414 0.00152695
v 0.05339973 0.00988423 0.00152695
v 0.05039971 0.01068466 0.00262072
v 0.05039975 0.00939636 0.00342563
v 0.05039977 0.00854752 0.00519267
v 0.05039972 0.01006727 0.00443604
v 0.05539979 0.00794315 0.00761124
v 0.05539986 0.00513314 0.00574025
v 0.05339985 0.00590992 0.00806786
v 0.05339986 0.00512634 0.00549927
v 0.05339986 0.00513309 0.00574025
v 0.0533998 0.00737036 0.00676016
v 0.05039982 0.00650068 0.00887465
v 0.05039978 0.00794301 0.00761124
v 0.05039975 0.00914403 0.00611655
v 0.05039981 0.00737027 0.00676016
v 0.05039984 0.00590983 0.00806786
v 0.00340074 -0.02600902 -0.01689753
v 0.00770854 -0.03135325 -0.02634819
v -0.00159924 -0.02637853 -0.01740189
v 0.00339991 0.00342573 -0.00939495
v 0.00339987 0.00519276 -0.00854612
v 0.00339997 0.00152703 -0.00988274
v 0.00339976 0.00887474 -0.00649928
v -0.00160024 0.00887459 -0.00649928
v -0.00159976 -0.0083544 -0.03002517
v -0.00159986 -0.00481974 -0.00637719
v 0.00340018 -0.00590834 -0.00806786
v -0.00159986 -0.00462524 -0.00651963
v -0.00159987 -0.00440231 -0.00661138
v 0.00340003 -0.00043033 -0.00999073
v 0.00340007 -0.00237115 -0.00971479
v -0.00159987 -0.00416391 -0.00664711
v 0.00340013 -0.00422086 -0.00906552
v -0.00160003 0.0015086 -0.00781601
v -0.00160001 0.00057952 -0.00779004
v -0.00160002 0.00104086 -0.00791752
v -0.00160003 0.00128089 -0.00789516
v -0.00160002 0.00080245 -0.00788179
v 0.00340025 -0.00854604 -0.00519267
v 0.00340021 -0.00736879 -0.00676016
v 0.00340027 -0.00939486 -0.00342563
v 0.00340029 -0.00988265 -0.00152695
v -0.00159978 -0.00760174 -0.00179855
v -0.00159985 -0.00508051 -0.00597584
v -0.00159978 -0.0077565 -0.0016137
v -0.00159986 -0.0049745 -0.00619235
v -0.00159977 -0.00790692 -0.00092063
v -0.00159977 -0.00791365 -0.00116161
v -0.00159976 -0.00786253 -0.0013972
v 0.00340029 -0.00999065 0.00043042
v 0.00340028 -0.0097147 0.00237124
v 0.00340026 -0.00887455 0.00649928
v -0.00159974 -0.00887471 0.00649928
v 0.00040017 -0.00590842 -0.00806786
v 0.00040025 -0.00854612 -0.00519267
v 0.00040022 -0.00736887 -0.00676016
v 0.00040015 -0.00512485 -0.00549927
v 0.00040015 -0.00506064 -0.00526691
v 0.00040016 -0.00494269 -0.00505666
v 0.00040014 -0.00462519 -0.00651963
v 0.00040014 -0.00440226 -0.00661138
v 0.00040015 -0.00481969 -0.00637719
v 0.00040015 -0.00497445 -0.00619235
v 0.00040013 -0.00422094 -0.00906552
v 0.00040016 -0.00513159 -0.00574025
v 0.00040016 -0.00508046 -0.00597584
v -0.00159985 -0.00513164 -0.00574025
v -0.00159985 -0.00512491 -0.00549927
v 0.00040021 -0.00718427 -0.00203274
v 0.00040028 -0.00939494 -0.00342563
v 0.0004002 -0.00694587 -0.00206847
v 0.00040023 -0.00790687 -0.00092063
v 0.00040029 -0.00988273 -0.00152695
v 0.00040023 -0.0079136 -0.00116161
v 0.00040022 -0.00786247 -0.0013972
v 0.00040023 -0.00775645 -0.0016137
v 0.00040023 -0.00760169 -0.00179855
v 0.00040021 -0.0074072 -0.00194099
v 0.0004002 -0.00670583 -0.00204612
v 0.00040018 -0.00647811 -0.00196696
v 0.00040014 -0.00477784 -0.00488075
v 0.00040013 -0.00457569 -0.0047494
v 0.00040019 -0.00627597 -0.00183561
v 0.00040012 -0.00434799 -0.00467025
v 0.0004001 -0.00335414 -0.00217937
v -0.00159986 -0.0050607 -0.00526691
v -0.00159979 -0.00694591 -0.00206847
v -0.00159985 -0.00494274 -0.00505666
v -0.0015998 -0.00670588 -0.00204612
v -0.0015998 -0.00647817 -0.00196696
v -0.00159986 -0.00477791 -0.00488075
v -0.00159978 -0.00740726 -0.00194099
v -0.00159979 -0.00718432 -0.00203274
v 0.00040017 -0.00592222 -0.00097612
v 0.00040017 -0.00592895 -0.0012171
v 0.00040012 -0.00377824 -0.00131334
v 0.00040018 -0.00599317 -0.00144946
v 0.00040018 -0.00611112 -0.00165971
v 0.00040012 -0.00398275 -0.00037098
v -0.00159978 -0.0078427 -0.00068827
v 0.00040023 -0.00784265 -0.00068827
v -0.00159982 -0.00611117 -0.00165971
v -0.00159982 -0.00627602 -0.00183561
v -0.00159982 -0.00599322 -0.00144946
v -0.00159983 -0.00592902 -0.0012171
v -0.00159983 -0.00592227 -0.00097612
v -0.00159983 -0.0059734 -0.00074053
v 0.00040018 -0.00597335 -0.00074053
v 0.0004003 -0.00999073 0.00043042
v 0.00040028 -0.00971479 0.00237124
v 0.00040022 -0.00735771 -0.00017076
v 0.00040021 -0.00713 -9.161E-05
v 0.00040023 -0.00755986 -0.00030211
v 0.00040019 -0.00633128 0.00340622
v 0.00040022 -0.0077247 -0.00047802
v 0.00040026 -0.00906551 0.00422094
v 0.00040019 -0.00659206 0.00380757
v 0.00040019 -0.00664319 0.00404316
v 0.00040019 -0.00663646 0.00428413
v 0.0004002 -0.00648604 0.00359106
v 0.00340026 -0.00906543 0.00422094
v 0.00040018 -0.00607937 -0.00052402
v 0.00040012 -0.00395581 0.00059293
v 0.00040018 -0.00623412 -0.00033918
v 0.00040019 -0.00642862 -0.00019674
v 0.00040017 -0.00567546 0.0031363
v 0.00040019 -0.00665155 -0.00010499
v 0.00040016 -0.00543542 0.00315865
v 0.00040017 -0.00591386 0.00317203
v 0.00040021 -0.00688997 -6.925E-05
v 0.00040018 -0.00613679 0.00326378
v 0.00040011 -0.00369895 0.00152239
v -0.00159977 -0.00772474 -0.00047802
v -0.00159979 -0.00735776 -0.00017076
v -0.00159979 -0.00713006 -9.161E-05
v -0.00159978 -0.00755991 -0.00030211
v -0.0015998 -0.00689002 -6.925E-05
v -0.00159982 -0.00607943 -0.00052402
v -0.00159981 -0.00623419 -0.00033918
v -0.00159981 -0.00665162 -0.00010499
v -0.00159982 -0.00642868 -0.00019674
v -0.00159981 -0.00633133 0.00340622
v -0.00159981 -0.00613685 0.00326378
v -0.00159982 -0.00591391 0.00317203
v -0.00159983 -0.0056755 0.0031363
v -0.0015998 -0.00659212 0.00380757
v -0.00159981 -0.00648609 0.00359106
v 0.00040015 -0.0052077 0.0032378
v 0.00040016 -0.00500556 0.00336915
v -0.00159984 -0.00520776 0.0032378
v -0.00159983 -0.00543547 0.00315865
v -0.00159982 -0.00645434 0.00472675
v -0.00159981 -0.0062895 0.00490266
v 0.00040019 -0.00645429 0.00472675
v 0.0004002 -0.00657224 0.0045165
v 0.00040018 -0.00628945 0.00490266
v -0.0015998 -0.00664324 0.00404316
v -0.0015998 -0.00663651 0.00428413
v -0.00159981 -0.00657229 0.0045165
v 0.00340019 -0.00676007 0.00736887
v 0.00340024 -0.00806777 0.00590843
v 0.0004002 -0.00676015 0.00736887
v 0.00340022 -0.00761114 0.0079416
v 0.00340018 -0.00611648 0.00914263
v 0.00340015 -0.00519258 0.00854612
v 0.00340013 -0.00443594 0.01006586
v 0.0034001 -0.00342554 0.00939495
v 0.00340009 -0.00262064 0.01068325
v 0.00040017 -0.00519267 0.00854612
v -0.00159987 -0.00443609 0.01006586
v 0.00040024 -0.00806786 0.00590843
v 0.00040018 -0.0060873 0.005034
v -0.00159977 -0.00761129 0.0079416
v -0.00159982 -0.00608735 0.005034
v -0.00159983 -0.00585965 0.00511315
v 0.00040018 -0.00585959 0.00511315
v -0.00159984 -0.00538121 0.00509978
v -0.00159985 -0.00515827 0.00500803
v 0.00040016 -0.00538114 0.00509978
v -0.00159984 -0.00561961 0.00513551
v 0.00040017 -0.00561956 0.00513551
v 0.00040016 -0.00515821 0.00500803
v -0.00159982 -0.00611661 0.00914263
v 0.00040007 -0.00237125 -0.00971479
v 0.00040002 -0.00043042 -0.00999073
v 0.00039991 0.00342564 -0.00939495
v 0.00039997 0.00152694 -0.00988274
v 0.00039997 0.00150867 -0.00781601
v 0.0004 0.00038508 -0.0076476
v 0.00039999 0.00057958 -0.00779004
v 0.00039998 0.00104092 -0.00791752
v 0.00039997 0.00128096 -0.00789516
v 0.00039999 0.0008025 -0.00788179
v 0.00039995 0.00171081 -0.00768467
v 0.00039996 0.00187565 -0.00750876
v -0.00160003 0.00171075 -0.00768467
v -0.00160005 0.0018756 -0.00750876
v 0.00039995 0.0019936 -0.00729851
v -0.00160005 0.0020645 -0.00682517
v -0.00160004 0.00205776 -0.00706615
v 0.00039996 0.00206456 -0.00682517
v 0.00039996 0.00205783 -0.00706615
v -0.00160005 0.00199355 -0.00729851
v -0.00160004 0.0017526 -0.00618823
v -0.00160005 0.00190735 -0.00637307
v 0.00039995 0.00175265 -0.00618823
v 0.00039995 0.0019074 -0.00637307
v -0.00160005 0.00201337 -0.00658958
v 0.00039996 0.00201343 -0.00658958
v 0.00039997 0.00155815 -0.00604579
v 0.00040001 -0.00011178 -0.00399844
v 0.00039999 0.00085679 -0.00594066
v 0.00039998 0.00084835 -0.003909
v 0.00040001 0.00026208 -0.00632707
v 0.00039999 0.00042693 -0.00615116
v 0.00039999 0.00062908 -0.00601982
v 0.00039998 0.00109682 -0.0059183
v 0.00039998 0.00133523 -0.00595404
v 0.00040011 -0.00332911 -0.00623835
v 0.00040001 0.00012431 -0.00724625
v 0.0004001 -0.00349395 -0.00641426
v 0.00040012 -0.0036961 -0.0065456
v 0.00040013 -0.00416384 -0.00664711
v 0.00040012 -0.00392381 -0.00662476
v 0.00040009 -0.00314695 -0.00579574
v 0.0004 7.992E-05 -0.00676968
v 0.0004 0.00014412 -0.00653732
v 0.0004001 -0.00321116 -0.0060281
v 0.00040001 7.318E-05 -0.00701066
v 0.00040009 -0.00314022 -0.00555476
v 0.00040004 -0.00106543 -0.0038555
v -0.00159988 -0.00392387 -0.00662476
v -0.00159988 -0.00369617 -0.0065456
v -0.00159988 -0.00349401 -0.00641426
v -0.0015999 -0.00332917 -0.00623835
v -0.00159991 -0.00321122 -0.0060281
v -0.00159989 -0.00314701 -0.00579574
v -0.0015999 -0.00319139 -0.00531917
v -0.0015999 -0.00314026 -0.00555476
v 0.0004001 -0.00319135 -0.00531917
v -0.0015999 -0.00329741 -0.00510266
v 0.0004001 -0.00329736 -0.00510266
v -0.00159989 -0.00345217 -0.00491782
v 0.0004001 -0.00345212 -0.00491782
v -0.00160001 0.00038503 -0.0076476
v -0.00159999 0.00023027 -0.00746276
v 0.0004 0.00023032 -0.00746276
v -0.0016 0.00012425 -0.00724625
v -0.0016 7.312E-05 -0.00701066
v -0.00159999 7.985E-05 -0.00676968
v -0.00159999 0.00014408 -0.00653732
v -0.0016 0.00026203 -0.00632707
v -0.0016 0.00042686 -0.00615116
v -0.00160002 0.00109676 -0.0059183
v -0.00160001 0.00085672 -0.00594066
v -0.00160001 0.00062901 -0.00601982
v -0.00160003 0.0015581 -0.00604579
v -0.00160003 0.00133517 -0.00595404
v -0.00160002 0.00084829 -0.003909
v -0.00159999 -0.00011185 -0.00399844
v -0.00159997 -0.00106549 -0.0038555
v -0.00159988 -0.00364666 -0.00477538
v 0.00040011 -0.00364662 -0.00477538
v 0.00040011 -0.00386955 -0.00468363
v 0.00040009 -0.00273513 -0.00291874
v 0.00040006 -0.00195715 -0.00348849
v 0.00040012 -0.00410795 -0.0046479
v -0.00159989 -0.00335421 -0.00217937
v -0.00159991 -0.00273518 -0.00291874
v -0.00159993 -0.0019572 -0.00348849
v -0.00159987 -0.00410801 -0.0046479
v -0.00159988 -0.00386959 -0.00468363
v -0.00159986 -0.00434804 -0.00467025
v -0.00159986 -0.00457575 -0.0047494
v -0.00159989 -0.0037783 -0.00131334
v -0.00159988 -0.00398282 -0.00037098
v -0.00159988 -0.00395586 0.00059293
v 0.00039996 0.00175919 -0.00359239
v -0.00160004 0.00175913 -0.00359239
v 0.00039993 0.00256778 -0.00306701
v 0.00339982 0.00676026 -0.00736887
v 0.00339978 0.00806795 -0.00590844
v 0.00039979 0.00806787 -0.00590844
v 0.00339976 0.00906561 -0.00422094
v 0.00039975 0.00906553 -0.00422094
v 0.00339974 0.00986849 -0.00485947
v -0.00160026 0.00986836 -0.00485947
v 0.00039986 0.00519268 -0.00854612
v 0.00039982 0.00676017 -0.00736887
v 0.00039984 0.00608731 -0.005034
v 0.00039983 0.00628945 -0.00490266
v 0.00039982 0.00663646 -0.00428414
v 0.00039984 0.00645429 -0.00472675
v 0.00039983 0.00657224 -0.0045165
v 0.00039987 0.00515822 -0.00500803
v 0.00039987 0.00538115 -0.00509978
v 0.00039987 0.00480897 -0.00468075
v 0.00039988 0.00496372 -0.00486559
v 0.00039988 0.00470295 -0.00446424
v 0.00039985 0.00561956 -0.00513551
v 0.00039985 0.0058596 -0.00511316
v -0.00160014 0.0056195 -0.00513551
v -0.00160014 0.00538109 -0.00509978
v -0.00160014 0.00515817 -0.00500803
v -0.00160013 0.00496367 -0.00486559
v -0.00160013 0.00480891 -0.00468075
v -0.00160012 0.00470289 -0.00446424
v -0.00160012 0.00465176 -0.00422865
v 0.00039989 0.00465182 -0.00422865
v -0.00160015 0.00585953 -0.00511316
v -0.00160016 0.00608725 -0.005034
v -0.00160016 0.00628939 -0.00490266
v -0.00160017 0.00645424 -0.00472675
v -0.00160018 0.00657219 -0.0045165
v -0.00160018 0.00663641 -0.00428414
v -0.00160017 0.00664314 -0.00404316
v -0.00160017 0.00659201 -0.00380757
v 0.00339973 0.00971488 -0.00237125
v 0.00339971 0.01056242 -0.00307201
v 0.0033997 0.0109354 -0.00119122
v 0.00039974 0.00971481 -0.00237125
v -0.00160029 0.01093526 -0.00119122
v 0.00039983 0.00633129 -0.00340622
v 0.00039983 0.00648604 -0.00359106
v 0.00039982 0.00659206 -0.00380757
v -0.00160029 0.01056227 -0.00307201
v 0.00039982 0.00664319 -0.00404316
v 0.00339973 0.00999082 -0.00043042
v 0.00039973 0.00999074 -0.00043042
v 0.0033997 0.01097612 0.00072578
v -0.00160029 0.01097598 0.00072578
v 0.00039981 0.00713001 9.161E-05
v 0.00039979 0.00784266 0.00068826
v 0.0003998 0.0077247 0.00047802
v 0.00039978 0.00790687 0.00092063
v 0.00039979 0.00755986 0.00030211
v 0.00039981 0.00735772 0.00017076
v 0.00039992 0.00322714 -0.00236337
v 0.00039988 0.00472276 -0.00375531
v 0.00039988 0.00484072 -0.00354506
v 0.00039988 0.00465856 -0.00398767
v 0.00039987 0.00500557 -0.00336915
v 0.00039989 0.00395581 -0.00059293
v 0.0003999 0.00369897 -0.00152239
v 0.00039985 0.00543542 -0.00315865
v 0.00039986 0.00520771 -0.0032378
v 0.00039984 0.00567545 -0.0031363
v -0.00160007 0.00256772 -0.00306701
v -0.00160012 0.00465849 -0.00398767
v -0.00160013 0.00472271 -0.00375531
v -0.00160008 0.00322709 -0.00236337
v -0.0016001 0.0036989 -0.00152239
v -0.00160012 0.00484067 -0.00354506
v -0.00160013 0.00520765 -0.0032378
v -0.00160014 0.00543536 -0.00315865
v -0.00160013 0.0050055 -0.00336915
v -0.00160014 0.0056754 -0.0031363
v -0.00160015 0.00591381 -0.00317203
v 0.00039984 0.00591386 -0.00317203
v -0.00160016 0.00613674 -0.00326378
v -0.00160016 0.00633124 -0.00340622
v 0.00039984 0.00613679 -0.00326378
v -0.0016001 0.00395577 -0.00059293
v 0.00039982 0.00688998 6.925E-05
v 0.00039983 0.00642863 0.00019674
v 0.00039983 0.00665156 0.00010499
v -0.00160017 0.00623408 0.00033918
v -0.00160016 0.00607932 0.00052402
v 0.00039984 0.00623413 0.00033918
v 0.00039983 0.00607939 0.00052402
v 0.00039989 0.00398277 0.00037098
v -0.00160017 0.00642858 0.00019674
v -0.0016001 0.0039827 0.00037098
v -0.00160018 0.00648599 -0.00359106
v -0.00160018 0.0066515 0.00010499
v -0.00160019 0.00712994 9.161E-05
v -0.0016002 0.00735766 0.00017076
v -0.00160018 0.00688991 6.925E-05
v -0.00160021 0.0075598 0.00030211
v -0.00160021 0.00772465 0.00047802
v -0.00160021 0.0078426 0.00068826
v -0.00159988 -0.00369902 0.00152239
v 0.0004001 -0.00322714 0.00236337
v 0.00040014 -0.00484071 0.00354506
v 0.00040015 -0.00472276 0.0037553
v 0.00040008 -0.00256777 0.00306701
v 0.00040014 -0.00465854 0.00398767
v -0.00159989 -0.0032272 0.00236337
v -0.00159992 -0.00256783 0.00306701
v -0.00159994 -0.00175923 0.00359239
v 0.00040006 -0.00175918 0.00359239
v -0.00159985 -0.00500561 0.00336915
v -0.00159986 -0.00484077 0.00354506
v -0.00159986 -0.00472281 0.0037553
v -0.00159986 -0.00465861 0.00398767
v 0.00040014 -0.00470294 0.00446424
v 0.00040014 -0.00465181 0.00422865
v 0.00040005 -0.00155815 0.00604579
v 0.00040005 -0.00133522 0.00595404
v 0.00040004 -0.00084833 0.003909
v 0.00040007 -0.00206455 0.00682516
v 0.00040015 -0.00496371 0.00486559
v 0.00040006 -0.00201342 0.00658958
v 0.00040015 -0.00480895 0.00468075
v 0.00040007 -0.0019074 0.00637307
v 0.00040006 -0.00175265 0.00618823
v -0.00159994 -0.00155819 0.00604579
v 0.00040004 -0.0010968 0.0059183
v 0.00040003 -0.00085677 0.00594067
v -0.00159987 -0.00465186 0.00422865
v -0.00159986 -0.00470299 0.00446424
v -0.00159985 -0.00480902 0.00468075
v -0.00159985 -0.00496378 0.00486559
v -0.00159994 -0.00175269 0.00618823
v -0.00159994 -0.00190745 0.00637307
v -0.00159994 -0.00201347 0.00658958
v -0.00159994 -0.0020646 0.00682516
v 0.00040002 -0.00026207 0.00632707
v 0.00040002 -0.00042691 0.00615116
v 0.00040001 0.0001118 0.00399844
v 0.00039998 0.00106544 0.0038555
v 0.00040002 -0.00062906 0.00601981
v 0.00040001 -0.00014412 0.00653732
v -0.00160002 0.00106539 0.0038555
v 0.00039995 0.00195715 0.00348849
v -0.00160007 0.00273508 0.00291874
v 0.00039993 0.00273514 0.00291874
v -0.00160004 0.00195711 0.00348849
v 0.00039992 0.00329737 0.00510266
v 0.00039991 0.00345212 0.00491782
v 0.00039992 0.00314021 0.00555476
v 0.00039992 0.00319134 0.00531917
v -0.00159996 -0.0008484 0.003909
v -0.00159996 -0.00133528 0.00595404
v -0.00159999 0.00011173 0.00399844
v -0.00159996 -0.00109687 0.0059183
v -0.00159997 -0.00085683 0.00594067
v -0.00159998 -0.00062913 0.00601981
v -0.00159998 -0.00042697 0.00615116
v -0.00159998 -0.00014417 0.00653732
v -0.00160007 0.00314017 0.00555476
v -0.00159999 -0.00026213 0.00632707
v 0.00340003 -0.00072569 0.01097603
v 0.00340005 -0.00152686 0.00988274
v 0.0034 0.0004305 0.00999073
v 0.00339998 0.0011913 0.01093531
v 0.00040001 0.00043042 0.00999073
v 0.00040005 -0.00152694 0.00988274
v -0.00159997 -0.00072583 0.01097603
v 0.00040001 -7.317E-05 0.00701066
v 0.00039992 0.00321117 0.0060281
v 0.00039992 0.00332912 0.00623835
v 0.00040002 -0.0001243 0.00724625
v 0.00039994 0.00237125 0.00971479
v 0.00040001 -0.00023032 0.00746275
v 0.00040001 -7.99E-05 0.00676968
v 0.00039991 0.00314696 0.00579574
v 0.0003999 0.00349397 0.00641425
v 0.00039991 0.00369611 0.0065456
v 0.00339994 0.00237133 0.00971479
v 0.00339993 0.0030721 0.01056232
v 0.00339989 0.00422103 0.00906552
v 0.00339988 0.00485955 0.00986841
v 0.00039989 0.00422094 0.00906552
v -0.00160007 0.00307197 0.01056232
v -0.00160002 0.00119117 0.01093531
v 0.00040011 -0.00342562 0.00939495
v 0.00040007 -0.0019936 0.00729851
v 0.00040006 -0.00205781 0.00706615
v 0.00040006 -0.00187565 0.00750876
v -0.00159993 -0.00205787 0.00706615
v -0.00159993 -0.00199365 0.00729851
v -0.00159994 -0.0018757 0.00750876
v 0.00040005 -0.00150865 0.00781601
v -0.00159995 -0.001281 0.00789516
v 0.00040005 -0.00128094 0.00789516
v -0.00159994 -0.00171086 0.00768466
v -0.00159995 -0.00150871 0.00781601
v 0.00040005 -0.0017108 0.00768466
v -0.00159992 -0.00262078 0.01068325
v 0.00040004 -0.0010409 0.00791753
v 0.00040003 -0.0008025 0.00788179
v -0.00159999 -7.322E-05 0.00701066
v -0.00159999 -7.997E-05 0.00676968
v -0.00159999 -0.00012435 0.00724625
v -0.00159998 -0.00057962 0.00779004
v -0.00159998 -0.00038513 0.0076476
v 0.00040003 -0.00057957 0.00779004
v -0.00159998 -0.00023037 0.00746275
v 0.00040002 -0.00038507 0.0076476
v -0.00160009 0.00332907 0.00623835
v -0.00160008 0.00321111 0.0060281
v -0.00160007 0.0031469 0.00579574
v -0.00160008 0.00349391 0.00641425
v -0.00159997 -0.00080255 0.00788179
v -0.00159996 -0.00104097 0.00791753
v 0.00039973 0.00988274 0.00152695
v 0.00339975 0.00939503 0.00342563
v 0.00039975 0.00939495 0.00342563
v 0.00339974 0.00988282 0.00152695
v 0.00339971 0.01068333 0.00262072
v 0.00039979 0.00775646 0.0016137
v 0.00039978 0.0079136 0.00116161
v 0.0003998 0.0076017 0.00179855
v 0.0003998 0.0074072 0.00194098
v 0.00039981 0.00718427 0.00203274
v 0.00039979 0.00786247 0.0013972
v -0.00160029 0.0106832 0.00262072
v 0.00339972 0.01006595 0.00443604
v 0.00339977 0.00854621 0.00519267
v 0.00339975 0.00914272 0.00611655
v 0.00039976 0.00854612 0.00519267
v -0.00160028 0.01006582 0.00443604
v -0.00160024 0.00914258 0.00611655
v 0.00039981 0.00694587 0.00206847
v 0.00039991 0.00377825 0.00131334
v 0.00039984 0.00592897 0.00121709
v 0.00039984 0.00599317 0.00144946
v 0.00039983 0.00611112 0.00165971
v 0.00039985 0.00592223 0.00097612
v 0.00039991 0.00335416 0.00217937
v 0.00039983 0.00627598 0.00183561
v 0.00039985 0.00597336 0.00074053
v -0.0016001 0.0037782 0.00131334
v -0.00160009 0.00335409 0.00217937
v -0.00160016 0.0059733 0.00074053
v -0.00160016 0.00592217 0.00097612
v -0.00160015 0.0059289 0.00121709
v -0.00160016 0.00611108 0.00165971
v -0.00160016 0.00599312 0.00144946
v -0.00160016 0.00627591 0.00183561
v 0.00039988 0.004348 0.00467025
v 0.0003999 0.00364662 0.00477538
v 0.0003999 0.00386954 0.00468363
v 0.00039989 0.00410796 0.0046479
v 0.00039987 0.00494269 0.00505666
v 0.00039987 0.00477786 0.00488075
v 0.00039982 0.00670583 0.00204611
v 0.00039987 0.00457571 0.0047494
v 0.00039982 0.00647812 0.00196696
v -0.00160011 0.00457565 0.0047494
v 0.00039987 0.00506065 0.00526691
v -0.00160014 0.00494264 0.00505666
v -0.00160013 0.0050606 0.00526691
v -0.00160012 0.00477779 0.00488075
v 0.00039986 0.00512487 0.00549927
v -0.00160009 0.00364657 0.00477538
v -0.00160009 0.00345207 0.00491782
v -0.00160008 0.00329731 0.00510266
v -0.00160008 0.0031913 0.00531917
v -0.0016001 0.0041079 0.0046479
v -0.0016001 0.0038695 0.00468363
v -0.00160011 0.00434794 0.00467025
v -0.00160017 0.00647806 0.00196696
v -0.00160021 0.00786243 0.0013972
v -0.00160021 0.00791356 0.00116161
v -0.0016002 0.00790681 0.00092063
v -0.00160018 0.00694581 0.00206847
v -0.00160019 0.00718423 0.00203274
v -0.00160017 0.00670577 0.00204611
v -0.00160021 0.00760164 0.00179855
v -0.00160021 0.0077564 0.0016137
v -0.00160019 0.00740715 0.00194098
v 0.00339983 0.00649936 0.00887465
v 0.00339984 0.00590852 0.00806786
v 0.0033998 0.00794169 0.00761124
v 0.0033998 0.00736895 0.00676016
v 0.0003998 0.00736887 0.00676016
v 0.00039984 0.00590844 0.00806786
v -0.00160022 0.00794155 0.00761124
v -0.00160017 0.00649923 0.00887465
v 0.00039988 0.00462519 0.00651962
v 0.00039988 0.00481969 0.00637719
v 0.00039987 0.00497445 0.00619234
v 0.00039989 0.00440227 0.00661137
v -0.00160014 0.00513154 0.00574025
v -0.00160013 0.0051248 0.00549927
v 0.00039987 0.0051316 0.00574025
v 0.00039987 0.00508047 0.00597584
v -0.0016001 0.00369605 0.0065456
v -0.0016001 0.00392376 0.00662476
v 0.0003999 0.00392383 0.00662476
v -0.00160011 0.00416379 0.00664711
v 0.00039989 0.00416386 0.00664711
v -0.00160014 0.00508041 0.00597584
v -0.00160013 0.00481964 0.00637719
v -0.00160012 0.00497438 0.00619234
v -0.00160012 0.00462514 0.00651962
v -0.00160012 0.00440221 0.00661137
v -0.00160012 0.00485942 0.00986841
vn 0.87025 -0.10894 -0.48041
vn 0.87237 -0.04534 -0.48673
vn 0.8691 -0.10485 -0.48339
vn 0.92232 -0.0976 -0.37391
vn 0.85082 0.02789 -0.52471
vn 0.72051 0.12854 -0.68143
vn 0.8193 0.17813 -0.545
vn 0.85595 0.07184 -0.51205
vn 0.74456 0.21154 -0.63316
vn 0.74418 0.03544 -0.66704
vn 0.52046 0.47258 -0.71119
vn 0.53386 0.62071 -0.57421
vn 0.71193 0.48176 -0.51094
vn 0.53938 0.4506 -0.71135
vn 0.68986 0.31694 -0.65088
vn 0.57483 0.35823 -0.73569
vn 0.7388 0.23868 -0.63025
vn 0.92377 -0.04193 -0.38065
vn 0.92232 -0.0976 -0.37391
vn 0.0877 0.81223 -0.57671
vn 0.04369 0.82424 -0.56456
vn 0.01454 0.83107 -0.55598
vn 0.15525 0.79091 -0.59191
vn 0.10841 0.80578 -0.58221
vn -2E-05 0.83413 -0.55157
vn -2E-05 0.83413 -0.55157
vn 0 0.91487 -0.40375
vn -0 0.91487 -0.40374
vn -1E-05 0.91489 -0.40371
vn 0 -0.10956 -0.99398
vn 0 -0.10956 -0.99398
vn 0 -0.10956 -0.99398
vn 0 -0.10956 -0.99398
vn 0.92377 -0.04193 -0.38065
vn 0.92377 -0.04193 -0.38065
vn 0.92079 -0.12165 -0.37062
vn 0.71555 -0.66165 -0.22407
vn 0.75338 -0.6094 -0.24707
vn 0.80854 -0.5175 -0.28012
vn 0.88765 -0.31547 -0.33549
vn 0.85349 -0.41911 -0.30969
vn 0.92126 -0.11783 -0.37067
vn 0.83312 -0.46817 -0.29451
vn 0.89626 -0.28242 -0.34201
vn 0.91061 -0.20787 -0.35717
vn 0.35652 -0.93323 -0.04441
vn 0.6528 -0.73261 -0.19271
vn 0.4911 -0.86404 -0.11071
vn 0.12304 -0.99065 0.05888
vn 0.30486 -0.95212 -0.02298
vn 0.55567 -0.81953 -0.14004
vn 0.91267 0.00778 -0.40861
vn 0.82085 0.23802 -0.51919
vn 0.78333 0.29959 -0.54465
vn 0.83801 0.20476 -0.50578
vn 0.89986 0.05476 -0.43272
vn 0.88126 0.10694 -0.46038
vn 0.92377 -0.04194 -0.38065
vn 0.71379 0.39654 -0.57729
vn 0.47301 0.62408 -0.62192
vn 0.68162 0.43373 -0.58929
vn 0.51476 0.59185 -0.62027
vn 0.58648 0.53234 -0.61045
vn 0.32023 0.7182 -0.61777
vn 0.26845 0.74485 -0.61085
vn 0.38679 0.68133 -0.62143
vn 0.57485 -0.27826 -0.76949
vn 0.37515 -0.42835 -0.82206
vn 0.74418 -0.14161 -0.6528
vn 0.72052 -0.39935 -0.5669
vn 0.53153 -0.57556 -0.62146
vn 0.53152 -0.39141 -0.75119
vn 0.57486 -0.47124 -0.66893
vn 0.72051 -0.23581 -0.65212
vn 0.74418 -0.30866 -0.59238
vn 0.84312 -0.42163 -0.33374
vn 0.7834 -0.52275 -0.33618
vn 0.74419 -0.45388 -0.49008
vn 0.85681 -0.3221 -0.40266
vn 0.85886 -0.21838 -0.46333
vn 0.86437 -0.23236 -0.44595
vn 0.83512 -0.37377 -0.40358
vn 0.71656 -0.61596 -0.32732
vn 0.60939 -0.73908 -0.28705
vn 0.58622 -0.75181 -0.30186
vn 0.53153 -0.719 -0.44779
vn 0.72053 -0.53464 -0.44159
vn 0.57486 -0.63088 -0.52108
vn 0.73735 -0.55717 -0.38192
vn 0.72051 -0.05561 -0.69121
vn 0.53152 -0.17959 -0.82779
vn 0.37514 0.04917 -0.92566
vn 0.31308 0.17603 -0.93327
vn 0.57484 0.15167 -0.80409
vn 0.5315 0.26629 -0.80411
vn 0.57485 -0.06562 -0.81563
vn 0.37513 0.29141 -0.87998
vn 0.53151 0.04493 -0.84586
vn 0.14431 -0.07937 -0.98634
vn 0.37515 -0.19654 -0.90589
vn 0.31309 -0.07617 -0.94666
vn 0.3131 -0.32298 -0.89311
vn 0.12631 -0.5713 -0.81096
vn 0.12156 -0.56786 -0.8141
vn 0.31311 -0.54695 -0.77641
vn 0.37516 -0.62987 -0.68009
vn 0.10108 -0.13175 -0.98612
vn 0.13472 -0.33699 -0.93182
vn 0.11221 -0.3602 -0.9261
vn 0.10822 -0.74501 -0.65822
vn 0.31311 -0.73225 -0.60479
vn 0.13824 -0.76362 -0.63069
vn 0.37516 -0.78684 -0.49004
vn 0.07171 -0.99738 -0.00925
vn 0.38982 -0.89105 -0.2325
vn 0.31311 -0.86576 -0.39042
vn 0.44362 -0.86985 -0.21581
vn 0.14673 -0.90173 -0.40664
vn 0.09819 -0.88016 -0.4644
vn 0.16346 -0.97703 -0.13672
vn 0.09147 -0.96549 -0.24386
vn 0.26048 -0.9574 -0.12468
vn 0.09327 0.10464 -0.99013
vn 0.31308 0.41578 -0.85388
vn 0.37513 0.51302 -0.77207
vn 0.31837 0.61736 -0.71938
vn 0.15329 0.43261 -0.88845
vn 0.0888 0.33537 -0.93789
vn 0.1505 0.18323 -0.97148
vn 0.11243 0.80627 -0.58077
vn 0.1527 0.65153 -0.74309
vn 0.30794 0.62723 -0.71537
vn 0.34205 0.75035 -0.56566
vn 0.08394 0.73466 -0.67322
vn 0.116 0.81521 -0.56742
vn 0.12059 0.82363 -0.55416
vn 0.09259 0.72776 -0.67955
vn 0.0877 0.54717 -0.83241
vn -0 0.10509 -0.99446
vn 0 -0.13244 -0.99119
vn 0 -0.13244 -0.99119
vn -1E-05 0.33669 -0.94161
vn -0 0.10509 -0.99446
vn -2E-05 0.54929 -0.83563
vn -2E-05 0.54929 -0.83563
vn -2E-05 0.73089 -0.68249
vn -2E-05 0.7309 -0.68248
vn -2E-05 0.8114 -0.58449
vn -2E-05 0.81148 -0.58438
vn -2E-05 0.82068 -0.5714
vn -2E-05 0.82075 -0.57128
vn -2E-05 0.82974 -0.55816
vn -2E-05 0.82969 -0.55822
vn -0.08883 -0.36107 -0.9283
vn 2E-05 -0.57209 -0.82019
vn 2E-05 -0.5721 -0.82018
vn 1E-05 -0.3625 -0.93198
vn 1E-05 -0.36249 -0.93199
vn 2E-05 -0.74941 -0.66211
vn 2E-05 -0.74942 -0.6621
vn 3E-05 -0.88444 -0.46665
vn 2E-05 -0.88443 -0.46666
vn 3E-05 -0.96955 -0.24488
vn 3E-05 -0.96956 -0.24487
vn 3E-05 -0.99996 -0.00927
vn 3E-05 -0.99996 -0.00928
vn -0.08991 -0.74639 -0.65941
vn -0.31306 -0.80618 -0.50206
vn -0.09551 -0.88039 -0.46453
vn -0.14877 -0.8394 -0.52275
vn -0.31307 -0.64534 -0.69679
vn -0.31308 -0.43889 -0.84224
vn -0.53149 -0.65311 -0.53942
vn -0.37512 -0.53387 -0.7578
vn -0.15272 -0.67153 -0.72507
vn -0.08769 -0.56989 -0.81703
vn -0.37513 -0.71472 -0.59031
vn -0.15328 -0.45665 -0.87634
vn -0.31306 -0.91 -0.27184
vn -0.07166 -0.99739 -0.00925
vn -0.14144 -0.94853 -0.28335
vn -0.10443 -0.96425 -0.24353
vn -0.29264 -0.95482 -0.05172
vn -0.12432 -0.98884 -0.08214
vn -0.35325 -0.91567 -0.19173
vn -0.53149 -0.77218 -0.34821
vn -0.57483 -0.69459 -0.43257
vn -0.37511 -0.84503 -0.38107
vn -0.64672 -0.73412 -0.20692
vn -0.47806 -0.86692 -0.1411
vn -0.55906 -0.78085 -0.2788
vn -0.09333 -0.13186 -0.98687
vn -0.15045 -0.20962 -0.96614
vn -0.10118 0.10455 -0.98936
vn -0.14423 0.05247 -0.98815
vn -0.31309 0.05036 -0.94839
vn -0.10982 0.71365 -0.69184
vn -0.12646 0.54899 -0.8262
vn -0.3061 0.69676 -0.64871
vn -0.11235 0.33456 -0.93565
vn -0.12066 0.82367 -0.55409
vn -0.116 0.81513 -0.56755
vn -0.11249 0.80633 -0.58067
vn -0.09263 0.72775 -0.67956
vn -0.1214 0.54523 -0.82945
vn -0.56467 0.43266 -0.70281
vn -0.49909 0.56852 -0.65398
vn -0.53152 0.37081 -0.76157
vn -0.37515 0.17179 -0.91091
vn -0.35981 0.59014 -0.72268
vn -0.1346 0.31149 -0.94067
vn -0.31311 0.52561 -0.79101
vn -0.37516 0.4058 -0.83342
vn -0.3131 0.29854 -0.90158
vn -0.37514 -0.07437 -0.92398
vn -0.31309 -0.20138 -0.92813
vn -0.37514 -0.31526 -0.87171
vn -0.53151 -0.06796 -0.84432
vn -0.57484 -0.17352 -0.79966
vn -0.57484 -0.37814 -0.72566
vn -0.7205 -0.14705 -0.67768
vn -0.5315 -0.28809 -0.79656
vn -0.74417 -0.22719 -0.62817
vn -0.5315 -0.48785 -0.69247
vn -0.7205 -0.32046 -0.61497
vn -0.71707 -0.61594 -0.32624
vn -0.71309 -0.5951 -0.3706
vn -0.57483 -0.55603 -0.60034
vn -0.82163 -0.51361 -0.24724
vn -0.7205 -0.47122 -0.50876
vn -0.74416 -0.51504 -0.42538
vn -0.72694 -0.57107 -0.38136
vn -0.81537 -0.44638 -0.36867
vn -0.85056 -0.30289 -0.4299
vn -0.74417 -0.38473 -0.54608
vn -0.85598 -0.32229 -0.40427
vn -0.83099 -0.42411 -0.35997
vn -0.57484 0.04337 -0.81711
vn -0.72052 0.21797 -0.65829
vn -0.73018 0.24608 -0.63741
vn -0.57485 0.25721 -0.77678
vn -0.53151 0.15697 -0.83238
vn -0.67315 0.42115 -0.60787
vn -0.74417 -0.0536 -0.66583
vn -0.72051 0.03675 -0.69247
vn -0.83202 0.1028 -0.54513
vn -0.74418 0.12379 -0.65641
vn -0.75055 0.25377 -0.61015
vn -0.83628 0.20212 -0.50968
vn -0.85399 0.06925 -0.51566
vn -0.87488 -0.10814 -0.47212
vn -0.8692 -0.21675 -0.44442
vn -0.92231 -0.09765 -0.3739
vn -0.86708 -0.03999 -0.49656
vn -0.86417 -0.05485 -0.50021
vn -0.86326 -0.17169 -0.47467
vn 0.10346 -0.99242 0.06626
vn 2E-05 -0.83413 0.55157
vn -3E-05 0.99398 -0.10956
vn -3E-05 0.99398 -0.10956
vn 1E-05 -0.19769 -0.98026
vn 1E-05 -0.19769 -0.98026
vn 3E-05 -0.99398 0.10956
vn -0.06698 -0.99441 0.08166
vn -0.20289 -0.97891 0.02387
vn -0.10299 -0.99254 0.06525
vn -0.35826 -0.9325 -0.04588
vn -0.30467 -0.95217 -0.02326
vn -0.49114 -0.86404 -0.11049
vn 3E-05 -0.99398 0.10956
vn -0.92231 -0.09763 -0.37391
vn -0.91179 -0.20761 -0.3543
vn -0.91778 -0.15507 -0.36557
vn -0.88764 -0.31551 -0.33549
vn -0.85345 -0.41916 -0.30973
vn -0.87125 -0.37108 -0.32129
vn -0.52337 -0.84292 -0.12481
vn -0.80849 -0.51755 -0.28017
vn -0.75331 -0.60944 -0.24717
vn -0.78619 -0.55811 -0.26535
vn -0.65296 -0.7326 -0.19221
vn -0.66921 -0.71567 -0.19991
vn 2E-05 -0.83413 0.55157
vn -0.02206 0.82942 -0.55819
vn -0.10846 0.80579 -0.58218
vn -0.06639 0.81831 -0.57093
vn -0.11833 0.80287 -0.5843
vn -0.32044 0.71842 -0.6174
vn -0.19674 0.77571 -0.59964
vn -0.29727 0.72974 -0.61572
vn -0.51479 0.59183 -0.62026
vn -0.42553 0.6574 -0.62189
vn 0 -0.10956 -0.99398
vn -0 0.91491 -0.40365
vn 1E-05 0.91493 -0.40361
vn -0.92377 -0.04199 -0.38064
vn -0.71611 0.39375 -0.57633
vn -0.68166 0.4337 -0.58928
vn -0.58076 0.53758 -0.61133
vn -0.78333 0.29953 -0.54468
vn -0.91267 0.00774 -0.40862
vn -0.91316 0.00571 -0.40756
vn -0.88315 0.10202 -0.45786
vn -0.823 0.23398 -0.51762
vn -0.88127 0.10688 -0.46037
vn -0.92377 -0.04198 -0.38065
vn -0.83802 0.20471 -0.50578
vn -0.92377 -0.04198 -0.38065
vn -0.92377 -0.04198 -0.38065
vn -0.91768 -0.15562 -0.36558
vn 0 -0.10956 -0.99398
vn 0 -0.10956 -0.99398
vn 0 -0.10956 -0.99398
vn 0 -0.10956 -0.99398
vn 0 -0.10956 -0.99398
vn 0 -0.10956 -0.99398
vn 1E-05 -0.10956 -0.99398
vn -0 0.19769 0.98026
vn -1E-05 0.19769 0.98026
vn -1E-05 0.19769 0.98026
vn 0 0.19769 0.98026
vn 0.98145 -0.07736 -0.17539
vn 0.98145 -0.07737 -0.17539
vn -1E-05 0.19769 0.98026
vn -1E-05 0.19769 0.98026
vn -1E-05 0.19769 0.98026
vn -0 0.19769 0.98026
vn 0 -0.10956 -0.99398
vn 0 -0.10956 -0.99398
vn 0 -0.10956 -0.99398
vn 0 -0.10956 -0.99398
vn 0 -0.10956 -0.99398
vn 0 -0.10956 -0.99398
vn 0 -0.10956 -0.99398
vn 0 -0.10957 -0.99398
vn 3E-05 -0.91489 0.4037
vn 0 -0.10956 -0.99398
vn 1E-05 -0.10956 -0.99398
vn 0 -0.10957 -0.99398
vn 0 -0.10957 -0.99398
vn 0 -0.10957 -0.99398
vn 0 -0.10956 -0.99398
vn 0.91074 -0.41279 -0.01263
vn 0.90292 -0.42979 -0.00318
vn 0.95057 -0.30267 -0.06931
vn 0.98126 -0.09567 -0.16727
vn 0.97967 -0.13214 -0.15094
vn 0.97582 -0.17444 -0.1317
vn 0.96752 -0.22983 -0.10531
vn 0.98145 -0.07736 -0.17539
vn 0.98145 -0.07736 -0.17539
vn 0.97382 -0.19019 -0.12447
vn -3E-05 0.91489 -0.4037
vn 0.62809 -0.75262 0.19764
vn 0.42486 -0.85823 0.288
vn 0.44643 -0.85004 0.27953
vn 0.29307 -0.89626 0.33291
vn 0.78745 -0.60816 0.10032
vn 0.55793 -0.79664 0.23255
vn -3E-05 0.91489 -0.4037
vn 3E-05 -0.91489 0.4037
vn 2E-05 -0.91489 0.4037
vn -0.98145 0.07736 0.17539
vn 0.20202 -0.91122 0.35897
vn 0.26105 -0.9026 0.34229
vn 0.13759 -0.91671 0.37512
vn 0.08247 -0.91825 0.38733
vn 0.02743 -0.9167 0.39864
vn 0.08628 -0.91823 0.38654
vn -2E-05 0.91489 -0.40369
vn -3E-05 0.91489 -0.4037
vn 0 -0.10956 -0.99398
vn 0 -0.10956 -0.99398
vn 0.94131 -0.33315 -0.05423
vn 0.97786 -0.15534 -0.14021
vn 0.98145 -0.07736 -0.17539
vn 0.88162 -0.47153 0.02014
vn 0.97713 -0.16268 -0.13696
vn 0.94803 -0.3115 -0.06481
vn 0.77356 -0.62401 0.11051
vn 0.86599 -0.49883 0.03493
vn 0.63017 -0.75101 0.19717
vn 0.75114 -0.64814 0.12532
vn 0.46064 -0.8441 0.27443
vn 0.60204 -0.77009 0.21097
vn 0.27696 -0.89945 0.33805
vn 0.42859 -0.85693 0.28633
vn -3E-05 0.91489 -0.4037
vn 0.98145 -0.07736 -0.17539
vn 0.25164 -0.90419 0.34512
vn 0.0916 -0.91807 0.38569
vn -3E-05 0.91489 -0.4037
vn 3E-05 -0.91489 0.4037
vn 3E-05 -0.91489 0.4037
vn -0.98145 0.07736 0.17539
vn -0.98145 0.07736 0.17539
vn 0.08318 -0.91816 0.38739
vn -3E-05 0.91489 -0.4037
vn -1E-05 0.4037 0.91489
vn -3E-05 0.91489 -0.4037
vn -3E-05 0.91489 -0.4037
vn 3E-05 -0.91489 0.40369
vn -1E-05 0.4037 0.91489
vn 3E-05 -0.91489 0.4037
vn 3E-05 -0.91489 0.4037
vn -3E-05 0.91489 -0.4037
vn -3E-05 0.91489 -0.4037
vn -1E-05 0.4037 0.91489
vn -1E-05 0.4037 0.91489
vn 3E-05 -0.91489 0.4037
vn -1E-05 0.19769 0.98026
vn -1E-05 0.19769 0.98026
vn 3E-05 -0.91489 0.4037
vn 0 -0.10956 -0.99398
vn 0 -0.10956 -0.99398
vn 0 -0.10956 -0.99398
vn 0 -0.10956 -0.99398
vn 0 -0.10957 -0.99398
vn 0 -0.10957 -0.99398
vn 0 -0.10957 -0.99398
vn 0 -0.10956 -0.99398
vn 0 -0.10956 -0.99398
vn 0 -0.10956 -0.99398
vn 1E-05 -0.10956 -0.99398
vn 0 -0.10956 -0.99398
vn 0 -0.10956 -0.99398
vn 0 -0.10956 -0.99398
vn 0 -0.10956 -0.99398
vn 0 -0.10956 -0.99398
vn 0 -0.10957 -0.99398
vn -0.98145 -0.07742 -0.17539
vn -0.98145 -0.07742 -0.17539
vn 0 -0.10956 -0.99398
vn -2E-05 0.91489 -0.4037
vn 0 -0.10956 -0.99398
vn 0 -0.10956 -0.99398
vn 0 -0.10956 -0.99398
vn 0 -0.10956 -0.99398
vn -2E-05 0.91489 -0.4037
vn 0 -0.10956 -0.99398
vn 0 -0.10956 -0.99398
vn 0 -0.10956 -0.99398
vn 0 -0.10957 -0.99398
vn -2E-05 0.91489 -0.4037
vn -3E-05 0.9149 -0.40369
vn -0.97714 0.00858 -0.21242
vn -0.98145 -0.07742 -0.17539
vn 0.98145 0.07742 0.17539
vn -2E-05 0.91489 -0.4037
vn -3E-05 0.91489 -0.4037
vn -0.98145 -0.07742 -0.17539
vn -0.27358 -0.9003 0.33854
vn -0.40012 -0.86684 0.29748
vn 3E-05 -0.91489 0.4037
vn -0.09044 -0.91823 0.38558
vn -0.13869 -0.91665 0.37485
vn -0.23368 -0.90701 0.35032
vn -0.45522 -0.84649 0.27611
vn -0.62347 -0.75567 0.20062
vn -0.02433 -0.91653 0.39922
vn -0.07331 -0.91818 0.38933
vn -0.98145 -0.07741 -0.17539
vn -0.97752 -0.15852 -0.13902
vn -0.94522 -0.32078 -0.06053
vn -0.98125 -0.09581 -0.16723
vn -0.97965 -0.13245 -0.15083
vn -0.94889 -0.3085 -0.06663
vn -0.97642 -0.1693 -0.13395
vn -0.97162 -0.20574 -0.1167
vn -0.9639 -0.24829 -0.09623
vn -0.87568 -0.48222 0.02561
vn -0.89856 -0.43884 0.00213
vn 0.98145 0.07742 0.17539
vn 0.98145 0.07742 0.17539
vn -0.14917 0.89251 -0.42565
vn -0.10584 0.90116 -0.42036
vn -3E-05 0.91489 -0.4037
vn -0.0209 0.91304 -0.40734
vn -0.08303 0.90495 -0.41733
vn -3E-05 0.91489 -0.4037
vn -0.0632 0.90796 -0.41427
vn 3E-05 -0.91489 0.4037
vn -0.97387 0.03789 -0.22393
vn -0.75113 0.53009 -0.39346
vn -0.86579 0.36231 -0.34516
vn -0.90757 0.27742 -0.31521
vn -0.94119 0.18469 -0.28293
vn -0.60169 0.67525 -0.42662
vn -0.76332 0.51505 -0.38995
vn -0.19276 0.88187 -0.43029
vn -0.57969 0.69267 -0.42913
vn 3E-05 -0.91489 0.4037
vn -0.42494 0.7911 -0.43999
vn -0.42811 0.7894 -0.43997
vn -0.25126 0.86446 -0.4354
vn -0.31713 0.84084 -0.43865
vn -0.24371 0.86693 -0.4348
vn -0.98145 -0.07741 -0.17539
vn 0.79213 -0.60263 0.09675
vn 0.66515 -0.72518 0.17802
vn 0.98145 -0.07736 -0.17539
vn 0.98146 -0.07736 -0.17539
vn 0 -0.59084 -0.80679
vn 1E-05 -0.59084 -0.80679
vn 1E-05 -0.59084 -0.80679
vn 3E-05 -0.59084 -0.80679
vn 6E-05 -0.59084 -0.80679
vn 2E-05 -0.59084 -0.80679
vn 4E-05 -0.59084 -0.80679
vn -3E-05 -0.59085 -0.80678
vn -0.98146 0.07736 0.17538
vn 2E-05 -0.59084 -0.80679
vn 2E-05 -0.59084 -0.80679
vn 4E-05 -0.80682 0.5908
vn 4E-05 -0.80684 0.59077
vn 0 -0.80677 0.59087
vn 2E-05 -0.80679 0.59084
vn 1 1E-05 -0
vn 1 7E-05 3E-05
vn 1 0 -2E-05
vn 1 -0.00014 -0.00018
vn 1 -0.0002 -0.00026
vn 2E-05 -0.80678 0.59085
vn 1 2E-05 0
vn 2E-05 -0.80679 0.59084
vn 2E-05 -0.80678 0.59085
vn 2E-05 -0.80679 0.59084
vn 1 3E-05 0
vn 1 3E-05 -0
vn 0.98145 -0.07736 -0.17539
vn -1 -3E-05 0
vn -2E-05 0.80679 -0.59084
vn 1 3E-05 -0
vn 1 2E-05 0
vn 1 5E-05 -0
vn 1 3E-05 -0
vn 1 3E-05 -0
vn 1 2E-05 0
vn 1 5E-05 -1E-05
vn 1 2E-05 0
vn -2E-05 0.80679 -0.59084
vn -2E-05 0.80679 -0.59084
vn 1 3E-05 -0
vn -1 -3E-05 -0
vn -1 -3E-05 -0
vn -1 -3E-05 -0
vn -1 -3E-05 0
vn -1 -3E-05 -0
vn -1 -3E-05 0
vn -1 -3E-05 0
vn -2E-05 0.80679 -0.59084
vn -0.98145 0.07736 0.17539
vn -2E-05 0.59084 0.80679
vn -3E-05 0.91489 -0.4037
vn -3E-05 0.91489 -0.40369
vn 1 2E-05 1E-05
vn 1 3E-05 -1E-05
vn 1 3E-05 -0
vn 1 3E-05 -1E-05
vn 1 3E-05 -0
vn 1 2E-05 1E-05
vn 1 -0 3E-05
vn -1 -3E-05 -0
vn -1 -3E-05 -0
vn -1 -3E-05 -0
vn -1 -3E-05 -0
vn 1 3E-05 0
vn 2E-05 -0.80679 0.59084
vn 2E-05 -0.80679 0.59084
vn -1 -3E-05 0
vn -1 -3E-05 0
vn -1 -3E-05 0
vn -1 -3E-05 -0
vn -1 -2E-05 -1E-05
vn -1 -3E-05 0
vn -1 -3E-05 -0
vn -1 -2E-05 -1E-05
vn -0 0.14823 0.98895
vn -1E-05 0.3806 0.92474
vn -0 0.14824 0.98895
vn 1E-05 -0.32834 0.94456
vn 0 -0.09274 0.99569
vn 0 -0.09274 0.99569
vn -1 -2E-05 -0
vn -1 -3E-05 -0
vn -1 -3E-05 -0
vn -1 -2E-05 -0
vn -2E-05 0.89811 0.43976
vn -2E-05 0.59084 0.80679
vn -3E-05 0.97725 0.21209
vn -2E-05 0.76674 0.64195
vn -2E-05 0.72967 -0.68379
vn -2E-05 0.7297 -0.68377
vn -3E-05 0.96389 -0.26632
vn -3E-05 0.99961 -0.02792
vn -3E-05 0.99961 -0.02797
vn -3E-05 0.96387 -0.26637
vn -2E-05 0.87212 -0.4893
vn 2E-05 -0.72969 0.68377
vn 2E-05 -0.54484 0.83854
vn 2E-05 -0.87213 0.48928
vn 2E-05 -0.54483 0.83855
vn 2E-05 -0.72968 0.68379
vn 3E-05 -0.96388 0.26635
vn 3E-05 -0.96387 0.26637
vn 2E-05 -0.99961 0.02797
vn 2E-05 -0.97725 -0.21209
vn 3E-05 -0.99961 0.02792
vn 2E-05 -0.8981 -0.4398
vn 2E-05 -0.89811 -0.43977
vn 2E-05 -0.76674 -0.64195
vn -1 -3E-05 0
vn -1 -3E-05 1E-05
vn -1 -3E-05 1E-05
vn -1 -3E-05 4E-05
vn -1 -3E-05 -3E-05
vn -2E-05 0.7996 0.60053
vn -2E-05 0.66708 0.74499
vn -1 -3E-05 0
vn -2E-05 0.7996 0.60053
vn -1E-05 0.50892 0.86082
vn -1E-05 0.50892 0.86081
vn 1 1E-05 -1E-05
vn 1 -1E-05 -2E-05
vn 1 3E-05 1E-05
vn 1 1E-05 -1E-05
vn 1 0.00016 8E-05
vn 1 7E-05 3E-05
vn 1 2E-05 -0
vn 1 6E-05 2E-05
vn 1 5E-05 2E-05
vn 1 3E-05 0
vn 1 2E-05 -0
vn 1 6E-05 2E-05
vn 1 3E-05 -0
vn 1 1E-05 -1E-05
vn 1 3E-05 3E-05
vn 1 3E-05 -0
vn 1 3E-05 -0
vn 1 3E-05 1E-05
vn 1 3E-05 -4E-05
vn 0 -0.09274 0.99569
vn 1E-05 -0.32834 0.94456
vn -0 0.14824 0.98895
vn -0 0.14823 0.98895
vn 3E-05 -0.96389 0.26632
vn 2E-05 -0.87211 0.48931
vn 2E-05 -0.54484 0.83854
vn 2E-05 -0.7297 0.68377
vn 2E-05 -0.72966 0.68381
vn 2E-05 -0.54485 0.83853
vn 2E-05 -0.59084 -0.80679
vn 1 3E-05 0
vn 1 4E-05 -1E-05
vn 1 2E-05 1E-05
vn 1E-05 -0.3806 -0.92474
vn 1 3E-05 -1E-05
vn 1E-05 -0.59085 -0.80678
vn 1 3E-05 -0
vn 1 2E-05 0
vn 1 2E-05 0
vn 1 3E-05 -1E-05
vn 1 2E-05 -0
vn -2E-05 0.59085 0.80678
vn 1 3E-05 -0
vn -2E-05 0.54484 -0.83854
vn -2E-05 0.54485 -0.83853
vn -1E-05 0.32833 -0.94456
vn 0 -0.14823 -0.98895
vn 0 -0.14824 -0.98895
vn -0 0.09274 -0.99569
vn -1 -2E-05 0
vn -1 -3E-05 -0
vn -1 -3E-05 -0
vn -1 -3E-05 -0
vn -1 -2E-05 -1E-05
vn -1 -5E-05 1E-05
vn -1 -3E-05 -2E-05
vn -3E-05 0.76676 0.64194
vn -3E-05 0.89809 0.4398
vn -2E-05 0.76675 0.64195
vn -1 -3E-05 0
vn -1 -3E-05 -3E-05
vn -2E-05 0.8981 0.43979
vn -1 -2E-05 2E-05
vn -1 -3E-05 -1E-05
vn -1 -3E-05 0
vn -1 -2E-05 -1E-05
vn -1 -3E-05 -0
vn -1 -2E-05 -1E-05
vn -1 -2E-05 -1E-05
vn -1 -3E-05 -0
vn -1E-05 0.59084 0.80679
vn -2E-05 0.76675 0.64195
vn -2E-05 0.8981 0.4398
vn -2E-05 0.89811 0.43977
vn -2E-05 0.97725 0.21209
vn -2E-05 0.59085 0.80678
vn -1E-05 0.3806 0.92474
vn -1 -3E-05 1E-05
vn -1 -6E-05 -2E-05
vn -1 -2E-05 0
vn -1 -1E-05 1E-05
vn -1 -3E-05 0
vn -1 -3E-05 0
vn -1 -3E-05 -0
vn -1 -3E-05 1E-05
vn -1 -3E-05 0
vn -3E-05 0.90139 0.433
vn -3E-05 0.96855 0.24883
vn -3E-05 0.96386 -0.2664
vn -2E-05 0.54485 -0.83853
vn -1E-05 0.54488 -0.83852
vn -2E-05 0.72966 -0.68381
vn -2E-05 0.72969 -0.68378
vn -2E-05 0.87213 -0.48927
vn -0 0.09276 -0.99569
vn -1E-05 0.32833 -0.94456
vn -1E-05 0.32831 -0.94457
vn 3E-05 -0.97725 -0.21209
vn 2E-05 -0.89811 -0.43977
vn 3E-05 -0.89809 -0.43981
vn 3E-05 -0.99961 0.02792
vn 3E-05 -0.99961 0.02797
vn 1E-05 -0.38058 -0.92475
vn 0 -0.14824 -0.98895
vn 1E-05 -0.3806 -0.92474
vn 3E-05 -0.76675 -0.64195
vn 2E-05 -0.59086 -0.80677
vn 2E-05 -0.59084 -0.80679
vn 1 2E-05 0
vn -3E-05 0.99961 -0.02796
vn -2E-05 0.99961 -0.02793
vn 1 3E-05 -0
vn 1 3E-05 0
vn 1 3E-05 -0
vn 1 2E-05 1E-05
vn -3E-05 0.97725 0.21208
vn 1 3E-05 -1E-05
vn -3E-05 0.97725 0.21209
vn 1 3E-05 -1E-05
vn -3E-05 0.96387 -0.26637
vn 1 3E-05 0
vn -2E-05 0.96388 -0.26635
vn -1 -2E-05 -1E-05
vn -1 -1E-05 -3E-05
vn -1 -3E-05 0
vn -1 -5E-05 1E-05
vn -1 -3E-05 5E-05
vn -1 -3E-05 1E-05
vn -1 -3E-05 1E-05
vn -1 -2E-05 0
vn 1 -3E-05 -1E-05
vn 1 -4E-05 2E-05
vn 1 2E-05 0
vn 1 2E-05 0
vn 1 3E-05 0
vn 1 6E-05 -1E-05
vn 1 3E-05 -0
vn 1 3E-05 -0
vn 1 2E-05 0
vn 1 8E-05 -1E-05
vn 1 3E-05 0
vn 1 1E-05 -0
vn 1 6E-05 1E-05
vn -2E-05 0.76676 0.64194
vn -1E-05 0.38061 0.92473
vn -3E-05 0.97725 0.21209
vn -3E-05 0.8981 0.43979
vn -2E-05 0.99961 -0.02792
vn -2E-05 0.97726 0.21204
vn -2E-05 0.89809 0.43981
vn -2E-05 0.72968 -0.68379
vn 1 3E-05 0
vn -3E-05 0.87212 -0.48929
vn 1 2E-05 -0
vn 1 2E-05 -0
vn 1 6E-05 2E-05
vn -3E-05 0.87212 -0.48928
vn 1 3E-05 0
vn -2E-05 0.72969 -0.68378
vn 1 1E-05 -1E-05
vn 1 4E-05 3E-05
vn 1 2E-05 -0
vn 1 3E-05 -0
vn 1 3E-05 -1E-05
vn 3E-05 -0.99961 0.02798
vn 3E-05 -0.99961 0.02792
vn 1 1E-05 -3E-05
vn 1 2E-05 -1E-05
vn -1 -2E-05 -0
vn -0 0.14822 0.98895
vn 1E-05 -0.32833 0.94456
vn 0 -0.09274 0.99569
vn 0 -0.09274 0.99569
vn 2E-05 -0.72967 0.68379
vn 3E-05 -0.96387 0.26636
vn 2E-05 -0.87211 0.48931
vn 3E-05 -0.96389 0.26631
vn -1 -2E-05 0
vn -1 -5E-05 -2E-05
vn -1 -4E-05 -4E-05
vn -1 -2E-05 1E-05
vn -1 -4E-05 -3E-05
vn -1 0 2E-05
vn -1 -3E-05 -1E-05
vn -1 -3E-05 -0
vn -1 -3E-05 -0
vn -1 -3E-05 0
vn -1 -4E-05 -2E-05
vn -1 -1E-05 5E-05
vn -2E-05 0.96387 -0.26637
vn -2E-05 0.99961 -0.02792
vn -1 -3E-05 0
vn -1 -5E-05 -3E-05
vn -1 -5E-05 -2E-05
vn -1 -3E-05 -0
vn -1 -2E-05 -0
vn -1 -2E-05 0
vn -3E-05 0.99848 0.05509
vn -3E-05 0.99004 -0.14076
vn -3E-05 0.99004 -0.14076
vn -1 -2E-05 -0
vn -1 -3E-05 0
vn -1 -3E-05 0
vn -1 -3E-05 0
vn -1 -2E-05 -1E-05
vn -1 -3E-05 0
vn -1 -2E-05 5E-05
vn -1 -3E-05 0
vn -1 -3E-05 -3E-05
vn -2E-05 0.94356 -0.33121
vn -3E-05 0.94356 -0.3312
vn 1 2E-05 -0
vn 1 1E-05 -1E-05
vn 1 6E-05 2E-05
vn 1 3E-05 0
vn 1 2E-05 -1E-05
vn 1 2E-05 -0
vn 1 1E-05 -2E-05
vn 1 4E-05 2E-05
vn 1 3E-05 0
vn -3E-05 0.96387 -0.26636
vn -2E-05 0.96386 -0.26639
vn -2E-05 0.87213 -0.48928
vn -2E-05 0.72971 -0.68376
vn -1E-05 0.54485 -0.83853
vn -2E-05 0.72969 -0.68377
vn -1E-05 0.54484 -0.83854
vn -0 0.09275 -0.99569
vn -1E-05 0.32832 -0.94457
vn -0 0.09276 -0.99569
vn -1 -3E-05 0
vn -1 -2E-05 0
vn 1 1E-05 3E-05
vn 1 2E-05 1E-05
vn 1 3E-05 0
vn 1 3E-05 -1E-05
vn 1 3E-05 -0
vn 1 5E-05 -4E-05
vn 1 0 4E-05
vn 1 2E-05 1E-05
vn 1 3E-05 -1E-05
vn 3E-05 -0.97725 -0.21209
vn 2E-05 -0.59085 -0.80678
vn 2E-05 -0.59087 -0.80677
vn 3E-05 -0.76674 -0.64196
vn -1 -5E-05 4E-05
vn -1 -1E-05 -3E-05
vn -1 -4E-05 1E-05
vn -1 -1E-05 -4E-05
vn -1 -2E-05 -1E-05
vn -1 -5E-05 0
vn -1 -3E-05 0
vn -1 -3E-05 0
vn -1 -2E-05 1E-05
vn 2E-05 -0.62638 0.77952
vn 1 2E-05 -0
vn 1 2E-05 -0
vn 1 5E-05 3E-05
vn 1 4E-05 2E-05
vn 1 -2E-05 -4E-05
vn 1 3E-05 0
vn 1 3E-05 -0
vn 1 3E-05 -0
vn -1 -3E-05 0
vn 1E-05 -0.4815 0.87645
vn 1E-05 -0.48149 0.87645
vn -1 -2E-05 2E-05
vn -1E-05 0.433 -0.90139
vn -1 -3E-05 0
vn -1 -3E-05 0
vn -1 -3E-05 -1E-05
vn -1 -4E-05 -4E-05
vn -1 0 4E-05
vn -1 -4E-05 -2E-05
vn -1 -5E-05 -3E-05
vn -2E-05 0.86081 -0.50892
vn -2E-05 0.74499 -0.66708
vn -2E-05 0.74499 -0.66707
vn -2E-05 0.86081 -0.50892
vn -1 -6E-05 1E-05
vn -1 -3E-05 0
vn 2E-05 -0.75222 0.65891
vn 2E-05 -0.62637 0.77952
vn -1 -3E-05 0
vn -1 -2E-05 0
vn -1 -3E-05 0
vn -1 -3E-05 0
vn -2E-05 0.60053 -0.7996
vn -1 -3E-05 -0
vn 1 3E-05 -1E-05
vn 1 3E-05 -1E-05
vn 1 3E-05 2E-05
vn 1 4E-05 5E-05
vn 1 2E-05 -3E-05
vn 1 3E-05 0
vn 1 2E-05 -3E-05
vn 1 4E-05 3E-05
vn 1 3E-05 2E-05
vn 1 3E-05 -1E-05
vn 1 4E-05 3E-05
vn 1 1E-05 -6E-05
vn 1 2E-05 -0
vn 1 3E-05 -0
vn 1 5E-05 1E-05
vn 1 3E-05 0
vn -2E-05 0.8981 0.43978
vn -2E-05 0.76676 0.64194
vn -2E-05 0.76675 0.64195
vn -2E-05 0.8981 0.4398
vn -1E-05 0.38061 0.92473
vn -0 0.14822 0.98895
vn -0 0.14822 0.98895
vn -3E-05 0.97725 0.21209
vn -2E-05 0.96386 -0.2664
vn -3E-05 0.96388 -0.26633
vn -2E-05 0.87213 -0.48928
vn -2E-05 0.7297 -0.68377
vn -2E-05 0.72967 -0.6838
vn -2E-05 0.54484 -0.83854
vn 0 -0.14824 -0.98895
vn 0 -0.14823 -0.98895
vn -0 0.09274 -0.99569
vn -1E-05 0.32834 -0.94456
vn 1 3E-05 0
vn 1 2E-05 -0
vn 1 4E-05 0
vn 1 4E-05 -1E-05
vn 1 3E-05 -1E-05
vn 1 2E-05 2E-05
vn 1 3E-05 1E-05
vn 1 2E-05 1E-05
vn 1 1E-05 3E-05
vn 1 2E-05 1E-05
vn 1 6E-05 -5E-05
vn 1 4E-05 -1E-05
vn 1 3E-05 -0
vn 1 3E-05 0
vn 1 3E-05 2E-05
vn -1E-05 0.38059 0.92475
vn 1 3E-05 -4E-05
vn 1 3E-05 1E-05
vn -1 -2E-05 0
vn -1 -3E-05 -0
vn -1 -2E-05 -0
vn 2E-05 -0.87213 0.48927
vn 2E-05 -0.72969 0.68377
vn 1E-05 -0.32833 0.94456
vn 2E-05 -0.54484 0.83854
vn 3E-05 -0.96388 0.26635
vn 3E-05 -0.96387 0.26638
vn -1 -1E-05 2E-05
vn -1 -4E-05 -3E-05
vn -1 -6E-05 -2E-05
vn -1 -3E-05 -0
vn -1 -4E-05 -1E-05
vn -1 -3E-05 -0
vn -1 -1E-05 5E-05
vn 2E-05 -0.97725 -0.21209
vn 2E-05 -0.8981 -0.43978
vn 3E-05 -0.99961 0.02792
vn 2E-05 -0.99961 0.02797
vn 1E-05 -0.3806 -0.92474
vn 2E-05 -0.76676 -0.64194
vn 2E-05 -0.76676 -0.64193
vn 1E-05 -0.59084 -0.80679
vn -1 -3E-05 0
vn -1 -2E-05 -1E-05
vn -1 -3E-05 1E-05
vn -1 -5E-05 4E-05
vn -1 -4E-05 1E-05
vn -1 -3E-05 -0
vn -1 -0 -4E-05
vn -1 -3E-05 1E-05
vn -1 0 -3E-05
vn -1 -3E-05 0
vn -1 -3E-05 -0
vn -0 0.14076 0.99004
vn -1 -7E-05 2E-05
vn -1 -7E-05 -1E-05
vn -1 -1E-05 1E-05
vn -1E-05 0.3312 0.94356
vn -0 0.14076 0.99004
vn -1 -3E-05 -0
vn -1 -3E-05 -2E-05
vn -1 -2E-05 2E-05
vn -1 -3E-05 0
vn -1 -4E-05 -3E-05
vn -1 -3E-05 1E-05
vn -1 -2E-05 5E-05
vn -1 -3E-05 -0
vn -1 -5E-05 -1E-05
vn -1 -2E-05 0
vn -1 -2E-05 -0
vn 0 -0.05509 0.99848
vn -1 -2E-05 -0
vn -1 -1E-05 1E-05
vn -1 -2E-05 -0
vn 1E-05 -0.24883 0.96855
vn 0 -0.05509 0.99848
vn 1E-05 -0.24883 0.96855
vn 1E-05 -0.32834 0.94456
vn 1 3E-05 -0
vn 1 3E-05 0
vn 1 2E-05 -0
vn 1 2E-05 0
vn 1 2E-05 -0
vn -0 0.14823 0.98895
vn 0 -0.09275 0.99569
vn 1E-05 -0.32833 0.94456
vn -1E-05 0.3806 0.92474
vn -1E-05 0.3806 0.92474
vn -1E-05 0.59084 0.80679
vn -1 -4E-05 1E-05
vn -1 -4E-05 1E-05
vn -1 -3E-05 -0
vn -1 -6E-05 5E-05
vn -1 -2E-05 -0
vn -1 1E-05 -3E-05
vn -0 0.14823 0.98895
vn -1 -3E-05 -0
vn 1 3E-05 -1E-05
vn 1 3E-05 -0
vn 1 3E-05 0
vn 1 3E-05 0
vn 2E-05 -0.72969 0.68378
vn 1 3E-05 1E-05
vn 1 2E-05 -1E-05
vn 1 3E-05 1E-05
vn 2E-05 -0.72969 0.68378
vn 1 2E-05 -1E-05
vn 2E-05 -0.54484 0.83854
vn -2E-05 0.89808 0.43983
vn -2E-05 0.76675 0.64195
vn -2E-05 0.59084 0.80679
vn -2E-05 0.97725 0.21209
vn -3E-05 0.76674 0.64195
vn -2E-05 0.59086 0.80677
vn -3E-05 0.8981 0.43978
vn -2E-05 0.87212 -0.48929
vn -3E-05 0.96387 -0.26638
vn -3E-05 0.99961 -0.02799
vn -2E-05 0.99961 -0.02792
vn -2E-05 0.96389 -0.26632
vn -2E-05 0.54484 -0.83854
vn -1 -5E-05 -1E-05
vn -1 -3E-05 -0
vn 1E-05 -0.54485 0.83854
vn -1 -3E-05 -0
vn -1 -2E-05 -0
vn -1 -3E-05 -0
vn -1 -3E-05 -1E-05
vn -1 -2E-05 1E-05
vn -1 -2E-05 1E-05
vn -1 -3E-05 -1E-05
vn -1 -2E-05 1E-05
vn -1 -3E-05 -0
vn -1 -3E-05 0
vn -1 -3E-05 -0
vn 1 2E-05 -0
vn 1 3E-05 0
vn 1 3E-05 1E-05
vn 1 3E-05 -0
vn 1 2E-05 -0
vn 1 3E-05 0
vn 2E-05 -0.87212 0.4893
vn -1 -3E-05 -0
vn -1 -2E-05 0
vn -1 -3E-05 -0
vn -1 -3E-05 -0
vn 3E-05 -0.87212 0.48929
vn 1 3E-05 0
vn 1 2E-05 1E-05
vn 1 3E-05 0
vn 3E-05 -0.96387 0.26637
vn 3E-05 -0.96388 0.26635
vn 3E-05 -0.99961 0.02794
vn 3E-05 -0.99961 0.02795
vn 1 2E-05 -2E-05
vn 1 3E-05 -1E-05
vn 1 3E-05 1E-05
vn 1 3E-05 -0
vn 1 3E-05 1E-05
vn 1 3E-05 -0
vn 1 3E-05 -1E-05
vn 1 2E-05 -1E-05
vn 1 3E-05 -0
vn -0 0.14824 0.98895
vn 0 -0.09274 0.99569
vn 1E-05 -0.32833 0.94456
vn -1E-05 0.3806 0.92474
vn 2E-05 -0.87212 0.48929
vn 1E-05 -0.54487 0.83852
vn 1E-05 -0.32831 0.94457
vn 2E-05 -0.72967 0.6838
vn -1 -5E-05 -1E-05
vn -1 -1E-05 3E-05
vn -1 -3E-05 -1E-05
vn -1 -3E-05 -0
vn -1 -3E-05 -0
vn -1 -3E-05 -0
vn -2E-05 0.85521 -0.51828
vn -1 -4E-05 -2E-05
vn -2E-05 0.85521 -0.51828
vn -1 -3E-05 -0
vn -1 -2E-05 -0
vn 2E-05 -0.60053 0.7996
vn 1E-05 -0.433 0.90139
vn 2E-05 -0.74499 0.66708
vn -1 -2E-05 1E-05
vn -1 -3E-05 -0
vn 2E-05 -0.86082 0.50892
vn -1 -3E-05 1E-05
vn -1 -3E-05 -0
vn -1 -3E-05 -0
vn -1 -3E-05 0
vn 1 3E-05 0
vn 1 3E-05 2E-05
vn -0 0.09274 -0.99569
vn -1E-05 0.32833 -0.94456
vn 0 -0.14824 -0.98895
vn 0 -0.14823 -0.98895
vn 3E-05 -0.99961 0.02792
vn 2E-05 -0.89811 -0.43978
vn 2E-05 -0.89811 -0.43976
vn 2E-05 -0.76674 -0.64195
vn 1E-05 -0.59084 -0.80679
vn -1 -3E-05 -0
vn -1 -3E-05 0
vn -1 -2E-05 -1E-05
vn -1 -3E-05 1E-05
vn -1 -3E-05 1E-05
vn -1 -3E-05 0
vn 1 2E-05 1E-05
vn 1 2E-05 1E-05
vn 1 2E-05 0
vn 1 3E-05 0
vn 1 2E-05 0
vn 1 5E-05 -0
vn 1 6E-05 -1E-05
vn 1 2E-05 -0
vn 1 3E-05 0
vn 1E-05 -0.32834 0.94456
vn 1 2E-05 -2E-05
vn 1 3E-05 1E-05
vn 1 2E-05 -1E-05
vn 1 3E-05 0
vn -1 -3E-05 -0
vn -1 -2E-05 -0
vn -1 -2E-05 -0
vn -1 -2E-05 -0
vn -1 -5E-05 1E-05
vn -1 -3E-05 0
vn -1 -3E-05 0
vn -1E-05 0.59087 0.80677
vn -1E-05 0.3806 0.92474
vn -2E-05 0.76676 0.64194
vn -1E-05 0.38058 0.92475
vn -3E-05 0.76675 0.64195
vn 1E-05 -0.32833 0.94456
vn -1 -3E-05 1E-05
vn -1 -3E-05 2E-05
vn -1 -3E-05 1E-05
vn -1 -3E-05 0
vn -1 -5E-05 -2E-05
vn -3E-05 0.9809 -0.19452
vn -3E-05 0.9809 -0.19452
vn 3E-05 -0.94356 0.33121
vn 3E-05 -0.94356 0.33121
vn -1 -3E-05 0
vn -3E-05 0.93222 -0.3619
vn -1 -2E-05 -0
vn -3E-05 0.93222 -0.3619
vn -1 -3E-05 -0
vn -1 -3E-05 -0
vn -1 -1E-05 2E-05
vn -1 -3E-05 -0
vn -1 -3E-05 -1E-05
vn -1 -4E-05 -2E-05
vn -1 -3E-05 0
vn -3E-05 0.99977 -0.02124
vn -1 -3E-05 0
vn -3E-05 0.99977 -0.02124
vn 3E-05 -0.99004 0.14076
vn 3E-05 -0.99004 0.14077
vn 1 3E-05 0
vn 1 3E-05 0
vn 1 3E-05 0
vn 1 2E-05 -0
vn 1 5E-05 0
vn 1 4E-05 -0
vn 1 3E-05 0
vn 1 2E-05 0
vn -1E-05 0.32833 -0.94456
vn 1 0 -1E-05
vn 1 2E-05 -0
vn 0 -0.14823 -0.98895
vn 1 2E-05 -0
vn 1 3E-05 -0
vn 0 -0.14823 -0.98895
vn -1 -2E-05 1E-05
vn -1 -2E-05 -1E-05
vn -1E-05 0.32834 -0.94456
vn -1 -3E-05 -1E-05
vn -1 -3E-05 0
vn -1 -0.0001 0
vn -1E-05 0.54485 -0.83854
vn -2E-05 0.54484 -0.83854
vn -1 -3E-05 -0
vn -1 -2E-05 -0
vn -1 -3E-05 -0
vn -1 -7E-05 -1E-05
vn -1 -3E-05 -0
vn -1 -2E-05 -0
vn -1 -2E-05 -0
vn -1 1E-05 2E-05
vn 1 3E-05 -2E-05
vn 1 3E-05 -1E-05
vn 1 3E-05 -0
vn 1 3E-05 1E-05
vn 1 3E-05 0
vn 1 3E-05 -1E-05
vn 1 3E-05 -3E-05
vn 1 3E-05 3E-05
vn 2E-05 -0.76675 -0.64194
vn 2E-05 -0.76676 -0.64194
vn 2E-05 -0.8981 -0.43979
vn 3E-05 -0.8981 -0.4398
vn 3E-05 -0.97725 -0.2121
vn 2E-05 -0.97725 -0.21208
vn 1 1E-05 2E-05
vn 1 3E-05 -0
vn 1 3E-05 -0
vn 1 5E-05 -1E-05
vn 1 2E-05 0
vn 1 3E-05 -0
vn 1 2E-05 1E-05
vn 1 3E-05 -0
vn 1 3E-05 0
vn 1 4E-05 -1E-05
vn 1 3E-05 0
vn 1 3E-05 -0
vn 1 2E-05 -0
vn 0 -0.09273 0.99569
vn -2E-05 0.59083 0.80679
vn -1E-05 0.59083 0.8068
vn 2E-05 -0.54484 0.83854
vn 2E-05 -0.72971 0.68376
vn 2E-05 -0.72967 0.6838
vn 2E-05 -0.96387 0.26639
vn 2E-05 -0.87212 0.48929
vn -1 -3E-05 0
vn -1 -3E-05 1E-05
vn 1E-05 -0.3806 -0.92474
vn -1 -3E-05 -0
vn 1E-05 -0.59084 -0.80679
vn -1 -2E-05 -0
vn -1 -3E-05 -0
vn -1 -3E-05 -0
vn -1 -2E-05 -1E-05
vn -1 -2E-05 -1E-05
vn -1 -5E-05 2E-05
vn -1 -2E-05 -1E-05
vn -1 -2E-05 -1E-05
vn -3E-05 0.99961 -0.02799
vn -2E-05 0.97725 0.21211
vn -2E-05 0.8981 0.43978
vn -2E-05 0.76675 0.64195
vn -2E-05 0.99961 -0.02792
vn 1 2E-05 -3E-05
vn 1 3E-05 0
vn 1 4E-05 3E-05
vn 1 3E-05 1E-05
vn 1 3E-05 -1E-05
vn 1 3E-05 -1E-05
vn 1 3E-05 0
vn -2E-05 0.76676 0.64193
vn 0 -0.09276 0.99569
vn -2E-05 0.59083 0.8068
vn -1E-05 0.59084 0.80679
vn 2E-05 -0.7297 0.68377
vn 1E-05 -0.32832 0.94457
vn 3E-05 -0.96388 0.26632
vn 2E-05 -0.96387 0.26637
vn 3E-05 -0.99961 0.02794
vn -1E-05 0.32834 -0.94456
vn -2E-05 0.72967 -0.6838
vn -2E-05 0.72968 -0.68379
vn -2E-05 0.87213 -0.48927
vn 2E-05 -0.89811 -0.43977
vn 2E-05 -0.8981 -0.43978
vn 1E-05 -0.59085 -0.80678
vn 2E-05 -0.76675 -0.64195
vn 1E-05 -0.38061 -0.92474
vn 1 5E-05 -0
vn 1 1E-05 -1E-05
vn 1 2E-05 0
vn 1 3E-05 -0
vn 1 3E-05 -0
vn 1 2E-05 -0
vn 1 2E-05 1E-05
vn -1 -1E-05 -0
vn -1 -3E-05 0
vn 1 3E-05 -0
vn 1 3E-05 -0
vn 1 2E-05 0
vn 1 3E-05 -0
vn 1 3E-05 -0
vn -0 0.02124 0.99977
vn -1 -2E-05 -0
vn -0 0.09273 -0.99569
vn -0 0.09273 -0.99569
vn -1E-05 0.32835 -0.94456
vn 0 -0.14823 -0.98895
vn 2E-05 -0.76675 -0.64195
vn 2E-05 -0.59083 -0.8068
vn 2E-05 -0.76676 -0.64194
vn 1 2E-05 1E-05
vn 1 3E-05 -0
vn 1 3E-05 -0
vn 1 2E-05 0
vn 1 3E-05 -0
vn -2E-05 0.72966 -0.68381
vn -3E-05 0.96387 -0.26639
vn -2E-05 0.96388 -0.26632
vn -2E-05 0.87213 -0.48928
vn -2E-05 0.72969 -0.68377
vn -1 -4E-05 -3E-05
vn -1 -3E-05 0
vn -1 -3E-05 0
vn -1 -3E-05 1E-05
vn -1 -3E-05 1E-05
vn -1 -3E-05 -0
vn -1 -3E-05 0
vn -1 -1E-05 1E-05
vn -1 -4E-05 0
vn -1 -4E-05 -0
vn -1 -0 -0
vn -1 -8E-05 -0
vn -1 -5E-05 0
vn 1 4E-05 0
vn 1 2E-05 -0
vn 1 3E-05 -0
vn -1E-05 0.3619 0.93222
vn 0 -0.14076 -0.99004
vn 1E-05 -0.3312 -0.94356
vn -1 -2E-05 -0
vn -1E-05 0.3619 0.93222
vn -1 -3E-05 1E-05
vn -1E-05 0.19452 0.9809
vn -1E-05 0.19452 0.9809
vn 1E-05 -0.3312 -0.94356
vn -2E-05 0.8981 0.4398
vn -3E-05 0.99961 -0.02792
vn -3E-05 0.96388 -0.26635
vn -3E-05 0.99961 -0.02797
vn -1 1E-05 3E-05
vn -1 -5E-05 -1E-05
vn -1 -5E-05 -3E-05
vn 1E-05 -0.32199 0.94674
vn -1 -3E-05 0
vn -1 -5E-05 -1E-05
vn -1 -3E-05 -0
vn -1 -2E-05 0
vn -1 -3E-05 0
vn 0 -0.15269 0.98827
vn 0 -0.15269 0.98827
vn -1E-05 0.24883 -0.96855
vn -1E-05 0.24883 -0.96855
vn -1 -3E-05 -0
vn -1 -3E-05 0
vn -1 -3E-05 0
vn -1 -3E-05 -1E-05
vn 1E-05 -0.32199 0.94674
vn -1 -3E-05 -0
vn -1 -3E-05 -0
vn -1 -3E-05 -0
vn -0 0.05509 -0.99848
vn -0 0.05509 -0.99848
vn -1 -3E-05 -0
vn 1 3E-05 3E-05
vn 1 3E-05 -1E-05
vn 1 2E-05 1E-05
vn 1 2E-05 1E-05
vn 1 3E-05 -0
vn 1 2E-05 -3E-05
vn 2E-05 -0.87212 0.48929
vn 2E-05 -0.96387 0.26638
vn 2E-05 -0.87213 0.48928
vn 2E-05 -0.99961 0.02794
vn 3E-05 -0.97725 -0.21209
vn 1E-05 -0.38061 -0.92473
vn 1E-05 -0.38062 -0.92473
vn 0 -0.14822 -0.98895
vn 2E-05 -0.76675 -0.64195
vn -2E-05 0.97725 0.21209
vn -2E-05 0.99961 -0.02797
vn -3E-05 0.96388 -0.26633
vn -3E-05 0.99961 -0.02792
vn -2E-05 0.96387 -0.26638
vn -2E-05 0.87213 -0.48927
vn -2E-05 0.87212 -0.48929
vn -2E-05 0.72969 -0.68377
vn 0 -0.14822 -0.98895
vn -1 -3E-05 -1E-05
vn -1 -3E-05 1E-05
vn -1 -3E-05 1E-05
vn -1 -3E-05 -2E-05
vn -1 -3E-05 3E-05
vn -1 -3E-05 -2E-05
vn -1 -3E-05 -1E-05
vn -1 -3E-05 0
vn -1 -2E-05 -1E-05
vn 1 3E-05 0
vn 1 2E-05 -0
vn 1 3E-05 0
vn 1 3E-05 -0
vn 1 4E-05 -1E-05
vn 1 2E-05 1E-05
vn 1 3E-05 0
vn 1 3E-05 0
vn 1 2E-05 -0
vn 1 3E-05 0
vn -1 -3E-05 -0
vn -1 -3E-05 -0
vn -1 -3E-05 -0
vn -1 -4E-05 -1E-05
vn -1 -2E-05 0
vn -1 -3E-05 -0
vn -1 -2E-05 0
vn -1 -3E-05 -0
vn -1 -3E-05 1E-05
vn -1 -5E-05 1E-05
vn 3E-05 -0.99848 -0.05509
vn -1 -2E-05 -0
vn -1 -2E-05 -0
vn -3E-05 0.98827 0.15269
vn -3E-05 0.98827 0.1527
vn -1 -3E-05 0
vn -1 -3E-05 -0
vn -1 -3E-05 -2E-05
vn -1 -3E-05 1E-05
vn 2E-05 -0.90139 -0.433
vn 3E-05 -0.90139 -0.433
vn -1 -3E-05 0
vn -1 -4E-05 1E-05
vn -1 -3E-05 0
vn 3E-05 -0.96855 -0.24883
vn -1 -3E-05 -0
vn -3E-05 0.94674 0.32199
vn -3E-05 0.94675 0.32198
vn -1 -3E-05 -0
vn -1 -3E-05 0
vn 1 3E-05 1E-05
vn 1 3E-05 -0
vn 1 3E-05 -0
vn 1 3E-05 -1E-05
vn 1 2E-05 1E-05
vn -1 -2E-05 -0
vn -1 -3E-05 0
vn -1 -2E-05 -0
vn 3E-05 -0.96388 0.26632
vn 2E-05 -0.99961 0.02799
vn -1 -3E-05 0
vn -1 -3E-05 -2E-05
vn -1 -3E-05 1E-05
vn -1 -3E-05 -0
vn -1 -3E-05 -0
vn -1 -3E-05 0
vn -1 -2E-05 0
vn 1 3E-05 -0
vn 1 4E-05 -1E-05
vn -1E-05 0.51828 0.85521
vn -2E-05 0.65891 0.75222
vn -2E-05 0.77952 0.62638
vn -2E-05 0.77952 0.62637
vn -2E-05 0.87645 0.48149
vn -3E-05 0.87645 0.4815
vn 2E-05 -0.7996 -0.60053
vn 3E-05 -0.7996 -0.60053
vn 2E-05 -0.66708 -0.74499
vn -1 -3E-05 0
vn -1 -3E-05 0
vn -1 -3E-05 0
vn -1 -2E-05 0
vn 1E-05 -0.50892 -0.86081
vn 2E-05 -0.66708 -0.74499
vn 1E-05 -0.50892 -0.86081
vn -1 -3E-05 -0
vn -1 -3E-05 -0
vn -1 -4E-05 -1E-05
vn -1 -3E-05 -1E-05
vn -1 -3E-05 0
vn 2E-05 -0.80679 0.59084
vn 2E-05 -0.80679 0.59084
vn 3E-05 -0.91489 0.4037
vn 3E-05 -0.91489 0.4037
vn -0.98145 0.07736 0.17539
vn 1E-05 -0.4037 -0.91489
vn 1E-05 -0.4037 -0.91489
vn -0.76665 -0.6317 0.11493
vn -0.78556 -0.61035 0.10182
vn 0.98145 0.07743 0.17541
vn 0.98145 0.07742 0.17539
vn -0.61611 -0.76071 0.20427
vn 2E-05 -0.91489 0.4037
vn -1 -0 4E-05
vn -1 -0.00012 -5E-05
vn 5E-05 -0.80677 0.59087
vn 4E-05 -0.80678 0.59086
vn 6E-05 -0.80671 0.59094
vn 2E-05 -0.80679 0.59084
vn 2E-05 -0.80678 0.59085
vn 3E-05 -0.80679 0.59084
vn -1 -3E-05 0
vn -1 -3E-05 0
vn 1 3E-05 0
vn 1 3E-05 -0
vn 1 3E-05 -0
vn -2E-05 0.80679 -0.59084
vn -2E-05 0.80679 -0.59084
vn -0.98145 -0.07742 -0.17539
vn -0.98145 -0.07742 -0.17539
vn 2E-05 -0.59084 -0.80679
vn 2E-05 -0.59084 -0.80679
vn 2E-05 0.80679 -0.59084
vn 0.98145 0.07742 0.17539
vn -2E-05 0.80679 -0.59084
vn -0.98145 -0.07742 -0.17539
vn -1 -3E-05 -0
vn -1 -3E-05 0
vn -1 -0.00011 -6E-05
vn -1 5E-05 0.00012
vn -1 -0.00037 -0.00046
vn 1 3E-05 0
vn -2E-05 0.80679 -0.59084
vn 4E-05 0.80678 -0.59085
vn -9E-05 0.8068 -0.59083
vn -3E-05 0.80678 -0.59085
vn -5E-05 0.80678 -0.59085
vn -4E-05 0.80678 -0.59085
vn -1E-05 0.80679 -0.59084
vn -3E-05 0.80679 -0.59084
vn -3E-05 0.80679 -0.59085
vn -1E-05 0.80679 -0.59083
vn 2E-05 0.80681 -0.59082
vn -1 -2E-05 -0
vn -1 -3E-05 0
vn 1 3E-05 0
vn 1 3E-05 0
vn -1 -2E-05 -0
vn 1 3E-05 -0
vn 1 3E-05 0
vn -1 -3E-05 -0
vn -1 -3E-05 0
vn -1 -3E-05 0
vn -2E-05 0.80679 -0.59084
vn -1 -2E-05 -0
vn -1 -2E-05 -0
vn -1 -2E-05 -0
vn 1 3E-05 -0
vn 1 3E-05 0
vn 1 3E-05 0
vn 1 3E-05 0
vn -1 -3E-05 0
vn -1 -2E-05 -1E-05
vn -1 -3E-05 1E-05
vn -1 -3E-05 0
vn -1 -2E-05 -1E-05
vn -1 -1E-05 -2E-05
vn -1 -6E-05 3E-05
vn 1 3E-05 -0
vn 1 3E-05 -0
vn 1 3E-05 -0
vn 2E-05 -0.80679 0.59084
vn 2E-05 -0.80679 0.59084
vn -1 -3E-05 -0
vn -1E-05 0.50892 0.86081
vn -2E-05 0.66707 0.74499
vn 1 3E-05 0
vn -2E-05 0.66708 0.74499
vn 1 3E-05 -4E-05
vn 1 3E-05 0
vn 1 2E-05 0
vn 1 3E-05 -0
vn 1 2E-05 0
vn 1 3E-05 -0
vn 1 3E-05 -0
vn 1 1E-05 3E-05
vn 1 3E-05 -1E-05
vn 1 3E-05 -1E-05
vn -3E-05 0.99961 -0.02797
vn -3E-05 0.99961 -0.02792
vn 1 3E-05 -0
vn -2E-05 0.9014 0.433
vn 1 2E-05 1E-05
vn 1 3E-05 -0
vn 1 3E-05 -1E-05
vn 1 3E-05 5E-05
vn 1 3E-05 0
vn 1 2E-05 1E-05
vn 1 7E-05 -4E-05
vn 1 2E-05 2E-05
vn -3E-05 0.96855 0.24883
vn 1 3E-05 0
vn 1 3E-05 0
vn 1 5E-05 2E-05
vn 1 6E-05 2E-05
vn 1 -2E-05 -3E-05
vn 1 2E-05 -1E-05
vn 1 3E-05 -0
vn -1 0 2E-05
vn -1 4E-05 4E-05
vn -1 -1E-05 1E-05
vn -1 -7E-05 -2E-05
vn -1 -1E-05 1E-05
vn -1 -6E-05 -2E-05
vn -1 -2E-05 0
vn 1 3E-05 -0
vn 1 3E-05 4E-05
vn -2E-05 0.59086 0.80677
vn -1E-05 0.3806 0.92474
vn -3E-05 0.8981 0.4398
vn -2E-05 0.89809 0.43981
vn -0 0.14824 0.98895
vn -1E-05 0.38058 0.92475
vn -3E-05 0.97726 0.21204
vn 2E-05 -0.54486 0.83853
vn 1E-05 -0.54485 0.83853
vn 1E-05 -0.32833 0.94456
vn 3E-05 -0.96389 0.26632
vn 3E-05 -0.96387 0.26637
vn -3E-05 0.99848 0.05509
vn -3E-05 0.99004 -0.14077
vn -3E-05 0.99004 -0.14076
vn 1 2E-05 -0
vn 1 5E-05 2E-05
vn 1 3E-05 1E-05
vn 1 2E-05 -0
vn 1 1E-05 -5E-05
vn 1 3E-05 -0
vn 1 2E-05 -2E-05
vn 1 4E-05 2E-05
vn 1 3E-05 -1E-05
vn 1 3E-05 -0
vn 1 3E-05 -0
vn 1 2E-05 1E-05
vn 1 6E-05 -1E-05
vn 1 3E-05 -0
vn 1 5E-05 -0
vn 1 2E-05 1E-05
vn 1 3E-05 0
vn 1 9E-05 -2E-05
vn 1 2E-05 -0
vn -2E-05 0.87213 -0.48927
vn -1E-05 0.54485 -0.83853
vn -2E-05 0.7297 -0.68377
vn -1 -2E-05 -0
vn -1 0 -1E-05
vn -1 -3E-05 0
vn -1 -5E-05 1E-05
vn -1 -9E-05 2E-05
vn -1 -8E-05 1E-05
vn -1 -1E-05 -0
vn 1 4E-05 5E-05
vn 1 5E-05 2E-05
vn -1E-05 0.38061 0.92473
vn -1E-05 0.38059 0.92474
vn 1E-05 -0.32831 0.94457
vn -1 -0.00011 -1E-05
vn -1 3E-05 1E-05
vn -1 -3E-05 -0
vn -1 -2E-05 0
vn -2E-05 0.96387 -0.26636
vn -3E-05 0.96386 -0.26639
vn -2E-05 0.74499 -0.66708
vn 1 2E-05 -0
vn 1 3E-05 0
vn 1 4E-05 0
vn 1 3E-05 -0
vn 1 3E-05 -1E-05
vn 1 3E-05 -0
vn 1 3E-05 -0
vn 1 3E-05 -1E-05
vn -2E-05 0.60054 -0.7996
vn -2E-05 0.60053 -0.7996
vn -1E-05 0.433 -0.90139
vn 1E-05 -0.32199 0.94674
vn 1E-05 -0.48149 0.87645
vn -2E-05 0.86082 -0.50892
vn -2E-05 0.86081 -0.50892
vn 1 4E-05 2E-05
vn 1 3E-05 0
vn 1 1E-05 -2E-05
vn 1 3E-05 -0
vn 1 2E-05 -2E-05
vn 2E-05 -0.75222 0.65891
vn 1 3E-05 0
vn -2E-05 0.74499 -0.66708
vn 1 1E-05 -0
vn 1 5E-05 1E-05
vn 1 3E-05 0
vn 1 2E-05 -0
vn 1 2E-05 -0
vn -1 -2E-05 0
vn -1 -5E-05 -3E-05
vn -1 -4E-05 -1E-05
vn -1 0 4E-05
vn -1 -6E-05 -3E-05
vn -1 -3E-05 0
vn -1 -2E-05 0
vn -1 -2E-05 0
vn -1 -6E-05 -1E-05
vn -1 -2E-05 1E-05
vn -1 -3E-05 0
vn 2E-05 -0.62638 0.77952
vn 1E-05 -0.4815 0.87645
vn -0 0.14076 0.99004
vn -1E-05 0.3312 0.94356
vn -0 0.14076 0.99004
vn 0 -0.05509 0.99848
vn 1E-05 -0.433 0.90139
vn 1E-05 -0.24883 0.96855
vn 1 3E-05 -0
vn 1 3E-05 -0
vn 1 3E-05 0
vn 1 2E-05 -0
vn 1 2E-05 0
vn 1 5E-05 1E-05
vn 1 3E-05 -0
vn 1 5E-05 3E-05
vn 2E-05 -0.72969 0.68378
vn 1 5E-05 1E-05
vn 1 -1E-05 -3E-05
vn 3E-05 -0.99961 0.02797
vn 3E-05 -0.99961 0.02792
vn 3E-05 -0.96388 0.26635
vn 3E-05 -0.96386 0.2664
vn 2E-05 -0.76676 -0.64193
vn 1 3E-05 0
vn 1 7E-05 1E-05
vn 1 1E-05 -1E-05
vn 1 2E-05 0
vn 1 3E-05 0
vn 1 2E-05 0
vn 1 3E-05 -0
vn 1 -3E-05 -2E-05
vn 1 6E-05 1E-05
vn 1 3E-05 -0
vn 1 2E-05 -0
vn 1 3E-05 -0
vn 1 5E-05 -0
vn 1 3E-05 0
vn 1 3E-05 -0
vn 1 3E-05 -0
vn -3E-05 0.96387 -0.26637
vn -3E-05 0.96389 -0.26632
vn 2E-05 -0.54484 0.83854
vn 2E-05 -0.54483 0.83855
vn 3E-05 -0.96387 0.26637
vn 3E-05 -0.96388 0.26635
vn 2E-05 -0.76676 -0.64194
vn -1 -3E-05 1E-05
vn -1 -1E-05 7E-05
vn -1 -3E-05 0
vn -1 -3E-05 0
vn -1 -2E-05 3E-05
vn 1 3E-05 -0
vn 1 1E-05 0
vn -1 -4E-05 -6E-05
vn 1 4E-05 -1E-05
vn -2E-05 0.76674 0.64195
vn -2E-05 0.76676 0.64194
vn 2E-05 -0.54484 0.83854
vn 2E-05 -0.54485 0.83853
vn -2E-05 0.87213 -0.48928
vn -2E-05 0.87211 -0.48931
vn -3E-05 0.96386 -0.2664
vn -2E-05 0.96389 -0.26632
vn 1 3E-05 0
vn 1 -1E-05 -2E-05
vn -1 -2E-05 5E-05
vn -1 -4E-05 -4E-05
vn -1 -2E-05 0
vn -1 -2E-05 -0
vn 1E-05 -0.59084 -0.80679
vn 1 2E-05 0
vn 1 4E-05 -1E-05
vn 1 2E-05 0
vn 1 3E-05 -1E-05
vn -1 -3E-05 -0
vn -1 -6E-05 3E-05
vn -1 -3E-05 0
vn -3E-05 0.8981 0.43979
vn -2E-05 0.89809 0.4398
vn -1 -3E-05 0
vn -1 -3E-05 0
vn -3E-05 0.97725 0.21208
vn -3E-05 0.97725 0.21209
vn -0 0.14823 0.98895
vn -0 0.14823 0.98895
vn 1 0.0001 -0
vn 1 2E-05 0
vn 1E-05 -0.32833 0.94456
vn 1E-05 -0.32834 0.94456
vn 1E-05 -0.54484 0.83854
vn 1 4E-05 -1E-05
vn 1 3E-05 -0
vn 2E-05 -0.86081 0.50892
vn 1 3E-05 -0
vn 1 3E-05 -1E-05
vn 2E-05 -0.86081 0.50892
vn -2E-05 0.85521 -0.51828
vn 2E-05 -0.60053 0.7996
vn 1 3E-05 -0
vn 2E-05 -0.74499 0.66707
vn 1 4E-05 4E-05
vn 1 3E-05 1E-05
vn -2E-05 0.85521 -0.51828
vn 1 -0 -4E-05
vn 2E-05 -0.74499 0.66708
vn 1 4E-05 2E-05
vn 1 5E-05 3E-05
vn 1 3E-05 -0
vn 1 3E-05 -0
vn 1 3E-05 -0
vn 1 2E-05 -2E-05
vn 1 3E-05 -0
vn 1 1E-05 4E-05
vn 1 1E-05 4E-05
vn 1 2E-05 1E-05
vn 1 3E-05 -0
vn 1 5E-05 -4E-05
vn 1 3E-05 -0
vn 1 3E-05 -0
vn 1 2E-05 -0
vn 1 5E-05 1E-05
vn -3E-05 0.76677 0.64192
vn -1 -0 -4E-05
vn -1 -2E-05 -1E-05
vn -1 -7E-05 7E-05
vn -1 -2E-05 -1E-05
vn -1 -3E-05 1E-05
vn -1 -2E-05 -1E-05
vn -1 -1E-05 -3E-05
vn -3E-05 0.89811 0.43977
vn -1 -4E-05 5E-05
vn -1 -4E-05 -3E-05
vn -1 -3E-05 0
vn -1 -3E-05 0
vn -1 -2E-05 -6E-05
vn -1 -2E-05 -2E-05
vn 1E-05 -0.32831 0.94457
vn 2E-05 -0.96387 0.26637
vn -1 0 5E-05
vn -1 -4E-05 -2E-05
vn -1 -5E-05 -3E-05
vn -1 -2E-05 2E-05
vn -1 -3E-05 1E-05
vn -1 -3E-05 -0
vn -1 -3E-05 0
vn 1 3E-05 1E-05
vn 1 3E-05 -0
vn 3E-05 -0.94356 0.3312
vn 1 3E-05 0
vn 2E-05 -0.94356 0.33121
vn -3E-05 0.9809 -0.19452
vn 1 2E-05 1E-05
vn 1 3E-05 -1E-05
vn -3E-05 0.93222 -0.36189
vn -2E-05 0.93222 -0.3619
vn 1 3E-05 -1E-05
vn 1 3E-05 -0
vn -3E-05 0.9809 -0.19453
vn 1 3E-05 -0
vn 3E-05 -0.99004 0.14076
vn 3E-05 -0.99004 0.14076
vn 1 3E-05 -0
vn 1 4E-05 -0
vn -3E-05 0.99977 -0.02124
vn 1 3E-05 -0
vn 1 4E-05 2E-05
vn 1 5E-05 3E-05
vn 1 5E-05 2E-05
vn 1 3E-05 0
vn 1 2E-05 -0
vn 1 0 -3E-05
vn 1 3E-05 0
vn 1 4E-05 3E-05
vn 1 5E-05 3E-05
vn 1 2E-05 -1E-05
vn 1 3E-05 1E-05
vn 1 3E-05 0
vn 1 5E-05 2E-05
vn 1 3E-05 -0
vn 1 3E-05 0
vn 1 2E-05 -1E-05
vn 2E-05 -0.54485 0.83854
vn -1 -2E-05 0
vn -1 -4E-05 -3E-05
vn -1 -3E-05 0
vn -1 -3E-05 1E-05
vn 2E-05 -0.72969 0.68378
vn 3E-05 -0.87212 0.48928
vn 2E-05 -0.72968 0.68379
vn 2E-05 -0.87212 0.4893
vn -1 -1E-05 3E-05
vn -1 -3E-05 -0
vn -1 -1E-05 1E-05
vn -1 -3E-05 -0
vn -1 -2E-05 0
vn -1 -3E-05 -0
vn -1 -2E-05 0
vn 1 3E-05 -0
vn 1 3E-05 -0
vn 1 2E-05 0
vn 1 2E-05 -0
vn 1 2E-05 -0
vn 1 2E-05 -0
vn 1 5E-05 -1E-05
vn -3E-05 0.76678 0.64191
vn 1 1E-05 4E-05
vn 1 3E-05 -0
vn 1 3E-05 -1E-05
vn 2E-05 -0.96388 0.26635
vn 2E-05 -0.99961 0.02796
vn -1 -3E-05 -0
vn 3E-05 -0.99961 0.02793
vn 3E-05 -0.96387 0.26637
vn -1 -3E-05 0
vn -1 -3E-05 -0
vn -1 -2E-05 -1E-05
vn 2E-05 -0.99961 0.02792
vn 2E-05 -0.97725 -0.21209
vn 2E-05 -0.8981 -0.43979
vn -1 -2E-05 -5E-05
vn -1 -3E-05 -0
vn 2E-05 -0.89811 -0.43976
vn -1 -2E-05 -1E-05
vn -1 -6E-05 1E-05
vn -1 -3E-05 0
vn -1 -2E-05 -0
vn -1 -2E-05 -0
vn -1 -3E-05 -0
vn -1 -8E-05 1E-05
vn -1 -5E-05 0
vn 2E-05 -0.54488 0.83852
vn 2E-05 -0.72966 0.68381
vn 2E-05 -0.72969 0.68378
vn 1E-05 -0.32833 0.94456
vn -1 -3E-05 -0
vn -1 -2E-05 2E-05
vn -1 -2E-05 0
vn -1 -3E-05 0
vn -1 -3E-05 0
vn -1 -4E-05 -2E-05
vn 1 4E-05 0
vn 1 -1E-05 -3E-05
vn 1 5E-05 3E-05
vn 1 3E-05 -1E-05
vn -3E-05 0.87212 -0.48929
vn -3E-05 0.87212 -0.48928
vn -1 -3E-05 0
vn -1 -3E-05 -0
vn 1 3E-05 -0
vn 1 3E-05 0
vn 1 5E-05 1E-05
vn 1 3E-05 0
vn 3E-05 -0.96389 0.26631
vn 3E-05 -0.96387 0.26636
vn 1 3E-05 0
vn 1 2E-05 -0
vn 1 5E-05 1E-05
vn 1 2E-05 0
vn 0 -0.14823 -0.98895
vn 1 3E-05 0
vn 2E-05 -0.59084 -0.80679
vn 1E-05 -0.59084 -0.80679
vn 1E-05 -0.3806 -0.92474
vn 1 6E-05 -3E-05
vn 1 2E-05 0
vn 1 3E-05 0
vn 1E-05 -0.3806 -0.92474
vn 1 -1E-05 3E-05
vn 1 4E-05 -1E-05
vn 1 4E-05 -1E-05
vn -1E-05 0.32833 -0.94456
vn -1 -7E-05 1E-05
vn -1 -2E-05 -0
vn -1 -3E-05 0
vn -1 -2E-05 -0
vn -1E-05 0.38061 0.92474
vn -1 -2E-05 -0
vn -1 -3E-05 0
vn 0 -0.14823 -0.98895
vn 1 3E-05 0
vn 1 3E-05 0
vn 1 3E-05 -1E-05
vn -0 0.05509 -0.99848
vn -0 0.05509 -0.99848
vn 1 3E-05 -0
vn -0 0.02124 0.99977
vn 1 3E-05 2E-05
vn 1 3E-05 -1E-05
vn 1 -0 3E-05
vn 1 2E-05 -5E-05
vn 1 2E-05 -2E-05
vn 1 -2E-05 -2E-05
vn 1 7E-05 1E-05
vn 1 3E-05 0
vn 1 3E-05 -0
vn 1 4E-05 3E-05
vn 1 3E-05 0
vn 1 2E-05 -0
vn 1 3E-05 -0
vn 1 3E-05 -0
vn 1E-05 -0.3312 -0.94356
vn -1E-05 0.19452 0.9809
vn 0 -0.14076 -0.99004
vn 1 3E-05 -1E-05
vn 0 -0.14076 -0.99004
vn 1 3E-05 0
vn 1 3E-05 -0
vn 1 5E-05 3E-05
vn 1 1E-05 -5E-05
vn 1 4E-05 1E-05
vn -2E-05 0.76675 0.64195
vn -3E-05 0.99961 -0.02795
vn -2E-05 0.76676 0.64193
vn -3E-05 0.99961 -0.02797
vn -1E-05 0.59083 0.8068
vn -3E-05 0.96387 -0.26637
vn -3E-05 0.96388 -0.26635
vn -1 -3E-05 0
vn -1 -4E-05 2E-05
vn -1 -6E-05 6E-05
vn -1E-05 0.433 -0.90139
vn 0 -0.15269 0.98827
vn 1E-05 -0.32199 0.94674
vn -1E-05 0.24883 -0.96855
vn 1 3E-05 0
vn 0 -0.15269 0.98827
vn 1 2E-05 0
vn 1 2E-05 -0
vn 1 3E-05 0
vn -1E-05 0.24883 -0.96855
vn 1 6E-05 2E-05
vn 1 2E-05 -2E-05
vn -1 -3E-05 -0
vn -1 -2E-05 0
vn -1 -6E-05 -1E-05
vn -1 -4E-05 -1E-05
vn -1 1E-05 4E-05
vn -1 -6E-05 -3E-05
vn -1 -3E-05 -0
vn 2E-05 -0.87213 0.48928
vn 2E-05 -0.96386 0.2664
vn 2E-05 -0.59085 -0.80678
vn -1 -3E-05 1E-05
vn -1 -3E-05 -2E-05
vn -1 -3E-05 -0
vn -1 -4E-05 -3E-05
vn -1 -1E-05 6E-05
vn -1 -3E-05 0
vn 1 7E-05 -2E-05
vn 1 3E-05 -0
vn 1 2E-05 0
vn 1 2E-05 0
vn -1 -2E-05 -0
vn -1 -2E-05 0
vn -1 -5E-05 0
vn -1 -3E-05 0
vn -1 -3E-05 -0
vn -1 -3E-05 1E-05
vn -1 -3E-05 0
vn -1 -2E-05 -0
vn -1 -3E-05 0
vn -1 -3E-05 0
vn 3E-05 -0.96855 -0.24883
vn 3E-05 -0.99848 -0.05509
vn 1 3E-05 -0
vn 1 3E-05 0
vn 1 3E-05 -0
vn 1 3E-05 -0
vn 1 3E-05 -0
vn 1 2E-05 1E-05
vn 1 3E-05 -0
vn 1 2E-05 1E-05
vn 1 3E-05 -1E-05
vn -3E-05 0.98827 0.1527
vn 1 3E-05 -1E-05
vn -3E-05 0.98827 0.15269
vn 1 3E-05 1E-05
vn 1 3E-05 0
vn 1 3E-05 1E-05
vn 3E-05 -0.90139 -0.433
vn -3E-05 0.94674 0.32199
vn -3E-05 0.87645 0.4815
vn 1 3E-05 0
vn 1 2E-05 1E-05
vn 1 3E-05 -0
vn 1 3E-05 2E-05
vn 1 3E-05 -1E-05
vn 1 3E-05 1E-05
vn 1 2E-05 -2E-05
vn 1 3E-05 -5E-05
vn 1 3E-05 -1E-05
vn 3E-05 -0.97725 -0.21208
vn 2E-05 -0.8981 -0.43979
vn 2E-05 -0.76676 -0.64194
vn 3E-05 -0.76675 -0.64194
vn 3E-05 -0.97725 -0.21209
vn 3E-05 -0.89809 -0.4398
vn -1 -3E-05 1E-05
vn -1 -3E-05 1E-05
vn -1 -3E-05 0
vn -1 -3E-05 0
vn -1 -3E-05 -1E-05
vn -1 -3E-05 -3E-05
vn -1 -3E-05 4E-05
vn 1 3E-05 0
vn 1 2E-05 1E-05
vn 1 3E-05 0
vn 1 3E-05 0
vn 1 3E-05 0
vn 1 5E-05 -1E-05
vn 1 3E-05 0
vn 1 3E-05 -0
vn 1 3E-05 -0
vn 1 3E-05 -4E-05
vn 1 3E-05 3E-05
vn 0 -0.09273 0.99569
vn -1 -3E-05 1E-05
vn -1 -2E-05 0
vn -1 -4E-05 1E-05
vn -1 -2E-05 -0
vn -1 -3E-05 -0
vn -1 -3E-05 1E-05
vn -1 -3E-05 0
vn -1 -2E-05 -0
vn -1 -3E-05 0
vn -1 -3E-05 0
vn 0 -0.14822 -0.98895
vn 0 -0.14822 -0.98895
vn 1E-05 -0.38061 -0.92473
vn -1 -3E-05 6E-05
vn -1 -3E-05 -3E-05
vn -1 -2E-05 -1E-05
vn -1 -1E-05 -4E-05
vn -1 -3E-05 1E-05
vn -1 -3E-05 -0
vn -1 -3E-05 -1E-05
vn -1 -6E-05 -2E-05
vn -1 -7E-05 4E-05
vn -1 -2E-05 -1E-05
vn -1 -3E-05 -0
vn -1 -2E-05 -0
vn -1 -3E-05 0
vn -1 1E-05 2E-05
vn -1 -5E-05 1E-05
vn 1 2E-05 -1E-05
vn 1 2E-05 -1E-05
vn 1 2E-05 -1E-05
vn 2E-05 -0.66708 -0.74499
vn 1E-05 -0.50892 -0.86082
vn 1 3E-05 -0
vn 1E-05 -0.50892 -0.86081
vn 1 3E-05 0
vn -2E-05 0.65891 0.75222
vn -2E-05 0.65891 0.75222
vn -2E-05 0.77952 0.62637
vn -2E-05 0.77952 0.62637
vn 1 3E-05 -0
vn 1 2E-05 -1E-05
vn 2E-05 -0.7996 -0.60053
vn 2E-05 -0.7996 -0.60053
vn 1 3E-05 -0
vn 1 2E-05 1E-05
vn 1 2E-05 1E-05
vn -1E-05 0.32834 -0.94456
vn -1E-05 0.32833 -0.94456
vn -0 0.09273 -0.99569
vn -1E-05 0.54486 -0.83853
vn 3E-05 -0.96387 0.26637
vn 2E-05 -0.76678 -0.64191
vn 1 3E-05 -1E-05
vn 1 3E-05 -0
vn 1 3E-05 0
vn -1 -3E-05 0
vn -1 -2E-05 -3E-05
vn -1 -5E-05 4E-05
vn -1 -3E-05 1E-05
vn -1 -3E-05 -0
vn -1 -2E-05 -0
vn -1 -3E-05 0
vn -1 1E-05 -2E-05
vn -1 -2E-05 -0
vn 1 3E-05 0
vn 1 3E-05 0
vn 1 6E-05 -0
vn 1 3E-05 0
vn -1E-05 0.51828 0.85521
vn 1 2E-05 0
vn -1 -5E-05 1E-05
vn -1 -2E-05 0
vn -1 -3E-05 0
vn -1 -2E-05 0
vn -1 -7E-05 -0
vn -1 -3E-05 0
f 1//1 2//1 3//1
f 4//2 5//2 2//2
f 4//3 2//3 1//3
f 6//4 3//4 2//4
f 7//5 5//5 4//5
f 7//6 8//6 9//6
f 7//7 10//7 11//7
f 7//8 11//8 5//8
f 7//9 9//9 10//9
f 7//10 4//10 8//10
f 12//11 13//11 14//11
f 12//12 15//12 13//12
f 16//13 13//13 17//13
f 16//14 14//14 13//14
f 16//15 17//15 9//15
f 16//16 9//16 14//16
f 9//17 17//17 10//17
f 18//18 6//18 2//18
f 19//19 3//19 6//19
f 20//20 21//20 22//20
f 20//21 23//21 21//21
f 20//22 24//22 23//22
f 25//23 22//23 26//23
f 25//24 20//24 22//24
f 24//25 27//25 28//25
f 24//26 20//26 27//26
f 26//27 22//27 24//27
f 22//28 21//28 24//28
f 21//29 23//29 24//29
f 29//30 30//30 31//30
f 32//31 29//31 33//31
f 33//32 29//32 34//32
f 34//33 29//33 31//33
f 35//34 18//34 36//34
f 35//35 19//35 18//35
f 35//36 37//36 19//36
f 38//37 39//37 40//37
f 38//38 40//38 41//38
f 38//39 41//39 42//39
f 43//40 44//40 45//40
f 43//41 42//41 44//41
f 19//42 37//42 3//42
f 43//43 38//43 42//43
f 37//44 43//44 45//44
f 37//45 45//45 3//45
f 46//46 47//46 48//46
f 39//47 49//47 40//47
f 46//48 48//48 49//48
f 47//49 50//49 51//49
f 47//50 51//50 48//50
f 39//51 46//51 49//51
f 2//52 5//52 36//52
f 10//53 30//53 52//53
f 10//54 17//54 30//54
f 11//55 10//55 52//55
f 5//56 52//56 36//56
f 5//57 11//57 52//57
f 36//58 18//58 2//58
f 17//59 31//59 30//59
f 15//60 33//60 34//60
f 17//61 13//61 31//61
f 13//62 15//62 34//62
f 13//63 34//63 31//63
f 15//64 25//64 32//64
f 25//65 26//65 32//65
f 15//66 32//66 33//66
f 53//67 54//67 55//67
f 55//68 56//68 57//68
f 4//69 1//69 53//69
f 58//70 59//70 54//70
f 59//71 60//71 56//71
f 54//72 56//72 55//72
f 54//73 59//73 56//73
f 1//74 54//74 53//74
f 1//75 58//75 54//75
f 61//76 44//76 42//76
f 61//77 42//77 41//77
f 58//78 61//78 59//78
f 58//79 45//79 44//79
f 58//80 3//80 45//80
f 1//81 3//81 58//81
f 58//82 44//82 61//82
f 62//83 41//83 40//83
f 62//84 40//84 49//84
f 62//85 49//85 63//85
f 62//86 63//86 60//86
f 61//87 62//87 59//87
f 59//88 62//88 60//88
f 61//89 41//89 62//89
f 4//90 53//90 8//90
f 53//91 55//91 64//91
f 65//92 64//92 66//92
f 65//93 66//93 67//93
f 9//94 8//94 65//94
f 9//95 65//95 14//95
f 8//96 53//96 64//96
f 14//97 65//97 67//97
f 8//98 64//98 65//98
f 66//99 68//99 69//99
f 64//100 55//100 68//100
f 64//101 68//101 66//101
f 55//102 57//102 68//102
f 57//103 70//103 71//103
f 57//104 71//104 72//104
f 56//105 70//105 57//105
f 56//106 60//106 70//106
f 68//107 73//107 69//107
f 68//108 57//108 73//108
f 57//109 72//109 73//109
f 70//110 74//110 71//110
f 60//111 75//111 70//111
f 70//112 75//112 74//112
f 60//113 63//113 75//113
f 51//114 76//114 77//114
f 63//115 48//115 78//115
f 63//116 78//116 75//116
f 63//117 49//117 48//117
f 75//118 78//118 79//118
f 75//119 79//119 74//119
f 78//120 51//120 77//120
f 78//121 77//121 79//121
f 78//122 48//122 51//122
f 66//123 69//123 80//123
f 14//124 67//124 81//124
f 12//125 14//125 81//125
f 12//126 81//126 15//126
f 81//127 67//127 82//127
f 67//128 80//128 82//128
f 67//129 66//129 80//129
f 25//130 83//130 84//130
f 85//131 81//131 86//131
f 85//132 15//132 81//132
f 85//133 25//133 15//133
f 85//134 86//134 25//134
f 25//135 84//135 87//135
f 25//136 87//136 20//136
f 25//137 86//137 83//137
f 81//138 82//138 86//138
f 80//139 69//139 88//139
f 69//140 89//140 88//140
f 69//141 73//141 89//141
f 82//142 80//142 90//142
f 80//143 88//143 90//143
f 86//144 82//144 91//144
f 82//145 92//145 91//145
f 82//142 90//142 92//142
f 86//146 91//146 93//146
f 83//147 86//147 93//147
f 84//148 83//148 93//148
f 84//149 93//149 94//149
f 87//150 94//150 95//150
f 87//151 84//151 94//151
f 20//152 95//152 27//152
f 20//153 87//153 95//153
f 96//154 89//154 97//154
f 72//155 98//155 97//155
f 72//156 71//156 98//156
f 73//157 97//157 89//157
f 73//158 72//158 97//158
f 71//159 74//159 99//159
f 71//160 99//160 98//160
f 74//161 79//161 100//161
f 74//162 100//162 99//162
f 79//163 77//163 101//163
f 79//164 101//164 100//164
f 77//165 76//165 102//165
f 77//166 102//166 101//166
f 103//167 98//167 99//167
f 103//168 104//168 105//168
f 104//169 99//169 100//169
f 103//170 99//170 104//170
f 106//171 103//171 107//171
f 96//172 106//172 108//172
f 107//173 105//173 109//173
f 106//174 107//174 108//174
f 106//175 98//175 103//175
f 106//176 97//176 98//176
f 103//177 105//177 107//177
f 96//178 97//178 106//178
f 104//179 110//179 111//179
f 101//180 102//180 112//180
f 104//181 100//181 110//181
f 110//182 100//182 101//182
f 110//183 112//183 113//183
f 110//184 101//184 112//184
f 110//185 113//185 111//185
f 105//186 111//186 114//186
f 105//187 114//187 109//187
f 104//188 111//188 105//188
f 114//189 115//189 116//189
f 111//190 113//190 115//190
f 111//191 115//191 114//191
f 117//192 88//192 89//192
f 117//193 89//193 96//193
f 118//194 90//194 88//194
f 118//195 88//195 117//195
f 118//196 117//196 119//196
f 120//197 121//197 91//197
f 120//198 91//198 122//198
f 120//199 123//199 121//199
f 122//200 92//200 90//200
f 27//201 95//201 121//201
f 95//202 94//202 121//202
f 94//203 93//203 121//203
f 93//204 91//204 121//204
f 122//205 91//205 92//205
f 124//206 125//206 126//206
f 124//207 126//207 123//207
f 124//208 127//208 125//208
f 118//209 119//209 127//209
f 120//210 124//210 123//210
f 122//211 90//211 118//211
f 120//212 122//212 124//212
f 122//213 127//213 124//213
f 122//214 118//214 127//214
f 117//215 128//215 119//215
f 117//216 96//216 128//216
f 96//217 108//217 128//217
f 119//218 128//218 129//218
f 128//219 130//219 129//219
f 108//220 131//220 130//220
f 129//221 130//221 132//221
f 128//222 108//222 130//222
f 130//223 133//223 132//223
f 108//224 107//224 131//224
f 130//225 131//225 133//225
f 114//226 116//226 134//226
f 109//227 114//227 134//227
f 107//228 109//228 131//228
f 135//229 134//229 136//229
f 131//230 109//230 137//230
f 109//231 135//231 137//231
f 109//232 134//232 135//232
f 137//233 135//233 136//233
f 133//234 137//234 138//234
f 131//235 137//235 133//235
f 137//236 139//236 138//236
f 137//237 136//237 139//237
f 119//238 129//238 140//238
f 125//239 140//239 141//239
f 125//240 141//240 142//240
f 127//241 140//241 125//241
f 127//242 119//242 140//242
f 125//243 142//243 126//243
f 129//244 132//244 143//244
f 140//245 129//245 143//245
f 141//246 143//246 144//246
f 140//247 143//247 141//247
f 141//248 145//248 142//248
f 141//249 144//249 145//249
f 143//250 146//250 144//250
f 132//251 147//251 148//251
f 133//252 138//252 147//252
f 148//253 147//253 149//253
f 143//254 132//254 148//254
f 143//255 148//255 146//255
f 132//256 133//256 147//256
f 50//257 76//257 51//257
f 6//258 18//258 149//258
f 19//259 6//259 149//259
f 150//260 19//260 149//260
f 151//261 19//261 150//261
f 18//262 19//262 151//262
f 76//263 50//263 152//263
f 102//264 152//264 153//264
f 112//265 153//265 154//265
f 112//266 102//266 153//266
f 113//267 154//267 155//267
f 113//268 112//268 154//268
f 115//269 113//269 155//269
f 76//270 152//270 102//270
f 149//271 147//271 150//271
f 147//272 138//272 150//272
f 138//273 156//273 150//273
f 138//274 139//274 156//274
f 139//275 136//275 157//275
f 139//276 157//276 156//276
f 115//277 155//277 158//277
f 136//278 134//278 157//278
f 134//279 116//279 159//279
f 134//280 159//280 157//280
f 116//281 115//281 158//281
f 116//282 158//282 159//282
f 149//283 18//283 151//283
f 160//284 28//284 27//284
f 161//285 27//285 121//285
f 161//286 160//286 27//286
f 162//287 161//287 121//287
f 163//288 121//288 123//288
f 163//289 162//289 121//289
f 164//290 163//290 123//290
f 165//291 123//291 126//291
f 165//292 164//292 123//292
f 166//293 164//293 165//293
f 28//294 161//294 162//294
f 28//295 160//295 161//295
f 148//296 149//296 151//296
f 167//297 168//297 142//297
f 168//298 126//298 142//298
f 168//299 165//299 126//299
f 167//300 142//300 145//300
f 169//301 146//301 148//301
f 169//302 170//302 146//302
f 170//303 171//303 146//303
f 171//304 167//304 145//304
f 171//305 144//305 146//305
f 148//306 151//306 169//306
f 171//307 145//307 144//307
f 150//308 172//308 151//308
f 172//309 169//309 151//309
f 150//310 156//310 172//310
f 173//311 168//311 174//311
f 175//312 168//312 173//312
f 166//313 165//313 175//313
f 175//314 165//314 168//314
f 174//315 168//315 176//315
f 29//316 35//316 36//316
f 29//317 177//317 35//317
f 178//318 179//318 180//318
f 178//319 181//319 179//319
f 178//320 182//320 183//320
f 178//321 183//321 181//321
f 178//322 177//322 29//322
f 178//323 29//323 182//323
f 178//324 184//324 185//324
f 178//325 185//325 186//325
f 178//326 180//326 187//326
f 178//327 187//327 184//327
f 35//328 177//328 37//328
f 37//329 177//329 43//329
f 43//330 188//330 38//330
f 177//331 188//331 43//331
f 39//332 189//332 190//332
f 191//333 189//333 38//333
f 38//334 189//334 39//334
f 188//335 191//335 38//335
f 192//336 193//336 50//336
f 39//337 190//337 194//337
f 46//338 194//338 195//338
f 39//339 194//339 46//339
f 47//340 192//340 50//340
f 46//341 192//341 47//341
f 46//342 195//342 192//342
f 196//343 191//343 188//343
f 196//344 197//344 191//344
f 198//345 196//345 188//345
f 199//346 200//346 177//346
f 200//347 201//347 177//347
f 201//348 202//348 177//348
f 202//349 198//349 188//349
f 199//350 177//350 178//350
f 199//351 178//351 203//351
f 202//352 188//352 177//352
f 203//353 178//353 204//353
f 205//354 190//354 189//354
f 206//355 207//355 194//355
f 206//356 194//356 190//356
f 207//357 208//357 194//357
f 197//358 189//358 191//358
f 205//359 206//359 190//359
f 203//360 204//360 209//360
f 192//361 210//361 193//361
f 192//362 211//362 210//362
f 193//363 209//363 204//363
f 208//364 212//364 195//364
f 208//365 195//365 194//365
f 212//366 213//366 195//366
f 213//367 214//367 195//367
f 214//368 211//368 192//368
f 214//369 192//369 195//369
f 32//370 26//370 215//370
f 29//371 32//371 215//371
f 29//372 52//372 30//372
f 29//373 36//373 52//373
f 216//374 181//374 183//374
f 217//375 218//375 182//375
f 217//376 182//376 29//376
f 216//377 219//377 181//377
f 218//378 183//378 182//378
f 218//379 216//379 183//379
f 219//380 220//380 179//380
f 219//381 179//381 181//381
f 220//382 221//382 180//382
f 220//383 180//383 179//383
f 221//384 222//384 187//384
f 221//385 187//385 180//385
f 222//386 223//386 184//386
f 222//387 184//387 187//387
f 224//388 29//388 225//388
f 224//389 217//389 29//389
f 223//390 185//390 184//390
f 223//391 226//391 185//391
f 225//392 29//392 215//392
f 186//393 226//393 227//393
f 186//394 227//394 228//394
f 215//395 227//395 225//395
f 228//396 227//396 215//396
f 226//397 186//397 185//397
f 24//398 28//398 229//398
f 228//399 215//399 229//399
f 215//400 24//400 229//400
f 215//401 26//401 24//401
f 230//402 186//402 228//402
f 228//403 229//403 230//403
f 193//404 231//404 152//404
f 50//405 193//405 152//405
f 232//406 204//406 233//406
f 204//407 178//407 233//407
f 193//408 204//408 232//408
f 193//409 232//409 231//409
f 234//410 186//410 230//410
f 178//411 186//411 233//411
f 233//412 186//412 234//412
f 152//413 231//413 235//413
f 153//414 152//414 235//414
f 155//415 154//415 235//415
f 155//416 235//416 236//416
f 155//417 236//417 237//417
f 158//418 155//418 237//418
f 158//419 237//419 238//419
f 154//420 153//420 235//420
f 159//421 158//421 239//421
f 158//422 238//422 239//422
f 240//423 159//423 241//423
f 157//424 240//424 242//424
f 159//425 239//425 241//425
f 156//426 157//426 243//426
f 243//427 157//427 242//427
f 157//428 159//428 240//428
f 156//429 243//429 172//429
f 170//430 169//430 244//430
f 243//431 233//431 244//431
f 233//432 234//432 244//432
f 169//433 172//433 244//433
f 229//434 28//434 162//434
f 172//435 243//435 244//435
f 167//436 171//436 245//436
f 245//437 171//437 246//437
f 171//438 170//438 244//438
f 229//439 163//439 164//439
f 247//440 167//440 245//440
f 176//441 167//441 247//441
f 168//442 167//442 176//442
f 246//443 171//443 244//443
f 229//444 162//444 163//444
f 229//445 164//445 166//445
f 248//446 246//446 244//446
f 234//447 248//447 244//447
f 249//448 231//448 232//448
f 249//449 232//449 250//449
f 250//450 232//450 233//450
f 243//451 250//451 233//451
f 237//452 236//452 251//452
f 237//453 251//453 252//453
f 235//454 231//454 253//454
f 236//455 235//455 254//455
f 236//456 254//456 255//456
f 236//457 255//457 251//457
f 238//458 237//458 252//458
f 239//459 238//459 252//459
f 235//460 253//460 256//460
f 235//461 256//461 254//461
f 243//462 257//462 250//462
f 243//463 242//463 258//463
f 242//464 240//464 259//464
f 243//465 260//465 257//465
f 243//466 258//466 260//466
f 242//467 259//467 261//467
f 242//468 262//468 258//468
f 242//469 263//469 262//469
f 242//470 261//470 263//470
f 240//471 241//471 264//471
f 240//472 264//472 259//472
f 265//473 230//473 229//473
f 265//474 229//474 266//474
f 267//475 268//475 175//475
f 268//476 269//476 175//476
f 270//477 229//477 166//477
f 271//478 270//478 166//478
f 269//479 166//479 175//479
f 266//480 229//480 270//480
f 269//481 271//481 166//481
f 230//482 265//482 234//482
f 248//483 272//483 246//483
f 273//484 176//484 247//484
f 273//485 247//485 245//485
f 272//486 273//486 245//486
f 272//487 245//487 246//487
f 274//488 174//488 176//488
f 273//489 274//489 176//489
f 275//490 267//490 175//490
f 274//491 276//491 174//491
f 234//492 265//492 277//492
f 276//493 278//493 173//493
f 276//494 173//494 174//494
f 279//495 175//495 173//495
f 278//496 279//496 173//496
f 279//497 275//497 175//497
f 234//498 277//498 248//498
f 197//499 280//499 189//499
f 280//500 205//500 189//500
f 203//501 224//501 281//501
f 203//502 217//502 224//502
f 220//503 203//503 221//503
f 223//504 203//504 226//504
f 222//505 203//505 223//505
f 221//506 203//506 222//506
f 217//507 203//507 218//507
f 219//508 203//508 220//508
f 216//509 203//509 219//509
f 218//510 203//510 216//510
f 210//511 225//511 209//511
f 226//512 203//512 209//512
f 226//513 209//513 227//513
f 213//514 211//514 214//514
f 212//515 211//515 213//515
f 208//516 211//516 212//516
f 207//517 211//517 208//517
f 199//518 197//518 196//518
f 199//519 196//519 198//519
f 199//520 198//520 202//520
f 199//521 202//521 201//521
f 199//522 201//522 200//522
f 206//523 282//523 207//523
f 199//524 280//524 197//524
f 282//525 211//525 207//525
f 280//526 282//526 205//526
f 205//527 282//527 206//527
f 281//528 280//528 199//528
f 281//529 283//529 280//529
f 199//530 203//530 281//530
f 282//531 284//531 285//531
f 285//532 281//532 224//532
f 286//533 283//533 281//533
f 287//534 286//534 281//534
f 288//535 287//535 281//535
f 289//536 288//536 281//536
f 281//537 290//537 291//537
f 292//538 289//538 281//538
f 293//539 292//539 281//539
f 281//540 291//540 294//540
f 295//541 290//541 285//541
f 285//542 290//542 281//542
f 294//543 293//543 281//543
f 296//544 297//544 285//544
f 285//545 298//545 296//545
f 297//546 299//546 285//546
f 285//547 300//547 298//547
f 285//548 301//548 300//548
f 299//549 295//549 285//549
f 285//550 284//550 301//550
f 224//551 270//551 285//551
f 209//552 225//552 227//552
f 302//553 282//553 285//553
f 266//554 224//554 225//554
f 270//555 224//555 266//555
f 283//556 303//556 280//556
f 303//557 304//557 280//557
f 305//558 306//558 280//558
f 307//559 305//559 280//559
f 304//560 308//560 280//560
f 308//561 309//561 280//561
f 309//562 307//562 280//562
f 282//563 310//563 311//563
f 282//564 311//564 312//564
f 282//565 312//565 313//565
f 282//566 313//566 284//566
f 306//567 314//567 280//567
f 314//568 282//568 280//568
f 314//569 315//569 282//569
f 282//570 315//570 316//570
f 282//571 316//571 317//571
f 282//572 317//572 310//572
f 318//573 319//573 320//573
f 318//574 321//574 319//574
f 318//575 322//575 321//575
f 323//576 324//576 318//576
f 318//577 324//577 322//577
f 288//578 319//578 287//578
f 287//579 319//579 286//579
f 325//580 319//580 288//580
f 319//579 321//579 286//579
f 326//581 327//581 328//581
f 328//582 329//582 288//582
f 329//583 325//583 288//583
f 329//584 327//584 320//584
f 320//585 327//585 330//585
f 320//586 325//586 329//586
f 320//587 319//587 325//587
f 327//581 329//581 328//581
f 324//588 331//588 303//588
f 286//589 321//589 283//589
f 331//590 332//590 333//590
f 321//589 322//589 283//589
f 283//591 322//591 303//591
f 304//590 331//590 333//590
f 322//591 324//591 303//591
f 303//588 331//588 304//588
f 334//592 335//592 336//592
f 337//593 335//593 334//593
f 338//594 339//594 340//594
f 332//595 339//595 338//595
f 333//596 332//596 338//596
f 339//597 341//597 340//597
f 340//598 337//598 334//598
f 341//598 337//598 340//598
f 342//599 343//599 344//599
f 344//600 343//600 326//600
f 345//601 346//601 342//601
f 343//602 327//602 326//602
f 346//603 343//603 342//603
f 347//604 345//604 348//604
f 349//601 345//601 342//601
f 348//605 345//605 349//605
f 350//606 347//606 351//606
f 352//607 350//607 353//607
f 351//608 347//608 348//608
f 353//607 350//607 351//607
f 354//609 352//609 355//609
f 355//610 352//610 353//610
f 356//611 354//611 357//611
f 357//611 354//611 355//611
f 323//612 339//612 332//612
f 323//613 332//613 331//613
f 323//614 331//614 324//614
f 341//615 358//615 337//615
f 339//616 358//616 341//616
f 323//617 313//617 358//617
f 284//618 313//618 318//618
f 323//619 358//619 339//619
f 313//620 312//620 358//620
f 320//621 301//621 318//621
f 301//622 284//622 318//622
f 318//618 313//618 323//618
f 359//623 360//623 338//623
f 334//624 361//624 340//624
f 362//625 361//625 334//625
f 333//626 308//626 304//626
f 360//627 308//627 333//627
f 338//628 360//628 333//628
f 336//629 363//629 362//629
f 336//630 362//630 334//630
f 361//631 359//631 340//631
f 340//632 359//632 338//632
f 364//633 365//633 366//633
f 366//634 363//634 336//634
f 367//635 365//635 364//635
f 366//636 365//636 363//636
f 368//637 369//637 370//637
f 368//638 371//638 367//638
f 368//639 372//639 369//639
f 367//640 371//640 365//640
f 368//641 370//641 371//641
f 362//642 373//642 361//642
f 363//643 373//643 362//643
f 374//644 375//644 361//644
f 361//645 375//645 359//645
f 373//642 374//642 361//642
f 376//646 377//646 369//646
f 370//647 378//647 371//647
f 377//601 378//601 370//601
f 365//648 379//648 363//648
f 371//649 379//649 365//649
f 369//605 377//605 370//605
f 380//643 373//643 363//643
f 378//650 379//650 371//650
f 379//651 380//651 363//651
f 381//652 356//652 357//652
f 382//653 383//653 353//653
f 353//654 383//654 355//654
f 355//655 383//655 357//655
f 384//656 385//656 381//656
f 351//657 382//657 353//657
f 385//658 356//658 381//658
f 357//659 386//659 381//659
f 381//660 386//660 384//660
f 384//661 386//661 387//661
f 383//662 386//662 357//662
f 386//663 367//663 387//663
f 383//664 388//664 386//664
f 387//665 367//665 364//665
f 335//666 389//666 336//666
f 336//667 389//667 366//667
f 389//668 390//668 366//668
f 391//656 385//656 384//656
f 366//668 390//668 364//668
f 392//669 391//669 387//669
f 387//670 391//670 384//670
f 390//671 392//671 364//671
f 364//671 392//671 387//671
f 389//672 379//672 390//672
f 390//673 379//673 393//673
f 390//674 393//674 392//674
f 392//675 393//675 388//675
f 391//676 388//676 385//676
f 392//677 388//677 391//677
f 378//678 377//678 394//678
f 386//679 393//679 367//679
f 367//680 393//680 368//680
f 388//681 393//681 386//681
f 377//682 376//682 394//682
f 376//683 395//683 394//683
f 393//684 394//684 368//684
f 379//685 378//685 393//685
f 393//686 378//686 394//686
f 396//687 397//687 398//687
f 396//688 399//688 397//688
f 396//689 400//689 399//689
f 396//690 398//690 375//690
f 358//691 375//691 374//691
f 396//692 375//692 358//692
f 398//693 397//693 360//693
f 397//694 399//694 309//694
f 309//695 401//695 307//695
f 399//696 401//696 309//696
f 307//697 402//697 305//697
f 308//694 397//694 309//694
f 360//698 397//698 308//698
f 401//697 402//697 307//697
f 375//699 398//699 359//699
f 359//699 398//699 360//699
f 399//700 400//700 401//700
f 380//701 379//701 389//701
f 373//702 380//702 335//702
f 335//703 380//703 389//703
f 358//704 374//704 337//704
f 337//705 374//705 373//705
f 337//706 373//706 335//706
f 400//707 402//707 401//707
f 400//708 403//708 402//708
f 358//709 312//709 396//709
f 311//710 310//710 396//710
f 396//710 310//710 400//710
f 312//709 311//709 396//709
f 306//711 404//711 405//711
f 406//712 407//712 408//712
f 408//713 407//713 409//713
f 410//714 406//714 408//714
f 411//715 406//715 410//715
f 404//716 411//716 405//716
f 405//716 411//716 410//716
f 412//717 413//717 414//717
f 407//718 415//718 409//718
f 415//717 413//717 412//717
f 409//719 415//719 412//719
f 416//720 395//720 417//720
f 418//721 416//721 417//721
f 419//722 416//722 418//722
f 372//723 376//723 369//723
f 395//724 376//724 372//724
f 417//720 395//720 372//720
f 420//725 421//725 422//725
f 414//726 420//726 422//726
f 413//726 420//726 414//726
f 422//727 421//727 423//727
f 424//728 419//728 425//728
f 425//728 419//728 418//728
f 421//729 424//729 423//729
f 423//730 424//730 425//730
f 423//731 426//731 422//731
f 427//732 428//732 429//732
f 429//733 428//733 430//733
f 368//734 429//734 372//734
f 429//735 430//735 418//735
f 425//736 430//736 423//736
f 418//737 430//737 425//737
f 368//738 394//738 429//738
f 429//739 418//739 417//739
f 394//740 427//740 429//740
f 372//741 429//741 417//741
f 430//742 431//742 432//742
f 430//743 426//743 423//743
f 428//744 431//744 430//744
f 424//745 428//745 419//745
f 421//746 428//746 424//746
f 419//747 428//747 427//747
f 420//748 433//748 421//748
f 416//749 419//749 427//749
f 395//750 427//750 394//750
f 416//751 427//751 395//751
f 421//752 433//752 428//752
f 405//753 314//753 306//753
f 434//754 435//754 408//754
f 422//755 436//755 414//755
f 426//756 436//756 422//756
f 414//757 437//757 412//757
f 412//758 438//758 409//758
f 409//759 434//759 408//759
f 437//760 438//760 412//760
f 436//761 437//761 414//761
f 438//762 434//762 409//762
f 435//763 314//763 408//763
f 408//764 314//764 410//764
f 410//765 314//765 405//765
f 439//591 440//591 434//591
f 437//693 441//693 438//693
f 441//693 439//693 438//693
f 438//766 439//766 434//766
f 442//767 441//767 437//767
f 436//767 442//767 437//767
f 435//768 443//768 444//768
f 434//769 443//769 435//769
f 445//770 446//770 447//770
f 443//771 445//771 444//771
f 444//770 445//770 447//770
f 440//772 443//772 434//772
f 448//773 449//773 450//773
f 448//774 451//774 452//774
f 431//775 453//775 448//775
f 432//776 454//776 455//776
f 432//777 455//777 430//777
f 455//778 426//778 430//778
f 432//779 431//779 448//779
f 448//780 452//780 432//780
f 453//781 449//781 448//781
f 432//782 452//782 454//782
f 450//783 456//783 457//783
f 450//784 458//784 456//784
f 459//785 458//785 450//785
f 450//786 457//786 448//786
f 460//787 461//787 458//787
f 458//788 461//788 456//788
f 448//789 457//789 451//789
f 459//790 462//790 458//790
f 420//791 442//791 433//791
f 433//792 442//792 426//792
f 426//792 442//792 436//792
f 454//793 463//793 455//793
f 464//794 433//794 426//794
f 463//793 464//793 455//793
f 455//795 464//795 426//795
f 465//651 463//651 454//651
f 466//796 465//796 451//796
f 451//649 465//649 452//649
f 456//797 467//797 457//797
f 457//798 467//798 451//798
f 467//798 466//798 451//798
f 461//799 467//799 456//799
f 452//648 465//648 454//648
f 431//800 465//800 453//800
f 463//801 465//801 431//801
f 465//802 466//802 453//802
f 464//803 463//803 431//803
f 461//804 460//804 449//804
f 466//805 467//805 453//805
f 453//806 467//806 449//806
f 428//807 464//807 431//807
f 467//808 461//808 449//808
f 428//809 433//809 464//809
f 404//810 468//810 411//810
f 411//811 468//811 406//811
f 403//812 404//812 306//812
f 402//813 403//813 305//813
f 305//813 403//813 306//813
f 400//814 468//814 403//814
f 403//815 468//815 404//815
f 406//816 469//816 407//816
f 468//817 469//817 406//817
f 413//818 442//818 420//818
f 407//819 469//819 415//819
f 400//820 310//820 468//820
f 310//820 317//820 468//820
f 317//821 316//821 468//821
f 468//822 316//822 469//822
f 413//823 441//823 442//823
f 415//824 441//824 413//824
f 415//825 439//825 441//825
f 469//826 439//826 415//826
f 469//827 440//827 439//827
f 469//828 470//828 440//828
f 440//829 470//829 443//829
f 445//830 470//830 446//830
f 443//831 470//831 445//831
f 469//832 316//832 470//832
f 316//833 471//833 470//833
f 472//834 473//834 474//834
f 474//835 473//835 475//835
f 476//836 473//836 472//836
f 475//837 473//837 314//837
f 444//838 314//838 435//838
f 447//839 314//839 444//839
f 477//840 314//840 447//840
f 478//841 314//841 477//841
f 475//842 314//842 478//842
f 446//843 479//843 477//843
f 447//844 446//844 477//844
f 477//845 480//845 478//845
f 478//846 481//846 475//846
f 481//847 482//847 475//847
f 479//845 480//845 477//845
f 480//848 481//848 478//848
f 475//849 482//849 474//849
f 472//850 483//850 476//850
f 482//851 484//851 474//851
f 474//851 484//851 472//851
f 484//852 483//852 472//852
f 484//853 485//853 483//853
f 482//854 485//854 484//854
f 486//855 487//855 488//855
f 488//856 487//856 489//856
f 459//857 490//857 462//857
f 462//858 491//858 492//858
f 493//859 486//859 488//859
f 490//860 491//860 462//860
f 491//861 494//861 492//861
f 492//862 494//862 493//862
f 494//863 486//863 493//863
f 492//721 495//721 462//721
f 496//722 495//722 492//722
f 462//864 460//864 458//864
f 495//864 460//864 462//864
f 476//726 497//726 489//726
f 488//865 498//865 493//865
f 483//726 497//726 476//726
f 489//727 499//727 488//727
f 499//866 498//866 488//866
f 498//867 496//867 493//867
f 497//725 499//725 489//725
f 493//867 496//867 492//867
f 496//868 500//868 495//868
f 499//869 501//869 498//869
f 498//870 501//870 502//870
f 496//871 502//871 500//871
f 498//872 502//872 496//872
f 497//873 503//873 499//873
f 499//874 503//874 501//874
f 485//875 503//875 497//875
f 483//876 485//876 497//876
f 473//877 504//877 505//877
f 489//878 504//878 476//878
f 476//879 504//879 473//879
f 506//880 507//880 508//880
f 508//881 507//881 509//881
f 509//882 507//882 487//882
f 487//883 507//883 504//883
f 506//884 510//884 507//884
f 487//885 504//885 489//885
f 503//886 511//886 512//886
f 504//887 513//887 505//887
f 504//888 507//888 513//888
f 514//889 503//889 512//889
f 503//890 515//890 511//890
f 501//891 503//891 514//891
f 516//892 485//892 482//892
f 470//893 516//893 446//893
f 481//894 516//894 482//894
f 480//895 516//895 481//895
f 479//896 516//896 480//896
f 446//897 516//897 479//897
f 470//898 517//898 516//898
f 516//899 518//899 485//899
f 517//900 518//900 516//900
f 471//901 517//901 470//901
f 316//902 315//902 471//902
f 471//903 315//903 517//903
f 314//904 473//904 519//904
f 473//905 505//905 519//905
f 315//906 519//906 517//906
f 314//904 519//904 315//904
f 505//907 513//907 520//907
f 519//908 505//908 518//908
f 517//909 519//909 518//909
f 485//910 520//910 503//910
f 520//890 515//890 503//890
f 518//911 505//911 520//911
f 518//910 520//910 485//910
f 521//912 328//912 289//912
f 521//913 326//913 328//913
f 522//914 344//914 523//914
f 523//915 344//915 326//915
f 523//916 326//916 521//916
f 328//917 288//917 289//917
f 524//918 348//918 525//918
f 525//919 349//919 526//919
f 526//920 349//920 342//920
f 526//921 342//921 522//921
f 525//922 348//922 349//922
f 522//923 342//923 344//923
f 524//924 351//924 348//924
f 524//925 382//925 351//925
f 527//926 382//926 524//926
f 528//927 382//927 527//927
f 523//928 529//928 522//928
f 289//589 530//589 521//589
f 531//929 532//929 523//929
f 521//930 531//930 523//930
f 530//589 531//589 521//589
f 532//931 529//931 523//931
f 533//582 534//582 293//582
f 535//932 530//932 289//932
f 292//932 535//932 289//932
f 293//933 535//933 292//933
f 534//934 535//934 293//934
f 294//582 533//582 293//582
f 522//935 529//935 526//935
f 536//936 537//936 524//936
f 526//596 538//596 525//596
f 525//937 536//937 524//937
f 529//935 538//935 526//935
f 538//595 536//595 525//595
f 524//938 539//938 527//938
f 539//939 540//939 527//939
f 537//938 539//938 524//938
f 527//940 540//940 541//940
f 540//666 542//666 541//666
f 541//941 542//941 543//941
f 544//942 545//942 546//942
f 547//943 545//943 544//943
f 548//944 547//944 549//944
f 549//944 547//944 544//944
f 543//945 548//945 549//945
f 542//945 548//945 543//945
f 543//946 528//946 541//946
f 549//947 528//947 543//947
f 541//948 528//948 527//948
f 550//949 551//949 552//949
f 553//950 554//950 555//950
f 556//951 557//951 558//951
f 558//952 557//952 559//952
f 554//953 550//953 555//953
f 560//954 554//954 553//954
f 555//955 550//955 552//955
f 557//956 560//956 559//956
f 552//957 551//957 561//957
f 559//958 560//958 553//958
f 290//959 556//959 558//959
f 290//960 558//960 562//960
f 557//961 563//961 560//961
f 290//962 562//962 564//962
f 291//963 290//963 564//963
f 565//964 535//964 534//964
f 565//965 534//965 533//965
f 533//966 566//966 565//966
f 567//967 568//967 562//967
f 558//967 567//967 562//967
f 568//796 569//796 562//796
f 562//968 569//968 564//968
f 566//969 533//969 294//969
f 564//970 569//970 291//970
f 570//971 567//971 559//971
f 559//972 567//972 558//972
f 291//969 566//969 294//969
f 569//648 566//648 291//648
f 566//973 569//973 571//973
f 570//974 572//974 573//974
f 569//975 568//975 571//975
f 571//976 567//976 573//976
f 568//977 567//977 571//977
f 565//978 566//978 571//978
f 567//979 570//979 573//979
f 574//980 572//980 555//980
f 552//981 574//981 555//981
f 575//609 574//609 552//609
f 553//982 570//982 559//982
f 572//983 570//983 553//983
f 555//980 572//980 553//980
f 546//984 576//984 577//984
f 561//985 575//985 552//985
f 578//986 575//986 561//986
f 545//984 576//984 546//984
f 577//987 578//987 561//987
f 576//987 578//987 577//987
f 572//988 579//988 563//988
f 575//989 580//989 581//989
f 574//990 579//990 572//990
f 578//991 580//991 575//991
f 574//992 581//992 579//992
f 572//993 563//993 573//993
f 575//994 581//994 574//994
f 330//995 532//995 582//995
f 330//996 529//996 532//996
f 582//997 531//997 530//997
f 330//998 346//998 529//998
f 582//999 298//999 330//999
f 582//1000 532//1000 531//1000
f 343//1001 346//1001 330//1001
f 327//1002 343//1002 330//1002
f 330//1003 300//1003 320//1003
f 300//1003 301//1003 320//1003
f 298//1004 300//1004 330//1004
f 539//1005 583//1005 540//1005
f 346//1006 345//1006 538//1006
f 536//1007 347//1007 537//1007
f 538//1008 345//1008 536//1008
f 347//1009 350//1009 537//1009
f 529//1010 346//1010 538//1010
f 345//1011 347//1011 536//1011
f 350//1012 584//1012 537//1012
f 537//1013 584//1013 539//1013
f 539//1014 584//1014 583//1014
f 582//1015 535//1015 565//1015
f 296//1016 298//1016 582//1016
f 582//1017 530//1017 535//1017
f 540//1018 583//1018 542//1018
f 542//1019 583//1019 548//1019
f 571//1020 297//1020 565//1020
f 565//1021 296//1021 582//1021
f 297//1022 296//1022 565//1022
f 585//1023 586//1023 587//1023
f 561//1024 585//1024 577//1024
f 544//1025 587//1025 549//1025
f 546//1026 587//1026 544//1026
f 577//1027 585//1027 546//1027
f 587//1025 528//1025 549//1025
f 546//1028 585//1028 587//1028
f 528//1029 583//1029 382//1029
f 588//1030 583//1030 587//1030
f 587//1030 583//1030 528//1030
f 586//1031 588//1031 587//1031
f 382//1032 589//1032 383//1032
f 584//1033 589//1033 382//1033
f 589//1034 388//1034 383//1034
f 352//1035 584//1035 350//1035
f 352//1036 589//1036 584//1036
f 385//1037 388//1037 589//1037
f 385//1038 589//1038 356//1038
f 356//1039 589//1039 354//1039
f 354//1040 589//1040 352//1040
f 583//1041 584//1041 382//1041
f 548//1042 583//1042 588//1042
f 590//1043 585//1043 551//1043
f 551//1044 585//1044 561//1044
f 591//1045 592//1045 593//1045
f 593//1046 592//1046 590//1046
f 594//1047 595//1047 596//1047
f 590//1048 592//1048 585//1048
f 597//1049 596//1049 591//1049
f 598//1050 596//1050 597//1050
f 596//1051 595//1051 592//1051
f 591//1052 596//1052 592//1052
f 592//1053 595//1053 585//1053
f 550//1054 580//1054 551//1054
f 579//1055 581//1055 550//1055
f 563//1056 579//1056 554//1056
f 551//1057 580//1057 590//1057
f 554//1058 579//1058 550//1058
f 580//1057 599//1057 590//1057
f 560//1059 563//1059 554//1059
f 581//1060 580//1060 550//1060
f 600//1061 601//1061 597//1061
f 602//1062 600//1062 593//1062
f 590//1063 602//1063 593//1063
f 599//1064 602//1064 590//1064
f 601//939 603//939 597//939
f 593//1065 600//1065 591//1065
f 591//1061 600//1061 597//1061
f 603//1066 604//1066 598//1066
f 597//940 603//940 598//940
f 598//1066 604//1066 605//1066
f 547//1067 588//1067 545//1067
f 548//1068 588//1068 547//1068
f 595//1069 586//1069 585//1069
f 588//1070 586//1070 545//1070
f 545//1071 586//1071 576//1071
f 576//1072 586//1072 578//1072
f 601//1073 594//1073 603//1073
f 600//1074 594//1074 601//1074
f 586//1075 595//1075 599//1075
f 595//1076 594//1076 600//1076
f 580//1077 586//1077 599//1077
f 578//1078 586//1078 580//1078
f 599//1079 595//1079 602//1079
f 602//1080 595//1080 600//1080
f 606//1081 607//1081 605//1081
f 605//1082 607//1082 598//1082
f 598//1083 607//1083 596//1083
f 608//1084 609//1084 606//1084
f 606//1085 609//1085 607//1085
f 608//1086 610//1086 609//1086
f 607//1087 594//1087 596//1087
f 611//1088 612//1088 613//1088
f 604//1089 611//1089 613//1089
f 603//1090 611//1090 604//1090
f 594//1091 611//1091 603//1091
f 611//1092 594//1092 607//1092
f 614//1093 615//1093 609//1093
f 616//1094 614//1094 609//1094
f 610//1095 616//1095 609//1095
f 612//1096 611//1096 609//1096
f 609//1097 611//1097 607//1097
f 617//1098 612//1098 615//1098
f 615//1099 612//1099 609//1099
f 290//1100 618//1100 619//1100
f 290//1101 620//1101 618//1101
f 290//1102 619//1102 621//1102
f 622//1103 620//1103 290//1103
f 622//1104 623//1104 620//1104
f 622//1105 624//1105 623//1105
f 622//1106 625//1106 624//1106
f 290//1107 621//1107 626//1107
f 626//1108 556//1108 290//1108
f 556//1109 627//1109 557//1109
f 628//1110 629//1110 556//1110
f 626//1110 628//1110 556//1110
f 629//1109 627//1109 556//1109
f 621//1111 628//1111 626//1111
f 627//1112 563//1112 557//1112
f 620//1113 630//1113 618//1113
f 631//967 630//967 620//967
f 623//972 631//972 620//972
f 632//1114 633//1114 621//1114
f 619//970 632//970 621//970
f 633//1115 628//1115 621//1115
f 618//968 632//968 619//968
f 630//1116 632//1116 618//1116
f 628//1117 633//1117 634//1117
f 633//1118 632//1118 635//1118
f 632//1119 630//1119 635//1119
f 636//972 631//972 623//972
f 634//1120 633//1120 635//1120
f 631//1121 636//1121 635//1121
f 635//1122 636//1122 637//1122
f 638//1123 622//1123 290//1123
f 630//1124 631//1124 635//1124
f 295//1125 638//1125 290//1125
f 634//1126 629//1126 628//1126
f 573//1127 563//1127 627//1127
f 634//1128 639//1128 573//1128
f 573//1129 299//1129 571//1129
f 639//1128 299//1128 573//1128
f 635//1130 639//1130 634//1130
f 299//1129 297//1129 571//1129
f 634//1131 627//1131 629//1131
f 573//1132 627//1132 634//1132
f 637//1133 640//1133 635//1133
f 641//1133 640//1133 637//1133
f 640//1130 639//1130 635//1130
f 639//1134 295//1134 299//1134
f 639//1135 640//1135 295//1135
f 640//1136 638//1136 295//1136
f 640//1137 641//1137 638//1137
f 622//1138 642//1138 625//1138
f 642//1139 643//1139 625//1139
f 613//1140 644//1140 606//1140
f 605//1141 613//1141 606//1141
f 604//1141 613//1141 605//1141
f 608//1142 645//1142 646//1142
f 644//1143 645//1143 608//1143
f 606//1140 644//1140 608//1140
f 624//1144 636//1144 623//1144
f 643//1145 647//1145 625//1145
f 647//720 648//720 625//720
f 649//1146 647//1146 643//1146
f 625//720 648//720 624//720
f 648//1144 636//1144 624//1144
f 646//727 650//727 651//727
f 652//1147 649//1147 643//1147
f 653//1147 649//1147 652//1147
f 645//727 650//727 646//727
f 650//652 653//652 651//652
f 651//1148 653//1148 652//1148
f 613//1149 612//1149 644//1149
f 649//1150 654//1150 637//1150
f 653//1151 654//1151 649//1151
f 647//1152 649//1152 637//1152
f 648//1153 647//1153 637//1153
f 636//1154 648//1154 637//1154
f 651//1155 655//1155 646//1155
f 646//1156 656//1156 608//1156
f 652//1157 657//1157 658//1157
f 658//1158 655//1158 651//1158
f 643//1159 657//1159 652//1159
f 656//1160 610//1160 608//1160
f 655//1156 656//1156 646//1156
f 652//1161 658//1161 651//1161
f 659//1162 657//1162 642//1162
f 642//1163 657//1163 643//1163
f 660//968 661//968 662//968
f 663//1116 661//1116 660//1116
f 662//970 661//970 657//970
f 657//1164 664//1164 658//1164
f 659//1165 660//1165 662//1165
f 661//1114 664//1114 657//1114
f 659//1166 662//1166 657//1166
f 659//1167 665//1167 660//1167
f 666//1168 665//1168 659//1168
f 612//1169 667//1169 644//1169
f 644//1170 667//1170 668//1170
f 645//1171 669//1171 650//1171
f 645//1172 668//1172 669//1172
f 644//1173 668//1173 645//1173
f 650//1174 670//1174 653//1174
f 650//1175 669//1175 670//1175
f 610//1176 667//1176 616//1176
f 668//1177 667//1177 610//1177
f 671//1178 672//1178 614//1178
f 656//1179 668//1179 610//1179
f 667//1056 671//1056 616//1056
f 616//1180 671//1180 614//1180
f 655//1109 668//1109 656//1109
f 670//1110 669//1110 655//1110
f 658//1110 670//1110 655//1110
f 669//1109 668//1109 655//1109
f 664//1181 670//1181 658//1181
f 612//1182 671//1182 667//1182
f 612//1183 672//1183 671//1183
f 612//1184 617//1184 672//1184
f 653//1185 670//1185 654//1185
f 670//1186 664//1186 654//1186
f 673//1187 659//1187 642//1187
f 673//1188 674//1188 659//1188
f 654//1189 641//1189 637//1189
f 675//1190 641//1190 654//1190
f 641//1191 673//1191 638//1191
f 638//1192 673//1192 642//1192
f 641//1193 675//1193 673//1193
f 638//1194 642//1194 622//1194
f 675//1195 674//1195 673//1195
f 676//1196 677//1196 678//1196
f 664//1197 661//1197 654//1197
f 654//1198 661//1198 678//1198
f 661//1199 663//1199 678//1199
f 663//1200 676//1200 678//1200
f 675//1201 679//1201 674//1201
f 674//1202 666//1202 659//1202
f 679//1203 680//1203 674//1203
f 674//1204 680//1204 666//1204
f 678//1205 675//1205 654//1205
f 679//1206 675//1206 678//1206
f 681//1207 490//1207 459//1207
f 682//1208 683//1208 684//1208
f 685//1209 682//1209 684//1209
f 685//1210 686//1210 682//1210
f 683//1211 687//1211 684//1211
f 684//1212 687//1212 459//1212
f 685//1213 688//1213 686//1213
f 687//1214 681//1214 459//1214
f 459//1215 689//1215 684//1215
f 685//1216 690//1216 688//1216
f 691//1217 690//1217 685//1217
f 692//1218 693//1218 685//1218
f 684//944 692//944 685//944
f 689//944 692//944 684//944
f 691//1219 694//1219 690//1219
f 695//1220 694//1220 691//1220
f 685//1221 693//1221 691//1221
f 460//1222 495//1222 696//1222
f 495//1223 500//1223 697//1223
f 696//1071 698//1071 699//1071
f 696//1224 689//1224 459//1224
f 449//1225 460//1225 696//1225
f 495//1226 697//1226 696//1226
f 696//1227 697//1227 698//1227
f 450//1228 696//1228 459//1228
f 449//1229 696//1229 450//1229
f 689//1230 700//1230 692//1230
f 700//1231 701//1231 692//1231
f 689//1232 702//1232 700//1232
f 703//1233 704//1233 692//1233
f 692//1234 704//1234 693//1234
f 689//1235 699//1235 702//1235
f 696//1236 699//1236 689//1236
f 704//1237 705//1237 693//1237
f 701//1018 703//1018 692//1018
f 614//1238 706//1238 615//1238
f 706//1239 707//1239 615//1239
f 707//1240 708//1240 615//1240
f 709//1241 710//1241 711//1241
f 711//1242 710//1242 708//1242
f 711//1243 708//1243 712//1243
f 712//1244 708//1244 713//1244
f 713//1245 708//1245 707//1245
f 714//1246 715//1246 710//1246
f 716//1247 715//1247 714//1247
f 710//1248 717//1248 708//1248
f 715//1249 717//1249 710//1249
f 708//1250 617//1250 615//1250
f 717//1251 617//1251 708//1251
f 718//1252 695//1252 691//1252
f 710//1253 719//1253 714//1253
f 720//1254 721//1254 714//1254
f 719//1255 722//1255 714//1255
f 722//1256 720//1256 714//1256
f 723//1257 719//1257 710//1257
f 721//1258 724//1258 725//1258
f 714//1259 721//1259 725//1259
f 725//1260 718//1260 691//1260
f 724//1261 718//1261 725//1261
f 726//1262 727//1262 728//1262
f 709//1263 723//1263 710//1263
f 709//1264 728//1264 723//1264
f 726//1262 728//1262 709//1262
f 729//579 730//579 722//579
f 722//579 730//579 720//579
f 731//580 729//580 719//580
f 719//578 729//578 722//578
f 732//1265 731//1265 719//1265
f 730//1266 733//1266 720//1266
f 723//1265 732//1265 719//1265
f 720//1267 733//1267 721//1267
f 728//581 734//581 723//581
f 727//1268 735//1268 728//1268
f 736//1269 735//1269 727//1269
f 737//1270 735//1270 736//1270
f 738//1271 739//1271 740//1271
f 735//1268 734//1268 728//1268
f 740//1272 737//1272 736//1272
f 734//581 732//581 723//581
f 739//1272 737//1272 740//1272
f 693//1273 705//1273 741//1273
f 693//1274 741//1274 742//1274
f 691//1275 743//1275 725//1275
f 693//1276 742//1276 743//1276
f 743//1277 716//1277 725//1277
f 693//1275 743//1275 691//1275
f 725//1277 716//1277 714//1277
f 716//1278 731//1278 715//1278
f 743//1279 730//1279 716//1279
f 715//1280 731//1280 732//1280
f 716//1281 729//1281 731//1281
f 743//1282 744//1282 733//1282
f 743//1283 733//1283 730//1283
f 716//1284 730//1284 729//1284
f 743//1285 742//1285 744//1285
f 695//1286 745//1286 746//1286
f 718//1287 741//1287 695//1287
f 742//590 741//590 718//590
f 744//1288 742//1288 724//1288
f 724//696 742//696 718//696
f 733//1289 744//1289 724//1289
f 721//1289 733//1289 724//1289
f 741//1290 745//1290 695//1290
f 747//1291 748//1291 749//1291
f 747//1292 749//1292 746//1292
f 746//1293 749//1293 694//1293
f 750//1294 751//1294 752//1294
f 752//1295 751//1295 748//1295
f 752//1296 748//1296 747//1296
f 746//1297 694//1297 695//1297
f 490//1298 697//1298 491//1298
f 682//1299 700//1299 683//1299
f 699//579 698//579 681//579
f 681//1300 698//1300 490//1300
f 698//1301 697//1301 490//1301
f 700//1299 702//1299 683//1299
f 683//578 699//578 687//578
f 687//579 699//579 681//579
f 702//580 699//580 683//580
f 697//694 500//694 491//694
f 704//603 703//603 690//603
f 690//1302 703//1302 688//1302
f 703//648 701//648 686//648
f 688//970 703//970 686//970
f 694//1272 705//1272 690//1272
f 701//1303 700//1303 682//1303
f 686//1303 701//1303 682//1303
f 705//798 704//798 690//798
f 753//1304 705//1304 749//1304
f 749//1305 705//1305 694//1305
f 754//724 753//724 748//724
f 748//1306 753//1306 749//1306
f 755//717 756//717 757//717
f 758//1307 759//1307 760//1307
f 760//1307 759//1307 755//1307
f 761//667 758//667 506//667
f 506//666 758//666 760//666
f 508//1308 761//1308 506//1308
f 762//1309 761//1309 508//1309
f 759//717 756//717 755//717
f 509//1310 762//1310 508//1310
f 763//720 754//720 751//720
f 751//720 754//720 748//720
f 764//1311 763//1311 765//1311
f 765//1312 763//1312 751//1312
f 766//1313 767//1313 768//1313
f 769//1314 764//1314 765//1314
f 767//1314 764//1314 769//1314
f 768//1313 767//1313 769//1313
f 770//727 766//727 771//727
f 771//1315 766//1315 768//1315
f 757//1142 770//1142 771//1142
f 756//1143 770//1143 757//1143
f 768//1316 772//1316 771//1316
f 760//1317 510//1317 506//1317
f 771//1318 772//1318 757//1318
f 757//1319 772//1319 755//1319
f 755//1320 772//1320 510//1320
f 755//1321 510//1321 760//1321
f 751//1322 773//1322 765//1322
f 767//1323 774//1323 764//1323
f 766//1324 774//1324 767//1324
f 775//1325 772//1325 768//1325
f 750//1326 773//1326 751//1326
f 765//1327 775//1327 769//1327
f 773//1328 775//1328 765//1328
f 769//1329 775//1329 768//1329
f 772//1330 775//1330 776//1330
f 770//1331 774//1331 766//1331
f 777//1332 778//1332 779//1332
f 779//1333 778//1333 780//1333
f 781//1334 777//1334 782//1334
f 778//1335 783//1335 780//1335
f 780//1142 783//1142 784//1142
f 782//1307 777//1307 779//1307
f 750//941 781//941 782//941
f 785//1336 786//1336 787//1336
f 788//1337 785//1337 787//1337
f 786//981 789//981 790//981
f 791//1337 785//1337 788//1337
f 783//727 791//727 784//727
f 784//727 791//727 788//727
f 790//981 789//981 792//981
f 787//1338 786//1338 790//1338
f 788//1339 793//1339 784//1339
f 787//1340 793//1340 788//1340
f 780//1341 794//1341 779//1341
f 784//1342 794//1342 780//1342
f 793//1343 794//1343 784//1343
f 752//1344 795//1344 750//1344
f 745//1345 796//1345 746//1345
f 746//1346 796//1346 747//1346
f 747//1347 796//1347 752//1347
f 797//1348 795//1348 752//1348
f 796//1347 797//1347 752//1347
f 753//1349 754//1349 796//1349
f 741//1350 705//1350 745//1350
f 705//1351 753//1351 745//1351
f 796//1352 754//1352 797//1352
f 754//1353 763//1353 797//1353
f 745//1354 753//1354 796//1354
f 763//1355 798//1355 797//1355
f 795//666 781//666 750//666
f 795//1356 798//1356 781//1356
f 797//1357 798//1357 795//1357
f 781//1358 798//1358 799//1358
f 777//1359 799//1359 778//1359
f 778//1360 799//1360 783//1360
f 781//1361 799//1361 777//1361
f 782//1362 773//1362 750//1362
f 779//1363 773//1363 782//1363
f 794//1364 773//1364 779//1364
f 773//1365 794//1365 800//1365
f 774//1366 801//1366 798//1366
f 798//1367 802//1367 799//1367
f 764//1368 774//1368 798//1368
f 773//1369 800//1369 803//1369
f 764//1370 798//1370 763//1370
f 775//1371 803//1371 776//1371
f 775//1372 773//1372 803//1372
f 801//1373 802//1373 798//1373
f 491//1374 502//1374 494//1374
f 514//711 512//711 509//711
f 494//590 502//590 486//590
f 500//1374 502//1374 491//1374
f 512//1310 762//1310 509//1310
f 501//1375 514//1375 487//1375
f 487//1376 514//1376 509//1376
f 502//590 501//590 486//590
f 486//1377 501//1377 487//1377
f 762//1378 511//1378 761//1378
f 512//1379 511//1379 762//1379
f 761//1380 511//1380 758//1380
f 507//1381 510//1381 804//1381
f 511//1382 805//1382 758//1382
f 756//1383 805//1383 770//1383
f 759//1384 805//1384 756//1384
f 758//1385 805//1385 759//1385
f 770//1386 805//1386 774//1386
f 510//1387 772//1387 806//1387
f 510//1388 806//1388 804//1388
f 511//1389 807//1389 805//1389
f 515//1390 807//1390 511//1390
f 515//1391 804//1391 807//1391
f 513//1392 804//1392 515//1392
f 520//1393 513//1393 515//1393
f 807//1394 804//1394 806//1394
f 507//1395 804//1395 513//1395
f 808//1396 776//1396 801//1396
f 801//1397 776//1397 803//1397
f 807//1398 806//1398 808//1398
f 808//1366 801//1366 774//1366
f 807//1399 808//1399 805//1399
f 805//1400 808//1400 774//1400
f 808//1401 806//1401 776//1401
f 772//1330 776//1330 806//1330
f 666//1402 809//1402 665//1402
f 810//1403 811//1403 812//1403
f 812//1404 811//1404 813//1404
f 813//1405 811//1405 814//1405
f 666//1406 811//1406 810//1406
f 666//1407 810//1407 809//1407
f 665//1408 676//1408 660//1408
f 809//605 676//605 665//605
f 677//1409 676//1409 809//1409
f 676//1410 663//1410 660//1410
f 815//1144 677//1144 810//1144
f 810//1411 677//1411 809//1411
f 816//1412 815//1412 812//1412
f 812//1412 815//1412 810//1412
f 817//1312 816//1312 813//1312
f 818//1413 819//1413 820//1413
f 820//1414 819//1414 821//1414
f 822//1415 818//1415 820//1415
f 821//987 823//987 814//987
f 819//987 823//987 821//987
f 814//611 817//611 813//611
f 823//1416 817//1416 814//1416
f 813//1312 816//1312 812//1312
f 706//1417 824//1417 707//1417
f 672//1060 824//1060 614//1060
f 614//1054 824//1054 706//1054
f 707//1418 825//1418 713//1418
f 713//1419 826//1419 712//1419
f 825//1420 826//1420 713//1420
f 824//1417 825//1417 707//1417
f 826//1421 827//1421 712//1421
f 711//940 828//940 709//940
f 709//1066 829//1066 726//1066
f 828//1066 829//1066 709//1066
f 827//1422 830//1422 712//1422
f 712//1423 830//1423 711//1423
f 830//1424 828//1424 711//1424
f 831//1140 832//1140 833//1140
f 833//1140 832//1140 822//1140
f 832//1425 818//1425 822//1425
f 829//1141 831//1141 726//1141
f 726//1141 831//1141 833//1141
f 617//1426 717//1426 825//1426
f 617//1427 825//1427 824//1427
f 717//1428 715//1428 830//1428
f 617//1429 824//1429 672//1429
f 830//1430 715//1430 828//1430
f 827//1431 717//1431 830//1431
f 826//1432 717//1432 827//1432
f 825//1433 717//1433 826//1433
f 818//1434 834//1434 819//1434
f 811//1435 835//1435 814//1435
f 833//1436 727//1436 726//1436
f 833//1437 736//1437 727//1437
f 814//1438 835//1438 821//1438
f 821//1439 835//1439 820//1439
f 820//1440 836//1440 822//1440
f 835//1441 836//1441 820//1441
f 822//1442 836//1442 740//1442
f 822//1443 740//1443 736//1443
f 822//1444 736//1444 833//1444
f 715//1445 732//1445 828//1445
f 828//1446 734//1446 829//1446
f 831//1447 737//1447 832//1447
f 735//1448 737//1448 831//1448
f 732//1449 734//1449 828//1449
f 734//1450 735//1450 829//1450
f 829//1451 735//1451 831//1451
f 832//1452 737//1452 837//1452
f 737//1453 739//1453 837//1453
f 832//1454 837//1454 818//1454
f 818//692 837//692 834//692
f 838//1455 679//1455 839//1455
f 679//1456 838//1456 680//1456
f 838//1457 840//1457 680//1457
f 839//1455 679//1455 678//1455
f 680//1458 840//1458 811//1458
f 680//1459 811//1459 666//1459
f 815//1460 839//1460 677//1460
f 677//1461 839//1461 678//1461
f 816//1462 817//1462 839//1462
f 815//1463 816//1463 839//1463
f 837//1464 841//1464 834//1464
f 842//1465 841//1465 837//1465
f 817//1466 834//1466 839//1466
f 823//1467 834//1467 817//1467
f 819//1468 834//1468 823//1468
f 841//1469 838//1469 834//1469
f 841//1470 842//1470 843//1470
f 840//1471 835//1471 811//1471
f 840//1472 843//1472 835//1472
f 841//1473 843//1473 840//1473
f 838//1474 841//1474 840//1474
f 834//1469 838//1469 839//1469
f 836//1475 738//1475 740//1475
f 836//1476 844//1476 845//1476
f 836//1477 845//1477 738//1477
f 845//1478 844//1478 792//1478
f 792//1479 844//1479 790//1479
f 783//1480 846//1480 791//1480
f 791//1481 846//1481 785//1481
f 785//1482 846//1482 786//1482
f 847//1483 739//1483 738//1483
f 792//980 848//980 845//980
f 789//980 848//980 792//980
f 848//1484 847//1484 845//1484
f 845//723 847//723 738//723
f 786//1485 846//1485 849//1485
f 786//1486 849//1486 789//1486
f 789//1487 849//1487 848//1487
f 848//1488 849//1488 847//1488
f 847//1489 849//1489 837//1489
f 739//1490 847//1490 837//1490
f 783//1491 799//1491 846//1491
f 844//1492 793//1492 790//1492
f 790//1493 793//1493 787//1493
f 794//1494 793//1494 850//1494
f 851//1495 793//1495 844//1495
f 851//1495 850//1495 793//1495
f 852//1496 844//1496 836//1496
f 852//1497 851//1497 844//1497
f 843//1498 836//1498 835//1498
f 843//1499 852//1499 836//1499
f 853//1500 842//1500 849//1500
f 849//1501 842//1501 837//1501
f 846//1502 853//1502 849//1502
f 801//1503 803//1503 802//1503
f 802//1504 803//1504 800//1504
f 802//1505 800//1505 854//1505
f 854//1506 800//1506 850//1506
f 794//1494 850//1494 800//1494
f 802//1507 854//1507 799//1507
f 854//1508 853//1508 846//1508
f 799//1509 854//1509 846//1509
f 842//1510 853//1510 852//1510
f 842//1511 852//1511 843//1511
f 853//1512 851//1512 852//1512
f 853//1513 854//1513 851//1513
f 854//1514 850//1514 851//1514
f 282//1515 855//1515 253//1515
f 282//1516 253//1516 211//1516
f 855//553 282//553 302//553
f 211//1517 253//1517 210//1517
f 210//1518 253//1518 856//1518
f 193//1519 210//1519 209//1519
f 225//1520 210//1520 856//1520
f 225//1521 856//1521 266//1521
f 241//1522 239//1522 857//1522
f 241//1523 857//1523 264//1523
f 266//1524 856//1524 249//1524
f 856//1525 231//1525 249//1525
f 239//1526 252//1526 857//1526
f 231//1527 856//1527 253//1527
f 263//1528 261//1528 257//1528
f 261//1529 259//1529 257//1529
f 253//1530 251//1530 255//1530
f 253//1531 255//1531 254//1531
f 253//1532 254//1532 256//1532
f 855//1533 857//1533 252//1533
f 855//1534 252//1534 251//1534
f 855//1535 251//1535 253//1535
f 259//1536 264//1536 257//1536
f 264//1537 857//1537 257//1537
f 858//1538 302//1538 859//1538
f 860//1539 302//1539 858//1539
f 859//1540 302//1540 861//1540
f 302//1541 285//1541 270//1541
f 862//1542 861//1542 302//1542
f 257//1543 863//1543 277//1543
f 250//1544 257//1544 277//1544
f 265//1545 249//1545 277//1545
f 277//1546 249//1546 250//1546
f 248//1547 863//1547 272//1547
f 249//1548 265//1548 266//1548
f 272//1549 863//1549 273//1549
f 248//1550 277//1550 863//1550
f 857//1551 864//1551 863//1551
f 257//1552 857//1552 863//1552
f 262//1553 263//1553 257//1553
f 258//1554 262//1554 257//1554
f 260//1555 258//1555 257//1555
f 865//1556 855//1556 302//1556
f 863//1557 302//1557 269//1557
f 271//1558 302//1558 270//1558
f 269//1559 302//1559 271//1559
f 275//1560 863//1560 267//1560
f 279//1561 863//1561 275//1561
f 278//1562 863//1562 279//1562
f 276//1563 863//1563 278//1563
f 274//1564 863//1564 276//1564
f 273//1565 863//1565 274//1565
f 267//1566 863//1566 268//1566
f 268//1567 863//1567 269//1567
f 863//1568 866//1568 867//1568
f 863//1569 864//1569 866//1569
f 868//1570 302//1570 860//1570
f 869//1571 302//1571 868//1571
f 863//1572 867//1572 870//1572
f 871//1573 302//1573 869//1573
f 865//1574 302//1574 871//1574
f 872//1575 862//1575 863//1575
f 863//1576 870//1576 873//1576
f 863//1577 874//1577 875//1577
f 863//1578 862//1578 302//1578
f 863//1579 873//1579 876//1579
f 863//1580 876//1580 874//1580
f 875//1581 872//1581 863//1581
f 877//1582 855//1582 878//1582
f 878//1583 855//1583 865//1583
f 879//1584 855//1584 877//1584
f 880//1585 855//1585 879//1585
f 857//1586 881//1586 882//1586
f 857//1587 883//1587 881//1587
f 857//1588 882//1588 884//1588
f 857//1589 885//1589 886//1589
f 857//1590 884//1590 864//1590
f 857//1591 886//1591 887//1591
f 857//1592 887//1592 883//1592
f 888//1593 855//1593 880//1593
f 889//1594 855//1594 888//1594
f 890//1595 855//1595 889//1595
f 890//1596 891//1596 855//1596
f 891//1597 857//1597 855//1597
f 857//1598 891//1598 885//1598
f 865//1599 871//1599 892//1599
f 893//620 877//620 894//620
f 878//1600 865//1600 892//1600
f 893//1601 894//1601 895//1601
f 877//617 878//617 894//617
f 894//1602 878//1602 892//1602
f 893//1603 896//1603 897//1603
f 893//1604 895//1604 896//1604
f 898//1605 892//1605 899//1605
f 900//1606 892//1606 898//1606
f 901//1607 892//1607 900//1607
f 892//1599 871//1599 902//1599
f 899//1608 892//1608 902//1608
f 901//1609 894//1609 892//1609
f 895//1610 894//1610 903//1610
f 903//1611 894//1611 904//1611
f 904//1612 894//1612 901//1612
f 904//590 905//590 903//590
f 903//1613 906//1613 895//1613
f 905//1614 906//1614 903//1614
f 907//1615 908//1615 893//1615
f 908//1616 879//1616 893//1616
f 907//1617 893//1617 909//1617
f 879//709 877//709 893//709
f 910//1618 911//1618 912//1618
f 912//1619 911//1619 913//1619
f 911//1620 914//1620 913//1620
f 911//1621 908//1621 914//1621
f 914//1622 908//1622 915//1622
f 915//1623 908//1623 916//1623
f 916//1624 908//1624 907//1624
f 880//1625 879//1625 908//1625
f 911//1625 880//1625 908//1625
f 909//1626 893//1626 897//1626
f 909//1627 897//1627 917//1627
f 918//634 919//634 920//634
f 918//1628 917//1628 919//1628
f 917//1629 897//1629 919//1629
f 921//1630 918//1630 920//1630
f 921//1631 920//1631 922//1631
f 921//1632 922//1632 923//1632
f 924//1633 925//1633 926//1633
f 927//702 928//702 929//702
f 926//706 927//706 929//706
f 905//1634 881//1634 930//1634
f 924//1635 931//1635 925//1635
f 926//705 925//705 927//705
f 906//1636 931//1636 924//1636
f 882//1637 881//1637 905//1637
f 906//1638 930//1638 931//1638
f 905//1639 930//1639 906//1639
f 932//639 933//639 934//639
f 933//637 935//637 934//637
f 935//641 936//641 934//641
f 937//1640 932//1640 934//1640
f 936//1641 921//1641 923//1641
f 936//638 923//638 934//638
f 915//694 883//694 914//694
f 930//1642 881//1642 916//1642
f 916//698 881//698 915//698
f 881//694 883//694 915//694
f 907//1643 930//1643 916//1643
f 914//1644 887//1644 913//1644
f 883//1645 887//1645 914//1645
f 925//1646 931//1646 909//1646
f 931//1647 930//1647 907//1647
f 917//794 925//794 909//794
f 909//1646 931//1646 907//1646
f 913//697 886//697 912//697
f 887//1648 886//1648 913//1648
f 912//813 885//813 910//813
f 886//813 885//813 912//813
f 885//812 938//812 910//812
f 910//711 938//711 939//711
f 940//650 941//650 936//650
f 936//796 941//796 921//796
f 921//1649 928//1649 918//1649
f 941//1650 928//1650 921//1650
f 918//1651 927//1651 917//1651
f 928//643 927//643 918//643
f 935//647 940//647 936//647
f 927//794 925//794 917//794
f 942//601 940//601 935//601
f 943//1652 942//1652 935//1652
f 944//724 943//724 932//724
f 932//723 943//723 933//723
f 933//1653 943//1653 935//1653
f 945//720 944//720 946//720
f 946//720 944//720 932//720
f 888//1654 880//1654 911//1654
f 889//1655 888//1655 947//1655
f 947//1654 888//1654 911//1654
f 948//1656 889//1656 947//1656
f 948//1657 949//1657 950//1657
f 948//1658 951//1658 949//1658
f 948//1659 947//1659 951//1659
f 952//1660 948//1660 950//1660
f 947//1661 953//1661 951//1661
f 947//1662 911//1662 910//1662
f 947//1663 910//1663 939//1663
f 947//1664 939//1664 953//1664
f 954//1665 955//1665 956//1665
f 954//1666 956//1666 957//1666
f 954//1667 948//1667 958//1667
f 959//833 889//833 948//833
f 958//1668 948//1668 952//1668
f 954//832 959//832 948//832
f 890//1669 889//1669 959//1669
f 937//741 946//741 932//741
f 960//739 946//739 937//739
f 961//737 962//737 960//737
f 961//735 960//735 937//735
f 961//736 963//736 962//736
f 964//731 965//731 963//731
f 964//1670 961//1670 966//1670
f 964//1086 963//1086 961//1086
f 967//756 965//756 964//756
f 967//1671 968//1671 965//1671
f 969//1672 968//1672 967//1672
f 969//1673 950//1673 968//1673
f 952//1674 950//1674 969//1674
f 966//1675 961//1675 970//1675
f 939//1676 971//1676 953//1676
f 938//598 971//598 939//598
f 972//718 973//718 949//718
f 949//718 973//718 950//718
f 951//1677 972//1677 949//1677
f 974//1677 972//1677 951//1677
f 971//1678 974//1678 953//1678
f 953//715 974//715 951//715
f 950//852 975//852 968//852
f 973//852 975//852 950//852
f 962//728 976//728 960//728
f 977//728 976//728 962//728
f 960//721 945//721 946//721
f 976//722 945//722 960//722
f 978//725 979//725 965//725
f 963//730 977//730 962//730
f 979//729 977//729 963//729
f 965//727 979//727 963//727
f 975//1142 978//1142 968//1142
f 968//1143 978//1143 965//1143
f 972//1679 980//1679 973//1679
f 973//1680 980//1680 981//1680
f 973//1681 981//1681 975//1681
f 975//1682 981//1682 982//1682
f 978//791 982//791 983//791
f 974//1683 984//1683 985//1683
f 974//1684 985//1684 972//1684
f 972//1685 985//1685 980//1685
f 975//818 982//818 978//818
f 978//748 983//748 979//748
f 954//1686 958//1686 955//1686
f 986//1687 966//1687 970//1687
f 964//792 982//792 967//792
f 980//591 985//591 952//591
f 952//591 985//591 958//591
f 967//1688 981//1688 969//1688
f 981//1642 980//1642 969//1642
f 969//698 980//698 952//698
f 982//1689 981//1689 967//1689
f 987//1649 988//1649 986//1649
f 986//1690 989//1690 966//1690
f 988//793 989//793 986//793
f 966//794 983//794 964//794
f 989//794 983//794 966//794
f 983//792 982//792 964//792
f 990//848 991//848 992//848
f 993//845 990//845 992//845
f 992//846 991//846 994//846
f 885//1691 891//1691 938//1691
f 938//1692 891//1692 971//1692
f 971//1693 891//1693 974//1693
f 974//1694 891//1694 984//1694
f 958//769 984//769 955//769
f 985//772 984//772 958//772
f 955//697 995//697 956//697
f 996//1695 997//1695 957//1695
f 984//1648 995//1648 955//1648
f 956//770 996//770 957//770
f 995//770 996//770 956//770
f 957//1696 997//1696 993//1696
f 997//845 990//845 993//845
f 998//1697 999//1697 1000//1697
f 890//1698 959//1698 999//1698
f 1001//1699 890//1699 999//1699
f 1001//1700 999//1700 998//1700
f 1002//1701 998//1701 1003//1701
f 1002//1702 1001//1702 998//1702
f 1004//1703 1002//1703 1003//1703
f 1004//1704 1003//1704 1005//1704
f 1006//1705 1004//1705 1005//1705
f 1007//1706 998//1706 1000//1706
f 1003//1707 998//1707 1007//1707
f 1005//1708 1003//1708 1007//1708
f 1004//1709 1006//1709 1008//1709
f 1002//1710 1004//1710 1008//1710
f 1009//1711 959//1711 954//1711
f 999//1712 959//1712 1009//1712
f 1009//1713 993//1713 992//1713
f 1009//1714 992//1714 994//1714
f 1009//1715 957//1715 993//1715
f 1009//1716 954//1716 957//1716
f 1009//1717 994//1717 1010//1717
f 890//1718 1011//1718 891//1718
f 1000//1719 1009//1719 1010//1719
f 890//904 1001//904 1011//904
f 1000//1720 999//1720 1009//1720
f 1012//851 1013//851 1010//851
f 1010//851 1013//851 1014//851
f 1015//725 1016//725 1017//725
f 1014//852 1018//852 1019//852
f 1017//727 1016//727 1020//727
f 1013//852 1018//852 1014//852
f 994//849 1012//849 1010//849
f 1019//1143 1015//1143 1017//1143
f 1018//1142 1015//1142 1019//1142
f 991//847 1012//847 994//847
f 1007//1721 1017//1721 1020//1721
f 1000//1722 1019//1722 1017//1722
f 1000//1723 1014//1723 1019//1723
f 1000//1724 1010//1724 1014//1724
f 1007//1725 1000//1725 1017//1725
f 995//1726 891//1726 996//1726
f 996//1727 891//1727 997//1727
f 997//1728 891//1728 990//1728
f 990//1729 891//1729 991//1729
f 984//1730 891//1730 995//1730
f 1011//1731 1021//1731 1018//1731
f 1018//1732 1021//1732 1015//1732
f 891//1733 1011//1733 991//1733
f 991//1734 1011//1734 1012//1734
f 1012//1735 1011//1735 1013//1735
f 1013//1736 1011//1736 1018//1736
f 1001//905 1021//905 1011//905
f 1001//1737 1002//1737 1021//1737
f 1002//1738 1008//1738 1021//1738
f 1022//1739 869//1739 1023//1739
f 871//1740 869//1740 1022//1740
f 869//1741 868//1741 1023//1741
f 868//1742 860//1742 1023//1742
f 858//1743 859//1743 1024//1743
f 860//1744 858//1744 1024//1744
f 1025//1744 860//1744 1024//1744
f 1026//1745 1025//1745 1024//1745
f 1027//1746 1023//1746 1028//1746
f 1029//1747 1025//1747 1030//1747
f 1026//1748 1030//1748 1025//1748
f 1028//1749 1023//1749 1031//1749
f 1023//1742 860//1742 1025//1742
f 1031//1750 1025//1750 1029//1750
f 1031//1751 1023//1751 1025//1751
f 1032//1752 1026//1752 1024//1752
f 1033//1753 1034//1753 1032//1753
f 1035//796 1034//796 1033//796
f 1036//1754 1033//1754 1024//1754
f 1033//1755 1032//1755 1024//1755
f 1037//1756 1038//1756 1039//1756
f 1039//1757 1038//1757 1040//1757
f 1036//967 1035//967 1033//967
f 1038//1758 1041//1758 1040//1758
f 1040//1759 1041//1759 1036//1759
f 1041//967 1035//967 1036//967
f 1042//1760 1043//1760 1044//1760
f 1044//1336 1043//1336 1045//1336
f 1045//609 1046//609 1047//609
f 1043//609 1046//609 1045//609
f 1047//720 1037//720 1039//720
f 1046//720 1037//720 1047//720
f 1048//658 1042//658 1044//658
f 1049//1761 1050//1761 1051//1761
f 1049//1762 1052//1762 1053//1762
f 1049//1763 1053//1763 1054//1763
f 1049//1764 1054//1764 1050//1764
f 1051//1765 1050//1765 1055//1765
f 1051//1766 1055//1766 1056//1766
f 1057//1767 1022//1767 1058//1767
f 1057//1768 1059//1768 1022//1768
f 1059//1769 1060//1769 1022//1769
f 902//1003 871//1003 1022//1003
f 1061//1770 902//1770 1062//1770
f 1060//1771 1062//1771 902//1771
f 1060//1772 902//1772 1022//1772
f 899//1773 902//1773 1061//1773
f 1063//1774 1064//1774 1065//1774
f 1063//922 1066//922 1064//922
f 1066//919 1067//919 1064//919
f 1068//1775 1063//1775 1065//1775
f 1066//920 1057//920 1067//920
f 1069//1776 1068//1776 1065//1776
f 1057//921 1058//921 1067//921
f 899//579 866//579 898//579
f 901//588 882//588 904//588
f 882//590 905//590 904//590
f 864//591 884//591 900//591
f 900//591 884//591 901//591
f 866//589 864//589 898//589
f 898//589 864//589 900//589
f 884//588 882//588 901//588
f 867//579 866//579 899//579
f 870//580 867//580 1061//580
f 1062//583 870//583 1061//583
f 1061//578 867//578 899//578
f 896//598 926//598 897//598
f 924//598 926//598 896//598
f 906//1777 924//1777 895//1777
f 895//1778 924//1778 896//1778
f 926//593 929//593 897//593
f 897//592 929//592 919//592
f 1070//583 870//583 1062//583
f 1071//581 1070//581 1060//581
f 1060//581 1070//581 1062//581
f 1059//1779 1071//1779 1060//1779
f 1057//599 1072//599 1059//599
f 1072//1780 1071//1780 1059//1780
f 1073//603 1072//603 1057//603
f 1074//601 1073//601 1066//601
f 1063//1781 1075//1781 1066//1781
f 1075//1782 1074//1782 1066//1782
f 1066//601 1073//601 1057//601
f 1076//607 1077//607 1078//607
f 1078//607 1077//607 1068//607
f 1079//609 1076//609 1080//609
f 1080//610 1076//610 1078//610
f 1068//608 1075//608 1063//608
f 1077//606 1075//606 1068//606
f 1081//1783 1079//1783 1082//1783
f 1082//611 1079//611 1080//611
f 1070//1784 1071//1784 1083//1784
f 1083//1785 1071//1785 1084//1785
f 873//1786 870//1786 1070//1786
f 873//1787 1070//1787 1083//1787
f 1071//1788 1072//1788 1084//1788
f 1085//1789 1022//1789 1023//1789
f 1085//1790 1023//1790 1027//1790
f 1084//1791 1072//1791 1086//1791
f 1058//1792 1022//1792 1085//1792
f 1027//1793 1084//1793 1085//1793
f 1083//1794 1084//1794 1027//1794
f 1031//932 873//932 1028//932
f 873//589 1083//589 1028//589
f 1028//589 1083//589 1027//589
f 876//932 873//932 1031//932
f 1029//933 876//933 1031//933
f 1085//696 1086//696 1058//696
f 1084//695 1086//695 1085//695
f 1087//1614 1088//1614 1067//1614
f 1058//935 1087//935 1067//935
f 1086//935 1087//935 1058//935
f 1067//1613 1088//1613 1064//1613
f 874//934 876//934 1029//934
f 1034//1795 872//1795 1032//1795
f 875//583 874//583 1030//583
f 1030//583 874//583 1029//583
f 1032//1796 872//1796 1026//1796
f 872//969 875//969 1026//969
f 1026//969 875//969 1030//969
f 1089//1797 1090//1797 1065//1797
f 1065//1798 1090//1798 1052//1798
f 1088//1799 1089//1799 1064//1799
f 1090//593 1091//593 1052//593
f 1052//592 1091//592 1053//592
f 1064//1800 1089//1800 1065//1800
f 1069//1801 1052//1801 1049//1801
f 1069//1802 1065//1802 1052//1802
f 1050//1140 1092//1140 1055//1140
f 1093//1140 1092//1140 1050//1140
f 1053//666 1094//666 1054//666
f 1054//1307 1093//1307 1050//1307
f 1091//666 1094//666 1053//666
f 1094//1307 1093//1307 1054//1307
f 1095//652 1042//652 1048//652
f 1055//1142 1096//1142 1056//1142
f 1096//727 1095//727 1056//727
f 1092//1143 1096//1143 1055//1143
f 1056//727 1095//727 1048//727
f 1093//1068 1097//1068 1092//1068
f 1092//1067 1097//1067 1096//1067
f 1075//1009 1077//1009 1089//1009
f 1073//1006 1074//1006 1087//1006
f 1087//1008 1074//1008 1088//1008
f 1074//1803 1075//1803 1088//1803
f 1088//1007 1075//1007 1089//1007
f 1086//1010 1073//1010 1087//1010
f 1072//1804 1073//1804 1086//1804
f 1090//1005 1098//1005 1091//1005
f 1090//1805 1099//1805 1098//1805
f 1091//1018 1098//1018 1094//1018
f 1089//1013 1099//1013 1090//1013
f 1094//1806 1098//1806 1093//1806
f 1093//1042 1098//1042 1097//1042
f 1077//1012 1099//1012 1089//1012
f 1100//1807 1081//1807 1101//1807
f 1102//656 1100//656 1101//656
f 1103//1808 1102//1808 1101//1808
f 1104//655 1082//655 1080//655
f 1101//1807 1081//1807 1082//1807
f 1104//1809 1080//1809 1078//1809
f 1103//1810 1105//1810 1102//1810
f 1103//662 1082//662 1104//662
f 1103//659 1101//659 1082//659
f 1103//679 1106//679 923//679
f 923//665 922//665 1105//665
f 923//663 1105//663 1103//663
f 1104//664 1107//664 1103//664
f 1108//1034 1107//1034 1104//1034
f 1107//681 1106//681 1103//681
f 1069//1032 1108//1032 1104//1032
f 1076//1035 1099//1035 1077//1035
f 1076//1036 1108//1036 1099//1036
f 1069//1811 1078//1811 1068//1811
f 1104//653 1078//653 1069//653
f 1109//669 1110//669 1105//669
f 1105//670 1110//670 1102//670
f 1110//656 1100//656 1102//656
f 920//668 1111//668 922//668
f 1111//671 1109//671 922//671
f 1112//668 1111//668 920//668
f 922//671 1109//671 1105//671
f 919//667 1112//667 920//667
f 929//666 1112//666 919//666
f 928//701 941//701 1112//701
f 1111//673 941//673 1106//673
f 1112//672 941//672 1111//672
f 929//703 928//703 1112//703
f 1111//674 1106//674 1109//674
f 1109//1812 1106//1812 1107//1812
f 1110//1284 1107//1284 1100//1284
f 1109//677 1107//677 1110//677
f 1100//1037 1107//1037 1108//1037
f 1079//1040 1108//1040 1076//1040
f 1081//1813 1108//1813 1079//1813
f 1100//1814 1108//1814 1081//1814
f 1106//1815 1113//1815 923//1815
f 923//1816 1113//1816 934//1816
f 941//685 940//685 1106//685
f 1106//686 940//686 1113//686
f 940//678 942//678 1113//678
f 942//1817 943//1817 1113//1817
f 943//683 944//683 1113//683
f 945//751 1114//751 944//751
f 944//750 1114//750 1113//750
f 945//749 976//749 1114//749
f 976//1818 1115//1818 1114//1818
f 979//746 1115//746 977//746
f 977//745 1115//745 976//745
f 1114//732 1115//732 937//732
f 934//1819 1114//1819 937//1819
f 1113//1820 1114//1820 934//1820
f 937//733 1115//733 961//733
f 1099//1033 1108//1033 1069//1033
f 1098//1821 1099//1821 1049//1821
f 1049//1822 1099//1822 1069//1822
f 1051//1030 1098//1030 1049//1030
f 1097//1030 1098//1030 1051//1030
f 1116//1823 1048//1823 1044//1823
f 1116//1214 1056//1214 1048//1214
f 1116//1824 1051//1824 1056//1824
f 1117//1825 1097//1825 1116//1825
f 1097//1070 1117//1070 1096//1070
f 1096//1071 1117//1071 1095//1071
f 1116//1826 1097//1826 1051//1826
f 1118//1827 1117//1827 1116//1827
f 1095//1072 1117//1072 1042//1072
f 1119//1828 859//1828 861//1828
f 1120//1829 1119//1829 861//1829
f 1121//1830 1122//1830 1123//1830
f 1122//1831 1120//1831 1124//1831
f 1124//1832 1120//1832 861//1832
f 1120//1833 1122//1833 1121//1833
f 1125//1834 1124//1834 861//1834
f 1126//1835 859//1835 1127//1835
f 859//1835 1119//1835 1127//1835
f 1128//1836 1127//1836 1121//1836
f 1119//1837 1120//1837 1127//1837
f 1129//1838 1128//1838 1121//1838
f 1130//1839 1121//1839 1123//1839
f 862//1840 1125//1840 861//1840
f 1131//1841 1129//1841 1121//1841
f 1127//1842 1120//1842 1121//1842
f 1132//1843 1131//1843 1121//1843
f 1130//1844 1132//1844 1121//1844
f 1133//1845 1039//1845 1126//1845
f 1133//1721 1126//1721 1134//1721
f 1134//1846 1126//1846 1127//1846
f 1024//1743 859//1743 1126//1743
f 1039//1847 1040//1847 1126//1847
f 1040//1848 1036//1848 1126//1848
f 1036//1849 1024//1849 1126//1849
f 1135//1850 1047//1850 1136//1850
f 1135//1851 1045//1851 1047//1851
f 1137//1852 1044//1852 1045//1852
f 1116//1853 1044//1853 1137//1853
f 1137//1854 1045//1854 1135//1854
f 1136//863 1047//863 1039//863
f 1136//1855 1039//1855 1133//1855
f 1138//1856 1127//1856 1139//1856
f 1128//1857 1139//1857 1127//1857
f 1134//1858 1127//1858 1138//1858
f 1139//583 1140//583 1138//583
f 1141//579 1142//579 1134//579
f 1134//579 1142//579 1133//579
f 1143//591 1144//591 1136//591
f 1133//589 1143//589 1136//589
f 1142//589 1143//589 1133//589
f 1136//1859 1144//1859 1135//1859
f 1138//578 1141//578 1134//578
f 1140//580 1141//580 1138//580
f 1043//1860 1144//1860 1046//1860
f 1046//1861 1144//1861 1143//1861
f 1038//1862 1141//1862 1041//1862
f 1038//1863 1142//1863 1141//1863
f 1043//1864 1145//1864 1144//1864
f 1041//1865 1141//1865 1140//1865
f 1046//990 1143//990 1037//990
f 1037//1866 1142//1866 1038//1866
f 1042//991 1145//991 1043//991
f 1037//988 1143//988 1142//988
f 1145//935 1146//935 1137//935
f 1042//1078 1117//1078 1145//1078
f 1137//935 1146//935 1147//935
f 1144//1867 1145//1867 1135//1867
f 1135//1645 1145//1645 1137//1645
f 1034//1868 862//1868 872//1868
f 1148//1869 1149//1869 862//1869
f 1041//1870 1140//1870 862//1870
f 862//1871 1140//1871 1148//1871
f 1034//1872 1035//1872 862//1872
f 1035//1873 1041//1873 862//1873
f 1150//1649 1149//1649 1129//1649
f 1148//583 1140//583 1139//583
f 1129//1650 1149//1650 1128//1650
f 1128//969 1148//969 1139//969
f 1151//796 1150//796 1131//796
f 1149//1874 1148//1874 1128//1874
f 1131//1753 1150//1753 1129//1753
f 1152//967 1151//967 1132//967
f 1130//1875 1153//1875 1132//1875
f 1153//1759 1152//1759 1132//1759
f 1132//967 1151//967 1131//967
f 1149//1876 1150//1876 862//1876
f 1151//1877 1152//1877 862//1877
f 1150//1878 1151//1878 862//1878
f 1152//1879 1153//1879 1125//1879
f 1154//1880 1155//1880 1125//1880
f 862//1881 1152//1881 1125//1881
f 1153//1882 1154//1882 1125//1882
f 1156//1883 1122//1883 1157//1883
f 1157//1884 1122//1884 1124//1884
f 1122//1885 1156//1885 1123//1885
f 1158//1886 1156//1886 1157//1886
f 1123//1887 1156//1887 1159//1887
f 1160//1888 1158//1888 1157//1888
f 1159//1889 1161//1889 1162//1889
f 1162//1890 1163//1890 1123//1890
f 1125//1891 1164//1891 1157//1891
f 1125//1892 1157//1892 1124//1892
f 1163//1893 1165//1893 1123//1893
f 1159//1894 1162//1894 1123//1894
f 1164//1895 1160//1895 1157//1895
f 1165//1896 1130//1896 1123//1896
f 1156//1897 1166//1897 1159//1897
f 1159//1898 1166//1898 1167//1898
f 1166//1899 1156//1899 1158//1899
f 1168//1900 1166//1900 1158//1900
f 1160//1901 1168//1901 1158//1901
f 1160//1901 1169//1901 1168//1901
f 1170//1902 1161//1902 1159//1902
f 1171//1903 1172//1903 1167//1903
f 1173//1904 1171//1904 1167//1904
f 1172//1661 1174//1661 1167//1661
f 1174//1905 1175//1905 1159//1905
f 1174//1906 1159//1906 1167//1906
f 1175//1907 1170//1907 1159//1907
f 1176//1908 1177//1908 1178//1908
f 1176//1909 1118//1909 1177//1909
f 1118//1045 1179//1045 1177//1045
f 1118//1910 1147//1910 1179//1910
f 1176//1911 1178//1911 1180//1911
f 1116//1912 1137//1912 1147//1912
f 1118//1913 1116//1913 1147//1913
f 1181//1914 1182//1914 1183//1914
f 1182//1915 1180//1915 1184//1915
f 1181//1916 1183//1916 1185//1916
f 1182//1917 1176//1917 1180//1917
f 1182//1918 1184//1918 1183//1918
f 1186//1919 1117//1919 1118//1919
f 1146//1920 1186//1920 1187//1920
f 1187//1921 1186//1921 1188//1921
f 1117//1922 1186//1922 1146//1922
f 1186//1923 1189//1923 1188//1923
f 1176//1924 1186//1924 1118//1924
f 1190//1925 1189//1925 1182//1925
f 1145//1077 1117//1077 1146//1077
f 1189//1926 1186//1926 1176//1926
f 1182//1927 1189//1927 1176//1927
f 1179//1778 1188//1778 1177//1778
f 1146//1614 1187//1614 1147//1614
f 1147//1613 1187//1613 1179//1613
f 1187//1777 1188//1777 1179//1777
f 1177//598 1191//598 1178//598
f 1192//668 1193//668 1184//668
f 1180//667 1192//667 1184//667
f 1184//668 1193//668 1183//668
f 1191//593 1194//593 1178//593
f 1188//598 1191//598 1177//598
f 1178//592 1194//592 1180//592
f 1194//666 1192//666 1180//666
f 1193//671 1195//671 1183//671
f 1185//670 1196//670 1197//670
f 1198//1807 1199//1807 1200//1807
f 1196//656 1198//656 1197//656
f 1197//656 1198//656 1200//656
f 1200//1807 1199//1807 1161//1807
f 1195//669 1196//669 1185//669
f 1183//671 1195//671 1185//671
f 1188//1928 1189//1928 1191//1928
f 1193//1929 1201//1929 1195//1929
f 1194//1930 1190//1930 1192//1930
f 1189//1931 1190//1931 1194//1931
f 1192//1932 1190//1932 1193//1932
f 1191//1933 1189//1933 1194//1933
f 1190//1934 1201//1934 1193//1934
f 1170//1935 1200//1935 1161//1935
f 1202//1936 1200//1936 1170//1936
f 1202//1937 1197//1937 1200//1937
f 1203//1938 1185//1938 1204//1938
f 1203//1939 1181//1939 1185//1939
f 1204//1940 1185//1940 1197//1940
f 1204//1941 1197//1941 1202//1941
f 1205//694 1206//694 1207//694
f 1207//1942 1206//1942 1208//1942
f 1208//1943 1181//1943 1207//1943
f 1209//1944 1181//1944 1208//1944
f 1207//1945 1181//1945 1203//1945
f 1203//589 1205//589 1207//589
f 1181//1946 1201//1946 1182//1946
f 1209//1947 1201//1947 1181//1947
f 1201//1948 1210//1948 1195//1948
f 1211//1949 1201//1949 1209//1949
f 1201//1950 1190//1950 1182//1950
f 1201//1951 1205//1951 1210//1951
f 1201//1952 1211//1952 1206//1952
f 1201//1953 1206//1953 1205//1953
f 1154//1954 1153//1954 1165//1954
f 1165//1954 1153//1954 1130//1954
f 1155//1955 1154//1955 1163//1955
f 1163//1955 1154//1955 1165//1955
f 1212//1956 1155//1956 1162//1956
f 1155//1957 1212//1957 1164//1957
f 1155//1958 1164//1958 1125//1958
f 1162//1959 1155//1959 1163//1959
f 1199//1783 1212//1783 1161//1783
f 1161//611 1212//611 1162//611
f 1195//1960 1210//1960 1213//1960
f 1214//1961 1215//1961 1199//1961
f 1198//1962 1214//1962 1199//1962
f 1196//1963 1213//1963 1216//1963
f 1196//1964 1216//1964 1198//1964
f 1198//1965 1216//1965 1214//1965
f 1199//1966 1215//1966 1212//1966
f 1195//1967 1213//1967 1196//1967
f 1216//580 1213//580 1202//580
f 1202//578 1213//578 1204//578
f 1210//589 1205//589 1203//589
f 1213//579 1210//579 1204//579
f 1170//583 1216//583 1202//583
f 1204//579 1210//579 1203//579
f 1217//1968 1215//1968 1174//1968
f 1218//1969 1217//1969 1172//1969
f 1175//581 1214//581 1170//581
f 1172//1970 1217//1970 1174//1970
f 1174//1650 1215//1650 1175//1650
f 1214//583 1216//583 1170//583
f 1215//1971 1214//1971 1175//1971
f 1215//1972 1217//1972 1160//1972
f 1217//1973 1218//1973 1160//1973
f 1160//1974 1219//1974 1169//1974
f 1212//1975 1215//1975 1164//1975
f 1164//1976 1215//1976 1160//1976
f 1218//1977 1219//1977 1160//1977
f 1115//744 1220//744 961//744
f 987//1978 970//1978 1221//1978
f 987//1979 986//1979 970//1979
f 1222//1980 987//1980 1221//1980
f 1223//1981 1221//1981 1224//1981
f 961//742 1220//742 970//742
f 1223//789 1222//789 1221//789
f 1225//783 1223//783 1224//783
f 1220//1982 1226//1982 970//1982
f 1226//781 1227//781 1221//781
f 1227//1229 1228//1229 1224//1229
f 1224//1228 1228//1228 1229//1228
f 970//1983 1226//1983 1221//1983
f 1221//773 1227//773 1224//773
f 979//752 983//752 1115//752
f 1115//1984 983//1984 989//1984
f 989//803 988//803 1220//803
f 1115//807 989//807 1220//807
f 988//801 1230//801 1220//801
f 1220//800 1230//800 1226//800
f 1230//802 1231//802 1226//802
f 1222//796 1230//796 987//796
f 1231//805 1232//805 1226//805
f 1226//806 1232//806 1227//806
f 1232//1985 1233//1985 1227//1985
f 1230//1650 988//1650 987//1650
f 1231//796 1230//796 1222//796
f 1234//790 1235//790 1229//790
f 1236//1214 1229//1214 1237//1214
f 1235//784 1225//784 1224//784
f 1235//1986 1224//1986 1229//1986
f 1237//1987 1229//1987 1238//1987
f 1239//859 1020//859 1240//859
f 1239//863 1240//863 1241//863
f 1241//861 1242//861 1243//861
f 1243//860 1234//860 1244//860
f 1241//862 1240//862 1242//862
f 1243//858 1242//858 1234//858
f 1244//857 1234//857 1229//857
f 1244//1207 1229//1207 1236//1207
f 1237//699 1245//699 1236//699
f 1237//1988 1238//1988 1246//1988
f 1246//1989 1238//1989 1247//1989
f 1232//798 1231//798 1223//798
f 1223//798 1231//798 1222//798
f 1233//1990 1232//1990 1223//1990
f 1248//787 1233//787 1235//787
f 1235//788 1233//788 1225//788
f 1242//721 1249//721 1234//721
f 1250//722 1249//722 1242//722
f 1225//1991 1233//1991 1223//1991
f 1249//864 1248//864 1234//864
f 1234//864 1248//864 1235//864
f 1227//1225 1248//1225 1228//1225
f 1233//804 1248//804 1227//804
f 1248//1222 1249//1222 1228//1222
f 1020//865 1251//865 1240//865
f 1016//866 1251//866 1020//866
f 1240//867 1250//867 1242//867
f 1251//867 1250//867 1240//867
f 1249//1226 1252//1226 1228//1226
f 1250//868 1253//868 1249//868
f 1251//872 1254//872 1250//872
f 1249//1223 1253//1223 1252//1223
f 1250//871 1254//871 1253//871
f 1251//870 1255//870 1254//870
f 1016//869 1255//869 1251//869
f 1256//1992 1257//1992 1258//1992
f 1256//1993 1258//1993 1259//1993
f 1257//1763 1260//1763 1258//1763
f 1261//1994 1256//1994 1259//1994
f 1260//1995 1247//1995 1258//1995
f 1258//1996 1262//1996 1259//1996
f 1247//1997 1238//1997 1258//1997
f 1263//1998 1264//1998 1265//1998
f 1266//1999 1264//1999 1263//1999
f 1259//2000 1266//2000 1263//2000
f 1267//2001 1263//2001 1268//2001
f 1268//2002 1263//2002 1265//2002
f 1261//2003 1259//2003 1269//2003
f 1262//2004 1266//2004 1259//2004
f 1270//2005 1263//2005 1267//2005
f 1270//2006 1259//2006 1263//2006
f 1269//2007 1259//2007 1270//2007
f 1229//2008 1271//2008 1238//2008
f 1228//1224 1271//1224 1229//1224
f 1228//2009 1245//2009 1272//2009
f 1238//1140 1273//1140 1258//1140
f 1271//1140 1273//1140 1238//1140
f 1228//2010 1272//2010 1271//2010
f 1228//2011 1252//2011 1245//2011
f 1271//2012 1272//2012 1274//2012
f 1260//1303 1275//1303 1247//1303
f 1272//2013 1245//2013 1237//2013
f 1276//1303 1275//1303 1260//1303
f 1274//580 1272//580 1246//580
f 1246//578 1272//578 1237//578
f 1275//1299 1274//1299 1247//1299
f 1247//1299 1274//1299 1246//1299
f 1271//1232 1274//1232 1275//1232
f 1275//2014 1276//2014 1273//2014
f 1276//1018 1277//1018 1273//1018
f 1271//1230 1275//1230 1273//1230
f 1262//2015 1278//2015 1279//2015
f 1280//1237 1278//1237 1262//1237
f 1273//1234 1280//1234 1262//1234
f 1273//2016 1262//2016 1258//2016
f 1277//1233 1280//1233 1273//1233
f 1281//2017 1282//2017 1283//2017
f 1284//2018 1281//2018 1283//2018
f 1006//2019 1005//2019 1282//2019
f 1283//2020 1282//2020 1285//2020
f 1285//2021 1282//2021 1286//2021
f 1281//2022 1006//2022 1282//2022
f 1281//2023 1284//2023 1287//2023
f 1288//2024 1289//2024 1290//2024
f 1291//2025 1288//2025 1290//2025
f 1292//2026 1293//2026 1291//2026
f 1294//2027 1295//2027 1289//2027
f 1294//2028 1261//2028 1295//2028
f 1292//2029 1296//2029 1297//2029
f 1292//2030 1290//2030 1296//2030
f 1292//2031 1291//2031 1290//2031
f 1288//2032 1294//2032 1289//2032
f 1261//2033 1269//2033 1295//2033
f 1284//2034 1283//2034 1298//2034
f 1299//2035 1284//2035 1298//2035
f 1299//2036 1298//2036 1300//2036
f 1301//2037 1299//2037 1300//2037
f 1300//2038 1298//2038 1302//2038
f 1302//2038 1298//2038 1292//2038
f 1299//2039 1303//2039 1304//2039
f 1292//2040 1283//2040 1285//2040
f 1299//1369 1301//1369 1303//1369
f 1285//2041 1293//2041 1292//2041
f 1284//2023 1304//2023 1287//2023
f 1284//2039 1299//2039 1304//2039
f 1298//2042 1283//2042 1292//2042
f 1305//2043 1007//2043 1306//2043
f 1007//2044 1020//2044 1239//2044
f 1007//2045 1239//2045 1307//2045
f 1007//2046 1307//2046 1306//2046
f 1305//2047 1306//2047 1308//2047
f 1241//590 1255//590 1239//590
f 1253//1374 1254//1374 1243//1374
f 1254//590 1255//590 1241//590
f 1243//1374 1254//1374 1241//1374
f 1252//2048 1253//2048 1244//2048
f 1255//2049 1309//2049 1239//2049
f 1244//2050 1253//2050 1243//2050
f 1239//2051 1309//2051 1307//2051
f 1236//2052 1252//2052 1244//2052
f 1245//2052 1252//2052 1236//2052
f 1310//1310 1311//1310 1306//1310
f 1309//2053 1310//2053 1307//2053
f 1307//2054 1310//2054 1306//2054
f 1312//1307 1313//1307 1314//1307
f 1311//1309 1315//1309 1308//1309
f 1306//1310 1311//1310 1308//1310
f 1315//667 1316//667 1317//667
f 1308//1308 1315//1308 1317//1308
f 1316//1307 1313//1307 1312//1307
f 1317//666 1316//666 1312//666
f 1015//2055 1021//2055 1309//2055
f 1015//2056 1309//2056 1016//2056
f 1016//2057 1309//2057 1255//2057
f 1305//2058 1005//2058 1007//2058
f 1006//2059 1281//2059 1318//2059
f 1006//2060 1318//2060 1008//2060
f 1282//2061 1005//2061 1305//2061
f 1286//2062 1305//2062 1312//2062
f 1281//2063 1287//2063 1318//2063
f 1286//2064 1312//2064 1314//2064
f 1286//2065 1319//2065 1320//2065
f 1286//2066 1314//2066 1319//2066
f 1286//2067 1282//2067 1305//2067
f 1305//2068 1308//2068 1317//2068
f 1305//2069 1317//2069 1312//2069
f 1021//2070 1008//2070 1309//2070
f 1316//2071 1318//2071 1313//2071
f 1315//2072 1318//2072 1316//2072
f 1310//2073 1008//2073 1311//2073
f 1311//2074 1008//2074 1315//2074
f 1309//2075 1008//2075 1310//2075
f 1008//2076 1318//2076 1315//2076
f 1321//724 1322//724 1288//724
f 1280//603 1277//603 1256//603
f 1261//2077 1278//2077 1256//2077
f 1288//723 1322//723 1294//723
f 1256//1269 1277//1269 1257//1269
f 1257//648 1276//648 1260//648
f 1278//798 1280//798 1256//798
f 1322//1483 1278//1483 1294//1483
f 1277//648 1276//648 1257//648
f 1294//2078 1278//2078 1261//2078
f 1293//609 1323//609 1291//609
f 1324//2079 1325//2079 1326//2079
f 1327//610 1323//610 1293//610
f 1325//1336 1327//1336 1328//1336
f 1328//1760 1327//1760 1293//1760
f 1326//2079 1325//2079 1328//2079
f 1323//720 1321//720 1291//720
f 1291//720 1321//720 1288//720
f 1321//2080 1323//2080 1329//2080
f 1322//1349 1321//1349 1330//1349
f 1330//2081 1321//2081 1329//2081
f 1278//2082 1322//2082 1331//2082
f 1331//2083 1322//2083 1330//2083
f 1329//2084 1323//2084 1332//2084
f 1279//2085 1278//2085 1331//2085
f 1285//2086 1328//2086 1293//2086
f 1285//2087 1326//2087 1328//2087
f 1285//2088 1320//2088 1326//2088
f 1333//727 1324//727 1320//727
f 1286//2089 1320//2089 1285//2089
f 1319//1142 1333//1142 1320//1142
f 1320//727 1324//727 1326//727
f 1314//717 1334//717 1319//717
f 1334//1143 1333//1143 1319//1143
f 1313//2090 1318//2090 1287//2090
f 1333//2091 1287//2091 1324//2091
f 1334//2092 1287//2092 1333//2092
f 1313//2093 1287//2093 1334//2093
f 1313//717 1334//717 1314//717
f 1327//2094 1304//2094 1303//2094
f 1327//2095 1303//2095 1323//2095
f 1324//2096 1287//2096 1304//2096
f 1325//2097 1304//2097 1327//2097
f 1323//2098 1303//2098 1332//2098
f 1324//2099 1304//2099 1325//2099
f 1335//2100 1336//2100 1337//2100
f 1166//2101 1338//2101 1167//2101
f 1167//2101 1338//2101 1335//2101
f 1338//2100 1336//2100 1335//2100
f 1339//2102 1338//2102 1168//2102
f 1339//2103 1336//2103 1338//2103
f 1338//2104 1166//2104 1168//2104
f 1337//1621 1340//1621 1335//1621
f 1335//2105 1173//2105 1167//2105
f 1335//2106 1341//2106 1173//2106
f 1337//2107 1342//2107 1340//2107
f 1337//2108 1343//2108 1342//2108
f 1337//2109 1344//2109 1343//2109
f 1345//2110 1341//2110 1335//2110
f 1169//2111 1339//2111 1168//2111
f 1340//2112 1345//2112 1335//2112
f 1169//2113 1346//2113 1339//2113
f 1347//2114 1348//2114 1336//2114
f 1349//2115 1348//2115 1347//2115
f 1347//2116 1336//2116 1339//2116
f 1336//2117 1348//2117 1337//2117
f 1346//2118 1347//2118 1339//2118
f 1337//2117 1348//2117 1350//2117
f 1351//1498 1349//1498 1347//1498
f 1351//2119 1352//2119 1349//2119
f 1350//2120 1344//2120 1337//2120
f 1346//2118 1351//2118 1347//2118
f 1350//2121 1353//2121 1344//2121
f 1354//2122 1355//2122 1356//2122
f 1354//2123 1356//2123 1357//2123
f 1354//2124 1209//2124 1358//2124
f 1354//1245 1358//1245 1355//1245
f 1359//2125 1354//2125 1357//2125
f 1359//2126 1357//2126 1360//2126
f 1361//2127 1209//2127 1208//2127
f 1358//2128 1209//2128 1361//2128
f 1362//2129 1211//2129 1354//2129
f 1359//2130 1362//2130 1354//2130
f 1264//2131 1363//2131 1265//2131
f 1265//2132 1363//2132 1359//2132
f 1354//2133 1211//2133 1209//2133
f 1363//2134 1362//2134 1359//2134
f 1364//590 1365//590 1361//590
f 1358//1613 1366//1613 1355//1613
f 1361//590 1365//590 1358//590
f 1365//1614 1366//1614 1358//1614
f 1206//1867 1364//1867 1208//1867
f 1208//1645 1364//1645 1361//1645
f 1356//1676 1367//1676 1357//1676
f 1368//598 1367//598 1356//598
f 1357//714 1369//714 1360//714
f 1367//1678 1369//1678 1357//1678
f 1366//1777 1368//1777 1355//1777
f 1355//1778 1368//1778 1356//1778
f 1211//2135 1365//2135 1364//2135
f 1211//2136 1364//2136 1206//2136
f 1211//2137 1362//2137 1365//2137
f 1365//1433 1362//1433 1366//1433
f 1362//2138 1363//2138 1367//2138
f 1367//2139 1363//2139 1369//2139
f 1366//2140 1362//2140 1368//2140
f 1368//2141 1362//2141 1367//2141
f 1370//2142 1359//2142 1360//2142
f 1371//2143 1265//2143 1372//2143
f 1373//2144 1359//2144 1370//2144
f 1373//2145 1265//2145 1359//2145
f 1268//2146 1265//2146 1371//2146
f 1372//2147 1265//2147 1373//2147
f 1374//2148 1375//2148 1376//2148
f 1377//634 1360//634 1378//634
f 1374//2149 1376//2149 1353//2149
f 1374//2150 1353//2150 1350//2150
f 1377//629 1370//629 1360//629
f 1375//636 1377//636 1378//636
f 1375//633 1378//633 1376//633
f 1375//1795 1379//1795 1377//1795
f 1380//798 1381//798 1374//798
f 1382//798 1381//798 1380//798
f 1374//1269 1383//1269 1375//1269
f 1383//1796 1379//1796 1375//1796
f 1381//603 1383//603 1374//603
f 1380//2151 1374//2151 1350//2151
f 1384//2152 1380//2152 1350//2152
f 1385//2052 1386//2052 1371//2052
f 1387//696 1388//696 1267//696
f 1371//2052 1386//2052 1268//2052
f 1267//695 1388//695 1270//695
f 1372//699 1385//699 1371//699
f 1268//2050 1387//2050 1267//2050
f 1386//2048 1387//2048 1268//2048
f 1389//644 1390//644 1373//644
f 1373//645 1390//645 1372//645
f 1377//643 1391//643 1370//643
f 1390//699 1385//699 1372//699
f 1370//2153 1389//2153 1373//2153
f 1391//2153 1389//2153 1370//2153
f 1262//2154 1279//2154 1388//2154
f 1264//2155 1389//2155 1363//2155
f 1266//2156 1388//2156 1387//2156
f 1264//2157 1390//2157 1389//2157
f 1262//2158 1388//2158 1266//2158
f 1266//2159 1386//2159 1264//2159
f 1264//2160 1386//2160 1385//2160
f 1264//2161 1385//2161 1390//2161
f 1266//1282 1387//1282 1386//1282
f 1369//703 1379//703 1392//703
f 1363//2162 1391//2162 1369//2162
f 1379//643 1391//643 1377//643
f 1379//701 1383//701 1392//701
f 1363//2163 1389//2163 1391//2163
f 1391//702 1379//702 1369//702
f 1393//607 1394//607 1345//607
f 1345//607 1394//607 1341//607
f 1341//608 1395//608 1173//608
f 1394//606 1395//606 1341//606
f 1173//605 1219//605 1171//605
f 1395//604 1219//604 1173//604
f 1171//601 1218//601 1172//601
f 1219//601 1218//601 1171//601
f 1360//667 1392//667 1378//667
f 1396//2164 1397//2164 1353//2164
f 1369//666 1392//666 1360//666
f 1378//668 1398//668 1376//668
f 1392//668 1398//668 1378//668
f 1376//671 1396//671 1353//671
f 1398//671 1396//671 1376//671
f 1353//2165 1397//2165 1344//2165
f 1399//611 1400//611 1342//611
f 1342//611 1400//611 1340//611
f 1344//2166 1401//2166 1343//2166
f 1340//610 1393//610 1345//610
f 1400//609 1393//609 1340//609
f 1397//2166 1401//2166 1344//2166
f 1343//652 1399//652 1342//652
f 1401//658 1399//658 1343//658
f 1219//2167 1395//2167 1169//2167
f 1395//2168 1394//2168 1169//2168
f 1399//2169 1346//2169 1400//2169
f 1400//2170 1346//2170 1393//2170
f 1393//2171 1346//2171 1394//2171
f 1394//2172 1346//2172 1169//2172
f 1398//2173 1381//2173 1396//2173
f 1383//2174 1381//2174 1398//2174
f 1392//672 1383//672 1398//672
f 1401//2175 1351//2175 1399//2175
f 1397//2176 1351//2176 1401//2176
f 1382//2177 1352//2177 1396//2177
f 1399//2178 1351//2178 1346//2178
f 1397//2179 1352//2179 1351//2179
f 1381//2180 1382//2180 1396//2180
f 1396//2181 1352//2181 1397//2181
f 1402//2182 1403//2182 1404//2182
f 1404//2183 1403//2183 1405//2183
f 1402//2184 1301//2184 1403//2184
f 1406//2185 1403//2185 1407//2185
f 1405//2185 1403//2185 1406//2185
f 1407//2186 1300//2186 1302//2186
f 1301//2187 1300//2187 1403//2187
f 1403//2188 1300//2188 1407//2188
f 1349//2189 1405//2189 1348//2189
f 1408//2190 1402//2190 1404//2190
f 1408//2191 1409//2191 1402//2191
f 1352//2192 1404//2192 1349//2192
f 1352//2193 1408//2193 1404//2193
f 1406//2194 1384//2194 1350//2194
f 1404//2195 1405//2195 1349//2195
f 1348//2196 1405//2196 1350//2196
f 1350//2197 1405//2197 1406//2197
f 1407//2198 1410//2198 1411//2198
f 1407//2199 1411//2199 1412//2199
f 1407//2200 1413//2200 1410//2200
f 1414//724 1415//724 1416//724
f 1417//720 1414//720 1416//720
f 1416//723 1415//723 1384//723
f 1269//2051 1331//2051 1295//2051
f 1279//813 1331//813 1269//813
f 1295//2054 1330//2054 1289//2054
f 1331//2053 1330//2053 1295//2053
f 1388//697 1279//697 1270//697
f 1270//697 1279//697 1269//697
f 1418//2201 1419//2201 1297//2201
f 1297//2202 1419//2202 1420//2202
f 1420//2203 1421//2203 1422//2203
f 1329//1309 1332//1309 1290//1309
f 1419//2203 1421//2203 1420//2203
f 1289//1310 1330//1310 1290//1310
f 1330//1310 1329//1310 1290//1310
f 1296//2204 1418//2204 1297//2204
f 1290//1308 1332//1308 1296//1308
f 1332//667 1418//667 1296//667
f 1423//720 1414//720 1417//720
f 1384//2205 1382//2205 1380//2205
f 1415//1483 1382//1483 1384//1483
f 1410//1337 1424//1337 1411//1337
f 1412//721 1423//721 1417//721
f 1425//722 1423//722 1412//722
f 1424//2206 1425//2206 1411//2206
f 1411//728 1425//728 1412//728
f 1426//1337 1424//1337 1410//1337
f 1422//1142 1427//1142 1413//1142
f 1421//1143 1427//1143 1422//1143
f 1413//727 1426//727 1410//727
f 1427//727 1426//727 1413//727
f 1406//1611 1417//1611 1416//1611
f 1406//2207 1412//2207 1417//2207
f 1406//2208 1416//2208 1384//2208
f 1407//2209 1412//2209 1406//2209
f 1425//2210 1409//2210 1408//2210
f 1415//2211 1414//2211 1352//2211
f 1425//2212 1408//2212 1423//2212
f 1423//2213 1408//2213 1414//2213
f 1382//2214 1415//2214 1352//2214
f 1414//2215 1408//2215 1352//2215
f 1426//2216 1409//2216 1424//2216
f 1424//2217 1409//2217 1425//2217
f 1427//2218 1409//2218 1426//2218
f 1292//2219 1297//2219 1302//2219
f 1302//2220 1413//2220 1407//2220
f 1302//2221 1297//2221 1420//2221
f 1302//2222 1420//2222 1422//2222
f 1301//2223 1402//2223 1428//2223
f 1302//2224 1422//2224 1413//2224
f 1301//1369 1428//1369 1303//1369
f 1402//2223 1409//2223 1428//2223
f 1421//2225 1428//2225 1427//2225
f 1427//2226 1428//2226 1409//2226
f 1419//2227 1428//2227 1421//2227
f 1418//2228 1303//2228 1419//2228
f 1332//2229 1303//2229 1418//2229
f 1419//2230 1303//2230 1428//2230
# Vertices: 1428, normals: 2230, texture coordinates: 0, faces: 2940

