# File generated by ImageToStl.com - Free Image and 3D model conversion tools

o obj1
v 0.00753696 -0.00801214 -0.00149992
v 0.00563583 -0.00564188 -0.00149994
v 0.00881375 -0.00658165 -0.00149992
v 0.00881374 -0.00658165 8E-08
v 0.00753695 -0.00801214 8E-08
v 0.00563582 -0.00564187 6E-08
v 0.00982274 -0.00495117 -0.00149992
v 0.00982273 -0.00495116 9E-08
v 0.00578492 -0.00494852 -0.00149994
v 0.00572026 -0.00471628 -0.00149995
v 0.00572025 -0.00471627 5E-08
v 0.00578491 -0.00494851 6E-08
v 0.0057921 -0.00518948 6E-08
v 0.00574143 -0.00542517 6E-08
v 0.00579211 -0.00518948 -0.00149994
v 0.00574144 -0.00542517 -0.00149994
v 0.00603115 -0.00919919 7E-08
v 0.00603116 -0.0091992 -0.00149993
v 0.00528721 -0.00596983 -0.00149995
v 0.00506445 -0.00606201 -0.00149995
v 0.00548143 -0.00582701 -0.00149994
v 0.00458603 -0.00607629 -0.00149995
v 0.00482611 -0.0060982 -0.00149995
v 0.00506444 -0.006062 5E-08
v 0.0048261 -0.00609819 5E-08
v 0.00548142 -0.00582701 6E-08
v 0.0052872 -0.00596982 5E-08
v 0.00458602 -0.00607629 5E-08
v 0.00726494 -0.00117719 -0.00149994
v 0.01053327 -0.00317025 -0.00149991
v 0.00726493 -0.00117719 6E-08
v 0.01053326 -0.00317025 9E-08
v 0.01092374 -0.001293 8E-08
v 0.01092375 -0.00129301 -0.00149992
v 0.00783633 -0.00075707 -0.00149994
v 0.00794194 -0.00054036 -0.00149994
v 0.00783632 -0.00075707 6E-08
v 0.00768191 -0.0009422 6E-08
v 0.00768192 -0.00094221 -0.00149994
v 0.00748769 -0.00108501 6E-08
v 0.0074877 -0.00108502 -0.00149994
v 0.00794193 -0.00054035 6E-08
v 0.00560189 -0.00450625 5E-08
v 0.0056019 -0.00450625 -0.00149995
v 0.00523432 -0.00419969 5E-08
v 0.00543672 -0.00433066 -0.00149995
v 0.00543671 -0.00433066 5E-08
v 0.00500647 -0.00412098 -0.00149995
v 0.00523433 -0.0041997 -0.00149995
v 0.00500646 -0.00412098 5E-08
v 0.00476639 -0.00409909 -0.00149995
v 0.00476638 -0.00409908 5E-08
v 0.0070266 -0.00121339 -0.00149995
v 0.00702659 -0.00121338 5E-08
v 0.00678653 -0.00119148 -0.00149995
v 0.00678652 -0.00119148 5E-08
v 0.00378077 -0.00130611 -0.00149997
v 0.00635627 -0.00098181 -0.00149995
v 0.00655867 -0.00111277 -0.00149995
v 0.00635626 -0.0009818 5E-08
v 0.00655866 -0.00111276 5E-08
v 0.00378075 -0.00130611 3E-08
v 0.00252113 -0.01070719 -0.00149995
v 0.00073138 -0.00732327 -0.00149997
v 0.00434211 -0.01010674 -0.00149994
v 0.0043421 -0.01010674 6E-08
v 0.00252111 -0.01070719 5E-08
v 0.00073136 -0.00732326 3E-08
v 0.00435818 -0.00599758 -0.00149995
v 0.00435816 -0.00599757 5E-08
v 0.00077486 -0.00684661 -0.00149998
v 0.0039906 -0.00569103 -0.00149996
v 0.00078205 -0.00708758 -0.00149997
v 0.00415577 -0.00586661 -0.00149995
v 0.00399059 -0.00569102 4E-08
v 0.00078204 -0.00708758 2E-08
v 0.00415576 -0.00586661 5E-08
v 0.00077484 -0.00684661 2E-08
v 0.00062353 -0.01098231 3E-08
v 0.00062354 -0.01098232 -0.00149997
v 0.00027714 -0.00786792 -0.00149998
v 0.00047136 -0.00772511 -0.00149998
v 0.00062575 -0.00753997 3E-08
v 0.00047135 -0.00772511 2E-08
v 0.00027713 -0.00786792 2E-08
v 5.438E-05 -0.0079601 2E-08
v 0.00062576 -0.00753997 -0.00149997
v 5.439E-05 -0.0079601 -0.00149998
v -0.00129299 -0.01092375 -0.00149998
v -0.001293 -0.01092374 2E-08
v -0.00018395 -0.00799629 -0.00149998
v -0.00018396 -0.00799629 2E-08
v -0.00065189 -0.00789568 -0.00149998
v -0.00042403 -0.00797439 -0.00149998
v -0.00042404 -0.00797439 2E-08
v -0.00085429 -0.00776472 -0.00149999
v -0.0006519 -0.00789567 2E-08
v -0.0008543 -0.00776471 1E-08
v 0.00071019 -0.00661437 2E-08
v 0.0007102 -0.00661437 -0.00149998
v -0.00101947 -0.00758912 -0.00149999
v -0.00101948 -0.00758912 1E-08
v -0.00113782 -0.0073791 -0.00149999
v -0.00113783 -0.00737909 1E-08
v -0.00120249 -0.00714685 1E-08
v -0.00120248 -0.00714686 -0.00149999
v -0.00120968 -0.0069059 -0.00149999
v -0.00120969 -0.00690589 1E-08
v -0.001159 -0.00667021 -0.00149999
v -0.00115901 -0.00667021 1E-08
v 0.00387224 -0.005481 -0.00149996
v 0.00380758 -0.00524876 -0.00149996
v 0.00380757 -0.00524876 4E-08
v 0.00387223 -0.005481 4E-08
v 0.00411108 -0.00437026 -0.00149996
v 0.00430529 -0.00422746 -0.00149996
v 0.00411107 -0.00437026 4E-08
v 0.00430528 -0.00422745 4E-08
v 0.00452805 -0.00413528 -0.00149996
v 0.00452804 -0.00413528 4E-08
v 0.00395667 -0.0045554 -0.00149996
v 0.00395666 -0.0045554 4E-08
v 0.00385105 -0.00477211 4E-08
v 0.00385106 -0.00477212 -0.00149996
v 0.00380039 -0.0050078 -0.00149996
v 0.00380037 -0.0050078 4E-08
v 0.00059184 -0.00640435 -0.00149998
v 0.00059183 -0.00640434 2E-08
v 0.00196383 -0.00348475 -0.00149998
v 0.00107281 -0.00385346 -0.00149998
v 0.0010728 -0.00385345 2E-08
v 0.00196382 -0.00348474 2E-08
v 0.00274072 -0.00291351 -0.00149997
v 0.00335833 -0.00217295 -0.00149997
v 0.00335832 -0.00217295 3E-08
v 0.00274071 -0.0029135 3E-08
v 0.00022426 -0.0060978 -0.00149998
v 0.00042666 -0.00622876 -0.00149998
v -3.61E-06 -0.00601908 2E-08
v 0.00022425 -0.00609779 2E-08
v -0.00024368 -0.00599718 1E-08
v -3.6E-06 -0.00601908 -0.00149998
v 0.00042665 -0.00622876 2E-08
v -0.00024367 -0.00599718 -0.00149999
v -0.00070478 -0.00612555 1E-08
v -0.00048201 -0.00603338 -0.00149999
v -0.00048202 -0.00603337 1E-08
v -0.00070477 -0.00612555 -0.00149999
v -0.0010534 -0.0064535 -0.00149999
v -0.00089899 -0.00626836 -0.00149999
v -0.00105341 -0.00645349 1E-08
v -0.000899 -0.00626836 1E-08
v 0.00011944 -0.00399822 1E-08
v 0.00011945 -0.00399822 -0.00149999
v -0.00175229 -0.00359575 -0.0015
v -0.00084086 -0.00391062 -0.0015
v -0.00084087 -0.00391062 0
v -0.00175231 -0.00359575 -0
v 0.01098232 0.00062353 -0.00149992
v 0.01098231 0.00062353 8E-08
v 0.0079926 -0.00030467 6E-08
v 0.00798541 -6.37E-05 -0.00149994
v 0.00799261 -0.00030467 -0.00149994
v 0.0078024 0.00037855 -0.00149994
v 0.00792075 0.00016854 -0.00149994
v 0.00780239 0.00037856 6E-08
v 0.00792074 0.00016854 6E-08
v 0.0079854 -6.37E-05 6E-08
v 0.0107072 0.00252111 -0.00149993
v 0.01070719 0.00252111 7E-08
v 0.01010674 0.0043421 6E-08
v 0.01010675 0.0043421 -0.00149994
v 0.00743482 0.00068511 -0.00149995
v 0.00720696 0.00076383 -0.00149995
v 0.00763723 0.00055415 -0.00149995
v 0.00593823 0.004253 -0.00149997
v 0.00743481 0.00068511 5E-08
v 0.00593822 0.004253 3E-08
v 0.00720695 0.00076383 5E-08
v 0.00763721 0.00055415 5E-08
v 0.00650578 0.00065736 5E-08
v 0.00672854 0.00074953 -0.00149995
v 0.00672853 0.00074954 5E-08
v 0.00696688 0.00078573 5E-08
v 0.00696689 0.00078573 -0.00149995
v 0.00631156 0.00051455 4E-08
v 0.00650579 0.00065736 -0.00149995
v 0.00631157 0.00051455 -0.00149996
v 0.00619108 -0.00080621 5E-08
v 0.00607273 -0.0005962 -0.00149995
v 0.00607272 -0.00059619 5E-08
v 0.00600806 -0.00036395 4E-08
v 0.00619109 -0.00080621 -0.00149995
v 0.00600808 -0.00036396 -0.00149996
v 0.00398347 -0.00036337 3E-08
v 0.00398348 -0.00036337 -0.00149997
v 0.00600088 -0.00012299 -0.00149996
v 0.00605156 0.0001127 -0.00149996
v 0.00395468 0.00060049 -0.00149997
v 0.00615717 0.00032941 -0.00149996
v 0.00600087 -0.00012298 4E-08
v 0.00605154 0.0001127 4E-08
v 0.00615715 0.00032941 4E-08
v 0.00395467 0.0006005 3E-08
v 0.00512851 0.00379668 -0.00149997
v 0.00536685 0.00383288 -0.00149997
v 0.0055896 0.00392505 -0.00149997
v 0.00578383 0.00406786 -0.00149997
v 0.00578381 0.00406787 3E-08
v 0.00558959 0.00392506 3E-08
v 0.00536683 0.00383288 3E-08
v 0.00512849 0.00379669 3E-08
v 0.00369605 0.00152946 2E-08
v 0.00488842 0.00381858 3E-08
v 0.00369606 0.00152946 -0.00149998
v 0.00488843 0.00381858 -0.00149997
v 0.00919921 0.00603115 -0.00149995
v 0.0091992 0.00603115 5E-08
v 0.00801215 0.00753695 4E-08
v 0.00801216 0.00753694 -0.00149996
v 0.0060945 0.0047054 3E-08
v 0.00604382 0.00446972 3E-08
v 0.00604383 0.00446971 -0.00149997
v 0.00609451 0.0047054 -0.00149997
v 0.00602266 0.0051786 -0.00149997
v 0.00608731 0.00494636 -0.00149997
v 0.00602265 0.0051786 3E-08
v 0.0060873 0.00494636 3E-08
v 0.00573913 0.00556421 -0.00149997
v 0.00590431 0.00538862 -0.00149997
v 0.00553673 0.00569517 -0.00149998
v 0.0059043 0.00538863 3E-08
v 0.00573912 0.00556421 3E-08
v 0.00553672 0.00569518 2E-08
v 0.00530885 0.00577389 2E-08
v 0.00530886 0.00577389 -0.00149998
v 0.00445816 0.00402826 2E-08
v 0.00429299 0.00420385 -0.00149998
v 0.00429298 0.00420385 2E-08
v 0.00445817 0.00402826 -0.00149998
v 0.00466057 0.0038973 -0.00149998
v 0.00466056 0.0038973 2E-08
v 0.00417463 0.00441387 -0.00149998
v 0.00417462 0.00441388 2E-08
v 0.00410278 0.00488708 -0.00149998
v 0.00415346 0.00512277 -0.00149998
v 0.00410277 0.00488708 2E-08
v 0.00415345 0.00512277 2E-08
v 0.00410998 0.00464611 -0.00149998
v 0.00410997 0.00464612 2E-08
v 0.00425907 0.00533947 -0.00149998
v 0.00425906 0.00533948 2E-08
v 0.00506878 0.00579579 -0.00149998
v 0.00506877 0.0057958 2E-08
v 0.00101949 0.00758911 -0.00150001
v 0.00483045 0.0057596 -0.00149998
v 0.00483043 0.00575961 2E-08
v 0.0046077 0.00566742 -0.00149998
v 0.00460769 0.00566743 2E-08
v 0.00441346 0.00552461 2E-08
v 0.00441347 0.00552461 -0.00149998
v 0.00101948 0.00758912 -1E-08
v 0.00322263 0.00236954 -0.00149998
v 0.00322262 0.00236954 2E-08
v 0.00256192 0.0030719 -0.00149999
v 0.00256191 0.00307191 1E-08
v 0.00175232 0.00359575 -0.0015
v 0.00175231 0.00359575 0
v 0.000899 0.00626836 -1E-08
v 0.00084087 0.00391062 -0
v 0.00084088 0.00391062 -0.0015
v 0.00089901 0.00626835 -0.00150001
v 0.00105342 0.00645349 -0.00150001
v 0.00115903 0.0066702 -0.00150001
v 0.00120251 0.00714686 -0.00150001
v 0.00120971 0.00690589 -0.00150001
v 0.00113785 0.0073791 -0.00150001
v 0.00115902 0.00667021 -1E-08
v 0.00105341 0.00645349 -1E-08
v 0.0012025 0.00714686 -1E-08
v 0.00113784 0.0073791 -1E-08
v 0.00120969 0.00690589 -1E-08
v 0.00070479 0.00612555 -1E-08
v 0.00048203 0.00603337 -1E-08
v 0.00024369 0.00599718 -1E-08
v 0.0007048 0.00612555 -0.00150001
v 0.00048204 0.00603337 -0.00150001
v 0.0002437 0.00599718 -0.00150001
v -0.00011942 0.00399822 -0.00150001
v -0.00107279 0.00385345 -0.00150002
v -0.00042664 0.00622875 -0.00150002
v -0.00022424 0.0060978 -0.00150002
v 3.62E-06 0.00601907 -0.00150002
v -0.00022425 0.0060978 -2E-08
v -0.0010728 0.00385345 -2E-08
v -0.00011943 0.00399822 -1E-08
v 3.61E-06 0.00601908 -2E-08
v -0.00042665 0.00622876 -2E-08
v -0.00196381 0.00348474 -0.00150002
v -0.00196382 0.00348474 -2E-08
v -0.00274071 0.0029135 -3E-08
v -0.00274069 0.0029135 -0.00150003
v -0.00380036 0.00500779 -0.00150004
v -0.00380756 0.00524876 -0.00150004
v -0.00380757 0.00524876 -4E-08
v -0.00380037 0.0050078 -4E-08
v -0.00059182 0.00640435 -2E-08
v -0.00059181 0.00640435 -0.00150002
v -0.00071017 0.00661436 -0.00150002
v -0.00077483 0.00684661 -0.00150002
v -0.00077484 0.00684661 -2E-08
v -0.00071018 0.00661437 -2E-08
v -0.00387222 0.005481 -0.00150004
v -0.00415575 0.00586661 -0.00150005
v -0.00078202 0.00708757 -0.00150002
v -0.00399057 0.00569102 -0.00150004
v -0.00399059 0.00569102 -4E-08
v -0.00387223 0.00548101 -4E-08
v -0.00078203 0.00708758 -2E-08
v -0.00415576 0.00586662 -5E-08
v -0.00317023 -0.01053327 -0.00149999
v -0.00317025 -0.01053326 1E-08
v -0.00495117 -0.00982272 -1E-08
v -0.00495115 -0.00982273 -0.00150001
v -0.00460768 -0.00566742 -2E-08
v -0.00460767 -0.00566742 -0.00150002
v -0.00658164 -0.00881374 -2E-08
v -0.00658163 -0.00881374 -0.00150002
v -0.00530885 -0.00577389 -2E-08
v -0.00506877 -0.00579579 -2E-08
v -0.0055367 -0.00569518 -0.00150002
v -0.00530884 -0.0057739 -0.00150002
v -0.00483043 -0.00575961 -2E-08
v -0.00483042 -0.00575961 -0.00150002
v -0.00506876 -0.00579579 -0.00150002
v -0.00553671 -0.00569518 -2E-08
v -0.00801213 -0.00753695 -0.00150004
v -0.00801214 -0.00753694 -4E-08
v -0.00441344 -0.00552462 -0.00150002
v -0.00425905 -0.00533948 -0.00150002
v -0.00415344 -0.00512277 -0.00150002
v -0.00410276 -0.00488708 -0.00150002
v -0.00410277 -0.00488708 -2E-08
v -0.00415345 -0.00512277 -2E-08
v -0.00441345 -0.00552461 -2E-08
v -0.00425906 -0.00533948 -2E-08
v -0.00410996 -0.00464612 -0.00150002
v -0.00410997 -0.00464612 -2E-08
v -0.00256191 -0.00307191 -1E-08
v -0.00417462 -0.00441388 -2E-08
v -0.0025619 -0.00307191 -0.00150001
v -0.00429298 -0.00420385 -2E-08
v -0.00417461 -0.00441388 -0.00150002
v -0.00429297 -0.00420386 -0.00150002
v -0.00322261 -0.00236955 -0.00150002
v -0.00322262 -0.00236954 -2E-08
v -0.00488841 -0.00381859 -0.00150003
v -0.00466055 -0.0038973 -0.00150002
v -0.00488842 -0.00381858 -3E-08
v -0.00466056 -0.0038973 -2E-08
v -0.00512848 -0.00379669 -0.00150003
v -0.00512849 -0.00379669 -3E-08
v -0.00445815 -0.00402827 -0.00150002
v -0.00445816 -0.00402826 -2E-08
v -0.00369605 -0.00152946 -2E-08
v -0.00369603 -0.00152947 -0.00150002
v -0.00602265 -0.0051786 -3E-08
v -0.00602264 -0.00517861 -0.00150003
v -0.0060873 -0.00494636 -3E-08
v -0.0057391 -0.00556422 -0.00150003
v -0.00590428 -0.00538863 -0.00150003
v -0.00573911 -0.00556421 -3E-08
v -0.00590429 -0.00538863 -3E-08
v -0.00608729 -0.00494637 -0.00150003
v -0.0060945 -0.0047054 -3E-08
v -0.00609449 -0.0047054 -0.00150003
v -0.00536684 -0.00383287 -3E-08
v -0.00558958 -0.00392506 -0.00150003
v -0.00536682 -0.00383288 -0.00150003
v -0.00558959 -0.00392506 -3E-08
v -0.00578381 -0.00406787 -3E-08
v -0.0057838 -0.00406787 -0.00150003
v -0.00604381 -0.00446971 -0.00150003
v -0.00604382 -0.00446971 -3E-08
v -0.0059382 -0.00425301 -0.00150003
v -0.00593821 -0.004253 -3E-08
v -0.00792073 -0.00016854 -0.00150006
v -0.00780237 -0.00037856 -0.00150006
v -0.00763721 -0.00055415 -5E-08
v -0.00780238 -0.00037856 -6E-08
v -0.00792074 -0.00016854 -6E-08
v -0.0076372 -0.00055416 -0.00150005
v -0.00650577 -0.00065736 -5E-08
v -0.00650576 -0.00065736 -0.00150005
v -0.00631155 -0.00051455 -4E-08
v -0.00395467 -0.0006005 -3E-08
v -0.00631154 -0.00051456 -0.00150004
v -0.00395466 -0.0006005 -0.00150003
v -0.00615716 -0.00032941 -4E-08
v -0.00615714 -0.00032941 -0.00150004
v -0.00605153 -0.0001127 -0.00150004
v -0.00605154 -0.0001127 -4E-08
v -0.00600805 0.00036395 -0.00150004
v -0.00398345 0.00036336 -0.00150003
v -0.00600086 0.00012298 -0.00150004
v -0.00607271 0.00059619 -0.00150005
v -0.00607272 0.00059619 -5E-08
v -0.00600806 0.00036395 -4E-08
v -0.00398346 0.00036337 -3E-08
v -0.00600087 0.00012298 -4E-08
v -0.00378074 0.00130611 -0.00150003
v -0.00378075 0.00130611 -3E-08
v -0.0033583 0.00217295 -0.00150003
v -0.00335831 0.00217295 -3E-08
v -0.00635626 0.0009818 -5E-08
v -0.00619108 0.00080621 -5E-08
v -0.00619107 0.00080621 -0.00150005
v -0.00635625 0.0009818 -0.00150005
v -0.00672852 -0.00074954 -0.00150005
v -0.00696686 -0.00078573 -0.00150005
v -0.0074348 -0.00068511 -0.00150005
v -0.00720694 -0.00076383 -0.00150005
v -0.00696687 -0.00078573 -5E-08
v -0.00672853 -0.00074954 -5E-08
v -0.00743481 -0.00068511 -5E-08
v -0.00720695 -0.00076382 -5E-08
v -0.00655866 0.00111276 -5E-08
v -0.0067865 0.00119148 -0.00150005
v -0.00655865 0.00111276 -0.00150005
v -0.00678651 0.00119149 -5E-08
v -0.00702658 0.00121338 -0.00150005
v -0.00702659 0.00121338 -5E-08
v -0.00798539 6.37E-05 -0.00150006
v -0.0079854 6.37E-05 -6E-08
v -0.00748769 0.00108501 -6E-08
v -0.00726492 0.00117719 -0.00150006
v -0.00726493 0.00117719 -6E-08
v -0.00768191 0.0009422 -6E-08
v -0.00748768 0.00108501 -0.00150006
v -0.0076819 0.0009422 -0.00150006
v -0.00783631 0.00075707 -6E-08
v -0.00799259 0.00030466 -0.00150006
v -0.00794191 0.00054035 -0.00150006
v -0.0079926 0.00030467 -6E-08
v -0.00794192 0.00054035 -6E-08
v -0.0078363 0.00075706 -0.00150006
v -0.00430528 0.00422745 -4E-08
v -0.00430527 0.00422745 -0.00150004
v -0.00395666 0.0045554 -4E-08
v -0.00411105 0.00437026 -0.00150004
v -0.00395665 0.00455539 -0.00150004
v -0.00411106 0.00437026 -4E-08
v -0.00385104 0.00477211 -0.00150004
v -0.00385105 0.00477211 -4E-08
v -0.00452803 0.00413527 -0.00150004
v -0.00476637 0.00409908 -0.00150005
v -0.00500645 0.00412098 -0.00150005
v -0.00452804 0.00413528 -4E-08
v -0.00476638 0.00409908 -5E-08
v -0.00500646 0.00412098 -5E-08
v -0.00458602 0.00607629 -5E-08
v -0.00435815 0.00599757 -0.00150005
v -0.00435816 0.00599757 -5E-08
v -0.00458601 0.00607629 -0.00150005
v -0.0052872 0.00596982 -5E-08
v -0.00506443 0.006062 -0.00150005
v -0.00506444 0.006062 -5E-08
v -0.00528718 0.00596982 -0.00150005
v -0.00482609 0.00609819 -0.00150005
v -0.0048261 0.00609819 -5E-08
v -0.00523431 0.0041997 -5E-08
v -0.0052343 0.00419969 -0.00150005
v -0.0054367 0.00433066 -0.00150005
v -0.00560188 0.00450625 -0.00150005
v -0.00579209 0.00518948 -0.00150006
v -0.00572024 0.00471627 -0.00150005
v -0.0057849 0.00494851 -0.00150006
v -0.00572025 0.00471627 -5E-08
v -0.00560189 0.00450626 -5E-08
v -0.00543671 0.00433066 -5E-08
v -0.00578491 0.00494851 -6E-08
v -0.0057921 0.00518948 -6E-08
v -0.0054814 0.00582701 -0.00150006
v -0.00548141 0.00582702 -6E-08
v -0.00574142 0.00542516 -0.00150006
v -0.00574143 0.00542517 -6E-08
v -0.0056358 0.00564187 -0.00150006
v -0.00563582 0.00564187 -6E-08
v -0.02240086 0.00775896 -1.8E-07
v -0.02342862 0.00885152 -0.00150019
v 0.00085432 0.00776471 -0.00150001
v 0.00065192 0.00789567 -0.00150002
v 0.0008543 0.00776471 -1E-08
v 0.0006519 0.00789567 -2E-08
v 0.00042405 0.00797439 -2E-08
v 0.00042406 0.00797438 -0.00150002
v -5.437E-05 0.0079601 -2E-08
v 0.00018398 0.00799629 -0.00150002
v 0.00018397 0.00799629 -2E-08
v -0.00027713 0.00786792 -2E-08
v -5.436E-05 0.00796009 -0.00150002
v -0.00027712 0.00786792 -0.00150002
v -0.00740433 0.02392541 -0.00150012
v -0.00637658 0.02283286 -1.1E-07
v -0.00047135 0.00772511 -2E-08
v -0.00047134 0.00772511 -0.00150002
v -0.00062574 0.00753996 -0.00150003
v -0.00062575 0.00753997 -3E-08
v -0.00073135 0.00732326 -0.00150003
v -0.00073136 0.00732326 -3E-08
v -0.00652904 0.02299493 2.496E-05
v -0.00667386 0.02314889 9.892E-05
v -0.00680378 0.02328699 0.00021806
v -0.00691227 0.02340233 0.0003764
v -0.02358108 0.0090136 -0.00147512
v -0.00755679 0.0240875 -0.00147505
v -0.0237259 0.00916755 -0.00140117
v -0.00794003 0.02449488 -0.00112361
v -0.00783153 0.02437955 -0.00128195
v -0.02396431 0.00942099 -0.00112369
v -0.00770161 0.02424145 -0.00140109
v -0.02385582 0.00930566 -0.00128203
v -0.02404594 0.00950777 -0.00093408
v -0.00802165 0.02458166 -0.00093401
v -0.02409662 0.00956164 -0.00072272
v -0.00808951 0.0246538 -0.00050013
v -0.00807233 0.02463553 -0.00072265
v -0.02411379 0.0095799 -0.0005002
v -0.02293655 0.00832843 0.00037632
v -0.02282806 0.0082131 0.00021798
v -0.02255333 0.00792104 2.489E-05
v -0.02269815 0.00807499 9.884E-05
v -0.0069939 0.0234891 0.000566
v -0.00704458 0.02354297 0.00077736
v -0.02306887 0.00846908 0.00077729
v -0.02308604 0.00848734 0.00099981
v -0.00706176 0.02356123 0.00099988
v -0.02301819 0.00841521 0.00056593
v -0.00706185 0.02356127 0.01334989
v -0.02308613 0.00848738 0.01334981
v -0.00808961 0.02465384 0.01334987
v -0.0241139 0.00957994 0.0133498
v -0.00702532 0.02359563 0.01379493
v -0.02312266 0.00845302 0.01379485
v -0.00691759 0.02369698 0.01421765
v -0.0232304 0.00835167 0.01421758
v -0.00674404 0.02386024 0.01459687
v -0.02363463 0.00797143 0.01491347
v -0.02340396 0.00818841 0.01459679
v -0.02466239 0.00906399 0.01491346
v -0.00754115 0.02516979 0.01491354
v -0.0077718 0.0249528 0.01459685
v -0.02443173 0.00928098 0.01459678
v -0.02415043 0.00954558 0.01379484
v -0.00805309 0.02468819 0.01379492
v -0.00794536 0.02478955 0.01421764
v -0.02425817 0.00944423 0.01421757
v -0.00674421 0.02386031 0.03810291
v -0.02340413 0.00818847 0.03810283
v -0.00651354 0.02407729 0.03778623
v -0.00651338 0.02407723 0.01491355
v 0.00982235 -0.00495102 0.05270009
v 0.00982234 -0.00495102 0.05420009
v 0.00881334 -0.0065815 0.05420008
v 0.00881336 -0.0065815 0.05270008
v 0.00753657 -0.00801199 0.05270008
v 0.00563544 -0.00564173 0.05270006
v 0.00563543 -0.00564172 0.05420006
v 0.00753656 -0.00801199 0.05420008
v 0.00578451 -0.00494836 0.05420006
v 0.00579171 -0.00518933 0.05420006
v 0.00574104 -0.00542502 0.05270006
v 0.00574103 -0.00542502 0.05420006
v 0.00579172 -0.00518934 0.05270006
v 0.00578452 -0.00494837 0.05270006
v 0.00603076 -0.00919905 0.05270007
v 0.00528681 -0.00596968 0.05270005
v 0.00506406 -0.00606186 0.05270005
v 0.00458563 -0.00607614 0.05420005
v 0.00603075 -0.00919905 0.05420007
v 0.0048257 -0.00609805 0.05420005
v 0.00506404 -0.00606185 0.05420005
v 0.00482572 -0.00609805 0.05270005
v 0.00458564 -0.00607615 0.05270005
v 0.0052868 -0.00596968 0.05420006
v 0.00548103 -0.00582686 0.05270006
v 0.00548102 -0.00582686 0.05420006
v 0.01053288 -0.0031701 0.05270009
v 0.01053287 -0.0031701 0.05420009
v 0.01092336 -0.00129286 0.05270008
v 0.01092335 -0.00129285 0.05420008
v 0.00726455 -0.00117705 0.05270006
v 0.0074873 -0.00108487 0.05270006
v 0.00783592 -0.00075692 0.05420006
v 0.00768152 -0.00094206 0.05420006
v 0.00768153 -0.00094206 0.05270006
v 0.00726454 -0.00117704 0.05420006
v 0.00748729 -0.00108486 0.05420006
v 0.00783593 -0.00075692 0.05270006
v 0.00571986 -0.00471612 0.05420006
v 0.00571987 -0.00471613 0.05270005
v 0.00523394 -0.00419955 0.05270005
v 0.00543633 -0.00433052 0.05270005
v 0.00543632 -0.00433051 0.05420005
v 0.00523393 -0.00419955 0.05420005
v 0.00500606 -0.00412083 0.05420005
v 0.00500607 -0.00412084 0.05270005
v 0.0056015 -0.0045061 0.05420005
v 0.00560151 -0.0045061 0.05270005
v 0.0070262 -0.00121323 0.05420006
v 0.00702621 -0.00121324 0.05270005
v 0.00678614 -0.00119133 0.05270005
v 0.00678613 -0.00119133 0.05420005
v 0.00635587 -0.00098166 0.05270005
v 0.00655827 -0.00111262 0.05270005
v 0.00378037 -0.00130596 0.05270003
v 0.00635586 -0.00098166 0.05420005
v 0.00378036 -0.00130596 0.05420003
v 0.00655826 -0.00111261 0.05420005
v 0.00476599 -0.00409894 0.05270005
v 0.00476598 -0.00409894 0.05420005
v 0.00434171 -0.01010659 0.05420006
v 0.00434172 -0.0101066 0.05270006
v 0.00252072 -0.01070704 0.05420005
v 0.00252073 -0.01070705 0.05270005
v 0.00073098 -0.00732312 0.05270003
v 0.00073097 -0.00732311 0.05420003
v 0.00435778 -0.00599743 0.05270005
v 0.00435777 -0.00599743 0.05420005
v 0.00399019 -0.00569087 0.05420005
v 0.00077445 -0.00684646 0.05420002
v 0.00078165 -0.00708743 0.05420003
v 0.00415537 -0.00586646 0.05420005
v 0.00078166 -0.00708743 0.05270002
v 0.0039902 -0.00569088 0.05270005
v 0.00415538 -0.00586647 0.05270005
v 0.00077446 -0.00684646 0.05270002
v 0.00062315 -0.01098217 0.05270004
v 0.00062314 -0.01098217 0.05420003
v 0.00027674 -0.00786778 0.05270002
v 0.00047097 -0.00772496 0.05270002
v 0.00062537 -0.00753983 0.05270002
v 5.399E-05 -0.00795995 0.05270002
v 0.00027673 -0.00786777 0.05420002
v 5.398E-05 -0.00795995 0.05420002
v 0.00047095 -0.00772496 0.05420002
v 0.00062536 -0.00753982 0.05420003
v -0.00129339 -0.0109236 0.05270002
v -0.0012934 -0.01092359 0.05420002
v -0.00042443 -0.00797424 0.05270002
v -0.00018435 -0.00799615 0.05270002
v -0.0008547 -0.00776457 0.05420002
v -0.0006523 -0.00789552 0.05420002
v -0.00065229 -0.00789553 0.05270002
v -0.00042444 -0.00797424 0.05420002
v -0.00018436 -0.00799614 0.05420002
v -0.00085469 -0.00776457 0.05270002
v 0.0007098 -0.00661422 0.05270002
v 0.00070979 -0.00661422 0.05420002
v -0.00101987 -0.00758898 0.05270001
v -0.00113822 -0.00737895 0.05270001
v -0.00101988 -0.00758897 0.05420001
v -0.00113823 -0.00737895 0.05420001
v -0.00120287 -0.00714671 0.05270001
v -0.00121007 -0.00690575 0.05270001
v -0.00115939 -0.00667006 0.05270001
v -0.00121008 -0.00690575 0.05420001
v -0.00120289 -0.00714671 0.05420001
v -0.0011594 -0.00667006 0.05420001
v 0.00387184 -0.00548085 0.05270004
v 0.00387183 -0.00548085 0.05420004
v 0.00380719 -0.00524861 0.05270004
v 0.00380718 -0.00524861 0.05420004
v 0.00452766 -0.00413513 0.05270005
v 0.0043049 -0.00422731 0.05270004
v 0.00452764 -0.00413513 0.05420005
v 0.00411067 -0.00437011 0.05420004
v 0.00411068 -0.00437012 0.05270004
v 0.00430489 -0.00422731 0.05420004
v 0.00379999 -0.00500765 0.05270004
v 0.00385067 -0.00477197 0.05270004
v 0.00379998 -0.00500765 0.05420004
v 0.00385066 -0.00477196 0.05420004
v 0.00395628 -0.00455525 0.05270004
v 0.00395627 -0.00455525 0.05420004
v 0.00059144 -0.0064042 0.05420002
v 0.00059145 -0.0064042 0.05270002
v 0.00107242 -0.00385331 0.05270002
v 0.00196342 -0.00348459 0.05420002
v 0.00107241 -0.0038533 0.05420002
v 0.00196343 -0.0034846 0.05270002
v 0.00274032 -0.00291336 0.05270003
v 0.00335794 -0.00217281 0.05270003
v 0.00274031 -0.00291336 0.05420003
v 0.00335793 -0.0021728 0.05420003
v 0.00042627 -0.00622861 0.05270002
v 0.00022387 -0.00609765 0.05270002
v 0.00022386 -0.00609764 0.05420002
v 0.00042626 -0.00622861 0.05420002
v -0.00024407 -0.00599704 0.05270002
v -4E-06 -0.00601893 0.05270002
v -4.01E-06 -0.00601893 0.05420002
v -0.00024408 -0.00599703 0.05420002
v -0.00105379 -0.00645335 0.05270001
v -0.00089939 -0.00626821 0.05270001
v -0.0008994 -0.00626821 0.05420001
v -0.0010538 -0.00645335 0.05420001
v -0.00048241 -0.00603323 0.05270001
v -0.00070516 -0.00612541 0.05270001
v -0.00048242 -0.00603322 0.05420001
v -0.00070517 -0.0061254 0.05420001
v 0.00011905 -0.00399807 0.05420001
v 0.00011906 -0.00399808 0.05270001
v -0.00084125 -0.00391048 0.05270001
v -0.00175269 -0.00359561 0.0527
v -0.00084126 -0.00391047 0.0542
v -0.0017527 -0.0035956 0.0542
v 0.01098193 0.00062368 0.05270008
v 0.01098192 0.00062368 0.05420008
v 0.00799221 -0.00030452 0.05420006
v 0.00780201 0.0003787 0.05270006
v 0.00792036 0.00016868 0.05270006
v 0.00798502 -6.356E-05 0.05270006
v 0.00799222 -0.00030452 0.05270006
v 0.007802 0.00037871 0.05420006
v 0.00792035 0.00016869 0.05420006
v 0.007985 -6.355E-05 0.05420006
v 0.00794153 -0.00054021 0.05420006
v 0.00794154 -0.00054021 0.05270006
v 0.01070681 0.00252126 0.05270007
v 0.01010636 0.00434225 0.05270006
v 0.01010634 0.00434225 0.05420006
v 0.0107068 0.00252126 0.05420007
v 0.00593783 0.00425315 0.05270003
v 0.00720657 0.00076398 0.05270005
v 0.00743443 0.00068525 0.05270005
v 0.00763683 0.0005543 0.05270005
v 0.00763682 0.0005543 0.05420005
v 0.00720655 0.00076398 0.05420005
v 0.00743442 0.00068526 0.05420005
v 0.00593782 0.00425315 0.05420003
v 0.00631116 0.0005147 0.05420005
v 0.00631117 0.0005147 0.05270005
v 0.00650539 0.00065751 0.05420005
v 0.0065054 0.0006575 0.05270005
v 0.00607234 -0.00059605 0.05270005
v 0.00600768 -0.00036381 0.05270005
v 0.00607233 -0.00059605 0.05420005
v 0.00619068 -0.00080606 0.05420005
v 0.00619069 -0.00080607 0.05270005
v 0.00600767 -0.00036381 0.05420005
v 0.00398308 -0.00036322 0.05270003
v 0.00398307 -0.00036322 0.05420003
v 0.00600048 -0.00012284 0.05270005
v 0.00395429 0.00060064 0.05270003
v 0.00605116 0.00011284 0.05270004
v 0.00615677 0.00032956 0.05270005
v 0.00600047 -0.00012284 0.05420005
v 0.00605115 0.00011285 0.05420005
v 0.00615676 0.00032956 0.05420005
v 0.00395428 0.00060065 0.05420003
v 0.00696649 0.00078587 0.05270005
v 0.00672814 0.00074968 0.05420005
v 0.00672815 0.00074968 0.05270005
v 0.00696648 0.00078588 0.05420005
v 0.00558921 0.0039252 0.05270003
v 0.00578343 0.00406801 0.05270003
v 0.00536645 0.00383302 0.05270003
v 0.00536644 0.00383303 0.05420003
v 0.0055892 0.0039252 0.05420003
v 0.00578342 0.00406801 0.05420003
v 0.00369565 0.00152961 0.05420002
v 0.00512811 0.00379683 0.05270003
v 0.0051281 0.00379684 0.05420003
v 0.00369566 0.00152961 0.05270002
v 0.00919882 0.00603129 0.05270005
v 0.00919881 0.0060313 0.05420005
v 0.00801176 0.00753709 0.05270004
v 0.00801175 0.00753709 0.05420004
v 0.00608691 0.00494651 0.05420003
v 0.0060941 0.00470555 0.05420003
v 0.00602226 0.00517875 0.05270003
v 0.00608692 0.00494651 0.05270003
v 0.00609411 0.00470554 0.05270003
v 0.00604344 0.00446986 0.05270003
v 0.00604343 0.00446986 0.05420003
v 0.00602225 0.00517875 0.05420003
v 0.00573872 0.00556436 0.05420003
v 0.0059039 0.00538877 0.05420003
v 0.00530847 0.00577404 0.05270002
v 0.00553633 0.00569532 0.05270002
v 0.00573873 0.00556436 0.05270003
v 0.00553632 0.00569533 0.05420003
v 0.00530846 0.00577404 0.05420002
v 0.00590391 0.00538877 0.05270003
v 0.00488803 0.00381873 0.05420003
v 0.00488804 0.00381873 0.05270003
v 0.00466017 0.00389745 0.05420002
v 0.00466018 0.00389744 0.05270002
v 0.00445776 0.00402841 0.05420002
v 0.00445778 0.00402841 0.05270002
v 0.00429259 0.004204 0.05420002
v 0.0042926 0.004204 0.05270002
v 0.00417424 0.00441402 0.05270002
v 0.00417423 0.00441402 0.05420002
v 0.00410957 0.00464626 0.05420002
v 0.00410958 0.00464626 0.05270002
v 0.00506838 0.00579594 0.05420002
v 0.00506839 0.00579594 0.05270002
v 0.00460729 0.00566758 0.05420002
v 0.0046073 0.00566757 0.05270002
v 0.00483004 0.00575975 0.05420002
v 0.00483005 0.00575975 0.05270002
v 0.00410239 0.00488723 0.05270002
v 0.00415306 0.00512291 0.05270002
v 0.00415305 0.00512292 0.05420002
v 0.00425866 0.00533962 0.05420002
v 0.00410237 0.00488723 0.05420002
v 0.00425867 0.00533962 0.05270002
v 0.00441308 0.00552476 0.05270002
v 0.00441307 0.00552476 0.05420002
v 0.0010191 0.00758926 0.05269999
v 0.00101909 0.00758927 0.05419999
v 0.00322224 0.00236969 0.05270002
v 0.00322223 0.00236969 0.05420002
v 0.00256152 0.00307205 0.05270001
v 0.00256151 0.00307205 0.05420001
v 0.00175192 0.00359589 0.05270001
v 0.00175191 0.0035959 0.0542
v 0.00084047 0.00391077 0.0542
v 0.00084048 0.00391076 0.0527
v 0.00105302 0.00645364 0.05269999
v 0.00115863 0.00667035 0.05269999
v 0.00113746 0.00737925 0.05269999
v 0.00120211 0.00714701 0.05269999
v 0.00120931 0.00690604 0.05269999
v 0.00105301 0.00645364 0.05419999
v 0.00115862 0.00667036 0.05419999
v 0.0012093 0.00690604 0.05419999
v 0.0012021 0.00714701 0.05419999
v 0.00113745 0.00737925 0.05419999
v 0.00089861 0.0062685 0.05419999
v 0.00048165 0.00603352 0.05269999
v 0.0007044 0.00612569 0.05269999
v 0.00089862 0.0062685 0.05269999
v 0.00070439 0.0061257 0.05419999
v 0.00048164 0.00603352 0.05419999
v -0.00107318 0.00385359 0.05269998
v -0.00022464 0.00609794 0.05269998
v -0.00011982 0.00399836 0.05269999
v 0.00024331 0.00599732 0.05269999
v 3.23E-06 0.00601922 0.05269998
v -0.00022465 0.00609795 0.05419998
v -0.0010732 0.0038536 0.05419998
v -0.00011983 0.00399837 0.05419999
v 0.0002433 0.00599733 0.05419999
v 3.22E-06 0.00601922 0.05419999
v -0.00380077 0.00500794 0.05419996
v -0.00196421 0.00348489 0.05419998
v -0.0027411 0.00291365 0.05419997
v -0.00274109 0.00291365 0.05269997
v -0.00380797 0.00524891 0.05419996
v -0.0019642 0.00348489 0.05269998
v -0.00380076 0.00500794 0.05269996
v -0.00380796 0.00524891 0.05269996
v -0.00042704 0.0062289 0.05269998
v -0.00059221 0.0064045 0.05269998
v -0.00042705 0.0062289 0.05419998
v -0.00059222 0.0064045 0.05419998
v -0.00071057 0.00661451 0.05269998
v -0.00071058 0.00661452 0.05419998
v -0.00387261 0.00548115 0.05269996
v -0.00077522 0.00684675 0.05269998
v -0.00399097 0.00569117 0.05269996
v -0.00078242 0.00708772 0.05269998
v -0.00415615 0.00586676 0.05269995
v -0.00078243 0.00708773 0.05419997
v -0.00415616 0.00586676 0.05419996
v -0.00399098 0.00569117 0.05419996
v -0.00387262 0.00548115 0.05419996
v -0.00077523 0.00684676 0.05419997
v -0.00317064 -0.01053311 0.0542
v -0.00495155 -0.00982258 0.05269999
v -0.00317063 -0.01053312 0.05270001
v -0.00495156 -0.00982258 0.05419999
v -0.00460806 -0.00566728 0.05269998
v -0.00460807 -0.00566727 0.05419998
v -0.00658202 -0.00881359 0.05269998
v -0.00658203 -0.00881359 0.05419997
v -0.00553709 -0.00569503 0.05269998
v -0.00530924 -0.00577375 0.05269998
v -0.00506917 -0.00579564 0.05419998
v -0.00506916 -0.00579565 0.05269998
v -0.00483082 -0.00575946 0.05269998
v -0.0055371 -0.00569503 0.05419997
v -0.00530925 -0.00577375 0.05419998
v -0.00483083 -0.00575946 0.05419998
v -0.00801252 -0.0075368 0.05269996
v -0.00801253 -0.0075368 0.05419996
v -0.00415383 -0.00512263 0.05269998
v -0.00441384 -0.00552447 0.05269998
v -0.00425944 -0.00533933 0.05269998
v -0.00410315 -0.00488693 0.05269998
v -0.00425945 -0.00533933 0.05419998
v -0.00441385 -0.00552447 0.05419998
v -0.00415384 -0.00512262 0.05419999
v -0.00410317 -0.00488693 0.05419998
v -0.00411036 -0.00464597 0.05419998
v -0.00411035 -0.00464597 0.05269998
v -0.00256229 -0.00307176 0.05269999
v -0.00445854 -0.00402812 0.05269998
v -0.00429337 -0.00420371 0.05269998
v -0.00417501 -0.00441373 0.05269998
v -0.0025623 -0.00307176 0.05419999
v -0.00417502 -0.00441373 0.05419998
v -0.00429338 -0.0042037 0.05419998
v -0.003223 -0.0023694 0.05269998
v -0.00322302 -0.00236939 0.05419998
v -0.00445855 -0.00402812 0.05419998
v -0.00512889 -0.00379654 0.05419997
v -0.00512888 -0.00379654 0.05269997
v -0.00488881 -0.00381844 0.05419997
v -0.00466094 -0.00389716 0.05269998
v -0.0048888 -0.00381844 0.05269998
v -0.00466096 -0.00389715 0.05419998
v -0.00369643 -0.00152932 0.05269998
v -0.00369644 -0.00152931 0.05419998
v -0.0057395 -0.00556407 0.05419997
v -0.00590467 -0.00538848 0.05269997
v -0.00602303 -0.00517846 0.05269997
v -0.00590468 -0.00538848 0.05419997
v -0.00608769 -0.00494622 0.05269997
v -0.0060877 -0.00494621 0.05419997
v -0.00573949 -0.00556407 0.05269998
v -0.00602304 -0.00517845 0.05419997
v -0.00609489 -0.00470525 0.05419997
v -0.00609488 -0.00470526 0.05269997
v -0.00578421 -0.00406772 0.05419997
v -0.0057842 -0.00406772 0.05269997
v -0.00558999 -0.00392491 0.05419997
v -0.00558997 -0.00392491 0.05269997
v -0.00536723 -0.00383272 0.05419997
v -0.00536722 -0.00383273 0.05269997
v -0.00604421 -0.00446956 0.05269997
v -0.00604422 -0.00446956 0.05419997
v -0.00593859 -0.00425286 0.05269997
v -0.00593861 -0.00425285 0.05419997
v -0.00792113 -0.0001684 0.05269994
v -0.00780277 -0.00037841 0.05269995
v -0.0076376 -0.000554 0.05419995
v -0.00780278 -0.00037841 0.05419995
v -0.00792114 -0.00016839 0.05419995
v -0.00763759 -0.00055401 0.05269995
v -0.00650617 -0.00065721 0.05419996
v -0.00650616 -0.00065722 0.05269995
v -0.00395507 -0.00060035 0.05419997
v -0.00615754 -0.00032926 0.05269996
v -0.00605193 -0.00011256 0.05269996
v -0.00395505 -0.00060036 0.05269997
v -0.00631193 -0.00051441 0.05269996
v -0.00605194 -0.00011255 0.05419996
v -0.00615755 -0.00032926 0.05419996
v -0.00631195 -0.0005144 0.05419996
v -0.00607311 0.00059634 0.05419996
v -0.00600846 0.0003641 0.05419996
v -0.00398385 0.00036352 0.05419997
v -0.00600126 0.00012313 0.05419996
v -0.00600845 0.0003641 0.05269996
v -0.0060731 0.00059634 0.05269995
v -0.00398384 0.00036351 0.05269997
v -0.00600125 0.00012313 0.05269996
v -0.00378113 0.00130625 0.05269997
v -0.00378114 0.00130626 0.05419997
v -0.0033587 0.00217309 0.05269997
v -0.00335871 0.0021731 0.05419997
v -0.00619146 0.00080635 0.05269995
v -0.00635664 0.00098195 0.05269995
v -0.00619147 0.00080636 0.05419995
v -0.00635665 0.00098195 0.05419995
v -0.00696725 -0.00078558 0.05269995
v -0.00672892 -0.00074939 0.05269995
v -0.00743519 -0.00068497 0.05269995
v -0.00720733 -0.00076368 0.05269995
v -0.00672893 -0.00074939 0.05419995
v -0.00696727 -0.00078558 0.05419995
v -0.0074352 -0.00068496 0.05419995
v -0.00720735 -0.00076368 0.05419995
v -0.0067869 0.00119163 0.05269995
v -0.00655904 0.00111291 0.05269995
v -0.00655905 0.00111291 0.05419995
v -0.00702698 0.00121352 0.05269995
v -0.00678691 0.00119163 0.05419995
v -0.00702699 0.00121353 0.05419995
v -0.00798578 6.384E-05 0.05269994
v -0.00798579 6.385E-05 0.05419994
v -0.00768231 0.00094235 0.05419994
v -0.0076823 0.00094235 0.05269994
v -0.00748808 0.00108516 0.05419994
v -0.00726532 0.00117733 0.05269995
v -0.00748807 0.00108516 0.05269994
v -0.00726533 0.00117734 0.05419995
v -0.00799299 0.00030482 0.05419994
v -0.00799298 0.00030481 0.05269994
v -0.0079423 0.0005405 0.05269994
v -0.00794231 0.0005405 0.05419994
v -0.00783669 0.00075721 0.05269994
v -0.0078367 0.00075722 0.05419994
v -0.00430567 0.0042276 0.05269996
v -0.00430568 0.0042276 0.05419996
v -0.00385145 0.00477226 0.05419996
v -0.00395706 0.00455554 0.05419996
v -0.00411145 0.00437041 0.05419996
v -0.00385144 0.00477225 0.05269996
v -0.00395705 0.00455554 0.05269996
v -0.00411144 0.0043704 0.05269996
v -0.00476676 0.00409923 0.05269995
v -0.00500684 0.00412112 0.05269995
v -0.00452842 0.00413542 0.05269996
v -0.00500685 0.00412113 0.05419995
v -0.00476677 0.00409923 0.05419996
v -0.00452843 0.00413542 0.05419996
v -0.00435855 0.00599772 0.05269995
v -0.0045864 0.00607643 0.05269995
v -0.00435856 0.00599772 0.05419995
v -0.00458641 0.00607644 0.05419995
v -0.00482648 0.00609834 0.05269995
v -0.00506482 0.00606214 0.05269995
v -0.00482649 0.00609834 0.05419995
v -0.00528758 0.00596997 0.05269995
v -0.00506483 0.00606215 0.05419995
v -0.00528759 0.00596997 0.05419995
v -0.00523471 0.00419984 0.05419995
v -0.0052347 0.00419984 0.05269995
v -0.00572063 0.00471641 0.05269995
v -0.00560228 0.0045064 0.05269995
v -0.0054371 0.0043308 0.05269995
v -0.00578529 0.00494866 0.05269995
v -0.00579249 0.00518962 0.05269995
v -0.00543711 0.00433081 0.05419995
v -0.00560229 0.0045064 0.05419995
v -0.0057853 0.00494866 0.05419995
v -0.0057925 0.00518963 0.05419995
v -0.00572065 0.00471642 0.05419995
v -0.00574181 0.00542531 0.05269995
v -0.00574182 0.00542531 0.05419995
v -0.0056362 0.00564202 0.05269995
v -0.00563621 0.00564202 0.05419995
v -0.0054818 0.00582716 0.05269995
v -0.00548181 0.00582716 0.05419995
v -0.02240124 0.0077591 0.05269982
v -0.02342902 0.00885168 0.05419981
v -0.02466256 0.00906405 0.03778613
v -0.00777198 0.02495287 0.0381029
v -0.02323058 0.00835173 0.03848204
v -0.00691777 0.02369704 0.03848211
v -0.00702551 0.0235957 0.03890484
v -0.02312285 0.00845309 0.03890476
v -0.00706204 0.02356134 0.03934988
v -0.02308632 0.00848745 0.03934981
v -0.0244319 0.00928104 0.03810282
v -0.02411409 0.00958001 0.0393498
v -0.0080898 0.02465391 0.03934987
v -0.02415061 0.00954565 0.03890476
v -0.00805328 0.02468826 0.03890483
v -0.02425835 0.0094443 0.03848203
v -0.00794553 0.02478961 0.03848211
v 0.00085392 0.00776486 0.05269999
v 0.00065152 0.00789581 0.05269998
v 0.00065151 0.00789582 0.05419998
v 0.00085391 0.00776486 0.05419999
v 0.00042367 0.00797453 0.05269998
v 0.00042365 0.00797453 0.05419998
v -0.00027752 0.00786807 0.05419998
v -0.00027751 0.00786806 0.05269998
v -5.476E-05 0.00796025 0.05419998
v -5.475E-05 0.00796024 0.05269998
v 0.00018359 0.00799643 0.05269998
v 0.00018357 0.00799644 0.05419998
v -0.00637696 0.022833 0.05269989
v -0.00073174 0.00732341 0.05269998
v -0.00073175 0.00732341 0.05419997
v -0.00062614 0.00754011 0.05269998
v -0.00047173 0.00772526 0.05269998
v -0.00047175 0.00772526 0.05419997
v -0.00062615 0.00754012 0.05419997
v -0.00740474 0.02392557 0.05419988
v -0.00691265 0.02340247 0.05232337
v -0.00680416 0.02328713 0.05248172
v -0.00667425 0.02314903 0.05260086
v -0.00652942 0.02299508 0.05267482
v -0.00706213 0.02356137 0.05169988
v -0.02308641 0.00848748 0.05169981
v -0.02411419 0.00958005 0.0531998
v -0.0080899 0.02465395 0.05319988
v -0.02306924 0.00846921 0.05192233
v -0.00704495 0.02354311 0.0519224
v -0.02301856 0.00841535 0.05213369
v -0.00699428 0.02348925 0.05213377
v -0.02293693 0.00832857 0.0523233
v -0.02255371 0.00792119 0.05267474
v -0.02269853 0.00807514 0.05260078
v -0.02282844 0.00821324 0.05248164
v -0.02409701 0.00956179 0.05342232
v -0.02404634 0.00950791 0.05363368
v -0.00802205 0.02458181 0.05363376
v -0.00807273 0.02463568 0.0534224
v -0.02396471 0.00942114 0.05382329
v -0.00794043 0.02449504 0.05382337
v -0.02385622 0.00930581 0.05398163
v -0.0237263 0.0091677 0.05410077
v -0.00770202 0.0242416 0.05410085
v -0.00783193 0.0243797 0.05398171
v -0.02358148 0.00901375 0.05417473
v -0.0075572 0.02408765 0.05417481
v -0.02524651 0.00851452 0.01529965
v -0.02493861 0.00880417 0.01515173
v -0.02421874 0.00742196 0.01529966
v -0.02391084 0.0077116 0.01515174
v -0.0245429 0.00711702 0.0153498
v -0.02557067 0.00820959 0.01534979
v -0.03456612 -0.00025235 0.01534975
v -0.03463092 -0.00237268 0.01534975
v -0.0236348 0.00797149 0.03778614
v -0.023911 0.00771166 0.03754787
v -0.0242189 0.00742202 0.03739995
v -0.02454306 0.00711708 0.0373498
v -0.02557083 0.00820965 0.03734979
v -0.02524667 0.00851458 0.03739994
v -0.02493877 0.00880423 0.03754786
v -0.03463108 -0.00237262 0.03734975
v -0.03567505 -0.00257765 0.01534975
v -0.03587374 -0.00247438 0.01534975
v -0.03545836 -0.00263413 0.01534975
v -0.0350148 -0.00259783 0.01534975
v -0.03481017 -0.00250688 0.01534975
v -0.03604447 -0.00232948 0.01534974
v -0.03523454 -0.00264097 0.01534975
v -0.03539356 -0.0005138 0.01534974
v -0.03516974 -0.00052064 0.01534975
v -0.03561025 -0.00045733 0.01534974
v -0.03495 -0.0004775 0.01534975
v -0.03474538 -0.00038655 0.01534975
v -0.03580894 -0.00035405 0.01534974
v -0.03597967 -0.00020915 0.01534974
v -0.03456628 -0.00025229 0.03734975
v -0.03481034 -0.00250682 0.03734975
v -0.03501496 -0.00259777 0.03734975
v -0.0352347 -0.00264091 0.03734975
v -0.03545852 -0.00263407 0.03734975
v -0.03567521 -0.00257759 0.03734975
v -0.0358739 -0.00247432 0.03734975
v -0.03604463 -0.00232942 0.03734974
v -0.03474554 -0.00038649 0.03734975
v -0.03495016 -0.00047745 0.03734975
v -0.0351699 -0.00052058 0.03734974
v -0.03561042 -0.00045727 0.03734974
v -0.03539372 -0.00051374 0.03734974
v -0.0358091 -0.00035399 0.03734974
v -0.03597983 -0.00020909 0.03734974
v -0.05043319 0.01296643 0.0153496
v -0.0467988 0.00910288 0.02046487
v -0.04543635 0.00984373 0.02073677
v -0.04555998 0.00997517 0.02057691
v -0.04570624 0.01013065 0.02046488
v -0.04652891 0.00881597 0.02073677
v -0.04665255 0.0089474 0.0205769
v -0.04526404 0.00966055 0.0213999
v -0.04528394 0.00968172 0.02116058
v -0.04534252 0.00974399 0.02093517
v -0.0463566 0.00863279 0.02139989
v -0.04637651 0.00865395 0.02116057
v -0.04643508 0.00871622 0.02093517
v -0.04512416 0.00732263 0.02568653
v -0.04393776 0.00825064 0.02588493
v -0.04403159 0.00835039 0.02568653
v -0.04495185 0.00713945 0.02634965
v -0.04497176 0.00716061 0.02611034
v -0.04503033 0.00722288 0.02588493
v -0.04385929 0.00816722 0.02634966
v -0.0438792 0.00818838 0.02611034
v -0.04934063 0.0139942 0.0153496
v -0.04695918 0.00927337 0.02040718
v -0.04712436 0.00944896 0.02040717
v -0.04586662 0.01030114 0.02040718
v -0.04728474 0.00961945 0.02046487
v -0.0460318 0.01047672 0.02040718
v -0.047431 0.00977493 0.0205769
v -0.04619217 0.01064721 0.02046487
v -0.04637652 0.00865396 0.02163921
v -0.04528395 0.00968172 0.02163921
v -0.04643509 0.00871623 0.02186461
v -0.04534253 0.00974399 0.02186462
v -0.04652892 0.00881597 0.02206301
v -0.04543636 0.00984374 0.02206302
v -0.04665256 0.0089474 0.02222287
v -0.04555999 0.00997517 0.02222288
v -0.0452478 0.00745406 0.02552667
v -0.04430149 0.0086373 0.02541464
v -0.04415523 0.00848182 0.02552667
v -0.04539406 0.00760954 0.02541463
v -0.04446186 0.00880779 0.02535694
v -0.04555443 0.00778003 0.02535694
v -0.04712437 0.00944897 0.02239259
v -0.04728475 0.00961946 0.0223349
v -0.04603181 0.01047673 0.0223926
v -0.04619218 0.01064722 0.0223349
v -0.0469592 0.00927337 0.02239259
v -0.04586663 0.01030114 0.0223926
v -0.04679882 0.00910289 0.0223349
v -0.04570625 0.01013065 0.02233491
v -0.04743101 0.00977493 0.02222286
v -0.04800648 0.01038667 0.02449073
v -0.04602624 0.00828159 0.02552666
v -0.04571961 0.00795562 0.02535694
v -0.04587999 0.00812611 0.02541463
v -0.04478742 0.00915388 0.02541463
v -0.04462704 0.00898339 0.02535694
v -0.04614989 0.00841302 0.02568652
v -0.04493368 0.00930936 0.02552666
v -0.04624372 0.00851277 0.02588492
v -0.04505732 0.00944079 0.02568652
v -0.04667963 0.01116538 0.02539237
v -0.04515116 0.00954053 0.02588492
v -0.0463023 0.00857504 0.02611032
v -0.04522964 0.00962397 0.02634964
v -0.04632221 0.0085962 0.02634964
v -0.04520973 0.0096028 0.02611033
v -0.0477722 0.01013762 0.02539236
v -0.04769256 0.01005295 0.02634962
v -0.04992035 0.01242124 0.01868648
v -0.04976794 0.01225923 0.01911029
v -0.04982652 0.01232149 0.01888488
v -0.04633843 0.01080269 0.0205769
v -0.04755463 0.00990637 0.02073676
v -0.04646207 0.01093413 0.02073676
v -0.04974804 0.01223806 0.0193496
v -0.04867538 0.013287 0.01911029
v -0.04873396 0.01334926 0.01981433
v -0.04661448 0.01109615 0.02116057
v -0.04655591 0.01103388 0.02093516
v -0.04865548 0.01326583 0.01934961
v -0.04873395 0.01334926 0.01888489
v -0.04882779 0.01344901 0.01868649
v -0.04867539 0.013287 0.01958892
v -0.04764847 0.01000611 0.02093516
v -0.04982653 0.0123215 0.01981433
v -0.04976795 0.01225923 0.01958892
v -0.04770705 0.01006838 0.02116056
v -0.04992036 0.01242124 0.02001273
v -0.04895142 0.01358044 0.01852662
v -0.04942323 0.014082 0.01835689
v -0.04925806 0.01390641 0.0183569
v -0.04909768 0.01373592 0.01841459
v -0.05004398 0.01255268 0.01852662
v -0.05035062 0.01287864 0.01835689
v -0.0505158 0.01305423 0.01835689
v -0.05067618 0.01322472 0.01841458
v -0.05019024 0.01270815 0.01841458
v -0.05082244 0.01338021 0.01852661
v -0.05174196 0.01435773 0.0155167
v -0.04958361 0.01425249 0.01841458
v -0.05094608 0.01351164 0.01868647
v -0.04972987 0.01440797 0.01852661
v -0.0488278 0.01344901 0.02001273
v -0.050044 0.01255268 0.02017258
v -0.04895143 0.01358044 0.02017259
v -0.05019026 0.01270816 0.02028462
v -0.04909769 0.01373592 0.02028462
v -0.05035064 0.01287865 0.02034231
v -0.05067619 0.01322473 0.02028461
v -0.05082245 0.01338021 0.02017258
v -0.04958363 0.0142525 0.02028462
v -0.05094608 0.01351164 0.02001271
v -0.04972988 0.01440798 0.02017258
v -0.04925807 0.01390641 0.02034231
v -0.05051581 0.01305424 0.02034231
v -0.04942324 0.01408201 0.02034231
v -0.0506494 0.01538549 0.0155167
v -0.05191841 0.01673451 0.01601296
v -0.05000592 0.01470142 0.01911028
v -0.04994735 0.01463915 0.01888487
v -0.0498535 0.0145394 0.01868648
v -0.05301098 0.01570675 0.01601295
v -0.05310911 0.01800027 0.01682328
v -0.05420167 0.0169725 0.01682328
v -0.05109848 0.01367365 0.01911028
v -0.05103991 0.01361138 0.01888487
v -0.05234289 0.01718573 0.02057684
v -0.05343545 0.01615796 0.02057683
v -0.0511184 0.01369482 0.01934959
v -0.05002583 0.01472258 0.0193496
v -0.05109849 0.01367365 0.01958891
v -0.05103992 0.01361139 0.01981431
v -0.04994735 0.01463916 0.01981432
v -0.05000592 0.01470142 0.01958891
v -0.04985351 0.0145394 0.02001272
v -0.05321798 0.01592678 0.0209351
v -0.05315942 0.01586452 0.02116051
v -0.05206685 0.01689228 0.02116051
v -0.05212542 0.01695455 0.0209351
v -0.05221925 0.01705429 0.0207367
v -0.05331181 0.01602653 0.0207367
v -0.05264952 0.0175117 0.02040711
v -0.05248915 0.01734121 0.02046481
v -0.0528147 0.01768729 0.02040711
v -0.0535817 0.01631344 0.0204648
v -0.05297508 0.01785778 0.0204648
v -0.05406764 0.01683001 0.0204648
v -0.05390727 0.01665952 0.0204071
v -0.05374209 0.01648393 0.02040711
v -0.05421391 0.01698549 0.02057683
v -0.05433754 0.01711692 0.02073669
v -0.05527786 0.01811654 0.01792306
v -0.05312134 0.01801325 0.02057683
v -0.05324497 0.01814469 0.02073669
v -0.04663439 0.01111731 0.02139988
v -0.04772696 0.01008955 0.02139988
v -0.04661448 0.01109615 0.0216392
v -0.04770705 0.01006838 0.02163919
v -0.04764847 0.01000612 0.0218646
v -0.04655591 0.01103388 0.02186461
v -0.04646209 0.01093413 0.02206301
v -0.04755465 0.00990637 0.022063
v -0.04946138 0.01193331 0.02260954
v -0.04633844 0.0108027 0.02222287
v -0.04691391 0.01141444 0.02449073
v -0.04728924 0.01181343 0.02369713
v -0.04778378 0.01233916 0.02305768
v -0.0483818 0.01078566 0.02369713
v -0.04887635 0.01131139 0.02305768
v -0.0483688 0.01296107 0.02260955
v -0.04901032 0.01364303 0.02237877
v -0.05010288 0.01261526 0.02237877
v -0.04967103 0.0143454 0.02237876
v -0.0507636 0.01331764 0.02237876
v -0.05140511 0.0139996 0.02260952
v -0.0466 0.01108072 0.02634963
v -0.05031255 0.01502736 0.02260953
v -0.05089758 0.01564927 0.02305765
v -0.05204694 0.01687112 0.02139983
v -0.05199014 0.01462151 0.02305765
v -0.05313951 0.01584335 0.02139982
v -0.05321799 0.01592678 0.02186454
v -0.05315942 0.01586452 0.02163914
v -0.0524847 0.01514724 0.02369709
v -0.05139213 0.01617501 0.02369709
v -0.05331182 0.01602654 0.02206294
v -0.05286003 0.01554624 0.02449068
v -0.05358172 0.01631344 0.02233483
v -0.05343546 0.01615796 0.0222228
v -0.05212543 0.01695455 0.02186455
v -0.05221926 0.0170543 0.02206295
v -0.05206686 0.01689228 0.02163914
v -0.05443137 0.01721667 0.02093509
v -0.05448996 0.01727894 0.02116049
v -0.05333881 0.01824444 0.02093509
v -0.0534173 0.01832787 0.02139981
v -0.05450987 0.0173001 0.02139981
v -0.05339739 0.01830671 0.0211605
v -0.05443138 0.01721668 0.02186453
v -0.05448996 0.01727894 0.02163912
v -0.05333882 0.01824444 0.02186454
v -0.05339739 0.01830671 0.02163913
v -0.05324499 0.0181447 0.02206294
v -0.05433755 0.01711692 0.02206293
v -0.05248917 0.01734121 0.02233484
v -0.0523429 0.01718573 0.02222281
v -0.05264954 0.0175117 0.02239253
v -0.05176747 0.016574 0.02449069
v -0.05281471 0.01768729 0.02239253
v -0.0537421 0.01648393 0.02239252
v -0.05390728 0.01665953 0.02239252
v -0.05406765 0.01683002 0.02233483
v -0.05297509 0.01785778 0.02233483
v -0.05421392 0.01698549 0.02222279
v -0.05312135 0.01801326 0.0222228
v -0.0537477 0.01867909 0.02552657
v -0.05498654 0.01780681 0.02541454
v -0.05514691 0.0179773 0.02535684
v -0.05531209 0.01815289 0.02535684
v -0.05484027 0.01765133 0.02552657
v -0.05547246 0.01832338 0.02541453
v -0.05309433 0.01579531 0.02539231
v -0.05456423 0.01735789 0.02611024
v -0.0546228 0.01742015 0.02588483
v -0.05471665 0.01751989 0.02568643
v -0.05317398 0.01587997 0.02634957
v -0.05200177 0.01682307 0.02539231
v -0.05208141 0.01690773 0.02634957
v -0.05454433 0.01733672 0.02634955
v -0.05362408 0.01854766 0.02568644
v -0.05345176 0.01836449 0.02634956
v -0.05347167 0.01838565 0.02611024
v -0.05353025 0.01844792 0.02588484
v -0.0438792 0.00818838 0.02658897
v -0.04497176 0.00716061 0.02658897
v -0.04503034 0.00722288 0.02681438
v -0.04393777 0.00825064 0.02681438
v -0.04524781 0.00745407 0.02717263
v -0.04539407 0.00760954 0.02728466
v -0.04415524 0.00848183 0.02717264
v -0.04512417 0.00732263 0.02701277
v -0.0440316 0.00835039 0.02701278
v -0.04555445 0.00778003 0.02734235
v -0.04430151 0.00863731 0.02728467
v -0.04571962 0.00795562 0.02734235
v -0.04588 0.00812611 0.02728466
v -0.04462706 0.00898339 0.02734236
v -0.04478744 0.00915388 0.02728466
v -0.0449337 0.00930936 0.02717263
v -0.04446188 0.0088078 0.02734236
v -0.04602626 0.00828159 0.02717263
v -0.04614989 0.00841303 0.02701276
v -0.04526411 0.00966058 0.03129939
v -0.04679887 0.00910291 0.03036436
v -0.04695925 0.00927339 0.03030667
v -0.04665262 0.00894742 0.0304764
v -0.04652898 0.008816 0.03063626
v -0.04643515 0.00871625 0.03083466
v -0.04637659 0.00865398 0.03106007
v -0.04635668 0.00863282 0.03129939
v -0.04515116 0.00954053 0.02681437
v -0.0463023 0.00857504 0.02658896
v -0.04520973 0.0096028 0.02658896
v -0.04624373 0.00851277 0.02681436
v -0.04505733 0.00944079 0.02701277
v -0.04667964 0.01116538 0.02730689
v -0.04777221 0.01013762 0.02730689
v -0.04800651 0.01038668 0.02820851
v -0.04556005 0.00997519 0.03047641
v -0.04586669 0.01030116 0.03030667
v -0.04570631 0.01013067 0.03036437
v -0.04543642 0.00984376 0.03063627
v -0.04534259 0.00974401 0.03083467
v -0.04528401 0.00968175 0.03106008
v -0.04637659 0.00865398 0.0315387
v -0.04643516 0.00871625 0.03176411
v -0.04652899 0.008816 0.03196251
v -0.0453426 0.00974401 0.03176411
v -0.04543643 0.00984376 0.03196251
v -0.04528402 0.00968175 0.03153871
v -0.04712443 0.00944899 0.03030667
v -0.04728481 0.00961948 0.03036436
v -0.04603187 0.01047675 0.03030667
v -0.04743107 0.00977496 0.03047639
v -0.04619224 0.01064724 0.03036437
v -0.04556007 0.0099752 0.03212237
v -0.04665263 0.00894743 0.03212237
v -0.05043335 0.01296649 0.0373496
v -0.04679889 0.00910292 0.0322344
v -0.04570633 0.01013068 0.0322344
v -0.04695927 0.0092734 0.03229209
v -0.04712445 0.00944899 0.03229209
v -0.04586671 0.01030117 0.03229209
v -0.04603188 0.01047675 0.03229209
v -0.04728483 0.00961948 0.03223439
v -0.04619225 0.01064725 0.0322344
v -0.04743109 0.00977496 0.03212236
v -0.04934079 0.01399426 0.0373496
v -0.04691394 0.01141445 0.02820852
v -0.04838184 0.01078568 0.02900211
v -0.04728927 0.01181344 0.02900212
v -0.04646214 0.01093416 0.03063625
v -0.04755471 0.00990639 0.03063625
v -0.0463385 0.01080272 0.0304764
v -0.04778383 0.01233918 0.02964156
v -0.04655598 0.0110339 0.03083466
v -0.04661455 0.01109617 0.03106006
v -0.04663446 0.01111734 0.03129938
v -0.04764854 0.01000614 0.03083465
v -0.04887639 0.01131141 0.02964155
v -0.04772703 0.01008957 0.03129937
v -0.04770712 0.01006841 0.03106006
v -0.04655598 0.0110339 0.0317641
v -0.04770712 0.01006841 0.03153869
v -0.04661455 0.01109617 0.03153869
v -0.04755472 0.0099064 0.0319625
v -0.04764855 0.01000614 0.03176409
v -0.04646216 0.01093416 0.0319625
v -0.04946143 0.01193333 0.03008967
v -0.04895152 0.01358048 0.03252662
v -0.04882789 0.01344905 0.03268649
v -0.04836886 0.01296109 0.03008968
v -0.04901038 0.01364305 0.03032044
v -0.04992045 0.01242128 0.03268648
v -0.05004409 0.01255271 0.03252662
v -0.05010294 0.01261528 0.03032044
v -0.05076365 0.01331766 0.03032043
v -0.04967108 0.01434542 0.03032043
v -0.04925816 0.01390644 0.0323569
v -0.04942333 0.01408204 0.0323569
v -0.04909778 0.01373595 0.03241459
v -0.05035072 0.01287868 0.03235689
v -0.0505159 0.01305427 0.03235689
v -0.05067628 0.01322476 0.03241458
v -0.05019034 0.01270819 0.03241459
v -0.05082254 0.01338025 0.03252661
v -0.05140516 0.01399962 0.03008965
v -0.05094618 0.01351168 0.03268647
v -0.05309435 0.01579531 0.02730683
v -0.05462281 0.01742015 0.02681428
v -0.05456424 0.01735789 0.02658887
v -0.05286006 0.01554625 0.02820847
v -0.05471666 0.0175199 0.02701268
v -0.05484029 0.01765133 0.02717254
v -0.05176749 0.01657401 0.02820847
v -0.05200178 0.01682307 0.02730684
v -0.05374772 0.0186791 0.02717254
v -0.05362409 0.01854767 0.02701268
v -0.05353026 0.01844792 0.02681428
v -0.05347167 0.01838565 0.02658888
v -0.05281477 0.01768731 0.0303066
v -0.05139217 0.01617503 0.02900207
v -0.05248474 0.01514726 0.02900207
v -0.05433761 0.01711695 0.03063618
v -0.0553121 0.0181529 0.02734226
v -0.05514693 0.0179773 0.02734226
v -0.05421398 0.01698552 0.03047632
v -0.05498655 0.01780681 0.02728457
v -0.05443144 0.0172167 0.03083458
v -0.05547247 0.01832339 0.02728456
v -0.05406771 0.01683004 0.03036429
v -0.05390734 0.01665955 0.0303066
v -0.04958371 0.01425253 0.03241459
v -0.04972997 0.01440801 0.03252662
v -0.0503126 0.01502738 0.03008966
v -0.05089763 0.01564929 0.02964152
v -0.05204702 0.01687114 0.03129932
v -0.05206693 0.01689231 0.03153864
v -0.04985361 0.01453944 0.03268648
v -0.05199019 0.01462153 0.02964152
v -0.05321805 0.0159268 0.03083459
v -0.05331188 0.01602656 0.03063619
v -0.05358177 0.01631347 0.0303643
v -0.05343552 0.01615799 0.03047633
v -0.05315949 0.01586455 0.03153863
v -0.05313958 0.01584338 0.03129932
v -0.05315949 0.01586454 0.03106
v -0.05221932 0.01705432 0.0306362
v -0.05234296 0.01718576 0.03047634
v -0.05212549 0.01695457 0.0308346
v -0.05264959 0.01751173 0.03030661
v -0.05206693 0.01689231 0.03106001
v -0.05248922 0.01734123 0.0303643
v -0.05374216 0.01648395 0.0303066
v -0.05312141 0.01801328 0.03047633
v -0.05297515 0.0178578 0.0303643
v -0.05324505 0.01814472 0.03063619
v -0.05321806 0.01592681 0.03176404
v -0.0533119 0.01602656 0.03196244
v -0.0521255 0.01695458 0.03176404
v -0.05221933 0.01705432 0.03196244
v -0.05449003 0.01727896 0.03105999
v -0.05333889 0.01824446 0.03083459
v -0.05341737 0.0183279 0.03129931
v -0.05450994 0.01730013 0.0312993
v -0.05339746 0.01830673 0.03105999
v -0.05333889 0.01824447 0.03176403
v -0.05449003 0.01727896 0.03153862
v -0.05339746 0.01830673 0.03153862
v -0.05433762 0.01711695 0.03196243
v -0.05443145 0.0172167 0.03176403
v -0.05324506 0.01814472 0.03196244
v -0.04633851 0.01080272 0.03212236
v -0.04976805 0.01225927 0.03358892
v -0.04982663 0.01232154 0.03381433
v -0.04992046 0.01242128 0.03401272
v -0.04974814 0.0122381 0.0333496
v -0.04867548 0.01328704 0.03311029
v -0.04873406 0.0133493 0.03381433
v -0.04867549 0.01328704 0.03358893
v -0.04873405 0.0133493 0.03288488
v -0.04865558 0.01326587 0.03334961
v -0.0488279 0.01344905 0.03401273
v -0.04976805 0.01225927 0.03311029
v -0.04982662 0.01232153 0.03288488
v -0.05019036 0.0127082 0.03428461
v -0.05035074 0.01287869 0.03434231
v -0.0490978 0.01373596 0.03428462
v -0.0500441 0.01255272 0.03417259
v -0.04895154 0.01358048 0.03417259
v -0.04958373 0.01425254 0.03428461
v -0.05082255 0.01338025 0.03417258
v -0.04972998 0.01440801 0.03417258
v -0.05067629 0.01322477 0.03428461
v -0.05094619 0.01351168 0.03401272
v -0.04985362 0.01453944 0.03401272
v -0.05051592 0.01305427 0.0343423
v -0.04942335 0.01408205 0.03434231
v -0.04925818 0.01390645 0.03434231
v -0.05174212 0.01435779 0.03718247
v -0.05104001 0.01361142 0.03288487
v -0.05109859 0.01367369 0.03311028
v -0.04994745 0.01463919 0.03288487
v -0.0511185 0.01369486 0.03334959
v -0.05000602 0.01470145 0.03311028
v -0.05002593 0.01472262 0.03334959
v -0.05234297 0.01718576 0.0321223
v -0.05000602 0.01470146 0.03358891
v -0.05109859 0.01367369 0.03358891
v -0.05343553 0.01615799 0.0321223
v -0.05191856 0.01673457 0.0366862
v -0.05104002 0.01361143 0.03381431
v -0.04994746 0.0146392 0.03381432
v -0.05301113 0.01570681 0.03668619
v -0.05264961 0.01751173 0.03229203
v -0.05390735 0.01665955 0.03229202
v -0.05281479 0.01768732 0.03229202
v -0.05374218 0.01648396 0.03229202
v -0.05406773 0.01683005 0.03223433
v -0.05297517 0.01785781 0.03223433
v -0.05358179 0.01631347 0.03223433
v -0.05248924 0.01734124 0.03223433
v -0.05310924 0.01800033 0.03587584
v -0.05421399 0.01698552 0.03212229
v -0.05312143 0.01801329 0.0321223
v -0.05420181 0.01697255 0.03587584
v -0.05527798 0.01811659 0.03477604
v -0.05064956 0.01538555 0.03718247
v -0.00560511 0.02493163 0.01534989
v 0.00236257 0.03448613 0.01534992
v 0.00448291 0.03442133 0.01534994
v -0.00663288 0.02602419 0.01534988
v -0.00726494 0.02542962 0.01515182
v -0.00623717 0.02433706 0.01515183
v -0.00695704 0.02571926 0.01529974
v -0.00592927 0.02462669 0.01529975
v 0.00448275 0.03442139 0.03734994
v -0.00560527 0.02493169 0.03734989
v -0.00663304 0.02602425 0.03734988
v 0.00236241 0.03448619 0.03734992
v -0.00592943 0.02462675 0.03740003
v -0.00623734 0.02433712 0.03754795
v -0.0069572 0.02571932 0.03740002
v -0.0072651 0.02542968 0.03754794
v 0.00473108 0.03479075 0.01534994
v 0.0047944 0.03523127 0.01534994
v 0.00478756 0.03500744 0.01534994
v 0.00466031 0.03565563 0.01534994
v 0.00475126 0.035451 0.01534994
v 0.00462781 0.03459206 0.01534994
v 0.00452611 0.03583488 0.01534994
v 0.00267406 0.03529606 0.01534992
v 0.00266722 0.03507224 0.01534992
v 0.00261075 0.03485555 0.01534992
v 0.00263093 0.0355158 0.01534992
v 0.00240578 0.03589968 0.01534992
v 0.00253998 0.03572043 0.01534992
v 0.00250747 0.03465686 0.01534992
v -0.00687859 0.04576938 0.02140008
v -0.0068985 0.04579055 0.02116076
v -0.00695707 0.04585282 0.02093535
v -0.0070509 0.04595257 0.02073695
v -0.00717454 0.04608399 0.02057709
v -0.00732079 0.04623947 0.02046506
v -0.00608197 0.04711176 0.0205771
v -0.00622823 0.04726724 0.02046506
v -0.00595834 0.04698033 0.02073696
v -0.00586451 0.04688058 0.02093536
v -0.00580593 0.04681832 0.02116077
v -0.00578603 0.04679716 0.02140008
v -0.00549375 0.04429721 0.02611052
v -0.00555232 0.04435947 0.02588512
v -0.00547384 0.04427604 0.02634984
v -0.00564615 0.04445921 0.02568672
v -0.00438128 0.04530381 0.02634984
v -0.00440119 0.04532498 0.02611053
v -0.00445975 0.04538725 0.02588512
v -0.00455358 0.04548699 0.02568672
v 0.00473092 0.03479081 0.03734994
v 0.00462765 0.03459212 0.03734994
v 0.0047874 0.0350075 0.03734994
v 0.00479424 0.03523133 0.03734994
v 0.0047511 0.03545106 0.03734994
v 0.00452595 0.03583494 0.03734994
v 0.00466015 0.03565569 0.03734994
v 0.00250731 0.03465692 0.03734992
v 0.00261059 0.03485561 0.03734992
v 0.00266706 0.0350723 0.03734992
v 0.0026739 0.03529612 0.03734992
v 0.00240562 0.03589974 0.03734992
v 0.00253982 0.03572049 0.03734992
v 0.00263077 0.03551586 0.03734992
v -0.00638861 0.04743773 0.02040737
v -0.00748117 0.04640997 0.02040736
v -0.00986261 0.05113079 0.01534979
v -0.01095518 0.05010302 0.01534978
v -0.00764635 0.04658555 0.02040736
v -0.01044234 0.04955785 0.01868667
v -0.00795299 0.04691153 0.02057708
v -0.00780673 0.04675605 0.02046505
v -0.00686042 0.04793929 0.02057709
v -0.00671416 0.04778381 0.02046506
v -0.00655379 0.04761333 0.02040737
v -0.00807662 0.04704295 0.02073694
v -0.00698406 0.04807072 0.02073695
v -0.01034851 0.04945808 0.01888507
v -0.01027003 0.04937466 0.01934979
v -0.01028994 0.04939583 0.01911048
v -0.00822904 0.04720497 0.02116075
v -0.01034852 0.04945809 0.01981451
v -0.00817046 0.0471427 0.02093534
v -0.01028994 0.04939583 0.01958911
v -0.01044235 0.04955785 0.02001291
v -0.00961967 0.05087251 0.01841477
v -0.00947341 0.05071704 0.01852681
v -0.00934977 0.05058561 0.01868667
v -0.01103779 0.05019083 0.01835708
v -0.01119817 0.05036133 0.01841477
v -0.01087261 0.05001523 0.01835708
v -0.01071223 0.04984475 0.01841477
v -0.01056597 0.04968927 0.0185268
v -0.00978004 0.05104301 0.01835708
v -0.0101056 0.05138909 0.01841477
v -0.00994522 0.05121859 0.01835708
v -0.00919737 0.05042359 0.01911048
v -0.00925594 0.05048586 0.01888507
v -0.00917746 0.05040242 0.0193498
v -0.00934978 0.05058561 0.02001292
v -0.00713647 0.04823273 0.02116075
v -0.00925595 0.05048586 0.01981452
v -0.0070779 0.04817048 0.02093535
v -0.00919738 0.0504236 0.01958911
v -0.01056599 0.04968928 0.02017277
v -0.01071225 0.04984476 0.0202848
v -0.00961968 0.05087252 0.02028481
v -0.00947342 0.05071704 0.02017278
v -0.00978006 0.05104302 0.0203425
v -0.0110378 0.05019083 0.02034249
v -0.00994523 0.0512186 0.0203425
v -0.01087262 0.05001524 0.02034249
v -0.01010561 0.05138909 0.0202848
v -0.01119818 0.05036133 0.0202848
v -0.0068985 0.04579055 0.02163939
v -0.00580594 0.04681832 0.0216394
v -0.00586452 0.04688058 0.02186481
v -0.00695708 0.04585282 0.0218648
v -0.00595835 0.04698033 0.02206321
v -0.00705091 0.04595257 0.0220632
v -0.00717455 0.046084 0.02222306
v -0.00608198 0.04711176 0.02222306
v -0.00732081 0.04623948 0.02233509
v -0.00622824 0.04726724 0.02233509
v -0.00482348 0.0457739 0.02541483
v -0.00467722 0.04561842 0.02552686
v -0.00576979 0.04459066 0.02552685
v -0.00638863 0.04743774 0.02239279
v -0.00591604 0.04474613 0.02541482
v -0.00824895 0.04722614 0.02140006
v -0.00715638 0.04825391 0.02140007
v -0.00817046 0.0471427 0.02186479
v -0.00822904 0.04720497 0.02163938
v -0.0070779 0.04817048 0.02186479
v -0.00698407 0.04807072 0.02206319
v -0.00807663 0.04704296 0.02206319
v -0.00713647 0.04823273 0.02163938
v -0.00686043 0.04793929 0.02222306
v -0.007953 0.04691153 0.02222305
v -0.00748119 0.04640998 0.02239278
v -0.0065538 0.04761333 0.02239278
v -0.00780674 0.04675605 0.02233508
v -0.00764636 0.04658556 0.02239278
v -0.00671417 0.04778381 0.02233509
v -0.00852847 0.04752327 0.02449092
v -0.00890379 0.04792225 0.02369731
v -0.00498385 0.04594438 0.02535713
v -0.00607642 0.04491662 0.02535713
v -0.0062416 0.04509221 0.02535712
v -0.00640198 0.04526271 0.02541482
v -0.00654823 0.04541819 0.02552684
v -0.00567314 0.04667713 0.02588511
v -0.00667188 0.04554962 0.02568671
v -0.00557931 0.04657738 0.02568671
v -0.00514903 0.04611998 0.02535713
v -0.00530941 0.04629047 0.02541482
v -0.00676571 0.04564936 0.0258851
v -0.00545567 0.04644595 0.02552685
v -0.00573172 0.0467394 0.02611051
v -0.00682428 0.04571164 0.02611051
v -0.00575163 0.04676057 0.02634983
v -0.00684419 0.04573279 0.02634982
v -0.0074359 0.04855103 0.02449092
v -0.00821455 0.04718956 0.02634981
v -0.00829419 0.04727421 0.02539255
v -0.00720162 0.04830198 0.02539255
v -0.00712198 0.04821732 0.02634981
v -0.00830577 0.04947576 0.02305787
v -0.0088908 0.05009767 0.02260973
v -0.00781122 0.04895003 0.02369732
v -0.00939834 0.04844799 0.02305786
v -0.00953231 0.05077963 0.02237896
v -0.00998337 0.0490699 0.02260973
v -0.01062487 0.04975187 0.02237895
v -0.01019302 0.051482 0.02237895
v -0.01128559 0.05045423 0.02237894
v -0.01134443 0.05051681 0.02017276
v -0.01117139 0.05252209 0.01551689
v -0.01226395 0.05149433 0.01551689
v -0.0124404 0.0538711 0.01601315
v -0.01052791 0.05183801 0.01911047
v -0.01046934 0.05177574 0.01888506
v -0.01025186 0.05154457 0.0185268
v -0.0103755 0.051676 0.01868666
v -0.01353297 0.05284334 0.01601314
v -0.0136311 0.05513687 0.01682347
v -0.01472367 0.05410911 0.01682347
v -0.01146806 0.05064823 0.01868666
v -0.01134442 0.05051681 0.0185268
v -0.01162047 0.05081025 0.01911046
v -0.0115619 0.05074798 0.01888505
v -0.01054782 0.05185919 0.01934978
v -0.01164038 0.05083141 0.01934978
v -0.01052791 0.05183801 0.0195891
v -0.0115619 0.05074798 0.0198145
v -0.01162047 0.05081025 0.01958909
v -0.01146807 0.05064824 0.0200129
v -0.01037551 0.051676 0.02001291
v -0.01025187 0.05154457 0.02017277
v -0.01046934 0.05177575 0.01981451
v -0.01286488 0.05432232 0.02057703
v -0.01274124 0.05419088 0.02073689
v -0.01264741 0.05409114 0.02093529
v -0.01258884 0.05402888 0.0211607
v -0.01395744 0.05329456 0.02057702
v -0.01426408 0.05362052 0.02040729
v -0.01442926 0.05379612 0.02040729
v -0.0141037 0.05345004 0.02046499
v -0.01383381 0.05316312 0.02073688
v -0.01373998 0.05306337 0.02093529
v -0.0136814 0.05300111 0.02116069
v -0.01301113 0.0544778 0.02046499
v -0.01470729 0.05628091 0.01792325
v -0.01317151 0.05464829 0.0204073
v -0.01333669 0.05482388 0.0204073
v -0.01364333 0.05514986 0.02057702
v -0.01458964 0.0539666 0.02046498
v -0.01349707 0.05499438 0.02046499
v -0.01473589 0.05412208 0.02057701
v -0.01376697 0.05528129 0.02073688
v -0.01485953 0.05425352 0.02073687
v -0.01563627 0.05726846 0.01927907
v -0.0138608 0.05538103 0.02093528
v -0.01391938 0.0554433 0.02116068
v -0.01579985 0.05525313 0.01792325
v -0.01672884 0.0562407 0.01927906
v -0.01501194 0.05441554 0.02116068
v -0.01748241 0.05704176 0.02084972
v -0.01495337 0.05435327 0.02093527
v -0.01638984 0.05806952 0.02084972
v -0.01083454 0.05216395 0.02260971
v -0.01141957 0.05278587 0.02305784
v -0.0119271 0.0511362 0.02260971
v -0.0136615 0.05297995 0.02140001
v -0.01251213 0.05175811 0.02305783
v -0.01368141 0.05300111 0.02163932
v -0.01300669 0.05228384 0.02369727
v -0.01383382 0.05316312 0.02206313
v -0.01191412 0.0533116 0.02369728
v -0.01373999 0.05306338 0.02186473
v -0.01256894 0.05400771 0.02140001
v -0.01258885 0.05402888 0.02163933
v -0.01264742 0.05409114 0.02186474
v -0.01274125 0.05419089 0.02206314
v -0.0133367 0.05482389 0.02239271
v -0.01228946 0.05371061 0.02449087
v -0.01317153 0.05464829 0.02239272
v -0.01301115 0.05447781 0.02233502
v -0.01286489 0.05432233 0.02222299
v -0.01338202 0.05268283 0.02449087
v -0.01442927 0.05379612 0.02239271
v -0.01426409 0.05362053 0.02239271
v -0.01395746 0.05329457 0.02222299
v -0.01410372 0.05345004 0.02233502
v -0.0147359 0.05412209 0.02222298
v -0.01485955 0.05425353 0.02206312
v -0.01364334 0.05514986 0.02222299
v -0.01349708 0.05499439 0.02233502
v -0.01458965 0.05396661 0.02233502
v -0.01536226 0.05478793 0.02552675
v -0.0142697 0.05581569 0.02552676
v -0.01550852 0.05494341 0.02541472
v -0.01252376 0.05395966 0.0253925
v -0.01361632 0.0529319 0.0253925
v -0.01523863 0.0546565 0.02568662
v -0.01369596 0.05301657 0.02634976
v -0.01506632 0.05447331 0.02634974
v -0.01508623 0.05449449 0.02611043
v -0.0151448 0.05455675 0.02588502
v -0.0126034 0.05404433 0.02634976
v -0.01414606 0.05568426 0.02568662
v -0.01399366 0.05552225 0.02611043
v -0.01405223 0.05558452 0.02588502
v -0.01397375 0.05550108 0.02634975
v -0.01503185 0.0544367 0.0214
v -0.01393929 0.05546446 0.0214
v -0.0138608 0.05538104 0.02186472
v -0.01501194 0.05441554 0.02163931
v -0.01391938 0.05544331 0.02163932
v -0.01495337 0.05435327 0.02186472
v -0.01376698 0.05528129 0.02206312
v -0.01803764 0.057632 0.02258749
v -0.01694508 0.05865976 0.02258749
v -0.01728512 0.05902123 0.02443958
v -0.01837769 0.05799347 0.02443958
v -0.01457633 0.05614167 0.02535703
v -0.01441596 0.05597117 0.02541473
v -0.01474151 0.05631724 0.02535703
v -0.01490189 0.05648774 0.02541472
v -0.0156689 0.05511389 0.02535703
v -0.01583408 0.05528948 0.02535703
v -0.01599446 0.05545998 0.02541472
v -0.01626435 0.05574689 0.02568661
v -0.01614071 0.05561546 0.02552675
v -0.01517179 0.05677465 0.02568661
v -0.01504815 0.05664322 0.02552675
v -0.01635819 0.05584664 0.02588501
v -0.01526563 0.0568744 0.02588501
v -0.01641677 0.0559089 0.02611041
v -0.0153242 0.05693667 0.02611042
v -0.01534411 0.05695784 0.02634973
v -0.01643668 0.05593007 0.02634973
v -0.0184922 0.0581152 0.02634971
v -0.01739964 0.05914296 0.02634971
v -0.00754131 0.02516986 0.03778622
v -0.00445976 0.04538725 0.02681457
v -0.00440119 0.04532498 0.02658916
v -0.00455359 0.04548699 0.02701296
v -0.0057861 0.04679719 0.03129958
v -0.00687866 0.04576941 0.03129957
v -0.00564616 0.04445922 0.02701296
v -0.00555233 0.04435947 0.02681456
v -0.00549375 0.04429722 0.02658916
v -0.00580601 0.04681834 0.03153889
v -0.00732088 0.0462395 0.03223459
v -0.00717463 0.04608402 0.03212255
v -0.00586459 0.04688061 0.0317643
v -0.00595842 0.04698036 0.0319627
v -0.00608206 0.04711179 0.03212256
v -0.00622832 0.04726727 0.03223459
v -0.00689857 0.04579058 0.03153889
v -0.00695715 0.04585285 0.03176429
v -0.00705098 0.0459526 0.0319627
v -0.00467724 0.04561843 0.02717283
v -0.0057698 0.04459066 0.02717282
v -0.0048235 0.0457739 0.02728486
v -0.00591606 0.04474614 0.02728485
v -0.00498387 0.04594439 0.02734255
v -0.00607644 0.04491662 0.02734254
v -0.00624162 0.04509222 0.02734254
v -0.00682428 0.04571164 0.02658914
v -0.00573172 0.0467394 0.02658915
v -0.00567315 0.04667713 0.02681456
v -0.00676572 0.04564937 0.02681455
v -0.00557932 0.04657739 0.02701296
v -0.00667189 0.04554962 0.02701295
v -0.00654825 0.0454182 0.02717281
v -0.00545569 0.04644596 0.02717282
v -0.006402 0.04526272 0.02728485
v -0.00530943 0.04629048 0.02728485
v -0.00514905 0.04611998 0.02734254
v -0.00586458 0.04688061 0.03083486
v -0.00580601 0.04681834 0.03106026
v -0.00705097 0.04595259 0.03063645
v -0.00717461 0.04608402 0.03047659
v -0.00695714 0.04585285 0.03083485
v -0.00732086 0.0462395 0.03036455
v -0.00748124 0.04641 0.03030686
v -0.00689857 0.04579058 0.03106026
v -0.0082942 0.04727422 0.02730707
v -0.0085285 0.04752328 0.0282087
v -0.00720163 0.04830198 0.02730708
v -0.00743593 0.04855104 0.02820871
v -0.00638868 0.04743776 0.03030686
v -0.0062283 0.04726726 0.03036456
v -0.00608204 0.04711178 0.03047659
v -0.00595841 0.04698035 0.03063645
v -0.00698414 0.04807074 0.03063644
v -0.00795306 0.04691155 0.03047658
v -0.00686049 0.04793932 0.03047659
v -0.00764642 0.04658557 0.03030686
v -0.00655386 0.04761335 0.03030686
v -0.0078068 0.04675607 0.03036455
v -0.00671423 0.04778384 0.03036455
v -0.0080767 0.04704298 0.03063644
v -0.00890383 0.04792226 0.0290023
v -0.00707797 0.04817051 0.03083484
v -0.00824902 0.04722617 0.03129956
v -0.00822911 0.047205 0.03106024
v -0.00715645 0.04825393 0.03129956
v -0.00713654 0.04823276 0.03106025
v -0.00817053 0.04714273 0.03083484
v -0.00698414 0.04807075 0.03196269
v -0.00817054 0.04714273 0.03176428
v -0.00707798 0.04817051 0.03176429
v -0.00807671 0.04704298 0.03196269
v -0.00713654 0.04823276 0.03153888
v -0.00822911 0.047205 0.03153887
v -0.00781126 0.04895005 0.0290023
v -0.00939838 0.04844801 0.02964174
v -0.00830582 0.04947577 0.02964174
v -0.00889085 0.05009769 0.03008986
v -0.00947351 0.05071707 0.03252681
v -0.00934987 0.05058565 0.03268667
v -0.00953237 0.05077965 0.03032063
v -0.00998342 0.04906993 0.03008986
v -0.01044244 0.04955788 0.03268667
v -0.01056608 0.04968931 0.0325268
v -0.00961977 0.05087255 0.03241478
v -0.00978015 0.05104305 0.03235708
v -0.01062493 0.04975189 0.03032062
v -0.01019308 0.05148202 0.03032062
v -0.01071233 0.04984479 0.03241477
v -0.01087271 0.05001527 0.03235708
v -0.01128564 0.05045425 0.03032062
v -0.01103789 0.05019087 0.03235707
v -0.01119827 0.05036137 0.03241477
v -0.01134453 0.05051684 0.03252679
v -0.01095534 0.05010308 0.03734978
v -0.00986277 0.05113085 0.03734979
v -0.00748126 0.04641 0.03229228
v -0.0063887 0.04743776 0.03229228
v -0.00795307 0.04691156 0.03212254
v -0.0068605 0.04793932 0.03212255
v -0.00780682 0.04675608 0.03223458
v -0.00655388 0.04761336 0.03229228
v -0.00764644 0.04658558 0.03229228
v -0.00671425 0.04778384 0.03223459
v -0.01027013 0.0493747 0.03334979
v -0.01029004 0.04939587 0.03311047
v -0.01034861 0.04945812 0.03288507
v -0.01034862 0.04945812 0.03381451
v -0.01044245 0.04955789 0.03401291
v -0.01029004 0.04939587 0.03358911
v -0.00925604 0.0504859 0.03288507
v -0.00917757 0.05040246 0.03334979
v -0.00919748 0.05042363 0.03311048
v -0.00925605 0.0504859 0.03381452
v -0.00919748 0.05042363 0.03358911
v -0.00934988 0.05058565 0.03401292
v -0.0101057 0.05138913 0.03241477
v -0.00994532 0.05121863 0.03235708
v -0.00961979 0.05087256 0.03428481
v -0.00947353 0.05071708 0.03417278
v -0.01056609 0.04968932 0.03417277
v -0.01071235 0.04984479 0.0342848
v -0.00978016 0.05104306 0.0343425
v -0.01087273 0.05001528 0.03434249
v -0.01103791 0.05019087 0.03434249
v -0.00994534 0.05121864 0.0343425
v -0.01119829 0.05036137 0.0342848
v -0.01010572 0.05138913 0.0342848
v -0.01361633 0.05293191 0.02730702
v -0.01523864 0.0546565 0.02701286
v -0.01514481 0.05455675 0.02681446
v -0.01508623 0.05449449 0.02658906
v -0.01338205 0.05268284 0.02820865
v -0.01536227 0.05478793 0.02717272
v -0.01252377 0.05395967 0.02730702
v -0.01399367 0.05552225 0.02658906
v -0.01414607 0.05568426 0.02701287
v -0.01405224 0.05558452 0.02681447
v -0.01228949 0.05371061 0.02820866
v -0.01426971 0.05581569 0.02717273
v -0.01300673 0.05228385 0.02900225
v -0.01191416 0.05331162 0.02900226
v -0.01333676 0.05482391 0.03030679
v -0.01458971 0.05396663 0.03036448
v -0.01473596 0.05412211 0.03047651
v -0.01550854 0.05494341 0.02728475
v -0.01442933 0.05379615 0.03030679
v -0.01566891 0.05511389 0.02734244
v -0.01485961 0.05425355 0.03063637
v -0.01083459 0.05216398 0.03008984
v -0.01025196 0.05154461 0.0325268
v -0.01192715 0.05113621 0.03008984
v -0.01141962 0.05278589 0.02964171
v -0.0103756 0.05167603 0.03268666
v -0.01258892 0.05402891 0.03153883
v -0.01146817 0.05064827 0.03268666
v -0.01366157 0.05297998 0.03129951
v -0.01251218 0.05175813 0.0296417
v -0.01368148 0.05300114 0.03153882
v -0.01383388 0.05316314 0.03063638
v -0.01374005 0.0530634 0.03083478
v -0.01368148 0.05300113 0.03106019
v -0.01264748 0.05409116 0.03083479
v -0.01274131 0.05419091 0.03063638
v -0.01258892 0.05402891 0.03106019
v -0.01256901 0.05400774 0.03129951
v -0.01317158 0.05464831 0.03030679
v -0.01301121 0.05447783 0.03036449
v -0.01286495 0.05432235 0.03047652
v -0.01395752 0.05329459 0.03047652
v -0.01410377 0.05345007 0.03036448
v -0.01426415 0.05362055 0.03030679
v -0.0136434 0.05514988 0.03047652
v -0.01349714 0.05499441 0.03036448
v -0.01376704 0.05528131 0.03063637
v -0.01374006 0.0530634 0.03176422
v -0.01264749 0.05409117 0.03176423
v -0.01383389 0.05316315 0.03196263
v -0.01274132 0.05419092 0.03196263
v -0.01441597 0.05597117 0.02728476
v -0.01457635 0.05614167 0.02734245
v -0.01583409 0.05528949 0.02734244
v -0.01474152 0.05631725 0.02734245
v -0.0149019 0.05648775 0.02728475
v -0.01386087 0.05538106 0.03083477
v -0.01526563 0.0568744 0.02681446
v -0.01635819 0.05584664 0.02681445
v -0.0153242 0.05693667 0.02658905
v -0.01641677 0.0559089 0.02658905
v -0.01599447 0.05545998 0.02728475
v -0.01504816 0.05664323 0.02717272
v -0.01626436 0.05574689 0.02701285
v -0.0151718 0.05677465 0.02701286
v -0.01614072 0.05561546 0.02717272
v -0.01495344 0.0543533 0.03083477
v -0.0180377 0.05763201 0.03011193
v -0.01837772 0.05799348 0.02825984
v -0.01728515 0.05902124 0.02825985
v -0.01694513 0.05865978 0.03011194
v -0.01503192 0.05443672 0.03129949
v -0.01501201 0.05441557 0.03106017
v -0.01393936 0.05546449 0.03129949
v -0.01391945 0.05544333 0.03106018
v -0.01495345 0.0543533 0.03176421
v -0.01501201 0.05441557 0.03153881
v -0.01386088 0.05538106 0.03176422
v -0.01391945 0.05544333 0.03153881
v -0.01485962 0.05425356 0.03196261
v -0.01376705 0.05528132 0.03196262
v -0.01748249 0.05704179 0.03184972
v -0.01638992 0.05806955 0.03184972
v -0.01164048 0.05083144 0.03334977
v -0.01162057 0.05081029 0.03311046
v -0.01054792 0.05185922 0.03334978
v -0.01052801 0.05183805 0.03311047
v -0.011562 0.05074802 0.03288506
v -0.01046944 0.05177578 0.03288506
v -0.01395753 0.0532946 0.03212249
v -0.01162057 0.05081029 0.03358909
v -0.01037561 0.05167604 0.03401291
v -0.01156201 0.05074802 0.0338145
v -0.01046944 0.05177578 0.03381451
v -0.01052801 0.05183805 0.0335891
v -0.01025197 0.05154461 0.03417277
v -0.01134454 0.05051685 0.03417277
v -0.01146818 0.05064828 0.0340129
v -0.01353312 0.0528434 0.03668638
v -0.01286497 0.05432236 0.03212249
v -0.01244055 0.05387116 0.03668638
v -0.01301122 0.05447784 0.03223452
v -0.01410379 0.05345007 0.03223452
v -0.0131716 0.05464832 0.03229221
v -0.01426417 0.05362055 0.03229221
v -0.0147238 0.05410916 0.03587602
v -0.01442935 0.05379615 0.03229221
v -0.01117155 0.05252215 0.03718266
v -0.01226411 0.05149439 0.03718266
v -0.01364341 0.05514989 0.03212248
v -0.01473598 0.05412211 0.03212247
v -0.01333678 0.05482391 0.03229221
v -0.01458972 0.05396663 0.03223451
v -0.01349716 0.05499441 0.03223452
v -0.01470742 0.05628096 0.03477623
v -0.01363124 0.05513692 0.03587603
v -0.01579998 0.05525318 0.03477623
v -0.01672895 0.05624074 0.03342039
v -0.01563638 0.0572685 0.0334204
v -0.05620685 0.0191041 0.01927887
v -0.05418529 0.01914431 0.01792306
v -0.05511428 0.02013187 0.01927888
v -0.05696041 0.01990516 0.02084953
v -0.05751565 0.0204954 0.0225873
v -0.05586785 0.02093293 0.02084954
v -0.0564231 0.02152317 0.02258731
v -0.05421952 0.01918066 0.02535685
v -0.05437991 0.01935115 0.02541454
v -0.05405434 0.01900506 0.02535685
v -0.05389397 0.01883457 0.02541454
v -0.05561873 0.01847886 0.02552656
v -0.0546498 0.01963806 0.02568643
v -0.05574237 0.01861029 0.02568642
v -0.05452616 0.01950663 0.02552656
v -0.05474364 0.01973781 0.02588482
v -0.0558362 0.01871004 0.02588482
v -0.05480221 0.01980007 0.02611023
v -0.05589478 0.01877231 0.02611022
v -0.05591469 0.01879347 0.02634954
v -0.05482212 0.01982124 0.02634954
v -0.05676313 0.02188464 0.0244394
v -0.05785571 0.02085688 0.02443939
v -0.05797021 0.0209786 0.02634952
v -0.05687764 0.02200637 0.02634952
v -0.05389398 0.01883458 0.02728457
v -0.05405436 0.01900507 0.02734226
v -0.05421953 0.01918066 0.02734226
v -0.05437992 0.01935115 0.02728457
v -0.05480221 0.01980007 0.02658886
v -0.05589478 0.01877231 0.02658886
v -0.05452617 0.01950663 0.02717254
v -0.05561874 0.01847887 0.02717253
v -0.05464981 0.01963807 0.02701267
v -0.05574238 0.01861029 0.02701267
v -0.05583621 0.01871004 0.02681427
v -0.05474364 0.01973781 0.02681427
v -0.0575157 0.02049542 0.03011175
v -0.05785573 0.02085689 0.02825965
v -0.05676316 0.02188465 0.02825966
v -0.05642315 0.02152319 0.03011175
v -0.05511439 0.0201319 0.03342021
v -0.05586794 0.02093296 0.03184953
v -0.05620696 0.01910414 0.03342021
v -0.05696049 0.01990519 0.03184953
v -0.05418542 0.01914435 0.03477604
vn 1E-05 -0 -1
vn 0.74605 -0.66589 1E-05
vn -1E-05 0 1
vn 0.85035 -0.52622 1E-05
vn 0.61909 -0.78532 1E-05
vn -0.89894 0.43807 -1E-05
vn -0.97765 0.21022 -1E-05
vn -0.76797 0.64049 -1E-05
vn -0.99955 -0.02985 -1E-05
vn -0.5924 0.80564 -1E-05
vn -0.38236 0.92401 -1E-05
vn -0.15013 0.98867 -0
vn 0.92881 -0.37056 1E-05
vn 0.97904 -0.20365 1E-05
vn -0.96336 -0.2682 -1E-05
vn -0.87118 -0.49096 -1E-05
vn -0.54327 -0.83956 -0
vn -0.32652 -0.94519 0
vn -0.09083 -0.99587 0
vn -0.72837 -0.68519 -0
vn 0.09086 0.99586 -0
vn 0.31315 -0.9497 0
vn 0.47332 -0.88089 1E-05
vn 0.09086 0.99586 -0
vn 0.14349 -0.98965 0
vn -0.03055 -0.99953 0
vn -0.38237 0.92401 -1E-05
vn -0.89893 0.43809 -1E-05
vn 0.32652 0.94519 -0
vn 0.54323 0.83959 0
vn 0.72838 0.68517 0
vn 0.8712 0.49093 1E-05
vn 0.96336 0.2682 1E-05
vn 0.99955 0.02985 1E-05
vn 0.97765 -0.21022 1E-05
vn 0.87118 0.49096 1E-05
vn 0.32653 0.94519 -0
vn 0.32653 0.94519 -0
vn 0.54325 0.83957 0
vn 0.72837 0.68519 0
vn 0.59239 -0.80565 1E-05
vn 0.38236 -0.92401 1E-05
vn 0.15013 -0.98867 0
vn 0.76797 -0.64049 1E-05
vn 0.89894 -0.43807 1E-05
vn -0.89894 0.43808 -1E-05
vn -0.59239 0.80565 -1E-05
vn -0.76797 0.64048 -1E-05
vn -0.32652 -0.94519 0
vn -0.09083 -0.99587 0
vn -0.54325 -0.83957 -0
vn 0.59238 -0.80566 1E-05
vn 0.89895 -0.43805 1E-05
vn 0.59238 -0.80566 1E-05
vn -0.38236 0.92401 -1E-05
vn 0.09084 0.99587 -0
vn 0.32653 0.94519 -0
vn 0.99953 -0.03055 1E-05
vn -0.99955 -0.02989 -1E-05
vn 0.98965 0.14349 1E-05
vn 0.9497 0.31315 1E-05
vn -0.89894 0.43807 -1E-05
vn -0.59238 0.80566 -1E-05
vn -0.87119 -0.49094 -1E-05
vn -0.72838 -0.68517 -0
vn -0.32654 -0.94518 0
vn -0.54323 -0.83959 -0
vn 0.38237 -0.92401 1E-05
vn 0.15013 -0.98867 0
vn 0.87118 0.49097 1E-05
vn 0.99955 0.02985 1E-05
vn 0.88089 0.47331 1E-05
vn 0.78532 0.61909 0
vn -0.89895 0.43805 -1E-05
vn -0.99955 -0.02985 -1E-05
vn -0.8712 -0.49093 -1E-05
vn 0.32652 0.94519 -0
vn 0.09083 0.99587 -0
vn 0.89893 -0.43809 1E-05
vn -0.09086 -0.99586 0
vn 0.5924 -0.80564 1E-05
vn -0.99955 -0.02986 -1E-05
vn -0.87119 -0.49095 -1E-05
vn -0.72837 -0.68518 -0
vn -0.54324 -0.83958 -0
vn -0.32653 -0.94519 0
vn -0.32653 -0.94519 0
vn -0.59239 0.80565 -1E-05
vn -0.09085 -0.99587 0
vn 0.15013 -0.98867 0
vn 0.38236 -0.92401 1E-05
vn 0.59239 -0.80565 1E-05
vn 0.09083 0.99587 -0
vn 0.32654 0.94518 -0
vn 0.7284 0.68515 0
vn -0.20365 -0.97904 0
vn -0.37057 -0.92881 -0
vn -0.52622 -0.85035 -0
vn -0.66589 -0.74605 -0
vn -0.38239 0.924 -1E-05
vn -0.76798 0.64047 -1E-05
vn -0.97766 0.21021 -1E-05
vn 0.54324 0.83958 0
vn 0.72837 0.68518 0
vn -0.32653 -0.94519 0
vn -0.1501 0.98867 -0
vn 0.1501 -0.98867 0
vn 0.38239 -0.924 1E-05
vn 0.97766 -0.21021 1E-05
vn 0.76798 -0.64047 1E-05
vn 0.87119 0.49095 1E-05
vn 0.99955 0.02985 1E-05
vn 0.89894 -0.43808 1E-05
vn -0.768 0.64045 -1E-05
vn -0.87118 -0.49097 -1E-05
vn -0.32656 -0.94518 0
vn -0.32656 -0.94518 0
vn 0.76798 -0.64048 1E-05
vn -0.32653 -0.94519 0
vn 0.76799 -0.64047 1E-05
vn -0.72838 -0.68518 -0
vn -0.72838 -0.68518 -0
vn 0.72838 0.68518 0
vn 0.72838 0.68518 0
vn 0.89894 -0.43807 1E-05
vn 0.72838 0.68517 -0
vn 0.72838 0.68517 -1E-05
vn 0.72837 0.68519 1E-05
vn 0.72839 0.68516 -1E-05
vn -0.07671 0.08155 -0.99371
vn -0.22629 0.24057 -0.94388
vn -0.07671 0.08155 -0.99371
vn -0.48448 0.51503 -0.70712
vn -0.36452 0.38751 -0.84673
vn -0.36453 0.38752 -0.84673
vn -0.48449 0.51504 -0.70711
vn -0.58016 0.61674 -0.53203
vn -0.64672 0.6875 -0.33031
vn -0.68087 0.7238 -0.11198
vn -0.64673 0.6875 -0.33028
vn -0.68087 0.7238 -0.11196
vn 0.48449 -0.51504 0.70711
vn 0.36453 -0.38752 0.84673
vn 0.07671 -0.08155 0.99371
vn 0.22629 -0.24057 0.94388
vn 0.07671 -0.08155 0.99371
vn 0.22629 -0.24056 0.94389
vn 0.64673 -0.6875 0.33028
vn 0.68087 -0.7238 0.11198
vn 0.68087 -0.7238 0.11196
vn 0.58015 -0.61673 0.53204
vn 0.68518 -0.72838 1E-05
vn -0.68518 0.72838 -1E-05
vn 0.68518 -0.72838 1E-05
vn 0.68518 -0.72838 1E-05
vn 0.68518 -0.72838 1E-05
vn 0.68518 -0.72838 -1E-05
vn 0.68518 -0.72838 2E-05
vn 0.68518 -0.72838 2E-05
vn 0.68518 -0.72838 1E-05
vn -0.68518 0.72838 -3E-05
vn -0.68518 0.72838 1E-05
vn -0.68518 0.72838 -0
vn -0.68518 0.72838 -1E-05
vn -0.68518 0.72838 -0
vn -0.68518 0.72838 -1E-05
vn -0.68518 0.72838 -1E-05
vn -0.68518 0.72838 -2E-05
vn 0.68518 -0.72838 1E-05
vn 0.68518 -0.72838 1E-05
vn 0.68517 -0.72839 1E-05
vn -0.72838 -0.68518 -0
vn -0.68518 0.72838 -1E-05
vn -0.68518 0.72838 -1E-05
vn 0.68518 -0.72838 0
vn 0.68518 -0.72838 -0
vn 0.68518 -0.72838 1E-05
vn 0.68518 -0.72838 2E-05
vn -0.68518 0.72838 -3E-05
vn -0.68518 0.72838 -1E-05
vn -0.68518 0.72838 -1E-05
vn -0.68518 0.72838 -0
vn -0.68518 0.72838 0
vn -1E-05 0 1
vn 0.72838 0.68518 0
vn 0.72839 0.68516 1E-05
vn 0.72837 0.68519 -0
vn 0.72838 0.68517 1E-05
vn 0.72838 0.68517 1E-05
vn 0.68087 -0.7238 -0.11197
vn 0.68087 -0.7238 -0.11194
vn 0.64673 -0.6875 -0.33027
vn 0.58016 -0.61673 -0.53203
vn 0.07673 -0.08156 -0.99371
vn 0.22631 -0.24057 -0.94388
vn 0.2263 -0.24057 -0.94388
vn 0.4845 -0.51504 -0.7071
vn 0.36454 -0.38752 -0.84672
vn 0.07673 -0.08156 -0.99371
vn -0.68087 0.7238 0.11194
vn -0.64672 0.6875 0.33029
vn -0.64673 0.6875 0.33027
vn -0.68087 0.7238 0.11197
vn -0.58016 0.61674 0.53202
vn -0.36453 0.38751 0.84673
vn -0.48449 0.51503 0.70711
vn -0.4845 0.51504 0.7071
vn -0.36454 0.38752 0.84672
vn -0.22631 0.24057 0.94388
vn -0.07673 0.08156 0.99371
vn -0.07673 0.08156 0.99371
vn -0.7284 -0.68515 -1E-05
vn -0.72837 -0.68519 1E-05
vn -0.72839 -0.68516 -6E-05
vn -0.72838 -0.68517 -2E-05
vn -0.72836 -0.68519 5E-05
vn -0.72838 -0.68517 -0
vn -0.72838 -0.68518 -0
vn -0.72837 -0.68518 -1E-05
vn -0.72837 -0.68518 -1E-05
vn -0.72839 -0.68516 1E-05
vn -0.72838 -0.68518 -0
vn -0.72837 -0.68518 -1E-05
vn -0.72839 -0.68516 2E-05
vn -0.72837 -0.68518 -2E-05
vn -0.72838 -0.68518 -0
vn -0.7238 -0.68087 -0.11198
vn -0.6875 -0.64673 -0.33028
vn -0.6875 -0.64673 -0.33028
vn -0.61673 -0.58016 -0.53203
vn -0.24056 -0.2263 -0.94388
vn -0.38751 -0.36454 -0.84673
vn -0.38751 -0.36454 -0.84673
vn -0.51503 -0.4845 -0.70711
vn -0.51504 -0.4845 -0.70711
vn -0.24056 -0.2263 -0.94389
vn -0.08155 -0.07672 -0.99371
vn 0.68519 -0.72837 1E-05
vn 0.68517 -0.72838 1E-05
vn 0.68518 -0.72838 1E-05
vn -0.68518 0.72838 -1E-05
vn -0.68517 0.72839 -1E-05
vn -0.68518 0.72837 -1E-05
vn 0.68518 -0.72838 1E-05
vn 1E-05 -0 -1
vn -0.68518 0.72838 -1E-05
vn 0.40614 -0.91381 1E-05
vn 0.19265 -0.98127 0
vn 0.59931 -0.80052 1E-05
vn -0.25221 -0.96767 0
vn -0.46119 -0.8873 -0
vn -0.64708 -0.76242 -0
vn -0.03055 -0.99953 0
vn -0.59931 0.80052 -1E-05
vn -0.40617 0.9138 -1E-05
vn -0.19261 0.98127 -0
vn 0.25218 0.96768 -0
vn 0.03055 0.99953 -0
vn 0.46122 0.88729 0
vn 0.64708 0.76242 0
vn -0.72838 -0.68518 -0
vn 0.72838 0.68517 2E-05
vn 0.72837 0.68518 -1E-05
vn -0.72837 -0.68518 2E-05
vn -0.72839 -0.68517 -5E-05
vn 0.72838 0.68518 0
vn 0.72837 0.68518 -0
vn 0.72838 0.68518 0
vn -0.72838 -0.68518 -0
vn -0.72838 -0.68518 -0
vn -0.72838 -0.68517 -2E-05
vn -0.72838 -0.68518 -0
vn 0.72838 0.68518 0
vn -0.72838 -0.68518 -0
vn 0.72838 0.68518 0
vn -0.72837 -0.68518 0
vn -0.72838 -0.68518 -0
vn 0.72838 0.68518 0
vn 0.72838 0.68518 0
vn 0.72838 0.68518 0
vn -0.5639 0.59945 0.56805
vn -0.45436 0.483 0.74851
vn -0.45436 0.483 0.74851
vn -0.31842 0.33849 0.88546
vn -0.16399 0.17432 0.97094
vn -0.31842 0.33849 0.88545
vn -0.16398 0.17432 0.97094
vn 0.16397 -0.17431 0.97094
vn 0.31841 -0.33849 0.88546
vn 0.16397 -0.17431 0.97094
vn 0.72838 0.68518 0
vn -0.72838 -0.68518 -0
vn -0.68018 0.72307 0.12053
vn -0.68018 0.72307 -0.12054
vn -0.64065 0.68104 0.35461
vn -0.64065 0.68104 0.3546
vn -0.64065 0.68104 -0.35461
vn -0.56389 0.59944 -0.56806
vn -0.45435 0.483 -0.74852
vn -0.64064 0.68104 -0.35463
vn -0.45435 0.483 -0.74851
vn -0.72841 -0.68515 1E-05
vn 0.72837 0.68519 1E-05
vn 0.72837 0.68519 1E-05
vn -0.72837 -0.68518 -0
vn 0.72837 0.68518 0
vn -0.72837 -0.68519 -1E-05
vn -0.72839 -0.68516 1E-05
vn 0.72838 0.68518 0
vn 0.72837 0.68518 1E-05
vn -0.72838 -0.68518 -0
vn 0.16398 -0.17432 -0.97094
vn 0.16398 -0.17432 -0.97094
vn -0.16397 0.17432 -0.97094
vn -0.16397 0.17431 -0.97094
vn -0.31841 0.33849 -0.88546
vn -0.31841 0.33849 -0.88546
vn 0.31842 -0.3385 -0.88545
vn -0.72838 -0.68517 -1E-05
vn -0.72837 -0.68518 -0
vn -0.72836 -0.68519 -1E-05
vn -0.72837 -0.68519 -1E-05
vn -0.72837 -0.68518 -0
vn -0.72837 -0.68518 -0
vn -0.72836 -0.68519 -1E-05
vn -0.72839 -0.68517 0
vn -0.7284 -0.68515 1E-05
vn -0.56389 0.59945 0.56806
vn -0.45436 0.48301 0.7485
vn -0.16399 0.17432 0.97094
vn -0.45436 0.483 0.74851
vn -0.16398 0.17432 0.97094
vn -0.31842 0.33849 0.88546
vn -0.68019 0.72306 0.12053
vn -0.64066 0.68105 0.35458
vn 0.16397 -0.17431 0.97094
vn 0.45435 -0.48299 0.74852
vn 0.31841 -0.33848 0.88546
vn 0.31841 -0.33849 0.88546
vn 0.72837 0.68518 1E-05
vn 0.72838 0.68517 -0
vn 0.72837 0.68518 1E-05
vn 0.72837 0.68518 0
vn -0.72838 -0.68518 -0
vn 0.72839 0.68516 -1E-05
vn 0.72837 0.68518 0
vn 0.72839 0.68516 -1E-05
vn 0.56388 -0.59944 0.56807
vn 0.72837 0.68518 3E-05
vn 0.45436 -0.48301 0.7485
vn 0.64064 -0.68104 0.35463
vn 0.68018 -0.72307 0.12054
vn 0.64065 -0.68104 0.35461
vn 0.56388 -0.59944 0.56808
vn -0.72838 -0.68518 -1E-05
vn -0.72838 -0.68518 0
vn -0.72838 -0.68518 -0
vn -0.72838 -0.68518 -1E-05
vn -0.72838 -0.68518 -0
vn -0.72837 -0.68518 -1E-05
vn 0.72837 0.68518 1E-05
vn 0.72837 0.68519 2E-05
vn -0.72838 -0.68517 0
vn -0.72836 -0.6852 -3E-05
vn -0.72838 -0.68518 -0
vn -0.72837 -0.68518 -2E-05
vn -0.72838 -0.68518 -1E-05
vn -0.72838 -0.68517 1E-05
vn 0.45435 -0.483 0.74852
vn -0.72838 -0.68518 -0
vn 0.45434 -0.48299 0.74853
vn -0.72838 -0.68517 2E-05
vn -0.72838 -0.68518 -0
vn 0.72837 0.68518 1E-05
vn 0.72838 0.68517 -1E-05
vn 0.72838 0.68518 1E-05
vn 0.72838 0.68518 0
vn 0.72838 0.68517 -1E-05
vn 0.72838 0.68518 0
vn 0.72839 0.68517 -3E-05
vn 0.72838 0.68518 0
vn 0.72838 0.68518 0
vn 0.72838 0.68518 0
vn -0.72837 -0.68518 -1E-05
vn -0.72837 -0.68518 -1E-05
vn -0.72838 -0.68518 -0
vn -0.72838 -0.68518 -0
vn -0.72838 -0.68518 -0
vn 0.72838 0.68518 0
vn 0.7284 0.68515 0
vn 0.72837 0.68519 0
vn 0.72837 0.68518 0
vn -0.45436 0.483 0.7485
vn 0.72838 0.68518 0
vn -0.45437 0.48302 0.74849
vn -0.7284 -0.68515 0
vn -0.72837 -0.68519 -0
vn -0.72837 -0.68518 -0
vn -0.72837 -0.68519 -0
vn -0.72837 -0.68518 -0
vn -0.72838 -0.68517 -0
vn -0.72838 -0.68518 -1E-05
vn -0.16398 0.17431 0.97094
vn 0.16396 -0.17431 0.97094
vn 0.3184 -0.33848 0.88547
vn 0.72837 0.68518 1E-05
vn -0.56388 0.59943 0.56809
vn -0.5639 0.59944 0.56806
vn -0.64066 0.68105 0.35457
vn -0.64065 0.68104 0.35461
vn -0.68018 0.72306 -0.12054
vn -0.64065 0.68105 -0.35459
vn -0.56388 0.59944 -0.56807
vn -0.45436 0.48301 -0.74851
vn -0.64065 0.68104 -0.35463
vn -0.56387 0.59942 -0.5681
vn -0.31841 0.33849 -0.88546
vn -0.45435 0.483 -0.74852
vn -0.16396 0.17431 -0.97094
vn 0.31842 -0.33849 -0.88546
vn 0.45437 -0.48301 -0.7485
vn 0.31843 -0.3385 -0.88545
vn 0.16398 -0.17431 -0.97094
vn -0.05971 0.06348 -0.9962
vn -0.17733 0.18852 -0.96593
vn 0.72838 0.68518 0
vn 0.72838 0.68518 0
vn -0.72838 -0.68518 -0
vn 0.72837 0.68518 1E-05
vn 0.72838 0.68518 0
vn 0.72837 0.68518 1E-05
vn 0.72837 0.68518 0
vn 0.72838 0.68518 0
vn -0.17733 0.18852 -0.96593
vn -0.28956 0.30782 -0.90631
vn -0.72838 -0.68518 -1E-05
vn -0.72837 -0.68518 -1E-05
vn -0.72838 -0.68518 -0
vn -0.28956 0.30782 -0.90631
vn 0.72838 0.68518 0
vn -0.72838 -0.68518 -0
vn 0.64065 -0.68104 0.35463
vn 0.56387 -0.59942 0.5681
vn 0.64065 -0.68105 0.35459
vn 0.68018 -0.72307 -0.12053
vn 0.64065 -0.68104 -0.35461
vn 0.5639 -0.59944 -0.56806
vn 0.64066 -0.68105 -0.35457
vn -0.72838 -0.68518 0
vn -0.72838 -0.68518 -0
vn -0.72838 -0.68518 -0
vn 0.56388 -0.59943 -0.56809
vn 0.72838 0.68517 2E-05
vn 0.72838 0.68518 0
vn 0.72838 0.68518 0
vn 0.72837 0.68518 -0
vn 0.72838 0.68518 -0
vn 0.72838 0.68518 0
vn 0.72838 0.68518 0
vn -0.72838 -0.68518 -1E-05
vn -0.72838 -0.68517 -2E-05
vn -0.72838 -0.68518 -0
vn -0.72837 -0.68518 2E-05
vn 0.72839 0.68516 -0
vn 0.72837 0.68518 0
vn 0.72838 0.68518 0
vn 0.72837 0.68519 1E-05
vn -0.72839 -0.68516 -1E-05
vn -0.45435 0.483 0.74852
vn -0.31843 0.3385 0.88545
vn -0.45436 0.483 0.74851
vn -0.16399 0.17432 0.97094
vn -0.31843 0.33849 0.88545
vn -0.16398 0.17431 0.97094
vn -0.72838 -0.68517 -0
vn -0.72839 -0.68516 1E-05
vn -0.72839 -0.68516 1E-05
vn -0.72836 -0.6852 -2E-05
vn -0.72837 -0.68518 -0
vn -0.72836 -0.6852 -1E-05
vn -0.72838 -0.68518 -0
vn 0.45436 -0.48302 0.7485
vn 0.45435 -0.483 0.74852
vn 0.3184 -0.33848 0.88546
vn 0.68018 -0.72307 0.12054
vn 0.56389 -0.59944 0.56806
vn 0.64065 -0.68104 -0.35461
vn 0.64065 -0.68105 -0.3546
vn 0.5639 -0.59945 -0.56805
vn -0.72838 -0.68518 -0
vn 0.45436 -0.483 -0.74851
vn 0.72837 0.68519 -1E-05
vn 0.45435 -0.483 -0.74852
vn 0.72839 0.68516 1E-05
vn 0.72837 0.68518 -0
vn 0.72838 0.68518 0
vn 0.72838 0.68518 0
vn 0.72837 0.68518 -0
vn 0.72837 0.68518 0
vn 0.72839 0.68517 2E-05
vn 0.72838 0.68517 1E-05
vn -0.72839 -0.68517 -2E-05
vn -0.72837 -0.68518 0
vn -0.72837 -0.68518 -0
vn -0.72837 -0.68518 0
vn -0.72838 -0.68518 -1E-05
vn -0.72838 -0.68518 -0
vn -0.45436 0.483 0.74851
vn -0.72837 -0.68518 -0
vn 0.72838 0.68518 0
vn 0.72838 0.68518 0
vn 0.72838 0.68518 0
vn 0.72837 0.68518 0
vn -0.31843 0.3385 0.88545
vn -0.45436 0.483 0.74851
vn 0.72838 0.68518 0
vn -0.72839 -0.68516 0
vn -0.31842 0.3385 0.88545
vn -0.72838 -0.68518 -1E-05
vn -0.72838 -0.68518 -1E-05
vn -0.72838 -0.68518 -0
vn 0.7284 0.68515 -0
vn 0.72837 0.68518 0
vn 0.72838 0.68517 1E-05
vn -0.16398 0.17432 0.97094
vn -0.16398 0.17432 0.97094
vn 0.72837 0.68518 0
vn -0.72837 -0.68518 -0
vn -0.72838 -0.68517 -0
vn -0.72837 -0.68519 -1E-05
vn -0.72837 -0.68518 -0
vn -0.72837 -0.68518 -1E-05
vn 0.16397 -0.17431 0.97094
vn -0.72838 -0.68518 -0
vn -0.72838 -0.68517 -0
vn -0.72838 -0.68518 -0
vn -0.64065 0.68105 0.35459
vn 0.72838 0.68518 0
vn -0.56389 0.59944 0.56806
vn -0.56389 0.59944 0.56806
vn -0.64065 0.68104 0.3546
vn 0.72838 0.68518 1E-05
vn 0.72838 0.68518 0
vn -0.68018 0.72307 0.12053
vn 0.72838 0.68518 0
vn 0.72838 0.68517 -1E-05
vn 0.72838 0.68518 1E-05
vn -0.68018 0.72307 0.12053
vn 0.72837 0.68518 0
vn 0.72837 0.68518 0
vn 0.72837 0.68518 0
vn 0.72838 0.68518 1E-05
vn 0.72838 0.68518 0
vn 0.72838 0.68518 0
vn 0.31841 -0.33849 0.88546
vn 0.72838 0.68518 0
vn 0.16397 -0.17431 0.97094
vn -0.72838 -0.68518 -0
vn -0.72838 -0.68518 -0
vn -0.72838 -0.68518 -0
vn -0.72838 -0.68518 -1E-05
vn -0.72838 -0.68518 -0
vn 0.45435 -0.483 0.74852
vn 0.45435 -0.483 0.74852
vn -0.72838 -0.68517 1E-05
vn -0.72838 -0.68517 -0
vn -0.72839 -0.68517 1E-05
vn -0.72836 -0.68519 -2E-05
vn -0.72838 -0.68518 -1E-05
vn -0.68018 0.72307 0.12053
vn -0.56389 0.59944 0.56807
vn -0.68018 0.72307 -0.12054
vn -0.64065 0.68104 -0.35461
vn -0.56388 0.59943 -0.56808
vn -0.64065 0.68105 -0.35459
vn 0.56388 -0.59943 0.56808
vn 0.64065 -0.68104 0.35462
vn 0.68018 -0.72307 0.12054
vn 0.64065 -0.68104 0.35461
vn 0.56388 -0.59944 0.56808
vn 0.64065 -0.68104 -0.35461
vn 0.64065 -0.68104 -0.3546
vn 0.68018 -0.72307 -0.12053
vn 0.56389 -0.59944 -0.56807
vn 0.56389 -0.59944 -0.56807
vn 0.72837 0.68518 1E-05
vn 0.72837 0.68518 1E-05
vn 0.72838 0.68518 1E-05
vn 0.72839 0.68516 -1E-05
vn 0.72837 0.68519 1E-05
vn 0.72837 0.68518 1E-05
vn 0.72838 0.68517 -0
vn 0.72838 0.68518 0
vn 0.72839 0.68517 -1E-05
vn -0.31842 0.33849 -0.88546
vn -0.45434 0.48299 -0.74853
vn -0.16397 0.17431 -0.97094
vn -0.72838 -0.68517 0
vn -0.72836 -0.6852 -2E-05
vn -0.31841 0.33849 -0.88546
vn 0.45438 -0.48302 -0.74849
vn -0.16397 0.17431 -0.97094
vn 0.31842 -0.33849 -0.88546
vn 0.56389 -0.59944 0.56807
vn 0.72838 0.68518 0
vn 0.56389 -0.59944 0.56807
vn -0.72839 -0.68516 -1E-05
vn -0.72835 -0.6852 1E-05
vn -0.72839 -0.68516 -1E-05
vn -0.72839 -0.68516 -1E-05
vn -0.72838 -0.68518 -0
vn -0.72839 -0.68516 -1E-05
vn -0.72839 -0.68516 -1E-05
vn -0.72838 -0.68517 -1E-05
vn -0.72835 -0.6852 1E-05
vn -0.72838 -0.68517 -0
vn -0.72838 -0.68518 -1E-05
vn 0.64065 -0.68104 0.35462
vn -0.72837 -0.68518 5E-05
vn 0.64065 -0.68104 0.35461
vn -0.72838 -0.68517 -1E-05
vn -0.72838 -0.68517 -0
vn -0.72839 -0.68516 -5E-05
vn 0.72838 0.68517 3E-05
vn 0.72838 0.68517 0
vn 0.72838 0.68517 1E-05
vn 0.72838 0.68518 0
vn 0.72838 0.68518 0
vn 0.72837 0.68518 -3E-05
vn -0.24057 -0.2263 0.94388
vn -0.38753 -0.36454 0.84672
vn -0.51504 -0.48449 0.70711
vn -0.38753 -0.36454 0.84672
vn -0.51504 -0.48449 0.70711
vn -0.08156 -0.07671 0.99371
vn -0.24058 -0.2263 0.94388
vn -0.6875 -0.64673 0.33027
vn -0.7238 -0.68087 0.11197
vn -0.6875 -0.64673 0.33028
vn -0.61674 -0.58016 0.53203
vn -0.72839 -0.68516 -2E-05
vn -0.72838 -0.68518 -0
vn -0.72837 -0.68518 1E-05
vn -0.72837 -0.68518 1E-05
vn -0.72839 -0.68516 -1E-05
vn -0.72837 -0.68518 0
vn -0.72841 -0.68514 1E-05
vn -0.72837 -0.68518 -0
vn -0.72838 -0.68518 -0
vn -0.72838 -0.68517 5E-05
vn -0.72839 -0.68516 -0
vn -0.72837 -0.68519 -2E-05
vn -0.72838 -0.68517 2E-05
vn -0.72843 -0.68512 0.00011
vn 0.72838 0.68518 0
vn -0.72838 -0.68518 -0
vn -0.68018 0.72306 -0.12054
vn -0.64065 0.68104 -0.35463
vn -0.64065 0.68105 -0.35459
vn -0.31841 0.33849 -0.88546
vn -0.45435 0.483 -0.74852
vn -0.16397 0.17431 -0.97094
vn -0.45435 0.483 -0.74851
vn 0.16398 -0.17432 -0.97094
vn 0.31842 -0.33849 -0.88546
vn 0.31842 -0.33849 -0.88545
vn -0.16397 0.17431 -0.97094
vn 0.45436 -0.483 -0.74851
vn 0.72837 0.68519 -0
vn -0.72836 -0.68519 0
vn -0.72837 -0.68518 -0
vn -0.7284 -0.68515 -2E-05
vn -0.72836 -0.68519 1E-05
vn -0.72837 -0.68519 0
vn -0.72838 -0.68518 -0
vn -0.72837 -0.68518 -0
vn -0.72837 -0.68519 -0
vn -0.72841 -0.68515 -2E-05
vn -0.72839 -0.68517 -1E-05
vn 0.56389 -0.59944 -0.56806
vn 0.45437 -0.48302 -0.74849
vn 0.56389 -0.59944 -0.56807
vn 0.68018 -0.72307 -0.12053
vn 0.72837 0.68518 -3E-05
vn -0.72838 -0.68518 -0
vn -0.72838 -0.68518 0
vn -0.72838 -0.68518 -1E-05
vn -0.72837 -0.68518 0
vn -0.72838 -0.68518 -0
vn -0.72838 -0.68518 -0
vn 0.72837 0.68518 0
vn 0.72837 0.68518 0
vn 0.72837 0.68518 0
vn 0.72839 0.68516 1E-05
vn 0.72838 0.68517 1E-05
vn 0.72838 0.68518 0
vn 0.72839 0.68516 1E-05
vn -0.72838 -0.68518 -0
vn 0.72837 0.68519 -0
vn 0.72837 0.68518 0
vn 0.72837 0.68518 0
vn 0.72837 0.68518 -0
vn -0.72839 -0.68516 -1E-05
vn -0.72837 -0.68518 -0
vn -0.45436 0.483 0.74851
vn -0.45436 0.483 0.74851
vn -0.5639 0.59945 0.56805
vn -0.56389 0.59945 -0.56806
vn 0.31841 -0.3385 0.88546
vn -0.31843 0.3385 0.88545
vn -0.31843 0.3385 0.88545
vn -0.72838 -0.68517 0
vn -0.72837 -0.68518 -0
vn -0.72838 -0.68518 -0
vn -0.72837 -0.68518 -1E-05
vn 0.72838 0.68518 0
vn 0.72838 0.68518 0
vn -0.72838 -0.68518 -0
vn 0.72838 0.68518 0
vn -0.72838 -0.68518 -0
vn 0.72838 0.68517 -2E-05
vn 0.72838 0.68518 0
vn -0.72837 -0.68518 -3E-05
vn 0.72837 0.68518 1E-05
vn -0.72838 -0.68517 1E-05
vn -0.72838 -0.68518 -0
vn 0.72838 0.68518 0
vn -0.72838 -0.68518 -0
vn -0.72839 -0.68517 4E-05
vn 0.72837 0.68518 2E-05
vn -0.45435 0.483 -0.74852
vn -0.31841 0.33849 -0.88546
vn -0.45435 0.483 -0.74852
vn 0.72838 0.68518 0
vn -0.68018 0.72306 -0.12055
vn -0.68018 0.72307 -0.12054
vn 0.72838 0.68518 0
vn 0.72838 0.68518 0
vn 0.72838 0.68517 2E-05
vn -0.56389 0.59944 -0.56807
vn -0.56389 0.59944 -0.56807
vn 0.72838 0.68518 0
vn -0.64065 0.68105 -0.35461
vn -0.64065 0.68104 -0.35461
vn 0.72838 0.68518 0
vn 0.72837 0.68519 1E-05
vn 0.72839 0.68516 -1E-05
vn 0.45434 -0.48299 0.74853
vn 0.45434 -0.483 0.74852
vn 0.72838 0.68518 1E-05
vn 0.72837 0.68518 1E-05
vn 0.72837 0.68518 1E-05
vn 0.72837 0.68518 1E-05
vn 0.72838 0.68517 -0
vn 0.72839 0.68517 -1E-05
vn -0.72838 -0.68518 -0
vn -0.72839 -0.68517 1E-05
vn -0.72838 -0.68518 -0
vn -0.72837 -0.68518 -1E-05
vn -0.72837 -0.68518 -0
vn -0.72837 -0.68518 -0
vn -0.45435 0.483 -0.74851
vn -0.72837 -0.68518 -1E-05
vn 0.56389 -0.59945 0.56806
vn 0.5639 -0.59945 -0.56805
vn -0.72838 -0.68518 -0
vn 0.72838 0.68518 0
vn -0.45435 0.483 -0.74852
vn 0.72838 0.68518 1E-05
vn -0.31841 0.33849 -0.88546
vn 0.72838 0.68518 0
vn -0.31841 0.33849 -0.88546
vn -0.72838 -0.68518 -0
vn -0.72838 -0.68518 -0
vn -0.72838 -0.68518 -0
vn -0.72839 -0.68516 -1E-05
vn -0.16397 0.17431 -0.97094
vn -0.16397 0.17431 -0.97094
vn 0.72838 0.68517 1E-05
vn 0.7284 0.68515 -0
vn 0.72837 0.68518 0
vn -0.72838 -0.68518 -0
vn -0.72837 -0.68519 -1E-05
vn -0.72837 -0.68518 -0
vn -0.72837 -0.68518 -0
vn -0.72838 -0.68517 -0
vn 0.16398 -0.17431 -0.97094
vn -0.72838 -0.68517 -0
vn -0.72838 -0.68518 -0
vn -0.72837 -0.68518 -0
vn -0.72838 -0.68517 -0
vn -0.72838 -0.68518 0
vn -0.72839 -0.68516 5E-05
vn 0.64065 -0.68105 -0.3546
vn 0.64065 -0.68104 -0.3546
vn 0.68018 -0.72307 -0.12053
vn -0.72838 -0.68517 -1E-05
vn -0.72838 -0.68517 -0
vn -0.72837 -0.68518 -6E-05
vn 0.72838 0.68517 -2E-05
vn 0.72837 0.68518 4E-05
vn 0.72838 0.68518 0
vn 0.72838 0.68517 0
vn -0.68018 0.72307 -0.12054
vn 0.72838 0.68517 1E-05
vn 0.72838 0.68518 0
vn 0.56389 -0.59944 -0.56806
vn 0.56389 -0.59944 -0.56806
vn -0.72838 -0.68517 -0
vn -0.72839 -0.68516 1E-05
vn -0.72839 -0.68516 0
vn -0.72839 -0.68516 1E-05
vn -0.72839 -0.68516 1E-05
vn -0.72835 -0.6852 -1E-05
vn -0.72835 -0.6852 -1E-05
vn -0.72838 -0.68518 -0
vn -0.72839 -0.68516 0
vn 0.72837 0.68518 0
vn 0.72837 0.68518 0
vn 0.31842 -0.3385 -0.88545
vn 0.16398 -0.17431 -0.97094
vn 0.72838 0.68518 0
vn 0.72838 0.68518 0
vn 0.72838 0.68518 0
vn -0.72838 -0.68517 -2E-05
vn -0.72838 -0.68517 -0
vn -0.72839 -0.68517 -1E-05
vn 0.45436 -0.483 -0.74851
vn -0.72838 -0.68518 0
vn -0.72836 -0.68519 1E-05
vn 0.45436 -0.48301 -0.74851
vn -0.72838 -0.68518 -0
vn -0.72838 -0.68518 -0
vn -0.72838 -0.68518 -0
vn -0.72838 -0.68518 -0
vn -0.72838 -0.68518 -0
vn 0.72838 0.68517 1E-05
vn 0.72837 0.68518 0
vn 0.72838 0.68518 0
vn 0.72837 0.68519 -1E-05
vn 0.72839 0.68517 2E-05
vn 0.72839 0.68516 1E-05
vn 0.72837 0.68518 -0
vn 0.72837 0.68518 -0
vn -0.31843 0.3385 0.88545
vn -0.31843 0.3385 0.88545
vn -0.72838 -0.68517 -1E-05
vn -0.72836 -0.6852 1E-05
vn -0.45436 0.483 0.74851
vn -0.45435 0.48299 0.74852
vn 0.45436 -0.48301 0.7485
vn 0.45435 -0.48299 0.74852
vn -0.16399 0.17432 0.97094
vn -0.16398 0.17431 0.97094
vn 0.31841 -0.33849 0.88546
vn -0.68018 0.72307 0.12053
vn -0.56389 0.59944 0.56807
vn -0.56388 0.59943 -0.56808
vn 0.56388 -0.59943 0.56808
vn 0.56389 -0.59944 0.56807
vn 0.68018 -0.72306 0.12054
vn 0.56389 -0.59944 -0.56807
vn 0.56389 -0.59944 -0.56806
vn 0.45436 -0.483 -0.74851
vn 0.45435 -0.48299 -0.74852
vn -0.72837 -0.68518 1E-05
vn -0.72838 -0.68518 0
vn -0.72838 -0.68518 -0
vn -0.72838 -0.68517 -1E-05
vn -0.72838 -0.68517 -2E-05
vn -0.72838 -0.68518 -1E-05
vn 0.72838 0.68518 0
vn 0.72838 0.68518 0
vn 0.72837 0.68518 -1E-05
vn 0.72839 0.68517 4E-05
vn 0.72838 0.68518 0
vn 0.72838 0.68517 2E-05
vn 0.72838 0.68518 -0
vn 0.72838 0.68518 0
vn 0.72838 0.68517 2E-05
vn -0.72838 -0.68518 -0
vn -0.72838 -0.68518 -0
vn -0.72837 -0.68518 0
vn -0.72838 -0.68518 -0
vn 0.72837 0.68518 -0
vn -0.16398 0.17432 0.97094
vn -0.45437 0.48301 0.74849
vn 0.3184 -0.33848 0.88547
vn 0.3184 -0.33849 0.88546
vn -0.45436 0.48301 -0.7485
vn -0.45435 0.483 -0.74851
vn 0.31842 -0.33849 -0.88546
vn 0.31841 -0.33848 -0.88546
vn 0.72837 0.68518 0
vn 0.72837 0.68519 -1E-05
vn 0.7284 0.68515 0
vn 0.72838 0.68518 0
vn 0.72838 0.68518 0
vn 0.72837 0.68519 0
vn 0.72837 0.68518 0
vn -0.72836 -0.6852 3E-05
vn -0.72838 -0.68517 -1E-05
vn -0.72838 -0.68518 -0
vn -0.72838 -0.68518 -0
vn -0.7284 -0.68515 -1E-05
vn -0.72837 -0.68519 -0
vn -0.72837 -0.68518 -0
vn -0.72837 -0.68519 -0
vn -0.72837 -0.68518 -0
vn -0.05972 0.06348 0.99619
vn -0.72838 -0.68517 -1E-05
vn 0.64065 -0.68104 0.35463
vn 0.64065 -0.68105 0.35459
vn -0.72838 -0.68518 -0
vn -0.72838 -0.68518 -1E-05
vn -0.72838 -0.68518 -0
vn 0.72838 0.68518 1E-05
vn 0.72838 0.68518 0
vn 0.72838 0.68518 0
vn 0.72838 0.68518 0
vn 0.72838 0.68518 0
vn 0.72838 0.68517 -1E-05
vn 0.72837 0.68518 1E-05
vn -0.72838 -0.68518 -0
vn -0.72838 -0.68518 -1E-05
vn -0.72838 -0.68517 1E-05
vn -0.72837 -0.68518 -3E-05
vn 0.72838 0.68518 0
vn 0.56388 -0.59943 -0.56809
vn -0.72838 -0.68518 -0
vn 0.56389 -0.59945 -0.56806
vn 0.64065 -0.68104 -0.35461
vn 0.64066 -0.68105 -0.35458
vn -0.45434 0.48299 -0.74853
vn -0.31842 0.33849 -0.88546
vn -0.31842 0.3385 -0.88545
vn 0.72837 0.68518 0
vn 0.72839 0.68516 1E-05
vn 0.72838 0.68518 0
vn 0.72837 0.68519 0
vn -0.72839 -0.68516 -0
vn 0.45437 -0.48302 -0.74849
vn 0.45436 -0.483 -0.74851
vn 0.31842 -0.33849 -0.88545
vn -0.72838 -0.68517 -1E-05
vn -0.72838 -0.68518 -0
vn -0.72839 -0.68516 -2E-05
vn -0.72836 -0.6852 2E-05
vn -0.72839 -0.68516 -2E-05
vn -0.72836 -0.6852 0
vn -0.72837 -0.68518 -0
vn 0.72838 0.68518 0
vn 0.72838 0.68518 0
vn 0.72837 0.68518 -0
vn 0.72837 0.68518 1E-05
vn 0.72838 0.68518 0
vn -0.72838 -0.68518 -0
vn 0.72838 0.68518 1E-05
vn 0.72837 0.68518 -0
vn -0.17734 0.18852 0.96592
vn -0.17734 0.18852 0.96592
vn -0.28958 0.30783 0.9063
vn -0.72837 -0.68518 0
vn -0.72838 -0.68518 -0
vn -0.28957 0.30783 0.9063
vn -0.72838 -0.68518 -0
vn -0.39301 0.41778 0.81915
vn 0.72837 0.68519 -0
vn 0.72838 0.68517 0
vn 0.72837 0.68518 2E-05
vn 0.72837 0.68518 1E-05
vn 0.72838 0.68517 4E-05
vn 0.72838 0.68518 -0
vn 0.7284 0.68516 2E-05
vn 0.72847 0.68508 6E-05
vn 0.72834 0.68522 -3E-05
vn 0.72836 0.68519 -1E-05
vn 0.72838 0.68517 0
vn 0.7238 0.68087 -0.11195
vn 0.72379 0.68087 -0.11197
vn 0.68751 0.64673 -0.33026
vn 0.6875 0.64673 -0.33029
vn 0.61674 0.58015 -0.53203
vn 0.61674 0.58015 -0.53203
vn 0.51504 0.48449 -0.70711
vn 0.51505 0.48449 -0.7071
vn 0.38753 0.36453 -0.84672
vn 0.38752 0.36453 -0.84672
vn 0.24058 0.2263 -0.94388
vn 0.24058 0.2263 -0.94388
vn 0.08156 0.07671 -0.99371
vn 0.68516 -0.72839 1E-05
vn -0.72838 -0.68517 -2E-05
vn -0.72837 -0.68518 0
vn -0.72838 -0.68518 -0
vn -0.72837 -0.68518 2E-05
vn -0.72838 -0.68517 -2E-05
vn 0.72837 0.68518 -1E-05
vn 0.72838 0.68518 0
vn 0.72838 0.68518 0
vn 0.72837 0.68518 -0
vn 0.72837 0.68518 -2E-05
vn -0.72835 -0.6852 3E-05
vn -0.72839 -0.68517 -2E-05
vn -0.72838 -0.68518 -0
vn 0.72839 0.68517 2E-05
vn 0.72839 0.68517 2E-05
vn 0.72838 0.68518 0
vn 0.72838 0.68518 0
vn -0.72838 -0.68518 -0
vn 0.76242 -0.64708 1E-05
vn 0.88731 -0.46118 1E-05
vn 0.96767 -0.25222 1E-05
vn 0.99953 -0.03054 1E-05
vn 0.98127 0.19265 1E-05
vn 0.80051 0.59932 0
vn 0.91381 0.40614 1E-05
vn -0.76241 0.6471 -1E-05
vn -0.88729 0.4612 -1E-05
vn -0.96768 0.25219 -1E-05
vn -0.99953 0.03054 -1E-05
vn -0.80051 -0.59932 -0
vn -0.9138 -0.40617 -1E-05
vn -0.98127 -0.19261 -1E-05
vn 0.72838 0.68518 0
vn -0.16398 0.17431 0.97094
vn -0.31842 0.3385 0.88545
vn -0.31843 0.3385 0.88545
vn -0.45437 0.48301 0.7485
vn -0.45436 0.48301 0.74851
vn 0.72838 0.68518 0
vn -0.72838 -0.68518 -0
vn -0.72838 -0.68517 -0
vn -0.72836 -0.6852 -3E-05
vn -0.72839 -0.68516 2E-05
vn 0.16398 -0.17432 0.97094
vn 0.16396 -0.17431 0.97094
vn 0.45436 -0.48301 0.74851
vn 0.45435 -0.483 0.74851
vn -0.72838 -0.68517 2E-05
vn -0.72836 -0.68519 -6E-05
vn -0.72837 -0.68518 -2E-05
vn -0.72839 -0.68516 5E-05
vn -0.72837 -0.68518 -2E-05
vn -0.72838 -0.68518 -1E-05
vn -0.72837 -0.68519 -4E-05
vn -0.72838 -0.68518 -0
vn -0.72839 -0.68517 3E-05
vn -0.72838 -0.68517 1E-05
vn 0.72838 0.68517 -0
vn 0.72837 0.68519 1E-05
vn 0.72835 0.68521 1E-05
vn 0.72839 0.68516 -2E-05
vn 0.72838 0.68518 0
vn -0.72839 -0.68517 -0
vn -0.72836 -0.68519 -0
vn -0.72837 -0.68518 -0
vn -0.72838 -0.68517 -0
vn -0.45436 0.48301 0.7485
vn -0.16398 0.17431 0.97094
vn 0.16396 -0.1743 0.97095
vn -0.16398 0.17431 0.97094
vn 0.72837 0.68518 1E-05
vn 0.72837 0.68518 3E-05
vn 0.72838 0.68518 0
vn 0.72838 0.68517 -0
vn 0.72837 0.68518 2E-05
vn 0.72837 0.68518 3E-05
vn 0.72838 0.68518 1E-05
vn 0.72838 0.68517 -1E-05
vn 0.72838 0.68517 -1E-05
vn 0.72839 0.68517 -3E-05
vn 0.72837 0.68518 2E-05
vn -0.5639 0.59944 0.56806
vn -0.56388 0.59943 0.56809
vn -0.68018 0.72306 0.12055
vn -0.64065 0.68105 0.3546
vn -0.68018 0.72306 -0.12057
vn -0.64067 0.68105 0.35457
vn -0.56389 0.59944 -0.56807
vn -0.64065 0.68104 -0.35461
vn -0.56387 0.59943 -0.5681
vn -0.64066 0.68105 -0.35458
vn -0.45435 0.483 -0.74851
vn 0.16397 -0.17431 -0.97094
vn -0.16396 0.1743 -0.97095
vn -0.16397 0.17431 -0.97094
vn -0.68018 0.72306 0.12055
vn -0.64065 0.68104 0.35461
vn -0.68019 0.72306 0.1205
vn -0.68019 0.72306 -0.12052
vn -0.31841 0.3385 -0.88546
vn 0.72835 0.6852 2E-05
vn -0.7284 -0.68515 1E-05
vn -0.16396 0.17431 -0.97094
vn -0.31841 0.33849 -0.88546
vn -0.72837 -0.68518 -1E-05
vn 0.64064 -0.68104 0.35463
vn 0.68018 -0.72307 0.12057
vn 0.56389 -0.59944 0.56806
vn 0.56387 -0.59943 0.5681
vn 0.64067 -0.68105 0.35457
vn 0.64066 -0.68104 -0.35461
vn 0.56388 -0.59942 -0.56809
vn 0.68018 -0.72307 -0.12055
vn 0.64066 -0.68106 -0.35455
vn 0.45436 -0.48301 -0.74851
vn 0.16398 -0.17431 -0.97094
vn 0.16399 -0.17432 -0.97094
vn -0.72838 -0.68518 -0
vn -0.72839 -0.68517 -1E-05
vn -0.72836 -0.6852 2E-05
vn -0.72837 -0.68518 0
vn -0.72838 -0.68518 -0
vn 0.72838 0.68517 0
vn 0.72834 0.68521 2E-05
vn -0.72837 -0.68519 -1E-05
vn -0.72838 -0.68517 -0
vn -0.72843 -0.68512 3E-05
vn -0.72838 -0.68518 -0
vn -0.72839 -0.68517 0
vn -0.72836 -0.68519 -1E-05
vn -0.72839 -0.68517 0
vn -0.72839 -0.68517 0
vn -0.72839 -0.68517 0
vn -0.16399 0.17432 0.97094
vn -0.45437 0.48301 0.7485
vn -0.45435 0.483 0.74852
vn -0.16399 0.17432 0.97094
vn -0.64067 0.68105 0.35457
vn 0.45435 -0.48301 0.74851
vn 0.31841 -0.33849 0.88546
vn 0.45436 -0.48301 0.7485
vn 0.64065 -0.68104 0.35461
vn 0.68018 -0.72306 0.12057
vn 0.68019 -0.72306 0.12052
vn 0.72838 0.68518 0
vn 0.72838 0.68517 0
vn 0.72838 0.68518 0
vn 0.72839 0.68517 -0
vn 0.72837 0.68518 0
vn -0.72837 -0.68518 -0
vn 0.72837 0.68518 0
vn 0.72839 0.68517 -0
vn 0.72838 0.68518 0
vn -0.72838 -0.68518 -0
vn -0.72838 -0.68518 -2E-05
vn -0.72837 -0.68519 -3E-05
vn -0.72838 -0.68517 2E-05
vn 0.72838 0.68518 1E-05
vn 0.72838 0.68518 -1E-05
vn 0.72838 0.68518 -0
vn 0.72838 0.68518 0
vn 0.72839 0.68517 2E-05
vn 0.72838 0.68518 0
vn 0.72837 0.68518 -1E-05
vn 0.72837 0.68518 -1E-05
vn 0.72839 0.68516 3E-05
vn 0.72838 0.68518 -0
vn 0.72837 0.68519 -2E-05
vn 0.72837 0.68518 -1E-05
vn -0.72839 -0.68517 -2E-05
vn -0.72838 -0.68517 -1E-05
vn -0.72838 -0.68518 -0
vn -0.72838 -0.68518 0
vn 0.72838 0.68518 0
vn 0.72836 0.6852 1E-05
vn -0.56389 0.59945 0.56806
vn 0.72838 0.68517 1E-05
vn -0.45436 0.483 0.74851
vn -0.45436 0.483 0.74851
vn -0.56389 0.59944 0.56806
vn 0.72838 0.68517 1E-05
vn 0.72838 0.68517 1E-05
vn -0.72838 -0.68518 -0
vn -0.31842 0.3385 0.88545
vn -0.72838 -0.68518 -0
vn -0.72837 -0.68518 1E-05
vn -0.72838 -0.68518 -0
vn 0.72841 0.68515 0
vn -0.16398 0.17432 0.97094
vn -0.72837 -0.68518 -0
vn -0.72839 -0.68517 -1E-05
vn -0.72839 -0.68516 -1E-05
vn -0.72837 -0.68518 -0
vn -0.72838 -0.68517 0
vn -0.72836 -0.68519 -0
vn -0.05971 0.06348 -0.9962
vn -0.05971 0.06348 -0.9962
vn -0.17733 0.18852 -0.96593
vn 0.72839 0.68517 0
vn 0.72839 0.68517 -1E-05
vn 0.72838 0.68518 0
vn 0.72836 0.68519 2E-05
vn 0.72836 0.6852 0
vn 0.72838 0.68518 0
vn -0.72838 -0.68517 -0
vn 0.72841 0.68515 -0
vn -0.17733 0.18852 -0.96593
vn -0.28956 0.30782 -0.90631
vn -0.72837 -0.68518 -1E-05
vn -0.72836 -0.68519 -1E-05
vn -0.72839 -0.68517 1E-05
vn -0.72838 -0.68518 -0
vn -0.72839 -0.68517 0
vn 0.64065 -0.68104 0.35461
vn 0.56389 -0.59944 0.56807
vn 0.31841 -0.3385 0.88546
vn 0.56388 -0.59944 0.56808
vn 0.68019 -0.72306 -0.12055
vn 0.64065 -0.68105 -0.3546
vn 0.68018 -0.72307 -0.1205
vn 0.56389 -0.59944 -0.56807
vn 0.31843 -0.3385 -0.88545
vn 0.72838 0.68518 0
vn 0.72838 0.68517 2E-05
vn 0.72837 0.68518 -1E-05
vn 0.72838 0.68518 0
vn 0.72838 0.68517 2E-05
vn 0.72837 0.68518 -2E-05
vn 0.72838 0.68517 2E-05
vn 0.72837 0.68518 -1E-05
vn -0.72838 -0.68518 -0
vn -0.72838 -0.68517 -0
vn -0.72837 -0.68518 -0
vn -0.72838 -0.68518 -0
vn -0.72836 -0.68519 -1E-05
vn -0.72838 -0.68517 -2E-05
vn -0.72839 -0.68517 -4E-05
vn -0.72838 -0.68518 -0
vn -0.72838 -0.68517 -2E-05
vn -0.72837 -0.68518 0
vn -0.72838 -0.68518 -0
vn -0.72837 -0.68518 2E-05
vn -0.45434 0.48299 0.74853
vn -0.45435 0.48299 0.74852
vn -0.39299 0.41778 -0.81916
vn 0.72839 0.68516 1E-05
vn 0.72836 0.68519 1E-05
vn 0.72838 0.68518 0
vn 0.72838 0.68518 0
vn 0.72838 0.68517 0
vn 0.31841 -0.33849 0.88546
vn 0.31842 -0.33849 0.88546
vn 0.45436 -0.483 0.74851
vn 0.16397 -0.17431 0.97094
vn 0.45433 -0.48298 0.74854
vn 0.72837 0.68518 1E-05
vn 0.72838 0.68518 0
vn 0.72837 0.68518 1E-05
vn 0.72839 0.68517 -1E-05
vn 0.72838 0.68518 0
vn 0.72838 0.68518 0
vn -0.393 0.41778 -0.81915
vn -0.48449 0.51504 -0.70711
vn -0.48449 0.51504 -0.70711
vn -0.72838 -0.68518 -0
vn -0.72838 -0.68518 -0
vn -0.72838 -0.68517 1E-05
vn -0.72839 -0.68517 1E-05
vn -0.72838 -0.68518 -0
vn -0.72838 -0.68517 0
vn -0.72836 -0.68519 -2E-05
vn -0.72838 -0.68518 -0
vn -0.56126 0.59665 -0.57358
vn 0.72838 0.68518 1E-05
vn 0.72836 0.6852 1E-05
vn 0.72838 0.68518 0
vn 0.16397 -0.17431 0.97094
vn 0.72838 0.68517 0
vn 0.16397 -0.17431 0.97094
vn 0.72839 0.68517 1E-05
vn -0.72838 -0.68517 2E-05
vn -0.72836 -0.6852 0
vn -0.72838 -0.68517 -1E-05
vn -0.72837 -0.68519 -2E-05
vn -0.72838 -0.68518 -0
vn 0.45435 -0.483 0.74851
vn -0.72837 -0.68518 -1E-05
vn 0.45435 -0.483 0.74852
vn -0.72838 -0.68518 -0
vn 0.72837 0.68518 2E-05
vn -0.68018 0.72307 0.1205
vn -0.64067 0.68105 0.35455
vn -0.68019 0.72306 0.12055
vn -0.56389 0.59945 0.56805
vn -0.64064 0.68104 -0.35463
vn -0.64067 0.68105 -0.35457
vn -0.56389 0.59945 -0.56806
vn 0.72838 0.68517 -0
vn 0.72836 0.68519 1E-05
vn 0.72839 0.68517 -1E-05
vn 0.72837 0.68518 2E-05
vn 0.72838 0.68517 0
vn 0.72839 0.68517 -1E-05
vn 0.72838 0.68518 0
vn 0.72838 0.68518 0
vn 0.72838 0.68517 -0
vn -0.72838 -0.68517 0
vn -0.45434 0.48299 -0.74853
vn -0.7284 -0.68516 2E-05
vn -0.45433 0.48298 -0.74854
vn -0.72837 -0.68518 -1E-05
vn -0.72838 -0.68518 -1E-05
vn -0.72836 -0.68519 -2E-05
vn -0.16397 0.17432 -0.97094
vn -0.31841 0.3385 -0.88546
vn 0.45435 -0.48298 -0.74853
vn 0.31843 -0.3385 -0.88545
vn 0.16399 -0.17432 -0.97094
vn 0.31843 -0.33849 -0.88545
vn -0.72838 -0.68518 -0
vn 0.72838 0.68518 0
vn -0.72837 -0.68518 0
vn -0.72836 -0.68519 1E-05
vn -0.72839 -0.68517 -1E-05
vn 0.64066 -0.68104 0.35461
vn 0.64065 -0.68104 0.35462
vn 0.56388 -0.59944 0.56808
vn 0.56389 -0.59944 0.56807
vn -0.72838 -0.68518 -0
vn -0.72838 -0.68518 -2E-05
vn -0.72838 -0.68518 -0
vn -0.72838 -0.68518 -0
vn 0.68018 -0.72307 0.12054
vn -0.72838 -0.68518 0
vn 0.72837 0.68518 -2E-05
vn 0.72838 0.68518 1E-05
vn 0.72838 0.68518 0
vn 0.72838 0.68518 0
vn 0.72838 0.68518 2E-05
vn 0.68018 -0.72307 0.12052
vn 0.56389 -0.59945 0.56806
vn 0.56389 -0.59945 -0.56805
vn -0.72837 -0.68518 -3E-05
vn -0.72838 -0.68518 -0
vn -0.72838 -0.68518 2E-05
vn -0.72837 -0.68518 -2E-05
vn 0.72838 0.68518 0
vn -0.62098 0.66013 -0.42262
vn 0.72838 0.68517 -2E-05
vn -0.66183 0.70356 -0.25883
vn -0.66183 0.70356 -0.25882
vn 0.72838 0.68518 2E-05
vn -0.62098 0.66013 -0.42262
vn 0.72838 0.68518 -0
vn 0.7284 0.68515 2E-05
vn 0.72837 0.68518 0
vn 0.72838 0.68518 0
vn 0.72839 0.68516 1E-05
vn 0.72836 0.6852 -1E-05
vn 0.72838 0.68518 0
vn 0.72837 0.68518 0
vn 0.72839 0.68517 1E-05
vn -0.72838 -0.68517 -1E-05
vn -0.72839 -0.68516 -1E-05
vn -0.72838 -0.68518 -0
vn -0.72836 -0.68519 0
vn -0.72838 -0.68518 -0
vn -0.72838 -0.68517 -1E-05
vn -0.16399 0.17432 0.97094
vn -0.16398 0.17432 0.97094
vn 0.68018 -0.72307 0.12057
vn 0.72838 0.68518 0
vn -0.72837 -0.68518 -0
vn 0.72837 0.68518 1E-05
vn -0.72838 -0.68517 1E-05
vn 0.72838 0.68518 0
vn -0.72838 -0.68518 -0
vn -0.72837 -0.68518 -1E-05
vn -0.72837 -0.68518 -3E-05
vn 0.72838 0.68518 0
vn -0.72838 -0.68518 1E-05
vn -0.72838 -0.68518 -0
vn 0.72838 0.68518 -1E-05
vn 0.72837 0.68518 3E-05
vn -0.68257 0.7256 -0.08716
vn -0.68257 0.72561 -0.08717
vn 0.72838 0.68518 0
vn 0.72838 0.68517 -1E-05
vn -0.68519 0.72836 -1E-05
vn 0.51503 0.48449 0.70711
vn 0.08154 0.07672 0.99371
vn 0.24056 0.2263 0.94388
vn 0.24056 0.2263 0.94388
vn 0.38752 0.36454 0.84672
vn 0.38752 0.36454 0.84672
vn 0.51503 0.48449 0.70711
vn 0.72379 0.68087 0.11195
vn 0.61673 0.58015 0.53204
vn 0.61673 0.58016 0.53203
vn 0.6875 0.64673 0.33027
vn 0.6875 0.64672 0.33029
vn 0.7238 0.68087 0.11198
vn 0.72839 0.68517 -1E-05
vn 0.72838 0.68518 0
vn 0.72839 0.68517 -1E-05
vn 0.72838 0.68518 0
vn -0.72838 -0.68518 -0
vn -0.72838 -0.68518 -0
vn -0.72835 -0.6852 -4E-05
vn -0.72839 -0.68517 1E-05
vn 0.72837 0.68518 2E-05
vn -0.72838 -0.68517 2E-05
vn 0.72837 0.68518 1E-05
vn 0.72838 0.68518 0
vn 0.72838 0.68518 0
vn 0.72837 0.68518 2E-05
vn -0.72838 -0.68517 1E-05
vn -0.72837 -0.68518 -1E-05
vn -0.72837 -0.68518 -3E-05
vn -0.72838 -0.68518 -0
vn 0.72837 0.68518 -1E-05
vn 0.72838 0.68517 1E-05
vn 0.72837 0.68518 -1E-05
vn 0.72838 0.68518 1E-05
vn 0.72838 0.68517 -3E-05
vn 0.72834 0.68522 3E-05
vn 0.72847 0.68508 -6E-05
vn 0.7284 0.68515 -6E-05
vn 0.72837 0.68518 1E-05
vn 0.72837 0.68519 1E-05
vn -0.64065 0.68104 -0.35461
vn -0.68018 0.72306 -0.12057
vn -0.64066 0.68105 -0.35458
vn -0.45436 0.483 -0.74851
vn -0.45434 0.48299 -0.74853
vn -0.16398 0.17432 -0.97094
vn 0.68018 -0.72307 -0.1205
vn 0.64065 -0.68104 -0.35461
vn 0.68019 -0.72306 -0.12055
vn 0.64065 -0.68104 -0.3546
vn 0.45437 -0.48301 -0.7485
vn 0.31842 -0.3385 -0.88545
vn 0.72838 0.68517 1E-05
vn 0.72834 0.68521 -2E-05
vn -0.72838 -0.68517 -0
vn -0.72836 -0.68519 1E-05
vn -0.72839 -0.68517 -1E-05
vn -0.72839 -0.68517 -1E-05
vn -0.72839 -0.68517 -1E-05
vn -0.72839 -0.68517 -1E-05
vn -0.72838 -0.68518 -0
vn -0.72843 -0.68512 -4E-05
vn -0.72837 -0.68519 0
vn -0.72838 -0.68517 -2E-05
vn -0.72838 -0.68518 -0
vn -0.72838 -0.68518 2E-05
vn -0.72837 -0.68519 2E-05
vn 0.72838 0.68518 2E-05
vn 0.72838 0.68518 1E-05
vn 0.72838 0.68518 1E-05
vn 0.72838 0.68518 -0
vn -0.72837 -0.68518 -0
vn 0.72838 0.68518 0
vn 0.72837 0.68518 0
vn 0.72839 0.68517 1E-05
vn 0.72837 0.68518 0
vn 0.72839 0.68517 1E-05
vn 0.72838 0.68517 1E-05
vn 0.72838 0.68518 0
vn 0.72838 0.68518 0
vn -0.31843 0.3385 0.88545
vn -0.72837 -0.68518 0
vn -0.31843 0.3385 0.88545
vn 0.72837 0.68518 -0
vn 0.72835 0.6852 -1E-05
vn -0.7284 -0.68515 -2E-05
vn -0.45437 0.48301 0.7485
vn -0.68019 0.72306 0.1205
vn -0.45436 0.483 0.74851
vn 0.45435 -0.483 0.74852
vn 0.45435 -0.483 0.74851
vn -0.72837 -0.68518 -1E-05
vn -0.72839 -0.68517 1E-05
vn -0.72838 -0.68518 -0
vn -0.72838 -0.68518 -0
vn -0.72836 -0.6852 -2E-05
vn 0.56387 -0.59943 0.5681
vn 0.56389 -0.59944 0.56806
vn 0.56389 -0.59943 -0.56808
vn -0.56389 0.59944 -0.56807
vn 0.72838 0.68517 -0
vn -0.45435 0.483 -0.74852
vn 0.72838 0.68517 -0
vn 0.72838 0.68517 -0
vn -0.56388 0.59944 -0.56808
vn -0.45435 0.483 -0.74851
vn 0.72837 0.68519 2E-05
vn 0.72839 0.68516 -3E-05
vn 0.72837 0.68518 2E-05
vn 0.72839 0.68517 -1E-05
vn 0.72838 0.68518 1E-05
vn 0.72837 0.68518 1E-05
vn 0.72837 0.68518 2E-05
vn -0.72838 -0.68518 -1E-05
vn -0.72839 -0.68517 1E-05
vn -0.72838 -0.68517 0
vn -0.72838 -0.68518 -1E-05
vn 0.72836 0.6852 -0
vn 0.72838 0.68518 0
vn -0.72838 -0.68518 -1E-05
vn -0.72838 -0.68518 -0
vn -0.72837 -0.68518 -2E-05
vn -0.72838 -0.68518 -0
vn -0.16396 0.17431 -0.97094
vn 0.72841 0.68515 1E-05
vn -0.16397 0.17431 -0.97094
vn -0.72836 -0.68519 -0
vn -0.72838 -0.68517 -1E-05
vn -0.72839 -0.68517 -0
vn -0.72837 -0.68518 -1E-05
vn -0.72837 -0.68518 -0
vn -0.72839 -0.68516 -0
vn -0.72838 -0.68518 -0
vn 0.72838 0.68518 0
vn -0.31842 0.3385 -0.88545
vn -0.45435 0.483 -0.74852
vn -0.45435 0.483 -0.74851
vn -0.31841 0.3385 -0.88546
vn 0.45436 -0.48301 -0.7485
vn 0.45436 -0.483 -0.74851
vn -0.72838 -0.68517 -2E-05
vn -0.72839 -0.68517 -4E-05
vn -0.72838 -0.68518 -0
vn -0.72837 -0.68519 4E-05
vn -0.72838 -0.68518 -0
vn -0.72838 -0.68517 -3E-05
vn -0.72836 -0.68519 6E-05
vn -0.72837 -0.68518 1E-05
vn -0.72839 -0.68516 -6E-05
vn -0.72837 -0.68518 1E-05
vn -0.72838 -0.68517 -1E-05
vn -0.72836 -0.6852 3E-05
vn -0.72839 -0.68516 -3E-05
vn 0.72837 0.68518 -1E-05
vn 0.72838 0.68517 2E-05
vn 0.72839 0.68517 4E-05
vn 0.72837 0.68518 -2E-05
vn 0.72838 0.68518 0
vn 0.72837 0.68518 -2E-05
vn 0.72837 0.68518 -1E-05
vn 0.72838 0.68517 1E-05
vn 0.72838 0.68518 1E-05
vn 0.72839 0.68516 3E-05
vn 0.72837 0.68519 0
vn 0.72835 0.68521 -0
vn 0.72838 0.68518 1E-05
vn 0.72838 0.68517 1E-05
vn -0.16397 0.17431 -0.97094
vn -0.16397 0.17431 -0.97094
vn -0.45435 0.48301 -0.74851
vn -0.72838 -0.68517 -1E-05
vn -0.72837 -0.68518 -0
vn -0.72836 -0.68519 -0
vn -0.72839 -0.68517 -0
vn -0.72838 -0.68518 -1E-05
vn -0.72838 -0.68518 -0
vn 0.68018 -0.72307 -0.12053
vn -0.72838 -0.68518 -0
vn -0.72838 -0.68518 1E-05
vn 0.72838 0.68518 0
vn 0.72838 0.68518 -1E-05
vn 0.72838 0.68518 1E-05
vn 0.72838 0.68518 -0
vn 0.72837 0.68518 3E-05
vn 0.64066 -0.68104 -0.35461
vn 0.56389 -0.59945 -0.56806
vn 0.64066 -0.68105 -0.35459
vn 0.56389 -0.59944 -0.56807
vn 0.72838 0.68518 0
vn -0.72839 -0.68517 0
vn -0.72837 -0.68518 -1E-05
vn -0.72836 -0.68519 -1E-05
vn -0.72838 -0.68518 -0
vn -0.72836 -0.68519 -1E-05
vn -0.72838 -0.68517 0
vn 0.16398 -0.17431 -0.97094
vn 0.72838 0.68517 -0
vn 0.72836 0.6852 1E-05
vn 0.72839 0.68517 0
vn 0.16398 -0.17431 -0.97094
vn 0.72838 0.68518 0
vn -0.72836 -0.6852 -1E-05
vn -0.72838 -0.68517 -0
vn -0.72838 -0.68518 -0
vn 0.45436 -0.48301 -0.7485
vn -0.72838 -0.68518 -1E-05
vn -0.72838 -0.68517 -2E-05
vn -0.72837 -0.68518 -0
vn -0.72838 -0.68518 -0
vn -0.72837 -0.68518 0
vn -0.72837 -0.68519 1E-05
vn 0.72838 0.68518 0
vn 0.72837 0.68518 -1E-05
vn 0.72839 0.68517 2E-05
vn 0.72838 0.68518 1E-05
vn 0.72838 0.68517 1E-05
vn 0.72836 0.68519 -1E-05
vn 0.72839 0.68517 1E-05
vn 0.72838 0.68518 0
vn 0.72838 0.68517 0
vn 0.72838 0.68517 1E-05
vn -0.72837 -0.68518 1E-05
vn -0.72838 -0.68518 -0
vn -0.7284 -0.68516 -3E-05
vn -0.72836 -0.68519 1E-05
vn -0.45434 0.48298 0.74853
vn -0.72838 -0.68517 -1E-05
vn -0.45435 0.48299 0.74852
vn 0.31842 -0.33849 0.88546
vn 0.31842 -0.3385 0.88545
vn 0.45433 -0.48298 0.74854
vn 0.45436 -0.483 0.74851
vn 0.72837 0.68518 -1E-05
vn -0.5639 0.59945 0.56805
vn -0.68019 0.72306 0.12055
vn -0.68018 0.72307 0.1205
vn -0.56389 0.59945 -0.56806
vn 0.72836 0.6852 2E-05
vn 0.72839 0.68516 -0
vn 0.72839 0.68517 -0
vn 0.72837 0.68518 0
vn 0.72837 0.68518 0
vn 0.72838 0.68518 0
vn 0.72838 0.68518 0
vn 0.7284 0.68515 -1E-05
vn 0.68018 -0.72307 -0.12055
vn -0.72838 -0.68518 -0
vn -0.72838 -0.68517 0
vn -0.72839 -0.68516 0
vn -0.72838 -0.68518 -0
vn -0.72838 -0.68517 -2E-05
vn -0.72838 -0.68518 -1E-05
vn -0.72837 -0.68518 0
vn -0.72838 -0.68518 -0
vn -0.72838 -0.68518 -2E-05
vn 0.72838 0.68518 1E-05
vn -0.72837 -0.68518 2E-05
vn -0.68257 0.7256 0.08715
vn -0.68257 0.72561 0.08715
vn 0.72837 0.68518 -2E-05
vn 0.72838 0.68518 0
vn 0.72838 0.68518 2E-05
vn 0.72838 0.68517 2E-05
vn 0.72838 0.68518 0
vn -0.72837 -0.68518 -0
vn 0.72837 0.68518 -0
vn 0.72838 0.68518 0
vn 0.56389 -0.59945 0.56806
vn 0.68018 -0.72307 0.12052
vn 0.5639 -0.59945 -0.56805
vn -0.72838 -0.68518 -2E-05
vn -0.72837 -0.68518 2E-05
vn -0.72837 -0.68518 2E-05
vn 0.72838 0.68518 -2E-05
vn 0.72838 0.68518 1E-05
vn -0.72838 -0.68518 -1E-05
vn 0.72838 0.68517 2E-05
vn -0.66183 0.70356 0.25881
vn -0.66183 0.70356 0.25881
vn -0.62098 0.66014 0.42261
vn -0.62098 0.66013 0.42261
vn 0.72838 0.68518 0
vn -0.72838 -0.68518 -0
vn -0.72838 -0.68518 -0
vn -0.72837 -0.68518 -2E-05
vn -0.72837 -0.68518 -1E-05
vn -0.72838 -0.68517 1E-05
vn -0.72839 -0.68517 4E-05
vn -0.72838 -0.68517 2E-05
vn 0.68019 -0.72306 -0.1205
vn 0.68018 -0.72306 -0.12055
vn 0.45437 -0.48302 -0.74849
vn 0.31842 -0.33849 -0.88546
vn 0.31842 -0.3385 -0.88545
vn 0.45436 -0.48301 -0.7485
vn -0.72838 -0.68518 -1E-05
vn 0.72838 0.68518 0
vn 0.72837 0.68518 2E-05
vn 0.72838 0.68517 -1E-05
vn 0.72838 0.68517 -1E-05
vn 0.72839 0.68516 0
vn 0.72838 0.68518 0
vn 0.72837 0.68518 3E-05
vn 0.72837 0.68518 2E-05
vn -0.45434 0.48299 -0.74853
vn -0.45433 0.48298 -0.74854
vn -0.72836 -0.68519 0
vn -0.72838 -0.68517 -0
vn -0.72837 -0.68518 -1E-05
vn -0.72838 -0.68518 -0
vn 0.72838 0.68518 0
vn 0.72836 0.68519 -2E-05
vn 0.72839 0.68517 2E-05
vn 0.72838 0.68518 0
vn 0.72841 0.68515 1E-05
vn 0.72836 0.6852 0
vn 0.72837 0.68518 -0
vn 0.72839 0.68517 0
vn -0.05972 0.06348 0.99619
vn -0.05972 0.06348 0.99619
vn -0.17734 0.18852 0.96592
vn -0.17734 0.18852 0.96592
vn -0.28957 0.30783 0.90631
vn -0.72838 -0.68518 -0
vn -0.72838 -0.68517 -0
vn -0.72836 -0.68519 1E-05
vn -0.72839 -0.68517 -1E-05
vn -0.72837 -0.68518 -0
vn -0.72839 -0.68517 -2E-05
vn 0.45435 -0.48298 -0.74853
vn 0.31843 -0.3385 -0.88545
vn 0.16399 -0.17432 -0.97094
vn 0.16398 -0.17431 -0.97094
vn 0.31843 -0.3385 -0.88545
vn 0.72838 0.68518 0
vn 0.72838 0.68517 0
vn 0.72836 0.68519 -0
vn 0.72839 0.68517 1E-05
vn 0.72837 0.68518 -0
vn 0.72838 0.68518 0
vn -0.72836 -0.68519 1E-05
vn -0.72839 -0.68517 -1E-05
vn -0.4845 0.51504 0.7071
vn -0.72838 -0.68518 -0
vn -0.72838 -0.68517 -1E-05
vn -0.72838 -0.68518 -1E-05
vn -0.72838 -0.68517 -2E-05
vn -0.72838 -0.68518 -0
vn -0.72838 -0.68518 -0
vn 0.72838 0.68518 0
vn 0.72838 0.68518 0
vn -0.56127 0.59666 0.57357
vn 0.72837 0.68518 -0
vn -0.4845 0.51504 0.7071
vn 0.72838 0.68518 0
vn 0.72838 0.68518 0
vn -0.39301 0.41778 0.81915
vn -0.39301 0.41778 0.81915
vn -0.72838 -0.68518 -0
vn 0.72838 0.68518 0
vn 0.72838 0.68518 1E-05
vn 0.72837 0.68518 1E-05
vn -0.48449 0.51504 -0.70711
vn -0.393 0.41778 -0.81916
vn -0.39299 0.41778 -0.81916
vn 0.72838 0.68518 0
vn 0.72839 0.68516 -1E-05
vn 0.72837 0.68519 3E-05
vn -0.72838 -0.68517 1E-05
vn -0.72838 -0.68518 -0
vn -0.72839 -0.68517 6E-05
vn -0.72838 -0.68518 -0
vn -0.72838 -0.68517 -0
vn 0.72837 0.68518 3E-05
vn -0.72836 -0.6852 -5E-05
vn -0.72838 -0.68518 -1E-05
vn 0.72839 0.68517 -1E-05
vn -0.56126 0.59665 -0.57358
vn -0.62098 0.66013 -0.42262
vn 0.72838 0.68518 0
vn 0.72838 0.68518 0
vn 0.72838 0.68518 1E-05
vn 0.72838 0.68518 1E-05
vn -0.56127 0.59665 -0.57358
vn 0.72836 0.6852 -1E-05
vn 0.72835 0.6852 -1E-05
vn 0.72839 0.68516 1E-05
vn 0.72838 0.68517 1E-05
vn 0.72839 0.68516 1E-05
vn 0.72838 0.68518 0
vn 0.72835 0.6852 -1E-05
vn 0.72837 0.68518 0
vn -0.64066 0.68105 0.35458
vn -0.64064 0.68104 0.35463
vn -0.16398 0.17432 0.97094
vn -0.45438 0.48302 0.74849
vn -0.31841 0.33849 0.88546
vn -0.45437 0.48301 0.7485
vn -0.5639 0.59944 0.56806
vn -0.56388 0.59943 0.56808
vn 0.16396 -0.17431 0.97094
vn -0.72838 -0.68518 -0
vn -0.72836 -0.6852 -3E-05
vn 0.45435 -0.48299 0.74852
vn 0.56389 -0.59944 0.56807
vn 0.16397 -0.17431 0.97094
vn 0.3184 -0.33848 0.88547
vn 0.31841 -0.33849 0.88546
vn 0.68018 -0.72306 0.12057
vn -0.66183 0.70355 -0.25882
vn 0.72838 0.68517 -1E-05
vn 0.72838 0.68518 0
vn -0.66183 0.70356 -0.25883
vn 0.72838 0.68518 0
vn -0.72838 -0.68518 -1E-05
vn -0.72838 -0.68518 -0
vn -0.72838 -0.68518 -1E-05
vn -0.72838 -0.68518 -0
vn -0.72837 -0.68518 -3E-05
vn -0.72838 -0.68517 1E-05
vn 0.72837 0.68518 1E-05
vn 0.72838 0.68518 0
vn 0.72838 0.68518 0
vn 0.72838 0.68518 0
vn 0.72838 0.68518 -1E-05
vn -0.68257 0.72561 -0.08716
vn -0.64065 0.68103 -0.35464
vn -0.56389 0.59944 -0.56807
vn -0.56388 0.59943 -0.56809
vn -0.3184 0.33848 -0.88547
vn -0.45437 0.48302 -0.74849
vn -0.45436 0.48301 -0.74851
vn 0.16398 -0.17431 -0.97094
vn 0.72839 0.68516 -0
vn 0.72839 0.68516 -0
vn 0.72838 0.68517 0
vn 0.72836 0.6852 2E-05
vn 0.72835 0.6852 2E-05
vn 0.72835 0.6852 2E-05
vn 0.72837 0.68518 1E-05
vn 0.72838 0.68518 1E-05
vn 0.68018 -0.72306 -0.12055
vn 0.45436 -0.483 -0.74851
vn 0.31841 -0.33848 -0.88546
vn 0.45437 -0.48301 -0.7485
vn 0.5639 -0.59944 -0.56806
vn -0.72838 -0.68518 -0
vn -0.72836 -0.6852 2E-05
vn -0.72838 -0.68518 -1E-05
vn -0.72838 -0.68518 -0
vn -0.72838 -0.68517 -2E-05
vn -0.72838 -0.68518 -0
vn -0.72837 -0.68518 2E-05
vn 0.72837 0.68518 -0
vn 0.72838 0.68518 0
vn 0.72838 0.68518 0
vn 0.72838 0.68518 2E-05
vn 0.72838 0.68518 1E-05
vn -0.68257 0.72561 0.08714
vn -0.66184 0.70355 0.25882
vn 0.72838 0.68517 2E-05
vn -0.72838 -0.68518 -0
vn 0.72838 0.68518 0
vn 0.72838 0.68518 0
vn 0.72837 0.68519 -2E-05
vn 0.72839 0.68517 2E-05
vn 0.72838 0.68518 0
vn 0.72838 0.68518 0
vn 0.72838 0.68518 0
vn 0.72837 0.68518 -2E-05
vn -0.72838 -0.68517 -2E-05
vn -0.72838 -0.68518 -0
vn -0.72839 -0.68517 -6E-05
vn -0.72836 -0.6852 4E-05
vn -0.72838 -0.68517 -1E-05
vn -0.72838 -0.68518 -0
vn -0.72838 -0.68518 -0
vn 0.72838 0.68518 0
vn -0.62099 0.66013 0.42261
vn -0.56127 0.59666 0.57357
vn -0.56127 0.59665 0.57357
vn -0.72838 -0.68518 -0
vn -0.4845 0.51504 0.7071
vn -0.39301 0.41778 0.81915
vn 0.72838 0.68518 0
vn 0.72839 0.68516 1E-05
vn 0.72837 0.68518 -0
vn 0.72838 0.68518 0
vn 0.72838 0.68518 0
f 1//1 2//1 3//1
f 1//2 4//2 5//2
f 1//2 3//2 4//2
f 6//3 5//3 4//3
f 7//4 8//4 4//4
f 3//4 7//4 4//4
f 9//1 10//1 7//1
f 11//3 12//3 8//3
f 8//3 12//3 4//3
f 12//3 13//3 4//3
f 13//3 14//3 4//3
f 14//3 6//3 4//3
f 15//1 9//1 3//1
f 16//1 15//1 3//1
f 2//1 16//1 3//1
f 9//1 7//1 3//1
f 5//5 17//5 18//5
f 5//5 18//5 1//5
f 18//1 19//1 1//1
f 20//1 19//1 18//1
f 19//1 21//1 1//1
f 18//1 22//1 23//1
f 21//1 2//1 1//1
f 23//1 20//1 18//1
f 24//3 25//3 17//3
f 6//3 26//3 5//3
f 26//3 27//3 5//3
f 27//3 24//3 17//3
f 27//3 17//3 5//3
f 28//3 17//3 25//3
f 14//6 2//6 6//6
f 13//7 16//7 14//7
f 15//7 16//7 13//7
f 16//6 2//6 14//6
f 6//8 21//8 26//8
f 9//9 15//9 12//9
f 2//8 21//8 6//8
f 12//9 15//9 13//9
f 21//10 19//10 26//10
f 26//10 19//10 27//10
f 27//11 20//11 24//11
f 20//12 23//12 24//12
f 19//11 20//11 27//11
f 24//12 23//12 25//12
f 7//1 29//1 30//1
f 31//3 8//3 32//3
f 7//13 32//13 8//13
f 7//13 30//13 32//13
f 30//14 33//14 32//14
f 30//14 34//14 33//14
f 35//1 36//1 34//1
f 37//3 38//3 32//3
f 39//1 35//1 30//1
f 40//3 31//3 32//3
f 30//1 35//1 34//1
f 41//1 39//1 30//1
f 37//3 32//3 33//3
f 38//3 40//3 32//3
f 29//1 41//1 30//1
f 42//3 37//3 33//3
f 31//3 11//3 8//3
f 10//1 29//1 7//1
f 11//15 9//15 12//15
f 10//15 9//15 11//15
f 43//16 10//16 11//16
f 44//16 10//16 43//16
f 45//17 46//17 47//17
f 48//18 49//18 50//18
f 50//18 49//18 45//18
f 51//19 48//19 52//19
f 52//19 48//19 50//19
f 49//17 46//17 45//17
f 47//20 44//20 43//20
f 46//20 44//20 47//20
f 41//11 29//11 40//11
f 31//12 53//12 54//12
f 40//11 29//11 31//11
f 53//21 55//21 54//21
f 29//12 53//12 31//12
f 54//21 55//21 56//21
f 49//1 55//1 46//1
f 46//1 55//1 53//1
f 46//1 53//1 44//1
f 57//1 58//1 48//1
f 48//1 59//1 49//1
f 48//1 58//1 59//1
f 49//1 59//1 55//1
f 44//1 29//1 10//1
f 53//1 29//1 44//1
f 60//3 50//3 61//3
f 60//3 62//3 50//3
f 56//3 47//3 54//3
f 31//3 54//3 43//3
f 31//3 43//3 11//3
f 56//3 45//3 47//3
f 61//3 50//3 45//3
f 61//3 45//3 56//3
f 54//3 47//3 43//3
f 63//1 64//1 65//1
f 66//22 63//22 65//22
f 66//22 67//22 63//22
f 17//23 65//23 18//23
f 68//3 67//3 66//3
f 17//23 66//23 65//23
f 65//1 69//1 22//1
f 28//3 66//3 17//3
f 23//24 22//24 25//24
f 65//1 22//1 18//1
f 70//3 66//3 28//3
f 25//24 22//24 28//24
f 71//1 72//1 73//1
f 64//1 74//1 69//1
f 70//3 68//3 66//3
f 64//1 69//1 65//1
f 75//3 76//3 77//3
f 75//3 78//3 76//3
f 73//1 74//1 64//1
f 73//1 72//1 74//1
f 77//3 68//3 70//3
f 77//3 76//3 68//3
f 67//25 79//25 80//25
f 67//25 80//25 63//25
f 81//1 82//1 63//1
f 83//3 84//3 67//3
f 85//3 86//3 79//3
f 84//3 85//3 67//3
f 85//3 79//3 67//3
f 82//1 87//1 63//1
f 87//1 64//1 63//1
f 88//1 81//1 80//1
f 68//3 83//3 67//3
f 80//1 81//1 63//1
f 79//26 89//26 80//26
f 79//26 90//26 89//26
f 89//1 91//1 80//1
f 86//3 92//3 79//3
f 89//1 93//1 94//1
f 95//3 90//3 92//3
f 89//1 96//1 93//1
f 89//1 94//1 91//1
f 91//1 88//1 80//1
f 97//3 90//3 95//3
f 98//3 90//3 97//3
f 92//3 90//3 79//3
f 88//12 91//12 86//12
f 86//12 91//12 92//12
f 81//27 88//27 85//27
f 85//27 88//27 86//27
f 84//10 81//10 85//10
f 82//10 81//10 84//10
f 87//8 82//8 83//8
f 68//28 87//28 83//28
f 64//28 87//28 68//28
f 83//8 82//8 84//8
f 73//7 64//7 76//7
f 99//15 71//15 78//15
f 100//15 71//15 99//15
f 71//9 73//9 78//9
f 78//9 73//9 76//9
f 76//7 64//7 68//7
f 95//29 93//29 97//29
f 94//29 93//29 95//29
f 97//30 96//30 98//30
f 93//30 96//30 97//30
f 98//31 101//31 102//31
f 96//31 101//31 98//31
f 101//32 103//32 102//32
f 102//32 103//32 104//32
f 91//24 94//24 92//24
f 92//24 94//24 95//24
f 104//33 103//33 105//33
f 103//33 106//33 105//33
f 105//34 107//34 108//34
f 106//34 107//34 105//34
f 108//35 109//35 110//35
f 107//35 109//35 108//35
f 111//33 112//33 113//33
f 72//36 111//36 75//36
f 28//37 69//37 70//37
f 22//38 69//38 28//38
f 70//39 74//39 77//39
f 69//39 74//39 70//39
f 75//36 111//36 114//36
f 114//33 111//33 113//33
f 74//40 72//40 77//40
f 77//40 72//40 75//40
f 115//41 116//41 117//41
f 117//41 116//41 118//41
f 118//42 119//42 120//42
f 116//42 119//42 118//42
f 119//43 51//43 120//43
f 120//43 51//43 52//43
f 121//44 115//44 122//44
f 122//44 115//44 117//44
f 123//45 121//45 122//45
f 124//45 121//45 123//45
f 113//34 125//34 126//34
f 112//34 125//34 113//34
f 126//35 124//35 123//35
f 125//35 124//35 126//35
f 127//1 112//1 100//1
f 100//1 112//1 111//1
f 113//3 128//3 99//3
f 114//3 78//3 75//3
f 113//3 99//3 114//3
f 100//1 111//1 71//1
f 71//1 111//1 72//1
f 114//3 99//3 78//3
f 124//1 129//1 121//1
f 112//1 130//1 125//1
f 131//3 128//3 113//3
f 131//3 113//3 126//3
f 130//1 129//1 125//1
f 132//3 131//3 126//3
f 132//3 123//3 122//3
f 132//3 126//3 123//3
f 127//1 130//1 112//1
f 125//1 129//1 124//1
f 115//1 133//1 116//1
f 116//1 134//1 119//1
f 134//1 57//1 51//1
f 51//1 57//1 48//1
f 133//1 134//1 116//1
f 119//1 134//1 51//1
f 135//3 120//3 52//3
f 135//3 118//3 120//3
f 62//3 135//3 52//3
f 62//3 52//3 50//3
f 135//3 136//3 118//3
f 136//3 117//3 118//3
f 57//46 134//46 62//46
f 62//46 134//46 135//46
f 136//47 129//47 132//47
f 133//47 129//47 136//47
f 136//3 132//3 122//3
f 135//48 133//48 136//48
f 134//48 133//48 135//48
f 121//1 133//1 115//1
f 129//1 133//1 121//1
f 136//3 122//3 117//3
f 137//1 130//1 138//1
f 138//1 130//1 127//1
f 139//49 137//49 140//49
f 141//50 142//50 139//50
f 142//49 137//49 139//49
f 127//16 100//16 128//16
f 128//16 100//16 99//16
f 138//20 127//20 143//20
f 143//20 127//20 128//20
f 137//51 138//51 140//51
f 140//51 138//51 143//51
f 144//50 142//50 141//50
f 131//3 140//3 143//3
f 131//3 143//3 128//3
f 145//42 146//42 147//42
f 148//42 146//42 145//42
f 149//44 150//44 151//44
f 151//44 150//44 152//44
f 150//52 148//52 152//52
f 109//53 149//53 110//53
f 110//53 149//53 151//53
f 152//54 148//54 145//54
f 146//43 144//43 147//43
f 147//43 144//43 141//43
f 131//3 153//3 140//3
f 131//12 154//12 153//12
f 154//1 130//1 137//1
f 129//55 130//55 132//55
f 132//55 130//55 131//55
f 130//12 154//12 131//12
f 149//1 155//1 150//1
f 150//1 155//1 156//1
f 144//1 154//1 142//1
f 142//1 154//1 137//1
f 150//1 156//1 148//1
f 144//1 156//1 154//1
f 146//1 156//1 144//1
f 148//1 156//1 146//1
f 157//3 147//3 141//3
f 153//3 141//3 139//3
f 157//3 152//3 145//3
f 157//3 145//3 147//3
f 153//3 139//3 140//3
f 157//3 141//3 153//3
f 158//3 151//3 152//3
f 158//3 152//3 157//3
f 153//56 156//56 157//56
f 157//57 155//57 158//57
f 154//56 156//56 153//56
f 156//57 155//57 157//57
f 34//58 159//58 160//58
f 160//3 161//3 33//3
f 34//58 160//58 33//58
f 162//1 159//1 163//1
f 163//1 159//1 34//1
f 164//1 159//1 165//1
f 160//3 166//3 167//3
f 160//3 167//3 168//3
f 160//3 168//3 161//3
f 165//1 159//1 162//1
f 36//1 163//1 34//1
f 163//7 36//7 161//7
f 161//7 36//7 42//7
f 162//59 163//59 168//59
f 168//59 163//59 161//59
f 161//3 42//3 33//3
f 165//15 162//15 167//15
f 167//15 162//15 168//15
f 159//60 169//60 170//60
f 159//60 170//60 160//60
f 169//61 171//61 170//61
f 169//61 172//61 171//61
f 173//1 172//1 169//1
f 174//1 172//1 173//1
f 175//1 169//1 164//1
f 176//1 172//1 174//1
f 173//1 169//1 175//1
f 164//1 169//1 159//1
f 171//3 177//3 170//3
f 171//3 178//3 179//3
f 171//3 179//3 177//3
f 170//3 166//3 160//3
f 170//3 180//3 166//3
f 170//3 177//3 180//3
f 42//62 35//62 37//62
f 39//63 41//63 38//63
f 36//62 35//62 42//62
f 37//8 39//8 38//8
f 35//8 39//8 37//8
f 55//29 59//29 56//29
f 38//63 41//63 40//63
f 56//29 59//29 61//29
f 166//64 165//64 167//64
f 175//65 164//65 180//65
f 179//66 173//66 177//66
f 174//66 173//66 179//66
f 177//67 175//67 180//67
f 164//64 165//64 166//64
f 173//67 175//67 177//67
f 180//65 164//65 166//65
f 181//68 182//68 183//68
f 184//50 174//50 179//50
f 182//69 185//69 183//69
f 185//50 174//50 184//50
f 186//54 187//54 181//54
f 188//54 187//54 186//54
f 187//68 182//68 181//68
f 183//69 185//69 184//69
f 189//70 190//70 191//70
f 191//33 190//33 192//33
f 193//70 190//70 189//70
f 58//31 193//31 60//31
f 61//30 58//30 60//30
f 190//33 194//33 192//33
f 60//31 193//31 189//31
f 59//30 58//30 61//30
f 57//1 190//1 193//1
f 195//3 62//3 191//3
f 191//3 62//3 189//3
f 192//3 195//3 191//3
f 57//1 196//1 190//1
f 196//1 194//1 190//1
f 57//1 193//1 58//1
f 189//3 62//3 60//3
f 196//1 197//1 194//1
f 198//1 199//1 200//1
f 200//1 199//1 188//1
f 196//1 199//1 197//1
f 197//1 199//1 198//1
f 194//71 197//71 192//71
f 192//71 197//71 201//71
f 201//35 198//35 202//35
f 197//35 198//35 201//35
f 198//45 200//45 202//45
f 203//44 188//44 186//44
f 200//44 188//44 203//44
f 202//45 200//45 203//45
f 204//3 202//3 203//3
f 201//3 195//3 192//3
f 204//3 195//3 201//3
f 204//3 201//3 202//3
f 204//3 203//3 186//3
f 205//1 206//1 187//1
f 187//1 206//1 182//1
f 182//1 207//1 185//1
f 208//1 176//1 174//1
f 206//1 207//1 182//1
f 185//1 208//1 174//1
f 207//1 208//1 185//1
f 178//3 209//3 179//3
f 209//3 184//3 179//3
f 209//3 210//3 184//3
f 210//3 183//3 184//3
f 210//3 211//3 183//3
f 211//3 212//3 181//3
f 211//3 181//3 183//3
f 213//3 186//3 181//3
f 213//3 204//3 186//3
f 212//3 213//3 181//3
f 214//3 213//3 212//3
f 188//1 215//1 187//1
f 215//1 205//1 187//1
f 215//1 216//1 205//1
f 199//1 215//1 188//1
f 172//72 217//72 218//72
f 172//72 218//72 171//72
f 217//73 219//73 218//73
f 217//73 220//73 219//73
f 221//3 222//3 171//3
f 176//1 223//1 172//1
f 222//3 178//3 171//3
f 223//1 224//1 172//1
f 225//1 217//1 226//1
f 226//1 217//1 224//1
f 224//1 217//1 172//1
f 218//3 221//3 171//3
f 218//3 227//3 228//3
f 218//3 228//3 221//3
f 229//1 220//1 230//1
f 231//1 220//1 229//1
f 219//3 232//3 227//3
f 219//3 233//3 232//3
f 219//3 234//3 233//3
f 219//3 235//3 234//3
f 236//1 220//1 231//1
f 225//1 220//1 217//1
f 219//3 227//3 218//3
f 230//1 220//1 225//1
f 221//7 223//7 222//7
f 178//8 208//8 209//8
f 176//8 208//8 178//8
f 223//74 176//74 222//74
f 222//74 176//74 178//74
f 208//63 207//63 209//63
f 224//7 223//7 221//7
f 209//63 207//63 210//63
f 210//11 206//11 211//11
f 206//12 205//12 211//12
f 207//11 206//11 210//11
f 211//12 205//12 212//12
f 226//75 224//75 228//75
f 228//75 224//75 221//75
f 225//15 226//15 227//15
f 227//15 226//15 228//15
f 230//76 225//76 232//76
f 232//76 225//76 227//76
f 237//40 238//40 239//40
f 240//40 238//40 237//40
f 241//39 240//39 242//39
f 242//39 240//39 237//39
f 239//36 243//36 244//36
f 238//36 243//36 239//36
f 216//77 241//77 214//77
f 214//77 241//77 242//77
f 205//78 216//78 212//78
f 212//78 216//78 214//78
f 245//35 246//35 247//35
f 247//35 246//35 248//35
f 249//71 245//71 250//71
f 250//71 245//71 247//71
f 248//79 251//79 252//79
f 246//79 251//79 248//79
f 243//33 249//33 250//33
f 244//33 243//33 250//33
f 253//1 220//1 236//1
f 219//3 254//3 235//3
f 229//20 230//20 233//20
f 233//20 230//20 232//20
f 231//51 229//51 234//51
f 234//51 229//51 233//51
f 255//1 220//1 253//1
f 253//80 236//80 254//80
f 235//18 231//18 234//18
f 236//18 231//18 235//18
f 254//80 236//80 235//80
f 256//43 253//43 257//43
f 257//43 253//43 254//43
f 258//68 256//68 259//68
f 259//68 256//68 257//68
f 260//81 258//81 259//81
f 261//81 258//81 260//81
f 251//44 261//44 252//44
f 252//44 261//44 260//44
f 219//3 262//3 254//3
f 213//15 199//15 204//15
f 215//15 199//15 213//15
f 204//82 196//82 195//82
f 196//7 57//7 195//7
f 195//7 57//7 62//7
f 199//82 196//82 204//82
f 263//1 216//1 215//1
f 263//1 241//1 216//1
f 263//1 240//1 241//1
f 263//83 215//83 264//83
f 264//83 215//83 213//83
f 265//84 263//84 266//84
f 266//84 263//84 264//84
f 237//3 264//3 242//3
f 237//3 266//3 264//3
f 242//3 264//3 214//3
f 214//3 264//3 213//3
f 265//1 249//1 243//1
f 267//1 249//1 265//1
f 265//1 243//1 238//1
f 265//1 238//1 263//1
f 263//1 238//1 240//1
f 267//1 245//1 249//1
f 239//3 266//3 237//3
f 244//3 266//3 239//3
f 247//3 268//3 250//3
f 250//3 266//3 244//3
f 250//3 268//3 266//3
f 269//3 270//3 268//3
f 267//85 265//85 268//85
f 268//85 265//85 266//85
f 271//86 267//86 270//86
f 270//87 267//87 268//87
f 271//1 272//1 267//1
f 267//1 273//1 245//1
f 245//1 273//1 246//1
f 273//1 274//1 246//1
f 246//1 274//1 251//1
f 261//1 275//1 258//1
f 274//1 276//1 251//1
f 276//1 275//1 261//1
f 258//1 277//1 256//1
f 275//1 277//1 258//1
f 251//1 276//1 261//1
f 277//1 255//1 256//1
f 256//1 255//1 253//1
f 278//3 248//3 252//3
f 278//3 279//3 248//3
f 279//3 268//3 247//3
f 279//3 247//3 248//3
f 280//3 260//3 259//3
f 262//3 281//3 257//3
f 282//3 278//3 252//3
f 282//3 252//3 260//3
f 280//3 282//3 260//3
f 281//3 259//3 257//3
f 262//3 257//3 254//3
f 281//3 280//3 259//3
f 283//3 284//3 270//3
f 269//3 283//3 270//3
f 284//3 285//3 270//3
f 286//1 272//1 271//1
f 279//3 269//3 268//3
f 272//1 273//1 267//1
f 287//1 286//1 271//1
f 288//1 287//1 271//1
f 278//62 273//62 279//62
f 273//8 272//8 279//8
f 269//88 286//88 283//88
f 283//11 287//11 284//11
f 279//8 272//8 269//8
f 272//88 286//88 269//88
f 286//11 287//11 283//11
f 274//62 273//62 278//62
f 280//9 276//9 282//9
f 275//9 276//9 280//9
f 282//7 274//7 278//7
f 276//7 274//7 282//7
f 289//1 288//1 271//1
f 290//1 291//1 292//1
f 290//1 292//1 289//1
f 289//1 292//1 293//1
f 289//1 293//1 288//1
f 294//3 295//3 296//3
f 285//3 296//3 270//3
f 294//3 296//3 297//3
f 298//3 295//3 294//3
f 297//3 296//3 285//3
f 289//89 271//89 296//89
f 296//89 271//89 270//89
f 290//90 289//90 295//90
f 295//90 289//90 296//90
f 299//91 290//91 300//91
f 300//91 290//91 295//91
f 301//92 299//92 300//92
f 302//92 299//92 301//92
f 303//1 304//1 290//1
f 299//1 303//1 290//1
f 305//3 306//3 295//3
f 306//3 300//3 295//3
f 288//93 293//93 285//93
f 307//3 295//3 298//3
f 285//93 293//93 297//93
f 287//12 288//12 284//12
f 290//1 308//1 291//1
f 284//12 288//12 285//12
f 292//30 291//30 294//30
f 309//33 310//33 311//33
f 294//30 291//30 298//30
f 293//94 292//94 297//94
f 298//95 308//95 307//95
f 297//94 292//94 294//94
f 291//95 308//95 298//95
f 308//70 309//70 307//70
f 307//70 309//70 312//70
f 312//33 309//33 311//33
f 304//1 309//1 308//1
f 313//1 309//1 304//1
f 314//1 315//1 316//1
f 304//1 308//1 290//1
f 313//1 310//1 309//1
f 316//1 310//1 313//1
f 316//1 315//1 310//1
f 311//3 317//3 318//3
f 319//3 317//3 311//3
f 319//3 320//3 317//3
f 311//3 318//3 312//3
f 312//3 318//3 305//3
f 312//3 305//3 307//3
f 307//3 305//3 295//3
f 321//1 96//1 89//1
f 321//1 101//1 96//1
f 90//96 322//96 321//96
f 90//96 321//96 89//96
f 102//3 322//3 98//3
f 322//97 323//97 324//97
f 322//97 324//97 321//97
f 98//3 322//3 90//3
f 324//1 106//1 103//1
f 325//3 323//3 105//3
f 321//1 103//1 101//1
f 104//3 323//3 322//3
f 104//3 322//3 102//3
f 324//1 103//1 321//1
f 105//3 323//3 104//3
f 324//1 326//1 106//1
f 323//98 327//98 328//98
f 323//98 328//98 324//98
f 329//3 327//3 330//3
f 328//1 331//1 332//1
f 333//3 330//3 323//3
f 334//1 326//1 324//1
f 330//3 327//3 323//3
f 335//1 334//1 324//1
f 336//3 327//3 329//3
f 325//3 333//3 323//3
f 328//1 332//1 335//1
f 328//1 335//1 324//1
f 337//1 331//1 328//1
f 327//99 338//99 337//99
f 327//99 337//99 328//99
f 336//3 338//3 327//3
f 106//1 339//1 107//1
f 326//1 339//1 106//1
f 339//1 340//1 107//1
f 107//1 340//1 109//1
f 109//1 341//1 149//1
f 341//1 342//1 149//1
f 340//1 341//1 109//1
f 342//1 155//1 149//1
f 343//3 344//3 151//3
f 158//3 343//3 151//3
f 345//3 325//3 105//3
f 344//3 110//3 151//3
f 345//3 105//3 108//3
f 344//3 346//3 110//3
f 346//3 108//3 110//3
f 346//3 345//3 108//3
f 345//63 326//63 325//63
f 339//63 326//63 345//63
f 325//100 334//100 333//100
f 326//100 334//100 325//100
f 340//101 339//101 346//101
f 346//101 339//101 345//101
f 341//28 340//28 344//28
f 344//28 340//28 346//28
f 342//102 341//102 343//102
f 343//102 341//102 344//102
f 347//75 342//75 348//75
f 348//75 342//75 343//75
f 158//3 348//3 343//3
f 349//3 350//3 348//3
f 347//1 351//1 155//1
f 349//3 352//3 350//3
f 349//3 348//3 158//3
f 353//1 351//1 347//1
f 354//1 351//1 353//1
f 347//1 155//1 342//1
f 158//103 351//103 349//103
f 354//1 355//1 351//1
f 155//103 351//103 158//103
f 351//104 355//104 349//104
f 356//3 352//3 349//3
f 349//104 355//104 356//104
f 352//16 353//16 350//16
f 354//16 353//16 352//16
f 350//15 347//15 348//15
f 353//15 347//15 350//15
f 357//105 358//105 359//105
f 359//105 358//105 360//105
f 361//19 357//19 362//19
f 362//19 357//19 359//19
f 363//20 354//20 364//20
f 364//20 354//20 352//20
f 358//51 363//51 360//51
f 360//51 363//51 364//51
f 365//3 359//3 356//3
f 363//1 355//1 354//1
f 357//1 366//1 355//1
f 361//1 366//1 357//1
f 358//1 355//1 363//1
f 357//1 355//1 358//1
f 365//3 362//3 359//3
f 356//3 364//3 352//3
f 356//3 360//3 364//3
f 356//3 359//3 360//3
f 329//38 331//38 336//38
f 335//93 332//93 330//93
f 330//93 332//93 329//93
f 332//37 331//37 329//37
f 334//106 335//106 333//106
f 333//106 335//106 330//106
f 367//33 368//33 369//33
f 370//40 371//40 372//40
f 373//36 368//36 367//36
f 372//40 371//40 373//40
f 371//36 368//36 373//36
f 331//39 370//39 336//39
f 368//33 374//33 369//33
f 336//39 370//39 372//39
f 373//3 338//3 372//3
f 337//1 371//1 370//1
f 367//3 338//3 373//3
f 369//3 338//3 367//3
f 375//3 338//3 369//3
f 372//3 338//3 336//3
f 337//1 368//1 371//1
f 337//1 370//1 331//1
f 337//1 374//1 368//1
f 337//1 376//1 374//1
f 377//107 361//107 362//107
f 378//108 379//108 380//108
f 380//108 379//108 377//108
f 381//54 378//54 380//54
f 379//107 361//107 377//107
f 382//54 378//54 381//54
f 375//109 383//109 384//109
f 385//110 382//110 386//110
f 374//34 376//34 369//34
f 376//109 383//109 375//109
f 369//34 376//34 375//34
f 384//79 385//79 386//79
f 383//79 385//79 384//79
f 386//110 382//110 381//110
f 337//1 387//1 388//1
f 389//3 338//3 375//3
f 390//3 338//3 389//3
f 391//3 338//3 390//3
f 337//1 392//1 376//1
f 337//1 388//1 392//1
f 393//3 362//3 365//3
f 355//111 366//111 356//111
f 356//111 366//111 365//111
f 361//1 394//1 366//1
f 395//3 365//3 396//3
f 395//3 393//3 365//3
f 366//1 397//1 398//1
f 365//33 398//33 396//33
f 394//1 397//1 366//1
f 399//3 395//3 396//3
f 397//1 400//1 398//1
f 400//1 401//1 398//1
f 366//33 398//33 365//33
f 402//3 399//3 396//3
f 403//1 404//1 405//1
f 403//1 406//1 404//1
f 407//3 408//3 409//3
f 409//3 410//3 396//3
f 405//1 404//1 398//1
f 409//3 408//3 410//3
f 410//3 402//3 396//3
f 401//1 405//1 398//1
f 396//112 404//112 409//112
f 398//112 404//112 396//112
f 404//35 411//35 412//35
f 412//113 413//113 414//113
f 412//3 415//3 416//3
f 411//113 413//113 412//113
f 409//35 404//35 412//35
f 406//1 411//1 404//1
f 417//1 411//1 406//1
f 418//1 411//1 417//1
f 412//3 407//3 409//3
f 412//3 416//3 407//3
f 379//1 394//1 361//1
f 419//1 394//1 379//1
f 420//1 419//1 378//1
f 378//1 419//1 379//1
f 382//1 420//1 378//1
f 385//1 421//1 422//1
f 383//1 392//1 421//1
f 385//1 422//1 382//1
f 382//1 422//1 420//1
f 376//1 392//1 383//1
f 383//1 421//1 385//1
f 423//3 381//3 380//3
f 424//3 380//3 377//3
f 393//3 424//3 377//3
f 393//3 377//3 362//3
f 424//3 423//3 380//3
f 425//3 384//3 386//3
f 425//3 386//3 426//3
f 389//3 375//3 384//3
f 426//3 381//3 423//3
f 426//3 386//3 381//3
f 389//3 384//3 425//3
f 420//24 422//24 423//24
f 423//24 422//24 426//24
f 419//12 420//12 424//12
f 424//12 420//12 423//12
f 394//11 419//11 393//11
f 393//11 419//11 424//11
f 403//9 405//9 408//9
f 410//7 401//7 402//7
f 405//7 401//7 410//7
f 402//28 400//28 399//28
f 397//63 394//63 395//63
f 395//63 394//63 393//63
f 400//114 397//114 399//114
f 399//114 397//114 395//114
f 401//28 400//28 402//28
f 408//9 405//9 410//9
f 406//15 403//15 407//15
f 407//15 403//15 408//15
f 416//115 406//115 407//115
f 417//115 406//115 416//115
f 427//67 418//67 415//67
f 418//65 417//65 415//65
f 428//116 429//116 430//116
f 429//67 418//67 427//67
f 430//117 429//117 427//117
f 431//19 428//19 432//19
f 415//65 417//65 416//65
f 432//19 428//19 430//19
f 426//37 421//37 425//37
f 422//37 421//37 426//37
f 387//33 433//33 434//33
f 388//70 387//70 390//70
f 390//70 387//70 391//70
f 391//33 387//33 434//33
f 392//31 388//31 389//31
f 389//31 388//31 390//31
f 421//30 392//30 425//30
f 425//30 392//30 389//30
f 435//42 436//42 437//42
f 438//54 439//54 435//54
f 440//54 439//54 438//54
f 436//43 431//43 437//43
f 437//43 431//43 432//43
f 439//42 436//42 435//42
f 441//110 440//110 438//110
f 442//35 443//35 444//35
f 445//45 446//45 441//45
f 443//45 446//45 445//45
f 446//110 440//110 441//110
f 434//71 442//71 444//71
f 433//71 442//71 434//71
f 444//35 443//35 445//35
f 447//3 414//3 301//3
f 413//1 448//1 302//1
f 414//118 302//118 301//118
f 413//118 302//118 414//118
f 449//3 301//3 300//3
f 450//1 451//1 302//1
f 449//3 452//3 301//3
f 302//1 451//1 299//1
f 451//1 453//1 299//1
f 454//3 449//3 300//3
f 306//3 454//3 300//3
f 453//1 303//1 299//1
f 452//3 447//3 301//3
f 448//1 450//1 302//1
f 455//1 448//1 413//1
f 456//1 455//1 413//1
f 411//1 457//1 456//1
f 411//1 456//1 413//1
f 455//12 456//12 458//12
f 447//3 458//3 414//3
f 459//3 412//3 414//3
f 459//93 457//93 460//93
f 460//3 412//3 459//3
f 458//12 456//12 459//12
f 456//93 457//93 459//93
f 458//3 459//3 414//3
f 448//11 455//11 447//11
f 447//11 455//11 458//11
f 305//9 303//9 306//9
f 450//63 448//63 452//63
f 304//9 303//9 305//9
f 306//7 453//7 454//7
f 452//63 448//63 447//63
f 303//7 453//7 306//7
f 451//101 450//101 449//101
f 449//101 450//101 452//101
f 453//62 451//62 454//62
f 454//62 451//62 449//62
f 461//119 462//119 463//119
f 316//115 313//115 317//115
f 317//115 313//115 318//115
f 463//67 314//67 320//67
f 462//67 314//67 463//67
f 320//65 316//65 317//65
f 314//65 316//65 320//65
f 313//15 304//15 318//15
f 318//15 304//15 305//15
f 464//105 462//105 461//105
f 465//42 466//42 467//42
f 468//42 466//42 465//42
f 467//43 469//43 470//43
f 466//43 469//43 467//43
f 470//80 464//80 461//80
f 469//80 464//80 470//80
f 460//3 415//3 412//3
f 460//3 427//3 415//3
f 471//3 427//3 460//3
f 418//1 457//1 411//1
f 460//37 472//37 471//37
f 457//37 472//37 460//37
f 429//1 457//1 418//1
f 429//1 472//1 457//1
f 428//1 473//1 472//1
f 431//1 474//1 473//1
f 431//1 473//1 428//1
f 428//1 472//1 429//1
f 446//1 475//1 440//1
f 436//1 476//1 474//1
f 440//1 475//1 477//1
f 439//1 476//1 436//1
f 440//1 477//1 439//1
f 436//1 474//1 431//1
f 439//1 477//1 476//1
f 478//3 437//3 479//3
f 479//3 432//3 480//3
f 478//3 435//3 437//3
f 471//3 430//3 427//3
f 481//3 435//3 478//3
f 481//3 438//3 435//3
f 480//3 430//3 471//3
f 480//3 432//3 430//3
f 482//3 438//3 481//3
f 479//3 437//3 432//3
f 478//33 476//33 481//33
f 479//70 476//70 478//70
f 474//70 476//70 479//70
f 473//31 474//31 480//31
f 476//33 477//33 481//33
f 471//39 473//39 480//39
f 472//39 473//39 471//39
f 480//31 474//31 479//31
f 483//41 468//41 484//41
f 482//35 485//35 486//35
f 475//35 485//35 482//35
f 487//120 483//120 488//120
f 488//120 483//120 484//120
f 484//41 468//41 465//41
f 477//71 475//71 481//71
f 481//71 475//71 482//71
f 485//79 487//79 486//79
f 486//79 487//79 488//79
f 489//3 338//3 391//3
f 489//121 490//121 337//121
f 338//122 489//122 337//122
f 337//1 490//1 387//1
f 446//1 490//1 475//1
f 489//3 438//3 482//3
f 489//3 441//3 438//3
f 443//1 490//1 446//1
f 442//1 490//1 443//1
f 433//1 490//1 442//1
f 387//1 490//1 433//1
f 489//3 445//3 441//3
f 489//3 444//3 445//3
f 489//3 434//3 444//3
f 489//3 391//3 434//3
f 491//1 492//1 220//1
f 493//3 262//3 219//3
f 494//3 493//3 219//3
f 255//1 491//1 220//1
f 491//65 255//65 493//65
f 262//115 277//115 281//115
f 281//15 275//15 280//15
f 493//65 255//65 262//65
f 495//119 492//119 494//119
f 277//15 275//15 281//15
f 492//67 491//67 494//67
f 255//115 277//115 262//115
f 496//105 492//105 495//105
f 494//67 491//67 493//67
f 497//43 498//43 499//43
f 500//42 501//42 497//42
f 502//42 501//42 500//42
f 498//80 496//80 499//80
f 501//43 498//43 497//43
f 499//80 496//80 495//80
f 503//123 504//123 220//123
f 504//124 219//124 220//124
f 492//1 503//1 220//1
f 504//3 494//3 219//3
f 505//54 502//54 500//54
f 506//52 502//52 505//52
f 507//120 506//120 508//120
f 508//120 506//120 505//120
f 509//125 507//125 510//125
f 510//125 507//125 508//125
f 315//35 509//35 319//35
f 319//35 509//35 510//35
f 310//71 315//71 311//71
f 311//71 315//71 319//71
f 469//1 502//1 506//1
f 314//1 509//1 315//1
f 469//1 506//1 464//1
f 464//1 506//1 507//1
f 464//1 507//1 462//1
f 462//1 507//1 509//1
f 462//1 509//1 314//1
f 510//3 320//3 319//3
f 505//3 470//3 461//3
f 510//3 463//3 320//3
f 505//3 461//3 508//3
f 508//3 461//3 463//3
f 508//3 463//3 510//3
f 504//3 470//3 505//3
f 504//3 484//3 465//3
f 504//3 465//3 467//3
f 504//3 467//3 470//3
f 502//1 503//1 501//1
f 501//1 503//1 498//1
f 498//1 503//1 496//1
f 496//1 503//1 492//1
f 469//1 503//1 502//1
f 504//3 495//3 494//3
f 504//3 505//3 500//3
f 504//3 500//3 497//3
f 504//3 497//3 499//3
f 504//3 499//3 495//3
f 466//1 503//1 469//1
f 503//126 511//126 504//126
f 503//127 512//127 511//127
f 503//128 513//128 512//128
f 503//129 514//129 513//129
f 475//1 490//1 485//1
f 485//1 490//1 487//1
f 487//1 490//1 483//1
f 489//3 482//3 486//3
f 489//3 486//3 488//3
f 489//3 488//3 484//3
f 483//1 503//1 468//1
f 468//1 503//1 466//1
f 504//3 489//3 484//3
f 490//1 503//1 483//1
f 503//130 490//130 515//130
f 516//131 515//131 517//131
f 516//132 503//132 515//132
f 518//133 519//133 520//133
f 521//134 517//134 522//134
f 519//135 521//135 522//135
f 519//136 522//136 520//136
f 521//131 516//131 517//131
f 518//137 520//137 523//137
f 524//138 523//138 525//138
f 526//139 527//139 528//139
f 527//140 524//140 525//140
f 524//137 518//137 523//137
f 527//141 525//141 528//141
f 513//142 514//142 529//142
f 512//143 513//143 530//143
f 530//142 513//142 529//142
f 489//144 504//144 531//144
f 531//145 511//145 532//145
f 504//146 511//146 531//146
f 532//143 512//143 530//143
f 511//147 512//147 532//147
f 533//148 534//148 535//148
f 535//149 534//149 536//149
f 534//150 537//150 536//150
f 529//151 514//151 538//151
f 514//151 533//151 538//151
f 538//148 533//148 535//148
f 539//152 540//152 536//152
f 539//152 536//152 537//152
f 528//153 541//153 526//153
f 542//153 541//153 528//153
f 543//154 544//154 539//154
f 545//155 544//155 543//155
f 539//156 544//156 540//156
f 545//157 546//157 544//157
f 547//158 548//158 549//158
f 547//159 549//159 545//159
f 545//160 549//160 546//160
f 550//161 551//161 552//161
f 550//162 552//162 553//162
f 554//163 555//163 541//163
f 553//164 556//164 557//164
f 553//165 552//165 556//165
f 554//166 541//166 542//166
f 557//167 556//167 555//167
f 557//168 555//168 554//168
f 558//169 559//169 547//169
f 547//170 559//170 548//170
f 560//171 558//171 547//171
f 561//171 560//171 547//171
f 562//4 563//4 564//4
f 565//4 562//4 564//4
f 566//1 567//1 565//1
f 568//3 569//3 564//3
f 566//2 564//2 569//2
f 566//2 565//2 564//2
f 570//3 571//3 564//3
f 563//3 570//3 564//3
f 567//1 572//1 565//1
f 571//3 573//3 564//3
f 573//3 568//3 564//3
f 574//1 575//1 565//1
f 575//1 562//1 565//1
f 572//1 574//1 565//1
f 576//1 577//1 566//1
f 578//1 577//1 576//1
f 579//3 580//3 581//3
f 569//5 576//5 566//5
f 569//5 580//5 576//5
f 582//3 581//3 580//3
f 583//1 578//1 576//1
f 576//1 584//1 583//1
f 585//3 580//3 569//3
f 585//3 582//3 580//3
f 577//1 586//1 566//1
f 586//1 567//1 566//1
f 587//10 586//10 585//10
f 587//3 585//3 569//3
f 582//12 578//12 581//12
f 568//3 587//3 569//3
f 577//11 578//11 582//11
f 567//8 586//8 587//8
f 568//8 567//8 587//8
f 578//12 583//12 581//12
f 585//11 577//11 582//11
f 586//10 577//10 585//10
f 562//13 588//13 589//13
f 562//13 589//13 563//13
f 588//14 590//14 591//14
f 588//14 591//14 589//14
f 592//1 593//1 588//1
f 594//3 589//3 591//3
f 594//3 595//3 589//3
f 593//1 596//1 588//1
f 597//3 563//3 589//3
f 595//3 598//3 589//3
f 598//3 597//3 589//3
f 562//1 592//1 588//1
f 588//1 599//1 590//1
f 596//1 599//1 588//1
f 600//3 570//3 563//3
f 575//1 601//1 562//1
f 570//9 574//9 571//9
f 573//6 572//6 568//6
f 571//7 574//7 573//7
f 574//7 572//7 573//7
f 572//6 567//6 568//6
f 600//15 601//15 570//15
f 575//9 574//9 570//9
f 601//15 575//15 570//15
f 602//17 603//17 604//17
f 605//17 602//17 604//17
f 606//18 607//18 605//18
f 604//20 603//20 608//20
f 607//18 602//18 605//18
f 609//16 601//16 600//16
f 608//16 609//16 600//16
f 603//20 609//20 608//20
f 610//3 604//3 608//3
f 611//1 592//1 609//1
f 603//1 612//1 611//1
f 613//3 604//3 610//3
f 597//3 608//3 600//3
f 603//1 611//1 609//1
f 597//3 610//3 608//3
f 597//3 600//3 563//3
f 601//1 592//1 562//1
f 609//1 592//1 601//1
f 602//1 612//1 603//1
f 607//1 614//1 615//1
f 616//1 614//1 607//1
f 607//1 615//1 602//1
f 602//1 615//1 612//1
f 617//3 618//3 606//3
f 617//3 606//3 619//3
f 613//3 605//3 604//3
f 620//19 607//19 606//19
f 621//19 620//19 606//19
f 619//3 605//3 613//3
f 619//3 606//3 605//3
f 580//23 622//23 623//23
f 580//23 623//23 576//23
f 622//22 624//22 625//22
f 622//22 625//22 623//22
f 625//1 626//1 623//1
f 627//3 624//3 622//3
f 583//24 584//24 579//24
f 623//1 584//1 576//1
f 623//1 628//1 584//1
f 629//3 622//3 579//3
f 581//24 583//24 579//24
f 579//3 622//3 580//3
f 630//3 631//3 632//3
f 629//3 627//3 622//3
f 626//1 628//1 623//1
f 633//3 627//3 629//3
f 630//3 632//3 633//3
f 633//3 632//3 627//3
f 634//1 635//1 636//1
f 637//1 635//1 634//1
f 634//1 636//1 626//1
f 626//1 636//1 628//1
f 624//25 638//25 625//25
f 624//25 639//25 638//25
f 640//1 641//1 625//1
f 641//1 642//1 625//1
f 643//1 640//1 638//1
f 638//1 640//1 625//1
f 642//1 626//1 625//1
f 644//3 639//3 624//3
f 644//3 645//3 639//3
f 646//3 644//3 624//3
f 647//3 646//3 624//3
f 627//3 647//3 624//3
f 639//26 648//26 638//26
f 639//26 649//26 648//26
f 648//1 650//1 651//1
f 652//3 649//3 653//3
f 651//1 643//1 638//1
f 648//1 654//1 650//1
f 648//1 651//1 638//1
f 653//3 649//3 655//3
f 645//3 656//3 639//3
f 656//3 649//3 639//3
f 655//3 649//3 656//3
f 648//1 657//1 654//1
f 646//10 641//10 644//10
f 627//28 626//28 647//28
f 644//27 640//27 645//27
f 641//10 640//10 644//10
f 645//12 643//12 656//12
f 642//8 641//8 646//8
f 643//12 651//12 656//12
f 626//28 642//28 647//28
f 640//27 643//27 645//27
f 647//8 642//8 646//8
f 658//15 637//15 631//15
f 634//7 626//7 627//7
f 631//9 634//9 632//9
f 632//7 634//7 627//7
f 637//9 634//9 631//9
f 659//15 658//15 631//15
f 660//32 661//32 662//32
f 654//30 657//30 652//30
f 652//31 657//31 662//31
f 650//29 654//29 653//29
f 662//32 661//32 663//32
f 657//31 660//31 662//31
f 656//24 651//24 655//24
f 653//30 654//30 652//30
f 655//29 650//29 653//29
f 651//24 650//24 655//24
f 661//33 664//33 663//33
f 665//35 666//35 667//35
f 664//34 665//34 667//34
f 668//34 664//34 667//34
f 663//33 664//33 668//33
f 667//35 666//35 669//35
f 633//40 636//40 630//40
f 630//36 670//36 671//36
f 635//36 670//36 630//36
f 629//39 628//39 633//39
f 671//33 672//33 673//33
f 579//37 584//37 629//37
f 584//37 628//37 629//37
f 628//39 636//39 633//39
f 670//33 672//33 671//33
f 636//40 635//40 630//40
f 674//43 620//43 621//43
f 675//42 674//42 676//42
f 677//41 678//41 679//41
f 679//42 675//42 676//42
f 676//43 674//43 621//43
f 678//41 675//41 679//41
f 680//35 681//35 682//35
f 683//45 684//45 685//45
f 681//45 684//45 683//45
f 685//44 678//44 677//44
f 684//44 678//44 685//44
f 673//34 672//34 682//34
f 672//34 680//34 682//34
f 682//35 681//35 683//35
f 637//1 670//1 635//1
f 671//3 631//3 630//3
f 673//3 686//3 659//3
f 658//1 670//1 637//1
f 673//3 659//3 671//3
f 687//1 672//1 658//1
f 658//1 672//1 670//1
f 671//3 659//3 631//3
f 687//1 688//1 672//1
f 689//3 682//3 683//3
f 690//3 686//3 673//3
f 689//3 683//3 685//3
f 681//1 691//1 684//1
f 690//3 673//3 682//3
f 688//1 691//1 680//1
f 689//3 690//3 682//3
f 672//1 688//1 680//1
f 680//1 691//1 681//1
f 692//1 693//1 675//1
f 620//1 616//1 607//1
f 674//1 693//1 620//1
f 675//1 693//1 674//1
f 678//1 692//1 675//1
f 693//1 616//1 620//1
f 694//3 677//3 679//3
f 618//3 695//3 621//3
f 618//3 621//3 606//3
f 695//3 679//3 676//3
f 695//3 676//3 621//3
f 695//3 694//3 679//3
f 616//46 693//46 618//46
f 618//46 693//46 695//46
f 693//48 692//48 694//48
f 694//47 692//47 689//47
f 695//48 693//48 694//48
f 694//3 685//3 677//3
f 691//1 692//1 684//1
f 692//47 691//47 689//47
f 684//1 692//1 678//1
f 694//3 689//3 685//3
f 696//1 688//1 687//1
f 697//1 688//1 696//1
f 696//20 687//20 686//20
f 698//51 697//51 699//51
f 700//50 701//50 702//50
f 686//16 687//16 659//16
f 687//16 658//16 659//16
f 697//51 696//51 699//51
f 699//20 696//20 686//20
f 701//49 697//49 698//49
f 703//50 700//50 702//50
f 702//49 701//49 698//49
f 690//3 698//3 699//3
f 690//3 699//3 686//3
f 704//44 705//44 706//44
f 666//53 704//53 669//53
f 707//44 704//44 706//44
f 708//43 700//43 703//43
f 669//53 704//53 707//53
f 709//42 708//42 710//42
f 710//43 708//43 703//43
f 705//54 709//54 711//54
f 711//42 709//42 710//42
f 706//54 705//54 711//54
f 690//12 688//12 712//12
f 691//55 688//55 690//55
f 690//3 712//3 698//3
f 688//12 713//12 712//12
f 689//55 691//55 690//55
f 713//1 688//1 697//1
f 701//1 713//1 697//1
f 705//1 714//1 709//1
f 709//1 714//1 708//1
f 708//1 714//1 700//1
f 704//1 715//1 705//1
f 700//1 713//1 701//1
f 700//1 714//1 713//1
f 705//1 715//1 714//1
f 712//3 703//3 702//3
f 712//3 702//3 698//3
f 716//3 706//3 711//3
f 716//3 711//3 710//3
f 716//3 710//3 703//3
f 716//3 703//3 712//3
f 717//3 706//3 716//3
f 717//3 707//3 706//3
f 712//56 713//56 716//56
f 713//56 714//56 716//56
f 716//57 714//57 717//57
f 714//57 715//57 717//57
f 590//58 718//58 719//58
f 590//58 719//58 591//58
f 719//3 720//3 591//3
f 721//1 718//1 722//1
f 722//1 718//1 723//1
f 723//1 718//1 724//1
f 724//1 718//1 590//1
f 719//3 725//3 726//3
f 719//3 726//3 727//3
f 719//3 727//3 720//3
f 723//59 724//59 727//59
f 727//59 724//59 720//59
f 722//15 723//15 727//15
f 726//15 722//15 727//15
f 720//3 728//3 591//3
f 728//3 594//3 591//3
f 599//1 729//1 590//1
f 729//1 724//1 590//1
f 730//61 731//61 732//61
f 730//61 732//61 733//61
f 718//60 730//60 733//60
f 718//60 733//60 719//60
f 734//1 731//1 735//1
f 721//1 730//1 718//1
f 735//1 731//1 736//1
f 736//1 731//1 730//1
f 737//1 730//1 721//1
f 736//1 730//1 737//1
f 733//3 738//3 725//3
f 733//3 725//3 719//3
f 732//3 739//3 740//3
f 733//3 740//3 738//3
f 732//3 740//3 733//3
f 732//3 741//3 739//3
f 595//63 596//63 598//63
f 729//62 599//62 594//62
f 594//8 599//8 595//8
f 724//7 729//7 728//7
f 593//11 592//11 597//11
f 598//11 593//11 597//11
f 599//8 596//8 595//8
f 596//63 593//63 598//63
f 720//7 724//7 728//7
f 728//62 729//62 594//62
f 597//12 592//12 610//12
f 610//21 611//21 613//21
f 592//12 611//12 610//12
f 613//29 612//29 619//29
f 612//29 615//29 619//29
f 611//21 612//21 613//21
f 742//54 743//54 744//54
f 743//54 745//54 744//54
f 721//64 722//64 726//64
f 737//65 721//65 725//65
f 725//64 721//64 726//64
f 736//67 737//67 738//67
f 738//65 737//65 725//65
f 740//67 736//67 738//67
f 619//30 615//30 617//30
f 746//33 747//33 748//33
f 617//31 614//31 749//31
f 615//30 614//30 617//30
f 614//31 750//31 749//31
f 749//70 746//70 748//70
f 750//70 746//70 749//70
f 748//33 747//33 751//33
f 752//1 747//1 746//1
f 751//3 753//3 748//3
f 749//3 618//3 617//3
f 753//3 618//3 748//3
f 748//3 618//3 749//3
f 616//1 752//1 746//1
f 616//1 746//1 750//1
f 616//1 750//1 614//1
f 752//1 754//1 747//1
f 754//1 755//1 756//1
f 756//1 755//1 757//1
f 752//1 755//1 754//1
f 754//35 756//35 758//35
f 758//35 756//35 759//35
f 757//44 743//44 742//44
f 747//71 754//71 758//71
f 751//71 747//71 758//71
f 756//45 757//45 759//45
f 759//45 757//45 760//45
f 760//44 757//44 742//44
f 761//3 759//3 760//3
f 761//3 753//3 758//3
f 758//3 753//3 751//3
f 761//3 758//3 759//3
f 739//66 735//66 740//66
f 762//50 735//50 739//50
f 744//68 745//68 763//68
f 764//69 762//69 765//69
f 765//50 762//50 739//50
f 735//66 736//66 740//66
f 763//69 764//69 765//69
f 745//68 764//68 763//68
f 766//1 767//1 762//1
f 762//1 767//1 735//1
f 767//1 734//1 735//1
f 745//1 768//1 764//1
f 768//1 766//1 764//1
f 764//1 766//1 762//1
f 769//3 744//3 763//3
f 770//3 769//3 763//3
f 741//3 771//3 739//3
f 771//3 765//3 739//3
f 770//3 763//3 765//3
f 771//3 770//3 765//3
f 772//3 761//3 742//3
f 773//1 768//1 745//1
f 757//1 755//1 743//1
f 774//3 772//3 744//3
f 772//3 742//3 744//3
f 761//3 760//3 742//3
f 775//1 773//1 745//1
f 755//1 775//1 743//1
f 769//3 774//3 744//3
f 743//1 775//1 745//1
f 731//72 776//72 777//72
f 731//72 777//72 732//72
f 776//73 778//73 779//73
f 776//73 779//73 777//73
f 777//3 780//3 781//3
f 777//3 781//3 732//3
f 782//1 776//1 783//1
f 783//1 776//1 784//1
f 785//1 784//1 731//1
f 734//1 785//1 731//1
f 786//3 741//3 732//3
f 781//3 786//3 732//3
f 777//3 787//3 780//3
f 784//1 776//1 731//1
f 779//3 788//3 789//3
f 790//1 778//1 791//1
f 791//1 778//1 792//1
f 782//1 778//1 776//1
f 779//3 789//3 787//3
f 779//3 793//3 788//3
f 779//3 794//3 793//3
f 779//3 787//3 777//3
f 795//1 778//1 782//1
f 792//1 778//1 795//1
f 734//8 767//8 741//8
f 783//75 784//75 781//75
f 780//75 783//75 781//75
f 781//7 785//7 786//7
f 741//8 767//8 771//8
f 786//74 785//74 741//74
f 784//7 785//7 781//7
f 785//74 734//74 741//74
f 766//11 768//11 769//11
f 769//12 768//12 774//12
f 767//63 766//63 770//63
f 770//11 766//11 769//11
f 768//12 773//12 774//12
f 771//63 767//63 770//63
f 796//3 772//3 774//3
f 775//1 797//1 773//1
f 774//78 773//78 796//78
f 796//29 797//29 798//29
f 773//78 797//78 796//78
f 798//39 799//39 800//39
f 797//77 799//77 798//77
f 800//40 801//40 802//40
f 799//39 801//39 800//39
f 801//40 803//40 802//40
f 802//36 804//36 805//36
f 805//33 804//33 806//33
f 803//36 804//36 802//36
f 804//33 807//33 806//33
f 795//76 782//76 789//76
f 794//18 790//18 793//18
f 793//51 791//51 788//51
f 789//76 782//76 787//76
f 790//49 791//49 793//49
f 792//20 795//20 789//20
f 788//20 792//20 789//20
f 791//51 792//51 788//51
f 782//15 783//15 780//15
f 787//15 782//15 780//15
f 779//3 808//3 794//3
f 809//1 778//1 790//1
f 808//80 809//80 794//80
f 810//68 811//68 812//68
f 811//68 813//68 812//68
f 812//43 813//43 808//43
f 813//43 809//43 808//43
f 809//80 790//80 794//80
f 814//35 815//35 816//35
f 816//79 815//79 817//79
f 807//71 814//71 818//71
f 815//79 819//79 817//79
f 818//35 814//35 816//35
f 806//71 807//71 818//71
f 817//44 820//44 821//44
f 819//44 820//44 817//44
f 820//81 811//81 810//81
f 821//81 820//81 810//81
f 822//1 778//1 809//1
f 779//3 823//3 808//3
f 752//7 616//7 753//7
f 772//15 775//15 761//15
f 753//7 616//7 618//7
f 761//82 755//82 753//82
f 775//15 755//15 761//15
f 755//82 752//82 753//82
f 824//1 799//1 797//1
f 798//3 825//3 796//3
f 824//1 797//1 775//1
f 824//83 775//83 772//83
f 796//3 825//3 772//3
f 826//84 824//84 825//84
f 825//83 824//83 772//83
f 827//84 826//84 825//84
f 826//1 803//1 801//1
f 826//1 807//1 804//1
f 824//1 801//1 799//1
f 828//1 807//1 826//1
f 826//1 801//1 824//1
f 828//1 814//1 807//1
f 826//1 804//1 803//1
f 806//3 829//3 827//3
f 800//3 825//3 798//3
f 802//3 827//3 825//3
f 805//3 827//3 802//3
f 818//3 829//3 806//3
f 802//3 825//3 800//3
f 806//3 827//3 805//3
f 829//85 828//85 827//85
f 830//86 831//86 829//86
f 828//85 826//85 827//85
f 831//87 828//87 829//87
f 832//1 833//1 815//1
f 815//1 833//1 819//1
f 814//1 832//1 815//1
f 828//1 832//1 814//1
f 811//1 834//1 813//1
f 835//1 834//1 811//1
f 836//1 835//1 820//1
f 820//1 835//1 811//1
f 834//1 822//1 813//1
f 813//1 822//1 809//1
f 833//1 836//1 819//1
f 819//1 836//1 820//1
f 837//3 818//3 816//3
f 837//3 829//3 818//3
f 838//3 816//3 817//3
f 838//3 837//3 816//3
f 839//3 817//3 821//3
f 840//3 839//3 821//3
f 841//3 810//3 812//3
f 839//3 838//3 817//3
f 823//3 841//3 812//3
f 840//3 821//3 810//3
f 841//3 840//3 810//3
f 823//3 812//3 808//3
f 837//3 842//3 829//3
f 843//1 844//1 831//1
f 831//1 845//1 828//1
f 845//1 832//1 828//1
f 844//1 845//1 831//1
f 846//3 847//3 830//3
f 842//3 830//3 829//3
f 842//3 846//3 830//3
f 832//8 845//8 842//8
f 842//88 845//88 846//88
f 839//7 836//7 838//7
f 846//11 844//11 847//11
f 845//88 844//88 846//88
f 838//62 833//62 837//62
f 833//62 832//62 837//62
f 844//11 843//11 847//11
f 837//8 832//8 842//8
f 836//7 833//7 838//7
f 848//1 849//1 850//1
f 851//1 843//1 831//1
f 850//1 849//1 852//1
f 850//1 851//1 831//1
f 850//1 852//1 851//1
f 853//3 854//3 855//3
f 856//3 855//3 830//3
f 848//90 850//90 855//90
f 850//89 831//89 830//89
f 853//3 855//3 857//3
f 857//3 855//3 856//3
f 847//3 856//3 830//3
f 854//90 848//90 855//90
f 855//89 850//89 830//89
f 858//3 859//3 854//3
f 860//92 861//92 859//92
f 862//3 858//3 854//3
f 859//91 863//91 854//91
f 861//92 863//92 859//92
f 863//1 864//1 848//1
f 864//1 865//1 848//1
f 863//91 848//91 854//91
f 848//1 866//1 849//1
f 848//1 867//1 866//1
f 868//3 854//3 853//3
f 869//3 854//3 868//3
f 856//93 851//93 857//93
f 843//12 851//12 856//12
f 847//12 843//12 856//12
f 857//94 852//94 853//94
f 851//93 852//93 857//93
f 852//94 849//94 853//94
f 853//30 849//30 868//30
f 869//70 870//70 871//70
f 868//95 866//95 869//95
f 867//70 870//70 869//70
f 849//30 866//30 868//30
f 866//95 867//95 869//95
f 872//1 873//1 870//1
f 874//1 873//1 872//1
f 874//1 875//1 873//1
f 872//1 870//1 865//1
f 865//1 870//1 867//1
f 865//1 867//1 848//1
f 876//1 875//1 874//1
f 877//3 878//3 879//3
f 869//3 862//3 854//3
f 871//3 862//3 869//3
f 871//3 880//3 862//3
f 881//3 880//3 871//3
f 881//3 879//3 880//3
f 877//3 879//3 881//3
f 652//3 882//3 649//3
f 662//3 882//3 652//3
f 882//97 883//97 884//97
f 882//97 885//97 883//97
f 649//96 884//96 648//96
f 884//1 657//1 648//1
f 884//1 660//1 657//1
f 649//96 882//96 884//96
f 884//1 661//1 660//1
f 883//1 664//1 661//1
f 883//1 886//1 664//1
f 887//3 885//3 668//3
f 883//1 661//1 884//1
f 668//3 885//3 663//3
f 663//3 882//3 662//3
f 663//3 885//3 882//3
f 885//98 888//98 883//98
f 885//98 889//98 888//98
f 888//1 890//1 891//1
f 892//3 889//3 885//3
f 893//1 894//1 883//1
f 888//1 891//1 893//1
f 888//1 893//1 883//1
f 895//3 889//3 896//3
f 894//1 886//1 883//1
f 887//3 897//3 885//3
f 896//3 889//3 892//3
f 897//3 892//3 885//3
f 889//99 898//99 888//99
f 895//3 899//3 889//3
f 889//99 899//99 898//99
f 898//1 890//1 888//1
f 666//1 900//1 704//1
f 886//1 901//1 664//1
f 665//1 902//1 666//1
f 664//1 901//1 665//1
f 901//1 902//1 665//1
f 902//1 900//1 666//1
f 903//1 715//1 704//1
f 900//1 903//1 704//1
f 904//3 905//3 667//3
f 906//3 904//3 669//3
f 906//3 669//3 707//3
f 907//3 906//3 707//3
f 904//3 667//3 669//3
f 905//3 668//3 667//3
f 905//3 887//3 668//3
f 717//3 907//3 707//3
f 902//101 901//101 905//101
f 900//28 902//28 904//28
f 904//101 902//101 905//101
f 905//63 901//63 887//63
f 906//28 900//28 904//28
f 887//100 886//100 897//100
f 901//63 886//63 887//63
f 886//100 894//100 897//100
f 908//75 903//75 907//75
f 907//102 903//102 906//102
f 909//75 903//75 908//75
f 903//102 900//102 906//102
f 909//1 910//1 715//1
f 911//1 910//1 912//1
f 912//1 910//1 913//1
f 913//1 910//1 909//1
f 914//3 908//3 717//3
f 914//3 915//3 908//3
f 909//1 715//1 903//1
f 914//3 916//3 915//3
f 717//3 908//3 907//3
f 910//104 917//104 918//104
f 715//103 910//103 914//103
f 914//104 910//104 918//104
f 717//103 715//103 914//103
f 918//3 916//3 914//3
f 911//1 917//1 910//1
f 916//16 912//16 915//16
f 913//15 909//15 908//15
f 912//16 913//16 915//16
f 915//15 913//15 908//15
f 919//20 911//20 916//20
f 920//19 921//19 922//19
f 923//51 911//51 919//51
f 922//105 924//105 925//105
f 921//19 924//19 922//19
f 925//51 923//51 919//51
f 911//20 912//20 916//20
f 924//105 923//105 925//105
f 924//1 926//1 917//1
f 927//3 920//3 922//3
f 927//3 922//3 918//3
f 918//3 919//3 916//3
f 918//3 925//3 919//3
f 918//3 922//3 925//3
f 923//1 917//1 911//1
f 921//1 926//1 924//1
f 924//1 917//1 923//1
f 892//93 893//93 896//93
f 894//106 893//106 892//106
f 896//38 891//38 895//38
f 897//106 894//106 892//106
f 893//93 891//93 896//93
f 891//37 890//37 895//37
f 895//39 890//39 928//39
f 929//36 930//36 931//36
f 930//33 932//33 933//33
f 928//40 934//40 931//40
f 890//39 934//39 928//39
f 935//33 930//33 933//33
f 934//40 929//40 931//40
f 931//36 930//36 935//36
f 928//3 899//3 895//3
f 931//3 899//3 928//3
f 935//3 899//3 931//3
f 933//3 899//3 935//3
f 936//3 899//3 933//3
f 898//1 929//1 934//1
f 898//1 934//1 890//1
f 898//1 930//1 929//1
f 898//1 937//1 932//1
f 898//1 932//1 930//1
f 938//54 939//54 940//54
f 940//108 941//108 942//108
f 939//54 941//54 940//54
f 943//107 921//107 920//107
f 941//108 943//108 942//108
f 942//107 943//107 920//107
f 932//34 937//34 933//34
f 937//109 944//109 945//109
f 945//79 946//79 947//79
f 944//79 946//79 945//79
f 947//110 939//110 938//110
f 946//110 939//110 947//110
f 936//109 937//109 945//109
f 933//34 937//34 936//34
f 898//1 948//1 949//1
f 950//3 899//3 936//3
f 951//3 899//3 950//3
f 952//3 899//3 951//3
f 898//1 953//1 937//1
f 898//1 949//1 953//1
f 917//111 926//111 918//111
f 954//3 920//3 927//3
f 921//1 955//1 926//1
f 918//111 926//111 927//111
f 927//33 926//33 956//33
f 957//1 958//1 959//1
f 926//33 959//33 956//33
f 960//1 957//1 959//1
f 961//3 962//3 956//3
f 963//3 927//3 956//3
f 962//3 963//3 956//3
f 963//3 954//3 927//3
f 955//1 960//1 926//1
f 926//1 960//1 959//1
f 964//3 965//3 966//3
f 966//3 965//3 967//3
f 966//3 967//3 956//3
f 967//3 961//3 956//3
f 956//112 959//112 966//112
f 968//1 969//1 970//1
f 968//1 970//1 971//1
f 959//112 970//112 966//112
f 958//1 971//1 959//1
f 971//1 970//1 959//1
f 966//35 972//35 973//35
f 970//35 972//35 966//35
f 973//113 974//113 975//113
f 972//113 974//113 973//113
f 969//1 972//1 970//1
f 976//1 972//1 969//1
f 977//1 972//1 976//1
f 973//3 978//3 964//3
f 973//3 979//3 978//3
f 973//3 964//3 966//3
f 939//1 980//1 941//1
f 981//1 955//1 943//1
f 943//1 955//1 921//1
f 941//1 981//1 943//1
f 980//1 981//1 941//1
f 944//1 953//1 982//1
f 944//1 982//1 946//1
f 937//1 953//1 944//1
f 946//1 982//1 983//1
f 939//1 983//1 980//1
f 946//1 983//1 939//1
f 984//3 940//3 942//3
f 954//3 984//3 942//3
f 985//3 938//3 940//3
f 954//3 942//3 920//3
f 984//3 985//3 940//3
f 986//3 945//3 947//3
f 986//3 947//3 987//3
f 950//3 936//3 945//3
f 950//3 945//3 986//3
f 987//3 947//3 938//3
f 987//3 938//3 985//3
f 980//24 983//24 987//24
f 981//12 980//12 985//12
f 985//24 980//24 987//24
f 955//11 981//11 984//11
f 984//12 981//12 985//12
f 954//11 955//11 984//11
f 961//28 958//28 962//28
f 971//7 958//7 961//7
f 962//114 957//114 963//114
f 958//28 957//28 962//28
f 957//114 960//114 963//114
f 968//9 971//9 965//9
f 967//7 971//7 961//7
f 965//9 971//9 967//9
f 963//63 960//63 954//63
f 960//63 955//63 954//63
f 964//15 969//15 965//15
f 969//15 968//15 965//15
f 978//115 976//115 964//115
f 976//115 969//115 964//115
f 979//65 977//65 978//65
f 988//116 989//116 990//116
f 990//67 989//67 979//67
f 991//19 988//19 992//19
f 989//67 977//67 979//67
f 977//65 976//65 978//65
f 992//116 988//116 990//116
f 993//19 991//19 992//19
f 948//33 994//33 952//33
f 952//33 994//33 995//33
f 949//70 948//70 951//70
f 951//70 948//70 952//70
f 953//31 949//31 951//31
f 982//30 953//30 950//30
f 987//37 983//37 986//37
f 986//30 982//30 950//30
f 983//37 982//37 986//37
f 950//31 953//31 951//31
f 996//54 997//54 998//54
f 999//43 991//43 993//43
f 998//42 1000//42 1001//42
f 1000//42 999//42 1001//42
f 1001//43 999//43 993//43
f 997//54 1000//54 998//54
f 995//71 994//71 1002//71
f 994//71 1003//71 1002//71
f 1002//35 1004//35 1005//35
f 1003//35 1004//35 1002//35
f 1005//45 1006//45 1007//45
f 1006//110 997//110 996//110
f 1004//45 1006//45 1005//45
f 1007//110 1006//110 996//110
f 975//118 861//118 860//118
f 974//1 1008//1 861//1
f 974//118 861//118 975//118
f 1009//3 975//3 860//3
f 1010//3 1011//3 859//3
f 1012//3 1009//3 860//3
f 858//3 1010//3 859//3
f 1013//1 864//1 863//1
f 1014//1 1013//1 863//1
f 1011//3 860//3 859//3
f 861//1 1014//1 863//1
f 1015//1 1014//1 861//1
f 1008//1 1015//1 861//1
f 1011//3 1012//3 860//3
f 972//1 1016//1 974//1
f 972//1 1017//1 1016//1
f 1018//1 1008//1 974//1
f 1016//1 1018//1 974//1
f 1016//93 1017//93 1019//93
f 1019//3 973//3 1020//3
f 1018//12 1016//12 1020//12
f 1020//3 973//3 975//3
f 1020//93 1016//93 1019//93
f 1008//11 1018//11 1021//11
f 1009//3 1021//3 975//3
f 1021//12 1018//12 1020//12
f 1021//3 1020//3 975//3
f 1009//11 1008//11 1021//11
f 1015//63 1008//63 1009//63
f 1012//63 1015//63 1009//63
f 1011//101 1014//101 1012//101
f 1013//62 1014//62 1011//62
f 1014//101 1015//101 1012//101
f 864//7 1013//7 1010//7
f 1010//62 1013//62 1011//62
f 865//9 864//9 862//9
f 858//7 864//7 1010//7
f 862//9 864//9 858//9
f 872//15 865//15 862//15
f 874//115 872//115 880//115
f 880//15 872//15 862//15
f 876//65 874//65 879//65
f 879//115 874//115 880//115
f 1022//67 876//67 878//67
f 878//65 876//65 879//65
f 1023//119 1022//119 1024//119
f 1024//67 1022//67 878//67
f 1025//105 1023//105 1024//105
f 1026//80 1023//80 1025//80
f 1027//43 1026//43 1028//43
f 1028//80 1026//80 1025//80
f 1029//42 1027//42 1030//42
f 1030//43 1027//43 1028//43
f 1031//42 1029//42 1030//42
f 1019//3 979//3 973//3
f 1019//3 990//3 979//3
f 1019//37 1017//37 1032//37
f 989//1 1033//1 1017//1
f 1032//3 990//3 1019//3
f 989//1 1017//1 977//1
f 1017//37 1033//37 1032//37
f 977//1 1017//1 972//1
f 999//1 1034//1 1035//1
f 991//1 1036//1 988//1
f 988//1 1036//1 1033//1
f 1000//1 1034//1 999//1
f 1000//1 1037//1 1034//1
f 988//1 1033//1 989//1
f 991//1 1035//1 1036//1
f 997//1 1038//1 1037//1
f 999//1 1035//1 991//1
f 997//1 1037//1 1000//1
f 1039//3 992//3 1032//3
f 1032//3 992//3 990//3
f 1039//3 993//3 992//3
f 1040//3 993//3 1039//3
f 1041//3 996//3 998//3
f 1042//3 996//3 1041//3
f 1041//3 998//3 1043//3
f 1042//3 1007//3 996//3
f 1043//3 998//3 1001//3
f 1043//3 1001//3 1040//3
f 1040//3 1001//3 993//3
f 1033//39 1036//39 1039//39
f 1043//33 1037//33 1041//33
f 1035//70 1034//70 1040//70
f 1034//33 1037//33 1043//33
f 1039//31 1036//31 1040//31
f 1032//39 1033//39 1039//39
f 1040//70 1034//70 1043//70
f 1036//31 1035//31 1040//31
f 1038//35 1044//35 1042//35
f 1045//79 1046//79 1047//79
f 1044//79 1046//79 1045//79
f 1047//120 1048//120 1049//120
f 1042//35 1044//35 1045//35
f 1046//120 1048//120 1047//120
f 1037//71 1038//71 1042//71
f 1041//71 1037//71 1042//71
f 1048//41 1029//41 1031//41
f 1049//41 1048//41 1031//41
f 898//1 1050//1 948//1
f 1051//3 899//3 952//3
f 1050//122 898//122 899//122
f 1051//172 1050//172 899//172
f 994//1 1050//1 1003//1
f 1003//1 1050//1 1004//1
f 1004//1 1050//1 1006//1
f 1006//1 1050//1 997//1
f 948//1 1050//1 994//1
f 997//1 1050//1 1038//1
f 1051//3 995//3 1002//3
f 1051//3 952//3 995//3
f 1051//3 1002//3 1005//3
f 1052//173 551//173 550//173
f 1052//174 1053//174 551//174
f 558//175 1054//175 559//175
f 1055//176 1054//176 558//176
f 1056//177 1054//177 1055//177
f 1056//178 1057//178 1054//178
f 1058//156 1059//156 1056//156
f 1056//154 1059//154 1057//154
f 1052//179 1060//179 1053//179
f 1061//180 1062//180 1063//180
f 1063//181 1062//181 1064//181
f 1065//165 1053//165 1060//165
f 1065//182 1064//182 1066//182
f 1065//164 1066//164 1053//164
f 1063//183 1064//183 1065//183
f 1067//1 1068//1 778//1
f 822//1 1067//1 778//1
f 1069//3 1070//3 779//3
f 1070//3 823//3 779//3
f 835//9 836//9 840//9
f 841//15 834//15 840//15
f 822//115 834//115 841//115
f 834//15 835//15 840//15
f 823//115 822//115 841//115
f 840//9 836//9 839//9
f 1067//65 822//65 823//65
f 1068//67 1067//67 1070//67
f 1071//105 1068//105 1069//105
f 1069//67 1068//67 1070//67
f 1070//65 1067//65 823//65
f 1072//105 1071//105 1069//105
f 1073//42 1074//42 1075//42
f 1076//43 1077//43 1078//43
f 1075//43 1076//43 1078//43
f 1078//80 1077//80 1072//80
f 1077//80 1071//80 1072//80
f 1074//42 1076//42 1075//42
f 1068//1 1079//1 778//1
f 778//124 1079//124 779//124
f 870//33 873//33 871//33
f 873//71 875//71 877//71
f 881//71 873//71 877//71
f 875//35 1080//35 877//35
f 871//33 873//33 881//33
f 877//35 1080//35 1081//35
f 1082//120 1083//120 1084//120
f 1083//54 1074//54 1073//54
f 1084//52 1083//52 1073//52
f 1081//125 1082//125 1085//125
f 1085//120 1082//120 1084//120
f 1080//125 1082//125 1081//125
f 1023//1 1083//1 1082//1
f 876//1 1080//1 875//1
f 1026//1 1083//1 1023//1
f 1022//1 1080//1 876//1
f 1022//1 1082//1 1080//1
f 1023//1 1082//1 1022//1
f 1085//3 1025//3 1024//3
f 1084//3 1025//3 1085//3
f 1073//184 1028//184 1084//184
f 1084//3 1028//3 1025//3
f 1085//3 1024//3 1081//3
f 1081//3 1024//3 878//3
f 1081//3 878//3 877//3
f 1048//1 1079//1 1029//1
f 1029//1 1079//1 1027//1
f 1027//1 1079//1 1026//1
f 1026//1 1079//1 1083//1
f 1079//185 1086//185 779//185
f 1077//1 1079//1 1071//1
f 1071//1 1079//1 1068//1
f 1086//3 1069//3 779//3
f 1086//3 1028//3 1073//3
f 1086//3 1072//3 1069//3
f 1086//3 1073//3 1075//3
f 1083//1 1079//1 1074//1
f 1074//1 1079//1 1076//1
f 1086//3 1078//3 1072//3
f 1086//3 1075//3 1078//3
f 1076//1 1079//1 1077//1
f 1086//3 1030//3 1028//3
f 1086//3 1031//3 1030//3
f 1086//3 1049//3 1031//3
f 1087//186 1086//186 1088//186
f 1088//187 1086//187 1089//187
f 1089//188 1086//188 1090//188
f 1090//189 1086//189 1079//189
f 1051//3 1007//3 1042//3
f 1051//3 1005//3 1007//3
f 1046//1 1050//1 1048//1
f 1044//1 1050//1 1046//1
f 1051//3 1042//3 1045//3
f 1051//3 1045//3 1047//3
f 1051//3 1047//3 1049//3
f 1038//1 1050//1 1044//1
f 1091//152 1092//152 1058//152
f 1058//152 1092//152 1059//152
f 1093//153 1094//153 1062//153
f 1093//153 1062//153 1061//153
f 1050//1 1079//1 1048//1
f 1086//3 1051//3 1049//3
f 1095//190 1092//190 1096//190
f 1096//191 1092//191 1091//191
f 1097//192 1095//192 1098//192
f 1098//192 1095//192 1096//192
f 1099//193 1097//193 1087//193
f 1087//193 1097//193 1098//193
f 1050//194 1100//194 1079//194
f 1100//195 1101//195 1090//195
f 1090//196 1101//196 1089//196
f 1102//197 1099//197 1088//197
f 1088//197 1099//197 1087//197
f 1101//198 1102//198 1089//198
f 1089//198 1102//198 1088//198
f 1079//199 1100//199 1090//199
f 1093//200 1103//200 1094//200
f 1103//201 1104//201 1105//201
f 1103//202 1105//202 1106//202
f 1103//203 1106//203 1094//203
f 1104//204 1107//204 1105//204
f 1107//204 1108//204 1105//204
f 1109//205 1110//205 1111//205
f 1107//206 1112//206 1108//206
f 1107//207 1109//207 1112//207
f 1109//208 1111//208 1112//208
f 1110//209 1113//209 1114//209
f 1110//209 1114//209 1111//209
f 1113//210 1051//210 1086//210
f 1113//211 1086//211 1114//211
f 523//212 520//212 528//212
f 528//213 520//213 490//213
f 490//214 520//214 522//214
f 490//215 522//215 515//215
f 515//216 522//216 517//216
f 525//217 523//217 528//217
f 531//218 490//218 489//218
f 532//219 490//219 531//219
f 530//220 490//220 532//220
f 529//221 490//221 530//221
f 528//222 490//222 529//222
f 538//223 528//223 529//223
f 536//224 528//224 535//224
f 535//225 528//225 538//225
f 542//226 528//226 536//226
f 542//226 536//226 540//226
f 554//227 542//227 544//227
f 546//228 554//228 544//228
f 557//229 554//229 546//229
f 544//227 542//227 540//227
f 553//230 557//230 549//230
f 549//230 557//230 546//230
f 1115//231 1116//231 1117//231
f 1118//232 550//232 548//232
f 1116//233 550//233 1118//233
f 548//234 553//234 549//234
f 550//235 553//235 548//235
f 1117//236 1116//236 1118//236
f 1119//237 1115//237 1117//237
f 1120//237 1115//237 1119//237
f 1121//1 1119//1 1122//1
f 1121//1 1120//1 1119//1
f 1123//238 1124//238 548//238
f 1118//239 1124//239 1117//239
f 548//238 1124//238 1118//238
f 1125//240 1126//240 1117//240
f 1117//240 1126//240 1119//240
f 1127//241 1128//241 1120//241
f 1128//241 1115//241 1120//241
f 1052//242 550//242 1116//242
f 1128//243 1129//243 1116//243
f 1128//243 1116//243 1115//243
f 1126//244 1130//244 1122//244
f 1119//244 1126//244 1122//244
f 1131//245 1132//245 1133//245
f 1134//1 1122//1 1135//1
f 1133//1 1122//1 1134//1
f 1132//1 1122//1 1133//1
f 1132//1 1136//1 1122//1
f 1133//245 1134//245 1137//245
f 1122//1 1138//1 1139//1
f 1136//1 1138//1 1122//1
f 1136//1 1140//1 1138//1
f 1139//1 1141//1 1122//1
f 1141//1 1142//1 1122//1
f 1136//1 1143//1 1140//1
f 1142//1 1121//1 1122//1
f 1136//1 1144//1 1143//1
f 1145//246 1120//246 1121//246
f 1145//246 1127//246 1120//246
f 1146//247 1147//247 1134//247
f 1146//247 1134//247 1135//247
f 1147//248 1148//248 1134//248
f 1130//249 1135//249 1122//249
f 1130//249 1146//249 1135//249
f 1148//248 1137//248 1134//248
f 1149//250 1150//250 1131//250
f 1149//250 1131//250 1133//250
f 1150//251 1151//251 1132//251
f 1150//251 1132//251 1131//251
f 1151//252 1136//252 1132//252
f 1151//252 1152//252 1136//252
f 1148//253 1133//253 1137//253
f 1148//253 1149//253 1133//253
f 1153//254 1145//254 1121//254
f 1154//255 1153//255 1141//255
f 1142//254 1153//254 1121//254
f 1141//255 1153//255 1142//255
f 1155//256 1154//256 1141//256
f 1139//256 1155//256 1141//256
f 1156//257 1157//257 1138//257
f 1138//258 1157//258 1139//258
f 1157//258 1155//258 1139//258
f 1158//259 1156//259 1140//259
f 1140//257 1156//257 1138//257
f 1159//260 1158//260 1143//260
f 1143//259 1158//259 1140//259
f 1144//260 1159//260 1143//260
f 1136//1 1160//1 1144//1
f 1136//261 1161//261 1160//261
f 1162//262 1144//262 1163//262
f 1163//263 1144//263 1164//263
f 1136//264 1165//264 1166//264
f 1136//265 1166//265 1161//265
f 1167//266 1144//266 1168//266
f 1168//267 1144//267 1169//267
f 1169//268 1144//268 1162//268
f 1136//269 1170//269 1171//269
f 1136//270 1172//270 1165//270
f 1136//271 1171//271 1172//271
f 1136//272 1173//272 1170//272
f 1174//273 1144//273 1175//273
f 1136//274 1176//274 1177//274
f 1175//275 1144//275 1167//275
f 1136//276 1177//276 1178//276
f 1136//277 1178//277 1173//277
f 1179//278 1144//278 1180//278
f 1180//279 1144//279 1174//279
f 1160//1 1181//1 1144//1
f 1164//280 1144//280 1181//280
f 1165//281 1172//281 1162//281
f 1162//281 1172//281 1169//281
f 1166//282 1165//282 1163//282
f 1163//283 1165//283 1162//283
f 1161//284 1166//284 1163//284
f 1182//285 1161//285 1164//285
f 1164//286 1161//286 1163//286
f 1183//3 1182//3 1184//3
f 1184//287 1182//287 1164//287
f 1185//288 1183//288 1186//288
f 1186//3 1183//3 1184//3
f 1187//289 1185//289 1188//289
f 1188//290 1185//290 1186//290
f 1179//291 1159//291 1144//291
f 1152//292 1176//292 1136//292
f 1168//293 1171//293 1167//293
f 1170//294 1189//294 1167//294
f 1167//294 1189//294 1190//294
f 1171//293 1170//293 1167//293
f 1169//295 1171//295 1168//295
f 1172//296 1171//296 1169//296
f 1189//297 1191//297 1190//297
f 1192//298 1193//298 1194//298
f 1191//298 1193//298 1192//298
f 1194//299 1195//299 1196//299
f 1190//300 1191//300 1192//300
f 1193//301 1195//301 1194//301
f 1173//302 1197//302 1170//302
f 1198//303 1199//303 1190//303
f 1199//304 1175//304 1167//304
f 1197//305 1189//305 1170//305
f 1190//306 1199//306 1167//306
f 1197//307 1200//307 1189//307
f 1200//308 1191//308 1189//308
f 1194//309 1201//309 1192//309
f 1192//310 1198//310 1190//310
f 1202//311 1193//311 1191//311
f 1203//312 1204//312 1205//312
f 1205//313 1204//313 1206//313
f 1207//1 1203//1 1208//1
f 1208//1 1203//1 1205//1
f 1209//314 1207//314 1210//314
f 1210//315 1207//315 1208//315
f 1195//316 1209//316 1196//316
f 1196//317 1209//317 1210//317
f 1204//318 1211//318 1206//318
f 1212//319 1203//319 1207//319
f 1212//320 1204//320 1203//320
f 1213//321 1207//321 1209//321
f 1202//322 1214//322 1193//322
f 1200//323 1202//323 1191//323
f 1214//324 1215//324 1195//324
f 1214//325 1195//325 1193//325
f 1215//326 1213//326 1209//326
f 1215//327 1209//327 1195//327
f 1173//328 1178//328 1175//328
f 1175//328 1178//328 1174//328
f 1197//329 1173//329 1199//329
f 1201//330 1200//330 1198//330
f 1199//331 1173//331 1175//331
f 1202//332 1200//332 1201//332
f 1200//333 1197//333 1198//333
f 1198//333 1197//333 1199//333
f 1178//295 1177//295 1174//295
f 1180//334 1177//334 1179//334
f 1174//335 1177//335 1180//335
f 1177//334 1176//334 1179//334
f 1214//3 1202//3 1201//3
f 1216//336 1215//336 1217//336
f 1218//337 1213//337 1219//337
f 1215//336 1214//336 1217//336
f 1219//338 1213//338 1216//338
f 1213//339 1215//339 1216//339
f 1217//3 1214//3 1201//3
f 1219//340 1216//340 1210//340
f 1217//341 1201//341 1194//341
f 1210//342 1216//342 1196//342
f 1208//343 1219//343 1210//343
f 1213//344 1212//344 1207//344
f 1196//345 1217//345 1194//345
f 1216//346 1217//346 1196//346
f 1201//347 1198//347 1192//347
f 1220//348 1218//348 1221//348
f 1222//349 1223//349 1221//349
f 1221//350 1218//350 1219//350
f 1224//351 1220//351 1223//351
f 1225//352 1226//352 1227//352
f 1227//353 1224//353 1223//353
f 1223//354 1220//354 1221//354
f 1226//352 1224//352 1227//352
f 1224//355 1228//355 1220//355
f 1218//356 1228//356 1212//356
f 1226//357 1229//357 1224//357
f 1224//358 1229//358 1228//358
f 1220//359 1228//359 1218//359
f 1213//360 1218//360 1212//360
f 1184//361 1164//361 1181//361
f 1186//362 1184//362 1181//362
f 1182//363 1183//363 1160//363
f 1161//364 1182//364 1160//364
f 1183//365 1230//365 1160//365
f 1185//366 1187//366 1231//366
f 1183//367 1185//367 1232//367
f 1185//368 1231//368 1232//368
f 1233//289 1187//289 1188//289
f 1234//369 1187//369 1233//369
f 1183//370 1232//370 1230//370
f 1235//371 1234//371 1233//371
f 1187//372 1234//372 1236//372
f 1187//373 1236//373 1231//373
f 1233//374 1188//374 1237//374
f 1238//375 1239//375 1240//375
f 1235//376 1233//376 1241//376
f 1237//377 1188//377 1242//377
f 1242//378 1186//378 1243//378
f 1241//379 1233//379 1237//379
f 1188//380 1186//380 1242//380
f 1238//381 1240//381 1244//381
f 1244//382 1240//382 1235//382
f 1244//383 1235//383 1241//383
f 1245//384 1246//384 1247//384
f 1248//385 1246//385 1245//385
f 1245//386 1247//386 1234//386
f 1248//387 1249//387 1246//387
f 1234//388 1247//388 1236//388
f 1250//389 1243//389 1181//389
f 1251//390 1252//390 1181//390
f 1253//391 1250//391 1181//391
f 1252//392 1253//392 1181//392
f 1254//393 1230//393 1243//393
f 1243//394 1186//394 1181//394
f 1250//395 1254//395 1243//395
f 1230//396 1254//396 1160//396
f 1255//397 1256//397 1160//397
f 1256//398 1257//398 1160//398
f 1254//399 1258//399 1160//399
f 1258//400 1255//400 1160//400
f 1257//401 1259//401 1260//401
f 1257//402 1260//402 1160//402
f 1258//286 1254//286 1253//286
f 1256//3 1255//3 1252//3
f 1253//286 1254//286 1250//286
f 1255//403 1258//403 1252//403
f 1252//403 1258//403 1253//403
f 1261//404 1257//404 1251//404
f 1259//405 1257//405 1261//405
f 1251//3 1256//3 1252//3
f 1262//350 1259//350 1263//350
f 1263//289 1259//289 1261//289
f 1257//404 1256//404 1251//404
f 1264//406 1239//406 1238//406
f 1231//334 1236//334 1237//334
f 1243//407 1232//407 1242//407
f 1230//408 1232//408 1243//408
f 1242//409 1231//409 1237//409
f 1232//410 1231//410 1242//410
f 1237//334 1236//334 1241//334
f 1236//411 1247//411 1241//411
f 1241//411 1247//411 1244//411
f 1244//412 1246//412 1238//412
f 1246//413 1249//413 1238//413
f 1264//414 1265//414 1266//414
f 1247//415 1246//415 1244//415
f 1238//416 1249//416 1264//416
f 1266//417 1267//417 1268//417
f 1265//417 1267//417 1266//417
f 1249//418 1265//418 1264//418
f 1267//419 1269//419 1268//419
f 1270//420 1271//420 1272//420
f 1271//421 1273//421 1274//421
f 1272//422 1271//422 1274//422
f 1268//419 1269//419 1275//419
f 1276//423 1270//423 1277//423
f 1277//423 1270//423 1272//423
f 1275//1 1276//1 1277//1
f 1269//1 1276//1 1275//1
f 1278//424 1160//424 1260//424
f 1278//424 1181//424 1160//424
f 1279//425 1278//425 1260//425
f 1279//426 1280//426 1281//426
f 1279//427 1282//427 1278//427
f 1259//428 1262//428 1260//428
f 1263//429 1261//429 1278//429
f 1278//430 1261//430 1181//430
f 1279//431 1281//431 1282//431
f 1261//432 1251//432 1181//432
f 1282//433 1263//433 1278//433
f 1279//434 1260//434 1283//434
f 1284//435 1283//435 1285//435
f 1262//436 1283//436 1260//436
f 1286//437 1283//437 1287//437
f 1287//438 1283//438 1262//438
f 1284//439 1279//439 1283//439
f 1288//440 1280//440 1279//440
f 1287//348 1262//348 1282//348
f 1282//350 1262//350 1263//350
f 1286//441 1289//441 1283//441
f 1286//442 1287//442 1281//442
f 1281//443 1287//443 1282//443
f 1290//352 1286//352 1280//352
f 1280//444 1286//444 1281//444
f 1291//352 1290//352 1280//352
f 1292//445 1290//445 1291//445
f 1293//446 1292//446 1294//446
f 1273//447 1293//447 1294//447
f 1295//445 1292//445 1291//445
f 1274//421 1273//421 1296//421
f 1294//448 1292//448 1295//448
f 1293//449 1297//449 1292//449
f 1293//450 1298//450 1297//450
f 1273//451 1298//451 1293//451
f 1296//452 1273//452 1294//452
f 1299//453 1294//453 1300//453
f 1300//454 1295//454 1301//454
f 1300//455 1294//455 1295//455
f 1299//456 1296//456 1294//456
f 1301//457 1291//457 1288//457
f 1301//458 1295//458 1291//458
f 1288//459 1291//459 1280//459
f 1290//460 1289//460 1286//460
f 1292//461 1297//461 1302//461
f 1292//462 1302//462 1290//462
f 1290//463 1302//463 1289//463
f 1303//464 1304//464 1284//464
f 1304//465 1288//465 1279//465
f 1284//466 1304//466 1279//466
f 1305//467 1303//467 1284//467
f 1289//468 1306//468 1283//468
f 1288//469 1302//469 1301//469
f 1306//470 1289//470 1288//470
f 1289//471 1302//471 1288//471
f 1307//288 1308//288 1305//288
f 1309//3 1310//3 1303//3
f 1305//3 1309//3 1303//3
f 1308//290 1309//290 1305//290
f 1303//472 1310//472 1304//472
f 1304//473 1306//473 1288//473
f 1310//474 1306//474 1304//474
f 1310//475 1309//475 1285//475
f 1311//476 1312//476 1313//476
f 1309//477 1308//477 1313//477
f 1308//478 1311//478 1313//478
f 1306//479 1285//479 1283//479
f 1306//480 1310//480 1285//480
f 1309//481 1313//481 1285//481
f 1312//482 1311//482 1314//482
f 1314//289 1311//289 1307//289
f 1315//483 1312//483 1314//483
f 1311//484 1308//484 1307//484
f 1316//485 1317//485 1239//485
f 1248//351 1245//351 1240//351
f 1245//486 1234//486 1235//486
f 1240//486 1245//486 1235//486
f 1317//485 1248//485 1239//485
f 1239//353 1248//353 1240//353
f 1318//445 1319//445 1316//445
f 1320//487 1319//487 1321//487
f 1321//488 1319//488 1318//488
f 1322//489 1320//489 1321//489
f 1323//489 1320//489 1322//489
f 1319//445 1317//445 1316//445
f 1317//490 1324//490 1248//490
f 1211//491 1323//491 1325//491
f 1205//492 1326//492 1208//492
f 1206//318 1211//318 1325//318
f 1325//493 1323//493 1322//493
f 1206//494 1326//494 1205//494
f 1327//495 1206//495 1325//495
f 1328//496 1318//496 1316//496
f 1328//497 1322//497 1321//497
f 1327//498 1326//498 1206//498
f 1322//499 1327//499 1325//499
f 1328//500 1321//500 1318//500
f 1328//501 1327//501 1322//501
f 1329//502 1323//502 1211//502
f 1204//503 1329//503 1211//503
f 1319//504 1330//504 1317//504
f 1320//505 1330//505 1319//505
f 1212//506 1329//506 1204//506
f 1323//507 1330//507 1320//507
f 1330//508 1329//508 1327//508
f 1329//509 1330//509 1323//509
f 1328//510 1316//510 1331//510
f 1331//511 1316//511 1239//511
f 1266//512 1331//512 1264//512
f 1332//513 1331//513 1266//513
f 1331//514 1330//514 1328//514
f 1328//515 1330//515 1327//515
f 1331//516 1239//516 1264//516
f 1324//517 1265//517 1249//517
f 1324//518 1330//518 1331//518
f 1317//519 1330//519 1324//519
f 1324//520 1333//520 1265//520
f 1248//521 1324//521 1249//521
f 1277//522 1332//522 1275//522
f 1275//523 1332//523 1268//523
f 1334//524 1332//524 1277//524
f 1334//3 1333//3 1332//3
f 1332//525 1324//525 1331//525
f 1333//526 1324//526 1332//526
f 1268//527 1332//527 1266//527
f 1335//528 1270//528 1276//528
f 1335//529 1336//529 1271//529
f 1333//530 1276//530 1269//530
f 1333//531 1269//531 1267//531
f 1335//3 1333//3 1334//3
f 1333//532 1267//532 1265//532
f 1336//533 1335//533 1334//533
f 1336//534 1273//534 1271//534
f 1335//535 1271//535 1270//535
f 1333//536 1335//536 1276//536
f 1212//537 1228//537 1222//537
f 1326//538 1219//538 1208//538
f 1329//539 1212//539 1327//539
f 1327//540 1212//540 1326//540
f 1326//541 1212//541 1222//541
f 1222//542 1221//542 1326//542
f 1221//543 1219//543 1326//543
f 1222//544 1228//544 1337//544
f 1337//545 1227//545 1222//545
f 1222//546 1227//546 1223//546
f 1337//547 1225//547 1227//547
f 1228//548 1229//548 1337//548
f 1338//549 1334//549 1274//549
f 1272//550 1334//550 1277//550
f 1274//551 1334//551 1272//551
f 1339//552 1338//552 1340//552
f 1340//553 1338//553 1299//553
f 1296//554 1338//554 1274//554
f 1339//555 1341//555 1338//555
f 1299//556 1338//556 1296//556
f 1338//557 1336//557 1334//557
f 1341//555 1336//555 1338//555
f 1336//558 1298//558 1273//558
f 1336//559 1342//559 1298//559
f 1341//560 1343//560 1344//560
f 1336//561 1341//561 1342//561
f 1341//562 1344//562 1342//562
f 1345//563 1341//563 1339//563
f 1346//564 1345//564 1339//564
f 1341//565 1347//565 1343//565
f 1348//566 1349//566 1345//566
f 1345//567 1349//567 1350//567
f 1345//568 1350//568 1347//568
f 1341//569 1345//569 1347//569
f 1301//281 1302//281 1300//281
f 1298//570 1342//570 1340//570
f 1297//335 1298//335 1300//335
f 1300//296 1298//296 1299//296
f 1299//570 1298//570 1340//570
f 1302//571 1297//571 1300//571
f 1342//572 1344//572 1340//572
f 1351//298 1347//298 1352//298
f 1353//573 1343//573 1351//573
f 1340//572 1344//572 1353//572
f 1343//574 1347//574 1351//574
f 1344//575 1343//575 1353//575
f 1354//576 1312//576 1315//576
f 1355//577 1354//577 1356//577
f 1357//578 1358//578 1359//578
f 1359//579 1355//579 1356//579
f 1356//580 1354//580 1315//580
f 1358//578 1355//578 1359//578
f 1360//581 1361//581 1362//581
f 1362//582 1361//582 1363//582
f 1363//583 1358//583 1357//583
f 1364//584 1360//584 1362//584
f 1365//585 1360//585 1364//585
f 1361//583 1358//583 1363//583
f 1366//586 1346//586 1367//586
f 1367//587 1346//587 1352//587
f 1352//588 1339//588 1351//588
f 1368//589 1369//589 1366//589
f 1370//590 1369//590 1368//590
f 1366//591 1369//591 1346//591
f 1346//592 1339//592 1352//592
f 1353//593 1339//593 1340//593
f 1351//594 1339//594 1353//594
f 1347//301 1350//301 1352//301
f 1350//595 1349//595 1367//595
f 1352//596 1350//596 1367//596
f 1349//597 1371//597 1366//597
f 1348//598 1372//598 1371//598
f 1348//599 1371//599 1349//599
f 1367//600 1349//600 1366//600
f 1370//312 1373//312 1374//312
f 1371//1 1372//1 1368//1
f 1368//1 1372//1 1370//1
f 1372//313 1373//313 1370//313
f 1375//601 1365//601 1364//601
f 1376//491 1375//491 1364//491
f 1374//318 1375//318 1376//318
f 1366//602 1371//602 1368//602
f 1373//603 1375//603 1374//603
f 1369//604 1348//604 1346//604
f 1377//605 1369//605 1370//605
f 1348//606 1345//606 1346//606
f 1378//607 1379//607 1375//607
f 1378//608 1375//608 1373//608
f 1380//609 1360//609 1365//609
f 1381//610 1373//610 1372//610
f 1348//611 1381//611 1372//611
f 1380//612 1382//612 1360//612
f 1379//613 1365//613 1375//613
f 1379//614 1380//614 1365//614
f 1381//615 1378//615 1373//615
f 1383//616 1384//616 1385//616
f 1383//617 1386//617 1348//617
f 1383//618 1348//618 1369//618
f 1383//619 1385//619 1386//619
f 1387//352 1383//352 1388//352
f 1388//620 1383//620 1369//620
f 1387//621 1384//621 1383//621
f 1389//352 1387//352 1388//352
f 1387//622 1390//622 1384//622
f 1348//623 1386//623 1381//623
f 1391//624 1369//624 1377//624
f 1392//625 1389//625 1393//625
f 1393//544 1390//544 1392//544
f 1384//544 1390//544 1393//544
f 1393//626 1389//626 1388//626
f 1394//627 1388//627 1391//627
f 1391//628 1388//628 1369//628
f 1393//629 1388//629 1394//629
f 1129//242 1052//242 1116//242
f 1124//239 1125//239 1117//239
f 548//171 559//171 1123//171
f 1124//630 1128//630 1125//630
f 1052//631 1129//631 1124//631
f 1060//632 1052//632 559//632
f 1123//633 1052//633 1124//633
f 559//634 1052//634 1123//634
f 1128//635 1127//635 1125//635
f 1125//635 1127//635 1126//635
f 1129//636 1128//636 1124//636
f 1057//637 1065//637 1054//637
f 1059//638 1063//638 1057//638
f 1061//638 1063//638 1059//638
f 1063//639 1065//639 1057//639
f 1054//640 1060//640 559//640
f 1065//640 1060//640 1054//640
f 1145//3 1126//3 1127//3
f 1130//3 1126//3 1145//3
f 1152//3 1150//3 1148//3
f 1152//3 1148//3 1130//3
f 1152//3 1151//3 1150//3
f 1150//3 1149//3 1148//3
f 1148//184 1146//184 1130//184
f 1148//3 1147//3 1146//3
f 1155//3 1130//3 1154//3
f 1154//3 1130//3 1153//3
f 1153//3 1130//3 1145//3
f 1152//3 1156//3 1158//3
f 1152//3 1158//3 1159//3
f 1152//3 1155//3 1157//3
f 1152//3 1130//3 1155//3
f 1152//3 1157//3 1156//3
f 1092//226 1061//226 1059//226
f 1093//226 1061//226 1092//226
f 1093//641 1092//641 1095//641
f 1051//642 1093//642 1099//642
f 1093//643 1095//643 1097//643
f 1093//644 1097//644 1099//644
f 1051//645 1099//645 1102//645
f 1051//646 1102//646 1101//646
f 1107//647 1104//647 1103//647
f 1051//648 1101//648 1100//648
f 1051//649 1100//649 1050//649
f 1110//650 1051//650 1113//650
f 1107//651 1103//651 1093//651
f 1107//652 1093//652 1051//652
f 1107//653 1051//653 1110//653
f 1109//654 1107//654 1110//654
f 1395//655 1159//655 1179//655
f 1152//656 1396//656 1176//656
f 1176//657 1396//657 1179//657
f 1396//658 1397//658 1395//658
f 1179//657 1396//657 1395//657
f 1395//659 1397//659 1398//659
f 1399//660 1400//660 1401//660
f 1398//413 1402//413 1403//413
f 1397//413 1402//413 1398//413
f 1403//661 1399//661 1401//661
f 1400//662 1404//662 1405//662
f 1402//663 1399//663 1403//663
f 1401//660 1400//660 1405//660
f 1406//664 1407//664 1408//664
f 1408//664 1407//664 1409//664
f 1409//665 1407//665 1410//665
f 1404//1 1406//1 1411//1
f 1411//1 1406//1 1408//1
f 1407//666 1412//666 1410//666
f 1405//667 1404//667 1411//667
f 1412//668 1413//668 1410//668
f 1401//669 1414//669 1403//669
f 1415//670 1416//670 1412//670
f 1417//671 1407//671 1406//671
f 1417//672 1415//672 1407//672
f 1418//673 1417//673 1406//673
f 1418//674 1406//674 1404//674
f 1419//675 1418//675 1404//675
f 1419//676 1404//676 1400//676
f 1420//677 1400//677 1399//677
f 1421//678 1399//678 1402//678
f 1415//679 1412//679 1407//679
f 1422//488 1423//488 1424//488
f 1413//680 1425//680 1422//680
f 1425//487 1423//487 1422//487
f 1410//681 1413//681 1426//681
f 1426//682 1413//682 1422//682
f 1424//683 1226//683 1225//683
f 1423//683 1226//683 1424//683
f 1427//684 1426//684 1422//684
f 1413//685 1428//685 1425//685
f 1425//686 1428//686 1423//686
f 1413//687 1429//687 1428//687
f 1412//688 1429//688 1413//688
f 1423//689 1428//689 1229//689
f 1423//690 1229//690 1226//690
f 1409//691 1430//691 1408//691
f 1431//692 1432//692 1410//692
f 1410//693 1432//693 1409//693
f 1430//694 1433//694 1408//694
f 1408//695 1433//695 1411//695
f 1433//696 1434//696 1411//696
f 1411//697 1434//697 1405//697
f 1416//698 1429//698 1412//698
f 1405//699 1435//699 1401//699
f 1432//700 1430//700 1409//700
f 1435//701 1414//701 1401//701
f 1434//702 1435//702 1405//702
f 1420//703 1419//703 1400//703
f 1421//704 1420//704 1399//704
f 1430//705 1418//705 1433//705
f 1417//706 1418//706 1430//706
f 1433//707 1419//707 1434//707
f 1420//544 1421//544 1414//544
f 1419//296 1420//296 1434//296
f 1434//295 1420//295 1435//295
f 1435//544 1420//544 1414//544
f 1418//707 1419//707 1433//707
f 1421//294 1436//294 1414//294
f 1437//708 1438//708 1439//708
f 1439//708 1438//708 1440//708
f 1436//297 1437//297 1441//297
f 1441//300 1437//300 1439//300
f 1414//294 1436//294 1441//294
f 1442//3 1416//3 1431//3
f 1431//287 1416//287 1432//287
f 1443//288 1442//288 1444//288
f 1444//3 1442//3 1431//3
f 1445//709 1443//709 1446//709
f 1446//290 1443//290 1444//290
f 1432//710 1415//710 1430//710
f 1416//285 1415//285 1432//285
f 1415//711 1417//711 1430//711
f 1416//712 1442//712 1429//712
f 1442//713 1443//713 1429//713
f 1152//714 1421//714 1402//714
f 1152//715 1397//715 1396//715
f 1414//716 1159//716 1403//716
f 1403//717 1159//717 1398//717
f 1152//718 1402//718 1397//718
f 1398//719 1159//719 1395//719
f 1152//720 1438//720 1437//720
f 1447//721 1159//721 1440//721
f 1440//722 1159//722 1439//722
f 1152//723 1448//723 1438//723
f 1439//724 1159//724 1441//724
f 1152//725 1437//725 1436//725
f 1152//726 1436//726 1421//726
f 1441//727 1159//727 1414//727
f 1152//728 1449//728 1450//728
f 1449//3 1152//3 1159//3
f 1152//729 1450//729 1448//729
f 1451//730 1159//730 1447//730
f 1440//731 1448//731 1447//731
f 1447//417 1450//417 1451//417
f 1448//732 1450//732 1447//732
f 1450//314 1452//314 1451//314
f 1438//733 1448//733 1440//733
f 1452//1 1453//1 1454//1
f 1454//1 1453//1 1455//1
f 1455//313 1456//313 1457//313
f 1451//315 1452//315 1454//315
f 1453//312 1456//312 1455//312
f 1456//422 1458//422 1457//422
f 1459//734 1159//734 1451//734
f 1449//3 1159//3 1459//3
f 1229//735 1428//735 1337//735
f 1337//736 1428//736 1427//736
f 1337//737 1424//737 1225//737
f 1427//738 1424//738 1337//738
f 1427//739 1422//739 1424//739
f 1460//740 1461//740 1462//740
f 1429//741 1461//741 1460//741
f 1460//742 1410//742 1426//742
f 1460//628 1426//628 1427//628
f 1428//743 1429//743 1427//743
f 1427//744 1429//744 1460//744
f 1460//745 1431//745 1410//745
f 1444//746 1431//746 1460//746
f 1446//747 1444//747 1460//747
f 1463//748 1464//748 1465//748
f 1465//709 1445//709 1446//709
f 1464//749 1445//749 1465//749
f 1466//750 1467//750 1463//750
f 1463//751 1465//751 1462//751
f 1465//752 1446//752 1462//752
f 1462//753 1446//753 1460//753
f 1466//754 1463//754 1462//754
f 1466//755 1468//755 1467//755
f 1466//593 1469//593 1468//593
f 1470//756 1471//756 1464//756
f 1445//757 1464//757 1461//757
f 1443//758 1461//758 1429//758
f 1443//759 1445//759 1461//759
f 1464//760 1471//760 1461//760
f 1472//761 1471//761 1473//761
f 1461//762 1471//762 1462//762
f 1473//763 1471//763 1470//763
f 1473//351 1470//351 1467//351
f 1467//764 1470//764 1463//764
f 1470//764 1464//764 1463//764
f 1469//352 1472//352 1468//352
f 1468//353 1473//353 1467//353
f 1472//352 1473//352 1468//352
f 1474//488 1475//488 1476//488
f 1477//765 1478//765 1479//765
f 1475//445 1472//445 1469//445
f 1476//445 1475//445 1469//445
f 1479//765 1478//765 1474//765
f 1478//487 1475//487 1474//487
f 1475//766 1480//766 1472//766
f 1481//767 1482//767 1483//767
f 1482//556 1476//556 1483//556
f 1462//768 1471//768 1466//768
f 1484//549 1481//549 1483//549
f 1483//769 1469//769 1466//769
f 1471//770 1480//770 1466//770
f 1483//771 1476//771 1469//771
f 1466//772 1480//772 1483//772
f 1475//773 1485//773 1480//773
f 1472//774 1480//774 1471//774
f 1486//775 1487//775 1480//775
f 1485//776 1486//776 1480//776
f 1480//777 1487//777 1483//777
f 1483//778 1487//778 1484//778
f 1484//1 1488//1 1489//1
f 1487//1 1488//1 1484//1
f 1489//779 1490//779 1484//779
f 1491//780 1490//780 1489//780
f 1490//781 1492//781 1484//781
f 1492//551 1481//551 1484//551
f 1493//782 1488//782 1487//782
f 1493//783 1494//783 1488//783
f 1494//784 1495//784 1488//784
f 1496//785 1493//785 1487//785
f 1495//786 1497//786 1488//786
f 1488//787 1498//787 1489//787
f 1497//788 1498//788 1488//788
f 1497//789 1499//789 1498//789
f 1486//790 1496//790 1487//790
f 1500//791 1501//791 1502//791
f 1503//792 1504//792 1500//792
f 1503//793 1505//793 1504//793
f 1506//794 1500//794 1507//794
f 1503//795 1500//795 1506//795
f 1500//796 1387//796 1507//796
f 1387//797 1502//797 1390//797
f 1507//796 1387//796 1389//796
f 1500//798 1502//798 1387//798
f 1500//799 1504//799 1501//799
f 1508//800 1506//800 1509//800
f 1509//542 1506//542 1507//542
f 1510//801 1507//801 1511//801
f 1509//802 1507//802 1510//802
f 1502//659 1501//659 1511//659
f 1511//803 1507//803 1389//803
f 1392//804 1502//804 1511//804
f 1390//804 1502//804 1392//804
f 1511//805 1389//805 1392//805
f 1508//806 1512//806 1506//806
f 1513//807 1503//807 1506//807
f 1514//808 1503//808 1513//808
f 1515//809 1516//809 1517//809
f 1518//810 1515//810 1517//810
f 1518//811 1517//811 1519//811
f 1520//812 1516//812 1515//812
f 1520//813 1521//813 1516//813
f 1522//814 1518//814 1519//814
f 1522//815 1519//815 1505//815
f 1523//816 1505//816 1503//816
f 1523//817 1522//817 1505//817
f 1524//818 1491//818 1489//818
f 1525//819 1524//819 1489//819
f 1526//820 1498//820 1527//820
f 1489//821 1498//821 1526//821
f 1528//822 1526//822 1527//822
f 1529//823 1526//823 1528//823
f 1526//513 1525//513 1489//513
f 1530//824 1525//824 1526//824
f 1529//516 1530//516 1526//516
f 1531//825 1532//825 1533//825
f 1514//826 1534//826 1503//826
f 1535//827 1534//827 1514//827
f 1498//820 1531//820 1527//820
f 1527//828 1514//828 1513//828
f 1531//829 1533//829 1514//829
f 1533//830 1535//830 1514//830
f 1531//831 1514//831 1527//831
f 1498//832 1536//832 1537//832
f 1498//833 1537//833 1531//833
f 1531//834 1537//834 1538//834
f 1531//835 1538//835 1532//835
f 1499//836 1536//836 1498//836
f 1539//837 1527//837 1513//837
f 1540//838 1539//838 1513//838
f 1541//839 1527//839 1539//839
f 1512//840 1542//840 1506//840
f 1543//841 1527//841 1541//841
f 1542//842 1544//842 1506//842
f 1528//496 1527//496 1543//496
f 1544//843 1540//843 1513//843
f 1544//844 1513//844 1506//844
f 1544//845 1535//845 1540//845
f 1534//846 1535//846 1544//846
f 1545//847 1523//847 1503//847
f 1534//848 1545//848 1503//848
f 1535//849 1533//849 1540//849
f 1540//850 1533//850 1539//850
f 1515//851 1518//851 1546//851
f 1546//709 1518//709 1547//709
f 1522//290 1523//290 1512//290
f 1548//852 1515//852 1546//852
f 1542//853 1534//853 1544//853
f 1512//3 1523//3 1542//3
f 1547//288 1522//288 1512//288
f 1545//854 1534//854 1542//854
f 1518//855 1522//855 1547//855
f 1523//3 1545//3 1542//3
f 1532//335 1538//335 1541//335
f 1541//296 1538//296 1543//296
f 1543//856 1538//856 1528//856
f 1533//857 1532//857 1541//857
f 1538//856 1537//856 1528//856
f 1539//707 1533//707 1541//707
f 1549//858 1550//858 1551//858
f 1551//708 1550//708 1552//708
f 1536//575 1549//575 1529//575
f 1529//573 1549//573 1551//573
f 1528//572 1536//572 1529//572
f 1537//572 1536//572 1528//572
f 1520//859 1515//859 1548//859
f 1553//577 1520//577 1554//577
f 1554//860 1520//860 1548//860
f 1555//861 1556//861 1557//861
f 1557//579 1553//579 1554//579
f 1556//861 1553//861 1557//861
f 1558//582 1559//582 1560//582
f 1560//583 1559//583 1555//583
f 1561//862 1562//862 1563//862
f 1563//863 1562//863 1558//863
f 1562//581 1559//581 1558//581
f 1559//583 1556//583 1555//583
f 1458//864 1477//864 1564//864
f 1564//865 1477//865 1479//865
f 1456//866 1565//866 1458//866
f 1457//422 1458//422 1564//422
f 1453//867 1566//867 1456//867
f 1453//868 1567//868 1566//868
f 1456//869 1566//869 1565//869
f 1458//870 1568//870 1477//870
f 1458//871 1565//871 1568//871
f 1569//872 1479//872 1474//872
f 1570//873 1457//873 1571//873
f 1571//874 1457//874 1564//874
f 1570//875 1455//875 1457//875
f 1569//876 1474//876 1572//876
f 1572//877 1474//877 1476//877
f 1573//458 1479//458 1569//458
f 1573//878 1564//878 1479//878
f 1571//879 1564//879 1573//879
f 1574//880 1455//880 1570//880
f 1477//881 1568//881 1575//881
f 1477//882 1575//882 1478//882
f 1478//883 1576//883 1475//883
f 1478//883 1575//883 1576//883
f 1475//884 1576//884 1485//884
f 1572//885 1476//885 1482//885
f 1493//886 1496//886 1492//886
f 1485//408 1576//408 1482//408
f 1492//333 1486//333 1481//333
f 1496//333 1486//333 1492//333
f 1482//407 1576//407 1572//407
f 1486//329 1485//329 1481//329
f 1481//887 1485//887 1482//887
f 1572//335 1575//335 1569//335
f 1576//295 1575//295 1572//295
f 1569//334 1575//334 1573//334
f 1575//334 1568//334 1573//334
f 1490//886 1493//886 1492//886
f 1494//3 1493//3 1490//3
f 1495//336 1494//336 1524//336
f 1524//336 1494//336 1491//336
f 1491//3 1494//3 1490//3
f 1497//888 1495//888 1524//888
f 1499//350 1497//350 1525//350
f 1525//889 1497//889 1524//889
f 1568//657 1565//657 1573//657
f 1565//658 1566//658 1571//658
f 1573//657 1565//657 1571//657
f 1571//659 1566//659 1570//659
f 1577//662 1578//662 1579//662
f 1574//890 1580//890 1581//890
f 1580//660 1577//660 1581//660
f 1566//413 1567//413 1570//413
f 1581//660 1577//660 1579//660
f 1570//416 1567//416 1574//416
f 1567//891 1580//891 1574//891
f 1582//892 1583//892 1584//892
f 1585//893 1583//893 1582//893
f 1583//681 1586//681 1587//681
f 1584//681 1583//681 1587//681
f 1588//664 1585//664 1589//664
f 1579//662 1578//662 1590//662
f 1590//1 1588//1 1589//1
f 1578//1 1588//1 1590//1
f 1589//664 1585//664 1582//664
f 1459//894 1451//894 1454//894
f 1459//895 1454//895 1455//895
f 1589//896 1459//896 1590//896
f 1574//897 1459//897 1455//897
f 1581//898 1459//898 1574//898
f 1579//899 1459//899 1581//899
f 1590//900 1459//900 1579//900
f 1450//901 1449//901 1452//901
f 1452//902 1449//902 1453//902
f 1449//903 1567//903 1453//903
f 1449//904 1591//904 1585//904
f 1449//905 1580//905 1567//905
f 1449//906 1577//906 1580//906
f 1449//907 1578//907 1577//907
f 1449//908 1588//908 1578//908
f 1449//909 1585//909 1588//909
f 1591//910 1449//910 1459//910
f 1591//911 1583//911 1585//911
f 1592//348 1499//348 1530//348
f 1530//350 1499//350 1525//350
f 1593//912 1592//912 1594//912
f 1594//443 1592//443 1530//443
f 1595//352 1593//352 1596//352
f 1596//913 1593//913 1594//913
f 1592//914 1549//914 1536//914
f 1597//352 1595//352 1596//352
f 1593//915 1549//915 1592//915
f 1592//916 1536//916 1499//916
f 1598//917 1597//917 1552//917
f 1552//918 1597//918 1596//918
f 1551//919 1596//919 1594//919
f 1552//920 1596//920 1551//920
f 1598//921 1599//921 1597//921
f 1551//922 1594//922 1529//922
f 1529//923 1594//923 1530//923
f 1600//924 1601//924 1595//924
f 1595//925 1550//925 1593//925
f 1593//926 1550//926 1549//926
f 1595//927 1601//927 1550//927
f 1598//928 1602//928 1599//928
f 1587//929 1603//929 1604//929
f 1605//930 1601//930 1600//930
f 1586//931 1603//931 1587//931
f 1599//683 1600//683 1597//683
f 1600//683 1595//683 1597//683
f 1603//932 1600//932 1604//932
f 1604//933 1600//933 1599//933
f 1606//1 1607//1 1608//1
f 1609//1 1607//1 1606//1
f 1608//312 1610//312 1611//312
f 1607//313 1610//313 1608//313
f 1552//934 1601//934 1598//934
f 1550//733 1601//733 1552//733
f 1598//935 1612//935 1613//935
f 1601//936 1612//936 1598//936
f 1613//602 1609//602 1606//602
f 1612//597 1609//597 1613//597
f 1613//937 1602//937 1598//937
f 1606//938 1614//938 1613//938
f 1614//939 1602//939 1613//939
f 1608//940 1614//940 1606//940
f 1605//941 1612//941 1601//941
f 1615//942 1561//942 1616//942
f 1611//422 1615//422 1616//422
f 1616//943 1561//943 1563//943
f 1610//944 1615//944 1611//944
f 1617//945 1607//945 1609//945
f 1617//946 1618//946 1607//946
f 1618//947 1610//947 1607//947
f 1618//948 1615//948 1610//948
f 1618//949 1561//949 1615//949
f 1617//950 1609//950 1612//950
f 1605//951 1617//951 1612//951
f 1602//952 1604//952 1599//952
f 1602//953 1619//953 1587//953
f 1602//954 1587//954 1604//954
f 1582//955 1459//955 1589//955
f 1587//956 1619//956 1584//956
f 1591//957 1586//957 1583//957
f 1619//958 1459//958 1582//958
f 1591//910 1459//910 1619//910
f 1584//959 1619//959 1582//959
f 1605//960 1619//960 1602//960
f 1605//961 1591//961 1619//961
f 1617//962 1602//962 1614//962
f 1603//963 1605//963 1600//963
f 1586//964 1605//964 1603//964
f 1617//965 1605//965 1602//965
f 1591//966 1605//966 1586//966
f 1618//967 1617//967 1614//967
f 519//968 518//968 516//968
f 526//969 537//969 534//969
f 526//970 534//970 533//970
f 526//971 533//971 514//971
f 519//972 516//972 521//972
f 503//973 526//973 514//973
f 516//974 526//974 503//974
f 518//975 524//975 527//975
f 518//976 527//976 526//976
f 518//977 526//977 516//977
f 526//978 541//978 537//978
f 537//978 541//978 539//978
f 1620//1 1621//1 1622//1
f 1623//1 1621//1 1620//1
f 541//979 555//979 539//979
f 539//980 555//980 543//980
f 543//981 556//981 545//981
f 555//982 556//982 543//982
f 556//983 552//983 545//983
f 545//984 552//984 547//984
f 547//985 551//985 561//985
f 552//986 551//986 547//986
f 561//987 1624//987 1625//987
f 551//988 1624//988 561//988
f 1625//989 1626//989 1627//989
f 1624//990 1626//990 1625//990
f 1627//991 1623//991 1620//991
f 1626//991 1623//991 1627//991
f 1628//244 1629//244 1622//244
f 1622//244 1629//244 1620//244
f 1630//246 1631//246 1623//246
f 1631//246 1621//246 1623//246
f 1629//240 1632//240 1627//240
f 1632//992 1633//992 1625//992
f 1627//992 1632//992 1625//992
f 1620//240 1629//240 1627//240
f 1634//241 1623//241 1626//241
f 1635//243 1626//243 1624//243
f 1635//242 1624//242 551//242
f 1636//1 1637//1 1638//1
f 1639//1 1640//1 1637//1
f 1622//1 1636//1 1641//1
f 1622//1 1637//1 1636//1
f 1622//1 1639//1 1637//1
f 1642//1 1639//1 1622//1
f 1643//1 1642//1 1622//1
f 1643//1 1622//1 1644//1
f 1645//1 1644//1 1622//1
f 1646//1 1642//1 1643//1
f 1647//1 1642//1 1648//1
f 1621//1 1649//1 1622//1
f 1649//1 1645//1 1622//1
f 1648//1 1642//1 1646//1
f 1647//993 1650//993 1651//993
f 1647//994 1651//994 1652//994
f 1647//995 1652//995 1653//995
f 1647//996 1653//996 1654//996
f 1647//997 1654//997 1655//997
f 1656//998 1642//998 1657//998
f 1658//999 1642//999 1656//999
f 1659//1000 1642//1000 1658//1000
f 1660//1001 1642//1001 1659//1001
f 1661//1002 1642//1002 1660//1002
f 1647//1003 1662//1003 1663//1003
f 1647//1004 1664//1004 1662//1004
f 1647//1005 1665//1005 1650//1005
f 1666//1006 1642//1006 1667//1006
f 1667//1007 1642//1007 1668//1007
f 1668//1008 1642//1008 1669//1008
f 1669//1009 1642//1009 1661//1009
f 1647//1010 1663//1010 1665//1010
f 1622//1011 1641//1011 1628//1011
f 1641//1012 1636//1012 1670//1012
f 1641//1012 1670//1012 1671//1012
f 1641//1011 1671//1011 1628//1011
f 1638//1013 1672//1013 1670//1013
f 1638//1014 1673//1014 1672//1014
f 1638//1014 1637//1014 1673//1014
f 1636//1013 1638//1013 1670//1013
f 1637//1015 1640//1015 1674//1015
f 1642//1016 1675//1016 1676//1016
f 1637//1015 1674//1015 1673//1015
f 1640//1017 1639//1017 1676//1017
f 1640//1017 1676//1017 1674//1017
f 1639//1016 1642//1016 1676//1016
f 1649//1018 1621//1018 1677//1018
f 1677//1018 1621//1018 1631//1018
f 1645//1019 1649//1019 1678//1019
f 1678//1019 1649//1019 1677//1019
f 1644//1020 1645//1020 1679//1020
f 1679//1020 1645//1020 1678//1020
f 1643//1021 1644//1021 1679//1021
f 1680//1021 1643//1021 1679//1021
f 1681//1022 1648//1022 1682//1022
f 1682//1023 1646//1023 1683//1023
f 1648//1023 1646//1023 1682//1023
f 1683//1024 1643//1024 1680//1024
f 1647//1022 1648//1022 1681//1022
f 1646//1024 1643//1024 1683//1024
f 1666//1025 1675//1025 1642//1025
f 1681//292 1664//292 1647//292
f 1684//1026 1655//1026 1657//1026
f 1685//1026 1655//1026 1684//1026
f 1657//1027 1654//1027 1656//1027
f 1655//1028 1654//1028 1657//1028
f 1656//1029 1653//1029 1658//1029
f 1654//1030 1653//1030 1656//1030
f 1657//1031 1642//1031 1686//1031
f 1687//1 1686//1 1647//1
f 1686//1 1642//1 1647//1
f 1647//1032 1655//1032 1687//1032
f 1688//1033 1689//1033 1687//1033
f 1685//1034 1688//1034 1687//1034
f 1655//1035 1685//1035 1687//1035
f 1690//289 1691//289 1692//289
f 1693//1036 1688//1036 1694//1036
f 1691//1037 1688//1037 1693//1037
f 1694//3 1685//3 1684//3
f 1688//3 1685//3 1694//3
f 1692//289 1691//289 1693//289
f 1695//1038 1690//1038 1696//1038
f 1696//1039 1690//1039 1692//1039
f 1688//1040 1691//1040 1697//1040
f 1688//1041 1697//1041 1689//1041
f 1690//1042 1698//1042 1699//1042
f 1691//1043 1699//1043 1697//1043
f 1691//1044 1690//1044 1699//1044
f 1700//385 1701//385 1702//385
f 1702//1045 1703//1045 1695//1045
f 1702//1046 1701//1046 1703//1046
f 1690//1047 1695//1047 1698//1047
f 1700//1048 1704//1048 1701//1048
f 1695//1049 1703//1049 1698//1049
f 1694//1050 1684//1050 1686//1050
f 1705//1051 1706//1051 1686//1051
f 1706//1052 1707//1052 1686//1052
f 1684//1053 1657//1053 1686//1053
f 1707//1054 1694//1054 1686//1054
f 1708//1055 1709//1055 1687//1055
f 1710//65 1708//65 1687//65
f 1711//1056 1710//1056 1687//1056
f 1712//1057 1711//1057 1687//1057
f 1689//1058 1712//1058 1687//1058
f 1711//286 1712//286 1705//286
f 1705//286 1712//286 1706//286
f 1706//1059 1689//1059 1707//1059
f 1710//1060 1711//1060 1713//1060
f 1714//1061 1708//1061 1715//1061
f 1713//1062 1711//1062 1705//1062
f 1709//1061 1708//1061 1714//1061
f 1712//395 1689//395 1706//395
f 1708//3 1710//3 1715//3
f 1715//3 1710//3 1713//3
f 1692//1063 1693//1063 1716//1063
f 1716//1064 1693//1064 1717//1064
f 1717//1065 1694//1065 1707//1065
f 1693//1066 1694//1066 1717//1066
f 1718//1067 1692//1067 1716//1067
f 1696//1068 1692//1068 1718//1068
f 1719//1069 1720//1069 1721//1069
f 1721//1070 1722//1070 1723//1070
f 1723//1071 1696//1071 1718//1071
f 1723//1072 1722//1072 1696//1072
f 1721//1073 1720//1073 1722//1073
f 1707//1074 1697//1074 1717//1074
f 1689//1075 1697//1075 1707//1075
f 1716//1076 1699//1076 1718//1076
f 1717//1077 1699//1077 1716//1077
f 1718//1078 1698//1078 1723//1078
f 1699//1076 1698//1076 1718//1076
f 1698//1078 1703//1078 1723//1078
f 1697//1079 1699//1079 1717//1079
f 1724//417 1725//417 1726//417
f 1721//1080 1701//1080 1719//1080
f 1723//1081 1703//1081 1721//1081
f 1704//414 1724//414 1727//414
f 1727//417 1724//417 1726//417
f 1701//1082 1704//1082 1719//1082
f 1703//1083 1701//1083 1721//1083
f 1719//1084 1704//1084 1727//1084
f 1728//1 1729//1 1730//1
f 1731//1 1729//1 1728//1
f 1730//1085 1729//1085 1732//1085
f 1726//1086 1725//1086 1728//1086
f 1729//1085 1733//1085 1732//1085
f 1725//1087 1731//1087 1728//1087
f 1651//1088 1650//1088 1660//1088
f 1659//1089 1652//1089 1660//1089
f 1658//281 1652//281 1659//281
f 1653//281 1652//281 1658//281
f 1652//1089 1651//1089 1660//1089
f 1660//1090 1650//1090 1661//1090
f 1650//1078 1734//1078 1735//1078
f 1736//298 1737//298 1738//298
f 1739//1084 1740//1084 1741//1084
f 1734//300 1737//300 1736//300
f 1737//298 1739//298 1738//298
f 1738//414 1739//414 1741//414
f 1661//1091 1650//1091 1735//1091
f 1735//300 1734//300 1736//300
f 1740//1092 1742//1092 1743//1092
f 1736//310 1744//310 1735//310
f 1735//1093 1745//1093 1661//1093
f 1746//1094 1734//1094 1650//1094
f 1743//1095 1742//1095 1747//1095
f 1741//1096 1740//1096 1743//1096
f 1748//1097 1737//1097 1734//1097
f 1700//1098 1702//1098 1720//1098
f 1749//1099 1700//1099 1750//1099
f 1702//1100 1695//1100 1722//1100
f 1722//1101 1695//1101 1696//1101
f 1750//1099 1700//1099 1720//1099
f 1720//1102 1702//1102 1722//1102
f 1751//1103 1752//1103 1753//1103
f 1754//1104 1751//1104 1753//1104
f 1755//489 1751//489 1754//489
f 1756//1105 1752//1105 1750//1105
f 1753//1106 1752//1106 1756//1106
f 1752//1105 1749//1105 1750//1105
f 1757//1107 1755//1107 1754//1107
f 1758//421 1755//421 1757//421
f 1747//1 1759//1 1760//1
f 1742//1095 1759//1095 1747//1095
f 1761//318 1758//318 1757//318
f 1762//1108 1761//1108 1763//1108
f 1763//318 1761//318 1757//318
f 1759//1 1762//1 1760//1
f 1760//1109 1762//1109 1763//1109
f 1764//1110 1765//1110 1761//1110
f 1764//1111 1761//1111 1762//1111
f 1764//1112 1762//1112 1759//1112
f 1761//1113 1765//1113 1758//1113
f 1765//1114 1755//1114 1758//1114
f 1766//1115 1744//1115 1736//1115
f 1744//303 1745//303 1735//303
f 1745//1116 1669//1116 1661//1116
f 1746//1117 1748//1117 1734//1117
f 1767//1118 1768//1118 1739//1118
f 1665//1119 1746//1119 1650//1119
f 1767//1120 1739//1120 1737//1120
f 1769//1121 1770//1121 1742//1121
f 1748//1122 1767//1122 1737//1122
f 1770//1123 1759//1123 1742//1123
f 1768//325 1740//325 1739//325
f 1768//1124 1769//1124 1740//1124
f 1769//1125 1742//1125 1740//1125
f 1669//1074 1665//1074 1668//1074
f 1748//333 1746//333 1744//333
f 1744//333 1746//333 1745//333
f 1665//1074 1663//1074 1668//1074
f 1767//1126 1748//1126 1766//1126
f 1745//1127 1665//1127 1669//1127
f 1746//1128 1665//1128 1745//1128
f 1766//1129 1748//1129 1744//1129
f 1663//1130 1662//1130 1668//1130
f 1662//1076 1664//1076 1667//1076
f 1668//296 1662//296 1667//296
f 1667//1076 1664//1076 1666//1076
f 1771//348 1772//348 1773//348
f 1774//3 1767//3 1766//3
f 1769//1037 1768//1037 1775//1037
f 1772//1131 1770//1131 1773//1131
f 1768//3 1767//3 1774//3
f 1775//1037 1768//1037 1774//1037
f 1776//348 1772//348 1771//348
f 1777//889 1769//889 1775//889
f 1770//1132 1769//1132 1777//1132
f 1773//1133 1770//1133 1777//1133
f 1778//1098 1776//1098 1771//1098
f 1779//1134 1776//1134 1778//1134
f 1780//1135 1779//1135 1778//1135
f 1781//1136 1779//1136 1780//1136
f 1738//1137 1766//1137 1736//1137
f 1774//1138 1766//1138 1738//1138
f 1741//1139 1774//1139 1738//1139
f 1775//1140 1774//1140 1741//1140
f 1777//1141 1775//1141 1743//1141
f 1770//1142 1764//1142 1759//1142
f 1743//1143 1775//1143 1741//1143
f 1747//1144 1777//1144 1743//1144
f 1782//1145 1777//1145 1747//1145
f 1779//1146 1783//1146 1784//1146
f 1781//1147 1783//1147 1779//1147
f 1772//356 1784//356 1764//356
f 1770//1148 1772//1148 1764//1148
f 1779//1149 1784//1149 1776//1149
f 1776//359 1784//359 1772//359
f 1785//1150 1778//1150 1771//1150
f 1786//545 1778//545 1785//545
f 1786//1151 1780//1151 1778//1151
f 1785//1152 1773//1152 1782//1152
f 1785//544 1784//544 1786//544
f 1785//802 1771//802 1773//802
f 1773//1153 1777//1153 1782//1153
f 1784//544 1783//544 1786//544
f 1787//1154 1756//1154 1750//1154
f 1787//1155 1750//1155 1788//1155
f 1788//1156 1750//1156 1720//1156
f 1787//1157 1753//1157 1756//1157
f 1787//1158 1754//1158 1753//1158
f 1787//1159 1789//1159 1754//1159
f 1754//1160 1789//1160 1757//1160
f 1789//1161 1763//1161 1757//1161
f 1752//1162 1790//1162 1749//1162
f 1765//1163 1790//1163 1755//1163
f 1755//1164 1790//1164 1751//1164
f 1751//1165 1790//1165 1752//1165
f 1788//1166 1720//1166 1719//1166
f 1727//1167 1788//1167 1719//1167
f 1791//513 1788//513 1727//513
f 1765//1168 1764//1168 1782//1168
f 1789//1169 1782//1169 1763//1169
f 1790//1170 1765//1170 1787//1170
f 1764//537 1784//537 1782//537
f 1787//1171 1765//1171 1789//1171
f 1782//537 1784//537 1785//537
f 1789//1172 1765//1172 1782//1172
f 1760//1173 1782//1173 1747//1173
f 1763//1174 1782//1174 1760//1174
f 1792//1175 1724//1175 1704//1175
f 1792//1176 1790//1176 1787//1176
f 1749//1177 1790//1177 1792//1177
f 1749//1178 1792//1178 1700//1178
f 1700//1179 1792//1179 1704//1179
f 1726//527 1791//527 1727//527
f 1728//1180 1791//1180 1726//1180
f 1788//1176 1792//1176 1787//1176
f 1793//1181 1792//1181 1791//1181
f 1794//3 1793//3 1791//3
f 1791//525 1792//525 1788//525
f 1793//1182 1795//1182 1729//1182
f 1795//3 1793//3 1794//3
f 1795//1183 1733//1183 1729//1183
f 1792//788 1793//788 1724//788
f 1795//1184 1796//1184 1733//1184
f 1793//1185 1725//1185 1724//1185
f 1793//1186 1729//1186 1731//1186
f 1793//1187 1731//1187 1725//1187
f 1797//1188 1687//1188 1798//1188
f 1797//1189 1686//1189 1687//1189
f 1799//1190 1797//1190 1798//1190
f 1714//1191 1715//1191 1686//1191
f 1799//1192 1800//1192 1801//1192
f 1797//1193 1714//1193 1686//1193
f 1802//429 1714//429 1797//429
f 1799//1194 1801//1194 1803//1194
f 1715//1195 1713//1195 1686//1195
f 1799//1196 1803//1196 1797//1196
f 1803//433 1802//433 1797//433
f 1709//1197 1798//1197 1687//1197
f 1713//1198 1705//1198 1686//1198
f 1799//1199 1798//1199 1804//1199
f 1805//1200 1799//1200 1804//1200
f 1805//1200 1804//1200 1806//1200
f 1807//1201 1804//1201 1798//1201
f 1808//1202 1807//1202 1798//1202
f 1809//1203 1804//1203 1810//1203
f 1810//1204 1804//1204 1807//1204
f 1709//1205 1808//1205 1798//1205
f 1811//1135 1809//1135 1800//1135
f 1800//1206 1810//1206 1801//1206
f 1810//1207 1807//1207 1801//1207
f 1803//1133 1808//1133 1802//1133
f 1807//1131 1808//1131 1803//1131
f 1812//1136 1809//1136 1811//1136
f 1802//289 1709//289 1714//289
f 1809//1206 1810//1206 1800//1206
f 1808//1208 1709//1208 1802//1208
f 1801//1209 1807//1209 1803//1209
f 1813//1210 1812//1210 1811//1210
f 1814//1211 1815//1211 1813//1211
f 1816//931 1814//931 1817//931
f 1732//422 1733//422 1818//422
f 1815//1212 1812//1212 1813//1212
f 1818//421 1816//421 1817//421
f 1796//1107 1816//1107 1818//1107
f 1817//1213 1814//1213 1819//1213
f 1819//1211 1814//1211 1813//1211
f 1733//1214 1796//1214 1818//1214
f 1820//1215 1800//1215 1799//1215
f 1821//1216 1811//1216 1820//1216
f 1820//1217 1811//1217 1800//1217
f 1822//1218 1813//1218 1821//1218
f 1821//1219 1813//1219 1811//1219
f 1823//1220 1817//1220 1819//1220
f 1822//1221 1819//1221 1813//1221
f 1823//1222 1819//1222 1822//1222
f 1809//1223 1824//1223 1804//1223
f 1825//1224 1826//1224 1806//1224
f 1824//1225 1827//1225 1804//1225
f 1827//1226 1806//1226 1804//1226
f 1827//1227 1825//1227 1806//1227
f 1812//1228 1824//1228 1809//1228
f 1812//1229 1828//1229 1824//1229
f 1815//1230 1829//1230 1828//1230
f 1814//1231 1829//1231 1815//1231
f 1814//1232 1830//1232 1829//1232
f 1816//1233 1830//1233 1814//1233
f 1815//1234 1828//1234 1812//1234
f 1827//1027 1824//1027 1831//1027
f 1820//1235 1828//1235 1821//1235
f 1831//1028 1824//1028 1820//1028
f 1824//1236 1828//1236 1820//1236
f 1832//1237 1805//1237 1806//1237
f 1831//1238 1820//1238 1799//1238
f 1833//1239 1831//1239 1805//1239
f 1832//1240 1834//1240 1805//1240
f 1805//1241 1831//1241 1799//1241
f 1834//1242 1833//1242 1805//1242
f 1826//3 1825//3 1834//3
f 1833//1126 1827//1126 1831//1126
f 1825//1126 1827//1126 1833//1126
f 1835//1243 1836//1243 1837//1243
f 1838//1244 1836//1244 1835//1244
f 1837//1037 1826//1037 1834//1037
f 1834//3 1825//3 1833//3
f 1839//1245 1838//1245 1835//1245
f 1836//1246 1826//1246 1837//1246
f 1840//1247 1838//1247 1839//1247
f 1835//1248 1837//1248 1832//1248
f 1841//1249 1842//1249 1839//1249
f 1841//1250 1843//1250 1842//1250
f 1837//1251 1834//1251 1832//1251
f 1841//1252 1839//1252 1832//1252
f 1839//1253 1835//1253 1832//1253
f 1832//1254 1806//1254 1844//1254
f 1841//1255 1832//1255 1844//1255
f 1841//1256 1844//1256 1845//1256
f 1826//1257 1844//1257 1806//1257
f 1846//1258 1847//1258 1845//1258
f 1846//1259 1845//1259 1848//1259
f 1836//1260 1838//1260 1844//1260
f 1840//1261 1845//1261 1844//1261
f 1838//1262 1840//1262 1844//1262
f 1826//1263 1836//1263 1844//1263
f 1848//1264 1845//1264 1840//1264
f 1849//1265 1845//1265 1847//1265
f 1849//1265 1841//1265 1845//1265
f 1849//1266 1843//1266 1841//1266
f 1817//554 1850//554 1818//554
f 1851//555 1852//555 1850//555
f 1730//1267 1791//1267 1728//1267
f 1823//1268 1850//1268 1817//1268
f 1850//1269 1795//1269 1794//1269
f 1818//551 1794//551 1732//551
f 1794//1270 1791//1270 1730//1270
f 1852//1271 1795//1271 1850//1271
f 1850//549 1794//549 1818//549
f 1732//1272 1794//1272 1730//1272
f 1852//1273 1853//1273 1830//1273
f 1852//1274 1816//1274 1796//1274
f 1852//561 1854//561 1853//561
f 1795//1275 1852//1275 1796//1275
f 1854//1276 1855//1276 1853//1276
f 1852//1277 1830//1277 1816//1277
f 1854//760 1856//760 1857//760
f 1858//1278 1854//1278 1851//1278
f 1854//555 1852//555 1851//555
f 1854//1279 1859//1279 1855//1279
f 1856//1280 1854//1280 1858//1280
f 1854//1281 1857//1281 1859//1281
f 1860//1282 1850//1282 1823//1282
f 1830//1283 1853//1283 1860//1283
f 1829//295 1830//295 1822//295
f 1822//1284 1830//1284 1823//1284
f 1823//1285 1830//1285 1860//1285
f 1821//1286 1829//1286 1822//1286
f 1828//1286 1829//1286 1821//1286
f 1853//1091 1855//1091 1861//1091
f 1855//1287 1859//1287 1862//1287
f 1861//1288 1855//1288 1862//1288
f 1859//1289 1857//1289 1863//1289
f 1860//1078 1853//1078 1861//1078
f 1862//1289 1859//1289 1863//1289
f 1864//1290 1865//1290 1866//1290
f 1866//1291 1865//1291 1867//1291
f 1861//1292 1851//1292 1860//1292
f 1862//1293 1851//1293 1861//1293
f 1867//1294 1865//1294 1858//1294
f 1867//1295 1858//1295 1868//1295
f 1863//1296 1851//1296 1862//1296
f 1858//1297 1851//1297 1863//1297
f 1868//1298 1858//1298 1863//1298
f 1851//552 1850//552 1860//552
f 1869//1299 1870//1299 1871//1299
f 1857//1300 1872//1300 1868//1300
f 1856//1301 1872//1301 1857//1301
f 1863//1302 1857//1302 1868//1302
f 1856//1303 1873//1303 1872//1303
f 1869//1304 1873//1304 1856//1304
f 1869//1305 1871//1305 1873//1305
f 1873//1306 1871//1306 1866//1306
f 1866//1 1871//1 1864//1
f 1871//1 1870//1 1864//1
f 1867//1306 1873//1306 1866//1306
f 1868//1307 1873//1307 1867//1307
f 1872//317 1873//317 1868//317
f 1874//1308 1875//1308 1876//1308
f 1864//1108 1870//1108 1877//1108
f 1878//1309 1874//1309 1877//1309
f 1870//1310 1878//1310 1877//1310
f 1877//1311 1874//1311 1876//1311
f 1869//1312 1879//1312 1870//1312
f 1880//1313 1865//1313 1864//1313
f 1879//1314 1881//1314 1878//1314
f 1879//1315 1878//1315 1870//1315
f 1881//1316 1874//1316 1878//1316
f 1882//1317 1869//1317 1865//1317
f 1883//1318 1869//1318 1882//1318
f 1865//1319 1856//1319 1858//1319
f 1869//1320 1856//1320 1865//1320
f 1869//1321 1884//1321 1879//1321
f 1885//1322 1886//1322 1887//1322
f 1885//1323 1887//1323 1883//1323
f 1883//1324 1888//1324 1884//1324
f 1883//686 1887//686 1888//686
f 1889//1325 1883//1325 1882//1325
f 1885//1325 1883//1325 1889//1325
f 1883//1326 1884//1326 1869//1326
f 1890//1327 1865//1327 1880//1327
f 1890//1328 1882//1328 1865//1328
f 1891//739 1882//739 1892//739
f 1892//1329 1882//1329 1890//1329
f 1891//1330 1889//1330 1882//1330
f 1893//1331 1889//1331 1891//1331
f 1894//1332 1846//1332 1895//1332
f 1895//1332 1846//1332 1843//1332
f 1843//1098 1848//1098 1842//1098
f 1846//1134 1848//1134 1843//1134
f 1842//1333 1840//1333 1839//1333
f 1848//1333 1840//1333 1842//1333
f 1896//487 1897//487 1898//487
f 1898//1212 1897//1212 1895//1212
f 1875//1334 1899//1334 1900//1334
f 1900//1334 1899//1334 1896//1334
f 1899//488 1897//488 1896//488
f 1897//1212 1894//1212 1895//1212
f 1876//421 1875//421 1900//421
f 1899//1335 1847//1335 1897//1335
f 1899//1336 1901//1336 1847//1336
f 1897//1337 1847//1337 1894//1337
f 1894//1338 1847//1338 1846//1338
f 1902//1339 1896//1339 1849//1339
f 1902//1340 1849//1340 1847//1340
f 1849//1341 1898//1341 1895//1341
f 1903//1342 1901//1342 1904//1342
f 1903//1343 1902//1343 1901//1343
f 1849//1344 1895//1344 1843//1344
f 1902//1345 1847//1345 1901//1345
f 1849//1346 1896//1346 1898//1346
f 1905//1347 1906//1347 1876//1347
f 1876//1348 1906//1348 1877//1348
f 1896//1349 1907//1349 1900//1349
f 1908//1350 1907//1350 1896//1350
f 1907//1351 1905//1351 1900//1351
f 1900//1352 1905//1352 1876//1352
f 1906//1353 1880//1353 1877//1353
f 1877//1354 1880//1354 1864//1354
f 1909//1355 1910//1355 1875//1355
f 1910//1356 1911//1356 1899//1356
f 1911//1357 1901//1357 1899//1357
f 1881//1358 1909//1358 1874//1358
f 1910//1359 1899//1359 1875//1359
f 1909//1360 1875//1360 1874//1360
f 1890//328 1888//328 1892//328
f 1879//395 1884//395 1880//395
f 1909//1361 1881//1361 1905//1361
f 1884//328 1888//328 1890//328
f 1880//1059 1884//1059 1890//1059
f 1905//1362 1881//1362 1906//1362
f 1881//333 1879//333 1906//333
f 1906//333 1879//333 1880//333
f 1887//1076 1886//1076 1891//1076
f 1892//296 1887//296 1891//296
f 1888//295 1887//295 1892//295
f 1891//1076 1886//1076 1893//1076
f 1911//1037 1910//1037 1908//1037
f 1907//3 1909//3 1905//3
f 1910//3 1909//3 1907//3
f 1908//1037 1910//1037 1907//1037
f 1912//1131 1913//1131 1914//1131
f 1913//1132 1911//1132 1915//1132
f 1915//889 1911//889 1908//889
f 1914//1133 1913//1133 1915//1133
f 1916//1207 1912//1207 1917//1207
f 1917//1209 1912//1209 1914//1209
f 1918//1098 1916//1098 1919//1098
f 1919//1134 1916//1134 1917//1134
f 1920//1363 1918//1363 1919//1363
f 1921//1363 1918//1363 1920//1363
f 1903//1364 1915//1364 1902//1364
f 1913//1365 1904//1365 1901//1365
f 1915//1366 1908//1366 1902//1366
f 1911//1367 1913//1367 1901//1367
f 1902//1368 1908//1368 1896//1368
f 1918//1369 1922//1369 1904//1369
f 1918//1370 1904//1370 1916//1370
f 1913//1371 1912//1371 1904//1371
f 1914//1372 1915//1372 1903//1372
f 1921//1373 1922//1373 1918//1373
f 1916//1374 1904//1374 1912//1374
f 1923//1375 1920//1375 1919//1375
f 1903//1376 1917//1376 1914//1376
f 1923//1377 1904//1377 1922//1377
f 1923//1378 1903//1378 1904//1378
f 1923//1379 1919//1379 1903//1379
f 1903//1380 1919//1380 1917//1380
f 1625//238 560//238 561//238
f 1633//238 560//238 1625//238
f 1053//1381 1924//1381 551//1381
f 1924//242 1635//242 551//242
f 1635//243 1634//243 1626//243
f 1634//241 1630//241 1623//241
f 1631//3 1629//3 1628//3
f 1631//3 1630//3 1629//3
f 1924//1382 1053//1382 560//1382
f 1630//1383 1634//1383 1629//1383
f 1629//1383 1634//1383 1632//1383
f 1632//1384 1635//1384 1633//1384
f 1634//1385 1635//1385 1632//1385
f 1633//1386 1924//1386 560//1386
f 1635//1387 1924//1387 1633//1387
f 560//1388 1053//1388 558//1388
f 1064//1389 1062//1389 1056//1389
f 558//1390 1066//1390 1055//1390
f 1053//1391 1066//1391 558//1391
f 1055//1392 1064//1392 1056//1392
f 1066//1393 1064//1393 1055//1393
f 1056//1394 1062//1394 1058//1394
f 1673//3 1670//3 1672//3
f 1674//184 1676//184 1673//184
f 1670//3 1628//3 1671//3
f 1673//3 1628//3 1670//3
f 1676//3 1628//3 1673//3
f 1676//3 1675//3 1628//3
f 1628//3 1680//3 1679//3
f 1675//3 1680//3 1628//3
f 1675//3 1683//3 1680//3
f 1679//3 1678//3 1628//3
f 1678//3 1677//3 1628//3
f 1675//3 1682//3 1683//3
f 1677//3 1631//3 1628//3
f 1675//3 1681//3 1682//3
f 1925//1395 1675//1395 1926//1395
f 1927//1396 1675//1396 1925//1396
f 1926//1397 1675//1397 1666//1397
f 1928//1398 1675//1398 1927//1398
f 1681//1399 1929//1399 1930//1399
f 1681//1400 1930//1400 1931//1400
f 1681//1401 1931//1401 1932//1401
f 1681//1402 1932//1402 1664//1402
f 1933//1403 1675//1403 1928//1403
f 1681//1404 1934//1404 1935//1404
f 1936//1405 1675//1405 1933//1405
f 1937//1406 1675//1406 1936//1406
f 1938//1407 1675//1407 1937//1407
f 1939//1408 1675//1408 1938//1408
f 1681//1409 1940//1409 1929//1409
f 1681//1410 1941//1410 1940//1410
f 1681//1411 1935//1411 1942//1411
f 1681//1412 1942//1412 1941//1412
f 1062//978 1091//978 1058//978
f 1062//978 1094//978 1091//978
f 1096//1413 1094//1413 1098//1413
f 1091//1414 1094//1414 1096//1414
f 1098//1415 1094//1415 1087//1415
f 1094//1416 1086//1416 1087//1416
f 1114//1417 1112//1417 1111//1417
f 1106//1418 1108//1418 1094//1418
f 1105//1419 1108//1419 1106//1419
f 1086//1420 1108//1420 1114//1420
f 1094//1421 1108//1421 1086//1421
f 1114//1422 1108//1422 1112//1422
f 1926//1423 1932//1423 1925//1423
f 1666//1424 1664//1424 1926//1424
f 1664//1424 1932//1424 1926//1424
f 1932//1425 1931//1425 1925//1425
f 1925//1080 1931//1080 1927//1080
f 1927//1426 1930//1426 1943//1426
f 1931//1080 1930//1080 1927//1080
f 1930//1427 1944//1427 1943//1427
f 1945//1428 1946//1428 1947//1428
f 1946//1306 1948//1306 1947//1306
f 1944//660 1946//660 1945//660
f 1943//660 1944//660 1945//660
f 1948//1 1949//1 1947//1
f 1950//1429 1781//1429 1951//1429
f 1952//1430 1953//1430 1951//1430
f 1951//1431 1781//1431 1780//1431
f 1953//1432 1950//1432 1951//1432
f 1954//931 1953//931 1952//931
f 1955//931 1953//931 1954//931
f 1956//1433 1955//1433 1957//1433
f 1949//1108 1958//1108 1959//1108
f 1947//1 1949//1 1960//1
f 1959//892 1958//892 1957//892
f 1958//1434 1956//1434 1957//1434
f 1957//681 1955//681 1954//681
f 1960//1108 1949//1108 1959//1108
f 1947//1435 1961//1435 1945//1435
f 1943//1436 1928//1436 1927//1436
f 1945//699 1962//699 1943//699
f 1963//673 1964//673 1949//673
f 1963//1437 1949//1437 1948//1437
f 1965//1438 1948//1438 1946//1438
f 1964//1439 1958//1439 1949//1439
f 1964//1440 1966//1440 1958//1440
f 1966//1441 1956//1441 1958//1441
f 1966//1442 1967//1442 1956//1442
f 1965//1443 1963//1443 1948//1443
f 1929//1444 1944//1444 1930//1444
f 1968//1445 1946//1445 1944//1445
f 1953//1446 1969//1446 1950//1446
f 1955//687 1970//687 1969//687
f 1955//1324 1969//1324 1953//1324
f 1950//1447 1969//1447 1783//1447
f 1950//1448 1783//1448 1781//1448
f 1956//1449 1970//1449 1955//1449
f 1786//1450 1951//1450 1780//1450
f 1971//738 1951//738 1786//738
f 1971//627 1954//627 1952//627
f 1786//736 1783//736 1971//736
f 1783//736 1969//736 1971//736
f 1972//1451 1954//1451 1971//1451
f 1972//1452 1957//1452 1954//1452
f 1971//1453 1952//1453 1951//1453
f 1967//1454 1970//1454 1956//1454
f 1972//1455 1973//1455 1957//1455
f 1957//1456 1974//1456 1959//1456
f 1973//1457 1974//1457 1957//1457
f 1974//1458 1975//1458 1959//1458
f 1959//1459 1975//1459 1960//1459
f 1960//1460 1976//1460 1947//1460
f 1976//1461 1961//1461 1947//1461
f 1975//1462 1976//1462 1960//1462
f 1974//1463 1964//1463 1975//1463
f 1968//1464 1965//1464 1946//1464
f 1966//1465 1964//1465 1974//1465
f 1961//1466 1962//1466 1945//1466
f 1962//1467 1928//1467 1943//1467
f 1929//1468 1968//1468 1944//1468
f 1973//1026 1966//1026 1974//1026
f 1968//1076 1929//1076 1962//1076
f 1975//1469 1963//1469 1976//1469
f 1962//1470 1929//1470 1928//1470
f 1965//1089 1968//1089 1961//1089
f 1961//1089 1968//1089 1962//1089
f 1964//1471 1963//1471 1975//1471
f 1963//707 1965//707 1976//707
f 1976//707 1965//707 1961//707
f 1941//708 1942//708 1937//708
f 1929//1078 1940//1078 1933//1078
f 1936//708 1941//708 1937//708
f 1933//300 1940//300 1936//300
f 1928//1091 1929//1091 1933//1091
f 1940//300 1941//300 1936//300
f 1967//1026 1966//1026 1973//1026
f 1977//1472 1978//1472 1979//1472
f 1980//3 1967//3 1981//3
f 1981//3 1967//3 1973//3
f 1982//1037 1980//1037 1983//1037
f 1984//1473 1978//1473 1977//1473
f 1979//709 1982//709 1983//709
f 1983//1036 1980//1036 1981//1036
f 1978//709 1982//709 1979//709
f 1982//1474 1978//1474 1985//1474
f 1980//1475 1982//1475 1970//1475
f 1982//1476 1985//1476 1970//1476
f 1978//1477 1984//1477 1985//1477
f 1967//1478 1980//1478 1970//1478
f 1986//1479 1984//1479 1977//1479
f 1987//1363 1988//1363 1989//1363
f 1989//1363 1988//1363 1990//1363
f 1990//1102 1991//1102 1986//1102
f 1991//1480 1984//1480 1986//1480
f 1988//1098 1991//1098 1990//1098
f 1992//1481 1993//1481 1994//1481
f 1995//765 1993//765 1992//765
f 1996//1105 1997//1105 1989//1105
f 1994//1106 1997//1106 1996//1106
f 1993//1103 1997//1103 1994//1103
f 1997//1105 1987//1105 1989//1105
f 1970//1482 1985//1482 1998//1482
f 1998//1483 1983//1483 1972//1483
f 1971//743 1969//743 1972//743
f 1985//1484 1999//1484 2000//1484
f 1983//1485 1981//1485 1972//1485
f 1981//1486 1973//1486 1972//1486
f 1972//1487 1970//1487 1998//1487
f 1969//743 1970//743 1972//743
f 1998//1488 1985//1488 2000//1488
f 1977//1489 1979//1489 1998//1489
f 2000//1490 1986//1490 1977//1490
f 2000//1491 1990//1491 1986//1491
f 2000//1492 1989//1492 1990//1492
f 2000//1493 1977//1493 1998//1493
f 2001//769 1989//769 2000//769
f 1979//1494 1983//1494 1998//1494
f 2001//1495 1996//1495 1989//1495
f 1991//1496 1999//1496 1984//1496
f 1987//1497 1999//1497 1988//1497
f 1984//1498 1999//1498 1985//1498
f 1988//1499 1999//1499 1991//1499
f 2002//1500 2003//1500 2001//1500
f 2003//1501 1996//1501 2001//1501
f 2004//549 2002//549 2001//549
f 2000//772 1999//772 2001//772
f 1987//1502 2005//1502 1999//1502
f 2006//1503 2007//1503 2005//1503
f 1999//772 2005//772 2001//772
f 1997//1504 2005//1504 1987//1504
f 1997//1505 2006//1505 2005//1505
f 2001//1506 2005//1506 2004//1506
f 2008//551 2002//551 2004//551
f 2009//1507 2008//1507 2004//1507
f 2004//1 2010//1 2011//1
f 2005//1508 2010//1508 2004//1508
f 2012//1509 2013//1509 2010//1509
f 2010//1 2014//1 2011//1
f 2013//1510 2015//1510 2010//1510
f 2015//1511 2016//1511 2014//1511
f 2015//1512 2014//1512 2010//1512
f 2007//1513 2012//1513 2010//1513
f 2007//529 2010//529 2005//529
f 2016//1514 2017//1514 2014//1514
f 1681//1515 2018//1515 1934//1515
f 2019//3 2018//3 1681//3
f 1675//3 2019//3 1681//3
f 2019//1516 1675//1516 1939//1516
f 1934//1095 2020//1095 2021//1095
f 1935//1517 1934//1517 1939//1517
f 1939//1095 1934//1095 2021//1095
f 1942//1518 1935//1518 1938//1518
f 1937//1519 1942//1519 1938//1519
f 1938//1520 1935//1520 1939//1520
f 2022//1521 1995//1521 2023//1521
f 2023//1522 1995//1522 1992//1522
f 2024//422 2022//422 2023//422
f 2021//1 2020//1 2025//1
f 2026//1108 2024//1108 2027//1108
f 2025//1109 2026//1109 2027//1109
f 2020//1 2026//1 2025//1
f 2027//422 2024//422 2023//422
f 1995//1523 2028//1523 2029//1523
f 1993//883 2030//883 1997//883
f 1997//1524 2030//1524 2006//1524
f 2022//1525 2028//1525 1995//1525
f 1993//1526 2029//1526 2030//1526
f 1995//1527 2029//1527 1993//1527
f 2026//1528 2031//1528 2024//1528
f 2026//1529 2032//1529 2031//1529
f 2024//1530 2033//1530 2022//1530
f 2024//1531 2031//1531 2033//1531
f 2022//1532 2033//1532 2028//1532
f 2018//1533 2032//1533 2026//1533
f 2020//1534 2018//1534 2026//1534
f 1934//1535 2018//1535 2020//1535
f 2034//1536 1994//1536 1996//1536
f 2035//1537 1992//1537 2036//1537
f 2036//1538 1992//1538 1994//1538
f 2036//877 1994//877 2034//877
f 2035//1539 2023//1539 1992//1539
f 2034//1540 1996//1540 2003//1540
f 2037//1541 2027//1541 2038//1541
f 2038//1542 2023//1542 2035//1542
f 2038//874 2027//874 2023//874
f 2037//1543 2025//1543 2027//1543
f 2039//1544 2025//1544 2037//1544
f 2030//1130 2029//1130 2034//1130
f 2034//296 2029//296 2036//296
f 2008//333 2007//333 2002//333
f 2012//333 2007//333 2008//333
f 2002//1059 2006//1059 2003//1059
f 2007//395 2006//395 2002//395
f 2003//1074 2030//1074 2034//1074
f 2006//1075 2030//1075 2003//1075
f 2040//1037 2015//1037 2041//1037
f 2013//1361 2012//1361 2009//1361
f 2009//1362 2012//1362 2008//1362
f 2016//1037 2015//1037 2040//1037
f 2015//3 2013//3 2041//3
f 2041//3 2013//3 2009//3
f 2029//1076 2028//1076 2035//1076
f 2036//1076 2029//1076 2035//1076
f 2033//1425 2031//1425 2037//1425
f 2031//1082 2032//1082 2039//1082
f 2037//1080 2031//1080 2039//1080
f 2028//1424 2033//1424 2038//1424
f 2035//1424 2028//1424 2038//1424
f 2038//1423 2033//1423 2037//1423
f 2019//1545 1939//1545 2021//1545
f 2042//1546 2019//1546 2043//1546
f 2043//1547 2019//1547 2039//1547
f 2039//1548 2019//1548 2025//1548
f 2019//1549 2021//1549 2025//1549
f 2043//660 2044//660 2042//660
f 2032//890 2044//890 2043//890
f 2042//1550 2045//1550 2046//1550
f 2044//660 2045//660 2042//660
f 2047//1 2048//1 2049//1
f 2048//1108 2050//1108 2051//1108
f 2049//1108 2048//1108 2051//1108
f 2045//1551 2047//1551 2046//1551
f 2046//1 2047//1 2049//1
f 2039//1552 2032//1552 2043//1552
f 2018//1553 2044//1553 2032//1553
f 2018//1554 2045//1554 2044//1554
f 2018//1555 2047//1555 2045//1555
f 2018//65 2048//65 2047//65
f 2018//1556 2050//1556 2048//1556
f 2052//359 2053//359 2054//359
f 2052//355 2054//355 2055//355
f 2056//1557 2053//1557 2052//1557
f 2056//1558 2057//1558 2053//1558
f 2052//1559 1885//1559 1889//1559
f 2058//1559 2052//1559 1889//1559
f 2052//1560 2055//1560 1885//1560
f 1885//1561 2055//1561 1886//1561
f 2059//1562 2058//1562 1889//1562
f 2059//1563 1889//1563 1893//1563
f 2060//1564 2058//1564 2061//1564
f 2061//546 2058//546 2059//546
f 2060//1565 2062//1565 2058//1565
f 2063//1566 2062//1566 2060//1566
f 2056//1567 2052//1567 2062//1567
f 2064//1568 2056//1568 2065//1568
f 2062//1569 2052//1569 2058//1569
f 2065//1570 2056//1570 2062//1570
f 2063//1571 2066//1571 2062//1571
f 2067//1572 2068//1572 2069//1572
f 2067//1573 2069//1573 2057//1573
f 2070//1574 2067//1574 2057//1574
f 2070//1575 2057//1575 2056//1575
f 2068//1576 2071//1576 2069//1576
f 2068//1577 2072//1577 2071//1577
f 2011//1578 2014//1578 2073//1578
f 2011//1579 2009//1579 2004//1579
f 2041//1580 2009//1580 2011//1580
f 2040//1581 2041//1581 2011//1581
f 2074//819 2040//819 2011//819
f 2073//820 2075//820 2076//820
f 2014//1582 2075//1582 2073//1582
f 2073//513 2074//513 2011//513
f 2077//824 2074//824 2073//824
f 2078//1583 2077//1583 2073//1583
f 2017//1584 2079//1584 2075//1584
f 2017//1585 2075//1585 2014//1585
f 2075//1586 2080//1586 2081//1586
f 2076//1587 2064//1587 2065//1587
f 2079//1588 2082//1588 2075//1588
f 2081//831 2064//831 2076//831
f 2075//1589 2082//1589 2080//1589
f 2075//820 2081//820 2076//820
f 2081//1590 2083//1590 2064//1590
f 2081//1591 2084//1591 2083//1591
f 2081//1592 2085//1592 2084//1592
f 2081//1593 2080//1593 2085//1593
f 2086//1594 2076//1594 2087//1594
f 2088//1595 2076//1595 2086//1595
f 2089//1596 2076//1596 2088//1596
f 2087//1597 2076//1597 2065//1597
f 2066//1598 2090//1598 2062//1598
f 2090//1599 2091//1599 2062//1599
f 2091//1600 2092//1600 2065//1600
f 2089//1601 2073//1601 2076//1601
f 2091//1602 2065//1602 2062//1602
f 2092//1603 2087//1603 2065//1603
f 2093//1604 2094//1604 2064//1604
f 2064//1605 2094//1605 2056//1605
f 2083//1606 2093//1606 2064//1606
f 2094//1607 2095//1607 2056//1607
f 2092//1608 2083//1608 2087//1608
f 2095//1609 2070//1609 2056//1609
f 2093//1610 2083//1610 2092//1610
f 2091//1465 2093//1465 2092//1465
f 2094//1463 2093//1463 2091//1463
f 2095//1126 2094//1126 2090//1126
f 2090//1126 2094//1126 2091//1126
f 2070//3 2095//3 2066//3
f 2066//3 2095//3 2090//3
f 2096//1611 2067//1611 2097//1611
f 2068//1612 2067//1612 2096//1612
f 2067//1246 2070//1246 2097//1246
f 2072//1613 2068//1613 2098//1613
f 2097//1037 2070//1037 2066//1037
f 2098//1614 2068//1614 2096//1614
f 2078//1615 2073//1615 2089//1615
f 2084//295 2085//295 2086//295
f 2087//1616 2084//1616 2086//1616
f 2083//1616 2084//1616 2087//1616
f 2088//1617 2085//1617 2089//1617
f 2086//1284 2085//1284 2088//1284
f 2085//1618 2080//1618 2089//1618
f 2082//1287 2099//1287 2100//1287
f 2099//1619 2101//1619 2102//1619
f 2100//1619 2099//1619 2102//1619
f 2080//1091 2082//1091 2078//1091
f 2078//1288 2082//1288 2100//1288
f 2089//1078 2080//1078 2078//1078
f 2055//1287 2054//1287 2061//1287
f 2060//1552 2053//1552 2063//1552
f 2057//660 2069//660 2103//660
f 2059//1423 2055//1423 2061//1423
f 2054//413 2053//413 2060//413
f 2063//660 2057//660 2103//660
f 1893//1424 1886//1424 2059//1424
f 1886//1424 2055//1424 2059//1424
f 2053//890 2057//890 2063//890
f 2061//413 2054//413 2060//413
f 2103//1550 2069//1550 2104//1550
f 2071//1 2105//1 2104//1
f 2104//1 2105//1 2106//1
f 2069//1551 2071//1551 2104//1551
f 2106//1108 2105//1108 2107//1108
f 2106//1620 2098//1620 2104//1620
f 2107//1621 2108//1621 2106//1621
f 2097//1622 2066//1622 2063//1622
f 2103//1623 2097//1623 2063//1623
f 2096//1624 2097//1624 2103//1624
f 2106//1625 2108//1625 2098//1625
f 2098//1626 2096//1626 2104//1626
f 2104//1627 2096//1627 2103//1627
f 2109//1432 2110//1432 2111//1432
f 2112//1628 1921//1628 2111//1628
f 2110//1430 2112//1430 2111//1430
f 2111//1628 1921//1628 1920//1628
f 2107//892 2113//892 2114//892
f 2115//931 2110//931 2116//931
f 2116//1213 2110//1213 2109//1213
f 2105//1108 2113//1108 2107//1108
f 2117//1433 2115//1433 2114//1433
f 2114//681 2115//681 2116//681
f 2113//1434 2117//1434 2114//1434
f 2118//1629 2105//1629 2072//1629
f 2072//1630 2105//1630 2071//1630
f 2118//1631 2113//1631 2105//1631
f 2118//1632 2119//1632 2113//1632
f 2113//1633 2119//1633 2117//1633
f 2112//1634 2120//1634 1922//1634
f 2110//1635 2120//1635 2112//1635
f 2115//1636 2120//1636 2110//1636
f 2112//1637 1922//1637 1921//1637
f 2121//1638 2114//1638 2116//1638
f 2117//1639 2120//1639 2115//1639
f 1922//1640 2121//1640 1923//1640
f 1922//1641 2120//1641 2121//1641
f 2121//1642 2116//1642 2109//1642
f 2121//1643 2111//1643 1923//1643
f 1923//1644 2111//1644 1920//1644
f 2121//1645 2109//1645 2111//1645
f 2121//1646 2122//1646 2114//1646
f 2119//1647 2120//1647 2117//1647
f 2122//1648 2107//1648 2114//1648
f 2122//1649 2108//1649 2107//1649
f 2108//1650 2072//1650 2098//1650
f 2123//1651 2124//1651 2125//1651
f 2118//1650 2072//1650 2108//1650
f 2125//1651 2124//1651 2126//1651
f 2126//1098 2118//1098 2108//1098
f 2124//1134 2118//1134 2126//1134
f 2127//488 2128//488 2129//488
f 2129//487 2128//487 2130//487
f 2130//1212 2123//1212 2125//1212
f 2131//1652 2127//1652 2129//1652
f 2128//1212 2123//1212 2130//1212
f 2132//1652 2131//1652 2129//1652
f 2123//1653 2133//1653 2124//1653
f 2124//1654 2133//1654 2118//1654
f 2128//1655 2133//1655 2123//1655
f 2134//1656 2130//1656 2125//1656
f 2134//1657 2126//1657 2108//1657
f 2118//1658 2133//1658 2119//1658
f 2134//1659 2125//1659 2126//1659
f 2120//1660 2119//1660 2122//1660
f 2120//1661 2122//1661 2121//1661
f 2119//1662 2133//1662 2134//1662
f 2119//1663 2134//1663 2122//1663
f 2134//1664 2108//1664 2122//1664
f 2017//1132 2016//1132 2074//1132
f 2074//889 2016//889 2040//889
f 2135//1136 2136//1136 2137//1136
f 2137//1135 2136//1135 2138//1135
f 2079//1131 2017//1131 2077//1131
f 2077//1133 2017//1133 2074//1133
f 2138//1134 2139//1134 2140//1134
f 2136//1134 2139//1134 2138//1134
f 2139//1207 2079//1207 2140//1207
f 2140//1209 2079//1209 2077//1209
f 2136//1665 2101//1665 2099//1665
f 2139//1666 2082//1666 2079//1666
f 2135//1667 2101//1667 2136//1667
f 2139//1668 2099//1668 2082//1668
f 2136//1669 2099//1669 2139//1669
f 2135//1670 2141//1670 2101//1670
f 2142//1671 2141//1671 2135//1671
f 2143//1213 2144//1213 2145//1213
f 2144//1432 2142//1432 2145//1432
f 2145//1432 2142//1432 2146//1432
f 2142//1672 2135//1672 2137//1672
f 2146//1673 2142//1673 2137//1673
f 2147//1674 2148//1674 2143//1674
f 2051//1675 2148//1675 2147//1675
f 2149//931 2144//931 2143//931
f 2050//1676 2148//1676 2051//1676
f 2148//1677 2149//1677 2143//1677
f 2150//1678 2141//1678 2142//1678
f 2151//1679 2152//1679 2146//1679
f 2151//1680 2146//1680 2137//1680
f 2102//1681 2137//1681 2138//1681
f 2151//1682 2137//1682 2102//1682
f 2153//1683 2152//1683 2151//1683
f 2100//922 2138//922 2140//922
f 2102//1684 2138//1684 2100//1684
f 2078//1685 2140//1685 2077//1685
f 2100//1686 2140//1686 2078//1686
f 2101//1687 2141//1687 2151//1687
f 2153//1306 2154//1306 2155//1306
f 2141//1520 2154//1520 2153//1520
f 2154//1306 2156//1306 2155//1306
f 2151//1517 2141//1517 2153//1517
f 2102//1688 2101//1688 2151//1688
f 2157//1689 2156//1689 2154//1689
f 2157//1690 2158//1690 2156//1690
f 2150//1691 2154//1691 2141//1691
f 2150//1692 2157//1692 2154//1692
f 2159//1693 2019//1693 2051//1693
f 2152//1694 2143//1694 2145//1694
f 2152//1695 2145//1695 2146//1695
f 2152//1696 2159//1696 2143//1696
f 2046//1697 2019//1697 2042//1697
f 2049//1698 2019//1698 2046//1698
f 2143//956 2159//956 2147//956
f 2147//1699 2159//1699 2051//1699
f 2051//1700 2019//1700 2049//1700
f 2160//1701 2018//1701 2019//1701
f 2160//1702 2019//1702 2159//1702
f 2150//1703 2160//1703 2159//1703
f 2150//1704 2159//1704 2152//1704
f 2157//1705 2150//1705 2152//1705
f 2149//1706 2150//1706 2144//1706
f 2018//1707 2160//1707 2050//1707
f 2160//1708 2149//1708 2148//1708
f 2160//1709 2148//1709 2050//1709
f 2160//1710 2150//1710 2149//1710
f 2144//1711 2150//1711 2142//1711
f 2161//1521 2131//1521 2132//1521
f 2162//1712 2131//1712 2161//1712
f 2155//1 2156//1 2163//1
f 2164//1713 2162//1713 2161//1713
f 2158//1714 2164//1714 2163//1714
f 2156//1 2158//1 2163//1
f 2163//1715 2164//1715 2165//1715
f 2165//1716 2164//1716 2161//1716
f 2166//1717 2167//1717 2163//1717
f 2163//1718 2167//1718 2155//1718
f 2155//1719 2167//1719 2153//1719
f 2165//1720 2166//1720 2163//1720
f 2161//1721 2166//1721 2165//1721
f 2132//1722 2166//1722 2161//1722
f 2168//1723 2164//1723 2158//1723
f 2168//1724 2162//1724 2164//1724
f 2169//1725 2168//1725 2166//1725
f 2131//1726 2169//1726 2127//1726
f 2168//1727 2131//1727 2162//1727
f 2168//1728 2169//1728 2131//1728
f 2127//1729 2169//1729 2128//1729
f 2157//1730 2168//1730 2158//1730
f 2128//1731 2169//1731 2133//1731
f 2170//1732 2132//1732 2129//1732
f 2170//1733 2166//1733 2132//1733
f 2133//1734 2169//1734 2170//1734
f 2133//1734 2170//1734 2134//1734
f 2170//1735 2129//1735 2130//1735
f 2169//1736 2166//1736 2170//1736
f 2170//1737 2130//1737 2134//1737
f 2167//1738 2152//1738 2153//1738
f 2168//1739 2157//1739 2167//1739
f 2168//1740 2167//1740 2166//1740
f 2157//1705 2152//1705 2167//1705
f 1312//1741 2171//1741 1313//1741
f 2172//1742 1305//1742 1284//1742
f 1307//1743 1305//1743 2172//1743
f 1314//1744 1307//1744 2172//1744
f 2173//1745 2172//1745 1313//1745
f 2173//1745 1313//1745 2171//1745
f 2172//1746 1284//1746 1285//1746
f 2172//1747 1285//1747 1313//1747
f 2173//1748 1315//1748 2172//1748
f 1315//1749 1314//1749 2172//1749
f 2173//1750 1356//1750 1315//1750
f 1354//1751 2171//1751 1312//1751
f 1355//1752 2174//1752 2171//1752
f 1360//1753 2174//1753 1361//1753
f 1360//1754 2175//1754 2174//1754
f 1361//1755 2174//1755 1358//1755
f 2176//1756 1362//1756 1363//1756
f 1355//1757 2171//1757 1354//1757
f 1358//1758 2174//1758 1355//1758
f 2173//1759 1359//1759 1356//1759
f 2176//1760 2173//1760 2171//1760
f 2177//1761 2174//1761 2175//1761
f 2176//1762 1357//1762 1359//1762
f 2176//1763 1363//1763 1357//1763
f 2177//1764 1362//1764 2176//1764
f 2176//1765 1359//1765 2173//1765
f 2176//1766 2171//1766 2174//1766
f 2177//1761 2176//1761 2174//1761
f 1362//1767 2178//1767 1364//1767
f 2179//1768 2178//1768 1362//1768
f 1364//1769 2180//1769 1376//1769
f 2178//1770 2180//1770 1364//1770
f 2180//1771 2181//1771 1376//1771
f 1374//1772 1377//1772 1370//1772
f 2181//1773 1377//1773 1374//1773
f 1376//1774 2181//1774 1374//1774
f 1385//1775 1384//1775 1394//1775
f 1394//1776 1384//1776 1393//1776
f 1379//1777 1378//1777 2181//1777
f 1377//1778 1381//1778 1391//1778
f 2181//1779 1381//1779 1377//1779
f 1378//1779 1381//1779 2181//1779
f 1381//1780 1386//1780 1391//1780
f 1391//1781 1385//1781 1394//1781
f 1386//1782 1385//1782 1391//1782
f 1380//3 1379//3 2180//3
f 2180//1777 1379//1777 2181//1777
f 2179//1783 1380//1783 2178//1783
f 2178//3 1380//3 2180//3
f 1382//1784 2175//1784 1360//1784
f 1382//1785 2182//1785 2175//1785
f 2183//1786 2184//1786 2185//1786
f 2186//1787 2187//1787 2183//1787
f 2187//1787 2184//1787 2183//1787
f 1382//1788 1380//1788 2179//1788
f 2182//1789 1382//1789 2179//1789
f 2184//1131 2182//1131 2185//1131
f 2185//1790 2182//1790 2179//1790
f 2188//913 2189//913 2186//913
f 2190//352 2189//352 2188//352
f 2189//579 2187//579 2186//579
f 2191//1791 2190//1791 2188//1791
f 2192//1792 2177//1792 2175//1792
f 2185//1793 2179//1793 2177//1793
f 2177//1794 2179//1794 1362//1794
f 2192//1795 2175//1795 2193//1795
f 2192//1796 2185//1796 2177//1796
f 2182//1797 2193//1797 2175//1797
f 2189//1798 2194//1798 2193//1798
f 2190//1799 2194//1799 2189//1799
f 2187//1800 2193//1800 2184//1800
f 2182//1801 2184//1801 2193//1801
f 2189//1802 2193//1802 2187//1802
f 2183//1803 2185//1803 2192//1803
f 2192//1804 2186//1804 2183//1804
f 2192//1805 2188//1805 2186//1805
f 2195//1806 2188//1806 2192//1806
f 2195//1807 2191//1807 2188//1807
f 2195//1808 2193//1808 2194//1808
f 2195//1808 2192//1808 2193//1808
f 1511//1809 1501//1809 1510//1809
f 1510//1810 1504//1810 1509//1810
f 1501//1811 1504//1811 1510//1811
f 1508//1812 1519//1812 2196//1812
f 1509//1813 1505//1813 1508//1813
f 1519//667 1517//667 2196//667
f 1505//1812 1519//1812 1508//1812
f 1504//1814 1505//1814 1509//1814
f 2196//667 1517//667 2197//667
f 2197//1 1516//1 2198//1
f 1516//313 1521//313 2198//313
f 2198//1815 1521//1815 2199//1815
f 1517//1 1516//1 2197//1
f 1548//1816 1546//1816 2197//1816
f 2197//1817 1546//1817 2196//1817
f 2198//1818 1548//1818 2197//1818
f 2198//1819 1554//1819 1548//1819
f 2199//1820 1554//1820 2198//1820
f 2196//1821 1547//1821 1508//1821
f 1546//1822 1547//1822 2196//1822
f 1547//1823 1512//1823 1508//1823
f 2200//1824 2190//1824 2191//1824
f 2201//683 2190//683 2200//683
f 2202//1825 2203//1825 2204//1825
f 2199//1676 2203//1676 2202//1676
f 1521//1826 2203//1826 2199//1826
f 2203//1827 2205//1827 2204//1827
f 2204//1828 2206//1828 2207//1828
f 2205//1828 2206//1828 2204//1828
f 2207//933 2201//933 2200//933
f 2206//582 2201//582 2207//582
f 1520//1829 2208//1829 1521//1829
f 1521//1830 2208//1830 2203//1830
f 2201//1831 2209//1831 2194//1831
f 2201//1832 2194//1832 2190//1832
f 2206//1833 2209//1833 2201//1833
f 2205//1834 2209//1834 2206//1834
f 2203//1835 2209//1835 2205//1835
f 2210//1836 2202//1836 2204//1836
f 2210//1837 2204//1837 2207//1837
f 2210//1838 2207//1838 2200//1838
f 2195//1839 2200//1839 2191//1839
f 2210//1840 2200//1840 2195//1840
f 2194//1841 2209//1841 2210//1841
f 2194//1841 2210//1841 2195//1841
f 2209//1842 2208//1842 2211//1842
f 2209//1661 2211//1661 2210//1661
f 2211//1843 2199//1843 2202//1843
f 2208//1844 2209//1844 2203//1844
f 2211//1845 1554//1845 2199//1845
f 2210//1846 2211//1846 2202//1846
f 2212//1847 1563//1847 1558//1847
f 2212//1848 1558//1848 1560//1848
f 2213//1849 1560//1849 1555//1849
f 2213//1850 1555//1850 1557//1850
f 2212//1851 1560//1851 2213//1851
f 2213//1852 1557//1852 1554//1852
f 1561//1853 2214//1853 1562//1853
f 1520//1854 2215//1854 2208//1854
f 1553//1855 2215//1855 1520//1855
f 1562//1856 2214//1856 1559//1856
f 1556//1857 2215//1857 1553//1857
f 1559//1858 2214//1858 2215//1858
f 1559//1859 2215//1859 1556//1859
f 2213//1860 1554//1860 2211//1860
f 2208//1861 2215//1861 2213//1861
f 2208//1861 2213//1861 2211//1861
f 2215//1862 2214//1862 2212//1862
f 2215//1863 2212//1863 2213//1863
f 1618//1864 2214//1864 1561//1864
f 2214//1865 1618//1865 2216//1865
f 2214//1865 2216//1865 2212//1865
f 1618//1866 1614//1866 2216//1866
f 2212//1867 2216//1867 1563//1867
f 1563//1868 2216//1868 1616//1868
f 1616//1869 2216//1869 1611//1869
f 1611//1870 2216//1870 1608//1870
f 2216//1871 1614//1871 1608//1871
# Vertices: 2216, normals: 1871, texture coordinates: 0, faces: 4572

