# File generated by ImageToStl.com - Free Image and 3D model conversion tools

o obj1
v 0.03165993 0.02572908 -0.10330431
v 0.03165992 0.02605517 -0.10216218
v 0.03268771 0.02586392 -0.10256303
v 0.03282688 0.02486034 -0.10447435
v 0.03282687 0.02554616 -0.10337833
v 0.03392936 0.02489516 -0.10373355
v 0.03165994 0.02514279 -0.1043373
v 0.03165995 0.0243294 -0.10520285
v 0.03366397 0.02543471 -0.10290406
v 0.03392938 0.02413874 -0.10464542
v 0.03490653 0.02404506 -0.10379802
v 0.03490654 0.0233017 -0.10448356
v 0.03453974 0.02478906 -0.10316818
v 0.0352711 0.02395934 -0.10334215
v 0.0339294 0.02316874 -0.10532569
v 0.03282691 0.02276206 -0.10594587
v 0.03165997 0.02333478 -0.10585212
v 0.03282689 0.02390991 -0.10535086
v 0.02533919 0.02572897 -0.10330431
v 0.02533918 0.02605506 -0.10216218
v 0.0253392 0.02514268 -0.1043373
v 0.02533923 0.02333467 -0.10585212
v 0.02533922 0.02432928 -0.10520285
v 0.02533926 0.02221499 -0.10624847
v 0.03165997 0.0222151 -0.10624847
v 0.03490655 0.02240396 -0.10494893
v 0.03557084 0.02348813 -0.10339241
v 0.03570436 0.02311141 -0.10353141
v 0.03570438 0.02247135 -0.10398029
v 0.0358214 0.02298716 -0.10341723
v 0.03570439 0.02173559 -0.1042446
v 0.03601962 0.02246266 -0.10341632
v 0.03616302 0.02192126 -0.10338967
v 0.03490657 0.0214153 -0.10516124
v 0.0357044 0.02095619 -0.10430565
v 0.03392943 0.02087259 -0.10581877
v 0.03490659 0.02040563 -0.10510547
v 0.03392941 0.02205374 -0.10572625
v 0.03282693 0.02149799 -0.10621732
v 0.03570441 0.02018827 -0.10415912
v 0.03490661 0.01860534 -0.10422412
v 0.03542048 0.01870662 -0.10361585
v 0.03467312 0.01781969 -0.10361534
v 0.03570442 0.01948611 -0.10381538
v 0.03392946 0.01970882 -0.10559671
v 0.0349066 0.01944637 -0.10478555
v 0.03615248 0.02026343 -0.10339183
v 0.03596549 0.01972332 -0.10349553
v 0.03627884 0.0208151 -0.10326085
v 0.03624979 0.02136976 -0.10333764
v 0.03572039 0.01920204 -0.10357054
v 0.03707262 0.02111838 -0.10137025
v 0.03282695 0.02020705 -0.10614601
v 0.03166002 0.01985672 -0.10620848
v 0.03166001 0.02103352 -0.10636953
v 0.03282698 0.01898057 -0.10573698
v 0.03166004 0.01875111 -0.1057744
v 0.03392948 0.01864471 -0.10507578
v 0.03282699 0.01790524 -0.10501915
v 0.03392949 0.01775554 -0.1042928
v 0.03376361 0.01711024 -0.10349403
v 0.03166007 0.0169955 -0.10419915
v 0.03166006 0.01777909 -0.10509178
v 0.03282702 0.01705714 -0.10404329
v 0.03166008 0.01641682 -0.10307209
v 0.03166008 0.01644457 -0.10314688
v 0.03274094 0.01661647 -0.10325842
v 0.03166008 0.01639028 -0.10299687
v 0.03166008 0.01636492 -0.10292123
v 0.0447331 0.02404531 -0.08312467
v 0.04439676 0.01495769 -0.08248898
v 0.01226607 0.02404477 -0.08312467
v 0.04158688 0.02984808 -0.07851837
v 0.04237002 0.02979616 -0.07851003
v 0.04317465 0.02963093 -0.07848352
v 0.04417596 0.02924669 -0.07842188
v 0.0450977 0.02866872 -0.07832917
v 0.04587519 0.02792359 -0.07820964
v 0.0439428 0.02984813 -0.07851837
v 0.04450701 0.02979537 -0.0785099
v 0.0461746 0.02892275 -0.07836992
v 0.04660093 0.02841887 -0.07828908
v 0.04565959 0.02933286 -0.0784357
v 0.04509083 0.02962615 -0.07848275
v 0.0154121 0.02984764 -0.07851837
v 0.04645999 0.02705998 -0.07807111
v 0.04685739 0.02603537 -0.07790674
v 0.04691487 0.02785587 -0.07819878
v 0.04710336 0.02729239 -0.07810839
v 0.04718452 0.02674197 -0.07802009
v 0.04699958 0.0249113 -0.07772643
v 0.04699979 0.01179719 -0.07562277
v 0.04686261 0.01059926 -0.07543061
v 0.04651614 0.00962603 -0.0752745
v 0.04696617 0.01119502 -0.07552618
v 0.04596706 0.00877191 -0.07513748
v 0.04524925 0.00808739 -0.07502768
v 0.04441437 0.00760127 -0.0749497
v 0.04350109 0.00774895 -0.07594912
v 0.04198409 0.00789691 -0.0769506
v 0.04172158 0.00790171 -0.07698318
v 0.04268997 0.007848 -0.07661951
v 0.04227096 0.00788242 -0.07685252
v 0.0243114 0.02586378 -0.10256303
v 0.02417229 0.02335571 -0.10568669
v 0.02417228 0.02441425 -0.10494433
v 0.02306979 0.02454722 -0.10421474
v 0.02333516 0.02543454 -0.10290406
v 0.02417227 0.02523969 -0.10394924
v 0.02245941 0.02478885 -0.10316818
v 0.0230698 0.02367627 -0.10501795
v 0.02209266 0.02369606 -0.10416561
v 0.02172806 0.02395911 -0.10334215
v 0.02306982 0.02262443 -0.1055632
v 0.02417234 0.02084999 -0.10622477
v 0.02533927 0.02103341 -0.10636953
v 0.0253393 0.01985661 -0.10620848
v 0.02417232 0.02213895 -0.10612381
v 0.02306984 0.02146606 -0.10581195
v 0.02129485 0.02280611 -0.10377721
v 0.02209267 0.02286815 -0.10474622
v 0.02209268 0.0219165 -0.1050881
v 0.02129488 0.02134769 -0.10430115
v 0.02129485 0.02211205 -0.10413701
v 0.0220927 0.02090838 -0.10516706
v 0.02129488 0.0205671 -0.10425803
v 0.02097961 0.02246239 -0.10341632
v 0.02117781 0.02298691 -0.10341723
v 0.02142835 0.02348791 -0.10339241
v 0.01992665 0.02111809 -0.10137025
v 0.02074948 0.02136949 -0.10333764
v 0.02072044 0.02081482 -0.10326085
v 0.02084681 0.02026318 -0.10339183
v 0.02083622 0.02192099 -0.10338967
v 0.02306988 0.01915918 -0.10537177
v 0.02306985 0.0202831 -0.1057466
v 0.02417236 0.01958 -0.10598245
v 0.0212949 0.01982547 -0.10401069
v 0.02103382 0.01972307 -0.10349553
v 0.02127895 0.0192018 -0.10357054
v 0.02209274 0.01900689 -0.10453292
v 0.02209272 0.01991509 -0.10497754
v 0.02157888 0.01870639 -0.10361585
v 0.02209274 0.01824798 -0.10386465
v 0.02533931 0.01875101 -0.1057744
v 0.02533933 0.01777899 -0.10509178
v 0.02533934 0.01699539 -0.10419915
v 0.02533935 0.01636482 -0.10292123
v 0.02533935 0.01639016 -0.10299687
v 0.02533936 0.01641672 -0.10307209
v 0.02533935 0.01644447 -0.10314688
v 0.02417239 0.01744846 -0.10455953
v 0.02417238 0.01841878 -0.10541397
v 0.02425849 0.01661632 -0.10325842
v 0.0241724 0.01673763 -0.10347958
v 0.02306989 0.0181738 -0.10471398
v 0.02232627 0.01781948 -0.10361534
v 0.0230699 0.01739662 -0.10381974
v 0.02323579 0.01711006 -0.10349403
v 0.01260272 0.01495716 -0.08248898
v 0.01269879 0.02918248 -0.07841167
v 0.01398338 0.02967252 -0.07849028
v 0.01166297 0.02847144 -0.07829762
v 0.01084053 0.02755372 -0.07815041
v 0.01006943 0.02570134 -0.07785326
v 0.01029245 0.0265127 -0.07798341
v 0.01196074 0.02964591 -0.07848602
v 0.01251806 0.0297996 -0.07851066
v 0.01134542 0.02933614 -0.07843632
v 0.01305618 0.02984759 -0.07851837
v 0.01079215 0.02889038 -0.07836482
v 0.01030251 0.02827189 -0.07826561
v 0.00995398 0.02750546 -0.07814267
v 0.00981457 0.02674134 -0.07802009
v 0.00999957 0.02491067 -0.07772643
v 0.0099998 0.01179656 -0.07562277
v 0.0105051 0.00958191 -0.07526752
v 0.01013715 0.0105981 -0.07543053
v 0.01102577 0.00877964 -0.07513882
v 0.01169679 0.00812767 -0.07503423
v 0.01258536 0.00760073 -0.0749497
v 0.01212823 0.00783497 -0.07498728
v 0.01453318 0.00786761 -0.07675548
v 0.01394671 0.0078077 -0.07635012
v 0.01527814 0.00790127 -0.07698318
v 0.01510774 0.00789917 -0.07696902
v 0.01492664 0.00789288 -0.07692642
v 0.01619741 0.02838578 -0.06862579
v 0.04080162 0.02838621 -0.06862579
v 0.0408017 0.02343991 -0.06935672
v 0.01619749 0.0234395 -0.06935672
v 0.04821444 0.02399269 -0.07309654
v 0.01134802 0.01225988 -0.07227586
v 0.04870823 0.01226051 -0.07227586
v 0.00878473 0.02399203 -0.07309654
v 0.04080189 0.01207714 -0.07103585
v 0.05454654 0.02228059 -0.02765276
v 0.05495415 0.02214695 -0.02730119
v 0.05394293 0.02236417 -0.02787266
v 0.05409803 0.02235805 -0.02785655
v 0.05426081 0.02233947 -0.02780768
v 0.0559106 0.02164729 -0.02598671
v 0.05699964 0.02080972 -0.02378331
v 0.04769195 0.02322958 -0.03372967
v 0.04763363 0.01832699 -0.03475634
v 0.04813966 0.01070755 -0.07544798
v 0.0477199 0.0089695 -0.07516918
v 0.0479839 0.00953659 -0.07526014
v 0.04733429 0.00846777 -0.07508869
v 0.04812056 0.01012844 -0.07535508
v 0.045268 0.00760129 -0.0749497
v 0.04578062 0.00764574 -0.07495683
v 0.04630037 0.0077879 -0.07497964
v 0.04684946 0.00806659 -0.07502434
v 0.04080198 0.00713086 -0.07176679
v 0.05578482 0.01832713 -0.03475634
v 0.05699966 0.02016984 -0.02749359
v 0.05699965 0.01998118 -0.02785464
v 0.05699967 0.01951364 -0.02828117
v 0.05699967 0.01939644 -0.02831122
v 0.05699965 0.02058303 -0.02596492
v 0.05699966 0.01973835 -0.02814474
v 0.05699966 0.01962772 -0.0282258
v 0.05699966 0.01984519 -0.02803776
v 0.05434214 0.00424196 -0.04211422
v 0.05398922 0.00550115 -0.04542674
v 0.05341299 0.00676105 -0.04874114
v 0.05418719 0.00245655 -0.03741741
v 0.05395614 0.00214626 -0.03660116
v 0.05438529 0.00310374 -0.03911996
v 0.04714024 0.00733361 -0.03893529
v 0.05529142 0.00733375 -0.03893529
v 0.05376504 0.0019956 -0.03620483
v 0.05314796 0.00180434 -0.03570171
v 0.05301996 0.00179981 -0.03568983
v 0.05362371 0.00191981 -0.03600546
v 0.05327291 0.00181819 -0.03573816
v 0.05351136 0.00187556 -0.03588907
v 0.05339424 0.0018418 -0.03580027
v 0.04769231 0.00197422 -0.03687066
v 0.00867504 0.00760066 -0.0749497
v 0.00816247 0.00919557 -0.07206151
v 0.01083018 0.0122159 -0.07227279
v 0.01029531 0.01207524 -0.07226294
v 0.00971837 0.01180015 -0.07224371
v 0.00919335 0.01140433 -0.07221601
v 0.00875738 0.01090946 -0.0721814
v 0.00843634 0.01035023 -0.07214228
v 0.00824003 0.00976661 -0.07210145
v 0.00288159 0.02235556 -0.02785232
v 0.0030563 0.0223633 -0.02787266
v 0.00930725 0.02322892 -0.03372967
v 0.00936573 0.01832635 -0.03475634
v 0.00223357 0.02221453 -0.02748135
v 0.00250396 0.02229254 -0.02768653
v 0.00269725 0.02233209 -0.02779057
v 0.00112805 0.02167152 -0.02605289
v 0.00180525 0.02204363 -0.02703176
v 0.00056019 0.02127383 -0.02500675
v -3.5E-07 0.0197687 -0.02811646
v -3.5E-07 0.01994921 -0.02790145
v -3.4E-07 0.01962555 -0.02822652
v -3.3E-07 0.01951205 -0.0282814
v -3.5E-07 0.0201689 -0.02749352
v -3.3E-07 0.01939547 -0.02831122
v -3.6E-07 0.02054716 -0.02615911
v -3.6E-07 0.02080875 -0.02378331
v 0.00121455 0.0183262 -0.03475634
v 0.01619777 0.00713044 -0.07176679
v 0.01619768 0.01207672 -0.07103585
v 0.0098595 0.00733296 -0.03893529
v 0.00930761 0.00197356 -0.03687066
v 0.00476501 0.00733289 -0.03893529
v 0.00419932 0.00728289 -0.03895429
v 0.00308191 0.00684466 -0.03912086
v 0.003626 0.0071225 -0.03901525
v 0.00260628 0.00645682 -0.03926829
v 0.00198062 0.00545259 -0.03965003
v 0.00223247 0.00598158 -0.03944894
v 0.00186005 0.00495099 -0.0398407
v 0.00183729 0.00446156 -0.04002675
v 0.00092328 0.00179893 -0.03568983
v 0.05199964 0.0205875 -0.02319894
v 0.00499964 0.0205867 -0.02319894
v 0.05199999 2.317E-05 -0.03101612
v 0.05699999 8.01E-05 -0.03116568
v 0.05199993 0.00355414 -0.00934742
v 0.0519999 0.00530946 -0.00847461
v 0.05199989 0.00686077 -0.00727612
v 0.05699995 0.00295365 -0.00742829
v 0.05699993 0.00331167 -0.00711063
v 0.05699994 0.00315195 -0.00729119
v 0.05199997 0.00166227 -0.00986102
v 0.052 -0.00029344 -0.00999567
v 0.05699995 0.00272832 -0.00751395
v 0.05699995 0.00248901 -0.0075432
v 0.05699996 0.00224969 -0.00751432
v 0.05200006 -0.00409622 -0.00912216
v 0.05200009 -0.00579714 -0.00814758
v 0.05200003 -0.00223784 -0.00974619
v 0.05700005 -0.00333104 -0.00727133
v 0.05700005 -0.00352954 -0.00713453
v 0.05700005 -0.00310556 -0.00735664
v 0.05700005 -0.00286623 -0.00738551
v 0.05700004 -0.00262693 -0.00735627
v 0.05700017 -0.0102812 -0.00390858
v 0.05200012 -0.00727524 -0.00685989
v 0.05200017 -0.01028129 -0.00390858
v 0.05199982 0.01028305 0.00390858
v 0.05199983 0.00999655 -0.00029432
v 0.05199985 0.00814846 -0.00579801
v 0.05199984 0.00912304 -0.00409709
v 0.05199982 0.00974706 -0.00223872
v 0.05699982 0.01028313 0.00390858
v 0.05699987 0.00737928 -0.00298774
v 0.05699988 0.00732177 -0.00322185
v 0.05699988 0.0072099 -0.00343539
v 0.05699988 0.00705018 -0.00361596
v 0.05699987 0.00685188 -0.00375306
v 0.05499994 0.0035542 -0.00934742
v 0.0549999 0.0053095 -0.00847461
v 0.05499995 0.00315192 -0.00729119
v 0.05499988 0.00686082 -0.00727612
v 0.05499986 0.00814851 -0.00579801
v 0.05499984 0.0091231 -0.00409709
v 0.05499988 0.00638722 -0.00386797
v 0.05499988 0.00614788 -0.00383909
v 0.05499994 0.00331164 -0.00711063
v 0.05499994 0.00348101 -0.00666297
v 0.05499994 0.00348083 -0.00642189
v 0.05499993 0.0034235 -0.00689708
v 0.05499993 0.00342296 -0.00618787
v 0.05699994 0.00342299 -0.00618787
v 0.05699989 0.00592244 -0.00375378
v 0.05699994 0.00331079 -0.0059745
v 0.05699994 0.00342353 -0.00689708
v 0.05699988 0.00662654 -0.00383872
v 0.05699994 0.00348105 -0.00666297
v 0.05699989 0.00638725 -0.00386797
v 0.05699989 0.00614791 -0.00383909
v 0.05699993 0.00348086 -0.00642189
v 0.0549999 0.00592241 -0.00375378
v 0.05499993 0.00331076 -0.0059745
v 0.05499983 0.00974712 -0.00223872
v 0.05499988 0.00685185 -0.00375306
v 0.05499988 0.0066265 -0.00383872
v 0.05499987 0.00705015 -0.00361596
v 0.05499987 0.00720986 -0.00343539
v 0.05499987 0.00732174 -0.00322185
v 0.05499987 0.00737925 -0.00298774
v 0.05499987 0.00737906 -0.00274666
v 0.05499988 0.00732119 -0.00251264
v 0.05499988 0.00720899 -0.00229927
v 0.0549999 0.0055639 -0.00343666
v 0.0569999 0.00572393 -0.00361699
v 0.05499989 0.0057239 -0.00361699
v 0.05499994 0.00315076 -0.00579417
v 0.05499995 0.00295225 -0.00565738
v 0.05499994 0.00265573 -0.002992
v 0.0569999 0.00545174 -0.00322329
v 0.0569999 0.00556393 -0.00343666
v 0.0549999 0.0054517 -0.00322329
v 0.05699987 0.00737909 -0.00274666
v 0.05699987 0.00732122 -0.00251264
v 0.05699988 0.00685052 -0.00198215
v 0.05699988 0.00662504 -0.00189684
v 0.05499988 0.00685048 -0.00198215
v 0.05699987 0.00704902 -0.00211894
v 0.05499988 0.00704899 -0.00211894
v 0.05499989 0.00662501 -0.00189684
v 0.05699988 0.00720903 -0.00229927
v 0.05499989 0.00638568 -0.00186797
v 0.05699989 0.00614641 -0.00189721
v 0.05499989 0.00614637 -0.00189721
v 0.05699989 0.00638571 -0.00186797
v 0.0569999 0.00592107 -0.00198287
v 0.0569999 0.00572278 -0.00211996
v 0.05499989 0.00592104 -0.00198287
v 0.0549999 0.00572274 -0.00211996
v 0.05699991 0.00539387 -0.00298927
v 0.05499991 0.00539383 -0.00298927
v 0.0569999 0.00539368 -0.00274819
v 0.05699991 0.00545119 -0.00251408
v 0.0549999 0.00545116 -0.00251408
v 0.05499991 0.00539365 -0.00274819
v 0.05699991 0.00556306 -0.00230053
v 0.0549999 0.00556302 -0.00230053
v 0.05699994 0.00374213 -0.00141553
v 0.05499993 0.00329461 -0.00226972
v 0.05499993 0.00374209 -0.00141553
v 0.05499995 0.00272828 -0.00751395
v 0.05499996 0.00248898 -0.0075432
v 0.05499994 0.00295362 -0.00742829
v 0.05499997 0.00166233 -0.00986102
v 0.05699996 0.00202421 -0.00742901
v 0.05499996 0.00202417 -0.00742901
v 0.05499996 0.00224965 -0.00751432
v 0.05499996 0.00182567 -0.00729222
v 0.05699997 0.00182571 -0.00729222
v 0.05699997 0.00155351 -0.00689852
v 0.05699996 0.0016657 -0.0071119
v 0.05499997 0.00155347 -0.00689852
v 0.05499997 0.00166567 -0.0071119
v 0.05699997 0.00149563 -0.0066645
v 0.05499996 0.0014956 -0.0066645
v 0.05499997 0.0016648 -0.00597577
v 0.05699996 0.00155296 -0.00618931
v 0.05499997 0.00155293 -0.00618931
v 0.05699996 0.00166483 -0.00597577
v 0.05499996 0.00149541 -0.00642342
v 0.05699997 0.00149544 -0.00642342
v 0.055 -0.00029339 -0.00999567
v 0.05500003 -0.00204361 -0.00695294
v 0.05700003 -0.0024016 -0.00727061
v 0.05700004 -0.0022033 -0.00713351
v 0.05700003 -0.00204357 -0.00695294
v 0.05700002 -0.00193172 -0.0067394
v 0.05700003 -0.0018742 -0.00650528
v 0.05700003 -0.00187438 -0.00626421
v 0.05500003 -0.00187423 -0.00650528
v 0.05500003 -0.00187442 -0.00626421
v 0.05500003 -0.00193174 -0.0067394
v 0.05500003 -0.00220333 -0.00713351
v 0.05500004 -0.00286626 -0.00738551
v 0.05500003 -0.00262697 -0.00735627
v 0.05500004 -0.00240162 -0.00727061
v 0.05500003 -0.00193229 -0.00603019
v 0.05700002 -0.00204445 -0.00581681
v 0.05500003 -0.00204448 -0.00581681
v 0.05700002 -0.00193226 -0.00603019
v 0.05500003 -0.00223779 -0.00974619
v 0.05500007 -0.00409616 -0.00912216
v 0.05500004 -0.0031056 -0.00735664
v 0.05699994 0.0031508 -0.00579417
v 0.05699995 0.00295229 -0.00565738
v 0.05699995 0.00265576 -0.002992
v 0.05699995 0.00272681 -0.00557207
v 0.05499994 0.00272678 -0.00557207
v 0.05699995 0.00248748 -0.0055432
v 0.05699996 0.00224819 -0.00557244
v 0.05699997 0.00096122 -0.00388303
v 0.05699997 0.00202285 -0.0056581
v 0.05699996 0.00182454 -0.0057952
v 0.05699997 0.00186259 -0.00354039
v 0.05499996 0.00186256 -0.00354039
v 0.05499995 0.00224815 -0.00557244
v 0.05499996 0.00202281 -0.0056581
v 0.05499995 0.00248744 -0.0055432
v 0.05499997 0.00182452 -0.0057952
v 0.05499999 4.02E-06 -0.004
v 0.05499998 0.00096119 -0.00388303
v 0.05699994 0.00329465 -0.00226972
v 0.057 4.05E-06 -0.004
v 0.05500001 -0.00095333 -0.0038845
v 0.057 -0.0009533 -0.0038845
v 0.05700004 -0.00240296 -0.0054997
v 0.05700002 -0.00185519 -0.00354325
v 0.05700003 -0.00220446 -0.00563649
v 0.05700004 -0.00262844 -0.00541439
v 0.05700004 -0.00286777 -0.00538551
v 0.05700004 -0.00264921 -0.00299609
v 0.05500004 -0.002403 -0.0054997
v 0.05500002 -0.00185523 -0.00354325
v 0.05500003 -0.00220449 -0.00563649
v 0.05500004 -0.00262846 -0.00541439
v 0.05500005 -0.0028678 -0.00538551
v 0.05500004 -0.00264925 -0.00299609
v 0.05500004 -0.0031071 -0.00541476
v 0.05500005 -0.00333244 -0.00550042
v 0.05500005 -0.00328925 -0.0022748
v 0.05500006 -0.00333107 -0.00727133
v 0.05500006 -0.00368958 -0.00695421
v 0.05500005 -0.00352958 -0.00713453
v 0.05700006 -0.00368954 -0.00695421
v 0.05500006 -0.00380178 -0.00674084
v 0.0550001 -0.00579708 -0.00814758
v 0.05500007 -0.00385965 -0.00650681
v 0.05500012 -0.00727519 -0.00685989
v 0.05700006 -0.0038598 -0.00626574
v 0.05700006 -0.00385962 -0.00650681
v 0.05500006 -0.00385983 -0.00626574
v 0.05700006 -0.00380174 -0.00674084
v 0.05700006 -0.00380229 -0.00603163
v 0.05500006 -0.00380232 -0.00603163
v 0.05700005 -0.0033324 -0.00550042
v 0.05700004 -0.00310706 -0.00541476
v 0.05700006 -0.0035307 -0.00563751
v 0.05500006 -0.00353073 -0.00563751
v 0.05700006 -0.00369041 -0.00581808
v 0.05500006 -0.00369045 -0.00581808
v 0.05700009 -0.00571882 -0.00305471
v 0.05700009 -0.00587853 -0.00323528
v 0.0570001 -0.00607683 -0.00337238
v 0.0570001 -0.00630217 -0.00345804
v 0.05700011 -0.00654146 -0.00348728
v 0.05700011 -0.00678079 -0.00345841
v 0.05700007 -0.003738 -0.0014213
v 0.05700005 -0.00328921 -0.0022748
v 0.05500006 -0.00373804 -0.0014213
v 0.05700009 -0.00554961 -0.00236598
v 0.05700009 -0.00560749 -0.00213195
v 0.05700009 -0.00554943 -0.00260705
v 0.05700009 -0.00560695 -0.00284116
v 0.0550001 -0.0063022 -0.00345804
v 0.05500011 -0.00654149 -0.00348728
v 0.05500009 -0.00571884 -0.00305471
v 0.0550001 -0.00587856 -0.00323528
v 0.05500009 -0.00607687 -0.00337238
v 0.05500009 -0.00554946 -0.00260705
v 0.05500009 -0.00554965 -0.00236598
v 0.0550001 -0.00560698 -0.00284116
v 0.05500008 -0.00560752 -0.00213195
v 0.05700009 -0.00571969 -0.00191858
v 0.0550001 -0.00571971 -0.00191858
v 0.0570001 -0.00587969 -0.00173826
v 0.05500009 -0.00587972 -0.00173826
v 0.05700011 -0.00700627 -0.0033731
v 0.05500012 -0.0070063 -0.0033731
v 0.05500011 -0.00678083 -0.00345841
v 0.05700012 -0.00720477 -0.00323631
v 0.05700013 -0.00736478 -0.00305598
v 0.05500012 -0.00720481 -0.00323631
v 0.05700012 -0.00753485 -0.00260859
v 0.05700013 -0.00747698 -0.00284261
v 0.05500013 -0.00753488 -0.00260859
v 0.05500012 -0.00747701 -0.00284261
v 0.05500012 -0.00736481 -0.00305598
v 0.05700013 -0.00736565 -0.00191985
v 0.05700013 -0.00747752 -0.0021334
v 0.05500012 -0.00736568 -0.00191985
v 0.05700012 -0.00753503 -0.00236751
v 0.05500012 -0.00747755 -0.0021334
v 0.05500012 -0.00753507 -0.00236751
v 0.05700011 -0.00720594 -0.00173928
v 0.05500012 -0.00720597 -0.00173928
v 0.05700018 -0.01080371 -0.00206372
v 0.05500014 -0.00847367 -0.00530858
v 0.05200014 -0.00847373 -0.00530858
v 0.05500016 -0.00934649 -0.00355326
v 0.05500016 -0.00986009 -0.00166139
v 0.05200015 -0.00934654 -0.00355326
v 0.05200017 -0.00986014 -0.00166139
v 0.05200018 -0.0108038 -0.00206372
v 0.05199983 0.0098619 0.00166139
v 0.05499982 0.0099966 -0.00029432
v 0.05499983 0.00986196 0.00166139
v 0.05499988 0.00700954 0.00160219
v 0.05499988 0.0067842 0.00151653
v 0.05499988 0.0065449 0.00148728
v 0.05499988 0.00630556 0.00151616
v 0.05499987 0.00720783 0.00173928
v 0.05699988 0.00700958 0.00160219
v 0.05699987 0.00720786 0.00173928
v 0.05699987 0.00736759 0.00191985
v 0.05199983 0.00944811 0.00563469
v 0.05199984 0.00934831 0.00355326
v 0.05199986 0.00847549 0.00530858
v 0.05499983 0.00934836 0.00355326
v 0.05699984 0.00944821 0.00563469
v 0.05499984 0.00847554 0.00530858
v 0.05699987 0.00753696 0.00236751
v 0.05699987 0.00753678 0.00260858
v 0.05699987 0.00747945 0.0021334
v 0.05499987 0.00747942 0.0021334
v 0.05499986 0.00753693 0.00236751
v 0.05499987 0.00736755 0.00191985
v 0.05499987 0.00753674 0.00260858
v 0.05499987 0.00747887 0.00284261
v 0.05699987 0.00747891 0.00284261
v 0.05699987 0.00736671 0.00305598
v 0.05499987 0.00736667 0.00305598
v 0.05699987 0.00720671 0.00323631
v 0.05499988 0.00720668 0.00323631
v 0.05699988 0.0070082 0.0033731
v 0.05699988 0.00678274 0.00345841
v 0.05499987 0.00700817 0.0033731
v 0.05499988 0.0067827 0.00345841
v 0.05499988 0.00654336 0.00348728
v 0.05699987 0.00678423 0.00151653
v 0.05699988 0.00654493 0.00148728
v 0.05699988 0.0063056 0.00151616
v 0.05699992 0.00397217 -0.00047908
v 0.0549999 0.00608009 0.00160147
v 0.0569999 0.00608012 0.00160147
v 0.05699989 0.00588162 0.00173826
v 0.05699993 0.00397143 0.00048521
v 0.0569999 0.00572162 0.00191859
v 0.05699993 0.00373994 0.0014213
v 0.05499993 0.00397214 -0.00047908
v 0.05499993 0.0039714 0.00048521
v 0.0549999 0.00588159 0.00173826
v 0.05499993 0.0037399 0.0014213
v 0.05499989 0.00572158 0.00191859
v 0.05699991 0.00555155 0.00236598
v 0.0569999 0.00560942 0.00213196
v 0.0549999 0.00555152 0.00236598
v 0.0549999 0.00555133 0.00260706
v 0.05699991 0.00555136 0.00260706
v 0.05499989 0.00560938 0.00213196
v 0.0569999 0.00588046 0.00323528
v 0.0569999 0.00572074 0.00305471
v 0.05499989 0.00588043 0.00323528
v 0.0569999 0.00560887 0.00284116
v 0.0549999 0.00560884 0.00284116
v 0.0549999 0.00572071 0.00305471
v 0.05499994 0.00329111 0.0022748
v 0.05499995 0.00265112 0.00299609
v 0.05699989 0.00654339 0.00348728
v 0.05699988 0.0063041 0.00345804
v 0.05499989 0.00630407 0.00345804
v 0.05699989 0.00607876 0.00337238
v 0.05499989 0.00607872 0.00337238
v 0.05699994 0.00380422 0.00603163
v 0.05699993 0.00369236 0.00581808
v 0.05499993 0.00369232 0.00581808
v 0.05499994 0.0035326 0.00563751
v 0.05499993 0.00380419 0.00603163
v 0.05499994 0.00333431 0.00550042
v 0.05699994 0.00329115 0.0022748
v 0.05699996 0.00265115 0.00299609
v 0.05699993 0.00333433 0.00550042
v 0.05699994 0.003109 0.00541476
v 0.05699994 0.00353263 0.00563751
v 0.05699995 0.0028697 0.00538551
v 0.05699996 0.00185712 0.00354326
v 0.05699995 0.00263037 0.00541439
v 0.05699996 0.00240489 0.0054997
v 0.05499995 0.00185709 0.00354326
v 0.05499994 0.00286966 0.00538551
v 0.05499994 0.00263033 0.00541439
v 0.05499995 0.00310897 0.00541476
v 0.05499996 0.00240486 0.0054997
v 0.05499997 0.0009552 0.00388451
v 0.05699998 0.00095523 0.00388451
v 0.05499995 0.00220635 0.00563649
v 0.05699985 0.00832622 0.00718958
v 0.05199986 0.00832614 0.00718958
v 0.05699988 0.00695129 0.00852602
v 0.05499987 0.00727705 0.00685989
v 0.05199988 0.007277 0.00685989
v 0.05199987 0.0069512 0.00852602
v 0.0519999 0.0057989 0.00814757
v 0.05199991 0.00536509 0.0096034
v 0.0549999 0.00579894 0.00814757
v 0.05699993 0.00386173 0.00626574
v 0.05499993 0.00386151 0.00650681
v 0.05499993 0.00380364 0.00674084
v 0.05499993 0.0038617 0.00626574
v 0.05699993 0.00386155 0.00650681
v 0.05499995 0.00204635 0.00581681
v 0.05699996 0.00220639 0.00563649
v 0.05699996 0.00204639 0.00581681
v 0.05699997 0.00187632 0.00626421
v 0.05699996 0.00193419 0.00603019
v 0.05499995 0.00193415 0.00603019
v 0.05699996 0.00187612 0.00650529
v 0.05499997 0.00187609 0.00650529
v 0.05499997 0.00187628 0.00626421
v 0.05699992 0.00380367 0.00674084
v 0.05699994 0.00369148 0.00695422
v 0.05499993 0.00369144 0.00695422
v 0.05499994 0.00333293 0.00727132
v 0.05699994 0.00310749 0.00735664
v 0.05499994 0.00310747 0.00735664
v 0.05699993 0.00353147 0.00713454
v 0.05699994 0.00333297 0.00727132
v 0.05499994 0.00353145 0.00713454
v 0.05699995 0.00286816 0.00738551
v 0.05499995 0.00286813 0.00738551
v 0.05699996 0.00193364 0.0067394
v 0.05499996 0.00193361 0.0067394
v 0.05699996 0.00204551 0.00695294
v 0.05499996 0.00204548 0.00695294
v 0.05699994 0.00262887 0.00735627
v 0.05499995 0.00262884 0.00735627
v 0.05699995 0.00240353 0.00727061
v 0.05499995 0.00240349 0.00727061
v 0.05699996 0.00220523 0.00713351
v 0.05499995 0.0022052 0.00713351
v 0.0569999 0.00536517 0.0096034
v 0.05499993 0.00409802 0.00912216
v 0.05199993 0.00361598 0.01038898
v 0.05699994 0.00361607 0.01038898
v 0.05699997 0.00175711 0.01085891
v 0.05499995 0.00223965 0.00974619
v 0.05199992 0.00409797 0.00912216
v 0.055 -2.15E-06 0.004
v 0.05199997 0.00175703 0.01085891
v 0.05199996 0.00223961 0.00974619
v 0.05499999 0.00029526 0.00999567
v 0.05199999 -0.00015528 0.01099889
v 0.05199999 0.0002952 0.00999567
v 0.05200003 -0.00166051 0.00986102
v 0.05200003 -0.00206285 0.01080468
v 0.05500006 -0.00374023 0.00141553
v 0.05700006 -0.00397024 0.00047909
v 0.05500006 -0.00397028 0.00047909
v 0.05700006 -0.00374019 0.00141553
v 0.05500006 -0.00396953 -0.00048521
v 0.05700002 -0.00186066 0.00354039
v 0.05700004 -0.00224625 0.00557244
v 0.05700003 -0.00248555 0.0055432
v 0.05700004 -0.00272488 0.00557208
v 0.05700004 -0.00265383 0.002992
v 0.05700005 -0.00295035 0.00565739
v 0.057 -2.11E-06 0.004
v 0.05700001 -0.00095929 0.00388303
v 0.05500001 -0.00095933 0.00388303
v 0.05500004 -0.00329276 0.00226972
v 0.05500009 -0.00544929 0.00251408
v 0.05500009 -0.00539196 0.00298927
v 0.05500009 -0.00544984 0.00322329
v 0.05500008 -0.00539178 0.00274819
v 0.05500003 -0.00265387 0.002992
v 0.05700005 -0.00329272 0.00226972
v 0.05500003 -0.00248558 0.0055432
v 0.05500003 -0.00186069 0.00354039
v 0.05500004 -0.00272491 0.00557208
v 0.05500003 -0.00224628 0.00557244
v 0.05500009 -0.00556204 0.00343667
v 0.05500004 -0.00295039 0.00565739
v 0.05700007 -0.00396949 -0.00048521
v 0.0570001 -0.00607819 -0.00160147
v 0.0570001 -0.00630367 -0.00151616
v 0.0550001 -0.00607823 -0.00160147
v 0.0550001 -0.0063037 -0.00151616
v 0.05700009 -0.00591914 0.00198287
v 0.0570001 -0.00614448 0.00189721
v 0.0550001 -0.00591917 0.00198287
v 0.05500011 -0.00614451 0.00189721
v 0.0550001 -0.00572088 0.00211996
v 0.0570001 -0.00572085 0.00211996
v 0.05700011 -0.0067823 -0.00151653
v 0.05700012 -0.00700763 -0.00160218
v 0.05500011 -0.00678233 -0.00151653
v 0.0570001 -0.006543 -0.00148728
v 0.05500011 -0.00654303 -0.00148728
v 0.05700011 -0.00662311 0.00189684
v 0.0570001 -0.00638377 0.00186797
v 0.05700011 -0.00684859 0.00198215
v 0.05700012 -0.00704709 0.00211894
v 0.05700009 -0.00556112 0.00230054
v 0.05700009 -0.00544925 0.00251408
v 0.05700009 -0.00539175 0.00274819
v 0.05700009 -0.00539193 0.00298927
v 0.05700008 -0.00544981 0.00322329
v 0.05500009 -0.00556116 0.00230054
v 0.0550001 -0.00662315 0.00189684
v 0.0550001 -0.00638381 0.00186797
v 0.0570001 -0.005562 0.00343667
v 0.05700009 -0.005722 0.00361699
v 0.0550001 -0.00572203 0.00361699
v 0.05700009 -0.0059205 0.00375378
v 0.05500009 -0.00592054 0.00375378
v 0.05700009 -0.00614598 0.00383909
v 0.0550001 -0.00614601 0.00383909
v 0.05700011 -0.00638532 0.00386797
v 0.0550001 -0.00638535 0.00386797
v 0.0570001 -0.00662461 0.00383872
v 0.0550001 -0.00662465 0.00383872
v 0.05500011 -0.00704713 0.00211894
v 0.05500012 -0.00684862 0.00198215
v 0.05700011 -0.00684995 0.00375306
v 0.05700016 -0.00960244 0.0053642
v 0.05700012 -0.00704824 0.00361597
v 0.05700012 -0.00720797 0.00343539
v 0.05700012 -0.00731984 0.00322185
v 0.05500011 -0.00684999 0.00375306
v 0.05500011 -0.00700767 -0.00160218
v 0.05500012 -0.00720713 0.00229926
v 0.05500017 -0.00999474 0.00029432
v 0.05700019 -0.01099793 -0.00015616
v 0.05700018 -0.01085794 0.00175615
v 0.05500016 -0.00974526 0.00223872
v 0.05200017 -0.00999479 0.00029432
v 0.05200018 -0.01099801 -0.00015616
v 0.05200018 -0.01085803 0.00175615
v 0.05200016 -0.00974531 0.00223872
v 0.05700012 -0.00731929 0.00251264
v 0.05700012 -0.00720709 0.00229926
v 0.05500012 -0.00731933 0.00251264
v 0.05700013 -0.00737716 0.00274667
v 0.05500012 -0.00737719 0.00274667
v 0.05500013 -0.00737738 0.00298774
v 0.05700012 -0.00737735 0.00298774
v 0.05500012 -0.00704828 0.00361597
v 0.05500012 -0.007208 0.00343539
v 0.05500012 -0.00731987 0.00322185
v 0.05500014 -0.00912123 0.00409709
v 0.05700017 -0.01038803 0.0036151
v 0.05200016 -0.00960252 0.0053642
v 0.05200015 -0.00912128 0.00409709
v 0.05200017 -0.01038811 0.0036151
v 0.05700002 -0.00155103 0.00618932
v 0.05700001 -0.00149352 0.00642342
v 0.05700003 -0.00155157 0.00689852
v 0.05700002 -0.0014937 0.0066645
v 0.05700002 -0.00166377 0.0071119
v 0.05500002 -0.00182265 0.0057952
v 0.05500003 -0.00202094 0.0056581
v 0.05500002 -0.00155106 0.00618932
v 0.05500002 -0.00166293 0.00597577
v 0.05500002 -0.00155161 0.00689852
v 0.05500001 -0.00149374 0.0066645
v 0.05500003 -0.00149355 0.00642342
v 0.05700003 -0.00182261 0.0057952
v 0.05700003 -0.00202091 0.0056581
v 0.05700003 -0.0016629 0.00597577
v 0.05700004 -0.00314886 0.00579417
v 0.05500005 -0.00314889 0.00579417
v 0.05700005 -0.00330887 0.00597449
v 0.05500004 -0.0033089 0.00597449
v 0.05500002 -0.0016638 0.0071119
v 0.05700003 -0.00182377 0.00729222
v 0.05500003 -0.0018238 0.00729222
v 0.05700003 -0.00202228 0.00742901
v 0.05500004 -0.00202231 0.00742901
v 0.05700004 -0.00224775 0.00751432
v 0.05500003 -0.00224778 0.00751432
v 0.05700004 -0.00248709 0.0075432
v 0.05500004 -0.00248712 0.0075432
v 0.05700005 -0.00342106 0.00618787
v 0.05500006 -0.00342109 0.00618787
v 0.05700006 -0.00347893 0.0064219
v 0.05500005 -0.00347897 0.0064219
v 0.05500006 -0.00347915 0.00666297
v 0.05700005 -0.00342161 0.00689708
v 0.05700006 -0.00347912 0.00666297
v 0.05500005 -0.00342164 0.00689708
v 0.05500004 -0.00315006 0.0072912
v 0.05700005 -0.00330974 0.00711063
v 0.05500004 -0.00330977 0.00711063
v 0.05700005 -0.00315002 0.0072912
v 0.05500004 -0.00272641 0.00751395
v 0.05700004 -0.00295172 0.00742829
v 0.05500005 -0.00295175 0.00742829
v 0.05700004 -0.00272637 0.00751395
v 0.057 -0.0001552 0.01099889
v 0.05700003 -0.00206276 0.01080468
v 0.05500002 -0.00166047 0.00986102
v 0.05500005 -0.00355233 0.00934743
v 0.05200006 -0.00390771 0.01028217
v 0.05700006 -0.00390762 0.01028217
v 0.05700014 -0.00852505 0.00695032
v 0.05700012 -0.00718861 0.00832526
v 0.05700009 -0.00563372 0.00944724
v 0.05500008 -0.00530765 0.00847461
v 0.05200006 -0.00355238 0.00934743
v 0.05200009 -0.00563381 0.00944724
v 0.05200009 -0.0053077 0.00847461
v 0.05200011 -0.0071887 0.00832526
v 0.05200011 -0.00685901 0.00727612
v 0.05500013 -0.00814665 0.00579801
v 0.05200014 -0.00852513 0.00695032
v 0.05500011 -0.00685895 0.00727612
v 0.05200013 -0.0081467 0.00579801
v -2E-08 7.914E-05 -0.03116568
v 0.00499994 0.00355335 -0.00934742
v 0.00499999 2.237E-05 -0.03101612
v -6E-08 0.00295268 -0.00742829
v 0.00499991 0.00530866 -0.00847461
v 0.00499984 0.00912225 -0.00409709
v 0.00499985 0.00814766 -0.00579801
v 0.00499988 0.00685996 -0.00727612
v -6E-08 0.0033107 -0.00711063
v -1.2E-07 0.00685092 -0.00375306
v -6E-08 0.00315099 -0.00729119
v -1.3E-07 0.00704921 -0.00361596
v -1.3E-07 0.00720893 -0.00343539
v -1.3E-07 0.00732081 -0.00322185
v -1.4E-07 0.00737831 -0.00298774
v 6E-08 -0.00333201 -0.00727133
v 4E-08 -0.00310654 -0.00735664
v 0.00499997 0.00166148 -0.00986102
v 0.005 -0.00029424 -0.00999567
v 5E-08 -0.00353052 -0.00713453
v 4E-08 -0.0028672 -0.00738551
v 3E-08 -0.00262791 -0.00735627
v -5E-08 0.00272734 -0.00751395
v -5E-08 0.00248805 -0.0075432
v -4E-08 0.00224871 -0.00751432
v 0.00500006 -0.00409701 -0.00912216
v 0.00500009 -0.00579794 -0.00814758
v 1.8E-07 -0.01028217 -0.00390858
v 0.00500004 -0.00223864 -0.00974619
v 0.00500012 -0.00727604 -0.00685989
v 0.00500017 -0.01028209 -0.00390858
v -1.9E-07 0.01028217 0.00390858
v 0.00499982 0.00974626 -0.00223872
v 0.00499982 0.00999576 -0.00029432
v 0.00499983 0.01028225 0.00390858
v 0.00199988 0.00685991 -0.00727612
v 0.00199989 0.00638631 -0.00386797
v 0.00199989 0.00614698 -0.00383909
v 0.00199986 0.00814761 -0.00579801
v 0.00199993 0.00355329 -0.00934742
v 0.0019999 0.00530861 -0.00847461
v 0.00199994 0.00331073 -0.00711063
v 0.00199994 0.00315101 -0.00729119
v 0.00199994 0.00295272 -0.00742829
v 0.00199993 0.0034226 -0.00689708
v 0.00199994 0.00348012 -0.00666297
v 0.00199995 0.00272737 -0.00751395
v 0.00199996 0.00248809 -0.0075432
v 0.00199997 0.00166141 -0.00986102
v -5E-08 0.00342257 -0.00689708
v -3E-08 0.00155254 -0.00689852
v 0.00199998 0.00166477 -0.0071119
v -3E-08 0.00166474 -0.0071119
v -4E-08 0.00182473 -0.00729222
v 0.00199997 0.00182476 -0.00729222
v -4E-08 0.00202323 -0.00742901
v 0.00199996 0.00202328 -0.00742901
v 0.00199996 0.00224874 -0.00751432
v -1.1E-07 0.00614694 -0.00383909
v -1.2E-07 0.00638628 -0.00386797
v -6E-08 0.00347989 -0.00642189
v 0.00199993 0.00342206 -0.00618787
v -7E-08 0.00348009 -0.00666297
v 0.00199993 0.00347992 -0.00642189
v -1.1E-07 0.00662558 -0.00383872
v -6E-08 0.00342201 -0.00618787
v 0.00199993 0.00330986 -0.0059745
v -6E-08 0.00330981 -0.0059745
v 0.00199994 0.00314986 -0.00579417
v -6E-08 0.00314982 -0.00579417
v 0.00199995 0.00295136 -0.00565738
v -5E-08 0.00295132 -0.00565738
v 0.00199995 0.00272588 -0.00557207
v -5E-08 0.00272584 -0.00557207
v 0.00199995 0.00248654 -0.0055432
v -6E-08 0.00248651 -0.0055432
v 0.00199996 0.00224725 -0.00557244
v -4E-08 0.00224721 -0.00557244
v 0.00199997 0.0020219 -0.0056581
v -4E-08 0.00202187 -0.0056581
v 0.00199996 0.00182361 -0.0057952
v -3E-08 0.00182358 -0.0057952
v 0.00199996 0.00166389 -0.00597577
v -3E-08 0.00166385 -0.00597577
v 0.00199983 0.00912219 -0.00409709
v 0.00199983 0.00974622 -0.00223872
v 0.00199988 0.00704924 -0.00361596
v 0.00199987 0.00685095 -0.00375306
v 0.00199988 0.00662561 -0.00383872
v 0.00199987 0.00737834 -0.00298774
v 0.00199988 0.00732084 -0.00322185
v 0.00199987 0.00720897 -0.00343539
v 0.00199983 0.00999569 -0.00029432
v 0.00199987 0.00737816 -0.00274666
v 0.00199987 0.00732028 -0.00251264
v 0.00199988 0.00720809 -0.00229927
v 0.00199987 0.00704809 -0.00211894
v -1.3E-07 0.00720806 -0.00229927
v -1.2E-07 0.00704806 -0.00211894
v -1.3E-07 0.00737812 -0.00274666
v -1.3E-07 0.00732026 -0.00251264
v 0.00199988 0.00684959 -0.00198215
v 0.00199989 0.005723 -0.00361699
v 0.00199989 0.0059215 -0.00375378
v -1.1E-07 0.00572296 -0.00361699
v 0.0019999 0.005563 -0.00343666
v -1E-07 0.00592147 -0.00375378
v -1E-07 0.00556296 -0.00343666
v -1E-07 0.00545076 -0.00322329
v 0.0019999 0.00545081 -0.00322329
v 0.00199991 0.00539293 -0.00298927
v -9E-08 0.00539289 -0.00298927
v -6E-08 0.0026548 -0.002992
v 0.00199988 0.00662411 -0.00189684
v -1.2E-07 0.00684954 -0.00198215
v -1.2E-07 0.00662408 -0.00189684
v 0.00199989 0.00638477 -0.00186797
v -1.1E-07 0.00638474 -0.00186797
v 0.00199989 0.00614548 -0.00189721
v -1.2E-07 0.00614545 -0.00189721
v 0.00199989 0.00592014 -0.00198287
v 0.0019999 0.00572184 -0.00211996
v -1.1E-07 0.0059201 -0.00198287
v -1E-07 0.00572181 -0.00211996
v 0.0019999 0.00556212 -0.00230053
v -1E-07 0.00556209 -0.00230053
v 0.00199992 0.00397123 -0.00047908
v -9E-08 0.00539271 -0.00274819
v 0.0019999 0.00545026 -0.00251408
v -1E-07 0.00545021 -0.00251408
v 0.0019999 0.00539273 -0.00274819
v -7E-08 0.00329368 -0.00226972
v -7E-08 0.00374116 -0.00141553
v -7E-08 0.00397121 -0.00047908
v 0.00199995 0.00265483 -0.002992
v 0.00199996 0.00186165 -0.00354039
v -4E-08 0.00186162 -0.00354039
v -2E-08 0.00096026 -0.00388303
v 0.00199994 0.00374119 -0.00141553
v 0.00199994 0.00329371 -0.00226972
v 0.00499983 0.0098611 0.00166139
v 0.00199982 0.00986105 0.00166139
v 0.00199987 0.00678329 0.00151653
v 0.00199988 0.00700863 0.00160219
v 0.00199988 0.00720692 0.00173928
v 0.00199987 0.00736665 0.00191985
v 0.00199987 0.00747852 0.0021334
v 0.00199987 0.00753602 0.00236751
v 0.00499983 0.0093475 0.00355326
v 0.00499983 0.00944732 0.00563469
v 0.00499986 0.00847469 0.00530858
v 0.00199984 0.00934746 0.00355326
v 0.00199988 0.00736577 0.00305598
v 0.00199987 0.00720576 0.00323631
v 0.00199988 0.00747797 0.00284261
v 0.00199987 0.00753584 0.00260858
v 0.00199985 0.00847464 0.00530858
v 0.00199987 0.00700726 0.0033731
v 0.00199989 0.00678179 0.00345841
v 0.00199988 0.00654246 0.00348728
v -1.6E-07 0.00944723 0.00563469
v -1.3E-07 0.00736661 0.00191985
v -1.2E-07 0.0070086 0.00160219
v -1.3E-07 0.00720689 0.00173928
v 0.00199988 0.006544 0.00148728
v 0.00199988 0.00630466 0.00151616
v -1.2E-07 0.00654396 0.00148728
v -1.1E-07 0.00678325 0.00151653
v -1.3E-07 0.00747848 0.0021334
v 0.0019999 0.00607919 0.00160147
v -1.1E-07 0.00630464 0.00151616
v 0.0019999 0.00572068 0.00191859
v 0.00199989 0.00588068 0.00173826
v -1E-07 0.00588066 0.00173826
v -1.1E-07 0.00607916 0.00160147
v -7E-08 0.00397046 0.00048521
v 0.0019999 0.00560848 0.00213196
v -9E-08 0.00560845 0.00213196
v -1E-07 0.00572064 0.00191859
v -1.2E-07 0.00678176 0.00345841
v -1.3E-07 0.00700723 0.0033731
v -1.3E-07 0.00736574 0.00305598
v -1.3E-07 0.00747794 0.00284261
v -1.4E-07 0.00753581 0.00260858
v -1.3E-07 0.007536 0.00236751
v -1.3E-07 0.00720574 0.00323631
v -1.2E-07 0.00654242 0.00348728
v -1E-07 0.00555058 0.00236598
v 0.00199991 0.00555061 0.00236598
v 0.0019999 0.00560794 0.00284116
v 0.0019999 0.00555043 0.00260706
v -1.1E-07 0.00560791 0.00284116
v -1E-07 0.00555039 0.00260706
v -1.1E-07 0.00571977 0.00305471
v 0.00199989 0.00630315 0.00345804
v 0.00199989 0.00607782 0.00337238
v -1.1E-07 0.00630313 0.00345804
v 0.0019999 0.0057198 0.00305471
v -1.2E-07 0.00607779 0.00337238
v -1E-07 0.00587949 0.00323528
v 0.00199989 0.00587953 0.00323528
v -7E-08 0.00380325 0.00603163
v 0.00199993 0.00397049 0.00048521
v 0.00199994 0.003739 0.0014213
v 0.00199994 0.00329022 0.0022748
v -7E-08 0.00373896 0.0014213
v -6E-08 0.00329018 0.0022748
v 0.00199993 0.00369142 0.00581808
v 0.00199994 0.00353169 0.00563751
v 0.00199993 0.0033334 0.00550042
v 0.00199994 0.00380329 0.00603163
v 0.00199996 0.00265021 0.00299609
v 0.00199996 0.00185619 0.00354326
v 0.00199995 0.00262943 0.00541439
v 0.00199996 0.00240396 0.0054997
v 0.00199994 0.00310806 0.00541476
v 0.00199994 0.00286877 0.00538551
v -7E-08 0.00369138 0.00581808
v -7E-08 0.00353166 0.00563751
v -6E-08 0.00333337 0.00550042
v -5E-08 0.00265018 0.00299609
v -3E-08 0.00185616 0.00354326
v -5E-08 0.00240393 0.0054997
v -5E-08 0.00262939 0.00541439
v -3E-08 0.00095426 0.00388451
v -3E-08 0.00220541 0.00563649
v -6E-08 0.00286873 0.00538551
v -5E-08 0.00310802 0.00541476
v 0.00499985 0.00832535 0.00718958
v 0.00499987 0.00695041 0.00852602
v 0.00499988 0.0072762 0.00685989
v 0.00199987 0.00727615 0.00685989
v -1.4E-07 0.00832526 0.00718958
v 0.00499989 0.00579809 0.00814757
v -1.2E-07 0.00695032 0.00852602
v -1E-07 0.00536419 0.0096034
v 0.00499991 0.00536429 0.0096034
v 0.0019999 0.00579805 0.00814757
v 0.00499992 0.00409717 0.00912216
v 0.00499993 0.00361517 0.01038898
v 0.00499996 0.0022388 0.00974619
v 0.00199993 0.00409712 0.00912216
v -7E-08 0.00369051 0.00695422
v -7E-08 0.00380271 0.00674084
v -8E-08 0.00386058 0.00650681
v -8E-08 0.00386076 0.00626574
v 0.00199993 0.00386079 0.00626574
v 0.00199993 0.00380273 0.00674084
v 0.00199994 0.00369054 0.00695422
v 0.00199993 0.00353053 0.00713454
v 0.00199993 0.00386061 0.00650681
v 0.00199995 0.00220545 0.00563649
v -4E-08 0.00193321 0.00603019
v 0.00199996 0.00204545 0.00581681
v -4E-08 0.00204541 0.00581681
v 0.00199996 0.00193325 0.00603019
v -5E-08 0.00286719 0.00738551
v 0.00199995 0.00262793 0.00735627
v -4E-08 0.0026279 0.00735627
v 0.00199995 0.00286722 0.00738551
v 0.00199994 0.00333203 0.00727132
v -6E-08 0.00353051 0.00713454
v -7E-08 0.003332 0.00727132
v 0.00199994 0.00310656 0.00735664
v -6E-08 0.00310653 0.00735664
v 0.00199997 0.00187538 0.00626421
v -4E-08 0.00193266 0.0067394
v 0.00199995 0.0018752 0.00650529
v -3E-08 0.00187516 0.00650529
v 0.00199996 0.00193271 0.0067394
v -4E-08 0.00187535 0.00626421
v -4E-08 0.00220426 0.00713351
v 0.00199996 0.00204457 0.00695294
v -4E-08 0.00204454 0.00695294
v 0.00199995 0.00240259 0.00727061
v 0.00199996 0.0022043 0.00713351
v -5E-08 0.00240255 0.00727061
v 0.00199996 0.00223875 0.00974619
v -7E-08 0.0036151 0.01038898
v 0.00499996 0.00175623 0.01085891
v -3E-08 0.00175614 0.01085891
v 0.002 -0.00029429 -0.00999567
v 0.00199998 0.00155257 -0.00689852
v 0.00200004 -0.00204451 -0.00695294
v 0.00199998 0.00096028 -0.00388303
v 0.00199997 0.00155201 -0.00618931
v -3E-08 0.00155199 -0.00618931
v 0.00199997 0.00149451 -0.00642342
v -4E-08 0.00149448 -0.00642342
v 0.00199996 0.0014947 -0.0066645
v -2E-08 0.00149466 -0.0066645
v 0.00200003 -0.00187532 -0.00626421
v 0.00200004 -0.00193264 -0.0067394
v 0.00200003 -0.00187513 -0.00650528
v 0.00199999 3.12E-06 -0.004
v 0.00200004 -0.00220423 -0.00713351
v 0.00200003 -0.00223869 -0.00974619
v 0.00200003 -0.0019332 -0.00603019
v 0.002 -0.00095424 -0.0038845
v 3E-08 -0.00204455 -0.00695294
v 3E-08 -0.00220427 -0.00713351
v 4E-08 -0.00240256 -0.00727061
v 3E-08 -0.00187535 -0.00626421
v 2E-08 -0.00187517 -0.00650528
v 3E-08 -0.00193268 -0.0067394
v -0 3.08E-06 -0.004
v 3E-08 -0.00193322 -0.00603019
v 3E-08 -0.00204542 -0.00581681
v 2E-08 -0.00095428 -0.0038845
v 0.00200005 -0.00286716 -0.00738551
v 0.00200007 -0.00409706 -0.00912216
v 0.00200003 -0.00240253 -0.00727061
v 0.00200004 -0.00262787 -0.00735627
v 0.00200005 -0.0031065 -0.00735664
v 0.00200005 -0.00333198 -0.00727133
v 0.00200005 -0.00353048 -0.00713453
v 0.0020001 -0.00579798 -0.00814758
v 0.00200006 -0.00369048 -0.00695421
v 0.00200006 -0.00380267 -0.00674084
v 0.00200007 -0.00386055 -0.00650681
v 0.00200002 -0.00204539 -0.00581681
v 0.00200003 -0.00220539 -0.00563649
v 0.00200004 -0.00240389 -0.0054997
v 4E-08 -0.00220542 -0.00563649
v 3E-08 -0.00240393 -0.0054997
v 0.00200004 -0.00262937 -0.00541439
v 4E-08 -0.0026294 -0.00541439
v 5E-08 -0.00286874 -0.00538551
v 0.00200005 -0.003108 -0.00541476
v 4E-08 -0.00310804 -0.00541476
v 0.00200005 -0.00333334 -0.00550042
v 0.00200006 -0.00353163 -0.00563751
v 5E-08 -0.00333338 -0.00550042
v 0.00200004 -0.00286871 -0.00538551
v 6E-08 -0.00380271 -0.00674084
v 6E-08 -0.00369051 -0.00695421
v 6E-08 -0.00380326 -0.00603163
v 0.00200006 -0.00386074 -0.00626574
v 7E-08 -0.00386077 -0.00626574
v 0.00200006 -0.00380322 -0.00603163
v 7E-08 -0.00386059 -0.00650681
v 6E-08 -0.00353167 -0.00563751
v 1.1E-07 -0.00678177 -0.00345841
v 1.1E-07 -0.00654243 -0.00348728
v 0.00200006 -0.00369135 -0.00581808
v 6E-08 -0.00369139 -0.00581808
v 2E-08 -0.00185617 -0.00354325
v 4E-08 -0.00265018 -0.00299609
v 0.00200002 -0.00185613 -0.00354325
v 0.00200004 -0.00265015 -0.00299609
v 5E-08 -0.00329019 -0.0022748
v 0.00200005 -0.00329015 -0.0022748
v 0.00200009 -0.00560788 -0.00284116
v 0.0020001 -0.00607776 -0.00337238
v 0.0020001 -0.00571974 -0.00305471
v 0.0020001 -0.00587946 -0.00323528
v 0.00200009 -0.00555036 -0.00260705
v 0.00200009 -0.00555055 -0.00236598
v 1E-07 -0.00560791 -0.00284116
v 9E-08 -0.00571977 -0.00305471
v 9E-08 -0.0055504 -0.00260705
v 9E-08 -0.00555058 -0.00236598
v 1.1E-07 -0.00607779 -0.00337238
v 1E-07 -0.0058795 -0.00323528
v 1E-07 -0.00630314 -0.00345804
v 0.00200009 -0.00560843 -0.00213195
v 0.00200007 -0.00373894 -0.0014213
v 0.00200009 -0.00572063 -0.00191858
v 6E-08 -0.00373898 -0.0014213
v 0.00200007 -0.00397043 -0.00048521
v 0.00200009 -0.00588062 -0.00173826
v 9E-08 -0.00588066 -0.00173826
v 6E-08 -0.00397047 -0.00048521
v 1E-07 -0.00572065 -0.00191858
v 1E-07 -0.00607916 -0.00160147
v 8E-08 -0.00560846 -0.00213195
v 1.1E-07 -0.00630463 -0.00151616
v 1.1E-07 -0.00614545 0.00189721
v 6E-08 -0.00397121 0.00047909
v 0.00200006 -0.00397117 0.00047909
v 0.0020001 -0.00630311 -0.00345804
v 0.00200011 -0.00727609 -0.00685989
v 0.00200013 -0.00847458 -0.00530858
v 0.00200011 -0.00678173 -0.00345841
v 0.00200011 -0.00700721 -0.0033731
v 0.00200011 -0.00654239 -0.00348728
v 0.00200012 -0.00720571 -0.00323631
v 0.00500014 -0.00847453 -0.00530858
v 0.00500015 -0.00934734 -0.00355326
v 0.00200016 -0.00934739 -0.00355326
v 0.00200013 -0.00736571 -0.00305598
v 1.1E-07 -0.00720575 -0.00323631
v 1.2E-07 -0.00736574 -0.00305598
v 1.2E-07 -0.00700724 -0.0033731
v 0.00200012 -0.00720686 -0.00173928
v 0.00200013 -0.00736659 -0.00191985
v 1.2E-07 -0.0072069 -0.00173928
v 1.2E-07 -0.00736662 -0.00191985
v 1.2E-07 -0.00747849 -0.0021334
v 0.00200012 -0.00753597 -0.00236751
v 1.3E-07 -0.007536 -0.00236751
v 0.00200012 -0.00753579 -0.00260859
v 0.00200013 -0.00747845 -0.0021334
v 1.2E-07 -0.00747794 -0.00284261
v 1.3E-07 -0.00753582 -0.00260859
v 0.00200013 -0.00747791 -0.00284261
v 0.00200016 -0.00986099 -0.00166139
v 1.9E-07 -0.01080468 -0.00206372
v 0.0020001 -0.00607912 -0.00160147
v 0.0020001 -0.0063046 -0.00151616
v 0.0020001 -0.00654394 -0.00148728
v 1.1E-07 -0.00654397 -0.00148728
v 1.1E-07 -0.00678327 -0.00151653
v 0.00200011 -0.00700857 -0.00160218
v 1.1E-07 -0.00700861 -0.00160218
v 0.00200011 -0.00678323 -0.00151653
v 0.0020001 -0.00638471 0.00186797
v 0.00200011 -0.00662405 0.00189684
v 0.00200011 -0.00684953 0.00198215
v 0.0020001 -0.00614542 0.00189721
v 0.00200016 -0.00999564 0.00029432
v 1E-07 -0.00638475 0.00186797
v 1.1E-07 -0.00684955 0.00198215
v 1E-07 -0.00662409 0.00189684
v 1.1E-07 -0.00704807 0.00211894
v 1.8E-07 -0.01099889 -0.00015616
v 0.00500018 -0.0108046 -0.00206372
v 0.00500017 -0.00986094 -0.00166139
v 0.00500018 -0.01099881 -0.00015616
v 0.00500017 -0.00999559 0.00029432
v 0.00199998 0.0009543 0.00388451
v 0.002 -3.06E-06 0.004
v -0 -3.09E-06 0.004
v 0.00200001 -0.00096023 0.00388303
v 0.00200002 -0.00155196 0.00618932
v 0.00200002 -0.00166383 0.00597577
v 0.00200002 -0.00182355 0.0057952
v 2E-08 -0.001552 0.00618932
v 5E-08 -0.0026548 0.002992
v 5E-08 -0.00272585 0.00557208
v 3E-08 -0.00186163 0.00354039
v 1E-08 -0.00096027 0.00388303
v 0.00200002 -0.0018616 0.00354039
v 4E-08 -0.00248651 0.0055432
v 3E-08 -0.00224722 0.00557244
v 3E-08 -0.00202188 0.0056581
v 2E-08 -0.00182359 0.0057952
v 0.00200003 -0.00202185 0.0056581
v 2E-08 -0.00166386 0.00597577
v 0.00200006 -0.00374113 0.00141553
v 6E-08 -0.00374116 0.00141553
v 9E-08 -0.00545023 0.00251408
v 6E-08 -0.00329369 0.00226972
v 0.00200005 -0.00329366 0.00226972
v 0.00200004 -0.00265477 0.002992
v 9E-08 -0.00556297 0.00343667
v 9E-08 -0.00545077 0.00322329
v 9E-08 -0.00539291 0.00298927
v 8E-08 -0.00539272 0.00274819
v 0.0020001 -0.00572178 0.00211996
v 0.00200008 -0.00545074 0.00322329
v 0.0020001 -0.00556293 0.00343667
v 0.00200009 -0.00592008 0.00198287
v 0.00200009 -0.00539287 0.00298927
v 0.00200009 -0.00545019 0.00251408
v 0.00200009 -0.00556206 0.00230054
v 0.00200009 -0.00539268 0.00274819
v 9E-08 -0.0055621 0.00230054
v 9E-08 -0.00572182 0.00211996
v 1E-07 -0.00592011 0.00198287
v 0.00200004 -0.00224719 0.00557244
v 0.00200003 -0.00248648 0.0055432
v 0.00200004 -0.00272582 0.00557208
v 0.00200005 -0.00295129 0.00565739
v 4E-08 -0.00295133 0.00565739
v 0.00200004 -0.0031498 0.00579417
v 0.00200009 -0.00572294 0.00361699
v 0.00200005 -0.0033098 0.00597449
v 0.0020001 -0.00592145 0.00375378
v 0.00200005 -0.003422 0.00618787
v 0.00200009 -0.00614692 0.00383909
v 5E-08 -0.00314983 0.00579417
v 9E-08 -0.00592148 0.00375378
v 6E-08 -0.00330983 0.00597449
v 1E-07 -0.00572297 0.00361699
v 1E-07 -0.00614695 0.00383909
v 5E-08 -0.00347991 0.0064219
v 6E-08 -0.00342202 0.00618787
v 0.00200003 -0.00155251 0.00689852
v 0.00199998 0.00029435 0.00999567
v 0.00200002 -0.00149464 0.0066645
v 0.00200001 -0.00149445 0.00642342
v 0.00499999 0.0002944 0.00999567
v 0.00499999 -0.00015608 0.01099889
v 0.00500003 -0.00166131 0.00986102
v 0.00200002 -0.00166136 0.00986102
v -0 -0.00015616 0.01099889
v 0.00500003 -0.00206365 0.01080468
v 0.00500006 -0.00355318 0.00934743
v 0.00500006 -0.00390851 0.01028217
v 1E-08 -0.00149467 0.0066645
v 2E-08 -0.00166474 0.0071119
v 2E-08 -0.00155254 0.00689852
v 2E-08 -0.00149448 0.00642342
v 0.00200003 -0.00166471 0.0071119
v 3E-08 -0.00224872 0.00751432
v 4E-08 -0.00206373 0.01080468
v 4E-08 -0.00202324 0.00742901
v 3E-08 -0.00182474 0.00729222
v 0.00200003 -0.00182471 0.00729222
v 0.00200003 -0.00202321 0.00742901
v 0.00200004 -0.00224868 0.00751432
v 0.00200004 -0.00248802 0.0075432
v 4E-08 -0.00248806 0.0075432
v 0.00200005 -0.00315095 0.0072912
v 0.00200005 -0.00331068 0.00711063
v 5E-08 -0.00315099 0.0072912
v 5E-08 -0.00331071 0.00711063
v 0.00200004 -0.00295266 0.00742829
v 5E-08 -0.00295269 0.00742829
v 0.00200005 -0.00272732 0.00751395
v 4E-08 -0.00272735 0.00751395
v 0.00200005 -0.00342254 0.00689708
v 0.00200006 -0.00348005 0.00666297
v 5E-08 -0.00342258 0.00689708
v 0.00200006 -0.00347987 0.0064219
v 6E-08 -0.00348009 0.00666297
v 0.00200005 -0.00355323 0.00934743
v 0.00200008 -0.00530855 0.00847461
v 1.2E-07 -0.00718958 0.00832526
v 1E-07 -0.00563469 0.00944724
v 7E-08 -0.00390859 0.01028217
v 0.00200011 -0.00704803 0.00211894
v 0.00200012 -0.00720803 0.00229926
v 0.00200012 -0.00732023 0.00251264
v 0.00200012 -0.00737809 0.00274667
v 0.00200017 -0.00974615 0.00223872
v 0.00200011 -0.00737829 0.00298774
v 1.8E-07 -0.01085892 0.00175615
v 1.2E-07 -0.00732026 0.00251264
v 1.2E-07 -0.00720806 0.00229926
v 1.2E-07 -0.00737832 0.00298774
v 1.2E-07 -0.00737813 0.00274667
v 1.8E-07 -0.01038899 0.0036151
v 0.00200011 -0.00638625 0.00386797
v 1E-07 -0.00638628 0.00386797
v 0.00200012 -0.00732077 0.00322185
v 1.2E-07 -0.00732081 0.00322185
v 1.2E-07 -0.00720894 0.00343539
v 0.00200012 -0.0072089 0.00343539
v 1.1E-07 -0.00704922 0.00361597
v 1E-07 -0.00662559 0.00383872
v 0.00200011 -0.00685089 0.00375306
v 1.1E-07 -0.00685093 0.00375306
v 0.00200012 -0.00704918 0.00361597
v 0.00200011 -0.00662555 0.00383872
v 0.00200015 -0.00912214 0.00409709
v 0.00200014 -0.00814755 0.00579801
v 1.5E-07 -0.00960341 0.0053642
v 0.00500017 -0.01085883 0.00175615
v 0.00500017 -0.01038891 0.0036151
v 0.00500016 -0.00974611 0.00223872
v 0.00500015 -0.00912208 0.00409709
v 0.00500013 -0.0081475 0.00579801
v 0.00500016 -0.00960332 0.0053642
v 0.00200012 -0.00685986 0.00727612
v 0.00500009 -0.0053085 0.00847461
v 0.00500009 -0.00563461 0.00944724
v 0.00500011 -0.0071895 0.00832526
v 0.00500011 -0.00685981 0.00727612
v 0.00500015 -0.00852594 0.00695032
v 1.4E-07 -0.00852602 0.00695032
vn 0.07167 0.9591 -0.27383
vn 0.31308 0.8051 -0.50377
vn 0.14145 0.8392 -0.52511
vn 0.09551 0.72539 -0.68168
vn 0.10444 0.86493 -0.49091
vn 0.29266 0.90679 -0.30347
vn 0.35327 0.83185 -0.42806
vn 0.12434 0.9315 -0.34183
vn 0.5315 0.65196 -0.5408
vn 0.57483 0.55474 -0.60152
vn 0.64674 0.65278 -0.39447
vn 0.37514 0.71346 -0.59182
vn 0.47807 0.79829 -0.3663
vn 0.55906 0.67874 -0.47619
vn 0.53151 0.48637 -0.6935
vn 0.15273 0.45482 -0.87739
vn 0.08993 0.54441 -0.83398
vn 0.31308 0.64386 -0.69816
vn 0.31308 0.43709 -0.84317
vn 0.37513 0.53225 -0.75893
vn 0.14879 0.67039 -0.72694
vn -2E-05 0.96158 -0.27454
vn -1E-05 0.86968 -0.49361
vn -1E-05 0.54663 -0.83737
vn -1E-05 0.72872 -0.68481
vn -1E-05 0.72872 -0.68481
vn -1E-05 0.54663 -0.83738
vn -1E-05 0.33369 -0.94268
vn -1E-05 0.33369 -0.94268
vn 0.0877 0.33241 -0.93905
vn 0.57484 0.37659 -0.72645
vn 0.72694 0.44927 -0.51933
vn 0.7205 0.31915 -0.61564
vn 0.81535 0.33244 -0.474
vn 0.74417 0.38356 -0.5469
vn 0.71311 0.47527 -0.51535
vn 0.82162 0.4295 -0.3748
vn 0.71709 0.50713 -0.47812
vn 0.74417 0.22585 -0.62865
vn 0.85599 0.20334 -0.47533
vn 0.83101 0.31325 -0.45968
vn 0.74418 0.05217 -0.66594
vn 0.72051 0.14561 -0.67799
vn 0.85056 0.1778 -0.49491
vn 0.57484 -0.04512 -0.81702
vn 0.53151 0.06616 -0.84447
vn 0.37513 0.3134 -0.87238
vn 0.37514 0.07239 -0.92414
vn 0.31308 0.19941 -0.92856
vn 0.53151 0.28638 -0.79717
vn 0.57484 0.17181 -0.80002
vn 0.72051 -0.03823 -0.69239
vn 0.74418 -0.12519 -0.65614
vn 0.67314 -0.56749 -0.47418
vn 0.73017 -0.40655 -0.54915
vn 0.57485 -0.25887 -0.77623
vn 0.53151 -0.15875 -0.83204
vn 0.72051 -0.21938 -0.65782
vn 0.72051 -0.385 -0.57675
vn 0.74418 -0.29369 -0.59995
vn 0.85399 -0.20374 -0.47874
vn 0.86417 -0.07998 -0.49681
vn 0.86708 -0.09336 -0.48934
vn 0.86326 0.03943 -0.50322
vn 0.87488 -0.02116 -0.48388
vn 0.83203 -0.2439 -0.49824
vn 0.83629 -0.33024 -0.43768
vn 0.75054 -0.40672 -0.52084
vn 0.8692 0.09089 -0.48603
vn 0.92231 -0.00518 -0.38641
vn 0.31309 -0.05238 -0.94828
vn 0.09334 -0.135 -0.98644
vn 0.37515 -0.17373 -0.91054
vn 0.15046 -0.05453 -0.98711
vn 0.10119 -0.36358 -0.92605
vn 0.15329 0.20748 -0.96616
vn 0.14424 -0.31306 -0.93872
vn 0.3131 -0.30046 -0.90094
vn 0.08883 0.10152 -0.99086
vn 0.57486 -0.45429 -0.68055
vn 0.31309 -0.52729 -0.7899
vn 0.53152 -0.37242 -0.76078
vn 0.37515 -0.6126 -0.69569
vn 0.37515 -0.40757 -0.83256
vn 0.53153 -0.55978 -0.63571
vn 0.49909 -0.72182 -0.47947
vn 0.56468 -0.6038 -0.56264
vn 0.1214 -0.74596 -0.65483
vn 0.11235 -0.57107 -0.81318
vn 0.1346 -0.55015 -0.82415
vn 0.12645 -0.74873 -0.65071
vn 0.3131 -0.71683 -0.62299
vn 0.11248 -0.93159 -0.34568
vn 0.30609 -0.84405 -0.44033
vn 0.35981 -0.7609 -0.53997
vn 0.11602 -0.93663 -0.33055
vn 0.09262 -0.88211 -0.46184
vn 0.12062 -0.94122 -0.31552
vn 0.10981 -0.87178 -0.47743
vn 0.92231 -0.00518 -0.38641
vn 0.92377 -0.06064 -0.37812
vn 0.9118 0.10602 -0.39671
vn 2E-05 -0.98738 0.15839
vn 0.06698 0.98038 -0.18539
vn 0.2029 0.95009 -0.237
vn 0.103 0.97422 -0.20073
vn 0.35827 0.88681 -0.29191
vn 0.30468 0.91179 -0.27533
vn 0.52339 0.77948 -0.34422
vn 0.49115 0.80365 -0.33602
vn 0.66922 0.63686 -0.38282
vn 0.65297 0.65522 -0.37989
vn 0.75333 0.52188 -0.40017
vn 0 -0.15839 -0.98738
vn 0 -0.15839 -0.98738
vn 0 -0.15839 -0.98738
vn 0 -0.15839 -0.98738
vn 0 -0.15839 -0.98738
vn 0 -0.15838 -0.98738
vn 1E-05 -0.15839 -0.98738
vn 0 -0.15839 -0.98738
vn 0 -0.15839 -0.98738
vn 0 -0.15842 -0.98737
vn 0 -0.06978 -0.99756
vn -2E-05 0.98738 -0.15839
vn -2E-05 0.98738 -0.15839
vn 0.7862 0.46757 -0.40405
vn 0.80848 0.42455 -0.40757
vn 0.87125 0.27242 -0.4083
vn 0.85346 0.32182 -0.40994
vn 0.91778 0.05238 -0.39362
vn 0.88764 0.21508 -0.40724
vn 0 -0.15839 -0.98738
vn 0 -0.15839 -0.98738
vn 1E-05 -0.15839 -0.98738
vn 0 -0.15839 -0.98738
vn 0 -0.15838 -0.98738
vn -0 -0.15839 -0.98738
vn 0.91768 0.05291 -0.39378
vn 0.92377 -0.06064 -0.37812
vn 0.92377 -0.06064 -0.37812
vn 0.92377 -0.06064 -0.37812
vn 0.823 -0.36307 -0.43687
vn 0.88127 -0.22534 -0.41544
vn 0.83803 -0.33169 -0.43323
vn 0.91317 -0.11376 -0.39139
vn 0.91267 -0.116 -0.39188
vn 0.88315 -0.21998 -0.41431
vn 0.58076 -0.68065 -0.44657
vn 0.78333 -0.43346 -0.44555
vn 0.68165 -0.57465 -0.45291
vn 0.7161 -0.5327 -0.45103
vn 0.51479 -0.73533 -0.44078
vn 0.42553 -0.79897 -0.42494
vn 0.29726 -0.86708 -0.39977
vn 0.02209 -0.94788 -0.31785
vn 0.19674 -0.90712 -0.37207
vn 0.32043 -0.85661 -0.4044
vn 0.10846 -0.93148 -0.34724
vn 0.11832 -0.92923 -0.35005
vn 0.06638 -0.94056 -0.33307
vn -0.07171 0.9591 -0.27383
vn -0.13823 0.56866 -0.81087
vn -0.10822 0.54342 -0.83246
vn -0.38981 0.79729 -0.46084
vn -0.3131 0.73096 -0.60635
vn -0.26045 0.8899 -0.3745
vn -0.09146 0.86604 -0.49154
vn -0.16345 0.90562 -0.39131
vn -0.09817 0.7252 -0.68151
vn -0.14672 0.76133 -0.63154
vn -0.44361 0.78128 -0.4391
vn -0.3131 0.5453 -0.77757
vn -0.53152 0.57424 -0.62268
vn -0.60937 0.6363 -0.47307
vn -0.5862 0.64464 -0.49072
vn -0.37515 0.4266 -0.82297
vn -0.37516 0.62842 -0.68143
vn -0.10108 -0.1349 -0.98569
vn -0.1122 0.10128 -0.98851
vn -0.12154 0.33122 -0.93569
vn -0.1263 0.33538 -0.93358
vn -0.3131 0.32109 -0.8938
vn -0.13471 0.07738 -0.98786
vn -0.31309 0.07416 -0.94682
vn -0.37515 0.19461 -0.90631
vn -0.72052 0.39815 -0.56774
vn -0.53151 0.17783 -0.82817
vn -0.53152 0.38982 -0.75202
vn -0.57485 0.27664 -0.77008
vn -0.57485 0.46982 -0.66994
vn -0.74418 0.14023 -0.65309
vn -0.57484 0.06389 -0.81577
vn -0.72051 0.05414 -0.69132
vn -0.74418 -0.03684 -0.66697
vn -0.74418 0.30741 -0.59304
vn -0.72051 0.23443 -0.65261
vn -0.84312 0.31783 -0.43374
vn -0.78339 0.41469 -0.46296
vn -0.73734 0.43573 -0.5162
vn -0.71655 0.50689 -0.47918
vn -0.83512 0.25314 -0.48836
vn -0.92231 -0.00521 -0.38641
vn -0.87025 -0.02257 -0.49209
vn -0.8691 -0.02728 -0.49388
vn -0.87238 -0.08556 -0.48129
vn -0.86436 0.10556 -0.49166
vn -0.85885 0.08746 -0.50471
vn -0.8568 0.2036 -0.47376
vn -0.37514 -0.29327 -0.87935
vn -0.31309 -0.17801 -0.93289
vn -0.53151 -0.04673 -0.84576
vn -0.14431 -0.18547 -0.972
vn -0.37514 -0.05113 -0.92556
vn -0.85595 -0.20526 -0.47458
vn -0.8193 -0.31647 -0.47811
vn -0.74455 -0.37211 -0.55424
vn -0.85082 -0.16626 -0.49846
vn -0.7205 -0.30492 -0.62282
vn -0.74417 -0.21135 -0.63367
vn -0.57484 -0.15337 -0.80376
vn -0.7205 -0.12998 -0.68116
vn -0.73879 -0.39751 -0.54422
vn -0.53151 -0.26799 -0.80354
vn -0.57484 -0.3598 -0.73492
vn -0.68986 -0.47842 -0.54332
vn -0 0.10192 -0.99479
vn -0 0.10193 -0.99479
vn 0 -0.13559 -0.99076
vn 1E-05 -0.36547 -0.93082
vn 0 -0.13559 -0.99076
vn 1E-05 -0.36546 -0.93083
vn 1E-05 -0.75152 -0.65971
vn 1E-05 -0.57471 -0.81836
vn 1E-05 -0.75151 -0.65972
vn 2E-05 -0.88592 -0.46384
vn 1E-05 -0.94814 -0.31785
vn 2E-05 -0.94297 -0.33288
vn 2E-05 -0.94819 -0.31769
vn 1E-05 -0.88592 -0.46383
vn 2E-05 -0.943 -0.33279
vn 2E-05 -0.93754 -0.34788
vn -0.15329 -0.65306 -0.74163
vn -0.09259 -0.88212 -0.46184
vn -0.31308 -0.41759 -0.85299
vn -0.09327 -0.36387 -0.92677
vn -0.1527 -0.8255 -0.54334
vn -0.08396 -0.88708 -0.45392
vn -0.0877 -0.74862 -0.65718
vn -0.08879 -0.57244 -0.81513
vn -0.1505 -0.43468 -0.88792
vn -0.57483 -0.54076 -0.61412
vn -0.53939 -0.62335 -0.56612
vn -0.71194 -0.60016 -0.36462
vn -0.5315 -0.4703 -0.7045
vn -0.37513 -0.69967 -0.60807
vn -0.53385 -0.75091 -0.38876
vn -0.52045 -0.64451 -0.56013
vn -0.37513 -0.51467 -0.77097
vn -0.31308 -0.62765 -0.71277
vn -0.34205 -0.87364 -0.34607
vn -0.30793 -0.79471 -0.52308
vn -0.11245 -0.9316 -0.34567
vn -0.11596 -0.9366 -0.33064
vn -0.12064 -0.94127 -0.31537
vn -0.31839 -0.78624 -0.52958
vn 2E-05 -0.98738 0.15839
vn -0.92377 -0.06068 -0.37812
vn -0.92231 -0.0052 -0.38641
vn -0.49109 0.8036 -0.33624
vn -0.35651 0.88792 -0.2907
vn -0.12303 0.97071 -0.20637
vn -0.30483 0.91182 -0.27505
vn -0.10345 0.97437 -0.19973
vn -0.65278 0.65513 -0.38038
vn -0.71552 0.57839 -0.39177
vn -0.75338 0.52188 -0.40007
vn -0.55566 0.75289 -0.3527
vn -0.80853 0.42452 -0.40752
vn -0.89625 0.18143 -0.40474
vn -0.91061 0.10553 -0.39956
vn -0.92126 0.01516 -0.38866
vn -0.88764 0.21505 -0.40724
vn -0.85349 0.32179 -0.40989
vn -0.83311 0.37313 -0.40829
vn 1E-05 -0.15839 -0.98738
vn 0 -0.15839 -0.98738
vn 0 -0.15839 -0.98738
vn -0 -0.15839 -0.98738
vn 0 -0.15839 -0.98738
vn 0 -0.1584 -0.98738
vn 0 -0.15839 -0.98738
vn 0 -0.15839 -0.98738
vn 0 -0.15839 -0.98738
vn 0 -0.15839 -0.98738
vn 1E-05 -0.15839 -0.98738
vn 0 -0.15839 -0.98738
vn 1E-05 -0.15839 -0.98738
vn 1E-05 -0.15839 -0.98738
vn -0.92078 0.01885 -0.38962
vn -0.92377 -0.06067 -0.37812
vn -0.92377 -0.06067 -0.37812
vn -0.92377 -0.06067 -0.37812
vn -0.91267 -0.11602 -0.39188
vn 0 -0.06978 -0.99756
vn -2E-05 0.95067 0.3102
vn -0.82085 -0.36736 -0.43733
vn -0.78332 -0.4335 -0.44552
vn -0.83801 -0.33173 -0.43323
vn -0.89986 -0.16772 -0.40264
vn -0.88126 -0.22537 -0.41544
vn -0.68163 -0.57467 -0.45292
vn -0.71378 -0.53563 -0.45123
vn -0.51476 -0.73534 -0.44079
vn -0.58649 -0.67535 -0.44713
vn -0.3868 -0.82192 -0.41814
vn -0.32023 -0.85649 -0.40482
vn -0.47302 -0.76685 -0.43382
vn -0.10841 -0.93148 -0.34727
vn -0.15527 -0.91972 -0.36058
vn -0.26844 -0.88035 -0.39106
vn 1E-05 -0.95067 -0.3102
vn -0.01451 -0.9489 -0.31525
vn -0.04369 -0.94458 -0.32535
vn -0.08771 -0.93623 -0.34026
vn 2E-05 -0.95067 -0.3102
vn -2E-05 0.95067 0.3102
vn -2E-05 0.98926 0.14619
vn -2E-05 0.98926 0.14619
vn 0 -0.14619 0.98926
vn 0 -0.14619 0.98926
vn -0 0.06978 0.99756
vn -0 0.06978 0.99756
vn -2E-05 0.98926 0.14618
vn 2E-05 -0.98926 -0.14619
vn 2E-05 -0.98926 -0.14619
vn -2E-05 0.98926 0.14619
vn 0.23368 0.96748 0.09683
vn 0.02435 0.98965 0.14143
vn 0.07333 0.98861 0.13146
vn 0.45523 0.88942 0.04136
vn 0.27358 0.95788 0.08725
vn 0.40013 0.91471 0.05656
vn 0.09044 0.98766 0.12784
vn 0.13871 0.98329 0.11791
vn 0.61611 0.78764 -0.00512
vn 0.62349 0.7818 -0.0073
vn 0.76666 0.63952 -0.05698
vn -2E-05 0.98926 0.14619
vn -2E-05 0.98926 0.14619
vn -0.98145 -0.02804 0.18965
vn -0.98145 -0.02804 0.18965
vn 0.98145 0.02804 -0.18964
vn 0.98145 0.02804 -0.18964
vn -0 -0.15839 -0.98738
vn 0 -0.15839 -0.98738
vn 0 -0.15839 -0.98738
vn 0 -0.15839 -0.98738
vn 0 -0.15839 -0.98738
vn 0 -0.15839 -0.98738
vn 0 -0.15839 -0.98738
vn 0 -0.15838 -0.98738
vn 0 -0.15839 -0.98738
vn 0 -0.15839 -0.98738
vn 0 -0.15839 -0.98738
vn 0 -0.15839 -0.98738
vn 0 -0.15839 -0.98738
vn 0 -0.15839 -0.98738
vn 0 -0.15839 -0.98738
vn 0 -0.15839 -0.98738
vn 2E-05 -0.98926 -0.14618
vn 2E-05 -0.98926 -0.14619
vn 1E-05 -0.98926 -0.14619
vn 2E-05 -0.98926 -0.14618
vn 3E-05 -0.98925 -0.14621
vn 2E-05 -0.98926 -0.14618
vn 0.98145 0.02804 -0.18965
vn 2E-05 -0.98926 -0.14619
vn 0.94522 0.29316 -0.14356
vn 0.94889 0.27972 -0.14617
vn 0.98125 0.04788 -0.18668
vn 0.87567 0.47171 -0.10339
vn 0.97643 0.12755 -0.17412
vn 0.97163 0.16733 -0.16715
vn 0.9639 0.21379 -0.15871
vn 0.98145 0.02804 -0.18965
vn 0.97752 0.11587 -0.17613
vn 0.97964 0.08773 -0.18057
vn 0.89857 0.42363 -0.1145
vn 0.78557 0.61546 -0.06395
vn 2E-05 -0.98926 -0.14619
vn 0.86578 -0.441 -0.23652
vn 0.75114 -0.61555 -0.23852
vn 0.94119 -0.25321 -0.22371
vn 0.90756 -0.3512 -0.23019
vn 0.98145 0.02805 -0.18965
vn 0.97714 -0.06471 -0.2025
vn 0.97387 -0.09601 -0.20581
vn 0.42495 -0.87954 -0.21406
vn 0.60167 -0.76433 -0.23193
vn 0.57969 -0.78178 -0.22973
vn 0.76331 -0.60014 -0.23913
vn 0.42811 -0.8779 -0.21449
vn -2E-05 0.98926 0.14619
vn 0.31712 -0.92716 -0.19955
vn 0.98145 0.02804 -0.18965
vn -0.98145 -0.02804 0.18965
vn -2E-05 0.98926 0.14619
vn 0.02098 -0.98843 -0.1502
vn 0.24364 -0.95129 -0.1889
vn 0.06312 -0.98539 -0.15821
vn 0.1928 -0.96448 -0.1806
vn 0.08302 -0.9833 -0.16197
vn 0.25124 -0.94906 -0.19014
vn 0.10587 -0.98044 -0.16591
vn 0.14916 -0.97351 -0.1733
vn 2E-05 -0.98926 -0.14619
vn -0.98145 -0.02804 0.18965
vn 2E-05 -0.98926 -0.14619
vn -2E-05 0.98926 0.14619
vn -0.98145 0.02801 -0.18965
vn 0 -0.15839 -0.98738
vn 1E-05 -0.15839 -0.98738
vn -0.98145 0.02801 -0.18964
vn -0 0.06978 0.99756
vn -0 0.06978 0.99756
vn -0 0.06978 0.99756
vn -0 0.06978 0.99756
vn -0 0.06978 0.99756
vn 0 0.06978 0.99756
vn -1E-05 0.06978 0.99756
vn -0 0.06978 0.99756
vn -0.08627 0.98792 0.12876
vn -0.02743 0.98965 0.14083
vn 0.98145 -0.02801 0.18965
vn -2E-05 0.98926 0.14619
vn -2E-05 0.98926 0.14619
vn 0.98145 -0.02801 0.18965
vn -0.20198 0.97385 0.10405
vn -0.26105 0.9611 0.09025
vn -0.13765 0.98341 0.11813
vn -0.08242 0.98814 0.12953
vn -0.42484 0.9039 0.0497
vn -0.44642 0.89376 0.0437
vn -0.62809 0.77809 -0.00937
vn -0.29305 0.9525 0.08289
vn -0.55794 0.82979 0.01259
vn -0.96751 0.19365 -0.16257
vn -0.97582 0.13316 -0.17332
vn -0.97967 0.08727 -0.18063
vn -0.91073 0.39462 -0.12183
vn -0.98126 0.0478 -0.18668
vn -0.97382 0.15031 -0.17053
vn -0.78744 0.61298 -0.06482
vn -0.95058 0.27336 -0.14722
vn -0.90292 0.41352 -0.11723
vn -0.98145 0.02801 -0.18965
vn -0.66512 0.74644 -0.02099
vn -0.79213 0.60668 -0.0668
vn -0.98145 0.02801 -0.18965
vn 2E-05 -0.98926 -0.14619
vn 2E-05 -0.98926 -0.14619
vn 2E-05 -0.98926 -0.14619
vn 2E-05 -0.98926 -0.14619
vn 0 -0.14619 0.98926
vn -2E-05 0.98926 0.14619
vn 0 -0.15839 -0.98738
vn 0 -0.15839 -0.98738
vn 1E-05 -0.15839 -0.98738
vn 0 -0.15838 -0.98738
vn 0 -0.15839 -0.98738
vn 2E-05 -0.98926 -0.14618
vn 2E-05 -0.98926 -0.14618
vn 0 -0.15839 -0.98738
vn 5E-05 -0.98928 -0.14603
vn 2E-05 -0.98926 -0.14619
vn 2E-05 -0.98926 -0.14619
vn 2E-05 -0.98926 -0.14619
vn 0.98145 -0.02801 0.18965
vn 0.98145 -0.02801 0.18965
vn -0.08315 0.98807 0.1296
vn -0.25164 0.96338 0.09255
vn -0.09159 0.98754 0.12798
vn -2E-05 0.98926 0.14619
vn -1E-05 0.98926 0.14619
vn 2E-05 -0.98926 -0.14619
vn -0.60204 0.79846 -0.00117
vn -0.46062 0.88668 0.04037
vn -0.75113 0.65815 -0.05134
vn -0.63017 0.7764 -0.0094
vn -0.27696 0.95694 0.08699
vn -0.42857 0.90221 0.04843
vn -0.94131 0.30678 -0.14078
vn -0.86598 0.49022 -0.09882
vn -0.94803 0.28309 -0.14523
vn -0.98145 0.02801 -0.18965
vn -0.88161 0.45995 -0.10583
vn -0.97713 0.12044 -0.17526
vn -0.97786 0.11255 -0.17644
vn -0.77355 0.63096 -0.05921
vn -0.98145 0.02801 -0.18965
vn 2E-05 -0.98926 -0.14619
vn -2E-05 0.93474 0.35533
vn -3E-05 0.93473 0.35535
vn -2E-05 0.93474 0.35532
vn -1E-05 0.93474 0.35533
vn -2E-05 0.93474 0.35532
vn -4E-05 0.93473 0.35537
vn 1 1E-05 0
vn 1 5E-05 -3E-05
vn 1 2E-05 0
vn 1 -6E-05 0.0003
vn 1 0.00012 -0.00019
vn 1 9E-05 -0.00012
vn 1 -3E-05 7E-05
vn -0.98145 -0.02804 0.18967
vn 1E-05 -0.35533 0.93474
vn -2E-05 0.93474 0.35533
vn -0 0.14619 -0.98926
vn -2E-05 0.93474 0.35533
vn -2E-05 0.98926 0.14619
vn -2E-05 0.98926 0.14619
vn -1E-05 0.35533 -0.93474
vn -0.98145 -0.02804 0.18965
vn 0.98145 0.02804 -0.18965
vn 0.98145 0.02804 -0.18965
vn 4E-05 -0.93474 -0.35533
vn 0 -0.93474 -0.35532
vn 0.98145 0.02804 -0.18965
vn 1E-05 -0.93474 -0.35532
vn 2E-05 -0.93474 -0.35533
vn 3E-05 -0.93474 -0.35533
vn -0 -0.93475 -0.35532
vn 6E-05 -0.93473 -0.35535
vn -1E-05 -0.93475 -0.35531
vn 1E-05 -0.93474 -0.35532
vn 2E-05 -0.93474 -0.35533
vn 1E-05 -0.93474 -0.35533
vn 2E-05 -0.93474 -0.35533
vn 4E-05 -0.93474 -0.35532
vn -1 -2E-05 0
vn -1 -2E-05 0
vn -1 -2E-05 0
vn 1 2E-05 0
vn 1 2E-05 -0
vn 1 2E-05 0
vn 1 3E-05 2E-05
vn -1 -2E-05 0
vn 1 1E-05 0
vn 1 -1E-05 0
vn 1 6E-05 -0
vn -1 -2E-05 -0
vn -1 -1E-05 0
vn -1 -2E-05 0
vn -1 -2E-05 0
vn 1 3E-05 0
vn 1 -0 -0
vn 1 0 -0
vn 1 5E-05 0
vn 1 2E-05 -0
vn 1 2E-05 -0
vn -1 -2E-05 0
vn -1 -2E-05 0
vn 2E-05 -0.93474 -0.35533
vn 2E-05 -0.93474 -0.35533
vn -1 -2E-05 0
vn -1 -2E-05 -0
vn -1 -2E-05 0
vn -1 -2E-05 -0
vn -2E-05 0.93474 0.35533
vn -1 -1E-05 0
vn -2E-05 0.93474 0.35533
vn 1 3E-05 1E-05
vn 1 2E-05 0
vn 1 1E-05 -0
vn 1 2E-05 0
vn 1 -2E-05 -3E-05
vn 1 2E-05 0
vn 0 -0.26199 0.96507
vn 1E-05 -0.44524 0.89541
vn 1E-05 -0.44524 0.89541
vn -1 -2E-05 -0
vn 1E-05 -0.61137 0.79135
vn 1E-05 -0.75401 0.65687
vn 2E-05 -0.86766 0.49715
vn 1E-05 -0.754 0.65687
vn -1 -0 0
vn -1 -1E-05 0
vn -1 -2E-05 -0
vn -1 -2E-05 1E-05
vn -1 -5E-05 -4E-05
vn -1 1E-05 3E-05
vn -1 -2E-05 0
vn -1 -3E-05 -4E-05
vn 1 1E-05 1E-05
vn 1 5E-05 -3E-05
vn 1 3E-05 -2E-05
vn 1 6E-05 -4E-05
vn 1 -1E-05 3E-05
vn 1 3E-05 -2E-05
vn 1 2E-05 -0
vn 1 -2E-05 4E-05
vn 1 4E-05 -2E-05
vn -1 -4E-05 3E-05
vn -1 -2E-05 -0
vn -1 -1E-05 -1E-05
vn 2E-05 -0.94798 0.31832
vn -1 2E-05 2E-05
vn -1 -4E-05 -1E-05
vn -1 -1E-05 -0
vn -1 -3E-05 -1E-05
vn -1 -1E-05 1E-05
vn -1 -1E-05 0
vn -1 -3E-05 -3E-05
vn -1 -2E-05 3E-05
vn -1 -2E-05 1E-05
vn -1 -1E-05 -0
vn -1 -2E-05 -1E-05
vn 1E-05 -0.74903 0.66254
vn 1E-05 -0.35532 0.93474
vn 1E-05 -0.35531 0.93475
vn 1E-05 -0.74902 0.66255
vn 0 -0.12131 0.99261
vn 2E-05 -0.88581 0.46405
vn 1E-05 -0.5687 0.82254
vn 1E-05 -0.5687 0.82254
vn -1E-05 0.74799 0.66371
vn -0 0.11977 0.9928
vn -1E-05 0.56743 0.82342
vn -1E-05 0.56743 0.82342
vn -1E-05 0.35389 0.93529
vn -1E-05 0.35389 0.93529
vn -0 0.11977 0.9928
vn -1 1E-05 -3E-05
vn -1 -4E-05 2E-05
vn -1 -2E-05 -0
vn -1 -4E-05 2E-05
vn -1 -3E-05 1E-05
vn -2E-05 0.8851 0.46541
vn 1 4E-05 -2E-05
vn -1E-05 0.748 0.6637
vn 2E-05 -0.97113 0.23856
vn 2E-05 -0.97113 0.23854
vn 2E-05 -1 -0.00077
vn 2E-05 -0.97076 -0.24007
vn 1E-05 -0.97076 -0.24007
vn 1E-05 -0.35388 -0.93529
vn 1E-05 -0.74801 -0.66369
vn 1E-05 -0.35389 -0.93529
vn 2E-05 -0.88509 -0.46542
vn 1E-05 -0.74799 -0.66371
vn 1E-05 -0.56744 -0.82342
vn 1E-05 -0.56742 -0.82343
vn 1E-05 -0.88511 -0.46539
vn -0 0.1213 -0.99262
vn 0 -0.11977 -0.9928
vn 0 -0.11977 -0.9928
vn -1E-05 0.5687 -0.82254
vn -1E-05 0.56869 -0.82255
vn -1E-05 0.35533 -0.93474
vn -1E-05 0.35532 -0.93474
vn -2E-05 0.97076 0.24004
vn -2E-05 1 0.0008
vn -2E-05 0.97113 -0.23857
vn -1E-05 0.97113 -0.23856
vn -1E-05 0.74902 -0.66255
vn -2E-05 0.88581 -0.46405
vn -2E-05 1 0.00077
vn -1E-05 0.88582 -0.46403
vn 1 2E-05 -0
vn 1 2E-05 0
vn -1 -2E-05 -1E-05
vn -1 -2E-05 -0
vn -1 -2E-05 1E-05
vn -1 -1E-05 2E-05
vn -1 -1E-05 2E-05
vn -1 -2E-05 -0
vn -1 -1E-05 1E-05
vn -1 -2E-05 -3E-05
vn -1 -5E-05 -2E-05
vn -1 -3E-05 -1E-05
vn 1E-05 -0.35532 0.93474
vn -1 -2E-05 -0
vn -1 3E-05 1E-05
vn 0 -0.1213 0.99262
vn -1E-05 0.35388 0.93529
vn 1E-05 -0.35533 0.93474
vn -0 0.11977 0.9928
vn -1 -0 -1E-05
vn 0 -0.1213 0.99262
vn -1 -3E-05 -0
vn -1 0 -1E-05
vn -0 0.11977 0.9928
vn 2E-05 -0.97112 0.23859
vn 2E-05 -0.97113 0.23857
vn 1E-05 -0.88582 0.46403
vn 1E-05 -0.74902 0.66255
vn 1E-05 -0.88582 0.46402
vn 2E-05 -0.97076 -0.24007
vn 1E-05 -0.97076 -0.24004
vn 2E-05 -1 -0.0008
vn 2E-05 -1 -0.00077
vn -1E-05 0.56745 0.82341
vn -2E-05 0.88511 0.46538
vn -1E-05 0.8851 0.46541
vn -1E-05 0.74799 0.66371
vn -2E-05 0.97075 0.2401
vn -2E-05 0.97076 0.24007
vn -1E-05 0.88581 -0.46405
vn -2E-05 1 0.00077
vn -1 -1E-05 -0
vn 0 -0.06868 0.99764
vn 0 -0.06868 0.99764
vn -1 -3E-05 1E-05
vn -1 -1E-05 -0
vn -1 -2E-05 0
vn 1 2E-05 6E-05
vn 1 2E-05 -2E-05
vn 1 2E-05 6E-05
vn 1 2E-05 -5E-05
vn 1 2E-05 0
vn 1 2E-05 4E-05
vn 1 2E-05 -1E-05
vn 1 2E-05 -5E-05
vn 1 2E-05 -1E-05
vn 1 2E-05 3E-05
vn 1 2E-05 2E-05
vn 1 2E-05 -2E-05
vn -1 -2E-05 1E-05
vn -1 -2E-05 -4E-05
vn -1 -2E-05 0
vn -1 -2E-05 4E-05
vn -1 -2E-05 -1E-05
vn 1E-05 -0.74902 0.66255
vn 1E-05 -0.56872 0.82253
vn 1E-05 -0.88581 0.46405
vn 2E-05 -0.88583 0.464
vn 1E-05 -0.56869 0.82255
vn 0 -0.35531 0.93475
vn 1E-05 -0.88509 -0.46542
vn 2E-05 -1 -0.00077
vn 1E-05 -0.97112 0.23859
vn -1 -2E-05 0
vn -1 -2E-05 -0
vn -0 0.31832 0.94798
vn -0 0.12726 0.99187
vn -1 -0 -1E-05
vn -1 -2E-05 0
vn -1 3E-05 1E-05
vn -1 -5E-05 -0
vn -1 -3E-05 0
vn -1E-05 0.31832 0.94798
vn 1 2E-05 -1E-05
vn 1 2E-05 0
vn 1 2E-05 -1E-05
vn 1 4E-05 -2E-05
vn 1E-05 -0.74801 -0.66369
vn 1E-05 -0.56742 -0.82343
vn 1E-05 -0.35389 -0.93529
vn 0 -0.11977 -0.9928
vn 1 -0 0
vn 1 3E-05 1E-05
vn 1 -1E-05 -1E-05
vn 1 1E-05 -0
vn 1 2E-05 0
vn 1 1E-05 -0
vn 1 0 -1E-05
vn 1 3E-05 0
vn -1 -2E-05 0
vn -1 -3E-05 -0
vn -1 -3E-05 -0
vn 0 -0.11977 -0.9928
vn -1 2E-05 0
vn -1 -2E-05 -0
vn -0 0.12131 -0.99261
vn -1E-05 0.5687 -0.82254
vn -1 -1E-05 0
vn -1E-05 0.56868 -0.82256
vn -1E-05 0.74902 -0.66255
vn -1 -1E-05 0
vn -1E-05 0.74903 -0.66254
vn -1 -2E-05 -0
vn -1 -3E-05 -0
vn 0 -0.12131 0.99262
vn 1 2E-05 1E-05
vn 1 3E-05 4E-05
vn 1 1E-05 -2E-05
vn 1 1E-05 -4E-05
vn 1 2E-05 0
vn 1 1E-05 -1E-05
vn 2E-05 -0.88581 0.46404
vn 1E-05 -0.5687 0.82254
vn 1E-05 -0.74902 0.66254
vn 1E-05 -0.35532 0.93474
vn 1E-05 -0.5687 0.82255
vn 1 2E-05 -0
vn 1 2E-05 -0
vn -0 0.11977 0.9928
vn 1 3E-05 0
vn -0 0.11977 0.9928
vn 0 -0.12131 0.99262
vn 1 1E-05 0
vn 1 2E-05 0
vn 1 4E-05 -1E-05
vn 1 0 1E-05
vn 1 -0 1E-05
vn 1 3E-05 -1E-05
vn 1 1E-05 1E-05
vn 1 2E-05 -0
vn 1 -2E-05 3E-05
vn -1 -1E-05 -0
vn -1 -1E-05 -0
vn -1 2E-05 -2E-05
vn -1 -4E-05 2E-05
vn -1 -2E-05 0
vn -1 -4E-05 1E-05
vn -1 -2E-05 -0
vn 1E-05 -0.74799 -0.66371
vn 0 -0.11977 -0.9928
vn 0 -0.11977 -0.9928
vn 1E-05 -0.748 -0.6637
vn 1E-05 -0.56744 -0.82342
vn 0 -0.3539 -0.93528
vn -1 -2E-05 -0
vn -1 -4E-05 0
vn -1 -2E-05 -0
vn -1 -3E-05 0
vn -1 2E-05 -1E-05
vn -1E-05 0.35388 0.93529
vn -1E-05 0.35388 0.93529
vn -1E-05 0.56743 0.82342
vn -1E-05 0.748 0.6637
vn -1 -5E-05 2E-05
vn -1E-05 0.35388 0.93529
vn -1E-05 0.35389 0.93529
vn -1 2E-05 -1E-05
vn -1 -2E-05 -1E-05
vn -1 -2E-05 1E-05
vn -1E-05 0.49715 0.86767
vn -1 -2E-05 -0
vn -1 -4E-05 3E-05
vn -1 -2E-05 -0
vn -1E-05 1 0.00077
vn -1E-05 0.97075 0.2401
vn -2E-05 0.97076 0.24007
vn -2E-05 1 0.00074
vn -2E-05 0.97112 -0.23859
vn -1E-05 0.97113 -0.23854
vn -1E-05 0.74903 -0.66254
vn -0 0.12131 -0.99261
vn -0 0.1213 -0.99262
vn -1 -2E-05 -1E-05
vn -1 -1E-05 -2E-05
vn 1 3E-05 2E-05
vn 1 2E-05 1E-05
vn 1 0 -3E-05
vn 1 3E-05 -0
vn 1 3E-05 -0
vn 1 2E-05 0
vn 1 1E-05 -1E-05
vn 1 3E-05 2E-05
vn 1 3E-05 2E-05
vn 1 3E-05 1E-05
vn 1 3E-05 1E-05
vn 1 -0 -2E-05
vn 1 1E-05 -1E-05
vn 1 1E-05 -0
vn 1 -0 -2E-05
vn -2E-05 0.8851 0.46541
vn 1 1E-05 2E-05
vn 1 2E-05 -1E-05
vn 1 2E-05 -1E-05
vn 1 2E-05 -3E-05
vn 1 2E-05 -0
vn 1 2E-05 -0
vn -1 -5E-05 1E-05
vn -1 -2E-05 -0
vn -1 -2E-05 0
vn -1 -1E-05 0
vn -1 -2E-05 -1E-05
vn -1 -2E-05 -0
vn -1 1E-05 2E-05
vn -1 -1E-05 0
vn -1 -2E-05 1E-05
vn -1 -1E-05 -3E-05
vn -1 -2E-05 0
vn -1 -2E-05 1E-05
vn -1 -2E-05 2E-05
vn -1 0 -3E-05
vn 0 -0.1213 0.99262
vn 1E-05 -0.56869 0.82255
vn 1E-05 -0.5687 0.82254
vn 1E-05 -0.74902 0.66255
vn 1E-05 -0.74903 0.66254
vn 2E-05 -0.97113 0.23856
vn 1E-05 -0.97112 0.23859
vn 2E-05 -0.97075 -0.2401
vn 1E-05 -0.88509 -0.46542
vn 1E-05 -0.88511 -0.46539
vn 1E-05 -0.74801 -0.66369
vn 1 2E-05 -2E-05
vn 1 1E-05 4E-05
vn 1 2E-05 -0
vn 1 2E-05 -3E-05
vn -1E-05 0.56744 0.82342
vn -1E-05 0.97075 0.24007
vn -2E-05 0.97076 0.24007
vn -1E-05 0.56742 0.82343
vn -1E-05 0.748 0.6637
vn -1E-05 0.8851 0.46541
vn -1E-05 0.74801 0.66369
vn -1E-05 0.88582 -0.46403
vn -2E-05 0.88581 -0.46405
vn -1E-05 0.74904 -0.66252
vn -1E-05 0.74904 -0.66253
vn 1 1E-05 -2E-05
vn 1 1E-05 -2E-05
vn 1 1E-05 1E-05
vn 1 2E-05 -1E-05
vn 1 0 3E-05
vn 1 2E-05 -0
vn -1E-05 0.79135 0.61137
vn -1E-05 0.65687 0.754
vn -1 -2E-05 -0
vn -1 -2E-05 -0
vn -1 -0 -2E-05
vn -1 -2E-05 -0
vn -1 2E-05 -3E-05
vn -1 -5E-05 2E-05
vn -1 -3E-05 3E-05
vn -1 -2E-05 -1E-05
vn -1 -1E-05 2E-05
vn -1 -2E-05 0
vn -1 -2E-05 1E-05
vn 2E-05 -0.96215 -0.27251
vn -1 -1E-05 1E-05
vn -1 1E-05 -4E-05
vn -1 -2E-05 -0
vn -1 -2E-05 -0
vn -1 -2E-05 1E-05
vn -2E-05 0.89541 0.44524
vn -1 -2E-05 -0
vn -2E-05 0.96507 0.26199
vn -1E-05 0.96507 0.262
vn 2E-05 -0.99187 0.12727
vn 2E-05 -0.99764 -0.06869
vn 2E-05 -0.99187 0.12726
vn 2E-05 -0.99764 -0.06868
vn -1 -3E-05 0
vn -1 -2E-05 -0
vn -1 -2E-05 0
vn -1 -3E-05 1E-05
vn -1 1E-05 -4E-05
vn -1 -2E-05 -0
vn -1 -5E-05 0
vn -1 2E-05 -0
vn -1 -0 -0
vn -1 -1E-05 0
vn 1E-05 -0.56869 0.82255
vn -1 -2E-05 -1E-05
vn 1E-05 -0.35534 0.93474
vn 1 2E-05 0
vn 1 7E-05 -2E-05
vn 1 -4E-05 2E-05
vn 1 4E-05 -1E-05
vn -1 -3E-05 -0
vn 1E-05 -0.96507 -0.26199
vn 2E-05 -0.96507 -0.26199
vn -2E-05 0.90022 0.43544
vn -2E-05 0.90022 0.43544
vn -1 -0 -0
vn 2E-05 -0.89541 -0.44524
vn -1 -2E-05 -0
vn -1 -2E-05 0
vn 1E-05 -0.89541 -0.44524
vn 1 2E-05 -1E-05
vn 1 -0 4E-05
vn 1 4E-05 -3E-05
vn -1 -2E-05 -2E-05
vn -1 -1E-05 0
vn -1 -2E-05 -1E-05
vn -1 -3E-05 2E-05
vn -1 -2E-05 1E-05
vn -1 -1E-05 -0
vn 1E-05 -0.74902 0.66254
vn 1E-05 -0.88581 0.46405
vn 2E-05 -0.97113 0.23857
vn 2E-05 -0.97113 0.23854
vn 2E-05 -0.88582 0.46403
vn 2E-05 -0.97076 -0.24004
vn 2E-05 -0.8851 -0.4654
vn 1E-05 -0.74799 -0.66371
vn 1E-05 -0.748 -0.6637
vn 1 -2E-05 3E-05
vn 1 4E-05 -2E-05
vn 1 2E-05 1E-05
vn 1 3E-05 -2E-05
vn 1 2E-05 -0
vn 1 3E-05 -2E-05
vn -1 -5E-05 2E-05
vn -1 -2E-05 -0
vn -1 2E-05 -3E-05
vn 1E-05 -0.56743 -0.82342
vn 1E-05 -0.56743 -0.82342
vn -1 -2E-05 -1E-05
vn -1 -2E-05 1E-05
vn 1 3E-05 -0
vn 1 -3E-05 0
vn 1 0 0
vn 1 6E-05 -0
vn 1 -0 0
vn 1 3E-05 -0
vn 1 -5E-05 0
vn 1 5E-05 -0
vn 1 2E-05 0
vn 1 -1E-05 0
vn 1 2E-05 1E-05
vn 1 2E-05 1E-05
vn 1 2E-05 1E-05
vn 1 2E-05 0
vn 1E-05 -0.35533 0.93474
vn -0 0.11978 0.9928
vn -0 0.11979 0.9928
vn 0 -0.1213 0.99262
vn 1 4E-05 -3E-05
vn 1 -1E-05 4E-05
vn 1 2E-05 -1E-05
vn 1 2E-05 0
vn 1 3E-05 -1E-05
vn -1 -2E-05 -0
vn 1E-05 -1 -0.00077
vn 1E-05 -0.97112 0.23857
vn 2E-05 -0.97113 0.23856
vn -1 1E-05 -0
vn 2E-05 -1 -0.00077
vn -1 -3E-05 -2E-05
vn -1 -2E-05 1E-05
vn -1 -2E-05 0
vn -1 -4E-05 3E-05
vn 2E-05 -0.97076 -0.24006
vn -1 -2E-05 1E-05
vn 2E-05 -0.97076 -0.24007
vn -1 -1E-05 -0
vn -1E-05 0.56741 0.82344
vn -1E-05 0.56743 0.82342
vn -1 -2E-05 -0
vn -1 1E-05 -3E-05
vn -2E-05 0.97076 0.24007
vn -2E-05 0.88509 0.46542
vn -1E-05 0.74802 0.66368
vn -1E-05 0.748 0.6637
vn -2E-05 0.97113 -0.23857
vn -1E-05 0.74902 -0.66254
vn -2E-05 0.97113 -0.23854
vn -1 -2E-05 1E-05
vn -1 -2E-05 0
vn -1 -2E-05 -0
vn -1 -2E-05 -1E-05
vn -1 -2E-05 -2E-05
vn -1 -2E-05 0
vn 1E-05 -0.3539 -0.93528
vn 0 -0.11975 -0.9928
vn -1E-05 0.3553 -0.93475
vn -1E-05 0.5687 -0.82254
vn -1E-05 0.35531 -0.93475
vn 1E-05 -0.35389 -0.93529
vn -1E-05 0.56872 -0.82253
vn 1 0 -1E-05
vn 1 3E-05 1E-05
vn 1 4E-05 2E-05
vn -1 -2E-05 -1E-05
vn -1 -2E-05 -0
vn -1 -2E-05 0
vn -1 2E-05 3E-05
vn -1 -2E-05 0
vn -1 -2E-05 -0
vn -1 -2E-05 -1E-05
vn 1 2E-05 -1E-05
vn 1 2E-05 1E-05
vn 1 1E-05 3E-05
vn 1 3E-05 -3E-05
vn 1 2E-05 -1E-05
vn 1E-05 -0.748 -0.6637
vn 1 2E-05 -0
vn 1 2E-05 0
vn 2E-05 -0.8851 -0.46541
vn 1 2E-05 0
vn 1 1E-05 1E-05
vn 1 2E-05 0
vn 1 1E-05 -1E-05
vn 1 5E-05 -0
vn 1 1E-05 0
vn 1 -1E-05 -2E-05
vn 1 5E-05 -1E-05
vn 1 0 1E-05
vn 1E-05 -0.56743 -0.82342
vn 1E-05 -0.56743 -0.82342
vn -1 -1E-05 -0
vn -1 -0 -0
vn -1 1E-05 -0
vn -1 -2E-05 1E-05
vn 1E-05 -0.35388 -0.93529
vn -1 -5E-05 2E-05
vn -1 2E-05 -3E-05
vn -1 -3E-05 0
vn 1 2E-05 0
vn -1E-05 0.697 0.71707
vn -1E-05 0.81092 0.58515
vn -1E-05 0.81093 0.58515
vn 1 1E-05 0
vn -1 -2E-05 -0
vn 1E-05 -0.79135 -0.61137
vn -1 -3E-05 0
vn 1E-05 -0.79135 -0.61137
vn -1 -2E-05 -0
vn -1 -3E-05 -0
vn -1E-05 0.697 0.71708
vn 1E-05 -0.65687 -0.754
vn -1E-05 0.56189 0.82721
vn 1 -2E-05 -3E-05
vn 1 2E-05 0
vn -1 -2E-05 -0
vn -1 -3E-05 2E-05
vn 1 5E-05 2E-05
vn -1 -1E-05 -2E-05
vn -1 -2E-05 1E-05
vn 1 2E-05 -1E-05
vn 1 2E-05 -1E-05
vn -1 -2E-05 -0
vn 0 -0.35534 0.93474
vn 1E-05 -0.35535 0.93473
vn 1E-05 -0.56867 0.82257
vn -1E-05 0.56741 0.82344
vn -2E-05 1 0.0008
vn -2E-05 1 0.00077
vn -2E-05 0.8851 0.4654
vn 1E-05 -0.88511 -0.46538
vn 1E-05 -0.56743 -0.82342
vn 1E-05 -0.5674 -0.82344
vn 0 -0.11979 -0.9928
vn 1E-05 -0.74797 -0.66373
vn 0 -0.11978 -0.9928
vn 1E-05 -0.748 -0.6637
vn -2E-05 0.97112 -0.2386
vn -1E-05 0.97113 -0.23857
vn 1 4E-05 -4E-05
vn 1 1E-05 0
vn 1 -1E-05 3E-05
vn -1 -3E-05 1E-05
vn -1 -2E-05 0
vn -1 -1E-05 -1E-05
vn -1 -2E-05 1E-05
vn -1E-05 0.40971 0.91222
vn -1E-05 0.56189 0.82721
vn -1E-05 0.40971 0.91222
vn -1 -2E-05 -0
vn -1 1E-05 -1E-05
vn 1 2E-05 -0
vn 1 -0 0
vn 1 6E-05 -1E-05
vn 1 3E-05 -1E-05
vn 1 4E-05 0
vn 1 -1E-05 2E-05
vn 1 3E-05 0
vn -1 -1E-05 -0
vn 1 2E-05 -0
vn 1 -3E-05 1E-05
vn 1E-05 -0.49715 -0.86767
vn -1 -2E-05 -0
vn -1 -2E-05 -1E-05
vn -1 -2E-05 -0
vn -1 -1E-05 0
vn -1 -1E-05 0
vn -1 -5E-05 3E-05
vn -1 -2E-05 0
vn -1 -1E-05 -0
vn -1 -3E-05 1E-05
vn 1E-05 -0.49715 -0.86766
vn 1E-05 -0.31832 -0.94798
vn -0 0.24508 0.9695
vn 0 -0.31833 -0.94798
vn -1 -2E-05 -0
vn -0 0.07301 0.99733
vn -0 0.24508 0.9695
vn -1 -3E-05 -1E-05
vn -1 3E-05 0
vn 0 -0.12726 -0.99187
vn -1 -3E-05 -0
vn -1 -2E-05 -0
vn -1 -2E-05 -0
vn -1 -2E-05 1E-05
vn -1 -2E-05 1E-05
vn -1 -1E-05 -0
vn -1 -2E-05 -1E-05
vn -1 -2E-05 -0
vn 0 -0.12726 -0.99187
vn -2E-05 0.97113 -0.23857
vn -2E-05 0.97076 0.24006
vn 1 -2E-05 -1E-05
vn 1 2E-05 0
vn 1 6E-05 0
vn 1 2E-05 -0
vn 1 0 -1E-05
vn 0 -0.11977 -0.9928
vn 0 -0.11977 -0.9928
vn -0 0.1213 -0.99262
vn -1E-05 0.35532 -0.93474
vn -1 -2E-05 -1E-05
vn -1 -0 4E-05
vn -1 -1E-05 1E-05
vn -1E-05 0.74902 -0.66255
vn -2E-05 0.88582 -0.46404
vn -1 -2E-05 -3E-05
vn -1 -2E-05 0
vn -1 -6E-05 -2E-05
vn -1 -1E-05 0
vn -1 1E-05 0
vn -1 -2E-05 -1E-05
vn -1 1E-05 0
vn -1 -2E-05 0
vn -1E-05 0.5687 -0.82255
vn -1E-05 0.35533 -0.93474
vn -1E-05 0.5687 -0.82255
vn 1 0 2E-05
vn 1 2E-05 0
vn 1 2E-05 -1E-05
vn 1 2E-05 -1E-05
vn 1 1E-05 0
vn 1 1E-05 1E-05
vn -1 -2E-05 -0
vn -1 -3E-05 3E-05
vn -1 -2E-05 -0
vn -1 -0 -2E-05
vn -1 -3E-05 5E-05
vn -1 1E-05 -3E-05
vn 1 2E-05 1E-05
vn 1 2E-05 0
vn -1 -3E-05 -1E-05
vn -1 -2E-05 0
vn -1 -2E-05 -0
vn -2E-05 1 0.00077
vn 1 2E-05 -0
vn 1 -1E-05 -4E-05
vn -1 -2E-05 0
vn -0 0.1213 -0.99262
vn -0 0.1213 -0.99262
vn 1 5E-05 -0
vn 1 3E-05 -0
vn 1 -0 0
vn 1 1E-05 0
vn 1 2E-05 -0
vn 1 0 -0
vn 1 -2E-05 0
vn 1 3E-05 0
vn 1 2E-05 0
vn 1 2E-05 -0
vn 1 2E-05 1E-05
vn 1 2E-05 1E-05
vn 1 2E-05 -1E-05
vn 1 3E-05 4E-05
vn 1 2E-05 0
vn -1 -2E-05 0
vn -1 -2E-05 -0
vn 1E-05 -0.35534 0.93474
vn -0 0.11978 0.9928
vn 1E-05 -0.56868 0.82256
vn 1 1E-05 -6E-05
vn 1 2E-05 -0
vn 1E-05 -0.56741 -0.82344
vn 1E-05 -0.56743 -0.82342
vn 0 -0.11979 -0.9928
vn 0 -0.11979 -0.9928
vn -1E-05 0.5674 0.82344
vn -0 0.35388 0.93529
vn -1E-05 0.3539 0.93528
vn 1 2E-05 1E-05
vn 1 2E-05 0
vn 1 1E-05 -0
vn -1E-05 0.35534 -0.93474
vn -1E-05 0.56869 -0.82255
vn -1 -4E-05 0
vn -1 -3E-05 0
vn -1 2E-05 -0
vn -1 2E-05 0
vn -1 -6E-05 -0
vn -1E-05 0.56869 -0.82255
vn -1 -3E-05 1E-05
vn 1 2E-05 0
vn -1 -2E-05 0
vn 1 1E-05 -0
vn 1 4E-05 6E-05
vn -1 -0 -3E-05
vn -1 -2E-05 -0
vn 1 2E-05 -0
vn -1 -3E-05 -2E-05
vn -1 -1E-05 -0
vn -1 -1E-05 -0
vn 2E-05 -0.99486 -0.10129
vn 2E-05 -0.99486 -0.10129
vn -2E-05 0.99764 0.06869
vn -2E-05 0.99764 0.06868
vn 2E-05 -0.99733 0.07301
vn 2E-05 -0.99733 0.07301
vn -2E-05 0.99187 -0.12726
vn -1 -1E-05 1E-05
vn -1 -2E-05 -0
vn -2E-05 0.97112 -0.23857
vn -1E-05 0.97113 -0.23854
vn -1 -2E-05 -1E-05
vn -1 -2E-05 -1E-05
vn -1 -2E-05 2E-05
vn -1 -1E-05 0
vn -1 -2E-05 -1E-05
vn -1 -2E-05 1E-05
vn -1 -2E-05 -1E-05
vn 1 2E-05 -2E-05
vn 1 3E-05 4E-05
vn 1 1E-05 -4E-05
vn 1 2E-05 -1E-05
vn 1 2E-05 1E-05
vn 1 2E-05 0
vn 1 1E-05 -0
vn -1 -2E-05 0
vn -1E-05 0.94798 -0.31832
vn 2E-05 -0.91222 0.40971
vn 2E-05 -0.9695 0.24508
vn -2E-05 0.94798 -0.31833
vn -1 -2E-05 -0
vn -1 -2E-05 0
vn 1 -2E-05 3E-05
vn 1 3E-05 -1E-05
vn 1 2E-05 0
vn 1 2E-05 0
vn 1 1E-05 1E-05
vn 1 5E-05 -3E-05
vn 1 2E-05 3E-05
vn 1 2E-05 -0
vn 1 2E-05 -1E-05
vn 1 2E-05 -4E-05
vn 1 2E-05 -2E-05
vn 1 2E-05 3E-05
vn 1 2E-05 4E-05
vn -1 -2E-05 -0
vn -1 -2E-05 -0
vn -1 -2E-05 -0
vn -1 -1E-05 0
vn -1 -2E-05 -0
vn -1 0 1E-05
vn -1 -2E-05 2E-05
vn -1 -2E-05 -4E-05
vn -1 -2E-05 2E-05
vn -1 -2E-05 1E-05
vn -1 -2E-05 -3E-05
vn 1 4E-05 1E-05
vn 1 1E-05 -1E-05
vn 1 1E-05 -0
vn 1 3E-05 -0
vn 1 1E-05 -0
vn 1 1E-05 -0
vn 1E-05 -0.56868 0.82256
vn 0 -0.1213 0.99262
vn 1E-05 -0.74904 0.66253
vn 1E-05 -0.35534 0.93474
vn -1 -3E-05 -0
vn 1E-05 -0.74902 0.66254
vn 0 -0.1213 0.99262
vn -0 0.11979 0.9928
vn -0 0.11979 0.9928
vn 2E-05 -0.97076 -0.24007
vn 2E-05 -0.97113 0.23857
vn 1E-05 -0.97112 0.2386
vn 1E-05 -0.748 -0.6637
vn 1E-05 -0.88511 -0.46538
vn 1E-05 -0.56741 -0.82344
vn 1E-05 -0.74799 -0.66371
vn 1E-05 -0.56741 -0.82343
vn -1E-05 0.88511 0.46538
vn -1E-05 0.88511 0.46538
vn -1E-05 0.35534 -0.93474
vn -1E-05 0.35533 -0.93474
vn -1E-05 0.56867 -0.82257
vn -1E-05 0.56868 -0.82256
vn 1 1E-05 -1E-05
vn 1 2E-05 0
vn 1 4E-05 -1E-05
vn 1 0 0
vn 1 -2E-05 2E-05
vn 1 5E-05 0
vn 1 1E-05 -0
vn 1 2E-05 -0
vn -0 0.07301 0.99733
vn 0 -0.10129 0.99486
vn -0 0.06868 -0.99764
vn -0 0.06868 -0.99764
vn -1 -1E-05 -0
vn -1 -3E-05 1E-05
vn -1 -1E-05 -0
vn -1 -3E-05 -1E-05
vn -1 2E-05 0
vn -1 -2E-05 -0
vn -1 -5E-05 0
vn -0 0.26199 -0.96507
vn -1 2E-05 -1E-05
vn -1 -2E-05 -0
vn -1 -3E-05 -1E-05
vn 0 -0.10129 0.99486
vn 0 -0.27251 0.96215
vn -1 1E-05 -3E-05
vn 1 3E-05 -1E-05
vn 1 4E-05 -2E-05
vn 1 -1E-05 3E-05
vn 1 -1E-05 3E-05
vn 1 4E-05 -3E-05
vn 1 0 2E-05
vn -1 -3E-05 1E-05
vn -1 -3E-05 1E-05
vn 1 0 2E-05
vn 1 3E-05 1E-05
vn 1 7E-05 1E-05
vn 1 2E-05 0
vn 1 -2E-05 -2E-05
vn 1 2E-05 -0
vn 1 3E-05 3E-05
vn 1 1E-05 -1E-05
vn 1 3E-05 1E-05
vn 1 2E-05 0
vn 1 2E-05 0
vn 1 2E-05 0
vn 1 0 -1E-05
vn 1 2E-05 0
vn 1 4E-05 1E-05
vn 1 -2E-05 -1E-05
vn -1 -1E-05 1E-05
vn -1 -2E-05 -0
vn -1 -2E-05 0
vn -1 -4E-05 -3E-05
vn -1 1E-05 -3E-05
vn -1 -5E-05 4E-05
vn -1 -4E-05 3E-05
vn 1E-05 -0.43544 0.90022
vn -1 -2E-05 -0
vn -1E-05 0.44524 -0.89541
vn -1 -1E-05 -0
vn -1 -1E-05 -0
vn -1 -2E-05 -0
vn -1 -2E-05 -0
vn -1 -2E-05 -0
vn -1 1E-05 2E-05
vn -1 -3E-05 -1E-05
vn 1E-05 -0.82721 0.56189
vn -1 -2E-05 -0
vn -1 -2E-05 -0
vn -1 -1E-05 0
vn -1 -2E-05 -2E-05
vn -1 -2E-05 -0
vn 1 2E-05 -0
vn -1 -0 0
vn 1E-05 -0.58515 0.81093
vn 1E-05 -0.58515 0.81093
vn -1 -1E-05 1E-05
vn -1 -2E-05 -0
vn -1E-05 0.61137 -0.79135
vn 1E-05 -0.71708 0.69699
vn 1E-05 -0.71707 0.697
vn -1E-05 0.86767 -0.49715
vn -2E-05 0.86767 -0.49715
vn -2E-05 0.754 -0.65687
vn -1E-05 0.75401 -0.65687
vn -1 -2E-05 -0
vn -1 -2E-05 -0
vn -1 -2E-05 0
vn -1E-05 0.61137 -0.79135
vn -1 -2E-05 1E-05
vn 1E-05 -0.82721 0.56189
vn -7E-05 0.93484 0.35507
vn 2E-05 0.93471 0.35542
vn -1E-05 0.93474 0.35532
vn -2E-05 0.93475 0.35531
vn -1E-05 0.93474 0.35533
vn -1 -3E-05 1E-05
vn -1 -2E-05 0
vn -1 -9E-05 8E-05
vn -1 -2E-05 -0
vn -1 7E-05 -0.00022
vn -1 0.00019 -0.00053
vn 0.98145 -0.02801 0.18965
vn 0.98145 -0.02801 0.18964
vn -1E-05 0.35533 -0.93474
vn -1E-05 0.35533 -0.93474
vn -0.98145 0.02801 -0.18965
vn -1E-05 0.35533 -0.93474
vn -1E-05 0.35533 -0.93474
vn -1E-05 0.35533 -0.93474
vn 0 0.35533 -0.93474
vn -0.98145 0.02801 -0.18965
vn 5E-05 0.35533 -0.93474
vn -2E-05 0.35533 -0.93474
vn 0 0.35533 -0.93474
vn -1E-05 0.35533 -0.93474
vn -1 -2E-05 -0
vn -0.98145 0.02801 -0.18965
vn 1 2E-05 -0
vn -2E-05 0.93474 0.35532
vn -2E-05 0.93474 0.35533
vn -2E-05 0.93474 0.35533
vn -1 -2E-05 0
vn 1 2E-05 -0
vn 1 2E-05 -0
vn 1 2E-05 0
vn 1 2E-05 0
vn -1 -2E-05 -0
vn -1 -1E-05 1E-05
vn -1 -2E-05 -0
vn -1 -1E-05 1E-05
vn -1 -3E-05 -1E-05
vn -1 -1E-05 1E-05
vn -1 -3E-05 -1E-05
vn 2E-05 -0.98926 -0.14619
vn 2E-05 -0.98926 -0.14618
vn 2E-05 -0.93474 -0.35533
vn 2E-05 -0.93474 -0.35533
vn 2E-05 -0.93474 -0.35533
vn -1 -6E-05 -1E-05
vn 1 2E-05 -0
vn -1 4E-05 1E-05
vn -1 -0 0
vn 1 2E-05 -0
vn -1 -5E-05 -0
vn -1 -1E-05 -0
vn -1 -3E-05 0
vn -1 -2E-05 0
vn -1 -2E-05 0
vn 1 2E-05 0
vn -1 -2E-05 -0
vn 1 1E-05 -0
vn 1 2E-05 -0
vn 1 2E-05 -0
vn 1 2E-05 -0
vn 2E-05 -0.93474 -0.35533
vn -1 -2E-05 -0
vn 1 2E-05 0
vn 1 1E-05 -0
vn 1 1E-05 -0
vn -2E-05 0.93474 0.35533
vn -2E-05 0.93474 0.35533
vn 1 -1E-05 -0
vn 1 2E-05 0
vn 1E-05 -0.754 0.65687
vn 1E-05 -0.61137 0.79134
vn 1E-05 -0.61137 0.79135
vn 1 1E-05 -1E-05
vn 1 2E-05 -0
vn 1 3E-05 0
vn 1 2E-05 1E-05
vn 1 -1E-05 -3E-05
vn 1 2E-05 -1E-05
vn 1 4E-05 1E-05
vn 1 3E-05 0
vn 1 2E-05 -0
vn 1E-05 -0.35533 0.93474
vn 1E-05 -0.56872 0.82253
vn 0 -0.12131 0.99261
vn 1E-05 -0.35532 0.93475
vn 1E-05 -0.56867 0.82256
vn 2E-05 -0.8858 0.46407
vn 1E-05 -0.74903 0.66254
vn 1E-05 -0.88582 0.46403
vn -1E-05 0.748 0.6637
vn -1E-05 0.56745 0.82341
vn -1E-05 0.35388 0.93529
vn -1E-05 0.56742 0.82343
vn -1E-05 0.35389 0.93529
vn -1 -2E-05 -0
vn 1 2E-05 0
vn -1 -4E-05 3E-05
vn 1 1E-05 -0
vn 1 2E-05 3E-05
vn -1 3E-05 -5E-05
vn -1 4E-05 -6E-05
vn -1 -6E-05 4E-05
vn -1 -7E-05 5E-05
vn -1 -0 -2E-05
vn 2E-05 -0.97075 -0.2401
vn 1E-05 -1 -0.00082
vn 2E-05 -0.97113 0.23857
vn 2E-05 -1 -0.00079
vn 1E-05 -0.97077 -0.24002
vn 2E-05 -0.97112 0.23859
vn 2E-05 -0.88509 -0.46542
vn 2E-05 -0.74801 -0.66369
vn 1E-05 -0.56744 -0.82342
vn 1E-05 -0.35388 -0.93529
vn 0 -0.11977 -0.9928
vn 0 -0.11977 -0.9928
vn -0 0.1213 -0.99262
vn -0 0.12131 -0.99261
vn -1E-05 0.35532 -0.93475
vn -1E-05 0.56869 -0.82255
vn -1E-05 0.749 -0.66257
vn 2E-05 -0.86767 0.49715
vn 2E-05 -0.94798 0.31833
vn 1E-05 -0.86766 0.49715
vn 1E-05 -0.94798 0.31832
vn 1 -2E-05 -2E-05
vn 1 2E-05 0
vn 1 6E-05 4E-05
vn 1 1E-05 0
vn 1 3E-05 1E-05
vn 1 1E-05 -2E-05
vn 1 2E-05 -0
vn 1 3E-05 2E-05
vn 1E-05 -0.749 0.66257
vn 2E-05 -0.74903 0.66254
vn 1E-05 -0.5687 0.82254
vn 1E-05 -0.8858 0.46407
vn 2E-05 -0.88582 0.46403
vn 2E-05 -0.97113 0.23854
vn 2E-05 -0.99187 0.12727
vn 2E-05 -0.99187 0.12726
vn 1 1E-05 2E-05
vn 1 2E-05 -5E-05
vn 1 1E-05 1E-05
vn 2E-05 -1 -0.00074
vn 2E-05 -1 -0.00079
vn 1E-05 -0.56744 -0.82342
vn 1 2E-05 0
vn 1 -1E-05 4E-05
vn 1 2E-05 -1E-05
vn 0 -0.1213 0.99262
vn 0 -0.1213 0.99262
vn 1E-05 -0.35533 0.93474
vn 0 -0.35532 0.93475
vn -1E-05 0.56745 0.82341
vn -2E-05 0.748 0.6637
vn -1E-05 0.56743 0.82342
vn -1E-05 0.35389 0.93529
vn -0 0.11977 0.9928
vn -2E-05 0.8851 0.46541
vn -2E-05 0.97076 0.24007
vn -1 -2E-05 -1E-05
vn -1 -3E-05 1E-05
vn -1 -1E-05 -0
vn -1 -3E-05 1E-05
vn 0 -0.35391 -0.93528
vn 0 -0.11977 -0.9928
vn 0 -0.11977 -0.9928
vn 1E-05 -0.5674 -0.82345
vn -1E-05 0.56868 -0.82256
vn 1 1E-05 -0
vn -2E-05 1 0.00074
vn -2E-05 0.8858 -0.46407
vn -1E-05 1 0.00082
vn -2E-05 0.97111 -0.23862
vn -1E-05 0.97113 -0.23854
vn 1 4E-05 3E-05
vn -1 -1E-05 -1E-05
vn -1 -2E-05 -1E-05
vn -1 0 4E-05
vn -1 -1E-05 0
vn -1 -1E-05 0
vn -1 -2E-05 -2E-05
vn -1 -1E-05 1E-05
vn -1 -1E-05 0
vn -1 -2E-05 -1E-05
vn -1 -4E-05 -2E-05
vn 1 3E-05 -1E-05
vn 1 2E-05 1E-05
vn 1 3E-05 -1E-05
vn 1 2E-05 0
vn 1 0 2E-05
vn 1 3E-05 -1E-05
vn 1 3E-05 -1E-05
vn 1 -0 -0
vn 1 2E-05 -0
vn 1 2E-05 -0
vn -1 -2E-05 -0
vn -1 2E-05 1E-05
vn -1 -1E-05 -0
vn -1 0 -0
vn -1 -4E-05 -1E-05
vn -1 -6E-05 -1E-05
vn 1 2E-05 1E-05
vn 1 0 -4E-05
vn 1 1E-05 -1E-05
vn 1 2E-05 -1E-05
vn 1 2E-05 -0
vn 1 2E-05 3E-05
vn 1 2E-05 -0
vn 1 1E-05 -2E-05
vn 1E-05 -0.88581 0.46405
vn 1E-05 -0.74903 0.66254
vn 1 1E-05 -0
vn 2E-05 -0.99764 -0.06869
vn 2E-05 -0.99764 -0.06868
vn 1 -0 0
vn 1 -5E-05 0
vn 1 2E-05 -0
vn 1 2E-05 1E-05
vn 1 2E-05 0
vn 1 2E-05 2E-05
vn 1 2E-05 -2E-05
vn 1 2E-05 1E-05
vn 1 3E-05 -0
vn 1 0 0
vn 1 0 0
vn 1E-05 -0.89541 -0.44524
vn 1 1E-05 5E-05
vn 1 2E-05 1E-05
vn 1 3E-05 -3E-05
vn 1 1E-05 1E-05
vn 1 2E-05 -0
vn 1 3E-05 -1E-05
vn 2E-05 -0.89541 -0.44524
vn 1 2E-05 -0
vn 1 -1E-05 3E-05
vn 1 5E-05 -2E-05
vn -2E-05 0.90022 0.43544
vn -2E-05 0.90022 0.43544
vn -1 -2E-05 0
vn -1 -1E-05 -1E-05
vn -1 -2E-05 0
vn -1 -8E-05 3E-05
vn -1 -1E-05 -0
vn -1 0 -0
vn -1 -4E-05 -0
vn -1 -3E-05 -0
vn 1 7E-05 0
vn 1 2E-05 0
vn 1 -2E-05 0
vn 0 -0.1213 0.99262
vn 2E-05 -0.8858 0.46407
vn 1E-05 -0.35533 0.93474
vn 1E-05 -0.74901 0.66256
vn 0 -0.12131 0.99261
vn 2E-05 -0.74904 0.66253
vn 1E-05 -0.56869 0.82255
vn 1E-05 -0.35534 0.93474
vn 1E-05 -0.88582 0.46403
vn -0 0.35389 0.93529
vn -1E-05 0.74802 0.66368
vn -1E-05 0.56743 0.82342
vn -1E-05 0.35388 0.93529
vn -0 0.11979 0.9928
vn -1E-05 0.56741 0.82344
vn -0 0.11978 0.9928
vn -1 -2E-05 -0
vn -1 -5E-05 0
vn -1 -0 -2E-05
vn -1 2E-05 -0
vn -1 -2E-05 -0
vn -1 2E-05 0
vn -1 -2E-05 0
vn -1 -4E-05 -0
vn -1 -2E-05 0
vn -2E-05 0.88509 0.46542
vn -2E-05 0.88511 0.46539
vn -1 -2E-05 1E-05
vn -2E-05 0.74797 0.66373
vn -1 -4E-05 3E-05
vn -1 -2E-05 -1E-05
vn -1 -3E-05 3E-05
vn -1 -1E-05 -2E-05
vn -1 -5E-05 5E-05
vn -1 1E-05 -6E-05
vn -1 1E-05 -3E-05
vn -1 -2E-05 0
vn -1 -3E-05 1E-05
vn 2E-05 -0.97112 0.23857
vn 1E-05 -0.97113 0.23854
vn 1E-05 -1 -0.00077
vn 1E-05 -0.35389 -0.93529
vn 1E-05 -0.8851 -0.4654
vn 0 -0.11975 -0.9928
vn 0 -0.11976 -0.9928
vn 1E-05 -0.74799 -0.66371
vn 1E-05 -0.56745 -0.82341
vn -2E-05 0.97076 0.24005
vn -2E-05 0.97076 0.24007
vn -2E-05 0.97112 -0.23859
vn -0 0.1213 -0.99262
vn -0 0.35532 -0.93474
vn -0 0.12131 -0.99261
vn -1E-05 0.35531 -0.93475
vn -2E-05 0.74901 -0.66256
vn -1E-05 0.56869 -0.82255
vn -1 3E-05 4E-05
vn 1E-05 -0.97113 0.23857
vn 2E-05 -0.97113 0.23856
vn 1 2E-05 0
vn 1 4E-05 -3E-05
vn 1 2E-05 1E-05
vn 1 2E-05 0
vn 2E-05 -0.8851 -0.46541
vn 1E-05 -0.8851 -0.4654
vn -1 -3E-05 5E-05
vn -1 -1E-05 -1E-05
vn -1 -2E-05 -0
vn 2E-05 -0.97076 -0.24007
vn -1 1E-05 -5E-05
vn 1 2E-05 1E-05
vn 1 2E-05 1E-05
vn 1 3E-05 1E-05
vn 1 1E-05 2E-05
vn 1 -2E-05 -3E-05
vn -2E-05 1 0.00079
vn 1 0 -1E-05
vn 1 1E-05 -0
vn 1 2E-05 -2E-05
vn 1 2E-05 -1E-05
vn 1 5E-05 -2E-05
vn 1 2E-05 1E-05
vn 1 1E-05 1E-05
vn 1 3E-05 0
vn 1 0 1E-05
vn 1 2E-05 -0
vn -1 -3E-05 -1E-05
vn -1 -5E-05 -3E-05
vn -1 -1E-05 1E-05
vn -1 -2E-05 -1E-05
vn -1 -1E-05 -5E-05
vn -1 -2E-05 3E-05
vn -1 -1E-05 1E-05
vn 1E-05 -0.56743 -0.82342
vn 1E-05 -0.56743 -0.82342
vn 2E-05 -0.74799 -0.6637
vn 1E-05 -0.748 -0.6637
vn -1 -2E-05 -0
vn -1 -5E-05 3E-05
vn -1 -2E-05 -0
vn -1 -1E-05 -1E-05
vn -1 -3E-05 -0
vn -1 2E-05 -1E-05
vn -1 -5E-05 1E-05
vn 1 2E-05 1E-05
vn 1E-05 -0.79135 -0.61137
vn 1 3E-05 0
vn -1E-05 0.81093 0.58515
vn 1 2E-05 0
vn 1 1E-05 0
vn 1 2E-05 -0
vn 1E-05 -0.65687 -0.75401
vn -1E-05 0.697 0.71708
vn -1E-05 0.56189 0.82721
vn -1E-05 0.56189 0.82721
vn 1 2E-05 -1E-05
vn 1 1E-05 -1E-05
vn 1 1E-05 -0
vn 1 1E-05 1E-05
vn -1E-05 0.40971 0.91222
vn 0 -0.31832 -0.94798
vn 1E-05 -0.49715 -0.86766
vn -1 -2E-05 -0
vn -1 -1E-05 -1E-05
vn -1 -3E-05 3E-05
vn -1 -1E-05 -1E-05
vn -1 -1E-05 -0
vn -1 -3E-05 -1E-05
vn -1 -3E-05 -1E-05
vn -1 -2E-05 0
vn -1 -1E-05 0
vn -1 -2E-05 0
vn 1 2E-05 -0
vn 2E-05 -0.97113 0.23854
vn 1 4E-05 -4E-05
vn 1 1E-05 2E-05
vn 1 -0 4E-05
vn 1 2E-05 0
vn 1 2E-05 1E-05
vn 1 0 2E-05
vn 2E-05 -0.97075 -0.2401
vn 1E-05 -0.88511 -0.46538
vn 1E-05 -0.97076 -0.24007
vn 1E-05 -0.56869 0.82255
vn 0 -0.35535 0.93473
vn -0 0.11978 0.9928
vn 1E-05 -0.56868 0.82256
vn -2E-05 0.8851 0.4654
vn -2E-05 0.74799 0.66371
vn -1E-05 0.5674 0.82344
vn -1E-05 0.35389 0.93529
vn -1E-05 0.748 0.6637
vn -1E-05 0.35391 0.93528
vn -1 -1E-05 -0
vn -1 2E-05 -2E-05
vn 0 -0.35389 -0.93529
vn 1E-05 -0.35388 -0.93529
vn 0 -0.11978 -0.9928
vn 0 -0.11979 -0.9928
vn -2E-05 0.97113 -0.23854
vn -2E-05 0.97112 -0.23857
vn -2E-05 1 0.00077
vn -2E-05 0.97077 0.24002
vn -1E-05 0.56872 -0.82253
vn -1E-05 0.35529 -0.93476
vn 1 3E-05 0
vn 1 1E-05 -0
vn 1 -2E-05 -1E-05
vn 1 2E-05 0
vn 1 2E-05 -0
vn 1 7E-05 -3E-05
vn 1 -0 1E-05
vn 1 3E-05 -1E-05
vn -1E-05 0.40971 0.91222
vn -0 0.24508 0.9695
vn -0 0.24508 0.9695
vn 1E-05 -0.31832 -0.94798
vn -1 1E-05 1E-05
vn -1 -3E-05 1E-05
vn -1 2E-05 -3E-05
vn -1 -2E-05 -0
vn -1 -2E-05 0
vn -1 -3E-05 -0
vn -1 -5E-05 1E-05
vn -1 -2E-05 -0
vn -1 -3E-05 0
vn 0 -0.06868 0.99764
vn 0 -0.26199 0.96507
vn 1E-05 -0.26199 0.96507
vn 1 2E-05 -0
vn 0 -0.06868 0.99764
vn 1 1E-05 0
vn 1 -3E-05 1E-05
vn 1 2E-05 -0
vn 1 7E-05 -1E-05
vn 1 2E-05 -0
vn 1 2E-05 -1E-05
vn 1 1E-05 -1E-05
vn -1E-05 0.88582 -0.46403
vn -2E-05 0.8858 -0.46407
vn 1 2E-05 1E-05
vn 1 2E-05 3E-05
vn 1 2E-05 -0
vn 1 2E-05 -0
vn 1 2E-05 5E-05
vn 1 3E-05 1E-05
vn 1 2E-05 -0
vn 1 2E-05 -3E-05
vn 1 2E-05 -0
vn -0 0.12726 0.99187
vn 1 1E-05 -1E-05
vn -1E-05 0.31832 0.94798
vn 1 1E-05 1E-05
vn 1 -0 2E-05
vn -1 -2E-05 -6E-05
vn -1 -2E-05 -1E-05
vn -1 -2E-05 2E-05
vn -1 -2E-05 -1E-05
vn -1 -1E-05 0.00011
vn -1 -2E-05 -1E-05
vn -1 -2E-05 2E-05
vn -1 -2E-05 -6E-05
vn -1 -2E-05 4E-05
vn -1 -2E-05 2E-05
vn -1 -2E-05 -3E-05
vn -1 -1E-05 0
vn -1 -2E-05 -0
vn -1 0 1E-05
vn 1E-05 -0.97076 -0.24004
vn -1 -1E-05 -0
vn -1 -3E-05 2E-05
vn -1 -2E-05 0
vn 1 2E-05 -0
vn 1 -2E-05 -0
vn 1 3E-05 0
vn 1 3E-05 0
vn 0 -0.35532 0.93474
vn 1E-05 -0.56869 0.82255
vn 1E-05 -0.35531 0.93475
vn -1E-05 0.56743 0.82342
vn -1E-05 0.56745 0.82341
vn -1E-05 0.35389 0.93529
vn 1 3E-05 -0
vn 1 2E-05 0
vn 1 0 1E-05
vn -0 0.31832 0.94798
vn 1 0 1E-05
vn 1 3E-05 -2E-05
vn 1 1E-05 2E-05
vn 1 4E-05 -3E-05
vn 1 -1E-05 1E-05
vn 1E-05 -0.56741 -0.82344
vn 1E-05 -0.8851 -0.46539
vn -2E-05 0.88511 0.46539
vn -1E-05 0.97113 -0.23856
vn -2E-05 1 0.00077
vn -2E-05 1 0.0008
vn -1E-05 0.74799 0.66371
vn -1 -0 1E-05
vn -1E-05 0.74903 -0.66254
vn -1 -0 1E-05
vn -0 0.11977 0.9928
vn 0 -0.1213 0.99262
vn 0 -0.12131 0.99262
vn 0 -0.35532 0.93474
vn 1 -2E-05 -2E-05
vn 1 2E-05 -0
vn 1 4E-05 2E-05
vn -1 -0 -1E-05
vn -1 -3E-05 1E-05
vn -1 0 -1E-05
vn -0 0.11977 0.9928
vn -1E-05 0.35388 0.93529
vn 1 2E-05 -0
vn 1 0 1E-05
vn 1 3E-05 -1E-05
vn 1 3E-05 -1E-05
vn 1 -0 1E-05
vn -1E-05 0.56743 0.82342
vn -1E-05 0.748 0.6637
vn -1E-05 0.56743 0.82342
vn 1 1E-05 -0
vn 1 1E-05 -1E-05
vn 1 -1E-05 -2E-05
vn 1 2E-05 6E-05
vn 1 2E-05 -0
vn 1 4E-05 2E-05
vn -1 2E-05 -1E-05
vn -1 -4E-05 -2E-05
vn -1 -2E-05 -0
vn -1 -1E-05 1E-05
vn -1 -2E-05 0
vn -1 3E-05 4E-05
vn -1 -4E-05 -2E-05
vn -1 -4E-05 -3E-05
vn -1 -4E-05 -3E-05
vn 1 1E-05 0
vn 1 1E-05 2E-05
vn -1 -0 -2E-05
vn -1 -2E-05 1E-05
vn -1 -2E-05 -0
vn -1 -4E-05 3E-05
vn -1E-05 0.49715 0.86767
vn -1E-05 0.65687 0.754
vn 1 1E-05 -0
vn 1 1E-05 4E-05
vn 1 2E-05 -3E-05
vn 1 1E-05 1E-05
vn -1E-05 0.65687 0.75401
vn 1 0 1E-05
vn -1 -2E-05 -0
vn 1 3E-05 -1E-05
vn -1 -0 4E-05
vn 1 0 1E-05
vn 1 1E-05 -0
vn 1 4E-05 -2E-05
vn -1 -2E-05 -1E-05
vn -1 -1E-05 2E-05
vn 1 2E-05 0
vn 1 2E-05 0
vn 1 2E-05 -1E-05
vn -2E-05 0.89541 0.44524
vn -2E-05 0.89541 0.44524
vn 1E-05 -0.35532 0.93474
vn 1E-05 -0.88582 0.46402
vn 1E-05 -0.35532 0.93474
vn 1E-05 -0.5687 0.82254
vn -1E-05 0.74801 0.66369
vn -1E-05 0.56742 0.82343
vn 1E-05 -0.74798 -0.66372
vn 1 2E-05 -1E-05
vn 1 2E-05 1E-05
vn 1 1E-05 3E-05
vn 1 3E-05 -1E-05
vn 1 2E-05 1E-05
vn -1 -2E-05 1E-05
vn -1 -2E-05 1E-05
vn -1 -2E-05 0
vn -1 -2E-05 -3E-05
vn -1 -2E-05 -1E-05
vn -1 -2E-05 0
vn -1 -1E-05 -6E-05
vn -1 -3E-05 3E-05
vn -1 -3E-05 7E-05
vn 1E-05 -0.56744 -0.82342
vn 0 -0.11977 -0.9928
vn 1 0 2E-05
vn 1 3E-05 2E-05
vn 1 2E-05 0
vn 1 1E-05 0
vn -1 1E-05 -0
vn -1 -5E-05 -0
vn -1 -2E-05 -0
vn -1 -1E-05 1E-05
vn -1 -2E-05 -0
vn -2E-05 0.96507 0.26199
vn 1 2E-05 0
vn 1 1E-05 -2E-05
vn 1 1E-05 -2E-05
vn 1 2E-05 0
vn 1 2E-05 -1E-05
vn 1 1E-05 0
vn -2E-05 0.99764 0.06869
vn 1 1E-05 0
vn 1 2E-05 -0
vn 1 5E-05 -3E-05
vn 0 -0.11977 -0.9928
vn 1E-05 -0.35388 -0.93529
vn 1E-05 -0.35388 -0.93529
vn 1 2E-05 -1E-05
vn -0 0.12131 -0.99262
vn 1 2E-05 0
vn 1 1E-05 -0
vn 1 1E-05 -0
vn 1 1E-05 -0
vn -1 -2E-05 -0
vn -1 -2E-05 0
vn -1 -2E-05 0
vn -1 -2E-05 -0
vn -1 -0 1E-05
vn -1 -5E-05 -1E-05
vn -1 -3E-05 -0
vn -1 -1E-05 -0
vn -1 -4E-05 -1E-05
vn 1E-05 -0.56868 0.82256
vn -1 0 1E-05
vn -1 -1E-05 1E-05
vn -1E-05 0.88582 -0.46404
vn -2E-05 0.88581 -0.46404
vn -1E-05 0.74902 -0.66255
vn -1 -2E-05 -1E-05
vn -1 -2E-05 -0
vn -1 -1E-05 2E-05
vn -1 -1E-05 1E-05
vn -1 -2E-05 -2E-05
vn 1 1E-05 -1E-05
vn 1 3E-05 0
vn 1E-05 -0.35535 0.93473
vn 1 4E-05 -2E-05
vn 1 -1E-05 3E-05
vn 1 1E-05 1E-05
vn -1E-05 0.56743 0.82342
vn -1 0 -0
vn -1 1E-05 -3E-05
vn -1 -0 -2E-05
vn -1 -1E-05 -1E-05
vn -1 -2E-05 -0
vn -1E-05 0.748 0.6637
vn -1E-05 0.74799 0.66371
vn 1 2E-05 -2E-05
vn 1 2E-05 0
vn 1 3E-05 1E-05
vn 1 1E-05 0
vn 1 2E-05 -4E-05
vn 1 2E-05 -1E-05
vn 1 2E-05 6E-05
vn 1 2E-05 1E-05
vn 1 2E-05 1E-05
vn 1 2E-05 1E-05
vn 0 -0.12726 -0.99187
vn 1 2E-05 -0
vn -0 0.06868 -0.99764
vn -0 0.06868 -0.99764
vn 0 -0.12726 -0.99187
vn 0 -0.10129 0.99486
vn -0 0.07301 0.99733
vn -0 0.07301 0.99733
vn -0 0.26199 -0.96507
vn 1 2E-05 0
vn 1 2E-05 0
vn 1 2E-05 0
vn 1 2E-05 1E-05
vn -1 -1E-05 -2E-05
vn -1 -2E-05 -1E-05
vn -1 -2E-05 -2E-05
vn -1 -2E-05 2E-05
vn -1 -2E-05 3E-05
vn -1 -2E-05 2E-05
vn -1 0 0
vn -1 -1E-05 1E-05
vn -1 -2E-05 0
vn -1 -2E-05 0
vn -1 -3E-05 1E-05
vn -1 -4E-05 1E-05
vn -1 -2E-05 -0
vn 1 3E-05 -0
vn 1 2E-05 0
vn 1 1E-05 1E-05
vn -1E-05 0.8851 0.4654
vn 0 -0.11979 -0.9928
vn -1E-05 0.35534 -0.93474
vn -0 0.1213 -0.99262
vn -1E-05 0.97075 0.2401
vn 1 -4E-05 -2E-05
vn 1 4E-05 2E-05
vn 1 2E-05 0
vn 1 2E-05 0
vn 1 4E-05 3E-05
vn 1 1E-05 -2E-05
vn 1 4E-05 1E-05
vn -1 -2E-05 0
vn -1 -2E-05 0
vn -1 -1E-05 1E-05
vn -1 -3E-05 -3E-05
vn -1 -1E-05 1E-05
vn -1 -2E-05 -0
vn 1 -3E-05 1E-05
vn 1 2E-05 0
vn 1 0 1E-05
vn 1 5E-05 -1E-05
vn -1 -3E-05 -0
vn -1 -2E-05 0
vn -1 -0 0
vn -1 -3E-05 -0
vn -1 -2E-05 0
vn -1 1E-05 1E-05
vn 1E-05 -0.56869 0.82255
vn 0 -0.12131 0.99261
vn 1E-05 -0.56868 0.82256
vn -0 0.3539 0.93528
vn -1E-05 0.5674 0.82344
vn 1 2E-05 -1E-05
vn 1 2E-05 -2E-05
vn 1 2E-05 -0
vn 1 2E-05 -1E-05
vn 1 1E-05 4E-05
vn 1 2E-05 1E-05
vn -1 -2E-05 -0
vn -1 -2E-05 -1E-05
vn -1 -2E-05 1E-05
vn -1 -2E-05 0
vn -1 -2E-05 2E-05
vn 1 1E-05 -0
vn 1 2E-05 0
vn 1 2E-05 0
vn 1 3E-05 1E-05
vn 1 -0 -4E-05
vn 1 -2E-05 -3E-05
vn 1 2E-05 -0
vn 1 2E-05 1E-05
vn -1 -2E-05 -1E-05
vn -1 -2E-05 -0
vn -1 -2E-05 -0
vn -1 -1E-05 0
vn -1 -2E-05 -1E-05
vn -1 -2E-05 1E-05
vn 2E-05 -0.9695 0.24508
vn 2E-05 -0.99733 0.073
vn 1 1E-05 0
vn 1 1E-05 0
vn -2E-05 0.99187 -0.12727
vn -2E-05 0.99187 -0.12726
vn 1 1E-05 -0
vn 1 2E-05 -0
vn -2E-05 0.94798 -0.31833
vn -1E-05 0.94798 -0.31832
vn -2E-05 0.86766 -0.49715
vn 1 2E-05 -0
vn 1 2E-05 0
vn 2E-05 -0.91222 0.40971
vn 2E-05 -0.91222 0.40971
vn 1 2E-05 -0
vn 1 1E-05 -2E-05
vn 1 2E-05 -1E-05
vn 1 2E-05 0
vn 1 2E-05 0
vn 1 2E-05 0
vn 1E-05 -0.58515 0.81093
vn -1E-05 0.44524 -0.89541
vn -1E-05 0.61137 -0.79135
vn -1E-05 0.61137 -0.79135
vn 1 3E-05 -1E-05
vn -1E-05 0.75401 -0.65687
vn 1 2E-05 -1E-05
vn 1 2E-05 0
vn 1 1E-05 0
vn 1 1E-05 0
vn -1 -2E-05 -0
vn -1 1E-05 1E-05
vn -1 -3E-05 -1E-05
vn 1 1E-05 -0
vn -1 -0 0
vn 1 7E-05 1E-05
vn -1 -1E-05 0
vn 1E-05 -0.82721 0.56189
vn 2E-05 -0.82721 0.56189
vn 1E-05 -0.71708 0.697
vn 1E-05 -0.71707 0.697
f 1//1 2//1 3//1
f 4//2 5//2 6//2
f 4//3 7//3 5//3
f 4//4 8//4 7//4
f 5//5 7//5 1//5
f 5//6 3//6 9//6
f 5//7 9//7 6//7
f 5//8 1//8 3//8
f 10//9 6//9 11//9
f 10//10 11//10 12//10
f 11//11 13//11 14//11
f 4//12 6//12 10//12
f 6//13 9//13 13//13
f 6//14 13//14 11//14
f 15//15 10//15 12//15
f 16//16 17//16 18//16
f 18//17 17//17 8//17
f 18//18 4//18 10//18
f 16//19 18//19 15//19
f 18//20 10//20 15//20
f 18//21 8//21 4//21
f 19//22 2//22 1//22
f 19//22 20//22 2//22
f 21//23 1//23 7//23
f 22//24 23//24 8//24
f 21//23 19//23 1//23
f 23//25 21//25 7//25
f 23//26 7//26 8//26
f 22//27 8//27 17//27
f 24//28 17//28 25//28
f 24//29 22//29 17//29
f 16//30 25//30 17//30
f 15//31 12//31 26//31
f 12//32 27//32 28//32
f 26//33 12//33 29//33
f 29//34 28//34 30//34
f 12//35 28//35 29//35
f 12//36 11//36 27//36
f 28//37 27//37 30//37
f 11//38 14//38 27//38
f 26//39 29//39 31//39
f 29//40 32//40 33//40
f 29//41 30//41 32//41
f 34//42 31//42 35//42
f 34//43 26//43 31//43
f 31//44 29//44 33//44
f 36//45 34//45 37//45
f 36//46 38//46 34//46
f 16//47 15//47 38//47
f 39//48 38//48 36//48
f 39//49 16//49 38//49
f 38//50 15//50 26//50
f 38//51 26//51 34//51
f 37//52 34//52 35//52
f 37//53 35//53 40//53
f 41//54 42//54 43//54
f 41//55 44//55 42//55
f 45//56 37//56 46//56
f 45//57 36//57 37//57
f 46//58 37//58 40//58
f 41//59 46//59 44//59
f 46//60 40//60 44//60
f 40//61 47//61 48//61
f 40//62 49//62 47//62
f 40//63 35//63 49//63
f 35//64 31//64 50//64
f 35//65 50//65 49//65
f 44//66 40//66 48//66
f 44//67 48//67 51//67
f 44//68 51//68 42//68
f 31//69 33//69 50//69
f 49//70 50//70 52//70
f 53//71 39//71 36//71
f 53//72 54//72 55//72
f 53//73 36//73 45//73
f 53//74 55//74 39//74
f 56//75 57//75 54//75
f 39//76 25//76 16//76
f 56//77 54//77 53//77
f 56//78 53//78 45//78
f 39//79 55//79 25//79
f 58//80 46//80 41//80
f 59//81 56//81 58//81
f 58//82 45//82 46//82
f 59//83 58//83 60//83
f 56//84 45//84 58//84
f 60//85 58//85 41//85
f 60//86 43//86 61//86
f 60//87 41//87 43//87
f 59//88 62//88 63//88
f 59//89 63//89 57//89
f 59//90 57//90 56//90
f 64//91 62//91 59//91
f 64//92 59//92 60//92
f 65//93 66//93 67//93
f 64//94 61//94 67//94
f 64//95 60//95 61//95
f 68//96 65//96 67//96
f 66//97 62//97 67//97
f 69//98 68//98 67//98
f 64//99 67//99 62//99
f 52//100 50//100 70//100
f 49//101 52//101 71//101
f 50//102 33//102 70//102
f 70//103 72//103 52//103
f 2//104 73//104 74//104
f 3//105 74//105 75//105
f 3//106 2//106 74//106
f 9//107 75//107 76//107
f 9//108 3//108 75//108
f 13//109 76//109 77//109
f 13//110 9//110 76//110
f 14//111 77//111 78//111
f 14//112 13//112 77//112
f 27//113 14//113 78//113
f 76//114 79//114 80//114
f 76//115 75//115 79//115
f 75//116 74//116 79//116
f 78//117 81//117 82//117
f 78//118 77//118 81//118
f 77//119 83//119 81//119
f 77//120 84//120 83//120
f 77//121 76//121 84//121
f 76//122 80//122 84//122
f 74//123 73//123 79//123
f 71//124 72//124 70//124
f 20//125 85//125 73//125
f 20//126 73//126 2//126
f 27//127 78//127 86//127
f 30//128 27//128 86//128
f 32//129 86//129 87//129
f 32//130 30//130 86//130
f 33//131 87//131 70//131
f 33//132 32//132 87//132
f 86//133 78//133 88//133
f 88//134 78//134 82//134
f 86//135 88//135 89//135
f 87//136 86//136 90//136
f 90//137 86//137 89//137
f 87//138 90//138 91//138
f 70//139 87//139 91//139
f 70//140 91//140 71//140
f 91//141 92//141 71//141
f 49//142 71//142 92//142
f 93//143 94//143 51//143
f 93//144 48//144 47//144
f 93//145 51//145 48//145
f 92//146 95//146 47//146
f 92//147 47//147 49//147
f 95//148 93//148 47//148
f 96//149 97//149 43//149
f 94//150 42//150 51//150
f 96//151 43//151 42//151
f 94//152 96//152 42//152
f 97//153 61//153 43//153
f 97//154 98//154 61//154
f 98//155 99//155 61//155
f 100//156 101//156 69//156
f 99//157 102//157 67//157
f 99//158 67//158 61//158
f 103//159 69//159 67//159
f 102//160 103//160 67//160
f 103//161 100//161 69//161
f 104//162 20//162 19//162
f 105//163 106//163 23//163
f 105//164 23//164 22//164
f 107//165 108//165 109//165
f 107//166 109//166 106//166
f 109//167 108//167 104//167
f 109//168 19//168 21//168
f 109//169 104//169 19//169
f 106//170 21//170 23//170
f 106//171 109//171 21//171
f 107//172 110//172 108//172
f 111//173 106//173 105//173
f 112//174 107//174 111//174
f 112//175 113//175 110//175
f 112//176 110//176 107//176
f 114//177 111//177 105//177
f 111//178 107//178 106//178
f 115//179 116//179 117//179
f 118//180 24//180 116//180
f 118//181 22//181 24//181
f 118//182 105//182 22//182
f 114//183 105//183 118//183
f 115//184 118//184 116//184
f 119//185 118//185 115//185
f 119//186 114//186 118//186
f 120//187 112//187 121//187
f 122//188 114//188 119//188
f 121//189 111//189 114//189
f 122//190 121//190 114//190
f 121//191 112//191 111//191
f 123//192 124//192 122//192
f 125//193 122//193 119//193
f 123//194 122//194 125//194
f 126//195 123//195 125//195
f 124//196 120//196 121//196
f 124//197 121//197 122//197
f 120//198 127//198 128//198
f 120//199 128//199 129//199
f 120//200 129//200 112//200
f 112//201 129//201 113//201
f 124//202 127//202 120//202
f 130//203 131//203 132//203
f 123//204 132//204 131//204
f 126//205 132//205 123//205
f 126//206 133//206 132//206
f 123//207 131//207 124//207
f 124//208 131//208 134//208
f 124//209 134//209 127//209
f 135//210 136//210 137//210
f 136//211 115//211 137//211
f 125//212 119//212 136//212
f 137//213 115//213 117//213
f 136//214 119//214 115//214
f 138//215 139//215 133//215
f 138//216 140//216 139//216
f 138//217 141//217 140//217
f 138//218 133//218 126//218
f 138//219 142//219 141//219
f 138//220 126//220 142//220
f 142//221 125//221 136//221
f 126//222 125//222 142//222
f 141//223 143//223 140//223
f 142//224 136//224 135//224
f 141//225 142//225 135//225
f 144//226 143//226 141//226
f 116//227 25//227 55//227
f 116//228 24//228 25//228
f 117//229 55//229 54//229
f 145//230 117//230 54//230
f 117//231 116//231 55//231
f 145//232 54//232 57//232
f 146//233 63//233 62//233
f 146//234 57//234 63//234
f 146//234 145//234 57//234
f 147//235 146//235 62//235
f 147//236 62//236 66//236
f 148//237 68//237 69//237
f 149//238 150//238 65//238
f 148//239 149//239 68//239
f 151//240 147//240 66//240
f 149//241 65//241 68//241
f 150//242 66//242 65//242
f 150//242 151//242 66//242
f 152//243 153//243 146//243
f 154//244 147//244 151//244
f 135//245 137//245 153//245
f 137//246 117//246 145//246
f 155//247 152//247 147//247
f 155//248 147//248 154//248
f 152//249 146//249 147//249
f 153//250 145//250 146//250
f 153//251 137//251 145//251
f 144//252 141//252 156//252
f 144//253 156//253 157//253
f 144//254 157//254 143//254
f 141//255 135//255 156//255
f 158//256 156//256 152//256
f 158//257 159//257 157//257
f 158//258 157//258 156//258
f 156//259 135//259 153//259
f 156//260 153//260 152//260
f 155//261 154//261 159//261
f 155//262 159//262 152//262
f 154//263 151//263 150//263
f 154//264 150//264 149//264
f 154//265 149//265 148//265
f 158//266 152//266 159//266
f 72//267 130//267 52//267
f 160//268 130//268 132//268
f 72//269 131//269 130//269
f 161//270 108//270 110//270
f 161//271 162//271 108//271
f 162//272 85//272 104//272
f 162//273 104//273 108//273
f 85//274 20//274 104//274
f 163//275 110//275 113//275
f 164//276 163//276 113//276
f 164//277 113//277 129//277
f 163//278 161//278 110//278
f 164//279 129//279 128//279
f 165//280 166//280 134//280
f 165//281 134//281 131//281
f 72//282 165//282 131//282
f 166//283 127//283 134//283
f 166//284 128//284 127//284
f 166//285 164//285 128//285
f 161//286 167//286 168//286
f 163//287 167//287 161//287
f 163//288 169//288 167//288
f 161//289 168//289 170//289
f 161//290 170//290 162//290
f 162//291 170//291 85//291
f 163//292 171//292 169//292
f 172//293 171//293 164//293
f 164//294 171//294 163//294
f 173//295 172//295 164//295
f 174//296 173//296 166//296
f 166//297 173//297 164//297
f 175//298 174//298 165//298
f 165//299 174//299 166//299
f 175//300 165//300 72//300
f 175//301 72//301 160//301
f 176//302 160//302 132//302
f 175//303 160//303 176//303
f 132//304 133//304 176//304
f 160//305 72//305 71//305
f 130//306 160//306 52//306
f 140//307 177//307 178//307
f 140//308 143//308 177//308
f 139//309 140//309 178//309
f 133//310 178//310 176//310
f 133//311 139//311 178//311
f 143//312 157//312 179//312
f 143//313 179//313 177//313
f 157//314 159//314 180//314
f 157//315 180//315 179//315
f 159//316 181//316 182//316
f 159//317 154//317 181//317
f 159//318 182//318 180//318
f 154//319 148//319 183//319
f 154//320 183//320 184//320
f 154//321 184//321 181//321
f 185//322 148//322 69//322
f 148//323 185//323 186//323
f 148//324 186//324 187//324
f 148//325 187//325 183//325
f 185//326 69//326 101//326
f 52//327 160//327 71//327
f 188//328 189//328 73//328
f 73//329 189//329 79//329
f 188//330 190//330 189//330
f 188//331 191//331 190//331
f 192//332 193//332 194//332
f 195//333 193//333 192//333
f 194//334 193//334 196//334
f 191//335 195//335 192//335
f 190//336 191//336 192//336
f 85//337 188//337 73//337
f 80//338 197//338 198//338
f 79//339 199//339 200//339
f 79//340 200//340 201//340
f 83//341 84//341 202//341
f 84//342 80//342 198//342
f 84//343 198//343 202//343
f 80//344 79//344 201//344
f 80//345 201//345 197//345
f 81//346 202//346 203//346
f 81//347 83//347 202//347
f 82//348 81//348 203//348
f 79//349 189//349 199//349
f 189//350 204//350 199//350
f 204//351 189//351 205//351
f 205//352 189//352 190//352
f 90//353 192//353 206//353
f 192//354 194//354 206//354
f 91//355 90//355 206//355
f 92//356 91//356 206//356
f 95//357 92//357 206//357
f 207//358 94//358 208//358
f 209//359 94//359 207//359
f 93//360 95//360 206//360
f 94//361 93//361 208//361
f 210//362 93//362 206//362
f 208//363 93//363 210//363
f 211//364 98//364 97//364
f 96//365 94//365 209//365
f 212//366 97//366 96//366
f 211//367 97//367 212//367
f 212//368 96//368 213//368
f 214//369 96//369 209//369
f 213//370 96//370 214//370
f 215//371 98//371 211//371
f 215//372 102//372 99//372
f 215//373 99//373 98//373
f 101//374 103//374 102//374
f 101//375 100//375 103//375
f 215//376 101//376 102//376
f 90//377 216//377 192//377
f 216//378 190//378 192//378
f 89//379 88//379 217//379
f 89//380 217//380 218//380
f 90//381 219//381 220//381
f 88//382 82//382 221//382
f 89//383 222//383 223//383
f 89//384 224//384 222//384
f 89//385 218//385 224//385
f 90//386 220//386 216//386
f 90//387 89//387 223//387
f 90//388 223//388 219//388
f 88//389 221//389 217//389
f 82//390 203//390 221//390
f 205//391 190//391 216//391
f 225//392 207//392 208//392
f 225//393 209//393 207//393
f 226//394 208//394 210//394
f 226//395 225//395 208//395
f 194//396 227//396 206//396
f 227//397 210//397 206//397
f 227//398 226//398 210//398
f 228//399 229//399 213//399
f 230//400 214//400 209//400
f 230//401 228//401 214//401
f 225//402 230//402 209//402
f 228//403 213//403 214//403
f 194//404 231//404 232//404
f 229//405 233//405 213//405
f 194//406 232//406 227//406
f 231//407 196//407 215//407
f 196//408 231//408 194//408
f 234//409 235//409 211//409
f 233//410 236//410 212//410
f 237//411 234//411 211//411
f 236//412 238//412 212//412
f 237//413 211//413 212//413
f 233//414 212//414 213//414
f 239//415 237//415 212//415
f 238//416 239//416 212//416
f 235//417 215//417 211//417
f 231//418 215//418 240//418
f 240//419 215//419 235//419
f 170//420 188//420 85//420
f 195//421 174//421 241//421
f 241//422 175//422 176//422
f 241//423 174//423 175//423
f 195//424 241//424 242//424
f 195//425 243//425 193//425
f 195//426 244//426 243//426
f 195//427 245//427 244//427
f 195//428 246//428 245//428
f 195//429 247//429 246//429
f 195//430 248//430 247//430
f 195//431 242//431 249//431
f 195//432 249//432 248//432
f 250//433 170//433 168//433
f 250//434 251//434 170//434
f 188//435 252//435 253//435
f 170//436 252//436 188//436
f 170//437 251//437 252//437
f 188//438 253//438 191//438
f 254//439 255//439 168//439
f 254//440 168//440 167//440
f 255//441 256//441 168//441
f 256//442 250//442 168//442
f 257//443 258//443 167//443
f 257//444 167//444 169//444
f 259//445 169//445 171//445
f 258//446 254//446 167//446
f 259//447 257//447 169//447
f 260//448 261//448 173//448
f 262//449 260//449 174//449
f 263//450 262//450 174//450
f 264//451 172//451 173//451
f 265//452 263//452 174//452
f 260//453 173//453 174//453
f 266//454 171//454 172//454
f 261//455 264//455 173//455
f 264//456 266//456 172//456
f 265//457 174//457 195//457
f 267//458 259//458 171//458
f 266//459 267//459 171//459
f 265//460 195//460 268//460
f 268//461 191//461 253//461
f 268//462 195//462 191//462
f 185//463 101//463 215//463
f 269//464 185//464 215//464
f 270//465 269//465 215//465
f 270//465 215//465 196//465
f 196//466 193//466 270//466
f 241//467 178//467 177//467
f 241//468 177//468 179//468
f 241//469 176//469 178//469
f 182//470 241//470 180//470
f 180//471 241//471 179//471
f 183//472 187//472 185//472
f 184//473 183//473 185//473
f 181//474 241//474 182//474
f 187//475 186//475 185//475
f 269//476 184//476 185//476
f 181//477 184//477 269//477
f 241//478 181//478 269//478
f 270//479 271//479 269//479
f 269//480 271//480 272//480
f 273//481 193//481 243//481
f 274//482 243//482 244//482
f 274//483 273//483 243//483
f 193//484 271//484 270//484
f 193//485 273//485 271//485
f 272//486 241//486 269//486
f 275//487 245//487 246//487
f 275//488 276//488 245//488
f 277//489 246//489 247//489
f 277//490 275//490 246//490
f 276//491 274//491 244//491
f 276//492 244//492 245//492
f 278//493 248//493 249//493
f 279//494 247//494 248//494
f 280//495 278//495 249//495
f 281//496 242//496 241//496
f 278//497 279//497 248//497
f 280//498 249//498 242//498
f 281//499 280//499 242//499
f 279//500 277//500 247//500
f 282//501 281//501 241//501
f 282//502 241//502 272//502
f 199//503 198//503 197//503
f 199//504 197//504 201//504
f 283//505 198//505 199//505
f 283//506 202//506 198//506
f 283//507 203//507 202//507
f 199//508 201//508 200//508
f 221//509 203//509 220//509
f 218//510 217//510 220//510
f 217//511 221//511 220//511
f 219//512 223//512 220//512
f 223//513 222//513 220//513
f 222//514 224//514 220//514
f 224//515 218//515 220//515
f 240//516 204//516 205//516
f 283//517 284//517 285//517
f 284//518 199//518 251//518
f 272//519 204//519 240//519
f 272//519 252//519 204//519
f 284//520 283//520 199//520
f 251//521 199//521 252//521
f 252//522 199//522 204//522
f 231//523 205//523 232//523
f 205//524 231//524 240//524
f 232//523 205//523 216//523
f 216//525 220//525 232//525
f 220//526 286//526 232//526
f 227//527 286//527 226//527
f 226//528 286//528 225//528
f 227//529 232//529 286//529
f 230//530 286//530 228//530
f 225//531 286//531 230//531
f 229//532 286//532 233//532
f 233//533 286//533 236//533
f 236//534 286//534 238//534
f 238//535 286//535 239//535
f 239//536 286//536 237//536
f 228//537 286//537 229//537
f 237//538 285//538 234//538
f 286//539 285//539 237//539
f 234//540 285//540 235//540
f 287//541 283//541 285//541
f 288//542 283//542 287//542
f 289//543 283//543 288//543
f 220//544 203//544 286//544
f 203//545 290//545 286//545
f 203//546 291//546 292//546
f 203//547 292//547 290//547
f 293//548 285//548 294//548
f 286//549 290//549 295//549
f 286//550 295//550 296//550
f 286//551 296//551 297//551
f 298//552 285//552 299//552
f 300//553 285//553 298//553
f 287//554 285//554 293//554
f 294//555 285//555 300//555
f 301//556 302//556 286//556
f 286//557 303//557 301//557
f 286//558 304//558 303//558
f 286//559 305//559 304//559
f 302//560 306//560 286//560
f 286//561 297//561 305//561
f 299//562 285//562 307//562
f 307//563 285//563 308//563
f 306//564 308//564 285//564
f 286//565 306//565 285//565
f 309//566 283//566 310//566
f 311//567 283//567 289//567
f 312//568 283//568 311//568
f 313//569 283//569 312//569
f 314//570 203//570 283//570
f 310//571 283//571 313//571
f 309//572 314//572 283//572
f 203//573 315//573 316//573
f 203//574 314//574 315//574
f 203//575 316//575 317//575
f 203//576 317//576 318//576
f 203//577 318//577 319//577
f 203//578 319//578 291//578
f 287//579 293//579 320//579
f 288//580 287//580 320//580
f 321//581 288//581 320//581
f 322//582 321//582 320//582
f 323//583 289//583 321//583
f 311//584 289//584 323//584
f 312//585 311//585 324//585
f 289//583 288//583 321//583
f 324//586 311//586 323//586
f 325//585 312//585 324//585
f 326//587 323//587 327//587
f 326//588 324//588 323//588
f 328//589 321//589 322//589
f 323//590 329//590 330//590
f 331//591 321//591 328//591
f 329//592 321//592 331//592
f 323//593 321//593 329//593
f 323//594 330//594 332//594
f 333//595 334//595 335//595
f 336//596 337//596 338//596
f 338//597 337//597 339//597
f 291//598 319//598 336//598
f 333//599 340//599 334//599
f 341//600 340//600 333//600
f 341//601 339//601 340//601
f 338//602 339//602 341//602
f 336//603 319//603 337//603
f 327//604 332//604 342//604
f 327//605 323//605 332//605
f 342//606 332//606 343//606
f 344//607 313//607 325//607
f 313//607 312//607 325//607
f 345//608 324//608 346//608
f 347//609 324//609 345//609
f 325//610 324//610 347//610
f 346//611 324//611 326//611
f 325//612 347//612 348//612
f 349//613 325//613 348//613
f 350//614 325//614 349//614
f 344//615 351//615 352//615
f 344//616 350//616 351//616
f 344//617 325//617 350//617
f 344//618 352//618 353//618
f 347//619 317//619 348//619
f 337//620 319//620 346//620
f 346//621 319//621 345//621
f 318//622 317//622 347//622
f 326//623 337//623 346//623
f 317//624 316//624 348//624
f 348//624 316//624 349//624
f 319//625 318//625 345//625
f 345//626 318//626 347//626
f 354//627 355//627 356//627
f 340//628 339//628 327//628
f 356//629 334//629 342//629
f 355//630 334//630 356//630
f 339//623 337//623 326//623
f 342//631 340//631 327//631
f 334//632 340//632 342//632
f 327//633 339//633 326//633
f 356//634 342//634 343//634
f 354//635 357//635 358//635
f 354//636 358//636 359//636
f 354//637 356//637 357//637
f 356//638 343//638 357//638
f 360//639 361//639 362//639
f 362//639 361//639 354//639
f 334//640 355//640 335//640
f 361//641 355//641 354//641
f 349//642 315//642 350//642
f 316//643 315//643 349//643
f 350//644 363//644 351//644
f 363//645 364//645 351//645
f 315//644 363//644 350//644
f 351//646 364//646 352//646
f 365//647 366//647 367//647
f 353//648 368//648 369//648
f 367//649 366//649 370//649
f 352//650 371//650 353//650
f 371//651 368//651 353//651
f 368//652 365//652 369//652
f 369//653 365//653 367//653
f 364//654 371//654 352//654
f 372//655 373//655 374//655
f 366//656 375//656 370//656
f 370//657 375//657 372//657
f 376//658 377//658 378//658
f 378//659 377//659 379//659
f 375//655 373//655 372//655
f 374//660 376//660 378//660
f 373//661 376//661 374//661
f 380//662 360//662 381//662
f 381//662 360//662 362//662
f 382//663 380//663 381//663
f 383//664 382//664 384//664
f 384//665 382//665 385//665
f 379//666 386//666 387//666
f 386//667 383//667 387//667
f 385//668 382//668 381//668
f 377//666 386//666 379//666
f 387//669 383//669 384//669
f 386//670 388//670 383//670
f 386//671 377//671 388//671
f 362//672 354//672 359//672
f 362//673 359//673 389//673
f 390//674 384//674 389//674
f 381//675 362//675 389//675
f 390//676 387//676 384//676
f 379//677 387//677 390//677
f 385//678 381//678 389//678
f 384//679 385//679 389//679
f 391//680 320//680 392//680
f 393//681 320//681 391//681
f 391//682 290//682 393//682
f 392//683 320//683 394//683
f 322//684 320//684 393//684
f 392//685 295//685 391//685
f 395//686 297//686 396//686
f 396//686 297//686 397//686
f 295//687 290//687 391//687
f 397//688 296//688 392//688
f 392//689 394//689 397//689
f 296//690 295//690 392//690
f 398//691 396//691 394//691
f 397//692 394//692 396//692
f 297//693 296//693 397//693
f 393//625 292//625 322//625
f 336//694 338//694 331//694
f 290//626 292//626 393//626
f 331//695 338//695 329//695
f 291//696 336//696 328//696
f 322//697 291//697 328//697
f 328//698 336//698 331//698
f 292//697 291//697 322//697
f 330//699 333//699 332//699
f 341//700 333//700 330//700
f 333//650 335//650 332//650
f 332//650 335//650 343//650
f 338//701 341//701 329//701
f 329//702 341//702 330//702
f 399//703 395//703 398//703
f 400//704 401//704 402//704
f 402//705 401//705 403//705
f 401//706 399//706 403//706
f 403//641 399//641 398//641
f 398//703 395//703 396//703
f 404//707 400//707 405//707
f 405//708 400//708 402//708
f 406//709 407//709 408//709
f 409//709 407//709 406//709
f 410//710 411//710 405//710
f 411//710 404//710 405//710
f 407//665 411//665 408//665
f 408//664 411//664 410//664
f 398//711 394//711 412//711
f 320//579 293//579 394//579
f 394//712 293//712 412//712
f 293//713 294//713 412//713
f 403//714 398//714 412//714
f 402//715 403//715 412//715
f 402//716 412//716 413//716
f 305//717 297//717 395//717
f 395//718 399//718 414//718
f 399//719 401//719 415//719
f 414//720 399//720 415//720
f 415//721 401//721 416//721
f 416//722 400//722 417//722
f 305//723 395//723 414//723
f 401//724 400//724 416//724
f 404//725 411//725 418//725
f 418//725 411//725 419//725
f 411//726 407//726 419//726
f 400//727 404//727 417//727
f 417//728 404//728 418//728
f 410//729 405//729 420//729
f 410//729 420//729 421//729
f 405//730 402//730 422//730
f 402//731 413//731 422//731
f 408//732 410//732 421//732
f 405//733 422//733 420//733
f 423//734 416//734 413//734
f 415//734 416//734 423//734
f 424//685 305//685 425//685
f 426//735 415//735 423//735
f 413//736 417//736 422//736
f 416//737 417//737 413//737
f 414//738 415//738 426//738
f 304//685 305//685 424//685
f 305//687 414//687 425//687
f 425//739 414//739 426//739
f 422//643 418//643 420//643
f 427//740 428//740 429//740
f 418//741 419//741 420//741
f 430//740 428//740 427//740
f 417//742 418//742 422//742
f 420//741 419//741 421//741
f 419//699 430//699 421//699
f 421//700 430//700 427//700
f 423//743 412//743 431//743
f 413//744 412//744 423//744
f 300//745 298//745 431//745
f 294//746 300//746 431//746
f 412//746 294//746 431//746
f 424//747 432//747 433//747
f 424//748 431//748 432//748
f 433//633 304//633 424//633
f 426//749 431//749 425//749
f 425//750 431//750 424//750
f 423//751 431//751 426//751
f 431//752 298//752 432//752
f 355//753 361//753 434//753
f 435//754 361//754 436//754
f 335//755 355//755 434//755
f 434//756 361//756 435//756
f 343//757 434//757 357//757
f 335//757 434//757 343//757
f 357//758 435//758 358//758
f 434//758 435//758 357//758
f 358//759 437//759 438//759
f 435//647 437//647 358//647
f 437//760 439//760 438//760
f 435//761 436//761 437//761
f 440//762 441//762 442//762
f 442//763 441//763 443//763
f 443//764 441//764 409//764
f 437//765 436//765 444//765
f 440//766 444//766 441//766
f 437//767 444//767 439//767
f 439//768 444//768 440//768
f 359//769 438//769 445//769
f 445//770 446//770 447//770
f 445//771 448//771 446//771
f 438//772 439//772 448//772
f 359//773 358//773 438//773
f 445//774 438//774 448//774
f 439//775 440//775 448//775
f 448//775 440//775 446//775
f 446//661 442//661 447//661
f 440//661 442//661 446//661
f 447//776 443//776 449//776
f 450//777 406//777 408//777
f 442//778 443//778 447//778
f 449//779 409//779 406//779
f 451//780 406//780 450//780
f 443//781 409//781 449//781
f 451//782 449//782 406//782
f 451//783 447//783 449//783
f 445//770 447//770 451//770
f 450//784 441//784 451//784
f 361//785 360//785 436//785
f 380//786 382//786 452//786
f 360//787 380//787 452//787
f 382//788 383//788 452//788
f 436//789 360//789 452//789
f 383//790 388//790 452//790
f 452//791 388//791 389//791
f 389//791 388//791 390//791
f 445//792 436//792 359//792
f 436//793 452//793 359//793
f 359//793 452//793 389//793
f 451//682 444//682 445//682
f 441//794 444//794 451//794
f 444//795 436//795 445//795
f 409//796 453//796 407//796
f 407//797 453//797 419//797
f 454//798 453//798 450//798
f 409//799 441//799 453//799
f 455//800 453//800 454//800
f 453//801 441//801 450//801
f 430//802 455//802 428//802
f 456//803 455//803 457//803
f 428//804 455//804 458//804
f 459//805 457//805 460//805
f 456//806 457//806 459//806
f 458//807 455//807 456//807
f 430//808 453//808 455//808
f 457//809 461//809 460//809
f 419//810 453//810 430//810
f 454//811 462//811 463//811
f 454//812 427//812 429//812
f 454//813 429//813 464//813
f 454//814 464//814 462//814
f 450//815 427//815 454//815
f 450//816 421//816 427//816
f 450//817 408//817 421//817
f 429//818 458//818 464//818
f 459//819 460//819 465//819
f 465//820 460//820 466//820
f 456//647 459//647 462//647
f 428//821 458//821 429//821
f 464//758 456//758 462//758
f 458//822 456//822 464//822
f 462//823 459//823 465//823
f 463//824 465//824 466//824
f 463//825 462//825 465//825
f 467//826 463//826 466//826
f 467//827 468//827 469//827
f 467//828 466//828 468//828
f 457//829 455//829 463//829
f 463//830 455//830 454//830
f 461//831 457//831 467//831
f 467//831 457//831 463//831
f 470//832 461//832 467//832
f 433//833 432//833 471//833
f 303//633 304//633 433//633
f 472//641 302//641 473//641
f 301//834 303//834 471//834
f 471//835 303//835 433//835
f 302//703 301//703 473//703
f 473//629 301//629 471//629
f 474//641 302//641 472//641
f 473//836 471//836 432//836
f 475//837 472//837 476//837
f 472//838 473//838 476//838
f 432//839 298//839 476//839
f 473//840 432//840 476//840
f 477//841 475//841 476//841
f 477//842 476//842 478//842
f 479//843 480//843 481//843
f 475//639 474//639 472//639
f 482//639 474//639 475//639
f 480//844 482//844 477//844
f 477//845 482//845 475//845
f 481//846 480//846 477//846
f 483//847 479//847 484//847
f 484//848 479//848 481//848
f 468//661 485//661 469//661
f 486//661 485//661 468//661
f 469//658 487//658 488//658
f 485//659 487//659 469//659
f 488//666 489//666 490//666
f 487//849 489//849 488//849
f 490//667 483//667 484//667
f 489//667 483//667 490//667
f 460//850 486//850 466//850
f 466//851 486//851 468//851
f 481//852 477//852 478//852
f 484//853 481//853 478//853
f 482//854 480//854 306//854
f 474//855 482//855 306//855
f 474//856 306//856 302//856
f 460//857 461//857 486//857
f 486//858 461//858 485//858
f 485//859 461//859 491//859
f 487//860 492//860 489//860
f 485//861 491//861 487//861
f 487//860 491//860 492//860
f 489//862 492//862 493//862
f 483//863 493//863 494//863
f 479//864 494//864 495//864
f 483//865 494//865 479//865
f 479//866 495//866 480//866
f 489//867 493//867 483//867
f 480//868 495//868 496//868
f 497//869 498//869 499//869
f 500//870 497//870 501//870
f 499//869 498//869 470//869
f 498//871 497//871 500//871
f 502//872 498//872 500//872
f 503//873 498//873 502//873
f 461//874 498//874 503//874
f 491//875 461//875 503//875
f 498//832 461//832 470//832
f 504//876 478//876 505//876
f 506//877 488//877 507//877
f 467//878 469//878 506//878
f 508//879 490//879 484//879
f 506//880 469//880 488//880
f 504//881 484//881 478//881
f 507//882 490//882 508//882
f 508//883 484//883 504//883
f 507//877 488//877 490//877
f 470//884 509//884 510//884
f 470//885 511//885 509//885
f 470//886 467//886 511//886
f 499//887 470//887 510//887
f 467//888 506//888 511//888
f 499//889 510//889 512//889
f 505//890 494//890 504//890
f 504//687 493//687 508//687
f 494//682 493//682 504//682
f 508//891 492//891 507//891
f 493//892 492//892 508//892
f 507//893 491//893 506//893
f 492//894 491//894 507//894
f 506//696 503//696 511//696
f 491//736 503//736 506//736
f 511//895 502//895 509//895
f 503//896 502//896 511//896
f 500//897 501//897 510//897
f 509//741 500//741 510//741
f 502//741 500//741 509//741
f 501//898 513//898 512//898
f 510//645 501//645 512//645
f 512//899 513//899 514//899
f 514//818 515//818 516//818
f 513//900 515//900 514//900
f 517//834 496//834 518//834
f 519//633 495//633 505//633
f 496//633 495//633 519//633
f 495//623 494//623 505//623
f 518//835 496//835 519//835
f 517//901 520//901 306//901
f 306//902 496//902 517//902
f 480//903 496//903 306//903
f 520//904 521//904 306//904
f 520//905 517//905 522//905
f 523//906 524//906 525//906
f 525//907 524//907 526//907
f 522//908 517//908 518//908
f 521//909 520//909 527//909
f 524//910 521//910 526//910
f 527//911 520//911 522//911
f 526//910 521//910 527//910
f 528//912 529//912 530//912
f 529//847 531//847 532//847
f 531//668 523//668 525//668
f 530//913 529//913 532//913
f 533//663 531//663 525//663
f 532//847 531//847 533//847
f 534//914 528//914 535//914
f 535//915 528//915 530//915
f 529//916 528//916 536//916
f 531//917 529//917 536//917
f 521//918 524//918 306//918
f 523//919 531//919 536//919
f 524//920 523//920 306//920
f 306//921 523//921 536//921
f 478//922 307//922 537//922
f 299//923 307//923 476//923
f 307//922 538//922 537//922
f 476//923 307//923 478//923
f 298//839 299//839 476//839
f 538//924 307//924 308//924
f 505//925 478//925 537//925
f 505//926 537//926 519//926
f 522//927 537//927 539//927
f 522//928 518//928 537//928
f 519//929 537//929 518//929
f 525//930 526//930 539//930
f 526//931 527//931 539//931
f 532//932 533//932 540//932
f 530//933 532//933 540//933
f 527//934 522//934 539//934
f 306//935 536//935 308//935
f 535//936 530//936 540//936
f 533//937 525//937 539//937
f 533//938 539//938 540//938
f 541//939 538//939 308//939
f 542//940 541//940 543//940
f 537//941 541//941 539//941
f 538//941 541//941 537//941
f 543//942 541//942 308//942
f 536//935 543//935 308//935
f 541//943 542//943 539//943
f 539//944 542//944 540//944
f 310//945 313//945 344//945
f 544//946 310//946 545//946
f 545//947 310//947 344//947
f 546//948 544//948 545//948
f 547//949 367//949 548//949
f 545//950 344//950 353//950
f 547//951 545//951 367//951
f 545//952 353//952 369//952
f 545//953 369//953 367//953
f 549//954 372//954 550//954
f 548//955 367//955 370//955
f 548//956 370//956 549//956
f 549//957 370//957 372//957
f 546//958 545//958 551//958
f 552//959 553//959 547//959
f 551//960 545//960 547//960
f 547//959 553//959 551//959
f 548//961 552//961 547//961
f 371//962 314//962 554//962
f 364//963 314//963 371//963
f 363//964 314//964 364//964
f 315//965 314//965 363//965
f 555//966 556//966 557//966
f 556//967 544//967 558//967
f 558//968 544//968 546//968
f 309//969 555//969 559//969
f 309//970 559//970 314//970
f 309//971 310//971 544//971
f 557//972 556//972 560//972
f 555//973 309//973 556//973
f 309//974 544//974 556//974
f 560//975 556//975 558//975
f 561//976 314//976 562//976
f 563//977 314//977 561//977
f 554//978 314//978 563//978
f 546//979 564//979 565//979
f 546//980 566//980 564//980
f 546//981 551//981 566//981
f 558//982 567//982 568//982
f 558//983 565//983 567//983
f 558//984 546//984 565//984
f 553//985 554//985 551//985
f 551//985 554//985 566//985
f 566//986 563//986 564//986
f 563//987 561//987 564//987
f 564//988 561//988 565//988
f 554//989 563//989 566//989
f 567//990 569//990 568//990
f 561//741 562//741 565//741
f 568//991 570//991 571//991
f 569//991 570//991 568//991
f 570//992 572//992 571//992
f 571//993 572//993 573//993
f 565//741 562//741 567//741
f 562//990 569//990 567//990
f 570//994 559//994 572//994
f 572//995 559//995 574//995
f 569//996 314//996 570//996
f 574//997 559//997 575//997
f 314//998 559//998 570//998
f 562//999 314//999 569//999
f 560//1000 576//1000 577//1000
f 560//1001 577//1001 578//1001
f 560//1002 573//1002 576//1002
f 560//927 558//927 573//927
f 572//1003 574//1003 573//1003
f 573//1004 574//1004 576//1004
f 558//1005 568//1005 571//1005
f 558//1006 571//1006 573//1006
f 368//1007 552//1007 365//1007
f 365//1008 552//1008 579//1008
f 375//1009 580//1009 581//1009
f 366//1010 580//1010 375//1010
f 365//1011 579//1011 366//1011
f 368//1012 553//1012 552//1012
f 371//1013 553//1013 368//1013
f 366//1014 579//1014 580//1014
f 371//1015 554//1015 553//1015
f 375//1016 581//1016 373//1016
f 376//1017 582//1017 377//1017
f 373//1018 582//1018 376//1018
f 377//1019 582//1019 388//1019
f 373//1020 581//1020 582//1020
f 583//835 581//835 550//835
f 579//1021 552//1021 548//1021
f 584//835 581//835 583//835
f 550//1022 580//1022 549//1022
f 580//890 579//890 549//890
f 581//1023 580//1023 550//1023
f 549//1024 579//1024 548//1024
f 582//1025 581//1025 584//1025
f 584//1026 585//1026 586//1026
f 582//1027 584//1027 586//1027
f 586//1028 587//1028 588//1028
f 585//1029 587//1029 586//1029
f 550//1030 374//1030 589//1030
f 582//1031 586//1031 589//1031
f 390//1032 582//1032 589//1032
f 388//1033 582//1033 390//1033
f 550//1034 372//1034 374//1034
f 589//1035 586//1035 590//1035
f 589//1036 378//1036 379//1036
f 589//1037 374//1037 378//1037
f 589//1038 379//1038 390//1038
f 550//1039 589//1039 583//1039
f 586//1040 588//1040 590//1040
f 591//1041 583//1041 590//1041
f 590//1042 588//1042 592//1042
f 583//1043 589//1043 590//1043
f 585//1044 584//1044 591//1044
f 591//1045 584//1045 583//1045
f 593//1046 590//1046 592//1046
f 593//1047 591//1047 590//1047
f 594//1048 595//1048 596//1048
f 597//710 598//710 596//710
f 596//662 595//662 599//662
f 595//1049 587//1049 599//1049
f 598//710 594//710 596//710
f 587//1050 585//1050 593//1050
f 593//1051 585//1051 591//1051
f 599//1049 587//1049 593//1049
f 600//915 601//915 602//915
f 603//1052 598//1052 604//1052
f 601//667 603//667 605//667
f 602//1053 601//1053 605//1053
f 604//1054 598//1054 597//1054
f 605//667 603//667 604//667
f 597//1055 596//1055 606//1055
f 596//1056 592//1056 606//1056
f 604//1057 606//1057 607//1057
f 599//1058 593//1058 592//1058
f 604//1059 597//1059 606//1059
f 605//1060 604//1060 607//1060
f 596//982 599//982 592//982
f 574//1061 575//1061 576//1061
f 577//1062 608//1062 578//1062
f 575//1062 608//1062 577//1062
f 578//850 609//850 610//850
f 608//851 609//851 578//851
f 610//1063 611//1063 612//1063
f 611//1064 600//1064 612//1064
f 609//1065 611//1065 610//1065
f 576//1066 575//1066 577//1066
f 612//1067 600//1067 602//1067
f 611//1068 613//1068 614//1068
f 609//1069 613//1069 611//1069
f 611//1070 614//1070 600//1070
f 615//1071 612//1071 602//1071
f 615//1072 602//1072 616//1072
f 617//1073 612//1073 615//1073
f 617//1074 610//1074 612//1074
f 618//1075 605//1075 607//1075
f 616//1076 602//1076 605//1076
f 616//1077 605//1077 618//1077
f 594//1078 598//1078 619//1078
f 587//1079 595//1079 588//1079
f 598//1080 603//1080 619//1080
f 595//1081 594//1081 588//1081
f 588//1082 594//1082 619//1082
f 619//1083 620//1083 606//1083
f 603//1084 601//1084 620//1084
f 619//1085 603//1085 620//1085
f 592//1086 619//1086 606//1086
f 588//1086 619//1086 592//1086
f 601//1087 621//1087 620//1087
f 620//1088 621//1088 622//1088
f 600//1089 614//1089 623//1089
f 600//1090 623//1090 601//1090
f 620//1091 622//1091 624//1091
f 620//1092 624//1092 625//1092
f 601//1093 623//1093 621//1093
f 625//1094 626//1094 627//1094
f 625//1095 624//1095 626//1095
f 620//1096 625//1096 607//1096
f 606//1083 620//1083 607//1083
f 607//1097 625//1097 628//1097
f 629//1098 607//1098 628//1098
f 629//1099 628//1099 630//1099
f 631//1100 607//1100 629//1100
f 632//1101 628//1101 633//1101
f 628//1102 634//1102 633//1102
f 630//1103 628//1103 632//1103
f 635//1104 632//1104 633//1104
f 625//1102 634//1102 628//1102
f 618//1105 607//1105 631//1105
f 575//1106 636//1106 608//1106
f 637//1107 638//1107 636//1107
f 555//1108 636//1108 559//1108
f 555//1109 637//1109 636//1109
f 559//1110 636//1110 575//1110
f 639//1111 560//1111 578//1111
f 640//1112 557//1112 639//1112
f 639//1113 578//1113 610//1113
f 639//1114 557//1114 560//1114
f 637//1115 557//1115 640//1115
f 637//1116 555//1116 557//1116
f 637//1117 641//1117 638//1117
f 642//1118 640//1118 639//1118
f 641//1119 643//1119 638//1119
f 644//1118 642//1118 639//1118
f 608//1120 645//1120 609//1120
f 608//1121 636//1121 645//1121
f 644//1122 639//1122 646//1122
f 644//1123 646//1123 647//1123
f 609//1124 645//1124 613//1124
f 639//1125 617//1125 648//1125
f 639//1126 648//1126 646//1126
f 636//1127 638//1127 645//1127
f 645//1128 638//1128 649//1128
f 639//1129 610//1129 617//1129
f 613//987 645//987 617//987
f 623//985 614//985 616//985
f 616//985 614//985 615//985
f 617//988 645//988 648//988
f 618//959 623//959 616//959
f 614//989 613//989 615//989
f 615//986 613//986 617//986
f 624//685 622//685 629//685
f 629//690 622//690 631//690
f 631//1130 621//1130 618//1130
f 622//1131 621//1131 631//1131
f 621//1132 623//1132 618//1132
f 630//1023 624//1023 629//1023
f 626//1023 624//1023 630//1023
f 627//835 626//835 632//835
f 650//641 651//641 635//641
f 632//835 626//835 630//835
f 652//641 651//641 650//641
f 651//1133 627//1133 635//1133
f 635//1133 627//1133 632//1133
f 653//845 654//845 655//845
f 656//1134 653//1134 657//1134
f 657//1135 653//1135 658//1135
f 658//845 653//845 655//845
f 655//1136 652//1136 650//1136
f 654//1136 652//1136 655//1136
f 659//1137 660//1137 647//1137
f 647//991 660//991 661//991
f 648//741 649//741 646//741
f 645//741 649//741 648//741
f 646//700 659//700 647//700
f 649//699 659//699 646//699
f 662//823 663//823 664//823
f 665//1138 666//1138 667//1138
f 667//1139 666//1139 662//1139
f 663//1140 668//1140 664//1140
f 660//1141 665//1141 661//1141
f 666//647 663//647 662//647
f 664//1142 668//1142 669//1142
f 661//1143 665//1143 667//1143
f 670//1144 656//1144 671//1144
f 671//1145 656//1145 657//1145
f 672//667 670//667 673//667
f 673//667 670//667 671//667
f 669//850 674//850 675//850
f 668//851 674//851 669//851
f 675//1063 676//1063 677//1063
f 674//1065 676//1065 675//1065
f 677//1067 678//1067 679//1067
f 676//1064 678//1064 677//1064
f 679//1053 672//1053 673//1053
f 678//915 672//915 679//915
f 659//1146 638//1146 660//1146
f 638//1147 680//1147 660//1147
f 649//1148 638//1148 659//1148
f 681//1149 662//1149 664//1149
f 681//1150 664//1150 669//1150
f 644//1151 647//1151 661//1151
f 644//1152 661//1152 667//1152
f 682//1153 683//1153 680//1153
f 643//1154 680//1154 638//1154
f 643//1155 682//1155 680//1155
f 681//1156 644//1156 667//1156
f 681//1157 667//1157 662//1157
f 674//1158 683//1158 684//1158
f 666//1159 683//1159 663//1159
f 663//1160 683//1160 668//1160
f 665//1161 680//1161 666//1161
f 676//1162 684//1162 678//1162
f 660//1163 680//1163 665//1163
f 674//1164 684//1164 676//1164
f 681//1165 669//1165 685//1165
f 666//1166 680//1166 683//1166
f 668//1167 683//1167 674//1167
f 686//1168 642//1168 644//1168
f 641//1169 637//1169 640//1169
f 641//1170 640//1170 642//1170
f 643//1171 641//1171 642//1171
f 643//1172 642//1172 686//1172
f 682//1173 643//1173 686//1173
f 658//1174 655//1174 687//1174
f 655//1175 633//1175 687//1175
f 655//1176 650//1176 633//1176
f 650//1177 635//1177 633//1177
f 681//1178 686//1178 644//1178
f 685//1179 686//1179 681//1179
f 682//1180 688//1180 683//1180
f 689//1181 686//1181 685//1181
f 685//1182 679//1182 690//1182
f 688//1183 691//1183 684//1183
f 688//1184 684//1184 683//1184
f 685//1185 669//1185 675//1185
f 685//1186 675//1186 677//1186
f 690//1187 689//1187 685//1187
f 685//1188 677//1188 679//1188
f 690//1189 679//1189 673//1189
f 682//1190 686//1190 689//1190
f 688//1191 682//1191 689//1191
f 688//1192 689//1192 692//1192
f 691//1193 688//1193 692//1193
f 691//1194 692//1194 693//1194
f 694//1195 691//1195 693//1195
f 692//1196 689//1196 690//1196
f 695//1197 696//1197 697//1197
f 698//1197 696//1197 695//1197
f 699//1198 497//1198 499//1198
f 700//1199 701//1199 702//1199
f 700//1200 703//1200 704//1200
f 704//1201 703//1201 705//1201
f 625//1202 627//1202 634//1202
f 700//1203 702//1203 703//1203
f 633//1204 706//1204 687//1204
f 634//1205 706//1205 633//1205
f 687//1206 707//1206 708//1206
f 706//1206 707//1206 687//1206
f 707//1207 700//1207 708//1207
f 709//1208 695//1208 710//1208
f 709//1209 711//1209 712//1209
f 709//1210 713//1210 711//1210
f 714//1211 715//1211 709//1211
f 704//1211 715//1211 714//1211
f 709//1212 698//1212 695//1212
f 715//1212 698//1212 709//1212
f 709//1213 710//1213 713//1213
f 714//1214 709//1214 712//1214
f 716//1215 717//1215 718//1215
f 718//1216 717//1216 714//1216
f 719//1217 717//1217 716//1217
f 714//1218 712//1218 720//1218
f 718//1219 714//1219 721//1219
f 721//1220 714//1220 720//1220
f 700//1221 704//1221 717//1221
f 708//1222 700//1222 717//1222
f 717//1223 704//1223 714//1223
f 722//1198 497//1198 699//1198
f 723//1224 696//1224 724//1224
f 722//1225 696//1225 723//1225
f 515//1226 722//1226 723//1226
f 513//1227 722//1227 515//1227
f 497//1228 722//1228 513//1228
f 501//1229 497//1229 513//1229
f 697//1230 699//1230 725//1230
f 699//1231 516//1231 725//1231
f 699//1232 499//1232 514//1232
f 697//1233 725//1233 726//1233
f 499//1234 512//1234 514//1234
f 699//1235 514//1235 516//1235
f 696//1236 727//1236 728//1236
f 696//1237 728//1237 724//1237
f 729//1238 697//1238 730//1238
f 730//1239 697//1239 726//1239
f 731//1240 697//1240 729//1240
f 697//1241 696//1241 699//1241
f 696//1241 722//1241 699//1241
f 696//1242 698//1242 732//1242
f 696//1243 732//1243 727//1243
f 695//1244 697//1244 731//1244
f 733//660 734//660 735//660
f 736//1245 733//1245 737//1245
f 516//758 723//758 725//758
f 515//822 723//822 516//822
f 725//647 724//647 726//647
f 723//647 724//647 725//647
f 726//656 736//656 737//656
f 724//657 736//657 726//657
f 737//1246 733//1246 735//1246
f 736//1247 738//1247 733//1247
f 724//1248 728//1248 739//1248
f 733//1249 738//1249 740//1249
f 733//1250 740//1250 734//1250
f 736//1251 739//1251 738//1251
f 724//1252 739//1252 736//1252
f 734//1253 741//1253 534//1253
f 740//1254 741//1254 734//1254
f 698//1255 742//1255 732//1255
f 698//1256 743//1256 742//1256
f 698//1257 715//1257 743//1257
f 743//1258 715//1258 744//1258
f 744//1259 715//1259 745//1259
f 745//1260 715//1260 746//1260
f 715//1261 704//1261 746//1261
f 710//1262 695//1262 747//1262
f 747//1263 695//1263 731//1263
f 730//1264 727//1264 729//1264
f 732//985 742//985 731//985
f 728//1264 727//1264 730//1264
f 731//985 742//985 747//985
f 748//1265 739//1265 749//1265
f 727//1266 732//1266 729//1266
f 729//959 732//959 731//959
f 739//623 728//623 749//623
f 749//1024 728//1024 730//1024
f 710//987 744//987 713//987
f 742//624 743//624 747//624
f 713//644 745//644 711//644
f 747//624 743//624 710//624
f 743//988 744//988 710//988
f 744//644 745//644 713//644
f 746//1267 704//1267 750//1267
f 704//1268 705//1268 750//1268
f 720//993 751//993 752//993
f 750//992 751//992 720//992
f 745//645 746//645 711//645
f 752//1269 753//1269 754//1269
f 711//646 746//646 712//646
f 751//1270 753//1270 752//1270
f 712//991 750//991 720//991
f 746//1137 750//1137 712//1137
f 753//647 755//647 754//647
f 756//1271 757//1271 758//1271
f 755//1272 757//1272 756//1272
f 758//655 759//655 760//655
f 754//649 755//649 756//649
f 757//1246 759//1246 758//1246
f 761//1273 740//1273 762//1273
f 738//1265 739//1265 748//1265
f 740//1274 738//1274 762//1274
f 762//1275 738//1275 748//1275
f 741//1045 740//1045 761//1045
f 763//1276 764//1276 765//1276
f 765//1277 764//1277 766//1277
f 766//1278 764//1278 767//1278
f 760//1279 763//1279 768//1279
f 759//1279 763//1279 760//1279
f 763//1280 765//1280 768//1280
f 748//1281 735//1281 762//1281
f 762//1282 735//1282 769//1282
f 749//954 737//954 748//954
f 748//1283 737//1283 735//1283
f 730//1284 726//1284 749//1284
f 734//778 534//778 769//778
f 749//1285 726//1285 737//1285
f 735//661 734//661 769//661
f 769//1286 534//1286 535//1286
f 770//1287 761//1287 771//1287
f 772//1288 741//1288 773//1288
f 762//1289 769//1289 771//1289
f 528//1290 772//1290 536//1290
f 528//1291 534//1291 772//1291
f 761//1292 762//1292 771//1292
f 770//1293 771//1293 774//1293
f 534//1294 741//1294 772//1294
f 771//1295 769//1295 535//1295
f 771//958 535//958 540//958
f 775//1296 542//1296 776//1296
f 776//1297 542//1297 543//1297
f 536//1298 772//1298 776//1298
f 536//1299 776//1299 543//1299
f 542//1300 775//1300 540//1300
f 540//1301 775//1301 771//1301
f 773//1302 777//1302 776//1302
f 772//1303 773//1303 776//1303
f 775//1304 778//1304 771//1304
f 771//1304 778//1304 774//1304
f 777//1305 775//1305 776//1305
f 778//1306 775//1306 777//1306
f 779//1136 780//1136 781//1136
f 781//1136 780//1136 770//1136
f 782//662 779//662 783//662
f 783//662 779//662 781//662
f 784//1135 782//1135 783//1135
f 785//1134 782//1134 784//1134
f 780//641 741//641 770//641
f 770//641 741//641 761//641
f 786//1053 766//1053 787//1053
f 767//1307 785//1307 788//1307
f 788//1308 785//1308 784//1308
f 766//667 767//667 787//667
f 787//667 767//667 788//667
f 768//1280 765//1280 786//1280
f 765//1053 766//1053 786//1053
f 781//1309 770//1309 774//1309
f 789//1310 784//1310 774//1310
f 783//1311 781//1311 774//1311
f 787//1312 788//1312 789//1312
f 786//1313 787//1313 789//1313
f 784//1314 783//1314 774//1314
f 789//1315 788//1315 784//1315
f 779//1316 782//1316 773//1316
f 782//1317 785//1317 790//1317
f 785//1318 767//1318 790//1318
f 741//1319 780//1319 773//1319
f 780//1320 779//1320 773//1320
f 773//1321 782//1321 790//1321
f 767//1322 764//1322 790//1322
f 791//1323 792//1323 793//1323
f 774//1324 792//1324 789//1324
f 790//1325 791//1325 793//1325
f 790//1325 764//1325 791//1325
f 773//1326 793//1326 777//1326
f 773//1326 790//1326 793//1326
f 778//1327 792//1327 774//1327
f 793//1328 778//1328 777//1328
f 792//1329 778//1329 793//1329
f 627//1330 651//1330 634//1330
f 651//1331 652//1331 634//1331
f 706//1332 653//1332 794//1332
f 634//1333 654//1333 706//1333
f 652//1334 654//1334 634//1334
f 654//1335 653//1335 706//1335
f 794//1336 653//1336 795//1336
f 670//1337 672//1337 796//1337
f 795//1338 656//1338 797//1338
f 797//1339 670//1339 796//1339
f 656//1340 670//1340 797//1340
f 796//1341 672//1341 798//1341
f 653//1342 656//1342 795//1342
f 799//1343 708//1343 800//1343
f 658//1344 687//1344 801//1344
f 802//1345 708//1345 799//1345
f 802//1346 687//1346 708//1346
f 800//1347 708//1347 717//1347
f 801//1348 687//1348 802//1348
f 673//731 671//731 803//731
f 671//1349 804//1349 803//1349
f 657//1350 805//1350 804//1350
f 658//1351 801//1351 805//1351
f 657//1352 658//1352 805//1352
f 671//1353 657//1353 804//1353
f 707//1354 806//1354 807//1354
f 707//1355 807//1355 700//1355
f 707//1356 808//1356 806//1356
f 700//1357 807//1357 701//1357
f 706//1358 794//1358 808//1358
f 706//1359 808//1359 707//1359
f 807//1360 806//1360 800//1360
f 716//1361 701//1361 719//1361
f 806//1362 808//1362 799//1362
f 701//1363 807//1363 719//1363
f 719//1363 807//1363 800//1363
f 800//1364 717//1364 719//1364
f 800//959 806//959 799//959
f 799//1365 808//1365 802//1365
f 809//1044 705//1044 810//1044
f 721//834 703//834 718//834
f 810//1045 705//1045 721//1045
f 811//627 809//627 812//627
f 702//1366 701//1366 716//1366
f 812//706 809//706 810//706
f 705//835 703//835 721//835
f 718//1367 702//1367 716//1367
f 703//1368 702//1368 718//1368
f 804//990 797//990 803//990
f 795//702 797//702 805//702
f 797//1369 796//1369 803//1369
f 794//1370 795//1370 801//1370
f 805//701 797//701 804//701
f 801//1371 795//1371 805//1371
f 802//989 794//989 801//989
f 808//986 794//986 802//986
f 803//991 798//991 813//991
f 813//1372 814//1372 815//1372
f 796//1373 798//1373 803//1373
f 814//1374 816//1374 815//1374
f 817//759 818//759 819//759
f 816//649 818//649 817//649
f 818//1271 820//1271 819//1271
f 819//1142 820//1142 821//1142
f 798//1375 814//1375 813//1375
f 815//1376 816//1376 817//1376
f 822//1377 811//1377 823//1377
f 824//845 822//845 825//845
f 826//1135 824//1135 825//1135
f 827//1052 828//1052 829//1052
f 829//1052 828//1052 826//1052
f 828//1135 824//1135 826//1135
f 825//844 822//844 823//844
f 823//1378 811//1378 812//1378
f 830//915 831//915 832//915
f 833//1053 831//1053 830//1053
f 832//667 827//667 829//667
f 831//669 827//669 832//669
f 834//1379 835//1379 836//1379
f 820//775 837//775 821//775
f 837//1380 835//1380 834//1380
f 836//1381 833//1381 830//1381
f 835//1382 833//1382 836//1382
f 821//775 837//775 834//775
f 678//1383 838//1383 672//1383
f 678//1384 684//1384 838//1384
f 690//716 673//716 803//716
f 798//1385 838//1385 814//1385
f 818//1386 839//1386 820//1386
f 814//1387 838//1387 816//1387
f 816//1388 839//1388 818//1388
f 816//1389 838//1389 839//1389
f 672//1390 838//1390 798//1390
f 691//1391 838//1391 684//1391
f 691//1392 694//1392 838//1392
f 840//1393 692//1393 690//1393
f 693//1394 692//1394 840//1394
f 690//1395 815//1395 840//1395
f 690//1396 813//1396 815//1396
f 690//1397 803//1397 813//1397
f 841//1398 821//1398 834//1398
f 841//1399 836//1399 830//1399
f 840//1400 821//1400 841//1400
f 840//1401 815//1401 817//1401
f 841//1402 693//1402 840//1402
f 840//1403 817//1403 819//1403
f 840//1404 819//1404 821//1404
f 841//1405 834//1405 836//1405
f 694//1406 839//1406 838//1406
f 842//1407 843//1407 839//1407
f 694//1407 842//1407 839//1407
f 812//1408 810//1408 752//1408
f 751//1409 811//1409 753//1409
f 809//1410 811//1410 751//1410
f 750//1411 809//1411 751//1411
f 705//1412 809//1412 750//1412
f 822//1413 824//1413 755//1413
f 753//1414 822//1414 755//1414
f 810//1415 721//1415 720//1415
f 810//1416 720//1416 752//1416
f 811//1417 822//1417 753//1417
f 759//1418 844//1418 763//1418
f 755//1419 845//1419 757//1419
f 757//1420 845//1420 844//1420
f 757//1421 844//1421 759//1421
f 824//1422 845//1422 755//1422
f 828//1423 827//1423 845//1423
f 824//1424 828//1424 845//1424
f 820//1425 843//1425 837//1425
f 820//1426 839//1426 843//1426
f 833//1427 843//1427 846//1427
f 827//1428 846//1428 845//1428
f 831//1429 846//1429 827//1429
f 833//1430 846//1430 831//1430
f 835//1431 843//1431 833//1431
f 837//1432 843//1432 835//1432
f 847//1433 830//1433 832//1433
f 841//1434 830//1434 847//1434
f 847//1435 832//1435 829//1435
f 847//1436 829//1436 826//1436
f 812//1437 752//1437 754//1437
f 823//1438 812//1438 754//1438
f 823//1439 754//1439 756//1439
f 846//1440 843//1440 842//1440
f 848//1402 693//1402 841//1402
f 694//1441 693//1441 848//1441
f 846//1440 842//1440 849//1440
f 850//1442 848//1442 847//1442
f 847//1442 848//1442 841//1442
f 849//1443 850//1443 851//1443
f 851//1444 850//1444 852//1444
f 842//1445 848//1445 849//1445
f 849//1446 848//1446 850//1446
f 842//1447 694//1447 848//1447
f 853//1448 758//1448 760//1448
f 853//1449 760//1449 768//1449
f 764//1450 844//1450 854//1450
f 823//1451 756//1451 855//1451
f 853//1452 768//1452 786//1452
f 853//1453 786//1453 789//1453
f 825//1454 823//1454 855//1454
f 855//1455 758//1455 853//1455
f 763//1456 844//1456 764//1456
f 855//1457 756//1457 758//1457
f 845//1458 849//1458 851//1458
f 845//1459 846//1459 849//1459
f 826//1460 825//1460 855//1460
f 847//1461 826//1461 855//1461
f 855//1462 850//1462 847//1462
f 844//1463 851//1463 854//1463
f 844//1464 845//1464 851//1464
f 792//1465 856//1465 789//1465
f 789//1466 856//1466 853//1466
f 853//1467 852//1467 855//1467
f 856//1468 852//1468 853//1468
f 851//1469 852//1469 854//1469
f 791//1470 856//1470 792//1470
f 854//1471 856//1471 791//1471
f 852//1472 850//1472 855//1472
f 854//1473 852//1473 856//1473
f 764//1474 854//1474 791//1474
f 256//1475 251//1475 250//1475
f 255//1476 251//1476 256//1476
f 284//1477 251//1477 258//1477
f 258//1478 251//1478 254//1478
f 254//1479 251//1479 255//1479
f 265//1480 264//1480 261//1480
f 265//1481 266//1481 264//1481
f 265//1482 261//1482 260//1482
f 265//1483 267//1483 266//1483
f 265//1484 260//1484 262//1484
f 265//1485 262//1485 263//1485
f 253//1486 272//1486 271//1486
f 252//1487 272//1487 253//1487
f 273//1488 268//1488 253//1488
f 273//1489 253//1489 271//1489
f 268//1490 282//1490 857//1490
f 274//1491 268//1491 273//1491
f 276//1492 268//1492 274//1492
f 275//1493 268//1493 276//1493
f 277//1494 268//1494 275//1494
f 268//1495 281//1495 282//1495
f 281//1496 268//1496 280//1496
f 280//1497 268//1497 278//1497
f 278//1498 268//1498 279//1498
f 279//1499 268//1499 277//1499
f 857//1500 267//1500 265//1500
f 265//1501 268//1501 857//1501
f 284//1502 858//1502 859//1502
f 267//1503 284//1503 259//1503
f 259//1504 284//1504 257//1504
f 257//1505 284//1505 258//1505
f 857//1506 860//1506 267//1506
f 284//1507 861//1507 858//1507
f 284//1508 862//1508 863//1508
f 284//1509 863//1509 864//1509
f 284//1510 864//1510 861//1510
f 865//1511 866//1511 267//1511
f 860//1512 867//1512 267//1512
f 866//1513 868//1513 267//1513
f 868//1514 869//1514 267//1514
f 869//1515 870//1515 267//1515
f 867//1516 865//1516 267//1516
f 870//1517 871//1517 267//1517
f 235//1518 282//1518 240//1518
f 240//1519 282//1519 272//1519
f 282//1520 235//1520 859//1520
f 285//517 284//517 859//517
f 285//1521 859//1521 235//1521
f 859//1522 857//1522 282//1522
f 872//1523 873//1523 857//1523
f 859//1524 874//1524 875//1524
f 857//1525 876//1525 872//1525
f 873//1526 877//1526 857//1526
f 859//1527 858//1527 874//1527
f 877//1528 878//1528 857//1528
f 879//1529 860//1529 857//1529
f 880//1530 879//1530 857//1530
f 881//1531 880//1531 857//1531
f 878//1532 881//1532 857//1532
f 882//1533 883//1533 859//1533
f 857//1534 884//1534 876//1534
f 859//1535 885//1535 882//1535
f 883//1536 886//1536 859//1536
f 886//1537 887//1537 859//1537
f 859//1538 875//1538 885//1538
f 859//1539 884//1539 857//1539
f 887//564 884//564 859//564
f 871//1540 888//1540 267//1540
f 284//1541 889//1541 862//1541
f 284//1542 890//1542 889//1542
f 284//1543 891//1543 890//1543
f 888//1544 891//1544 284//1544
f 888//1545 284//1545 267//1545
f 892//1546 893//1546 894//1546
f 895//1547 893//1547 892//1547
f 864//1548 863//1548 895//1548
f 861//1549 864//1549 892//1549
f 892//1548 864//1548 895//1548
f 858//580 861//580 896//580
f 897//1550 861//1550 892//1550
f 896//580 861//580 897//580
f 897//1551 898//1551 899//1551
f 897//1552 899//1552 896//1552
f 896//1553 899//1553 900//1553
f 897//1554 901//1554 898//1554
f 897//1555 902//1555 901//1555
f 897//1556 892//1556 902//1556
f 896//1557 900//1557 903//1557
f 896//1558 903//1558 904//1558
f 896//1559 904//1559 905//1559
f 879//1560 903//1560 860//1560
f 900//1561 899//1561 867//1561
f 880//1562 904//1562 879//1562
f 903//1563 900//1563 860//1563
f 860//1564 900//1564 867//1564
f 904//1562 903//1562 879//1562
f 898//1565 901//1565 906//1565
f 899//1566 898//1566 867//1566
f 865//1567 898//1567 906//1567
f 867//1566 898//1566 865//1566
f 907//910 908//910 909//910
f 909//1568 908//1568 910//1568
f 910//1569 911//1569 912//1569
f 908//1568 911//1568 910//1568
f 912//1570 913//1570 881//1570
f 911//1571 913//1571 912//1571
f 913//1572 914//1572 881//1572
f 881//628 904//628 880//628
f 914//628 904//628 881//628
f 915//1573 916//1573 917//1573
f 892//1574 894//1574 918//1574
f 917//1575 916//1575 919//1575
f 920//1576 892//1576 918//1576
f 902//1577 892//1577 920//1577
f 916//1578 921//1578 919//1578
f 919//1579 921//1579 906//1579
f 906//1580 866//1580 865//1580
f 921//1581 866//1581 906//1581
f 922//1582 915//1582 917//1582
f 917//1583 918//1583 922//1583
f 902//1584 920//1584 917//1584
f 901//1585 902//1585 919//1585
f 919//1586 902//1586 917//1586
f 920//1587 918//1587 917//1587
f 906//1588 901//1588 919//1588
f 918//1589 923//1589 922//1589
f 922//1589 923//1589 924//1589
f 924//1590 925//1590 926//1590
f 923//1590 925//1590 924//1590
f 926//1591 927//1591 928//1591
f 925//1591 927//1591 926//1591
f 928//1592 929//1592 930//1592
f 927//1592 929//1592 928//1592
f 930//1593 931//1593 932//1593
f 929//1594 931//1594 930//1594
f 932//1595 933//1595 934//1595
f 931//1596 933//1596 932//1596
f 934//660 935//660 936//660
f 933//1597 935//1597 934//1597
f 936//776 937//776 938//776
f 935//1598 937//1598 936//1598
f 938//1599 939//1599 940//1599
f 937//781 939//781 938//781
f 895//1600 862//1600 941//1600
f 941//1601 862//1601 942//1601
f 863//1602 862//1602 895//1602
f 862//1603 889//1603 942//1603
f 895//1604 943//1604 944//1604
f 895//1605 941//1605 943//1605
f 895//1606 945//1606 893//1606
f 895//1607 944//1607 945//1607
f 941//1608 946//1608 947//1608
f 941//1609 947//1609 948//1609
f 941//1610 942//1610 946//1610
f 943//1611 941//1611 948//1611
f 943//1612 948//1612 868//1612
f 868//1613 948//1613 869//1613
f 944//1614 943//1614 868//1614
f 869//1615 947//1615 870//1615
f 948//1616 947//1616 869//1616
f 870//1617 946//1617 871//1617
f 947//1617 946//1617 870//1617
f 889//1618 890//1618 942//1618
f 942//1619 890//1619 949//1619
f 950//1620 942//1620 951//1620
f 951//1621 942//1621 952//1621
f 946//1622 942//1622 950//1622
f 946//1623 950//1623 871//1623
f 952//818 953//818 954//818
f 954//900 953//900 955//900
f 956//1587 951//1587 957//1587
f 950//1583 951//1583 956//1583
f 871//1624 950//1624 956//1624
f 957//898 952//898 954//898
f 951//899 952//899 957//899
f 953//1625 958//1625 955//1625
f 942//1626 949//1626 952//1626
f 952//1627 949//1627 953//1627
f 953//1628 949//1628 958//1628
f 915//628 893//628 916//628
f 916//1629 945//1629 921//1629
f 893//1630 945//1630 916//1630
f 945//1631 944//1631 921//1631
f 921//1632 944//1632 866//1632
f 866//1561 944//1561 868//1561
f 959//1633 960//1633 961//1633
f 962//1634 959//1634 961//1634
f 960//1570 894//1570 915//1570
f 961//1635 960//1635 963//1635
f 964//1634 962//1634 961//1634
f 963//1636 960//1636 915//1636
f 894//1637 893//1637 915//1637
f 965//1638 962//1638 964//1638
f 966//1638 962//1638 965//1638
f 967//1639 966//1639 968//1639
f 968//1639 966//1639 965//1639
f 924//606 963//606 922//606
f 963//604 915//604 922//604
f 926//638 961//638 924//638
f 924//634 961//634 963//634
f 969//1640 965//1640 964//1640
f 926//1641 964//1641 961//1641
f 969//1642 964//1642 928//1642
f 928//1643 964//1643 926//1643
f 958//1592 970//1592 971//1592
f 971//1644 970//1644 972//1644
f 970//1645 973//1645 972//1645
f 972//1646 973//1646 974//1646
f 955//1647 958//1647 971//1647
f 974//1246 975//1246 976//1246
f 977//1648 978//1648 979//1648
f 979//658 978//658 980//658
f 975//660 977//660 976//660
f 976//1597 977//1597 979//1597
f 973//1246 975//1246 974//1246
f 980//849 981//849 982//849
f 975//1649 983//1649 977//1649
f 984//1650 967//1650 968//1650
f 981//669 985//669 982//669
f 982//1651 985//1651 986//1651
f 987//1652 967//1652 984//1652
f 978//849 981//849 980//849
f 985//1653 987//1653 986//1653
f 986//1654 987//1654 984//1654
f 977//1655 983//1655 978//1655
f 988//1656 984//1656 968//1656
f 986//1657 989//1657 982//1657
f 988//1658 968//1658 965//1658
f 988//1659 989//1659 986//1659
f 988//1660 965//1660 969//1660
f 988//1661 986//1661 984//1661
f 989//1662 980//1662 982//1662
f 989//1663 990//1663 980//1663
f 980//1664 990//1664 979//1664
f 979//1665 990//1665 976//1665
f 959//1666 962//1666 925//1666
f 962//1667 966//1667 991//1667
f 925//1668 962//1668 927//1668
f 927//1669 962//1669 991//1669
f 918//1670 894//1670 960//1670
f 918//595 960//595 923//595
f 960//1671 959//1671 923//1671
f 923//1672 959//1672 925//1672
f 927//1673 991//1673 929//1673
f 929//1674 991//1674 992//1674
f 929//1675 992//1675 931//1675
f 993//1676 969//1676 930//1676
f 932//1677 993//1677 930//1677
f 938//783 994//783 936//783
f 936//1678 993//1678 934//1678
f 930//1679 969//1679 928//1679
f 994//770 993//770 936//770
f 940//1680 994//1680 938//1680
f 934//1681 993//1681 932//1681
f 993//795 991//795 969//795
f 992//795 991//795 993//795
f 994//682 992//682 993//682
f 978//1682 983//1682 995//1682
f 966//1683 967//1683 996//1683
f 981//1684 978//1684 995//1684
f 987//1685 985//1685 996//1685
f 991//1686 966//1686 996//1686
f 967//1687 987//1687 996//1687
f 985//1688 995//1688 996//1688
f 981//1689 995//1689 985//1689
f 996//1690 995//1690 989//1690
f 991//1691 996//1691 988//1691
f 969//1691 991//1691 988//1691
f 988//1690 996//1690 989//1690
f 890//1692 891//1692 997//1692
f 890//1693 997//1693 998//1693
f 949//1694 890//1694 998//1694
f 958//1695 999//1695 970//1695
f 958//1696 1000//1696 999//1696
f 949//1697 1000//1697 958//1697
f 949//1698 1001//1698 1000//1698
f 949//1699 998//1699 1001//1699
f 1001//1700 998//1700 1002//1700
f 1002//1701 998//1701 1003//1701
f 1003//1702 998//1702 1004//1702
f 1005//1703 1006//1703 1007//1703
f 891//1704 1006//1704 1005//1704
f 997//1705 891//1705 1005//1705
f 1005//1706 1007//1706 1008//1706
f 997//968 1005//968 998//968
f 998//967 1005//967 1008//967
f 1009//1707 1008//1707 1010//1707
f 1011//1708 1008//1708 1009//1708
f 1012//1709 1008//1709 1011//1709
f 1004//1710 1008//1710 1012//1710
f 998//1711 1008//1711 1004//1711
f 1010//1712 1013//1712 1014//1712
f 1008//1713 1007//1713 1013//1713
f 1008//1714 1013//1714 1010//1714
f 1015//1715 1013//1715 1016//1715
f 1014//1716 1013//1716 1015//1716
f 888//1717 1006//1717 891//1717
f 888//1718 1017//1718 1006//1718
f 1018//1719 888//1719 954//1719
f 954//1720 888//1720 957//1720
f 957//1721 888//1721 956//1721
f 956//1722 888//1722 871//1722
f 971//1723 1019//1723 955//1723
f 1020//1724 1018//1724 954//1724
f 955//1725 1020//1725 954//1725
f 1019//1726 1020//1726 955//1726
f 970//1727 1021//1727 973//1727
f 973//1728 1021//1728 1022//1728
f 970//1248 999//1248 1021//1248
f 973//1729 1022//1729 975//1729
f 1023//1730 1021//1730 1024//1730
f 1018//1731 1002//1731 1025//1731
f 1024//1732 999//1732 1019//1732
f 1001//1733 1002//1733 1020//1733
f 1021//1734 999//1734 1024//1734
f 1020//1735 1002//1735 1018//1735
f 1000//1736 1001//1736 1020//1736
f 999//1737 1000//1737 1019//1737
f 1019//1736 1000//1736 1020//1736
f 1002//1738 1003//1738 1025//1738
f 1026//1739 1022//1739 1027//1739
f 1028//1740 1029//1740 1030//1740
f 1030//1741 1029//1741 1031//1741
f 1031//1742 1026//1742 1027//1742
f 1027//1743 1021//1743 1023//1743
f 1029//1744 1026//1744 1031//1744
f 1022//1745 1021//1745 1027//1745
f 974//1746 1023//1746 972//1746
f 1024//1747 1019//1747 971//1747
f 1031//1748 1027//1748 990//1748
f 1023//1749 1024//1749 972//1749
f 1032//1750 1031//1750 990//1750
f 976//1751 1027//1751 974//1751
f 990//1752 1027//1752 976//1752
f 1027//1753 1023//1753 974//1753
f 972//1754 1024//1754 971//1754
f 1033//1755 1028//1755 1034//1755
f 1034//1756 1028//1756 1035//1756
f 1032//1757 1030//1757 1031//1757
f 1035//1758 1028//1758 1030//1758
f 1036//1759 1017//1759 1037//1759
f 1038//1760 888//1760 1039//1760
f 1039//1761 888//1761 1040//1761
f 1025//1762 888//1762 1018//1762
f 1041//1763 888//1763 1025//1763
f 1040//1764 888//1764 1041//1764
f 1037//1765 1017//1765 1042//1765
f 1038//1766 1017//1766 888//1766
f 1042//1767 1017//1767 1038//1767
f 1040//1369 1011//1369 1039//1369
f 1025//1768 1003//1768 1041//1768
f 1004//1623 1012//1623 1040//1623
f 1012//1369 1011//1369 1040//1369
f 1003//1769 1004//1769 1041//1769
f 1041//1770 1004//1770 1040//1770
f 1038//1143 1010//1143 1042//1143
f 1014//1771 1015//1771 1037//1771
f 1039//1772 1009//1772 1038//1772
f 1036//1773 1016//1773 1043//1773
f 1015//1774 1016//1774 1036//1774
f 1011//1772 1009//1772 1039//1772
f 1042//1004 1014//1004 1037//1004
f 1009//1775 1010//1775 1038//1775
f 1010//1776 1014//1776 1042//1776
f 1037//1771 1015//1771 1036//1771
f 1044//1777 1045//1777 1034//1777
f 1045//1778 1033//1778 1034//1778
f 1046//1054 1047//1054 1048//1054
f 1048//1779 1047//1779 1049//1779
f 1050//669 1046//669 1048//669
f 1016//1780 1051//1780 1043//1780
f 1051//1781 1052//1781 1053//1781
f 1043//1782 1051//1782 1053//1782
f 1054//669 1046//669 1050//669
f 1053//1783 1052//1783 1055//1783
f 1056//915 1054//915 1050//915
f 1052//1067 1057//1067 1055//1067
f 1057//1784 1054//1784 1056//1784
f 1055//1785 1057//1785 1056//1785
f 1055//1786 1058//1786 1053//1786
f 989//1787 983//1787 990//1787
f 990//1035 1059//1035 1032//1035
f 995//1788 983//1788 989//1788
f 983//1031 1059//1031 990//1031
f 975//1020 1022//1020 983//1020
f 1033//1709 1045//1709 1060//1709
f 1060//1789 1045//1789 1061//1789
f 1026//1026 1029//1026 1059//1026
f 983//1790 1022//1790 1026//1790
f 1028//1791 1033//1791 1060//1791
f 983//1027 1026//1027 1059//1027
f 1059//1792 1028//1792 1060//1792
f 1029//1029 1028//1029 1059//1029
f 1062//1793 1061//1793 1063//1793
f 1060//1794 1061//1794 1062//1794
f 1062//1795 1034//1795 1035//1795
f 1032//1796 1035//1796 1030//1796
f 1062//1797 1035//1797 1032//1797
f 1032//1798 1059//1798 1062//1798
f 1059//1798 1060//1798 1062//1798
f 1062//1799 1044//1799 1034//1799
f 1063//1056 1044//1056 1062//1056
f 1045//1800 1047//1800 1061//1800
f 1052//1801 1064//1801 1057//1801
f 1057//1802 1064//1802 1065//1802
f 1047//1650 1045//1650 1049//1650
f 1057//1802 1065//1802 1054//1802
f 1047//1803 1046//1803 1061//1803
f 1054//1804 1065//1804 1066//1804
f 1049//1805 1045//1805 1044//1805
f 1052//1806 1067//1806 1064//1806
f 1051//1807 1067//1807 1052//1807
f 1046//1808 1054//1808 1068//1808
f 1061//1809 1046//1809 1068//1809
f 1069//1810 1070//1810 1071//1810
f 1054//1811 1066//1811 1068//1811
f 1068//1812 1066//1812 1072//1812
f 1068//1813 1072//1813 1073//1813
f 1068//1814 1073//1814 1069//1814
f 1069//1815 1073//1815 1070//1815
f 1074//1816 1058//1816 1055//1816
f 1056//1817 1074//1817 1055//1817
f 1075//1818 1074//1818 1056//1818
f 1076//1077 1075//1077 1050//1077
f 1077//888 1050//888 1048//888
f 1077//1819 1048//1819 1063//1819
f 1063//1820 1048//1820 1049//1820
f 1063//1821 1049//1821 1044//1821
f 1050//1822 1075//1822 1056//1822
f 1077//1075 1076//1075 1050//1075
f 1068//1823 1069//1823 1077//1823
f 1077//1824 1069//1824 1078//1824
f 1061//1825 1068//1825 1063//1825
f 1063//1826 1068//1826 1077//1826
f 1079//1827 1080//1827 1078//1827
f 1081//1828 1082//1828 1079//1828
f 1080//1829 1083//1829 1078//1829
f 1081//1830 1079//1830 1078//1830
f 1078//1831 1083//1831 1077//1831
f 1083//1832 1084//1832 1077//1832
f 1084//1833 1076//1833 1077//1833
f 1085//1834 1086//1834 1087//1834
f 1007//1835 1087//1835 1013//1835
f 1006//1836 1085//1836 1007//1836
f 1017//1837 1085//1837 1006//1837
f 1007//1838 1085//1838 1087//1838
f 1016//1839 1088//1839 1051//1839
f 1017//1837 1089//1837 1085//1837
f 1013//1840 1088//1840 1016//1840
f 1087//1841 1090//1841 1088//1841
f 1089//1842 1091//1842 1086//1842
f 1089//1842 1086//1842 1085//1842
f 1091//1843 1092//1843 1093//1843
f 1091//1844 1093//1844 1086//1844
f 1088//1118 1090//1118 1094//1118
f 1013//1835 1087//1835 1088//1835
f 1086//1845 1093//1845 1090//1845
f 1090//1846 1093//1846 1095//1846
f 1095//1847 1093//1847 1096//1847
f 1087//1848 1086//1848 1090//1848
f 1092//1849 1096//1849 1093//1849
f 1095//1850 1097//1850 1098//1850
f 1090//1851 1095//1851 1094//1851
f 1094//1851 1095//1851 1098//1851
f 1099//1852 1092//1852 1091//1852
f 1099//1853 1091//1853 1100//1853
f 1100//1854 1091//1854 1101//1854
f 1101//1855 1091//1855 1102//1855
f 1102//1856 1091//1856 1089//1856
f 1053//1857 1102//1857 1043//1857
f 1058//1858 1102//1858 1053//1858
f 1036//1859 1089//1859 1017//1859
f 1102//1860 1089//1860 1043//1860
f 1043//1861 1089//1861 1036//1861
f 1051//1862 1088//1862 1067//1862
f 1067//1863 1103//1863 1102//1863
f 1075//1735 1064//1735 1074//1735
f 1074//1731 1064//1731 1058//1731
f 1064//1738 1067//1738 1058//1738
f 1058//1863 1067//1863 1102//1863
f 1065//1733 1064//1733 1075//1733
f 1104//1864 1094//1864 1105//1864
f 1067//1865 1088//1865 1103//1865
f 1105//1866 1094//1866 1106//1866
f 1088//1867 1094//1867 1107//1867
f 1103//1868 1088//1868 1107//1868
f 1107//1869 1094//1869 1104//1869
f 1100//1772 1105//1772 1099//1772
f 1107//1870 1104//1870 1101//1870
f 1102//1623 1103//1623 1101//1623
f 1105//1775 1106//1775 1099//1775
f 1103//1623 1107//1623 1101//1623
f 1104//1871 1105//1871 1100//1871
f 1101//1872 1104//1872 1100//1872
f 1076//1873 1066//1873 1075//1873
f 1072//1874 1066//1874 1076//1874
f 1073//1734 1072//1734 1084//1734
f 1084//1732 1072//1732 1076//1732
f 1080//1875 1073//1875 1083//1875
f 1066//1876 1065//1876 1075//1876
f 1083//1730 1073//1730 1084//1730
f 1070//1875 1073//1875 1080//1875
f 1108//1744 1071//1744 1079//1744
f 1109//1877 1110//1877 1111//1877
f 1111//1878 1110//1878 1082//1878
f 1082//1879 1108//1879 1079//1879
f 1112//1877 1110//1877 1109//1877
f 1071//1880 1070//1880 1080//1880
f 1110//1881 1108//1881 1082//1881
f 1079//1882 1071//1882 1080//1882
f 1081//1883 1109//1883 1111//1883
f 1081//1884 1111//1884 1082//1884
f 1113//1782 1114//1782 1115//1782
f 1116//1246 1114//1246 1113//1246
f 1106//1138 1117//1138 1118//1138
f 1099//1143 1106//1143 1118//1143
f 1118//1374 1117//1374 1119//1374
f 1119//1885 1120//1885 1121//1885
f 1117//1886 1120//1886 1119//1886
f 1121//1887 1116//1887 1113//1887
f 1120//1888 1116//1888 1121//1888
f 1122//1639 1112//1639 1109//1639
f 1123//1889 1124//1889 1125//1889
f 1126//1890 1124//1890 1123//1890
f 1125//1805 1122//1805 1127//1805
f 1124//1891 1122//1891 1125//1891
f 1127//1892 1122//1892 1109//1892
f 1128//915 1129//915 1130//915
f 1131//1893 1132//1893 1133//1893
f 1133//1893 1132//1893 1128//1893
f 1132//1784 1129//1784 1128//1784
f 1130//1651 1126//1651 1123//1651
f 1129//669 1126//669 1130//669
f 1114//1781 1131//1781 1115//1781
f 1115//1894 1131//1894 1133//1894
f 1131//1895 1134//1895 1132//1895
f 1114//1896 1134//1896 1131//1896
f 1116//1897 1134//1897 1114//1897
f 1116//1898 1098//1898 1134//1898
f 1094//1899 1098//1899 1106//1899
f 1120//1900 1098//1900 1116//1900
f 1117//1901 1098//1901 1120//1901
f 1106//1902 1098//1902 1117//1902
f 1092//1903 1135//1903 1096//1903
f 1135//1904 1136//1904 1096//1904
f 1135//1905 1137//1905 1136//1905
f 1098//1906 1097//1906 1134//1906
f 1133//1907 1137//1907 1115//1907
f 1118//1908 1092//1908 1099//1908
f 1119//1909 1092//1909 1118//1909
f 1137//1910 1135//1910 1115//1910
f 1119//1911 1135//1911 1092//1911
f 1128//1912 1137//1912 1133//1912
f 1121//1913 1135//1913 1119//1913
f 1113//1914 1135//1914 1121//1914
f 1115//1915 1135//1915 1113//1915
f 875//1916 874//1916 905//1916
f 874//1917 858//1917 896//1917
f 905//1918 874//1918 896//1918
f 1138//1919 1139//1919 1140//1919
f 1138//1920 875//1920 905//1920
f 908//1921 1139//1921 1138//1921
f 905//1922 914//1922 913//1922
f 905//1923 911//1923 1138//1923
f 913//1924 911//1924 905//1924
f 905//1925 904//1925 914//1925
f 911//1926 908//1926 1138//1926
f 937//1927 1141//1927 939//1927
f 940//1928 1142//1928 1143//1928
f 939//1929 1142//1929 940//1929
f 1143//664 1144//664 1145//664
f 1142//1654 1144//1654 1143//1654
f 1139//910 908//910 907//910
f 1146//1777 1139//1777 907//1777
f 1144//1805 1146//1805 1145//1805
f 1145//1891 1146//1891 1147//1891
f 1147//1778 1146//1778 907//1778
f 1144//1930 1142//1930 1148//1930
f 1149//1931 1146//1931 1150//1931
f 939//1932 1141//1932 1151//1932
f 1150//725 1144//725 1148//725
f 1140//1933 1139//1933 1149//1933
f 1139//1934 1146//1934 1149//1934
f 939//1935 1151//1935 1142//1935
f 1142//1936 1151//1936 1148//1936
f 1146//1937 1144//1937 1150//1937
f 1138//1938 1152//1938 1153//1938
f 885//1939 875//1939 1138//1939
f 1138//1940 1140//1940 1152//1940
f 882//1941 885//1941 1153//1941
f 1153//1939 885//1939 1138//1939
f 1154//1942 1151//1942 1155//1942
f 1148//1943 1151//1943 1154//1943
f 912//1944 881//1944 878//1944
f 1156//1945 909//1945 1157//1945
f 1157//1946 909//1946 910//1946
f 1157//1947 910//1947 1158//1947
f 1158//1948 912//1948 878//1948
f 1156//1949 907//1949 909//1949
f 1158//1950 910//1950 912//1950
f 1159//729 1145//729 1160//729
f 1160//1951 1145//1951 1147//1951
f 1161//1952 1147//1952 907//1952
f 1161//1953 907//1953 1156//1953
f 1160//1954 1147//1954 1161//1954
f 1159//732 1143//732 1145//732
f 1162//1955 994//1955 940//1955
f 1159//1956 1162//1956 1143//1956
f 1143//1957 1162//1957 940//1957
f 1159//1958 1154//1958 1163//1958
f 1150//741 1148//741 1159//741
f 1148//897 1154//897 1159//897
f 1149//895 1150//895 1160//895
f 1164//1959 1165//1959 1163//1959
f 1160//741 1150//741 1159//741
f 1161//895 1149//895 1160//895
f 1163//1960 1162//1960 1159//1960
f 1165//1961 1162//1961 1163//1961
f 1153//1962 1166//1962 1167//1962
f 1153//1963 1152//1963 1168//1963
f 1153//1964 1169//1964 1166//1964
f 1153//1965 1168//1965 1169//1965
f 1158//1561 1168//1561 1157//1561
f 1169//1966 1168//1966 1158//1966
f 1168//1967 1152//1967 1157//1967
f 873//633 1166//633 877//633
f 877//685 1166//685 878//685
f 1166//1562 1169//1562 878//1562
f 878//1968 1169//1968 1158//1968
f 1170//633 1166//633 873//633
f 1171//686 1170//686 873//686
f 876//1969 1172//1969 872//1969
f 1172//1970 1171//1970 872//1970
f 872//1971 1171//1971 873//1971
f 1171//1972 1172//1972 1167//1972
f 1167//1973 1172//1973 1173//1973
f 1167//1974 1170//1974 1171//1974
f 1167//1975 882//1975 1153//1975
f 1167//1976 1166//1976 1170//1976
f 1172//1977 1174//1977 1173//1977
f 1174//1978 1175//1978 1173//1978
f 1175//1979 1176//1979 1173//1979
f 1157//622 1140//622 1156//622
f 1156//1738 1140//1738 1161//1738
f 1152//619 1140//619 1157//619
f 1140//624 1149//624 1161//624
f 1154//1980 1155//1980 1177//1980
f 1177//821 1178//821 1164//821
f 1178//1625 1179//1625 1180//1625
f 1164//900 1178//900 1180//900
f 1163//740 1177//740 1164//740
f 1181//823 1182//823 1183//823
f 1180//1981 1179//1981 1181//1981
f 1154//1982 1177//1982 1163//1982
f 1179//647 1182//647 1181//647
f 1184//851 1185//851 1186//851
f 1187//659 1188//659 1189//659
f 1186//661 1187//661 1189//661
f 1190//850 1185//850 1184//850
f 1183//820 1190//820 1184//820
f 1185//661 1187//661 1186//661
f 1182//819 1190//819 1183//819
f 1191//910 1174//910 1192//910
f 1192//1568 1174//1568 876//1568
f 1175//1983 1174//1983 1191//1983
f 1193//1984 1194//1984 1195//1984
f 1196//847 1194//847 1193//847
f 1195//1985 1176//1985 1197//1985
f 1176//845 1175//845 1191//845
f 1197//845 1176//845 1191//845
f 1194//1986 1176//1986 1195//1986
f 1174//1987 1172//1987 876//1987
f 1189//659 1188//659 1198//659
f 1199//1988 1200//1988 1197//1988
f 1198//1989 1201//1989 1202//1989
f 1188//1989 1201//1989 1198//1989
f 1197//1990 1200//1990 1195//1990
f 1202//667 1196//667 1193//667
f 1201//667 1196//667 1202//667
f 1155//1991 1151//1991 1162//1991
f 1162//1992 1141//1992 994//1992
f 1151//1993 1141//1993 1162//1993
f 1141//1994 992//1994 994//1994
f 935//1995 1141//1995 937//1995
f 931//768 992//768 933//768
f 933//1996 992//1996 1141//1996
f 933//1997 1141//1997 935//1997
f 1183//825 1203//825 1181//825
f 1184//824 1203//824 1183//824
f 1203//1998 1165//1998 1181//1998
f 1180//1999 1165//1999 1164//1999
f 1181//2000 1165//2000 1180//2000
f 1184//826 1204//826 1203//826
f 1205//829 1155//829 1203//829
f 1165//2001 1155//2001 1162//2001
f 1203//2002 1155//2002 1165//2002
f 1178//807 1155//807 1179//807
f 1177//804 1155//804 1178//804
f 1205//2003 1206//2003 1190//2003
f 1179//803 1155//803 1205//803
f 1182//2004 1205//2004 1190//2004
f 1185//2005 1206//2005 1187//2005
f 1190//2006 1206//2006 1185//2006
f 1179//2007 1205//2007 1182//2007
f 1204//2008 1206//2008 1203//2008
f 1207//832 1208//832 1204//832
f 1208//2009 1206//2009 1204//2009
f 1206//2010 1205//2010 1203//2010
f 1206//2011 1208//2011 1209//2011
f 1201//867 1210//867 1196//867
f 1188//2012 1211//2012 1212//2012
f 1201//2013 1212//2013 1210//2013
f 1188//2012 1212//2012 1201//2012
f 1211//2014 1206//2014 1209//2014
f 1187//2015 1206//2015 1211//2015
f 1213//872 1208//872 1214//872
f 1187//2016 1211//2016 1188//2016
f 1209//873 1208//873 1213//873
f 1189//827 1204//827 1186//827
f 1215//888 1204//888 1216//888
f 1186//2017 1204//2017 1184//2017
f 1215//886 1207//886 1204//886
f 1216//878 1204//878 1189//878
f 1217//885 1207//885 1215//885
f 1218//884 1207//884 1217//884
f 1219//2018 1220//2018 1202//2018
f 1220//2019 1216//2019 1198//2019
f 1202//2020 1220//2020 1198//2020
f 1193//2021 1219//2021 1202//2021
f 1221//2022 1219//2022 1193//2022
f 1198//2023 1216//2023 1189//2023
f 1195//2024 1221//2024 1193//2024
f 1200//2025 1221//2025 1195//2025
f 1217//741 1214//741 1218//741
f 1215//895 1213//895 1217//895
f 1213//741 1214//741 1217//741
f 1222//1229 1223//1229 1224//1229
f 1225//869 1208//869 1207//869
f 1223//869 1208//869 1225//869
f 1224//1227 1226//1227 1227//1227
f 1223//2026 1226//2026 1224//2026
f 1214//2027 1223//2027 1222//2027
f 1208//871 1223//871 1214//871
f 1228//2028 1229//2028 1230//2028
f 1231//2029 1229//2029 1228//2029
f 1230//1232 1229//1232 1225//1232
f 1218//699 1214//699 1232//699
f 1218//887 1225//887 1207//887
f 1230//1234 1225//1234 1232//1234
f 1232//889 1225//889 1218//889
f 1233//2030 1234//2030 1235//2030
f 1233//2031 1235//2031 1231//2031
f 1235//1241 1226//1241 1229//1241
f 1236//1241 1226//1241 1235//1241
f 1231//1230 1235//1230 1229//1230
f 1226//1198 1223//1198 1229//1198
f 1229//1198 1223//1198 1225//1198
f 883//2032 882//2032 1167//2032
f 886//2033 883//2033 1173//2033
f 1173//2032 883//2032 1167//2032
f 1196//2034 1237//2034 1238//2034
f 1176//2035 1194//2035 1238//2035
f 1194//2036 1196//2036 1238//2036
f 1173//2037 1176//2037 1238//2037
f 1238//2038 886//2038 1173//2038
f 1196//863 1210//863 1237//863
f 1239//2039 1240//2039 1241//2039
f 884//2040 1199//2040 1197//2040
f 1238//2041 1237//2041 1242//2041
f 884//2042 1197//2042 1191//2042
f 1239//2043 1242//2043 1240//2043
f 1238//2044 1242//2044 1239//2044
f 1241//2045 1243//2045 1239//2045
f 884//2046 1191//2046 1192//2046
f 876//2047 884//2047 1192//2047
f 1244//2048 1245//2048 887//2048
f 1244//2049 887//2049 886//2049
f 1244//922 886//922 1238//922
f 1239//2050 1243//2050 1246//2050
f 1239//922 1244//922 1238//922
f 1246//2051 1244//2051 1239//2051
f 1245//2052 1244//2052 1246//2052
f 1200//890 1237//890 1221//890
f 1221//2053 1237//2053 1219//2053
f 1209//896 1213//896 1215//896
f 1211//2054 1209//2054 1215//2054
f 1212//619 1211//619 1220//619
f 1216//1738 1211//1738 1215//1738
f 1220//622 1211//622 1216//622
f 1210//1967 1212//1967 1220//1967
f 1237//2055 1210//2055 1219//2055
f 1219//2056 1210//2056 1220//2056
f 1242//623 1237//623 1200//623
f 1247//2057 1243//2057 1248//2057
f 1249//2057 1247//2057 1248//2057
f 1240//633 1242//633 1199//633
f 1199//633 1242//633 1200//633
f 1241//686 1240//686 1199//686
f 1243//2058 1241//2058 1248//2058
f 1250//1971 1241//1971 1199//1971
f 1248//908 1241//908 1250//908
f 1214//1870 1222//1870 1232//1870
f 1222//898 1224//898 1232//898
f 1232//899 1224//899 1230//899
f 1230//2059 1227//2059 1228//2059
f 1251//1053 1252//1053 1253//1053
f 1224//900 1227//900 1230//900
f 1253//915 1252//915 1254//915
f 1255//1984 1256//1984 1257//1984
f 1256//668 1258//668 1257//668
f 1254//913 1259//913 1255//913
f 1260//910 1247//910 1249//910
f 1259//847 1256//847 1255//847
f 1257//668 1258//668 1261//668
f 1262//910 1247//910 1260//910
f 1258//906 1262//906 1261//906
f 1252//912 1259//912 1254//912
f 1261//907 1262//907 1260//907
f 1243//2060 1247//2060 1246//2060
f 1247//2061 1262//2061 1246//2061
f 1262//2062 1258//2062 1246//2062
f 1258//2063 1256//2063 1246//2063
f 1252//2064 1251//2064 1263//2064
f 884//2065 1249//2065 1248//2065
f 1264//2066 1257//2066 1261//2066
f 1264//2067 1261//2067 884//2067
f 1264//2068 1255//2068 1257//2068
f 884//2069 1260//2069 1249//2069
f 1264//2070 1254//2070 1255//2070
f 884//2071 1248//2071 1250//2071
f 884//2072 1261//2072 1260//2072
f 1250//2073 1199//2073 884//2073
f 1227//1226 1226//1226 1265//1226
f 1231//649 1266//649 1233//649
f 1227//2074 1265//2074 1228//2074
f 1265//647 1266//647 1231//647
f 1228//2074 1265//2074 1231//2074
f 1233//2075 1267//2075 1268//2075
f 1266//2075 1267//2075 1233//2075
f 1269//661 1270//661 1271//661
f 1272//660 1270//660 1269//660
f 1267//1245 1272//1245 1268//1245
f 1268//1246 1272//1246 1269//1246
f 1270//659 1251//659 1271//659
f 1267//1251 1273//1251 1274//1251
f 1266//1252 1273//1252 1267//1252
f 1272//1249 1274//1249 1275//1249
f 1267//1247 1274//1247 1272//1247
f 1236//1237 1276//1237 1266//1237
f 1265//2076 1236//2076 1266//2076
f 1266//1248 1276//1248 1273//1248
f 1226//1225 1236//1225 1265//1225
f 1270//2077 1277//2077 1251//2077
f 1270//2078 1275//2078 1277//2078
f 1272//1250 1275//1250 1270//1250
f 1251//2079 1277//2079 1263//2079
f 1271//659 1251//659 1253//659
f 1278//956 1234//956 1233//956
f 1271//1282 1279//1282 1269//1282
f 1279//1281 1280//1281 1269//1281
f 1269//1283 1280//1283 1268//1283
f 1271//2080 1281//2080 1279//2080
f 1253//2081 1281//2081 1271//2081
f 1280//954 1278//954 1268//954
f 1268//957 1278//957 1233//957
f 1282//2082 1281//2082 1253//2082
f 1282//2083 1253//2083 1254//2083
f 1264//2084 1282//2084 1254//2084
f 1263//2085 1245//2085 1246//2085
f 1246//2086 1256//2086 1263//2086
f 1256//2087 1259//2087 1263//2087
f 1259//2088 1252//2088 1263//2088
f 1245//2089 1283//2089 887//2089
f 1245//2090 1284//2090 1283//2090
f 1284//2091 1285//2091 1283//2091
f 1277//2092 1284//2092 1263//2092
f 1286//2092 1284//2092 1277//2092
f 1284//943 1245//943 1263//943
f 1284//2093 1286//2093 1285//2093
f 1283//935 1264//935 884//935
f 1283//1299 1282//1299 1264//1299
f 1283//1299 1285//1299 1282//1299
f 887//935 1283//935 884//935
f 1110//1334 1112//1334 1287//1334
f 1287//2094 1112//2094 1288//2094
f 1112//2095 1122//2095 1288//2095
f 1287//2096 1288//2096 1081//2096
f 1078//2097 1287//2097 1081//2097
f 1069//2098 1287//2098 1078//2098
f 1081//2096 1288//2096 1289//2096
f 1069//2099 1071//2099 1287//2099
f 1071//1330 1108//1330 1287//1330
f 1108//1331 1110//1331 1287//1331
f 1288//2100 1290//2100 1289//2100
f 1288//2101 1122//2101 1291//2101
f 1288//2102 1291//2102 1292//2102
f 1288//2103 1292//2103 1290//2103
f 1290//2104 1292//2104 1293//2104
f 1294//2105 1127//2105 1289//2105
f 1289//2106 1109//2106 1081//2106
f 1289//2107 1127//2107 1109//2107
f 1295//2108 1296//2108 1297//2108
f 1289//1206 1290//1206 1298//1206
f 1290//1207 1299//1207 1298//1207
f 1296//2109 1300//2109 1297//2109
f 1300//2110 1301//2110 1297//2110
f 1297//2111 1302//2111 1298//2111
f 1301//2112 1302//2112 1297//2112
f 1298//1222 1299//1222 1297//1222
f 1302//2113 1303//2113 1298//2113
f 1302//2114 1304//2114 1303//2114
f 1304//2114 1293//2114 1303//2114
f 1298//1346 1305//1346 1289//1346
f 1303//1345 1305//1345 1298//1345
f 1305//2115 1294//2115 1289//2115
f 1303//1365 1292//1365 1305//1365
f 1293//1362 1292//1362 1303//1362
f 1306//1197 1236//1197 1307//1197
f 1308//2116 1309//2116 1307//2116
f 1307//1197 1236//1197 1235//1197
f 1310//2117 1306//2117 1309//2117
f 1309//2118 1306//2118 1307//2118
f 1311//2119 1310//2119 1295//2119
f 1312//2120 1295//2120 1313//2120
f 1295//2119 1310//2119 1309//2119
f 1313//2121 1295//2121 1309//2121
f 1313//2122 1309//2122 1314//2122
f 1314//2123 1309//2123 1315//2123
f 1315//2124 1309//2124 1308//2124
f 1299//1221 1311//1221 1297//1221
f 1297//1221 1311//1221 1295//1221
f 1236//1242 1306//1242 1316//1242
f 1310//1261 1311//1261 1317//1261
f 1317//1267 1311//1267 1318//1267
f 1236//1243 1316//1243 1319//1243
f 1320//1260 1310//1260 1317//1260
f 1306//1256 1321//1256 1322//1256
f 1323//1259 1310//1259 1320//1259
f 1321//1258 1310//1258 1323//1258
f 1306//1257 1310//1257 1321//1257
f 1306//1255 1322//1255 1316//1255
f 1324//1262 1308//1262 1307//1262
f 1325//1263 1324//1263 1307//1263
f 1325//985 1322//985 1324//985
f 1234//1238 1326//1238 1235//1238
f 1325//1244 1307//1244 1235//1244
f 1326//1240 1325//1240 1235//1240
f 1317//1137 1318//1137 1313//1137
f 1308//988 1321//988 1315//988
f 1322//624 1321//624 1308//624
f 1315//741 1323//741 1314//741
f 1321//988 1323//988 1315//988
f 1323//741 1320//741 1314//741
f 1320//699 1317//699 1314//699
f 1314//700 1317//700 1313//700
f 1324//624 1322//624 1308//624
f 1313//991 1318//991 1312//991
f 1290//2125 1327//2125 1299//2125
f 1290//2126 1304//2126 1327//2126
f 1299//1203 1328//1203 1329//1203
f 1311//1201 1329//1201 1330//1201
f 1290//1354 1293//1354 1304//1354
f 1299//1200 1329//1200 1311//1200
f 1299//1199 1327//1199 1328//1199
f 1331//686 1330//686 1296//686
f 1332//1133 1330//1133 1331//1133
f 1328//1024 1327//1024 1300//1024
f 1301//2127 1304//2127 1302//2127
f 1327//1363 1304//1363 1301//1363
f 1330//1971 1329//1971 1296//1971
f 1296//1368 1328//1368 1300//1368
f 1329//1368 1328//1368 1296//1368
f 1300//890 1327//890 1301//890
f 1311//1268 1330//1268 1318//1268
f 1330//1412 1332//1412 1318//1412
f 1333//2128 1334//2128 1335//2128
f 1335//2129 1336//2129 1337//2129
f 1318//1411 1332//1411 1333//1411
f 1332//1410 1334//1410 1333//1410
f 1334//2130 1336//2130 1335//2130
f 1338//2131 1332//2131 1331//2131
f 1331//2132 1296//2132 1295//2132
f 1339//2133 1340//2133 1341//2133
f 1341//1416 1340//1416 1338//1416
f 1312//1415 1338//1415 1331//1415
f 1341//1416 1338//1416 1312//1416
f 1342//2134 1343//2134 1344//2134
f 1339//2135 1344//2135 1340//2135
f 1312//2136 1331//2136 1295//2136
f 1340//2137 1334//2137 1338//2137
f 1342//1439 1344//1439 1339//1439
f 1334//2138 1332//2138 1338//2138
f 1126//2139 1129//2139 1345//2139
f 1129//2140 1346//2140 1345//2140
f 1132//2141 1346//2141 1129//2141
f 1132//2142 1134//2142 1346//2142
f 1347//1339 1126//1339 1345//1339
f 1124//2143 1126//2143 1347//2143
f 1348//2144 1124//2144 1347//2144
f 1291//1336 1122//1336 1348//1336
f 1122//2145 1124//2145 1348//2145
f 1097//2146 1136//2146 1349//2146
f 1349//2147 1136//2147 1350//2147
f 1097//2148 1096//2148 1136//2148
f 1097//2149 1349//2149 1134//2149
f 1095//2150 1096//2150 1097//2150
f 1349//2151 1351//2151 1346//2151
f 1346//2152 1351//2152 1352//2152
f 1134//2153 1349//2153 1346//2153
f 1353//2154 1354//2154 1350//2154
f 1137//2155 1350//2155 1136//2155
f 1137//2156 1353//2156 1350//2156
f 1351//2157 1355//2157 1352//2157
f 1355//2158 1354//2158 1356//2158
f 1351//2159 1354//2159 1355//2159
f 1351//2160 1350//2160 1354//2160
f 1349//2161 1350//2161 1351//2161
f 1357//2162 1123//2162 1125//2162
f 1358//2163 1130//2163 1359//2163
f 1359//2164 1130//2164 1123//2164
f 1359//2165 1123//2165 1357//2165
f 1360//2166 1125//2166 1127//2166
f 1357//1350 1125//1350 1360//1350
f 1360//2167 1127//2167 1294//2167
f 1305//989 1291//989 1294//989
f 1359//1772 1361//1772 1358//1772
f 1345//1772 1361//1772 1359//1772
f 1292//986 1291//986 1305//986
f 1347//1369 1345//1369 1359//1369
f 1348//702 1347//702 1360//702
f 1357//990 1347//990 1359//990
f 1360//701 1347//701 1357//701
f 1291//1370 1348//1370 1294//1370
f 1294//1371 1348//1371 1360//1371
f 1362//2168 1363//2168 1364//2168
f 1130//2169 1353//2169 1128//2169
f 1358//2170 1353//2170 1130//2170
f 1353//2171 1137//2171 1128//2171
f 1365//2172 1353//2172 1358//2172
f 1364//2173 1353//2173 1365//2173
f 1363//2174 1353//2174 1364//2174
f 1361//2175 1346//2175 1366//2175
f 1366//2176 1346//2176 1352//2176
f 1345//2177 1346//2177 1361//2177
f 1344//2178 1334//2178 1340//2178
f 1365//1376 1367//1376 1364//1376
f 1361//1372 1366//1372 1358//1372
f 1368//2179 1369//2179 1362//2179
f 1364//647 1368//647 1362//647
f 1358//1372 1366//1372 1365//1372
f 1366//1374 1367//1374 1365//1374
f 1367//649 1368//649 1364//649
f 1362//2179 1369//2179 1370//2179
f 1371//1053 1372//1053 1373//1053
f 1373//915 1372//915 1374//915
f 1375//1382 1371//1382 1376//1382
f 1370//1596 1377//1596 1378//1596
f 1376//1381 1371//1381 1373//1381
f 1378//1379 1375//1379 1376//1379
f 1377//2180 1375//2180 1378//2180
f 1369//2181 1377//2181 1370//2181
f 1343//2182 1336//2182 1344//2182
f 1379//1052 1380//1052 1381//1052
f 1372//669 1379//669 1374//669
f 1374//667 1379//667 1381//667
f 1336//2178 1334//2178 1344//2178
f 1380//1135 1382//1135 1383//1135
f 1381//1052 1380//1052 1383//1052
f 1383//1135 1382//1135 1343//1135
f 1382//662 1336//662 1343//662
f 1377//2183 1384//2183 1375//2183
f 1369//2184 1384//2184 1377//2184
f 1371//2185 1385//2185 1372//2185
f 1371//2186 1384//2186 1385//2186
f 1379//2187 1385//2187 1380//2187
f 1372//2188 1385//2188 1379//2188
f 1375//2189 1384//2189 1371//2189
f 1386//2190 1387//2190 1381//2190
f 1381//2191 1387//2191 1374//2191
f 1374//2192 1387//2192 1373//2192
f 1386//2193 1381//2193 1383//2193
f 1386//2194 1383//2194 1343//2194
f 1342//2195 1386//2195 1343//2195
f 1366//2196 1352//2196 1367//2196
f 1352//2157 1355//2157 1384//2157
f 1369//2197 1352//2197 1384//2197
f 1368//2198 1352//2198 1369//2198
f 1367//2199 1352//2199 1368//2199
f 1363//1407 1388//1407 1356//1407
f 1353//2154 1363//2154 1354//2154
f 1363//1407 1356//1407 1354//1407
f 1378//2200 1388//2200 1370//2200
f 1388//2201 1363//2201 1370//2201
f 1370//2202 1363//2202 1362//2202
f 1376//2203 1388//2203 1378//2203
f 1387//2204 1388//2204 1373//2204
f 1373//2205 1388//2205 1376//2205
f 1236//1236 1319//1236 1276//1236
f 1280//1265 1273//1265 1278//1265
f 1276//1264 1319//1264 1326//1264
f 1326//2206 1319//2206 1325//2206
f 1273//2207 1276//2207 1234//2207
f 1234//1264 1276//1264 1326//1264
f 1316//985 1322//985 1325//985
f 1278//1366 1273//1366 1234//1366
f 1319//2208 1316//2208 1325//2208
f 1274//1265 1273//1265 1280//1265
f 1389//1741 1275//1741 1279//1741
f 1279//2209 1275//2209 1280//2209
f 1390//641 1389//641 1281//641
f 1275//686 1274//686 1280//686
f 1281//2210 1389//2210 1279//2210
f 1275//2211 1389//2211 1277//2211
f 1391//2212 1392//2212 1393//2212
f 1277//2213 1390//2213 1393//2213
f 1389//2214 1390//2214 1277//2214
f 1392//2215 1394//2215 1393//2215
f 1390//2216 1391//2216 1393//2216
f 1395//2217 1281//2217 1282//2217
f 1392//662 1391//662 1396//662
f 1391//1136 1390//1136 1396//1136
f 1396//1136 1390//1136 1397//1136
f 1397//641 1390//641 1281//641
f 1398//1135 1392//1135 1399//1135
f 1394//1134 1392//1134 1398//1134
f 1399//662 1392//662 1396//662
f 1395//2218 1396//2218 1397//2218
f 1395//2219 1397//2219 1281//2219
f 1400//2220 1399//2220 1395//2220
f 1395//2221 1399//2221 1396//2221
f 1312//993 1333//993 1341//993
f 1342//1271 1401//1271 1402//1271
f 1335//759 1337//759 1339//759
f 1339//649 1337//649 1342//649
f 1337//1272 1401//1272 1342//1272
f 1333//1376 1335//1376 1341//1376
f 1318//992 1333//992 1312//992
f 1341//1374 1335//1374 1339//1374
f 1403//1307 1394//1307 1404//1307
f 1404//1308 1394//1308 1398//1308
f 1405//667 1403//667 1404//667
f 1406//667 1403//667 1405//667
f 1407//1053 1406//1053 1405//1053
f 1408//1279 1409//1279 1410//1279
f 1409//1280 1411//1280 1410//1280
f 1401//1246 1412//1246 1402//1246
f 1412//1279 1409//1279 1408//1279
f 1410//1280 1411//1280 1407//1280
f 1402//655 1412//655 1408//655
f 1411//1053 1406//1053 1407//1053
f 1403//2222 1406//2222 1413//2222
f 1394//2223 1413//2223 1393//2223
f 1409//2224 1414//2224 1411//2224
f 1412//2225 1414//2225 1409//2225
f 1403//2226 1413//2226 1394//2226
f 1401//2227 1414//2227 1412//2227
f 1411//2228 1414//2228 1413//2228
f 1406//2229 1411//2229 1413//2229
f 1407//2230 1415//2230 1410//2230
f 1400//2231 1415//2231 1404//2231
f 1405//2232 1415//2232 1407//2232
f 1404//2233 1415//2233 1405//2233
f 1400//2234 1404//2234 1398//2234
f 1400//2235 1398//2235 1399//2235
f 1416//2236 1400//2236 1395//2236
f 1416//2236 1417//2236 1400//2236
f 1285//2237 1395//2237 1282//2237
f 1285//2237 1416//2237 1395//2237
f 1286//2238 1416//2238 1285//2238
f 1286//2239 1418//2239 1416//2239
f 1393//2240 1286//2240 1277//2240
f 1418//2241 1286//2241 1393//2241
f 1418//2242 1417//2242 1416//2242
f 1418//2243 1419//2243 1417//2243
f 1419//2244 1418//2244 1413//2244
f 1413//2245 1418//2245 1393//2245
f 1420//1465 1419//1465 1414//1465
f 1414//2246 1419//2246 1413//2246
f 1419//2247 1421//2247 1417//2247
f 1419//2248 1420//2248 1421//2248
f 1417//2249 1415//2249 1400//2249
f 1417//2250 1421//2250 1415//2250
f 1337//2251 1336//2251 1422//2251
f 1336//2252 1382//2252 1422//2252
f 1382//2253 1380//2253 1422//2253
f 1380//2254 1385//2254 1422//2254
f 1423//2255 1355//2255 1424//2255
f 1355//2256 1356//2256 1424//2256
f 1424//1440 1356//1440 1388//1440
f 1425//2257 1424//2257 1387//2257
f 1424//1440 1388//1440 1387//1440
f 1384//2258 1423//2258 1385//2258
f 1355//2258 1423//2258 1384//2258
f 1385//2259 1426//2259 1422//2259
f 1423//2260 1426//2260 1385//2260
f 1420//2261 1427//2261 1421//2261
f 1426//2262 1420//2262 1422//2262
f 1420//2263 1426//2263 1427//2263
f 1426//2264 1425//2264 1427//2264
f 1426//2265 1423//2265 1425//2265
f 1423//2266 1424//2266 1425//2266
f 1415//2267 1428//2267 1410//2267
f 1408//2268 1428//2268 1402//2268
f 1410//2269 1428//2269 1408//2269
f 1422//2262 1420//2262 1414//2262
f 1401//2270 1422//2270 1414//2270
f 1402//2271 1386//2271 1342//2271
f 1337//2272 1422//2272 1401//2272
f 1428//2273 1386//2273 1402//2273
f 1421//2274 1427//2274 1428//2274
f 1421//2275 1428//2275 1415//2275
f 1427//2276 1425//2276 1386//2276
f 1427//2277 1386//2277 1428//2277
f 1425//2257 1387//2257 1386//2257
# Vertices: 1428, normals: 2277, texture coordinates: 0, faces: 2940

